time,ax_filtered,ay_filtered,az_filtered,wx_filtered,wy_filtered,wz_filtered
0.000,-0.358173,-0.973004,6.870401,19.215001,-18.830000,8.435000
0.010,-0.358173,-0.973004,6.870401,19.215001,-18.830000,8.435000
0.020,-0.358173,-0.973004,6.870401,19.215001,-18.830000,8.435000
0.030,-0.358173,-0.973004,6.870401,19.215001,-18.830000,8.435000
0.040,-0.358173,-0.973004,6.870401,19.215001,-18.830000,8.435000
0.050,-0.358173,-0.973004,6.870401,19.215001,-18.830000,8.435000
0.060,-0.358173,-0.973004,6.870401,19.215001,-18.830000,8.435000
0.070,-0.358173,-0.973004,6.870401,19.215001,-18.830000,8.435000
0.080,-0.358173,-0.973004,6.870401,19.215001,-18.830000,8.435000
0.090,-0.358173,-0.973004,6.870401,19.215001,-18.830000,8.435000
0.100,-0.358173,-0.973004,6.870401,19.215001,-18.830000,8.435000
0.110,-0.358173,-0.973004,6.870401,19.215001,-18.830000,8.435000
0.120,-0.358173,-0.973004,6.870401,19.215001,-18.830000,8.435000
0.130,-0.358173,-0.973004,6.870401,19.215001,-18.830000,8.435000
0.140,-0.358173,-0.973004,6.870401,19.215001,-18.830000,8.435000
0.150,-0.358173,-0.973004,6.870401,19.215001,-18.830000,8.435000
0.160,-0.358173,-0.973004,6.870401,19.215001,-18.830000,8.435000
0.170,1.764814,-1.766729,7.476805,19.215001,-18.830000,8.435000
0.180,1.764814,-1.766729,7.476805,19.215001,-18.830000,8.435000
0.190,1.764814,-1.766729,7.476805,19.215001,-18.830000,8.435000
0.200,1.764814,-1.766729,7.476805,19.215001,-18.830000,8.435000
0.210,1.764814,-1.766729,7.476805,19.215001,-18.830000,8.435000
0.220,1.764814,-1.766729,7.476805,19.215001,-18.830000,8.435000
0.230,1.764814,-1.766729,7.476805,19.215001,-18.830000,8.435000
0.240,1.764814,-1.766729,7.476805,19.215001,-18.830000,8.435000
0.250,1.764814,-1.766729,7.476805,19.215001,-18.830000,8.435000
0.260,1.764814,-1.766729,7.476805,19.215001,-18.830000,8.435000
0.270,1.764814,-1.766729,7.476805,19.215001,-18.830000,8.435000
0.280,1.764814,-1.766729,7.476805,19.215001,-18.830000,8.435000
0.290,1.764814,-1.766729,7.476805,19.215001,-18.830000,8.435000
0.300,1.764814,-1.766729,7.476805,19.215001,-18.830000,8.435000
0.310,1.764814,-1.766729,7.476805,19.215001,-18.830000,8.435000
0.320,1.764814,-1.766729,7.476805,19.215001,-18.830000,8.435000
0.330,-1.058965,-1.476590,7.910213,19.215001,-18.830000,8.435000
0.340,-1.058965,-1.476590,7.910213,19.215001,-18.830000,8.435000
0.350,-1.058965,-1.476590,7.910213,19.215001,-18.830000,8.435000
0.360,-1.058965,-1.476590,7.910213,19.215001,-18.830000,8.435000
0.370,-1.058965,-1.476590,7.910213,19.215001,-18.830000,8.435000
0.380,-1.058965,-1.476590,7.910213,19.215001,-18.830000,8.435000
0.390,-1.058965,-1.476590,7.910213,19.215001,-18.830000,8.435000
0.400,-1.058965,-1.476590,7.910213,19.215001,-18.830000,8.435000
0.410,-1.058965,-1.476590,7.910213,18.165001,-127.609995,-52.569999
0.420,-1.058965,-1.476590,7.910213,18.165001,-127.609995,-52.569999
0.430,-1.058965,-1.476590,7.910213,18.165001,-127.609995,-52.569999
0.440,-1.058965,-1.476590,7.910213,18.165001,-127.609995,-52.569999
0.450,-1.058965,-1.476590,7.910213,18.165001,-127.609995,-52.569999
0.460,-1.058965,-1.476590,7.910213,18.165001,-127.609995,-52.569999
0.470,-1.058965,-1.476590,7.910213,18.165001,-127.609995,-52.569999
0.480,-1.058965,-1.476590,7.910213,18.165001,-127.609995,-52.569999
0.490,2.809253,-1.847818,-3.246721,18.165001,-127.609995,-52.569999
0.500,2.809253,-1.847818,-3.246721,18.165001,-127.609995,-52.569999
0.510,2.809253,-1.847818,-3.246721,18.165001,-127.609995,-52.569999
0.520,2.809253,-1.847818,-3.246721,18.165001,-127.609995,-52.569999
0.530,2.809253,-1.847818,-3.246721,18.165001,-127.609995,-52.569999
0.540,2.809253,-1.847818,-3.246721,18.165001,-127.609995,-52.569999
0.550,2.809253,-1.847818,-3.246721,18.165001,-127.609995,-52.569999
0.560,2.809253,-1.847818,-3.246721,18.165001,-127.609995,-52.569999
0.570,2.809253,-1.847818,-3.246721,-152.390003,-127.609995,-10.360000
0.580,2.809253,-1.847818,-3.246721,-152.390003,-127.609995,-10.360000
0.590,2.809253,-1.847818,-3.246721,-152.390003,-127.609995,-10.360000
0.600,2.809253,-1.847818,-3.246721,-152.390003,-127.609995,-10.360000
0.610,2.809253,-1.847818,-3.246721,-152.390003,-127.609995,-10.360000
0.620,2.809253,-1.847818,-3.246721,-152.390003,-127.609995,-10.360000
0.630,2.809253,-1.847818,-3.246721,-152.390003,-127.609995,-10.360000
0.640,2.809253,-1.847818,-3.246721,-152.390003,-127.609995,-10.360000
0.650,3.329581,-8.084336,-2.714214,-152.390003,-127.609995,-10.360000
0.660,3.329581,-8.084336,-2.714214,-152.390003,-127.609995,-10.360000
0.670,3.329581,-8.084336,-2.714214,-152.390003,-127.609995,-10.360000
0.680,3.329581,-8.084336,-2.714214,-152.390003,-127.609995,-10.360000
0.690,3.329581,-8.084336,-2.714214,-152.390003,-127.609995,-10.360000
0.700,3.329581,-8.084336,-2.714214,-152.390003,-127.609995,-10.360000
0.710,3.329581,-8.084336,-2.714214,-152.390003,-127.609995,-10.360000
0.720,3.329581,-8.084336,-2.714214,-152.390003,-127.609995,-10.360000
0.730,3.329581,-8.084336,-2.714214,-165.305003,21.070000,20.930000
0.740,3.329581,-8.084336,-2.714214,-165.305003,21.070000,20.930000
0.750,3.329581,-8.084336,-2.714214,-165.305003,21.070000,20.930000
0.760,3.329581,-8.084336,-2.714214,-165.305003,21.070000,20.930000
0.770,3.329581,-8.084336,-2.714214,-165.305003,21.070000,20.930000
0.780,3.329581,-8.084336,-2.714214,-165.305003,21.070000,20.930000
0.790,3.329581,-8.084336,-2.714214,-165.305003,21.070000,20.930000
0.800,3.329581,-8.084336,-2.714214,-165.305003,21.070000,20.930000
0.810,-1.379663,-5.126716,3.519167,-165.305003,21.070000,20.930000
0.820,-1.379663,-5.126716,3.519167,-165.305003,21.070000,20.930000
0.830,-1.379663,-5.126716,3.519167,-165.305003,21.070000,20.930000
0.840,-1.379663,-5.126716,3.519167,-165.305003,21.070000,20.930000
0.850,-1.379663,-5.126716,3.519167,-165.305003,21.070000,20.930000
0.860,-1.379663,-5.126716,3.519167,-165.305003,21.070000,20.930000
0.870,-1.379663,-5.126716,3.519167,-165.305003,21.070000,20.930000
0.880,-1.379663,-5.126716,3.519167,-165.305003,21.070000,20.930000
0.890,-1.379663,-5.126716,3.519167,-75.530001,424.760012,154.524998
0.900,-1.379663,-5.126716,3.519167,-75.530001,424.760012,154.524998
0.910,-1.379663,-5.126716,3.519167,-75.530001,424.760012,154.524998
0.920,-1.379663,-5.126716,3.519167,-75.530001,424.760012,154.524998
0.930,-1.379663,-5.126716,3.519167,-75.530001,424.760012,154.524998
0.940,-1.379663,-5.126716,3.519167,-75.530001,424.760012,154.524998
0.950,-1.379663,-5.126716,3.519167,-75.530001,424.760012,154.524998
0.960,-1.379663,-5.126716,3.519167,-75.530001,424.760012,154.524998
0.970,-10.693944,-3.436742,5.125260,-75.530001,424.760012,154.524998
0.980,-10.693944,-3.436742,5.125260,-75.530001,424.760012,154.524998
0.990,-10.693944,-3.436742,5.125260,-75.530001,424.760012,154.524998
1.000,-10.693944,-3.436742,5.125260,-75.530001,424.760012,154.524998
1.010,-10.693944,-3.436742,5.125260,-75.530001,424.760012,154.524998
1.020,-10.693944,-3.436742,5.125260,-75.530001,424.760012,154.524998
1.030,-10.693944,-3.436742,5.125260,-75.530001,424.760012,154.524998
1.040,-10.693944,-3.436742,5.125260,-75.530001,424.760012,154.524998
1.050,-10.693944,-3.436742,5.125260,57.645000,316.749995,236.599993
1.060,-10.693944,-3.436742,5.125260,57.645000,316.749995,236.599993
1.070,-10.693944,-3.436742,5.125260,57.645000,316.749995,236.599993
1.080,-10.693944,-3.436742,5.125260,57.645000,316.749995,236.599993
1.090,-10.693944,-3.436742,5.125260,57.645000,316.749995,236.599993
1.100,-10.693944,-3.436742,5.125260,57.645000,316.749995,236.599993
1.110,-10.693944,-3.436742,5.125260,57.645000,316.749995,236.599993
1.120,-10.693944,-3.436742,5.125260,57.645000,316.749995,236.599993
1.130,-10.798044,0.194517,3.393440,57.645000,316.749995,236.599993
1.140,-10.798044,0.194517,3.393440,57.645000,316.749995,236.599993
1.150,-10.798044,0.194517,3.393440,57.645000,316.749995,236.599993
1.160,-10.798044,0.194517,3.393440,57.645000,316.749995,236.599993
1.170,-10.798044,0.194517,3.393440,57.645000,316.749995,236.599993
1.180,-10.798044,0.194517,3.393440,57.645000,316.749995,236.599993
1.190,-10.798044,0.194517,3.393440,57.645000,316.749995,236.599993
1.200,-10.798044,0.194517,3.393440,57.645000,316.749995,236.599993
1.210,-10.798044,0.194517,3.393440,19.635001,30.100002,304.044997
1.220,-10.798044,0.194517,3.393440,19.635001,30.100002,304.044997
1.230,-10.798044,0.194517,3.393440,19.635001,30.100002,304.044997
1.240,-10.798044,0.194517,3.393440,19.635001,30.100002,304.044997
1.250,-10.798044,0.194517,3.393440,19.635001,30.100002,304.044997
1.260,-10.798044,0.194517,3.393440,19.635001,30.100002,304.044997
1.270,-10.798044,0.194517,3.393440,19.635001,30.100002,304.044997
1.280,-10.798044,0.194517,3.393440,19.635001,30.100002,304.044997
1.290,-0.500065,10.552195,-2.090890,19.635001,30.100002,304.044997
1.300,-0.500065,10.552195,-2.090890,19.635001,30.100002,304.044997
1.310,-0.500065,10.552195,-2.090890,19.635001,30.100002,304.044997
1.320,-0.500065,10.552195,-2.090890,19.635001,30.100002,304.044997
1.330,-0.500065,10.552195,-2.090890,19.635001,30.100002,304.044997
1.340,-0.500065,10.552195,-2.090890,19.635001,30.100002,304.044997
1.350,-0.500065,10.552195,-2.090890,19.635001,30.100002,304.044997
1.360,-0.500065,10.552195,-2.090890,19.635001,30.100002,304.044997
1.370,-0.500065,10.552195,-2.090890,-50.680000,-106.154998,102.550004
1.380,-0.500065,10.552195,-2.090890,-50.680000,-106.154998,102.550004
1.390,-0.500065,10.552195,-2.090890,-50.680000,-106.154998,102.550004
1.400,-0.500065,10.552195,-2.090890,-50.680000,-106.154998,102.550004
1.410,-0.500065,10.552195,-2.090890,-50.680000,-106.154998,102.550004
1.420,-0.500065,10.552195,-2.090890,-50.680000,-106.154998,102.550004
1.430,-0.500065,10.552195,-2.090890,-50.680000,-106.154998,102.550004
1.440,-0.500065,10.552195,-2.090890,-50.680000,-106.154998,102.550004
1.450,5.081713,7.210178,-0.975521,-50.680000,-106.154998,102.550004
1.460,5.081713,7.210178,-0.975521,-50.680000,-106.154998,102.550004
1.470,5.081713,7.210178,-0.975521,-50.680000,-106.154998,102.550004
1.480,5.081713,7.210178,-0.975521,-50.680000,-106.154998,102.550004
1.490,5.081713,7.210178,-0.975521,-50.680000,-106.154998,102.550004
1.500,5.081713,7.210178,-0.975521,-50.680000,-106.154998,102.550004
1.510,5.081713,7.210178,-0.975521,-50.680000,-106.154998,102.550004
1.520,5.081713,7.210178,-0.975521,-50.680000,-106.154998,102.550004
1.530,5.081713,7.210178,-0.975521,29.119999,-160.684995,-182.280004
1.540,5.081713,7.210178,-0.975521,29.119999,-160.684995,-182.280004
1.550,5.081713,7.210178,-0.975521,29.119999,-160.684995,-182.280004
1.560,5.081713,7.210178,-0.975521,29.119999,-160.684995,-182.280004
1.570,5.081713,7.210178,-0.975521,29.119999,-160.684995,-182.280004
1.580,5.081713,7.210178,-0.975521,29.119999,-160.684995,-182.280004
1.590,5.081713,7.210178,-0.975521,29.119999,-160.684995,-182.280004
1.600,5.081713,7.210178,-0.975521,29.119999,-160.684995,-182.280004
1.610,-7.595350,-18.616322,-9.357405,29.119999,-160.684995,-182.280004
1.620,-7.595350,-18.616322,-9.357405,29.119999,-160.684995,-182.280004
1.630,-7.595350,-18.616322,-9.357405,29.119999,-160.684995,-182.280004
1.640,-7.595350,-18.616322,-9.357405,29.119999,-160.684995,-182.280004
1.650,-7.595350,-18.616322,-9.357405,29.119999,-160.684995,-182.280004
1.660,-7.595350,-18.616322,-9.357405,29.119999,-160.684995,-182.280004
1.670,-7.595350,-18.616322,-9.357405,29.119999,-160.684995,-182.280004
1.680,-7.595350,-18.616322,-9.357405,29.119999,-160.684995,-182.280004
1.690,-7.595350,-18.616322,-9.357405,-60.935000,-545.300010,-252.489991
1.700,-7.595350,-18.616322,-9.357405,-60.935000,-545.300010,-252.489991
1.710,-7.595350,-18.616322,-9.357405,-60.935000,-545.300010,-252.489991
1.720,-7.595350,-18.616322,-9.357405,-60.935000,-545.300010,-252.489991
1.730,-7.595350,-18.616322,-9.357405,-60.935000,-545.300010,-252.489991
1.740,-7.595350,-18.616322,-9.357405,-60.935000,-545.300010,-252.489991
1.750,-7.595350,-18.616322,-9.357405,-60.935000,-545.300010,-252.489991
1.760,-7.595350,-18.616322,-9.357405,-60.935000,-545.300010,-252.489991
1.770,10.495426,1.264930,0.409196,-60.935000,-545.300010,-252.489991
1.780,10.495426,1.264930,0.409196,-60.935000,-545.300010,-252.489991
1.790,10.495426,1.264930,0.409196,-60.935000,-545.300010,-252.489991
1.800,10.495426,1.264930,0.409196,-60.935000,-545.300010,-252.489991
1.810,10.495426,1.264930,0.409196,-60.935000,-545.300010,-252.489991
1.820,10.495426,1.264930,0.409196,-60.935000,-545.300010,-252.489991
1.830,10.495426,1.264930,0.409196,-60.935000,-545.300010,-252.489991
1.840,10.495426,1.264930,0.409196,-60.935000,-545.300010,-252.489991
1.850,10.495426,1.264930,0.409196,-33.530000,-121.170001,75.950003
1.860,10.495426,1.264930,0.409196,-33.530000,-121.170001,75.950003
1.870,10.495426,1.264930,0.409196,-33.530000,-121.170001,75.950003
1.880,10.495426,1.264930,0.409196,-33.530000,-121.170001,75.950003
1.890,10.495426,1.264930,0.409196,-33.530000,-121.170001,75.950003
1.900,10.495426,1.264930,0.409196,-33.530000,-121.170001,75.950003
1.910,10.495426,1.264930,0.409196,-33.530000,-121.170001,75.950003
1.920,10.495426,1.264930,0.409196,-33.530000,-121.170001,75.950003
1.930,7.442491,-0.660166,2.537684,-33.530000,-121.170001,75.950003
1.940,7.442491,-0.660166,2.537684,-33.530000,-121.170001,75.950003
1.950,7.442491,-0.660166,2.537684,-33.530000,-121.170001,75.950003
1.960,7.442491,-0.660166,2.537684,-33.530000,-121.170001,75.950003
1.970,7.442491,-0.660166,2.537684,-33.530000,-121.170001,75.950003
1.980,7.442491,-0.660166,2.537684,-33.530000,-121.170001,75.950003
1.990,7.442491,-0.660166,2.537684,-33.530000,-121.170001,75.950003
2.000,7.442491,-0.660166,2.537684,-33.530000,-121.170001,75.950003
2.010,7.442491,-0.660166,2.537684,-42.525000,-33.879999,74.025003
2.020,7.442491,-0.660166,2.537684,-42.525000,-33.879999,74.025003
2.030,7.442491,-0.660166,2.537684,-42.525000,-33.879999,74.025003
2.040,7.442491,-0.660166,2.537684,-42.525000,-33.879999,74.025003
2.050,7.442491,-0.660166,2.537684,-42.525000,-33.879999,74.025003
2.060,7.442491,-0.660166,2.537684,-42.525000,-33.879999,74.025003
2.070,7.442491,-0.660166,2.537684,-42.525000,-33.879999,74.025003
2.080,7.442491,-0.660166,2.537684,-42.525000,-33.879999,74.025003
2.090,5.197426,-0.371074,0.915407,-42.525000,-33.879999,74.025003
2.100,5.197426,-0.371074,0.915407,-42.525000,-33.879999,74.025003
2.110,5.197426,-0.371074,0.915407,-42.525000,-33.879999,74.025003
2.120,5.197426,-0.371074,0.915407,-42.525000,-33.879999,74.025003
2.130,5.197426,-0.371074,0.915407,-42.525000,-33.879999,74.025003
2.140,5.197426,-0.371074,0.915407,-42.525000,-33.879999,74.025003
2.150,5.197426,-0.371074,0.915407,-42.525000,-33.879999,74.025003
2.160,5.197426,-0.371074,0.915407,-42.525000,-33.879999,74.025003
2.170,5.197426,-0.371074,0.915407,-53.655002,60.724999,60.829999
2.180,5.197426,-0.371074,0.915407,-53.655002,60.724999,60.829999
2.190,5.197426,-0.371074,0.915407,-53.655002,60.724999,60.829999
2.200,5.197426,-0.371074,0.915407,-53.655002,60.724999,60.829999
2.210,5.197426,-0.371074,0.915407,-53.655002,60.724999,60.829999
2.220,5.197426,-0.371074,0.915407,-53.655002,60.724999,60.829999
2.230,5.197426,-0.371074,0.915407,-53.655002,60.724999,60.829999
2.240,5.197426,-0.371074,0.915407,-53.655002,60.724999,60.829999
2.250,-2.367696,-3.518497,2.009871,-53.655002,60.724999,60.829999
2.260,-2.367696,-3.518497,2.009871,-53.655002,60.724999,60.829999
2.270,-2.367696,-3.518497,2.009871,-53.655002,60.724999,60.829999
2.280,-2.367696,-3.518497,2.009871,-53.655002,60.724999,60.829999
2.290,-2.367696,-3.518497,2.009871,-53.655002,60.724999,60.829999
2.300,-2.367696,-3.518497,2.009871,-53.655002,60.724999,60.829999
2.310,-2.367696,-3.518497,2.009871,-53.655002,60.724999,60.829999
2.320,-2.367696,-3.518497,2.009871,-53.655002,60.724999,60.829999
2.330,-2.367696,-3.518497,2.009871,-20.300000,175.665007,77.700000
2.340,-2.367696,-3.518497,2.009871,-20.300000,175.665007,77.700000
2.350,-2.367696,-3.518497,2.009871,-20.300000,175.665007,77.700000
2.360,-2.367696,-3.518497,2.009871,-20.300000,175.665007,77.700000
2.370,-2.367696,-3.518497,2.009871,-20.300000,175.665007,77.700000
2.380,-2.367696,-3.518497,2.009871,-20.300000,175.665007,77.700000
2.390,-2.367696,-3.518497,2.009871,-20.300000,175.665007,77.700000
2.400,-2.367696,-3.518497,2.009871,-20.300000,175.665007,77.700000
2.410,-5.897262,0.732452,1.805179,-20.300000,175.665007,77.700000
2.420,-5.897262,0.732452,1.805179,-20.300000,175.665007,77.700000
2.430,-5.897262,0.732452,1.805179,-20.300000,175.665007,77.700000
2.440,-5.897262,0.732452,1.805179,-20.300000,175.665007,77.700000
2.450,-5.897262,0.732452,1.805179,-20.300000,175.665007,77.700000
2.460,-5.897262,0.732452,1.805179,-20.300000,175.665007,77.700000
2.470,-5.897262,0.732452,1.805179,-20.300000,175.665007,77.700000
2.480,-5.897262,0.732452,1.805179,-20.300000,175.665007,77.700000
2.490,-5.897262,0.732452,1.805179,62.825002,317.870010,106.050004
2.500,-5.897262,0.732452,1.805179,62.825002,317.870010,106.050004
2.510,-5.897262,0.732452,1.805179,62.825002,317.870010,106.050004
2.520,-5.897262,0.732452,1.805179,62.825002,317.870010,106.050004
2.530,-5.897262,0.732452,1.805179,62.825002,317.870010,106.050004
2.540,-5.897262,0.732452,1.805179,62.825002,317.870010,106.050004
2.550,-5.897262,0.732452,1.805179,62.825002,317.870010,106.050004
2.560,-5.897262,0.732452,1.805179,62.825002,317.870010,106.050004
2.570,-11.957875,2.183373,0.716306,62.825002,317.870010,106.050004
2.580,-11.957875,2.183373,0.716306,62.825002,317.870010,106.050004
2.590,-11.957875,2.183373,0.716306,62.825002,317.870010,106.050004
2.600,-11.957875,2.183373,0.716306,62.825002,317.870010,106.050004
2.610,-11.957875,2.183373,0.716306,62.825002,317.870010,106.050004
2.620,-11.957875,2.183373,0.716306,62.825002,317.870010,106.050004
2.630,-11.957875,2.183373,0.716306,62.825002,317.870010,106.050004
2.640,-11.957875,2.183373,0.716306,62.825002,317.870010,106.050004
2.650,-11.957875,2.183373,0.716306,72.660003,146.859995,229.950012
2.660,-11.957875,2.183373,0.716306,72.660003,146.859995,229.950012
2.670,-11.957875,2.183373,0.716306,72.660003,146.859995,229.950012
2.680,-11.957875,2.183373,0.716306,72.660003,146.859995,229.950012
2.690,-4.860258,6.389534,0.573045,72.660003,146.859995,229.950012
2.700,-4.860258,6.389534,0.573045,72.660003,146.859995,229.950012
2.710,-3.865222,6.931221,0.531220,72.660003,146.859995,229.950012
2.720,-3.865222,6.931221,0.531220,72.660003,146.859995,229.950012
2.730,-2.075120,7.420116,0.576289,72.660003,146.859995,229.950012
2.740,-2.075120,7.420116,0.576289,72.660003,146.859995,229.950012
2.750,0.100121,7.225131,0.198627,72.660003,146.859995,229.950012
2.760,0.100121,7.225131,0.198627,72.660003,146.859995,229.950012
2.770,1.922674,5.705405,0.317876,72.660003,146.859995,229.950012
2.780,1.922674,5.705405,0.317876,72.660003,146.859995,229.950012
2.790,3.258134,4.058669,0.145126,72.660003,146.859995,229.950012
2.800,3.258134,4.058669,0.145126,72.660003,146.859995,229.950012
2.810,4.435677,3.087960,-0.132897,-2.275000,-76.579999,199.184996
2.820,4.435677,3.087960,-0.132897,-2.275000,-76.579999,199.184996
2.830,4.366401,2.313309,-0.853308,-2.275000,-76.579999,199.184996
2.840,4.366401,2.313309,-0.853308,-2.275000,-76.579999,199.184996
2.850,3.782340,1.888954,-1.372176,-2.275000,-76.579999,199.184996
2.860,3.782340,1.888954,-1.372176,-2.275000,-76.579999,199.184996
2.870,2.774960,1.139583,-0.917697,-2.275000,-76.579999,199.184996
2.880,2.774960,1.139583,-0.917697,-2.275000,-76.579999,199.184996
2.890,2.244868,0.595632,-0.965917,-2.275000,-76.579999,199.184996
2.900,2.244868,0.595632,-0.965917,-2.275000,-76.579999,199.184996
2.910,1.295985,0.064703,-1.236251,-2.275000,-76.579999,199.184996
2.920,1.295985,0.064703,-1.236251,-2.275000,-76.579999,199.184996
2.930,-0.240758,-1.084047,-1.760891,-2.275000,-76.579999,199.184996
2.940,-0.240758,-1.084047,-1.760891,-2.275000,-76.579999,199.184996
2.950,-0.872560,-2.070085,-2.333832,-2.275000,-76.579999,199.184996
2.960,-0.872560,-2.070085,-2.333832,-2.275000,-76.579999,199.184996
2.970,-0.380098,-2.707601,-1.551031,4.620000,-173.074999,-66.010001
2.980,-0.380098,-2.707601,-1.551031,4.620000,-173.074999,-66.010001
2.990,0.272445,-4.037389,-0.549380,4.620000,-173.074999,-66.010001
3.000,0.272445,-4.037389,-0.549380,4.620000,-173.074999,-66.010001
3.010,-0.057856,-5.794580,-0.284359,4.620000,-173.074999,-66.010001
3.020,-0.057856,-5.794580,-0.284359,4.620000,-173.074999,-66.010001
3.030,-0.693677,-6.901537,-0.756127,4.620000,-173.074999,-66.010001
3.040,-0.693677,-6.901537,-0.756127,4.620000,-173.074999,-66.010001
3.050,-1.213826,-8.468970,-1.485968,4.620000,-173.074999,-66.010001
3.060,-1.213826,-8.468970,-1.485968,4.620000,-173.074999,-66.010001
3.070,-2.652748,-9.682695,-0.844009,4.620000,-173.074999,-66.010001
3.080,-2.652748,-9.682695,-0.844009,4.620000,-173.074999,-66.010001
3.090,-4.395732,-8.922187,-0.711599,4.620000,-173.074999,-66.010001
3.100,-4.395732,-8.922187,-0.711599,4.620000,-173.074999,-66.010001
3.110,-3.842197,-5.586307,1.736816,4.620000,-173.074999,-66.010001
3.120,-3.842197,-5.586307,1.736816,4.620000,-173.074999,-66.010001
3.130,-0.560804,-1.800947,5.285298,-78.049999,-393.120007,-184.169999
3.140,-0.560804,-1.800947,5.285298,-78.049999,-393.120007,-184.169999
3.150,-0.111539,0.894067,4.172692,-78.049999,-393.120007,-184.169999
3.160,-0.111539,0.894067,4.172692,-78.049999,-393.120007,-184.169999
3.170,0.931656,4.323795,-0.777958,-78.049999,-393.120007,-184.169999
3.180,0.931656,4.323795,-0.777958,-78.049999,-393.120007,-184.169999
3.190,2.541934,6.946909,-1.419156,-78.049999,-393.120007,-184.169999
3.200,2.541934,6.946909,-1.419156,-78.049999,-393.120007,-184.169999
3.210,4.310912,2.990943,2.500031,-78.049999,-393.120007,-184.169999
3.220,4.310912,2.990943,2.500031,-78.049999,-393.120007,-184.169999
3.230,4.802890,-2.229013,3.061135,-78.049999,-393.120007,-184.169999
3.240,4.802890,-2.229013,3.061135,-78.049999,-393.120007,-184.169999
3.250,3.664183,-1.668289,1.341829,-78.049999,-393.120007,-184.169999
3.260,3.664183,-1.668289,1.341829,-78.049999,-393.120007,-184.169999
3.270,2.873886,-0.185414,0.364780,-78.049999,-393.120007,-184.169999
3.280,2.873886,-0.185414,0.364780,-78.049999,-393.120007,-184.169999
3.290,3.649438,-0.002764,0.027504,-22.330001,-132.615008,51.659999
3.300,3.649438,-0.002764,0.027504,-22.330001,-132.615008,51.659999
3.310,3.438614,0.855871,0.292069,-22.330001,-132.615008,51.659999
3.320,3.438614,0.855871,0.292069,-22.330001,-132.615008,51.659999
3.330,3.576412,1.332089,-0.666565,-22.330001,-132.615008,51.659999
3.340,3.576412,1.332089,-0.666565,-22.330001,-132.615008,51.659999
3.350,2.660016,0.809012,-0.835879,-22.330001,-132.615008,51.659999
3.360,2.660016,0.809012,-0.835879,-22.330001,-132.615008,51.659999
3.370,2.660016,0.809012,-0.835879,-22.330001,-132.615008,51.659999
3.380,1.907746,-0.270248,-0.929192,-22.330001,-132.615008,51.659999
3.390,3.004856,-0.419226,-0.599702,-22.330001,-132.615008,51.659999
3.400,3.004856,-0.419226,-0.599702,-22.330001,-132.615008,51.659999
3.410,3.154707,-0.705046,0.154223,-22.330001,-132.615008,51.659999
3.420,3.154707,-0.705046,0.154223,-22.330001,-132.615008,51.659999
3.430,1.977887,-1.224837,0.067833,-22.330001,-132.615008,51.659999
3.440,1.977887,-1.224837,0.067833,-22.330001,-132.615008,51.659999
3.450,1.702977,-1.016261,-0.570141,-54.319999,-84.910002,65.240000
3.460,1.702977,-1.016261,-0.570141,-54.319999,-84.910002,65.240000
3.470,1.764608,-0.152209,-0.295223,-54.319999,-84.910002,65.240000
3.480,1.764608,-0.152209,-0.295223,-54.319999,-84.910002,65.240000
3.490,0.720241,-0.177313,0.204355,-54.319999,-84.910002,65.240000
3.500,0.720241,-0.177313,0.204355,-54.319999,-84.910002,65.240000
3.510,0.032230,-0.747104,-0.384310,-54.319999,-84.910002,65.240000
3.520,0.032230,-0.747104,-0.384310,-54.319999,-84.910002,65.240000
3.530,0.276696,-0.557461,-0.441523,-54.319999,-84.910002,65.240000
3.540,0.276696,-0.557461,-0.441523,-54.319999,-84.910002,65.240000
3.550,0.001091,-0.378931,0.020277,-54.319999,-84.910002,65.240000
3.560,0.001091,-0.378931,0.020277,-54.319999,-84.910002,65.240000
3.570,-0.183002,-0.421897,0.393548,-54.319999,-84.910002,65.240000
3.580,-0.183002,-0.421897,0.393548,-54.319999,-84.910002,65.240000
3.590,-1.255396,-0.668875,0.190340,-54.319999,-84.910002,65.240000
3.600,-1.255396,-0.668875,0.190340,-54.319999,-84.910002,65.240000
3.610,-1.827922,-0.602138,-0.313161,-35.910000,25.830000,61.074998
3.620,-1.827922,-0.602138,-0.313161,-35.910000,25.830000,61.074998
3.630,-1.355077,-0.054585,-0.066654,-35.910000,25.830000,61.074998
3.640,-1.355077,-0.054585,-0.066654,-35.910000,25.830000,61.074998
3.650,-0.944241,-0.332887,0.412110,-35.910000,25.830000,61.074998
3.660,-0.944241,-0.332887,0.412110,-35.910000,25.830000,61.074998
3.670,-0.941182,-0.404216,0.007907,-35.910000,25.830000,61.074998
3.680,-0.941182,-0.404216,0.007907,-35.910000,25.830000,61.074998
3.690,-1.729780,0.036715,0.111670,-35.910000,25.830000,61.074998
3.700,-1.729780,0.036715,0.111670,-35.910000,25.830000,61.074998
3.710,-2.249568,-0.303901,0.642876,-35.910000,25.830000,61.074998
3.720,-2.249568,-0.303901,0.642876,-35.910000,25.830000,61.074998
3.730,-1.793908,-0.834967,0.795859,-35.910000,25.830000,61.074998
3.740,-1.793908,-0.834967,0.795859,-35.910000,25.830000,61.074998
3.750,-0.385508,-0.735012,0.362790,-35.910000,25.830000,61.074998
3.760,-0.385508,-0.735012,0.362790,-35.910000,25.830000,61.074998
3.770,-0.599542,-0.350504,0.025912,-17.745001,129.290003,71.085003
3.780,-0.599542,-0.350504,0.025912,-17.745001,129.290003,71.085003
3.790,-1.875932,-0.307218,0.137567,-17.745001,129.290003,71.085003
3.800,-1.875932,-0.307218,0.137567,-17.745001,129.290003,71.085003
3.810,-2.866398,-0.820383,0.550587,-17.745001,129.290003,71.085003
3.820,-2.866398,-0.820383,0.550587,-17.745001,129.290003,71.085003
3.830,-2.714498,-1.142808,0.323632,-17.745001,129.290003,71.085003
3.840,-2.714498,-1.142808,0.323632,-17.745001,129.290003,71.085003
3.850,-2.533602,-0.638435,-0.765812,-17.745001,129.290003,71.085003
3.860,-2.533602,-0.638435,-0.765812,-17.745001,129.290003,71.085003
3.870,-3.409772,0.161544,-0.666280,-17.745001,129.290003,71.085003
3.880,-3.409772,0.161544,-0.666280,-17.745001,129.290003,71.085003
3.890,-3.706567,0.355248,0.348042,-17.745001,129.290003,71.085003
3.900,-3.706567,0.355248,0.348042,-17.745001,129.290003,71.085003
3.910,-4.101063,0.393374,0.623199,-17.745001,129.290003,71.085003
3.920,-4.101063,0.393374,0.623199,-17.745001,129.290003,71.085003
3.930,-4.353453,0.400891,0.266800,-10.640000,266.489994,91.175000
3.940,-4.353453,0.400891,0.266800,-10.640000,266.489994,91.175000
3.950,-3.042229,0.699954,0.586936,-10.640000,266.489994,91.175000
3.960,-3.042229,0.699954,0.586936,-10.640000,266.489994,91.175000
3.970,-2.590843,0.680631,0.498279,-10.640000,266.489994,91.175000
3.980,-2.590843,0.680631,0.498279,-10.640000,266.489994,91.175000
3.990,-3.336813,0.573235,0.797018,-10.640000,266.489994,91.175000
4.000,-3.336813,0.573235,0.797018,-10.640000,266.489994,91.175000
4.010,-3.833990,0.416450,0.329241,-10.640000,266.489994,91.175000
4.020,-3.833990,0.416450,0.329241,-10.640000,266.489994,91.175000
4.030,-4.565005,0.208662,0.198271,-10.640000,266.489994,91.175000
4.040,-4.565005,0.208662,0.198271,-10.640000,266.489994,91.175000
4.050,-6.034713,0.021362,0.579996,-10.640000,266.489994,91.175000
4.060,-6.034713,0.021362,0.579996,-10.640000,266.489994,91.175000
4.070,-5.452178,0.367601,1.214819,-10.640000,266.489994,91.175000
4.080,-5.452178,0.367601,1.214819,-10.640000,266.489994,91.175000
4.090,-4.231498,0.700137,0.973771,71.259999,261.625014,149.205004
4.100,-4.231498,0.700137,0.973771,71.259999,261.625014,149.205004
4.110,-3.356468,0.962335,-0.075235,71.259999,261.625014,149.205004
4.120,-3.356468,0.962335,-0.075235,71.259999,261.625014,149.205004
4.130,-2.696667,1.287016,-0.565843,71.259999,261.625014,149.205004
4.140,-2.696667,1.287016,-0.565843,71.259999,261.625014,149.205004
4.150,-0.563753,1.686582,-0.960246,71.259999,261.625014,149.205004
4.160,-0.563753,1.686582,-0.960246,71.259999,261.625014,149.205004
4.170,0.581378,2.056034,-1.440488,71.259999,261.625014,149.205004
4.180,0.581378,2.056034,-1.440488,71.259999,261.625014,149.205004
4.190,0.127999,2.550793,-1.403303,71.259999,261.625014,149.205004
4.200,0.127999,2.550793,-1.403303,71.259999,261.625014,149.205004
4.210,0.625293,3.220497,-1.898364,71.259999,261.625014,149.205004
4.220,0.625293,3.220497,-1.898364,71.259999,261.625014,149.205004
4.230,1.228071,4.413229,-2.187152,71.259999,261.625014,149.205004
4.240,1.228071,4.413229,-2.187152,71.259999,261.625014,149.205004
4.250,0.867536,5.553205,-1.606070,56.035002,58.765001,285.635014
4.260,0.867536,5.553205,-1.606070,56.035002,58.765001,285.635014
4.270,-0.192784,5.836947,-1.043520,56.035002,58.765001,285.635014
4.280,-0.192784,5.836947,-1.043520,56.035002,58.765001,285.635014
4.290,-0.765227,5.565947,-1.154681,56.035002,58.765001,285.635014
4.300,-0.765227,5.565947,-1.154681,56.035002,58.765001,285.635014
4.310,-0.834364,5.603890,-1.693720,56.035002,58.765001,285.635014
4.320,-0.834364,5.603890,-1.693720,56.035002,58.765001,285.635014
4.330,1.435576,5.025159,-0.142552,56.035002,58.765001,285.635014
4.340,1.435576,5.025159,-0.142552,56.035002,58.765001,285.635014
4.350,3.035091,3.788368,0.962391,56.035002,58.765001,285.635014
4.360,3.035091,3.788368,0.962391,56.035002,58.765001,285.635014
4.370,4.504325,3.028780,1.212361,56.035002,58.765001,285.635014
4.380,4.504325,3.028780,1.212361,56.035002,58.765001,285.635014
4.390,5.993831,2.453669,1.540667,56.035002,58.765001,285.635014
4.400,5.993831,2.453669,1.540667,56.035002,58.765001,285.635014
4.410,6.584012,1.886321,1.845449,-49.454999,-91.700002,128.660000
4.420,6.584012,1.886321,1.845449,-49.454999,-91.700002,128.660000
4.430,8.444794,1.091508,2.142905,-49.454999,-91.700002,128.660000
4.440,8.444794,1.091508,2.142905,-49.454999,-91.700002,128.660000
4.450,7.870576,1.888348,1.890537,-49.454999,-91.700002,128.660000
4.460,7.870576,1.888348,1.890537,-49.454999,-91.700002,128.660000
4.470,6.620157,1.286581,0.290429,-49.454999,-91.700002,128.660000
4.480,6.620157,1.286581,0.290429,-49.454999,-91.700002,128.660000
4.490,6.435765,-0.422579,-1.221416,-49.454999,-91.700002,128.660000
4.500,6.435765,-0.422579,-1.221416,-49.454999,-91.700002,128.660000
4.510,6.098631,-1.309152,-1.844791,-49.454999,-91.700002,128.660000
4.520,6.098631,-1.309152,-1.844791,-49.454999,-91.700002,128.660000
4.530,4.639485,-3.860987,-2.841486,-49.454999,-91.700002,128.660000
4.540,4.639485,-3.860987,-2.841486,-49.454999,-91.700002,128.660000
4.550,2.457026,-6.335327,-3.839954,-49.454999,-91.700002,128.660000
4.560,2.457026,-6.335327,-3.839954,-49.454999,-91.700002,128.660000
4.570,0.691906,-10.105662,-4.391647,77.279998,-161.035001,-206.220008
4.580,0.691906,-10.105662,-4.391647,77.279998,-161.035001,-206.220008
4.590,-2.162458,-13.972351,-5.346319,77.279998,-161.035001,-206.220008
4.600,-2.162458,-13.972351,-5.346319,77.279998,-161.035001,-206.220008
4.610,-2.513349,-19.366051,-7.556154,77.279998,-161.035001,-206.220008
4.620,-2.513349,-19.366051,-7.556154,77.279998,-161.035001,-206.220008
4.630,-8.453955,-25.492941,-6.347550,77.279998,-161.035001,-206.220008
4.640,-8.453955,-25.492941,-6.347550,77.279998,-161.035001,-206.220008
4.650,-17.983351,-18.948256,10.786898,77.279998,-161.035001,-206.220008
4.660,-17.983351,-18.948256,10.786898,77.279998,-161.035001,-206.220008
4.670,-22.791288,-0.176648,13.676496,77.279998,-161.035001,-206.220008
4.680,-22.791288,-0.176648,13.676496,77.279998,-161.035001,-206.220008
4.690,-2.743501,13.492224,-13.131065,77.279998,-161.035001,-206.220008
4.700,-2.743501,13.492224,-13.131065,77.279998,-161.035001,-206.220008
4.710,8.626991,18.403510,-9.075993,77.279998,-161.035001,-206.220008
4.720,8.626991,18.403510,-9.075993,77.279998,-161.035001,-206.220008
4.730,3.574610,7.003902,4.202644,-1.820000,-509.495010,-150.815003
4.740,3.574610,7.003902,4.202644,-1.820000,-509.495010,-150.815003
4.750,9.636237,-4.621078,6.587584,-1.820000,-509.495010,-150.815003
4.760,9.636237,-4.621078,6.587584,-1.820000,-509.495010,-150.815003
4.770,13.087324,-3.972674,6.216256,-1.820000,-509.495010,-150.815003
4.780,13.087324,-3.972674,6.216256,-1.820000,-509.495010,-150.815003
4.790,3.358122,3.510303,5.363738,-1.820000,-509.495010,-150.815003
4.800,3.358122,3.510303,5.363738,-1.820000,-509.495010,-150.815003
4.810,1.924184,4.262001,2.678256,-1.820000,-509.495010,-150.815003
4.820,1.924184,4.262001,2.678256,-1.820000,-509.495010,-150.815003
4.830,4.353013,3.608799,2.692313,-1.820000,-509.495010,-150.815003
4.840,4.353013,3.608799,2.692313,-1.820000,-509.495010,-150.815003
4.850,3.771630,2.718487,4.358432,-1.820000,-509.495010,-150.815003
4.860,3.771630,2.718487,4.358432,-1.820000,-509.495010,-150.815003
4.870,2.716592,0.608024,3.389062,-1.820000,-509.495010,-150.815003
4.880,2.716592,0.608024,3.389062,-1.820000,-509.495010,-150.815003
4.890,1.445437,-0.567030,2.226663,-67.620000,-126.490008,47.005000
4.900,1.445437,-0.567030,2.226663,-67.620000,-126.490008,47.005000
4.910,0.150785,-0.784981,1.241198,-67.620000,-126.490008,47.005000
4.920,0.150785,-0.784981,1.241198,-67.620000,-126.490008,47.005000
4.930,0.181919,-0.549455,0.642448,-67.620000,-126.490008,47.005000
4.940,0.181919,-0.549455,0.642448,-67.620000,-126.490008,47.005000
4.950,0.969141,-0.968204,1.094313,-67.620000,-126.490008,47.005000
4.960,0.969141,-0.968204,1.094313,-67.620000,-126.490008,47.005000
4.970,1.177538,-0.604096,1.258522,-67.620000,-126.490008,47.005000
4.980,1.177538,-0.604096,1.258522,-67.620000,-126.490008,47.005000
4.990,0.415306,-0.404747,0.311542,-67.620000,-126.490008,47.005000
5.000,0.415306,-0.404747,0.311542,-67.620000,-126.490008,47.005000
5.010,-0.050827,-0.287406,-0.605017,-67.620000,-126.490008,47.005000
5.020,-0.050827,-0.287406,-0.605017,-67.620000,-126.490008,47.005000
5.030,0.623969,0.105264,-0.746419,-67.620000,-126.490008,47.005000
5.040,0.623969,0.105264,-0.746419,-67.620000,-126.490008,47.005000
5.050,1.443448,0.350446,-0.332815,-62.615001,-73.920002,48.125001
5.060,1.443448,0.350446,-0.332815,-62.615001,-73.920002,48.125001
5.070,1.371194,0.098398,0.099582,-62.615001,-73.920002,48.125001
5.080,1.371194,0.098398,0.099582,-62.615001,-73.920002,48.125001
5.090,0.058830,-0.074511,-0.263184,-62.615001,-73.920002,48.125001
5.100,0.058830,-0.074511,-0.263184,-62.615001,-73.920002,48.125001
5.110,-1.033200,0.003598,-1.095444,-62.615001,-73.920002,48.125001
5.120,-1.033200,0.003598,-1.095444,-62.615001,-73.920002,48.125001
5.130,-1.540990,-0.299749,-1.196221,-62.615001,-73.920002,48.125001
5.140,-1.540990,-0.299749,-1.196221,-62.615001,-73.920002,48.125001
5.150,-1.071902,-0.475388,-0.832478,-62.615001,-73.920002,48.125001
5.160,-1.071902,-0.475388,-0.832478,-62.615001,-73.920002,48.125001
5.170,-0.076054,0.021915,0.103993,-62.615001,-73.920002,48.125001
5.180,-0.076054,0.021915,0.103993,-62.615001,-73.920002,48.125001
5.190,-0.731220,-0.388524,0.749740,-62.615001,-73.920002,48.125001
5.200,-0.731220,-0.388524,0.749740,-62.615001,-73.920002,48.125001
5.210,-1.182568,-0.586632,0.283758,-43.085001,35.700002,54.355001
5.220,-1.182568,-0.586632,0.283758,-43.085001,35.700002,54.355001
5.230,-1.191221,-0.128371,0.177207,-43.085001,35.700002,54.355001
5.240,-1.191221,-0.128371,0.177207,-43.085001,35.700002,54.355001
5.250,-2.468028,-0.179311,-0.473066,-43.085001,35.700002,54.355001
5.260,-2.468028,-0.179311,-0.473066,-43.085001,35.700002,54.355001
5.270,-3.012548,0.048087,-0.351638,-43.085001,35.700002,54.355001
5.280,-3.012548,0.048087,-0.351638,-43.085001,35.700002,54.355001
5.290,-1.697524,0.302790,-0.572445,-43.085001,35.700002,54.355001
5.300,-1.697524,0.302790,-0.572445,-43.085001,35.700002,54.355001
5.310,-0.850448,0.788110,-0.597777,-43.085001,35.700002,54.355001
5.320,-0.850448,0.788110,-0.597777,-43.085001,35.700002,54.355001
5.330,0.070463,0.029064,-0.750203,-43.085001,35.700002,54.355001
5.340,0.070463,0.029064,-0.750203,-43.085001,35.700002,54.355001
5.350,-0.836188,-0.421113,-0.856821,-43.085001,35.700002,54.355001
5.360,-0.836188,-0.421113,-0.856821,-43.085001,35.700002,54.355001
5.370,-2.166763,0.050013,-1.353918,-3.535000,107.100003,58.660001
5.380,-2.166763,0.050013,-1.353918,-3.535000,107.100003,58.660001
5.390,-2.581916,0.511190,-1.280417,-3.535000,107.100003,58.660001
5.400,-2.581916,0.511190,-1.280417,-3.535000,107.100003,58.660001
5.410,-1.513908,0.204008,-0.503355,-3.535000,107.100003,58.660001
5.420,-1.513908,0.204008,-0.503355,-3.535000,107.100003,58.660001
5.430,-0.644180,-0.348195,-0.247540,-3.535000,107.100003,58.660001
5.440,-0.644180,-0.348195,-0.247540,-3.535000,107.100003,58.660001
5.450,-1.411733,-0.462431,-1.067606,-3.535000,107.100003,58.660001
5.460,-1.411733,-0.462431,-1.067606,-3.535000,107.100003,58.660001
5.470,-2.521854,-0.159255,-1.256310,-3.535000,107.100003,58.660001
5.480,-2.521854,-0.159255,-1.256310,-3.535000,107.100003,58.660001
5.490,-2.977079,-0.127404,-0.767544,-3.535000,107.100003,58.660001
5.500,-2.977079,-0.127404,-0.767544,-3.535000,107.100003,58.660001
5.510,-2.678544,0.087697,-0.897509,-3.535000,107.100003,58.660001
5.520,-2.678544,0.087697,-0.897509,-3.535000,107.100003,58.660001
5.530,-2.658068,0.401516,-1.281123,-17.080000,197.819996,60.059998
5.540,-2.658068,0.401516,-1.281123,-17.080000,197.819996,60.059998
5.550,-3.179903,0.853683,-0.762494,-17.080000,197.819996,60.059998
5.560,-3.179903,0.853683,-0.762494,-17.080000,197.819996,60.059998
5.570,-4.746588,0.451188,-0.205854,-17.080000,197.819996,60.059998
5.580,-4.746588,0.451188,-0.205854,-17.080000,197.819996,60.059998
5.590,-5.046086,0.343712,-0.406019,-17.080000,197.819996,60.059998
5.600,-5.046086,0.343712,-0.406019,-17.080000,197.819996,60.059998
5.610,-4.569339,0.866816,-0.372699,-17.080000,197.819996,60.059998
5.620,-4.569339,0.866816,-0.372699,-17.080000,197.819996,60.059998
5.630,-4.034713,1.289130,0.090659,-17.080000,197.819996,60.059998
5.640,-4.034713,1.289130,0.090659,-17.080000,197.819996,60.059998
5.650,-4.444025,1.513975,-0.153485,-17.080000,197.819996,60.059998
5.660,-4.444025,1.513975,-0.153485,-17.080000,197.819996,60.059998
5.670,-4.863412,1.695767,-0.249202,-17.080000,197.819996,60.059998
5.680,-4.863412,1.695767,-0.249202,-17.080000,197.819996,60.059998
5.690,-5.095492,1.523250,-0.549873,53.935002,283.395013,129.394997
5.700,-5.095492,1.523250,-0.549873,53.935002,283.395013,129.394997
5.710,-4.350290,1.657218,-1.117936,53.935002,283.395013,129.394997
5.720,-4.350290,1.657218,-1.117936,53.935002,283.395013,129.394997
5.730,-2.036049,1.674370,-1.108869,53.935002,283.395013,129.394997
5.740,-2.036049,1.674370,-1.108869,53.935002,283.395013,129.394997
5.750,-0.901002,2.057756,-0.572976,53.935002,283.395013,129.394997
5.760,-0.901002,2.057756,-0.572976,53.935002,283.395013,129.394997
5.770,-1.146012,2.895021,-0.674817,53.935002,283.395013,129.394997
5.780,-1.146012,2.895021,-0.674817,53.935002,283.395013,129.394997
5.790,-0.470530,4.330977,-0.352148,53.935002,283.395013,129.394997
5.800,-0.470530,4.330977,-0.352148,53.935002,283.395013,129.394997
5.810,0.014309,5.975820,0.040062,53.935002,283.395013,129.394997
5.820,0.014309,5.975820,0.040062,53.935002,283.395013,129.394997
5.830,1.934471,6.561942,1.066345,53.935002,283.395013,129.394997
5.840,1.934471,6.561942,1.066345,53.935002,283.395013,129.394997
5.850,4.598747,6.073159,2.295343,9.975000,32.585002,326.900012
5.860,4.598747,6.073159,2.295343,9.975000,32.585002,326.900012
5.870,5.351108,5.186054,3.006560,9.975000,32.585002,326.900012
5.880,5.351108,5.186054,3.006560,9.975000,32.585002,326.900012
5.890,5.692508,3.890270,3.140747,9.975000,32.585002,326.900012
5.900,5.692508,3.890270,3.140747,9.975000,32.585002,326.900012
5.910,7.247004,2.771281,2.133356,9.975000,32.585002,326.900012
5.920,7.247004,2.771281,2.133356,9.975000,32.585002,326.900012
5.930,8.078799,2.852925,1.166553,9.975000,32.585002,326.900012
5.940,8.078799,2.852925,1.166553,9.975000,32.585002,326.900012
5.950,7.095108,3.320466,0.393110,9.975000,32.585002,326.900012
5.960,7.095108,3.320466,0.393110,9.975000,32.585002,326.900012
5.970,7.095108,3.320466,0.393110,9.975000,32.585002,326.900012
5.980,5.425174,2.585505,0.153598,9.975000,32.585002,326.900012
5.990,5.464457,0.626136,-1.342373,9.975000,32.585002,326.900012
6.000,5.464457,0.626136,-1.342373,9.975000,32.585002,326.900012
6.010,6.951557,-1.410621,-1.843874,100.695000,-135.135006,-74.060001
6.020,6.951557,-1.410621,-1.843874,100.695000,-135.135006,-74.060001
6.030,4.433098,-5.076057,-2.133983,100.695000,-135.135006,-74.060001
6.040,4.433098,-5.076057,-2.133983,100.695000,-135.135006,-74.060001
6.050,2.881848,-8.454684,-4.153103,100.695000,-135.135006,-74.060001
6.060,2.881848,-8.454684,-4.153103,100.695000,-135.135006,-74.060001
6.070,0.422678,-11.563643,-6.507729,100.695000,-135.135006,-74.060001
6.080,0.422678,-11.563643,-6.507729,100.695000,-135.135006,-74.060001
6.090,-1.540827,-14.885907,-8.322476,100.695000,-135.135006,-74.060001
6.100,-1.540827,-14.885907,-8.322476,100.695000,-135.135006,-74.060001
6.110,-1.540827,-14.885907,-8.322476,100.695000,-135.135006,-74.060001
6.120,-1.540827,-14.885907,-8.322476,100.695000,-135.135006,-74.060001
6.130,-1.540827,-14.885907,-8.322476,100.695000,-135.135006,-74.060001
6.140,-1.540827,-14.885907,-8.322476,100.695000,-135.135006,-74.060001
6.150,-1.540827,-14.885907,-8.322476,100.695000,-135.135006,-74.060001
6.160,-1.540827,-14.885907,-8.322476,100.695000,-135.135006,-74.060001
6.170,-1.540827,-14.885907,-8.322476,50.330001,-377.615013,-188.509997
6.180,-1.540827,-14.885907,-8.322476,50.330001,-377.615013,-188.509997
6.190,-1.540827,-14.885907,-8.322476,50.330001,-377.615013,-188.509997
6.200,-1.540827,-14.885907,-8.322476,50.330001,-377.615013,-188.509997
6.210,-1.540827,-14.885907,-8.322476,50.330001,-377.615013,-188.509997
6.220,-1.540827,-14.885907,-8.322476,50.330001,-377.615013,-188.509997
6.230,-1.540827,-14.885907,-8.322476,50.330001,-377.615013,-188.509997
6.240,-1.540827,-14.885907,-8.322476,50.330001,-377.615013,-188.509997
6.250,-0.780636,-0.571702,-0.433056,50.330001,-377.615013,-188.509997
6.260,-0.780636,-0.571702,-0.433056,50.330001,-377.615013,-188.509997
6.270,-0.780636,-0.571702,-0.433056,50.330001,-377.615013,-188.509997
6.280,-0.780636,-0.571702,-0.433056,50.330001,-377.615013,-188.509997
6.290,-0.780636,-0.571702,-0.433056,50.330001,-377.615013,-188.509997
6.300,-0.780636,-0.571702,-0.433056,50.330001,-377.615013,-188.509997
6.310,-0.780636,-0.571702,-0.433056,50.330001,-377.615013,-188.509997
6.320,-0.780636,-0.571702,-0.433056,50.330001,-377.615013,-188.509997
6.330,-0.780636,-0.571702,-0.433056,-122.114999,-246.924999,86.030003
6.340,-0.780636,-0.571702,-0.433056,-122.114999,-246.924999,86.030003
6.350,-0.780636,-0.571702,-0.433056,-122.114999,-246.924999,86.030003
6.360,-0.780636,-0.571702,-0.433056,-122.114999,-246.924999,86.030003
6.370,-0.780636,-0.571702,-0.433056,-122.114999,-246.924999,86.030003
6.380,-0.780636,-0.571702,-0.433056,-122.114999,-246.924999,86.030003
6.390,-0.780636,-0.571702,-0.433056,-122.114999,-246.924999,86.030003
6.400,-0.780636,-0.571702,-0.433056,-122.114999,-246.924999,86.030003
6.410,3.556725,-0.913218,7.904932,-122.114999,-246.924999,86.030003
6.420,3.556725,-0.913218,7.904932,-122.114999,-246.924999,86.030003
6.430,3.556725,-0.913218,7.904932,-122.114999,-246.924999,86.030003
6.440,3.556725,-0.913218,7.904932,-122.114999,-246.924999,86.030003
6.450,3.556725,-0.913218,7.904932,-122.114999,-246.924999,86.030003
6.460,3.556725,-0.913218,7.904932,-122.114999,-246.924999,86.030003
6.470,3.556725,-0.913218,7.904932,-122.114999,-246.924999,86.030003
6.480,3.556725,-0.913218,7.904932,-122.114999,-246.924999,86.030003
6.490,3.556725,-0.913218,7.904932,-113.330003,-51.030000,80.884999
6.500,3.556725,-0.913218,7.904932,-113.330003,-51.030000,80.884999
6.510,3.556725,-0.913218,7.904932,-113.330003,-51.030000,80.884999
6.520,3.556725,-0.913218,7.904932,-113.330003,-51.030000,80.884999
6.530,3.556725,-0.913218,7.904932,-113.330003,-51.030000,80.884999
6.540,3.556725,-0.913218,7.904932,-113.330003,-51.030000,80.884999
6.550,3.556725,-0.913218,7.904932,-113.330003,-51.030000,80.884999
6.560,3.556725,-0.913218,7.904932,-113.330003,-51.030000,80.884999
6.570,0.449263,-3.015600,4.144265,-113.330003,-51.030000,80.884999
6.580,0.449263,-3.015600,4.144265,-113.330003,-51.030000,80.884999
6.590,0.449263,-3.015600,4.144265,-113.330003,-51.030000,80.884999
6.600,0.449263,-3.015600,4.144265,-113.330003,-51.030000,80.884999
6.610,0.449263,-3.015600,4.144265,-113.330003,-51.030000,80.884999
6.620,0.449263,-3.015600,4.144265,-113.330003,-51.030000,80.884999
6.630,0.449263,-3.015600,4.144265,-113.330003,-51.030000,80.884999
6.640,0.449263,-3.015600,4.144265,-113.330003,-51.030000,80.884999
6.650,0.449263,-3.015600,4.144265,-92.470004,12.810000,52.990001
6.660,0.449263,-3.015600,4.144265,-92.470004,12.810000,52.990001
6.670,0.449263,-3.015600,4.144265,-92.470004,12.810000,52.990001
6.680,0.449263,-3.015600,4.144265,-92.470004,12.810000,52.990001
6.690,0.449263,-3.015600,4.144265,-92.470004,12.810000,52.990001
6.700,0.449263,-3.015600,4.144265,-92.470004,12.810000,52.990001
6.710,0.449263,-3.015600,4.144265,-92.470004,12.810000,52.990001
6.720,0.449263,-3.015600,4.144265,-92.470004,12.810000,52.990001
6.730,-0.180722,-4.184189,1.354081,-92.470004,12.810000,52.990001
6.740,-0.180722,-4.184189,1.354081,-92.470004,12.810000,52.990001
6.750,-0.180722,-4.184189,1.354081,-92.470004,12.810000,52.990001
6.760,-0.180722,-4.184189,1.354081,-92.470004,12.810000,52.990001
6.770,-0.180722,-4.184189,1.354081,-92.470004,12.810000,52.990001
6.780,-0.180722,-4.184189,1.354081,-92.470004,12.810000,52.990001
6.790,-0.180722,-4.184189,1.354081,-92.470004,12.810000,52.990001
6.800,-0.180722,-4.184189,1.354081,-92.470004,12.810000,52.990001
6.810,-0.180722,-4.184189,1.354081,-71.225001,77.315002,30.939999
6.820,-0.180722,-4.184189,1.354081,-71.225001,77.315002,30.939999
6.830,-0.180722,-4.184189,1.354081,-71.225001,77.315002,30.939999
6.840,-0.180722,-4.184189,1.354081,-71.225001,77.315002,30.939999
6.850,-0.180722,-4.184189,1.354081,-71.225001,77.315002,30.939999
6.860,-0.180722,-4.184189,1.354081,-71.225001,77.315002,30.939999
6.870,-0.180722,-4.184189,1.354081,-71.225001,77.315002,30.939999
6.880,-0.180722,-4.184189,1.354081,-71.225001,77.315002,30.939999
6.890,-4.777837,-4.289710,0.255829,-71.225001,77.315002,30.939999
6.900,-4.777837,-4.289710,0.255829,-71.225001,77.315002,30.939999
6.910,-4.777837,-4.289710,0.255829,-71.225001,77.315002,30.939999
6.920,-4.777837,-4.289710,0.255829,-71.225001,77.315002,30.939999
6.930,-4.777837,-4.289710,0.255829,-71.225001,77.315002,30.939999
6.940,-4.777837,-4.289710,0.255829,-71.225001,77.315002,30.939999
6.950,-4.777837,-4.289710,0.255829,-71.225001,77.315002,30.939999
6.960,-4.777837,-4.289710,0.255829,-71.225001,77.315002,30.939999
6.970,-4.777837,-4.289710,0.255829,-0.700000,206.045005,39.795001
6.980,-4.777837,-4.289710,0.255829,-0.700000,206.045005,39.795001
6.990,-4.777837,-4.289710,0.255829,-0.700000,206.045005,39.795001
7.000,-4.777837,-4.289710,0.255829,-0.700000,206.045005,39.795001
7.010,-4.777837,-4.289710,0.255829,-0.700000,206.045005,39.795001
7.020,-4.777837,-4.289710,0.255829,-0.700000,206.045005,39.795001
7.030,-4.777837,-4.289710,0.255829,-0.700000,206.045005,39.795001
7.040,-4.777837,-4.289710,0.255829,-0.700000,206.045005,39.795001
7.050,-8.491920,-1.616005,1.892096,-0.700000,206.045005,39.795001
7.060,-8.491920,-1.616005,1.892096,-0.700000,206.045005,39.795001
7.070,-8.491920,-1.616005,1.892096,-0.700000,206.045005,39.795001
7.080,-8.491920,-1.616005,1.892096,-0.700000,206.045005,39.795001
7.090,-8.491920,-1.616005,1.892096,-0.700000,206.045005,39.795001
7.100,-8.491920,-1.616005,1.892096,-0.700000,206.045005,39.795001
7.110,-8.491920,-1.616005,1.892096,-0.700000,206.045005,39.795001
7.120,-8.491920,-1.616005,1.892096,-0.700000,206.045005,39.795001
7.130,-8.491920,-1.616005,1.892096,109.585003,291.305000,97.754999
7.140,-8.491920,-1.616005,1.892096,109.585003,291.305000,97.754999
7.150,-8.491920,-1.616005,1.892096,109.585003,291.305000,97.754999
7.160,-8.491920,-1.616005,1.892096,109.585003,291.305000,97.754999
7.170,-8.491920,-1.616005,1.892096,109.585003,291.305000,97.754999
7.180,-8.491920,-1.616005,1.892096,109.585003,291.305000,97.754999
7.190,-8.491920,-1.616005,1.892096,109.585003,291.305000,97.754999
7.200,-8.491920,-1.616005,1.892096,109.585003,291.305000,97.754999
7.210,-10.896240,0.291200,-1.405333,109.585003,291.305000,97.754999
7.220,-10.896240,0.291200,-1.405333,109.585003,291.305000,97.754999
7.230,-10.896240,0.291200,-1.405333,109.585003,291.305000,97.754999
7.240,-10.896240,0.291200,-1.405333,109.585003,291.305000,97.754999
7.250,-10.896240,0.291200,-1.405333,109.585003,291.305000,97.754999
7.260,-10.896240,0.291200,-1.405333,109.585003,291.305000,97.754999
7.270,-10.896240,0.291200,-1.405333,109.585003,291.305000,97.754999
7.280,-10.896240,0.291200,-1.405333,109.585003,291.305000,97.754999
7.290,-10.896240,0.291200,-1.405333,63.945003,75.004998,244.719995
7.300,-10.896240,0.291200,-1.405333,63.945003,75.004998,244.719995
7.310,-10.896240,0.291200,-1.405333,63.945003,75.004998,244.719995
7.320,-10.896240,0.291200,-1.405333,63.945003,75.004998,244.719995
7.330,-10.896240,0.291200,-1.405333,63.945003,75.004998,244.719995
7.340,-10.896240,0.291200,-1.405333,63.945003,75.004998,244.719995
7.350,-10.896240,0.291200,-1.405333,63.945003,75.004998,244.719995
7.360,-10.896240,0.291200,-1.405333,63.945003,75.004998,244.719995
7.370,-5.981856,9.895958,-0.785248,63.945003,75.004998,244.719995
7.380,-5.981856,9.895958,-0.785248,63.945003,75.004998,244.719995
7.390,-5.981856,9.895958,-0.785248,63.945003,75.004998,244.719995
7.400,-5.981856,9.895958,-0.785248,63.945003,75.004998,244.719995
7.410,-5.981856,9.895958,-0.785248,63.945003,75.004998,244.719995
7.420,-5.981856,9.895958,-0.785248,63.945003,75.004998,244.719995
7.430,-5.981856,9.895958,-0.785248,63.945003,75.004998,244.719995
7.440,-5.981856,9.895958,-0.785248,63.945003,75.004998,244.719995
7.450,-5.981856,9.895958,-0.785248,-56.105001,-109.549998,191.800004
7.460,-5.981856,9.895958,-0.785248,-56.105001,-109.549998,191.800004
7.470,-5.981856,9.895958,-0.785248,-56.105001,-109.549998,191.800004
7.480,-5.981856,9.895958,-0.785248,-56.105001,-109.549998,191.800004
7.490,-5.981856,9.895958,-0.785248,-56.105001,-109.549998,191.800004
7.500,-5.981856,9.895958,-0.785248,-56.105001,-109.549998,191.800004
7.510,-5.981856,9.895958,-0.785248,-56.105001,-109.549998,191.800004
7.520,-5.981856,9.895958,-0.785248,-56.105001,-109.549998,191.800004
7.530,6.610915,10.552303,0.204984,-56.105001,-109.549998,191.800004
7.540,6.610915,10.552303,0.204984,-56.105001,-109.549998,191.800004
7.550,6.610915,10.552303,0.204984,-56.105001,-109.549998,191.800004
7.560,6.610915,10.552303,0.204984,-56.105001,-109.549998,191.800004
7.570,6.610915,10.552303,0.204984,-56.105001,-109.549998,191.800004
7.580,6.610915,10.552303,0.204984,-56.105001,-109.549998,191.800004
7.590,6.610915,10.552303,0.204984,-56.105001,-109.549998,191.800004
7.600,6.610915,10.552303,0.204984,-56.105001,-109.549998,191.800004
7.610,6.610915,10.552303,0.204984,30.065000,-205.765009,-123.410003
7.620,6.610915,10.552303,0.204984,30.065000,-205.765009,-123.410003
7.630,6.610915,10.552303,0.204984,30.065000,-205.765009,-123.410003
7.640,6.610915,10.552303,0.204984,30.065000,-205.765009,-123.410003
7.650,6.610915,10.552303,0.204984,30.065000,-205.765009,-123.410003
7.660,6.610915,10.552303,0.204984,30.065000,-205.765009,-123.410003
7.670,6.610915,10.552303,0.204984,30.065000,-205.765009,-123.410003
7.680,6.610915,10.552303,0.204984,30.065000,-205.765009,-123.410003
7.690,-10.650905,-26.337288,-3.377516,30.065000,-205.765009,-123.410003
7.700,-10.650905,-26.337288,-3.377516,30.065000,-205.765009,-123.410003
7.710,-10.650905,-26.337288,-3.377516,30.065000,-205.765009,-123.410003
7.720,-10.650905,-26.337288,-3.377516,30.065000,-205.765009,-123.410003
7.730,-10.650905,-26.337288,-3.377516,30.065000,-205.765009,-123.410003
7.740,-10.650905,-26.337288,-3.377516,30.065000,-205.765009,-123.410003
7.750,-10.650905,-26.337288,-3.377516,30.065000,-205.765009,-123.410003
7.760,-10.650905,-26.337288,-3.377516,30.065000,-205.765009,-123.410003
7.770,-10.650905,-26.337288,-3.377516,5.985000,-467.705017,-201.250008
7.780,-10.650905,-26.337288,-3.377516,5.985000,-467.705017,-201.250008
7.790,-10.650905,-26.337288,-3.377516,5.985000,-467.705017,-201.250008
7.800,-10.650905,-26.337288,-3.377516,5.985000,-467.705017,-201.250008
7.810,-10.650905,-26.337288,-3.377516,5.985000,-467.705017,-201.250008
7.820,-10.650905,-26.337288,-3.377516,5.985000,-467.705017,-201.250008
7.830,-10.650905,-26.337288,-3.377516,5.985000,-467.705017,-201.250008
7.840,-10.650905,-26.337288,-3.377516,5.985000,-467.705017,-201.250008
7.850,5.712326,2.895170,1.280023,5.985000,-467.705017,-201.250008
7.860,5.712326,2.895170,1.280023,5.985000,-467.705017,-201.250008
7.870,5.712326,2.895170,1.280023,5.985000,-467.705017,-201.250008
7.880,5.712326,2.895170,1.280023,5.985000,-467.705017,-201.250008
7.890,5.712326,2.895170,1.280023,5.985000,-467.705017,-201.250008
7.900,5.712326,2.895170,1.280023,5.985000,-467.705017,-201.250008
7.910,5.712326,2.895170,1.280023,5.985000,-467.705017,-201.250008
7.920,5.712326,2.895170,1.280023,5.985000,-467.705017,-201.250008
7.930,5.712326,2.895170,1.280023,-54.039999,-149.380007,81.375004
7.940,5.712326,2.895170,1.280023,-54.039999,-149.380007,81.375004
7.950,5.712326,2.895170,1.280023,-54.039999,-149.380007,81.375004
7.960,5.712326,2.895170,1.280023,-54.039999,-149.380007,81.375004
7.970,5.712326,2.895170,1.280023,-54.039999,-149.380007,81.375004
7.980,5.712326,2.895170,1.280023,-54.039999,-149.380007,81.375004
7.990,5.712326,2.895170,1.280023,-54.039999,-149.380007,81.375004
8.000,5.712326,2.895170,1.280023,-54.039999,-149.380007,81.375004
8.010,9.745167,0.054095,3.613587,-54.039999,-149.380007,81.375004
8.020,9.745167,0.054095,3.613587,-54.039999,-149.380007,81.375004
8.030,9.745167,0.054095,3.613587,-54.039999,-149.380007,81.375004
8.040,9.745167,0.054095,3.613587,-54.039999,-149.380007,81.375004
8.050,9.745167,0.054095,3.613587,-54.039999,-149.380007,81.375004
8.060,9.745167,0.054095,3.613587,-54.039999,-149.380007,81.375004
8.070,9.745167,0.054095,3.613587,-54.039999,-149.380007,81.375004
8.080,9.745167,0.054095,3.613587,-54.039999,-149.380007,81.375004
8.090,9.745167,0.054095,3.613587,-60.514998,-43.540001,81.270003
8.100,9.745167,0.054095,3.613587,-60.514998,-43.540001,81.270003
8.110,9.745167,0.054095,3.613587,-60.514998,-43.540001,81.270003
8.120,9.745167,0.054095,3.613587,-60.514998,-43.540001,81.270003
8.130,9.745167,0.054095,3.613587,-60.514998,-43.540001,81.270003
8.140,9.745167,0.054095,3.613587,-60.514998,-43.540001,81.270003
8.150,9.745167,0.054095,3.613587,-60.514998,-43.540001,81.270003
8.160,9.745167,0.054095,3.613587,-60.514998,-43.540001,81.270003
8.170,5.832889,0.311426,1.663123,-60.514998,-43.540001,81.270003
8.180,5.832889,0.311426,1.663123,-60.514998,-43.540001,81.270003
8.190,5.832889,0.311426,1.663123,-60.514998,-43.540001,81.270003
8.200,5.832889,0.311426,1.663123,-60.514998,-43.540001,81.270003
8.210,5.832889,0.311426,1.663123,-60.514998,-43.540001,81.270003
8.220,5.832889,0.311426,1.663123,-60.514998,-43.540001,81.270003
8.230,5.832889,0.311426,1.663123,-60.514998,-43.540001,81.270003
8.240,5.832889,0.311426,1.663123,-60.514998,-43.540001,81.270003
8.250,5.832889,0.311426,1.663123,-58.520002,15.540000,58.450000
8.260,5.832889,0.311426,1.663123,-58.520002,15.540000,58.450000
8.270,5.832889,0.311426,1.663123,-58.520002,15.540000,58.450000
8.280,5.832889,0.311426,1.663123,-58.520002,15.540000,58.450000
8.290,5.832889,0.311426,1.663123,-58.520002,15.540000,58.450000
8.300,5.832889,0.311426,1.663123,-58.520002,15.540000,58.450000
8.310,5.832889,0.311426,1.663123,-58.520002,15.540000,58.450000
8.320,5.832889,0.311426,1.663123,-58.520002,15.540000,58.450000
8.330,2.369792,-2.003324,1.895530,-58.520002,15.540000,58.450000
8.340,2.369792,-2.003324,1.895530,-58.520002,15.540000,58.450000
8.350,2.369792,-2.003324,1.895530,-58.520002,15.540000,58.450000
8.360,2.369792,-2.003324,1.895530,-58.520002,15.540000,58.450000
8.370,2.369792,-2.003324,1.895530,-58.520002,15.540000,58.450000
8.380,2.369792,-2.003324,1.895530,-58.520002,15.540000,58.450000
8.390,2.369792,-2.003324,1.895530,-58.520002,15.540000,58.450000
8.400,2.369792,-2.003324,1.895530,-58.520002,15.540000,58.450000
8.410,2.369792,-2.003324,1.895530,-22.960000,90.054999,52.990001
8.420,2.369792,-2.003324,1.895530,-22.960000,90.054999,52.990001
8.430,2.369792,-2.003324,1.895530,-22.960000,90.054999,52.990001
8.440,2.369792,-2.003324,1.895530,-22.960000,90.054999,52.990001
8.450,2.369792,-2.003324,1.895530,-22.960000,90.054999,52.990001
8.460,2.369792,-2.003324,1.895530,-22.960000,90.054999,52.990001
8.470,2.369792,-2.003324,1.895530,-22.960000,90.054999,52.990001
8.480,2.369792,-2.003324,1.895530,-22.960000,90.054999,52.990001
8.490,-1.187898,0.165219,1.968449,-22.960000,90.054999,52.990001
8.500,-1.187898,0.165219,1.968449,-22.960000,90.054999,52.990001
8.510,-1.187898,0.165219,1.968449,-22.960000,90.054999,52.990001
8.520,-1.187898,0.165219,1.968449,-22.960000,90.054999,52.990001
8.530,-1.187898,0.165219,1.968449,-22.960000,90.054999,52.990001
8.540,-1.187898,0.165219,1.968449,-22.960000,90.054999,52.990001
8.550,-1.187898,0.165219,1.968449,-22.960000,90.054999,52.990001
8.560,-1.187898,0.165219,1.968449,-22.960000,90.054999,52.990001
8.570,-1.187898,0.165219,1.968449,7.770000,267.784998,48.089999
8.580,-1.187898,0.165219,1.968449,7.770000,267.784998,48.089999
8.590,-1.187898,0.165219,1.968449,7.770000,267.784998,48.089999
8.600,-1.187898,0.165219,1.968449,7.770000,267.784998,48.089999
8.610,-1.187898,0.165219,1.968449,7.770000,267.784998,48.089999
8.620,-1.187898,0.165219,1.968449,7.770000,267.784998,48.089999
8.630,-1.187898,0.165219,1.968449,7.770000,267.784998,48.089999
8.640,-1.187898,0.165219,1.968449,7.770000,267.784998,48.089999
8.650,-8.127177,1.607004,0.504072,7.770000,267.784998,48.089999
8.660,-8.127177,1.607004,0.504072,7.770000,267.784998,48.089999
8.670,-8.127177,1.607004,0.504072,7.770000,267.784998,48.089999
8.680,-8.127177,1.607004,0.504072,7.770000,267.784998,48.089999
8.690,-8.127177,1.607004,0.504072,7.770000,267.784998,48.089999
8.700,-8.127177,1.607004,0.504072,7.770000,267.784998,48.089999
8.710,-8.127177,1.607004,0.504072,7.770000,267.784998,48.089999
8.720,-8.127177,1.607004,0.504072,7.770000,267.784998,48.089999
8.730,-8.127177,1.607004,0.504072,72.274999,259.664996,120.574996
8.740,-8.127177,1.607004,0.504072,72.274999,259.664996,120.574996
8.750,-8.127177,1.607004,0.504072,72.274999,259.664996,120.574996
8.760,-8.127177,1.607004,0.504072,72.274999,259.664996,120.574996
8.770,-8.127177,1.607004,0.504072,72.274999,259.664996,120.574996
8.780,-8.127177,1.607004,0.504072,72.274999,259.664996,120.574996
8.790,-8.127177,1.607004,0.504072,72.274999,259.664996,120.574996
8.800,-8.127177,1.607004,0.504072,72.274999,259.664996,120.574996
8.810,-8.436257,4.239090,-1.973705,72.274999,259.664996,120.574996
8.820,-8.436257,4.239090,-1.973705,72.274999,259.664996,120.574996
8.830,-8.436257,4.239090,-1.973705,72.274999,259.664996,120.574996
8.840,-8.436257,4.239090,-1.973705,72.274999,259.664996,120.574996
8.850,-8.436257,4.239090,-1.973705,72.274999,259.664996,120.574996
8.860,-8.436257,4.239090,-1.973705,72.274999,259.664996,120.574996
8.870,-8.436257,4.239090,-1.973705,72.274999,259.664996,120.574996
8.880,-8.436257,4.239090,-1.973705,72.274999,259.664996,120.574996
8.890,-8.436257,4.239090,-1.973705,-18.200000,-45.884999,231.455003
8.900,-8.436257,4.239090,-1.973705,-18.200000,-45.884999,231.455003
8.910,-8.436257,4.239090,-1.973705,-18.200000,-45.884999,231.455003
8.920,-8.436257,4.239090,-1.973705,-18.200000,-45.884999,231.455003
8.930,-8.436257,4.239090,-1.973705,-18.200000,-45.884999,231.455003
8.940,-8.436257,4.239090,-1.973705,-18.200000,-45.884999,231.455003
8.950,-8.436257,4.239090,-1.973705,-18.200000,-45.884999,231.455003
8.960,-8.436257,4.239090,-1.973705,-18.200000,-45.884999,231.455003
8.970,-0.884169,9.815394,-1.804977,-18.200000,-45.884999,231.455003
8.980,-0.884169,9.815394,-1.804977,-18.200000,-45.884999,231.455003
8.990,-0.884169,9.815394,-1.804977,-18.200000,-45.884999,231.455003
9.000,-0.884169,9.815394,-1.804977,-18.200000,-45.884999,231.455003
9.010,-0.884169,9.815394,-1.804977,-18.200000,-45.884999,231.455003
9.020,-0.884169,9.815394,-1.804977,-18.200000,-45.884999,231.455003
9.030,-0.884169,9.815394,-1.804977,-18.200000,-45.884999,231.455003
9.040,-0.884169,9.815394,-1.804977,-18.200000,-45.884999,231.455003
9.050,-0.884169,9.815394,-1.804977,-1.540000,-129.885008,61.565003
9.060,-0.884169,9.815394,-1.804977,-1.540000,-129.885008,61.565003
9.070,-0.884169,9.815394,-1.804977,-1.540000,-129.885008,61.565003
9.080,-0.884169,9.815394,-1.804977,-1.540000,-129.885008,61.565003
9.090,-0.884169,9.815394,-1.804977,-1.540000,-129.885008,61.565003
9.100,-0.884169,9.815394,-1.804977,-1.540000,-129.885008,61.565003
9.110,-0.884169,9.815394,-1.804977,-1.540000,-129.885008,61.565003
9.120,-0.884169,9.815394,-1.804977,-1.540000,-129.885008,61.565003
9.130,5.825963,6.283634,-3.144822,-1.540000,-129.885008,61.565003
9.140,5.825963,6.283634,-3.144822,-1.540000,-129.885008,61.565003
9.150,5.825963,6.283634,-3.144822,-1.540000,-129.885008,61.565003
9.160,5.825963,6.283634,-3.144822,-1.540000,-129.885008,61.565003
9.170,5.825963,6.283634,-3.144822,-1.540000,-129.885008,61.565003
9.180,5.825963,6.283634,-3.144822,-1.540000,-129.885008,61.565003
9.190,5.825963,6.283634,-3.144822,-1.540000,-129.885008,61.565003
9.200,5.825963,6.283634,-3.144822,-1.540000,-129.885008,61.565003
9.210,5.825963,6.283634,-3.144822,-0.805000,-70.804999,-179.165001
9.220,5.825963,6.283634,-3.144822,-0.805000,-70.804999,-179.165001
9.230,5.825963,6.283634,-3.144822,-0.805000,-70.804999,-179.165001
9.240,5.825963,6.283634,-3.144822,-0.805000,-70.804999,-179.165001
9.250,5.825963,6.283634,-3.144822,-0.805000,-70.804999,-179.165001
9.260,5.825963,6.283634,-3.144822,-0.805000,-70.804999,-179.165001
9.270,5.825963,6.283634,-3.144822,-0.805000,-70.804999,-179.165001
9.280,5.825963,6.283634,-3.144822,-0.805000,-70.804999,-179.165001
9.290,-3.745751,-7.834744,-5.007743,-0.805000,-70.804999,-179.165001
9.300,-3.745751,-7.834744,-5.007743,-0.805000,-70.804999,-179.165001
9.310,-3.745751,-7.834744,-5.007743,-0.805000,-70.804999,-179.165001
9.320,-3.745751,-7.834744,-5.007743,-0.805000,-70.804999,-179.165001
9.330,-3.745751,-7.834744,-5.007743,-0.805000,-70.804999,-179.165001
9.340,-3.745751,-7.834744,-5.007743,-0.805000,-70.804999,-179.165001
9.350,-3.745751,-7.834744,-5.007743,-0.805000,-70.804999,-179.165001
9.360,-3.745751,-7.834744,-5.007743,-0.805000,-70.804999,-179.165001
9.370,-3.745751,-7.834744,-5.007743,-68.390001,-385.770013,-173.354996
9.380,-3.745751,-7.834744,-5.007743,-68.390001,-385.770013,-173.354996
9.390,-3.745751,-7.834744,-5.007743,-68.390001,-385.770013,-173.354996
9.400,-3.745751,-7.834744,-5.007743,-68.390001,-385.770013,-173.354996
9.410,-3.745751,-7.834744,-5.007743,-68.390001,-385.770013,-173.354996
9.420,-3.745751,-7.834744,-5.007743,-68.390001,-385.770013,-173.354996
9.430,-3.745751,-7.834744,-5.007743,-68.390001,-385.770013,-173.354996
9.440,-3.745751,-7.834744,-5.007743,-68.390001,-385.770013,-173.354996
9.450,8.426614,-0.130978,3.097881,-68.390001,-385.770013,-173.354996
9.460,8.426614,-0.130978,3.097881,-68.390001,-385.770013,-173.354996
9.470,8.426614,-0.130978,3.097881,-68.390001,-385.770013,-173.354996
9.480,8.426614,-0.130978,3.097881,-68.390001,-385.770013,-173.354996
9.490,8.426614,-0.130978,3.097881,-68.390001,-385.770013,-173.354996
9.500,8.426614,-0.130978,3.097881,-68.390001,-385.770013,-173.354996
9.510,8.426614,-0.130978,3.097881,-68.390001,-385.770013,-173.354996
9.520,8.426614,-0.130978,3.097881,-68.390001,-385.770013,-173.354996
9.530,8.426614,-0.130978,3.097881,-72.310004,-215.075007,38.780001
9.540,8.426614,-0.130978,3.097881,-72.310004,-215.075007,38.780001
9.550,8.426614,-0.130978,3.097881,-72.310004,-215.075007,38.780001
9.560,8.426614,-0.130978,3.097881,-72.310004,-215.075007,38.780001
9.570,8.426614,-0.130978,3.097881,-72.310004,-215.075007,38.780001
9.580,8.426614,-0.130978,3.097881,-72.310004,-215.075007,38.780001
9.590,8.426614,-0.130978,3.097881,-72.310004,-215.075007,38.780001
9.600,8.426614,-0.130978,3.097881,-72.310004,-215.075007,38.780001
9.610,5.898533,-2.723081,1.503386,-72.310004,-215.075007,38.780001
9.620,5.898533,-2.723081,1.503386,-72.310004,-215.075007,38.780001
9.630,5.898533,-2.723081,1.503386,-72.310004,-215.075007,38.780001
9.640,5.898533,-2.723081,1.503386,-72.310004,-215.075007,38.780001
9.650,5.898533,-2.723081,1.503386,-72.310004,-215.075007,38.780001
9.660,5.898533,-2.723081,1.503386,-72.310004,-215.075007,38.780001
9.670,5.898533,-2.723081,1.503386,-72.310004,-215.075007,38.780001
9.680,5.898533,-2.723081,1.503386,-72.310004,-215.075007,38.780001
9.690,5.898533,-2.723081,1.503386,-57.295001,-27.020000,99.260004
9.700,5.898533,-2.723081,1.503386,-57.295001,-27.020000,99.260004
9.710,5.898533,-2.723081,1.503386,-57.295001,-27.020000,99.260004
9.720,5.898533,-2.723081,1.503386,-57.295001,-27.020000,99.260004
9.730,5.898533,-2.723081,1.503386,-57.295001,-27.020000,99.260004
9.740,5.898533,-2.723081,1.503386,-57.295001,-27.020000,99.260004
9.750,5.898533,-2.723081,1.503386,-57.295001,-27.020000,99.260004
9.760,5.898533,-2.723081,1.503386,-57.295001,-27.020000,99.260004
9.770,5.483055,-3.697346,2.415132,-57.295001,-27.020000,99.260004
9.780,5.483055,-3.697346,2.415132,-57.295001,-27.020000,99.260004
9.790,5.483055,-3.697346,2.415132,-57.295001,-27.020000,99.260004
9.800,5.483055,-3.697346,2.415132,-57.295001,-27.020000,99.260004
9.810,5.483055,-3.697346,2.415132,-57.295001,-27.020000,99.260004
9.820,5.483055,-3.697346,2.415132,-57.295001,-27.020000,99.260004
9.830,5.483055,-3.697346,2.415132,-57.295001,-27.020000,99.260004
9.840,5.483055,-3.697346,2.415132,-57.295001,-27.020000,99.260004
9.850,5.483055,-3.697346,2.415132,-27.300000,41.510000,80.570004
9.860,5.483055,-3.697346,2.415132,-27.300000,41.510000,80.570004
9.870,5.483055,-3.697346,2.415132,-27.300000,41.510000,80.570004
9.880,5.483055,-3.697346,2.415132,-27.300000,41.510000,80.570004
9.890,5.483055,-3.697346,2.415132,-27.300000,41.510000,80.570004
9.900,5.483055,-3.697346,2.415132,-27.300000,41.510000,80.570004
9.910,5.483055,-3.697346,2.415132,-27.300000,41.510000,80.570004
9.920,5.483055,-3.697346,2.415132,-27.300000,41.510000,80.570004
9.930,0.655320,-3.203044,2.309432,-27.300000,41.510000,80.570004
9.940,0.655320,-3.203044,2.309432,-27.300000,41.510000,80.570004
9.950,0.655320,-3.203044,2.309432,-27.300000,41.510000,80.570004
9.960,0.655320,-3.203044,2.309432,-27.300000,41.510000,80.570004
9.970,0.655320,-3.203044,2.309432,-27.300000,41.510000,80.570004
9.980,0.655320,-3.203044,2.309432,-27.300000,41.510000,80.570004
9.990,0.655320,-3.203044,2.309432,-27.300000,41.510000,80.570004
10.000,0.655320,-3.203044,2.309432,-27.300000,41.510000,80.570004
10.010,0.655320,-3.203044,2.309432,32.900000,181.160003,27.055001
10.020,0.655320,-3.203044,2.309432,32.900000,181.160003,27.055001
10.030,0.655320,-3.203044,2.309432,32.900000,181.160003,27.055001
10.040,0.655320,-3.203044,2.309432,32.900000,181.160003,27.055001
10.050,0.655320,-3.203044,2.309432,32.900000,181.160003,27.055001
10.060,0.655320,-3.203044,2.309432,32.900000,181.160003,27.055001
10.070,0.655320,-3.203044,2.309432,32.900000,181.160003,27.055001
10.080,0.655320,-3.203044,2.309432,32.900000,181.160003,27.055001
10.090,-3.637824,0.166955,3.203621,32.900000,181.160003,27.055001
10.100,-3.637824,0.166955,3.203621,32.900000,181.160003,27.055001
10.110,-3.637824,0.166955,3.203621,32.900000,181.160003,27.055001
10.120,-3.637824,0.166955,3.203621,32.900000,181.160003,27.055001
10.130,-3.637824,0.166955,3.203621,32.900000,181.160003,27.055001
10.140,-3.637824,0.166955,3.203621,32.900000,181.160003,27.055001
10.150,-3.637824,0.166955,3.203621,32.900000,181.160003,27.055001
10.160,-3.637824,0.166955,3.203621,32.900000,181.160003,27.055001
10.170,-3.637824,0.166955,3.203621,87.009998,354.900017,34.580001
10.180,-3.637824,0.166955,3.203621,87.009998,354.900017,34.580001
10.190,-3.637824,0.166955,3.203621,87.009998,354.900017,34.580001
10.200,-3.637824,0.166955,3.203621,87.009998,354.900017,34.580001
10.210,-3.637824,0.166955,3.203621,87.009998,354.900017,34.580001
10.220,-3.637824,0.166955,3.203621,87.009998,354.900017,34.580001
10.230,-3.637824,0.166955,3.203621,87.009998,354.900017,34.580001
10.240,-3.637824,0.166955,3.203621,87.009998,354.900017,34.580001
10.250,-7.999374,5.567444,-0.802393,87.009998,354.900017,34.580001
10.260,-7.999374,5.567444,-0.802393,87.009998,354.900017,34.580001
10.270,-7.999374,5.567444,-0.802393,87.009998,354.900017,34.580001
10.280,-7.999374,5.567444,-0.802393,87.009998,354.900017,34.580001
10.290,-7.999374,5.567444,-0.802393,87.009998,354.900017,34.580001
10.300,-7.999374,5.567444,-0.802393,87.009998,354.900017,34.580001
10.310,-7.999374,5.567444,-0.802393,87.009998,354.900017,34.580001
10.320,-7.999374,5.567444,-0.802393,87.009998,354.900017,34.580001
10.330,-7.999374,5.567444,-0.802393,31.430000,168.139996,161.035001
10.340,-7.999374,5.567444,-0.802393,31.430000,168.139996,161.035001
10.350,-7.999374,5.567444,-0.802393,31.430000,168.139996,161.035001
10.360,-7.999374,5.567444,-0.802393,31.430000,168.139996,161.035001
10.370,-7.999374,5.567444,-0.802393,31.430000,168.139996,161.035001
10.380,-7.999374,5.567444,-0.802393,31.430000,168.139996,161.035001
10.390,-7.999374,5.567444,-0.802393,31.430000,168.139996,161.035001
10.400,-7.999374,5.567444,-0.802393,31.430000,168.139996,161.035001
10.410,-7.788136,3.503936,-2.752642,31.430000,168.139996,161.035001
10.420,-7.788136,3.503936,-2.752642,31.430000,168.139996,161.035001
10.430,-7.788136,3.503936,-2.752642,31.430000,168.139996,161.035001
10.440,-7.788136,3.503936,-2.752642,31.430000,168.139996,161.035001
10.450,-7.788136,3.503936,-2.752642,31.430000,168.139996,161.035001
10.460,-7.788136,3.503936,-2.752642,31.430000,168.139996,161.035001
10.470,-7.788136,3.503936,-2.752642,31.430000,168.139996,161.035001
10.480,-7.788136,3.503936,-2.752642,31.430000,168.139996,161.035001
10.490,-7.788136,3.503936,-2.752642,-22.050000,-65.484999,213.780003
10.500,-7.788136,3.503936,-2.752642,-22.050000,-65.484999,213.780003
10.510,-7.788136,3.503936,-2.752642,-22.050000,-65.484999,213.780003
10.520,-7.788136,3.503936,-2.752642,-22.050000,-65.484999,213.780003
10.530,-7.788136,3.503936,-2.752642,-22.050000,-65.484999,213.780003
10.540,-7.788136,3.503936,-2.752642,-22.050000,-65.484999,213.780003
10.550,-7.788136,3.503936,-2.752642,-22.050000,-65.484999,213.780003
10.560,-7.788136,3.503936,-2.752642,-22.050000,-65.484999,213.780003
10.570,-1.191194,8.713954,-0.501273,-22.050000,-65.484999,213.780003
10.580,-1.191194,8.713954,-0.501273,-22.050000,-65.484999,213.780003
10.590,-1.191194,8.713954,-0.501273,-22.050000,-65.484999,213.780003
10.600,-1.191194,8.713954,-0.501273,-22.050000,-65.484999,213.780003
10.610,-1.191194,8.713954,-0.501273,-22.050000,-65.484999,213.780003
10.620,-1.191194,8.713954,-0.501273,-22.050000,-65.484999,213.780003
10.630,-1.191194,8.713954,-0.501273,-22.050000,-65.484999,213.780003
10.640,-1.191194,8.713954,-0.501273,-22.050000,-65.484999,213.780003
10.650,-1.191194,8.713954,-0.501273,-22.050000,-65.484999,213.780003
10.660,-1.191194,8.713954,-0.501273,15.085000,-115.359996,52.710001
10.670,-1.191194,8.713954,-0.501273,15.085000,-115.359996,52.710001
10.680,-1.191194,8.713954,-0.501273,15.085000,-115.359996,52.710001
10.690,-1.191194,8.713954,-0.501273,15.085000,-115.359996,52.710001
10.700,-1.191194,8.713954,-0.501273,15.085000,-115.359996,52.710001
10.710,-1.191194,8.713954,-0.501273,15.085000,-115.359996,52.710001
10.720,-1.191194,8.713954,-0.501273,15.085000,-115.359996,52.710001
10.730,2.251445,6.040298,-2.055891,15.085000,-115.359996,52.710001
10.740,2.251445,6.040298,-2.055891,15.085000,-115.359996,52.710001
10.750,2.251445,6.040298,-2.055891,15.085000,-115.359996,52.710001
10.760,2.251445,6.040298,-2.055891,15.085000,-115.359996,52.710001
10.770,2.251445,6.040298,-2.055891,15.085000,-115.359996,52.710001
10.780,2.251445,6.040298,-2.055891,15.085000,-115.359996,52.710001
10.790,2.251445,6.040298,-2.055891,15.085000,-115.359996,52.710001
10.800,2.251445,6.040298,-2.055891,15.085000,-115.359996,52.710001
10.810,2.251445,6.040298,-2.055891,15.085000,-115.359996,52.710001
10.820,2.251445,6.040298,-2.055891,-35.524999,-94.709999,-112.105001
10.830,2.251445,6.040298,-2.055891,-35.524999,-94.709999,-112.105001
10.840,2.251445,6.040298,-2.055891,-35.524999,-94.709999,-112.105001
10.850,2.251445,6.040298,-2.055891,-35.524999,-94.709999,-112.105001
10.860,2.251445,6.040298,-2.055891,-35.524999,-94.709999,-112.105001
10.870,2.251445,6.040298,-2.055891,-35.524999,-94.709999,-112.105001
10.880,2.251445,6.040298,-2.055891,-35.524999,-94.709999,-112.105001
10.890,1.810733,-10.347001,-3.305331,-35.524999,-94.709999,-112.105001
10.900,1.810733,-10.347001,-3.305331,-35.524999,-94.709999,-112.105001
10.910,1.810733,-10.347001,-3.305331,-35.524999,-94.709999,-112.105001
10.920,1.810733,-10.347001,-3.305331,-35.524999,-94.709999,-112.105001
10.930,1.810733,-10.347001,-3.305331,-35.524999,-94.709999,-112.105001
10.940,1.810733,-10.347001,-3.305331,-35.524999,-94.709999,-112.105001
10.950,1.810733,-10.347001,-3.305331,-35.524999,-94.709999,-112.105001
10.960,1.810733,-10.347001,-3.305331,-35.524999,-94.709999,-112.105001
10.970,1.810733,-10.347001,-3.305331,-93.205000,-295.120016,-238.384995
10.980,1.810733,-10.347001,-3.305331,-93.205000,-295.120016,-238.384995
10.990,1.810733,-10.347001,-3.305331,-93.205000,-295.120016,-238.384995
11.000,1.810733,-10.347001,-3.305331,-93.205000,-295.120016,-238.384995
11.010,1.810733,-10.347001,-3.305331,-93.205000,-295.120016,-238.384995
11.020,1.810733,-10.347001,-3.305331,-93.205000,-295.120016,-238.384995
11.030,1.810733,-10.347001,-3.305331,-93.205000,-295.120016,-238.384995
11.040,1.810733,-10.347001,-3.305331,-93.205000,-295.120016,-238.384995
11.050,5.189287,0.887404,0.945122,-93.205000,-295.120016,-238.384995
11.060,5.189287,0.887404,0.945122,-93.205000,-295.120016,-238.384995
11.070,5.189287,0.887404,0.945122,-93.205000,-295.120016,-238.384995
11.080,5.189287,0.887404,0.945122,-93.205000,-295.120016,-238.384995
11.090,5.189287,0.887404,0.945122,-93.205000,-295.120016,-238.384995
11.100,5.189287,0.887404,0.945122,-93.205000,-295.120016,-238.384995
11.110,5.189287,0.887404,0.945122,-93.205000,-295.120016,-238.384995
11.120,5.189287,0.887404,0.945122,-93.205000,-295.120016,-238.384995
11.130,5.189287,0.887404,0.945122,-40.810001,-226.625007,23.660001
11.140,5.189287,0.887404,0.945122,-40.810001,-226.625007,23.660001
11.150,5.189287,0.887404,0.945122,-40.810001,-226.625007,23.660001
11.160,5.189287,0.887404,0.945122,-40.810001,-226.625007,23.660001
11.170,5.189287,0.887404,0.945122,-40.810001,-226.625007,23.660001
11.180,5.189287,0.887404,0.945122,-40.810001,-226.625007,23.660001
11.190,5.189287,0.887404,0.945122,-40.810001,-226.625007,23.660001
11.200,5.189287,0.887404,0.945122,-40.810001,-226.625007,23.660001
11.210,8.076005,-2.488731,1.497343,-40.810001,-226.625007,23.660001
11.220,8.076005,-2.488731,1.497343,-40.810001,-226.625007,23.660001
11.230,8.076005,-2.488731,1.497343,-40.810001,-226.625007,23.660001
11.240,8.076005,-2.488731,1.497343,-40.810001,-226.625007,23.660001
11.250,8.076005,-2.488731,1.497343,-40.810001,-226.625007,23.660001
11.260,8.076005,-2.488731,1.497343,-40.810001,-226.625007,23.660001
11.270,8.076005,-2.488731,1.497343,-40.810001,-226.625007,23.660001
11.280,8.076005,-2.488731,1.497343,-40.810001,-226.625007,23.660001
11.290,8.076005,-2.488731,1.497343,-54.705000,-24.885000,78.049999
11.300,8.076005,-2.488731,1.497343,-54.705000,-24.885000,78.049999
11.310,8.076005,-2.488731,1.497343,-54.705000,-24.885000,78.049999
11.320,8.076005,-2.488731,1.497343,-54.705000,-24.885000,78.049999
11.330,8.076005,-2.488731,1.497343,-54.705000,-24.885000,78.049999
11.340,8.076005,-2.488731,1.497343,-54.705000,-24.885000,78.049999
11.350,8.076005,-2.488731,1.497343,-54.705000,-24.885000,78.049999
11.360,8.076005,-2.488731,1.497343,-54.705000,-24.885000,78.049999
11.370,4.279207,-4.339218,2.674618,-54.705000,-24.885000,78.049999
11.380,4.279207,-4.339218,2.674618,-54.705000,-24.885000,78.049999
11.390,4.279207,-4.339218,2.674618,-54.705000,-24.885000,78.049999
11.400,4.279207,-4.339218,2.674618,-54.705000,-24.885000,78.049999
11.410,4.279207,-4.339218,2.674618,-54.705000,-24.885000,78.049999
11.420,4.279207,-4.339218,2.674618,-54.705000,-24.885000,78.049999
11.430,4.279207,-4.339218,2.674618,-54.705000,-24.885000,78.049999
11.440,4.279207,-4.339218,2.674618,-54.705000,-24.885000,78.049999
11.450,4.279207,-4.339218,2.674618,-42.420000,35.105000,81.165003
11.460,4.279207,-4.339218,2.674618,-42.420000,35.105000,81.165003
11.470,4.279207,-4.339218,2.674618,-42.420000,35.105000,81.165003
11.480,4.279207,-4.339218,2.674618,-42.420000,35.105000,81.165003
11.490,4.279207,-4.339218,2.674618,-42.420000,35.105000,81.165003
11.500,4.279207,-4.339218,2.674618,-42.420000,35.105000,81.165003
11.510,4.279207,-4.339218,2.674618,-42.420000,35.105000,81.165003
11.520,4.279207,-4.339218,2.674618,-42.420000,35.105000,81.165003
11.530,2.726174,-4.599522,0.994308,-42.420000,35.105000,81.165003
11.540,2.726174,-4.599522,0.994308,-42.420000,35.105000,81.165003
11.550,2.726174,-4.599522,0.994308,-42.420000,35.105000,81.165003
11.560,2.726174,-4.599522,0.994308,-42.420000,35.105000,81.165003
11.570,2.726174,-4.599522,0.994308,-42.420000,35.105000,81.165003
11.580,2.726174,-4.599522,0.994308,-42.420000,35.105000,81.165003
11.590,2.726174,-4.599522,0.994308,-42.420000,35.105000,81.165003
11.600,2.726174,-4.599522,0.994308,-42.420000,35.105000,81.165003
11.610,2.726174,-4.599522,0.994308,-32.935001,98.945003,88.060003
11.620,2.726174,-4.599522,0.994308,-32.935001,98.945003,88.060003
11.630,2.726174,-4.599522,0.994308,-32.935001,98.945003,88.060003
11.640,2.726174,-4.599522,0.994308,-32.935001,98.945003,88.060003
11.650,2.726174,-4.599522,0.994308,-32.935001,98.945003,88.060003
11.660,2.726174,-4.599522,0.994308,-32.935001,98.945003,88.060003
11.670,2.726174,-4.599522,0.994308,-32.935001,98.945003,88.060003
11.680,2.726174,-4.599522,0.994308,-32.935001,98.945003,88.060003
11.690,-1.398871,-4.150797,1.077005,-32.935001,98.945003,88.060003
11.700,-1.398871,-4.150797,1.077005,-32.935001,98.945003,88.060003
11.710,-1.398871,-4.150797,1.077005,-32.935001,98.945003,88.060003
11.720,-1.398871,-4.150797,1.077005,-32.935001,98.945003,88.060003
11.730,-1.398871,-4.150797,1.077005,-32.935001,98.945003,88.060003
11.740,-1.398871,-4.150797,1.077005,-32.935001,98.945003,88.060003
11.750,-1.398871,-4.150797,1.077005,-32.935001,98.945003,88.060003
11.760,-1.398871,-4.150797,1.077005,-32.935001,98.945003,88.060003
11.770,-1.398871,-4.150797,1.077005,9.555000,293.335014,68.109998
11.780,-1.398871,-4.150797,1.077005,9.555000,293.335014,68.109998
11.790,-1.398871,-4.150797,1.077005,9.555000,293.335014,68.109998
11.800,-1.398871,-4.150797,1.077005,9.555000,293.335014,68.109998
11.810,-6.784736,-0.696592,-0.218660,9.555000,293.335014,68.109998
11.820,-6.784736,-0.696592,-0.218660,9.555000,293.335014,68.109998
11.830,-5.642309,0.132256,-0.297511,9.555000,293.335014,68.109998
11.840,-5.642309,0.132256,-0.297511,9.555000,293.335014,68.109998
11.850,-4.506186,1.145846,-0.546382,9.555000,293.335014,68.109998
11.860,-4.506186,1.145846,-0.546382,9.555000,293.335014,68.109998
11.870,-4.639244,1.717298,-0.946592,9.555000,293.335014,68.109998
11.880,-4.639244,1.717298,-0.946592,9.555000,293.335014,68.109998
11.890,-4.379856,1.484930,-0.944979,9.555000,293.335014,68.109998
11.900,-4.379856,1.484930,-0.944979,9.555000,293.335014,68.109998
11.910,-3.653283,1.350749,-0.656384,9.555000,293.335014,68.109998
11.920,-3.653283,1.350749,-0.656384,9.555000,293.335014,68.109998
11.930,-3.225254,1.444518,-0.394863,100.415003,230.020007,164.990009
11.940,-3.225254,1.444518,-0.394863,100.415003,230.020007,164.990009
11.950,-3.363586,1.061762,-0.133931,100.415003,230.020007,164.990009
11.960,-3.363586,1.061762,-0.133931,100.415003,230.020007,164.990009
11.970,-2.899643,0.519967,0.136106,100.415003,230.020007,164.990009
11.980,-2.899643,0.519967,0.136106,100.415003,230.020007,164.990009
11.990,-2.126263,0.584526,-0.214811,100.415003,230.020007,164.990009
12.000,-2.126263,0.584526,-0.214811,100.415003,230.020007,164.990009
12.010,-2.608891,0.640003,-0.648774,100.415003,230.020007,164.990009
12.020,-2.608891,0.640003,-0.648774,100.415003,230.020007,164.990009
12.030,-3.129070,0.387504,-0.932737,100.415003,230.020007,164.990009
12.040,-3.129070,0.387504,-0.932737,100.415003,230.020007,164.990009
12.050,-2.886328,0.683499,-0.024099,100.415003,230.020007,164.990009
12.060,-2.886328,0.683499,-0.024099,100.415003,230.020007,164.990009
12.070,-3.339527,1.504480,-0.842884,100.415003,230.020007,164.990009
12.080,-3.339527,1.504480,-0.842884,100.415003,230.020007,164.990009
12.090,-2.926365,2.994447,-1.823524,-2.520000,5.915000,302.470010
12.100,-2.926365,2.994447,-1.823524,-2.520000,5.915000,302.470010
12.110,-1.391072,4.745706,-1.780600,-2.520000,5.915000,302.470010
12.120,-1.391072,4.745706,-1.780600,-2.520000,5.915000,302.470010
12.130,0.222149,5.794286,-1.487687,-2.520000,5.915000,302.470010
12.140,0.222149,5.794286,-1.487687,-2.520000,5.915000,302.470010
12.150,2.514460,6.196449,-0.535096,-2.520000,5.915000,302.470010
12.160,2.514460,6.196449,-0.535096,-2.520000,5.915000,302.470010
12.170,3.423190,5.568159,1.305325,-2.520000,5.915000,302.470010
12.180,3.423190,5.568159,1.305325,-2.520000,5.915000,302.470010
12.190,3.843715,4.841430,3.005590,-2.520000,5.915000,302.470010
12.200,3.843715,4.841430,3.005590,-2.520000,5.915000,302.470010
12.210,5.191446,3.769715,3.835247,-2.520000,5.915000,302.470010
12.220,5.191446,3.769715,3.835247,-2.520000,5.915000,302.470010
12.230,6.018719,2.540763,3.661960,-2.520000,5.915000,302.470010
12.240,6.018719,2.540763,3.661960,-2.520000,5.915000,302.470010
12.250,5.575374,1.873635,1.864627,-47.285000,-104.090000,31.115002
12.260,5.575374,1.873635,1.864627,-47.285000,-104.090000,31.115002
12.270,4.299409,1.667459,-0.119117,-47.285000,-104.090000,31.115002
12.280,4.299409,1.667459,-0.119117,-47.285000,-104.090000,31.115002
12.290,4.234402,0.577400,-0.951460,-47.285000,-104.090000,31.115002
12.300,4.234402,0.577400,-0.951460,-47.285000,-104.090000,31.115002
12.310,3.303246,-1.415134,-1.155733,-47.285000,-104.090000,31.115002
12.320,3.303246,-1.415134,-1.155733,-47.285000,-104.090000,31.115002
12.330,3.705622,-2.756334,-1.993358,-47.285000,-104.090000,31.115002
12.340,3.705622,-2.756334,-1.993358,-47.285000,-104.090000,31.115002
12.350,2.979821,-4.015083,-2.835840,-47.285000,-104.090000,31.115002
12.360,2.979821,-4.015083,-2.835840,-47.285000,-104.090000,31.115002
12.370,1.420430,-5.418563,-3.002256,-47.285000,-104.090000,31.115002
12.380,1.420430,-5.418563,-3.002256,-47.285000,-104.090000,31.115002
12.390,-0.773271,-7.772924,-3.411200,-47.285000,-104.090000,31.115002
12.400,-0.773271,-7.772924,-3.411200,-47.285000,-104.090000,31.115002
12.410,-2.918966,-9.030090,-4.029490,2.450000,-203.175001,-232.155015
12.420,-2.918966,-9.030090,-4.029490,2.450000,-203.175001,-232.155015
12.430,-3.785102,-9.894085,-3.974414,2.450000,-203.175001,-232.155015
12.440,-3.785102,-9.894085,-3.974414,2.450000,-203.175001,-232.155015
12.450,-3.294317,-10.117934,-2.497662,2.450000,-203.175001,-232.155015
12.460,-3.294317,-10.117934,-2.497662,2.450000,-203.175001,-232.155015
12.470,-3.351799,-8.469758,-0.031054,2.450000,-203.175001,-232.155015
12.480,-3.351799,-8.469758,-0.031054,2.450000,-203.175001,-232.155015
12.490,-3.154533,-5.312471,3.401738,2.450000,-203.175001,-232.155015
12.500,-3.154533,-5.312471,3.401738,2.450000,-203.175001,-232.155015
12.510,-1.343763,-1.403749,4.983432,2.450000,-203.175001,-232.155015
12.520,-1.343763,-1.403749,4.983432,2.450000,-203.175001,-232.155015
12.530,2.600568,2.043093,1.954547,2.450000,-203.175001,-232.155015
12.540,2.600568,2.043093,1.954547,2.450000,-203.175001,-232.155015
12.550,5.775186,4.406002,-0.522190,2.450000,-203.175001,-232.155015
12.560,5.775186,4.406002,-0.522190,2.450000,-203.175001,-232.155015
12.570,6.127538,4.614642,-0.860201,-39.970001,-559.089998,-125.579995
12.580,6.127538,4.614642,-0.860201,-39.970001,-559.089998,-125.579995
12.590,7.644828,2.645927,1.792232,-39.970001,-559.089998,-125.579995
12.600,7.644828,2.645927,1.792232,-39.970001,-559.089998,-125.579995
12.610,8.931444,0.316302,1.945187,-39.970001,-559.089998,-125.579995
12.620,8.931444,0.316302,1.945187,-39.970001,-559.089998,-125.579995
12.630,5.097634,1.034509,0.372456,-39.970001,-559.089998,-125.579995
12.640,5.097634,1.034509,0.372456,-39.970001,-559.089998,-125.579995
12.650,0.101817,0.931036,-0.406888,-39.970001,-559.089998,-125.579995
12.660,0.101817,0.931036,-0.406888,-39.970001,-559.089998,-125.579995
12.670,0.250005,0.430710,-0.478739,-39.970001,-559.089998,-125.579995
12.680,0.250005,0.430710,-0.478739,-39.970001,-559.089998,-125.579995
12.690,2.197726,0.549512,0.164802,-39.970001,-559.089998,-125.579995
12.700,2.197726,0.549512,0.164802,-39.970001,-559.089998,-125.579995
12.710,4.033630,0.441525,0.478522,-39.970001,-559.089998,-125.579995
12.720,4.033630,0.441525,0.478522,-39.970001,-559.089998,-125.579995
12.730,3.659776,0.199991,0.436448,-49.454999,-116.620002,52.674999
12.740,3.659776,0.199991,0.436448,-49.454999,-116.620002,52.674999
12.750,1.274864,0.024002,0.381720,-49.454999,-116.620002,52.674999
12.760,1.274864,0.024002,0.381720,-49.454999,-116.620002,52.674999
12.770,0.146486,-0.522846,0.439451,-49.454999,-116.620002,52.674999
12.780,0.146486,-0.522846,0.439451,-49.454999,-116.620002,52.674999
12.790,1.164892,-0.192264,0.577573,-49.454999,-116.620002,52.674999
12.800,1.164892,-0.192264,0.577573,-49.454999,-116.620002,52.674999
12.810,1.387769,-0.276394,0.839385,-49.454999,-116.620002,52.674999
12.820,1.387769,-0.276394,0.839385,-49.454999,-116.620002,52.674999
12.830,1.004870,-0.422228,1.056495,-49.454999,-116.620002,52.674999
12.840,1.004870,-0.422228,1.056495,-49.454999,-116.620002,52.674999
12.850,-0.370220,-0.418228,0.636422,-49.454999,-116.620002,52.674999
12.860,-0.370220,-0.418228,0.636422,-49.454999,-116.620002,52.674999
12.870,-1.115951,-0.359482,0.693012,-49.454999,-116.620002,52.674999
12.880,-1.115951,-0.359482,0.693012,-49.454999,-116.620002,52.674999
12.890,-0.503942,-0.689811,0.941313,-34.894999,19.845000,83.405004
12.900,-0.503942,-0.689811,0.941313,-34.894999,19.845000,83.405004
12.910,-0.324624,-0.766370,0.754966,-34.894999,19.845000,83.405004
12.920,-0.324624,-0.766370,0.754966,-34.894999,19.845000,83.405004
12.930,-0.753862,-0.609265,0.883615,-34.894999,19.845000,83.405004
12.940,-0.753862,-0.609265,0.883615,-34.894999,19.845000,83.405004
12.950,-0.024651,-1.102243,0.927159,-34.894999,19.845000,83.405004
12.960,-0.024651,-1.102243,0.927159,-34.894999,19.845000,83.405004
12.970,0.821123,-1.067585,0.498476,-34.894999,19.845000,83.405004
12.980,0.821123,-1.067585,0.498476,-34.894999,19.845000,83.405004
12.990,0.702867,-0.639547,-0.093467,-34.894999,19.845000,83.405004
13.000,0.702867,-0.639547,-0.093467,-34.894999,19.845000,83.405004
13.010,0.025993,-0.919610,-0.457846,-34.894999,19.845000,83.405004
13.020,0.025993,-0.919610,-0.457846,-34.894999,19.845000,83.405004
13.030,0.025993,-0.919610,-0.457846,-34.894999,19.845000,83.405004
13.040,-0.684059,-1.116845,-0.506098,-34.894999,19.845000,83.405004
13.050,-0.468717,-1.492984,-0.198019,-28.280000,17.955000,89.705000
13.060,-0.468717,-1.492984,-0.198019,-28.280000,17.955000,89.705000
13.070,-0.315598,-1.366770,-0.336544,-28.280000,17.955000,89.705000
13.080,-0.315598,-1.366770,-0.336544,-28.280000,17.955000,89.705000
13.090,-0.273547,-1.419027,-0.280727,-28.280000,17.955000,89.705000
13.100,-0.273547,-1.419027,-0.280727,-28.280000,17.955000,89.705000
13.110,-0.490819,-1.483817,-0.308858,-28.280000,17.955000,89.705000
13.120,-0.490819,-1.483817,-0.308858,-28.280000,17.955000,89.705000
13.130,-0.936618,-1.098947,-0.327532,-28.280000,17.955000,89.705000
13.140,-0.936618,-1.098947,-0.327532,-28.280000,17.955000,89.705000
13.150,-0.927423,-0.930873,-0.219887,-28.280000,17.955000,89.705000
13.160,-0.927423,-0.930873,-0.219887,-28.280000,17.955000,89.705000
13.170,-0.960290,-0.712137,0.034780,-28.280000,17.955000,89.705000
13.180,-0.960290,-0.712137,0.034780,-28.280000,17.955000,89.705000
13.190,-1.457762,-0.870421,-0.416540,-28.280000,17.955000,89.705000
13.200,-1.457762,-0.870421,-0.416540,-28.280000,17.955000,89.705000
13.210,-1.687188,-0.506716,0.015364,-29.119999,64.645002,88.655002
13.220,-1.687188,-0.506716,0.015364,-29.119999,64.645002,88.655002
13.230,-1.591086,-0.568179,0.508370,-29.119999,64.645002,88.655002
13.240,-1.591086,-0.568179,0.508370,-29.119999,64.645002,88.655002
13.250,-1.608057,-0.854854,0.784022,-29.119999,64.645002,88.655002
13.260,-1.608057,-0.854854,0.784022,-29.119999,64.645002,88.655002
13.270,-2.745951,-0.842858,0.686594,-29.119999,64.645002,88.655002
13.280,-2.745951,-0.842858,0.686594,-29.119999,64.645002,88.655002
13.290,-3.729050,-0.109255,0.830833,-29.119999,64.645002,88.655002
13.300,-3.729050,-0.109255,0.830833,-29.119999,64.645002,88.655002
13.310,-3.054108,0.487205,0.756604,-29.119999,64.645002,88.655002
13.320,-3.054108,0.487205,0.756604,-29.119999,64.645002,88.655002
13.330,-1.795894,0.500855,0.695305,-29.119999,64.645002,88.655002
13.340,-1.795894,0.500855,0.695305,-29.119999,64.645002,88.655002
13.350,-0.990436,0.513690,0.795664,-29.119999,64.645002,88.655002
13.360,-0.990436,0.513690,0.795664,-29.119999,64.645002,88.655002
13.370,-0.953239,1.180927,0.672923,11.165000,162.645000,89.284998
13.380,-0.953239,1.180927,0.672923,11.165000,162.645000,89.284998
13.390,-1.249093,1.703225,0.490455,11.165000,162.645000,89.284998
13.400,-1.249093,1.703225,0.490455,11.165000,162.645000,89.284998
13.410,-2.020162,1.818436,0.463232,11.165000,162.645000,89.284998
13.420,-2.020162,1.818436,0.463232,11.165000,162.645000,89.284998
13.430,-1.951318,1.655862,0.230764,11.165000,162.645000,89.284998
13.440,-1.951318,1.655862,0.230764,11.165000,162.645000,89.284998
13.450,-2.068625,1.686693,-0.068216,11.165000,162.645000,89.284998
13.460,-2.068625,1.686693,-0.068216,11.165000,162.645000,89.284998
13.470,-2.191201,1.617505,-0.351454,11.165000,162.645000,89.284998
13.480,-2.191201,1.617505,-0.351454,11.165000,162.645000,89.284998
13.490,-2.973046,1.983534,-0.646997,11.165000,162.645000,89.284998
13.500,-2.973046,1.983534,-0.646997,11.165000,162.645000,89.284998
13.510,-3.529569,1.923930,-0.362453,11.165000,162.645000,89.284998
13.520,-3.529569,1.923930,-0.362453,11.165000,162.645000,89.284998
13.530,-4.007349,1.500837,-0.123326,118.650003,352.800007,91.385001
13.540,-4.007349,1.500837,-0.123326,118.650003,352.800007,91.385001
13.550,-4.312958,1.451582,-0.627301,118.650003,352.800007,91.385001
13.560,-4.312958,1.451582,-0.627301,118.650003,352.800007,91.385001
13.570,-4.392724,1.385363,-1.214355,118.650003,352.800007,91.385001
13.580,-4.392724,1.385363,-1.214355,118.650003,352.800007,91.385001
13.590,-4.584866,1.307488,-1.076829,118.650003,352.800007,91.385001
13.600,-4.584866,1.307488,-1.076829,118.650003,352.800007,91.385001
13.610,-5.650292,0.777840,-0.589482,118.650003,352.800007,91.385001
13.620,-5.650292,0.777840,-0.589482,118.650003,352.800007,91.385001
13.630,-4.273152,0.365614,-0.990648,118.650003,352.800007,91.385001
13.640,-4.273152,0.365614,-0.990648,118.650003,352.800007,91.385001
13.650,-3.920346,0.424651,-1.016616,118.650003,352.800007,91.385001
13.660,-3.920346,0.424651,-1.016616,118.650003,352.800007,91.385001
13.670,-3.220554,0.291837,-0.573873,118.650003,352.800007,91.385001
13.680,-3.220554,0.291837,-0.573873,118.650003,352.800007,91.385001
13.690,-2.174217,0.461397,0.006335,113.260000,127.400008,239.995007
13.700,-2.174217,0.461397,0.006335,113.260000,127.400008,239.995007
13.710,-0.959821,1.022256,1.320921,113.260000,127.400008,239.995007
13.720,-0.959821,1.022256,1.320921,113.260000,127.400008,239.995007
13.730,-1.658500,2.574191,1.416825,113.260000,127.400008,239.995007
13.740,-1.658500,2.574191,1.416825,113.260000,127.400008,239.995007
13.750,-1.121856,4.488031,0.616312,113.260000,127.400008,239.995007
13.760,-1.121856,4.488031,0.616312,113.260000,127.400008,239.995007
13.770,0.992977,6.231708,-0.330556,113.260000,127.400008,239.995007
13.780,0.992977,6.231708,-0.330556,113.260000,127.400008,239.995007
13.790,3.157937,7.389145,-0.810322,113.260000,127.400008,239.995007
13.800,3.157937,7.389145,-0.810322,113.260000,127.400008,239.995007
13.810,4.696454,6.985834,-0.632935,113.260000,127.400008,239.995007
13.820,4.696454,6.985834,-0.632935,113.260000,127.400008,239.995007
13.830,5.189854,5.477576,-0.067730,113.260000,127.400008,239.995007
13.840,5.189854,5.477576,-0.067730,113.260000,127.400008,239.995007
13.850,5.550097,3.435872,0.116283,-45.850001,-84.350002,145.284995
13.860,5.550097,3.435872,0.116283,-45.850001,-84.350002,145.284995
13.870,6.024081,2.210481,-1.012137,-45.850001,-84.350002,145.284995
13.880,6.024081,2.210481,-1.012137,-45.850001,-84.350002,145.284995
13.890,6.489460,1.873730,-1.891889,-45.850001,-84.350002,145.284995
13.900,6.489460,1.873730,-1.891889,-45.850001,-84.350002,145.284995
13.910,5.490364,1.422370,-1.898499,-45.850001,-84.350002,145.284995
13.920,5.490364,1.422370,-1.898499,-45.850001,-84.350002,145.284995
13.930,4.359730,0.155315,-1.507307,-45.850001,-84.350002,145.284995
13.940,4.359730,0.155315,-1.507307,-45.850001,-84.350002,145.284995
13.950,3.581637,-1.452090,-1.284375,-45.850001,-84.350002,145.284995
13.960,3.581637,-1.452090,-1.284375,-45.850001,-84.350002,145.284995
13.970,2.748473,-2.586701,-1.556140,-45.850001,-84.350002,145.284995
13.980,2.748473,-2.586701,-1.556140,-45.850001,-84.350002,145.284995
13.990,1.499671,-3.494390,-1.465179,-45.850001,-84.350002,145.284995
14.000,1.499671,-3.494390,-1.465179,-45.850001,-84.350002,145.284995
14.010,-0.083555,-4.549983,-2.125993,-15.295000,-202.860006,-55.930001
14.020,-0.083555,-4.549983,-2.125993,-15.295000,-202.860006,-55.930001
14.030,-1.403766,-6.158686,-0.821643,-15.295000,-202.860006,-55.930001
14.040,-1.403766,-6.158686,-0.821643,-15.295000,-202.860006,-55.930001
14.050,-1.940872,-7.629524,-0.090368,-15.295000,-202.860006,-55.930001
14.060,-1.940872,-7.629524,-0.090368,-15.295000,-202.860006,-55.930001
14.070,-2.326504,-8.032388,0.546368,-15.295000,-202.860006,-55.930001
14.080,-2.326504,-8.032388,0.546368,-15.295000,-202.860006,-55.930001
14.090,-1.717551,-7.663234,-0.248605,-15.295000,-202.860006,-55.930001
14.100,-1.717551,-7.663234,-0.248605,-15.295000,-202.860006,-55.930001
14.110,-2.140186,-6.438960,-0.802223,-15.295000,-202.860006,-55.930001
14.120,-2.140186,-6.438960,-0.802223,-15.295000,-202.860006,-55.930001
14.130,-1.363553,-4.827472,0.779420,-15.295000,-202.860006,-55.930001
14.140,-1.363553,-4.827472,0.779420,-15.295000,-202.860006,-55.930001
14.150,-0.629240,-3.337168,3.450609,-15.295000,-202.860006,-55.930001
14.160,-0.629240,-3.337168,3.450609,-15.295000,-202.860006,-55.930001
14.170,-0.327179,-0.859719,2.940531,-23.450000,-308.000004,-245.455006
14.180,-0.327179,-0.859719,2.940531,-23.450000,-308.000004,-245.455006
14.190,1.910277,1.836671,1.076794,-23.450000,-308.000004,-245.455006
14.200,1.910277,1.836671,1.076794,-23.450000,-308.000004,-245.455006
14.210,4.594715,2.940335,0.298319,-23.450000,-308.000004,-245.455006
14.220,4.594715,2.940335,0.298319,-23.450000,-308.000004,-245.455006
14.230,4.947572,1.769998,2.010365,-23.450000,-308.000004,-245.455006
14.240,4.947572,1.769998,2.010365,-23.450000,-308.000004,-245.455006
14.250,4.994268,1.055911,2.857107,-23.450000,-308.000004,-245.455006
14.260,4.994268,1.055911,2.857107,-23.450000,-308.000004,-245.455006
14.270,4.112252,1.038180,1.471657,-23.450000,-308.000004,-245.455006
14.280,4.112252,1.038180,1.471657,-23.450000,-308.000004,-245.455006
14.290,3.071450,0.855443,0.746369,-23.450000,-308.000004,-245.455006
14.300,3.071450,0.855443,0.746369,-23.450000,-308.000004,-245.455006
14.310,3.368872,0.736069,0.208277,-23.450000,-308.000004,-245.455006
14.320,3.368872,0.736069,0.208277,-23.450000,-308.000004,-245.455006
14.330,3.277368,0.983420,-0.168567,-54.319999,-228.725004,10.115000
14.340,3.277368,0.983420,-0.168567,-54.319999,-228.725004,10.115000
14.350,2.679355,0.905489,-0.096546,-54.319999,-228.725004,10.115000
14.360,2.679355,0.905489,-0.096546,-54.319999,-228.725004,10.115000
14.370,2.423127,0.793344,-0.404763,-54.319999,-228.725004,10.115000
14.380,2.423127,0.793344,-0.404763,-54.319999,-228.725004,10.115000
14.390,2.402019,0.636590,-0.314234,-54.319999,-228.725004,10.115000
14.400,2.402019,0.636590,-0.314234,-54.319999,-228.725004,10.115000
14.410,1.655380,0.116623,-0.485061,-54.319999,-228.725004,10.115000
14.420,1.655380,0.116623,-0.485061,-54.319999,-228.725004,10.115000
14.430,0.615620,-0.508125,-0.380388,-54.319999,-228.725004,10.115000
14.440,0.615620,-0.508125,-0.380388,-54.319999,-228.725004,10.115000
14.450,0.458019,-0.789572,-0.170235,-54.319999,-228.725004,10.115000
14.460,0.458019,-0.789572,-0.170235,-54.319999,-228.725004,10.115000
14.470,1.266636,-0.597181,0.266038,-54.319999,-228.725004,10.115000
14.480,1.266636,-0.597181,0.266038,-54.319999,-228.725004,10.115000
14.490,1.199098,-0.766964,0.695502,-49.980001,-62.685004,80.114998
14.500,1.199098,-0.766964,0.695502,-49.980001,-62.685004,80.114998
14.510,0.409570,-1.128804,0.726868,-49.980001,-62.685004,80.114998
14.520,0.409570,-1.128804,0.726868,-49.980001,-62.685004,80.114998
14.530,-0.237376,-1.276539,0.190761,-49.980001,-62.685004,80.114998
14.540,-0.237376,-1.276539,0.190761,-49.980001,-62.685004,80.114998
14.550,-0.174578,-1.101676,0.275192,-49.980001,-62.685004,80.114998
14.560,-0.174578,-1.101676,0.275192,-49.980001,-62.685004,80.114998
14.570,0.166796,-0.626598,0.461489,-49.980001,-62.685004,80.114998
14.580,0.166796,-0.626598,0.461489,-49.980001,-62.685004,80.114998
14.590,0.983857,-0.809651,0.206386,-49.980001,-62.685004,80.114998
14.600,0.983857,-0.809651,0.206386,-49.980001,-62.685004,80.114998
14.610,0.369537,-0.825850,-0.359701,-49.980001,-62.685004,80.114998
14.620,0.369537,-0.825850,-0.359701,-49.980001,-62.685004,80.114998
14.630,0.075363,-0.846470,-0.419920,-49.980001,-62.685004,80.114998
14.640,0.075363,-0.846470,-0.419920,-49.980001,-62.685004,80.114998
14.650,-0.525810,-0.772944,-0.203776,-36.295000,59.990002,74.795004
14.660,-0.525810,-0.772944,-0.203776,-36.295000,59.990002,74.795004
14.670,-1.106348,-0.932474,-0.122799,-36.295000,59.990002,74.795004
14.680,-1.106348,-0.932474,-0.122799,-36.295000,59.990002,74.795004
14.690,-1.203028,-0.868563,-0.149954,-36.295000,59.990002,74.795004
14.700,-1.203028,-0.868563,-0.149954,-36.295000,59.990002,74.795004
14.710,-1.062021,-0.583759,-0.181254,-36.295000,59.990002,74.795004
14.720,-1.062021,-0.583759,-0.181254,-36.295000,59.990002,74.795004
14.730,-1.062021,-0.583759,-0.181254,-36.295000,59.990002,74.795004
14.740,-1.021999,-0.549368,0.067602,-36.295000,59.990002,74.795004
14.750,-1.443923,-0.357134,0.274348,-36.295000,59.990002,74.795004
14.760,-1.443923,-0.357134,0.274348,-36.295000,59.990002,74.795004
14.770,-1.637809,-0.735817,0.763441,-36.295000,59.990002,74.795004
14.780,-1.637809,-0.735817,0.763441,-36.295000,59.990002,74.795004
14.790,-1.942317,-1.013864,0.773558,-36.295000,59.990002,74.795004
14.800,-1.942317,-1.013864,0.773558,-36.295000,59.990002,74.795004
14.810,-2.352559,-0.713408,0.304727,-34.789999,124.879996,71.680001
14.820,-2.352559,-0.713408,0.304727,-34.789999,124.879996,71.680001
14.830,-2.334072,-0.174246,-0.028199,-34.789999,124.879996,71.680001
14.840,-2.334072,-0.174246,-0.028199,-34.789999,124.879996,71.680001
14.850,-2.390152,-0.302203,0.132585,-34.789999,124.879996,71.680001
14.860,-2.390152,-0.302203,0.132585,-34.789999,124.879996,71.680001
14.870,-2.553767,-0.626750,0.464240,-34.789999,124.879996,71.680001
14.880,-2.553767,-0.626750,0.464240,-34.789999,124.879996,71.680001
14.890,-2.357133,-0.555030,0.241148,-34.789999,124.879996,71.680001
14.900,-2.357133,-0.555030,0.241148,-34.789999,124.879996,71.680001
14.910,-1.989136,-0.386563,0.271448,-34.789999,124.879996,71.680001
14.920,-1.989136,-0.386563,0.271448,-34.789999,124.879996,71.680001
14.930,-1.708146,-0.516109,0.381879,-34.789999,124.879996,71.680001
14.940,-1.708146,-0.516109,0.381879,-34.789999,124.879996,71.680001
14.950,-2.130746,-0.399480,0.334234,-34.789999,124.879996,71.680001
14.960,-2.130746,-0.399480,0.334234,-34.789999,124.879996,71.680001
14.970,-1.587760,0.046250,0.594914,13.790000,186.550006,71.890002
14.980,-1.587760,0.046250,0.594914,13.790000,186.550006,71.890002
14.990,-0.896712,0.496687,0.564038,13.790000,186.550006,71.890002
15.000,-0.896712,0.496687,0.564038,13.790000,186.550006,71.890002
15.010,-1.291978,0.468218,0.439738,13.790000,186.550006,71.890002
15.020,-1.291978,0.468218,0.439738,13.790000,186.550006,71.890002
15.030,-1.291978,0.468218,0.439738,13.790000,186.550006,71.890002
15.040,-1.805473,0.702101,0.305822,13.790000,186.550006,71.890002
15.050,-2.848338,1.502123,-0.228437,13.790000,186.550006,71.890002
15.060,-2.848338,1.502123,-0.228437,13.790000,186.550006,71.890002
15.070,-2.872433,2.316439,-0.165511,13.790000,186.550006,71.890002
15.080,-2.872433,2.316439,-0.165511,13.790000,186.550006,71.890002
15.090,-2.410953,2.167270,-0.436951,13.790000,186.550006,71.890002
15.100,-2.410953,2.167270,-0.436951,13.790000,186.550006,71.890002
15.110,-2.660430,2.398447,-1.224881,13.790000,186.550006,71.890002
15.120,-2.660430,2.398447,-1.224881,13.790000,186.550006,71.890002
15.130,-2.660430,2.398447,-1.224881,104.090000,338.939996,109.340004
15.140,-4.781119,2.313322,-1.575583,104.090000,338.939996,109.340004
15.150,-6.019900,1.745313,-1.203005,104.090000,338.939996,109.340004
15.160,-6.019900,1.745313,-1.203005,104.090000,338.939996,109.340004
15.170,-4.641622,1.649078,-0.797683,104.090000,338.939996,109.340004
15.180,-4.641622,1.649078,-0.797683,104.090000,338.939996,109.340004
15.190,-2.949069,1.296278,-0.496410,104.090000,338.939996,109.340004
15.200,-2.949069,1.296278,-0.496410,104.090000,338.939996,109.340004
15.210,-2.324778,0.581166,0.104697,104.090000,338.939996,109.340004
15.220,-2.324778,0.581166,0.104697,104.090000,338.939996,109.340004
15.230,-2.324778,0.581166,0.104697,104.090000,338.939996,109.340004
15.240,-2.324778,0.581166,0.104697,104.090000,338.939996,109.340004
15.250,-2.324778,0.581166,0.104697,104.090000,338.939996,109.340004
15.260,-2.324778,0.581166,0.104697,104.090000,338.939996,109.340004
15.270,-2.324778,0.581166,0.104697,104.090000,338.939996,109.340004
15.280,-2.324778,0.581166,0.104697,104.090000,338.939996,109.340004
15.290,-2.324778,0.581166,0.104697,29.225000,36.330002,258.895015
15.300,-2.324778,0.581166,0.104697,29.225000,36.330002,258.895015
15.310,-2.324778,0.581166,0.104697,29.225000,36.330002,258.895015
15.320,-2.324778,0.581166,0.104697,29.225000,36.330002,258.895015
15.330,-2.324778,0.581166,0.104697,29.225000,36.330002,258.895015
15.340,-2.324778,0.581166,0.104697,29.225000,36.330002,258.895015
15.350,-2.324778,0.581166,0.104697,29.225000,36.330002,258.895015
15.360,-2.324778,0.581166,0.104697,29.225000,36.330002,258.895015
15.370,0.030639,9.099382,1.740545,29.225000,36.330002,258.895015
15.380,0.030639,9.099382,1.740545,29.225000,36.330002,258.895015
15.390,0.030639,9.099382,1.740545,29.225000,36.330002,258.895015
15.400,0.030639,9.099382,1.740545,29.225000,36.330002,258.895015
15.410,0.030639,9.099382,1.740545,29.225000,36.330002,258.895015
15.420,0.030639,9.099382,1.740545,29.225000,36.330002,258.895015
15.430,0.030639,9.099382,1.740545,29.225000,36.330002,258.895015
15.440,0.030639,9.099382,1.740545,29.225000,36.330002,258.895015
15.450,0.030639,9.099382,1.740545,-37.205000,-97.510000,88.760002
15.460,0.030639,9.099382,1.740545,-37.205000,-97.510000,88.760002
15.470,0.030639,9.099382,1.740545,-37.205000,-97.510000,88.760002
15.480,0.030639,9.099382,1.740545,-37.205000,-97.510000,88.760002
15.490,0.030639,9.099382,1.740545,-37.205000,-97.510000,88.760002
15.500,0.030639,9.099382,1.740545,-37.205000,-97.510000,88.760002
15.510,0.030639,9.099382,1.740545,-37.205000,-97.510000,88.760002
15.520,0.030639,9.099382,1.740545,-37.205000,-97.510000,88.760002
15.530,9.641541,4.525216,-2.078199,-37.205000,-97.510000,88.760002
15.540,9.641541,4.525216,-2.078199,-37.205000,-97.510000,88.760002
15.550,9.641541,4.525216,-2.078199,-37.205000,-97.510000,88.760002
15.560,9.641541,4.525216,-2.078199,-37.205000,-97.510000,88.760002
15.570,9.641541,4.525216,-2.078199,-37.205000,-97.510000,88.760002
15.580,9.641541,4.525216,-2.078199,-37.205000,-97.510000,88.760002
15.590,9.641541,4.525216,-2.078199,-37.205000,-97.510000,88.760002
15.600,9.641541,4.525216,-2.078199,-37.205000,-97.510000,88.760002
15.610,9.641541,4.525216,-2.078199,41.720001,-170.975003,-192.850009
15.620,9.641541,4.525216,-2.078199,41.720001,-170.975003,-192.850009
15.630,9.641541,4.525216,-2.078199,41.720001,-170.975003,-192.850009
15.640,9.641541,4.525216,-2.078199,41.720001,-170.975003,-192.850009
15.650,9.641541,4.525216,-2.078199,41.720001,-170.975003,-192.850009
15.660,9.641541,4.525216,-2.078199,41.720001,-170.975003,-192.850009
15.670,9.641541,4.525216,-2.078199,41.720001,-170.975003,-192.850009
15.680,9.641541,4.525216,-2.078199,41.720001,-170.975003,-192.850009
15.690,-2.664195,-11.846370,-3.982062,41.720001,-170.975003,-192.850009
15.700,-2.664195,-11.846370,-3.982062,41.720001,-170.975003,-192.850009
15.710,-2.664195,-11.846370,-3.982062,41.720001,-170.975003,-192.850009
15.720,-2.664195,-11.846370,-3.982062,41.720001,-170.975003,-192.850009
15.730,-2.664195,-11.846370,-3.982062,41.720001,-170.975003,-192.850009
15.740,-2.664195,-11.846370,-3.982062,41.720001,-170.975003,-192.850009
15.750,-2.664195,-11.846370,-3.982062,41.720001,-170.975003,-192.850009
15.760,-2.664195,-11.846370,-3.982062,41.720001,-170.975003,-192.850009
15.770,-2.664195,-11.846370,-3.982062,-5.565000,-319.270007,-147.910000
15.780,-2.664195,-11.846370,-3.982062,-5.565000,-319.270007,-147.910000
15.790,-2.664195,-11.846370,-3.982062,-5.565000,-319.270007,-147.910000
15.800,-2.664195,-11.846370,-3.982062,-5.565000,-319.270007,-147.910000
15.810,-2.664195,-11.846370,-3.982062,-5.565000,-319.270007,-147.910000
15.820,-2.664195,-11.846370,-3.982062,-5.565000,-319.270007,-147.910000
15.830,-2.664195,-11.846370,-3.982062,-5.565000,-319.270007,-147.910000
15.840,-2.664195,-11.846370,-3.982062,-5.565000,-319.270007,-147.910000
15.850,10.159518,-0.861801,4.920160,-5.565000,-319.270007,-147.910000
15.860,10.159518,-0.861801,4.920160,-5.565000,-319.270007,-147.910000
15.870,10.159518,-0.861801,4.920160,-5.565000,-319.270007,-147.910000
15.880,10.159518,-0.861801,4.920160,-5.565000,-319.270007,-147.910000
15.890,10.159518,-0.861801,4.920160,-5.565000,-319.270007,-147.910000
15.900,10.159518,-0.861801,4.920160,-5.565000,-319.270007,-147.910000
15.910,10.159518,-0.861801,4.920160,-5.565000,-319.270007,-147.910000
15.920,10.159518,-0.861801,4.920160,-5.565000,-319.270007,-147.910000
15.930,10.159518,-0.861801,4.920160,-43.190001,-150.290007,43.645001
15.940,10.159518,-0.861801,4.920160,-43.190001,-150.290007,43.645001
15.950,10.159518,-0.861801,4.920160,-43.190001,-150.290007,43.645001
15.960,10.159518,-0.861801,4.920160,-43.190001,-150.290007,43.645001
15.970,10.159518,-0.861801,4.920160,-43.190001,-150.290007,43.645001
15.980,10.159518,-0.861801,4.920160,-43.190001,-150.290007,43.645001
15.990,10.159518,-0.861801,4.920160,-43.190001,-150.290007,43.645001
16.000,10.159518,-0.861801,4.920160,-43.190001,-150.290007,43.645001
16.010,9.416652,-0.314030,2.124196,-43.190001,-150.290007,43.645001
16.020,9.416652,-0.314030,2.124196,-43.190001,-150.290007,43.645001
16.030,9.416652,-0.314030,2.124196,-43.190001,-150.290007,43.645001
16.040,9.416652,-0.314030,2.124196,-43.190001,-150.290007,43.645001
16.050,9.416652,-0.314030,2.124196,-43.190001,-150.290007,43.645001
16.060,9.416652,-0.314030,2.124196,-43.190001,-150.290007,43.645001
16.070,9.416652,-0.314030,2.124196,-43.190001,-150.290007,43.645001
16.080,9.416652,-0.314030,2.124196,-43.190001,-150.290007,43.645001
16.090,9.416652,-0.314030,2.124196,-42.594999,-90.020001,38.850000
16.100,9.416652,-0.314030,2.124196,-42.594999,-90.020001,38.850000
16.110,9.416652,-0.314030,2.124196,-42.594999,-90.020001,38.850000
16.120,9.416652,-0.314030,2.124196,-42.594999,-90.020001,38.850000
16.130,9.416652,-0.314030,2.124196,-42.594999,-90.020001,38.850000
16.140,9.416652,-0.314030,2.124196,-42.594999,-90.020001,38.850000
16.150,9.416652,-0.314030,2.124196,-42.594999,-90.020001,38.850000
16.160,9.416652,-0.314030,2.124196,-42.594999,-90.020001,38.850000
16.170,7.414569,-0.649619,-0.350080,-42.594999,-90.020001,38.850000
16.180,7.414569,-0.649619,-0.350080,-42.594999,-90.020001,38.850000
16.190,7.414569,-0.649619,-0.350080,-42.594999,-90.020001,38.850000
16.200,7.414569,-0.649619,-0.350080,-42.594999,-90.020001,38.850000
16.210,7.414569,-0.649619,-0.350080,-42.594999,-90.020001,38.850000
16.220,7.414569,-0.649619,-0.350080,-42.594999,-90.020001,38.850000
16.230,7.414569,-0.649619,-0.350080,-42.594999,-90.020001,38.850000
16.240,7.414569,-0.649619,-0.350080,-42.594999,-90.020001,38.850000
16.250,7.414569,-0.649619,-0.350080,-44.765002,5.530000,41.650002
16.260,7.414569,-0.649619,-0.350080,-44.765002,5.530000,41.650002
16.270,7.414569,-0.649619,-0.350080,-44.765002,5.530000,41.650002
16.280,7.414569,-0.649619,-0.350080,-44.765002,5.530000,41.650002
16.290,7.414569,-0.649619,-0.350080,-44.765002,5.530000,41.650002
16.300,7.414569,-0.649619,-0.350080,-44.765002,5.530000,41.650002
16.310,7.414569,-0.649619,-0.350080,-44.765002,5.530000,41.650002
16.320,7.414569,-0.649619,-0.350080,-44.765002,5.530000,41.650002
16.330,3.807520,-2.415903,-0.216857,-44.765002,5.530000,41.650002
16.340,3.807520,-2.415903,-0.216857,-44.765002,5.530000,41.650002
16.350,3.807520,-2.415903,-0.216857,-44.765002,5.530000,41.650002
16.360,3.807520,-2.415903,-0.216857,-44.765002,5.530000,41.650002
16.370,3.807520,-2.415903,-0.216857,-44.765002,5.530000,41.650002
16.380,3.807520,-2.415903,-0.216857,-44.765002,5.530000,41.650002
16.390,3.807520,-2.415903,-0.216857,-44.765002,5.530000,41.650002
16.400,3.807520,-2.415903,-0.216857,-44.765002,5.530000,41.650002
16.410,3.807520,-2.415903,-0.216857,-35.105000,21.630000,66.920001
16.420,3.807520,-2.415903,-0.216857,-35.105000,21.630000,66.920001
16.430,3.807520,-2.415903,-0.216857,-35.105000,21.630000,66.920001
16.440,3.807520,-2.415903,-0.216857,-35.105000,21.630000,66.920001
16.450,3.807520,-2.415903,-0.216857,-35.105000,21.630000,66.920001
16.460,3.807520,-2.415903,-0.216857,-35.105000,21.630000,66.920001
16.470,3.807520,-2.415903,-0.216857,-35.105000,21.630000,66.920001
16.480,3.807520,-2.415903,-0.216857,-35.105000,21.630000,66.920001
16.490,-0.137315,-3.669955,-0.481859,-35.105000,21.630000,66.920001
16.500,-0.137315,-3.669955,-0.481859,-35.105000,21.630000,66.920001
16.510,-0.137315,-3.669955,-0.481859,-35.105000,21.630000,66.920001
16.520,-0.137315,-3.669955,-0.481859,-35.105000,21.630000,66.920001
16.530,-0.137315,-3.669955,-0.481859,-35.105000,21.630000,66.920001
16.540,-0.137315,-3.669955,-0.481859,-35.105000,21.630000,66.920001
16.550,-0.137315,-3.669955,-0.481859,-35.105000,21.630000,66.920001
16.560,-0.137315,-3.669955,-0.481859,-35.105000,21.630000,66.920001
16.570,-0.137315,-3.669955,-0.481859,-16.100001,126.350003,84.140001
16.580,-0.137315,-3.669955,-0.481859,-16.100001,126.350003,84.140001
16.590,-0.137315,-3.669955,-0.481859,-16.100001,126.350003,84.140001
16.600,-0.137315,-3.669955,-0.481859,-16.100001,126.350003,84.140001
16.610,-0.137315,-3.669955,-0.481859,-16.100001,126.350003,84.140001
16.620,-0.137315,-3.669955,-0.481859,-16.100001,126.350003,84.140001
16.630,-0.137315,-3.669955,-0.481859,-16.100001,126.350003,84.140001
16.640,-0.137315,-3.669955,-0.481859,-16.100001,126.350003,84.140001
16.650,-3.737546,0.295251,1.361323,-16.100001,126.350003,84.140001
16.660,-3.737546,0.295251,1.361323,-16.100001,126.350003,84.140001
16.670,-3.737546,0.295251,1.361323,-16.100001,126.350003,84.140001
16.680,-3.737546,0.295251,1.361323,-16.100001,126.350003,84.140001
16.690,-3.737546,0.295251,1.361323,-16.100001,126.350003,84.140001
16.700,-3.737546,0.295251,1.361323,-16.100001,126.350003,84.140001
16.710,-3.737546,0.295251,1.361323,-16.100001,126.350003,84.140001
16.720,-3.737546,0.295251,1.361323,-16.100001,126.350003,84.140001
16.730,-3.737546,0.295251,1.361323,119.770004,342.825008,75.109999
16.740,-3.737546,0.295251,1.361323,119.770004,342.825008,75.109999
16.750,-3.737546,0.295251,1.361323,119.770004,342.825008,75.109999
16.760,-3.737546,0.295251,1.361323,119.770004,342.825008,75.109999
16.770,-3.737546,0.295251,1.361323,119.770004,342.825008,75.109999
16.780,-3.737546,0.295251,1.361323,119.770004,342.825008,75.109999
16.790,-3.737546,0.295251,1.361323,119.770004,342.825008,75.109999
16.800,-3.737546,0.295251,1.361323,119.770004,342.825008,75.109999
16.810,-9.799146,4.541933,1.052666,119.770004,342.825008,75.109999
16.820,-9.799146,4.541933,1.052666,119.770004,342.825008,75.109999
16.830,-9.799146,4.541933,1.052666,119.770004,342.825008,75.109999
16.840,-9.799146,4.541933,1.052666,119.770004,342.825008,75.109999
16.850,-9.799146,4.541933,1.052666,119.770004,342.825008,75.109999
16.860,-9.799146,4.541933,1.052666,119.770004,342.825008,75.109999
16.870,-9.799146,4.541933,1.052666,119.770004,342.825008,75.109999
16.880,-9.799146,4.541933,1.052666,119.770004,342.825008,75.109999
16.890,-9.799146,4.541933,1.052666,146.404996,226.099998,233.834996
16.900,-9.799146,4.541933,1.052666,146.404996,226.099998,233.834996
16.910,-9.799146,4.541933,1.052666,146.404996,226.099998,233.834996
16.920,-9.799146,4.541933,1.052666,146.404996,226.099998,233.834996
16.930,-9.799146,4.541933,1.052666,146.404996,226.099998,233.834996
16.940,-9.799146,4.541933,1.052666,146.404996,226.099998,233.834996
16.950,-9.799146,4.541933,1.052666,146.404996,226.099998,233.834996
16.960,-9.799146,4.541933,1.052666,146.404996,226.099998,233.834996
16.970,-2.958977,11.867684,0.585475,146.404996,226.099998,233.834996
16.980,-2.958977,11.867684,0.585475,146.404996,226.099998,233.834996
16.990,-2.958977,11.867684,0.585475,146.404996,226.099998,233.834996
17.000,-2.958977,11.867684,0.585475,146.404996,226.099998,233.834996
17.010,-2.958977,11.867684,0.585475,146.404996,226.099998,233.834996
17.020,-2.958977,11.867684,0.585475,146.404996,226.099998,233.834996
17.030,-2.958977,11.867684,0.585475,146.404996,226.099998,233.834996
17.040,-2.958977,11.867684,0.585475,146.404996,226.099998,233.834996
17.050,-2.958977,11.867684,0.585475,-53.129999,-61.390000,112.875003
17.060,-2.958977,11.867684,0.585475,-53.129999,-61.390000,112.875003
17.070,-2.958977,11.867684,0.585475,-53.129999,-61.390000,112.875003
17.080,-2.958977,11.867684,0.585475,-53.129999,-61.390000,112.875003
17.090,-2.958977,11.867684,0.585475,-53.129999,-61.390000,112.875003
17.100,-2.958977,11.867684,0.585475,-53.129999,-61.390000,112.875003
17.110,-2.958977,11.867684,0.585475,-53.129999,-61.390000,112.875003
17.120,-2.958977,11.867684,0.585475,-53.129999,-61.390000,112.875003
17.130,4.530035,4.786190,-4.465591,-53.129999,-61.390000,112.875003
17.140,4.530035,4.786190,-4.465591,-53.129999,-61.390000,112.875003
17.150,4.530035,4.786190,-4.465591,-53.129999,-61.390000,112.875003
17.160,4.530035,4.786190,-4.465591,-53.129999,-61.390000,112.875003
17.170,4.530035,4.786190,-4.465591,-53.129999,-61.390000,112.875003
17.180,4.530035,4.786190,-4.465591,-53.129999,-61.390000,112.875003
17.190,4.530035,4.786190,-4.465591,-53.129999,-61.390000,112.875003
17.200,4.530035,4.786190,-4.465591,-53.129999,-61.390000,112.875003
17.210,4.530035,4.786190,-4.465591,-31.779999,-247.100016,-123.375005
17.220,4.530035,4.786190,-4.465591,-31.779999,-247.100016,-123.375005
17.230,4.530035,4.786190,-4.465591,-31.779999,-247.100016,-123.375005
17.240,4.530035,4.786190,-4.465591,-31.779999,-247.100016,-123.375005
17.250,4.530035,4.786190,-4.465591,-31.779999,-247.100016,-123.375005
17.260,4.530035,4.786190,-4.465591,-31.779999,-247.100016,-123.375005
17.270,4.530035,4.786190,-4.465591,-31.779999,-247.100016,-123.375005
17.280,4.530035,4.786190,-4.465591,-31.779999,-247.100016,-123.375005
17.290,-2.710072,-19.019395,0.511078,-31.779999,-247.100016,-123.375005
17.300,-2.710072,-19.019395,0.511078,-31.779999,-247.100016,-123.375005
17.310,-2.710072,-19.019395,0.511078,-31.779999,-247.100016,-123.375005
17.320,-2.710072,-19.019395,0.511078,-31.779999,-247.100016,-123.375005
17.330,-2.710072,-19.019395,0.511078,-31.779999,-247.100016,-123.375005
17.340,-2.710072,-19.019395,0.511078,-31.779999,-247.100016,-123.375005
17.350,-2.710072,-19.019395,0.511078,-31.779999,-247.100016,-123.375005
17.360,-2.710072,-19.019395,0.511078,-31.779999,-247.100016,-123.375005
17.370,-2.710072,-19.019395,0.511078,-39.025000,-79.204998,-10.045000
17.380,-2.710072,-19.019395,0.511078,-39.025000,-79.204998,-10.045000
17.390,-2.710072,-19.019395,0.511078,-39.025000,-79.204998,-10.045000
17.400,-2.710072,-19.019395,0.511078,-39.025000,-79.204998,-10.045000
17.410,-2.710072,-19.019395,0.511078,-39.025000,-79.204998,-10.045000
17.420,-2.710072,-19.019395,0.511078,-39.025000,-79.204998,-10.045000
17.430,-2.710072,-19.019395,0.511078,-39.025000,-79.204998,-10.045000
17.440,-2.710072,-19.019395,0.511078,-39.025000,-79.204998,-10.045000
17.450,2.890412,-2.238942,5.139804,-39.025000,-79.204998,-10.045000
17.460,2.890412,-2.238942,5.139804,-39.025000,-79.204998,-10.045000
17.470,2.890412,-2.238942,5.139804,-39.025000,-79.204998,-10.045000
17.480,2.890412,-2.238942,5.139804,-39.025000,-79.204998,-10.045000
17.490,2.890412,-2.238942,5.139804,-39.025000,-79.204998,-10.045000
17.500,2.890412,-2.238942,5.139804,-39.025000,-79.204998,-10.045000
17.510,2.890412,-2.238942,5.139804,-39.025000,-79.204998,-10.045000
17.520,2.890412,-2.238942,5.139804,-39.025000,-79.204998,-10.045000
17.530,2.890412,-2.238942,5.139804,43.155000,-70.385004,132.824995
17.540,2.890412,-2.238942,5.139804,43.155000,-70.385004,132.824995
17.550,2.890412,-2.238942,5.139804,43.155000,-70.385004,132.824995
17.560,2.890412,-2.238942,5.139804,43.155000,-70.385004,132.824995
17.570,2.890412,-2.238942,5.139804,43.155000,-70.385004,132.824995
17.580,2.890412,-2.238942,5.139804,43.155000,-70.385004,132.824995
17.590,2.890412,-2.238942,5.139804,43.155000,-70.385004,132.824995
17.600,2.890412,-2.238942,5.139804,43.155000,-70.385004,132.824995
17.610,5.558867,0.807992,2.757683,43.155000,-70.385004,132.824995
17.620,5.558867,0.807992,2.757683,43.155000,-70.385004,132.824995
17.630,5.558867,0.807992,2.757683,43.155000,-70.385004,132.824995
17.640,5.558867,0.807992,2.757683,43.155000,-70.385004,132.824995
17.650,5.558867,0.807992,2.757683,43.155000,-70.385004,132.824995
17.660,5.558867,0.807992,2.757683,43.155000,-70.385004,132.824995
17.670,5.558867,0.807992,2.757683,43.155000,-70.385004,132.824995
17.680,5.558867,0.807992,2.757683,43.155000,-70.385004,132.824995
17.690,5.558867,0.807992,2.757683,68.390001,58.275003,104.965002
17.700,5.558867,0.807992,2.757683,68.390001,58.275003,104.965002
17.710,5.558867,0.807992,2.757683,68.390001,58.275003,104.965002
17.720,5.558867,0.807992,2.757683,68.390001,58.275003,104.965002
17.730,5.558867,0.807992,2.757683,68.390001,58.275003,104.965002
17.740,5.558867,0.807992,2.757683,68.390001,58.275003,104.965002
17.750,5.558867,0.807992,2.757683,68.390001,58.275003,104.965002
17.760,5.558867,0.807992,2.757683,68.390001,58.275003,104.965002
17.770,2.949281,3.477298,0.886463,68.390001,58.275003,104.965002
17.780,2.949281,3.477298,0.886463,68.390001,58.275003,104.965002
17.790,2.949281,3.477298,0.886463,68.390001,58.275003,104.965002
17.800,2.949281,3.477298,0.886463,68.390001,58.275003,104.965002
17.810,2.949281,3.477298,0.886463,68.390001,58.275003,104.965002
17.820,2.949281,3.477298,0.886463,68.390001,58.275003,104.965002
17.830,2.949281,3.477298,0.886463,68.390001,58.275003,104.965002
17.840,2.949281,3.477298,0.886463,68.390001,58.275003,104.965002
17.850,2.949281,3.477298,0.886463,23.030001,-16.345000,52.745002
17.860,2.949281,3.477298,0.886463,23.030001,-16.345000,52.745002
17.870,2.949281,3.477298,0.886463,23.030001,-16.345000,52.745002
17.880,2.949281,3.477298,0.886463,23.030001,-16.345000,52.745002
17.890,2.949281,3.477298,0.886463,23.030001,-16.345000,52.745002
17.900,2.949281,3.477298,0.886463,23.030001,-16.345000,52.745002
17.910,2.949281,3.477298,0.886463,23.030001,-16.345000,52.745002
17.920,2.949281,3.477298,0.886463,23.030001,-16.345000,52.745002
17.930,3.841914,3.164910,1.038612,23.030001,-16.345000,52.745002
17.940,3.841914,3.164910,1.038612,23.030001,-16.345000,52.745002
17.950,3.841914,3.164910,1.038612,23.030001,-16.345000,52.745002
17.960,3.841914,3.164910,1.038612,23.030001,-16.345000,52.745002
17.970,3.841914,3.164910,1.038612,23.030001,-16.345000,52.745002
17.980,3.841914,3.164910,1.038612,23.030001,-16.345000,52.745002
17.990,3.841914,3.164910,1.038612,23.030001,-16.345000,52.745002
18.000,3.841914,3.164910,1.038612,23.030001,-16.345000,52.745002
18.010,3.841914,3.164910,1.038612,13.930000,-17.955000,24.080001
18.020,3.841914,3.164910,1.038612,13.930000,-17.955000,24.080001
18.030,3.841914,3.164910,1.038612,13.930000,-17.955000,24.080001
18.040,3.841914,3.164910,1.038612,13.930000,-17.955000,24.080001
18.050,3.841914,3.164910,1.038612,13.930000,-17.955000,24.080001
18.060,3.841914,3.164910,1.038612,13.930000,-17.955000,24.080001
18.070,3.841914,3.164910,1.038612,13.930000,-17.955000,24.080001
18.080,3.841914,3.164910,1.038612,13.930000,-17.955000,24.080001
18.090,1.592957,2.522351,0.476548,13.930000,-17.955000,24.080001
18.100,1.592957,2.522351,0.476548,13.930000,-17.955000,24.080001
18.110,1.592957,2.522351,0.476548,13.930000,-17.955000,24.080001
18.120,1.592957,2.522351,0.476548,13.930000,-17.955000,24.080001
18.130,1.592957,2.522351,0.476548,13.930000,-17.955000,24.080001
18.140,1.592957,2.522351,0.476548,13.930000,-17.955000,24.080001
18.150,1.592957,2.522351,0.476548,13.930000,-17.955000,24.080001
18.160,1.592957,2.522351,0.476548,13.930000,-17.955000,24.080001
18.170,1.592957,2.522351,0.476548,14.175000,-19.180001,15.050001
18.180,1.592957,2.522351,0.476548,14.175000,-19.180001,15.050001
18.190,1.592957,2.522351,0.476548,14.175000,-19.180001,15.050001
18.200,1.592957,2.522351,0.476548,14.175000,-19.180001,15.050001
18.210,1.592957,2.522351,0.476548,14.175000,-19.180001,15.050001
18.220,1.592957,2.522351,0.476548,14.175000,-19.180001,15.050001
18.230,1.592957,2.522351,0.476548,14.175000,-19.180001,15.050001
18.240,1.592957,2.522351,0.476548,14.175000,-19.180001,15.050001
