time,ax_filtered,ay_filtered,az_filtered,wx_filtered,wy_filtered,wz_filtered
0.000,-3.334644,-2.941995,7.724652,19.390000,-49.700001,1.190000
0.010,-3.334644,-2.941995,7.724652,19.390000,-49.700001,1.190000
0.020,-3.334644,-2.941995,7.724652,19.390000,-49.700001,1.190000
0.030,-3.334644,-2.941995,7.724652,19.390000,-49.700001,1.190000
0.040,-3.334644,-2.941995,7.724652,19.390000,-49.700001,1.190000
0.050,-1.786649,-3.046957,7.127826,19.390000,-49.700001,1.190000
0.060,-1.786649,-3.046957,7.127826,19.390000,-49.700001,1.190000
0.070,0.135531,-3.234356,7.201988,19.390000,-49.700001,1.190000
0.080,0.135531,-3.234356,7.201988,19.390000,-49.700001,1.190000
0.090,1.916526,-3.221469,6.968269,19.390000,-49.700001,1.190000
0.100,1.916526,-3.221469,6.968269,19.390000,-49.700001,1.190000
0.110,-1.301514,-2.393301,5.756574,19.390000,-49.700001,1.190000
0.120,-1.301514,-2.393301,5.756574,19.390000,-49.700001,1.190000
0.130,-0.169722,-2.688446,5.202852,19.390000,-49.700001,1.190000
0.140,-0.169722,-2.688446,5.202852,19.390000,-49.700001,1.190000
0.150,0.454154,-2.076058,4.669853,19.390000,-49.700001,1.190000
0.160,0.454154,-2.076058,4.669853,19.390000,-49.700001,1.190000
0.170,-0.724602,-1.519110,3.984879,19.390000,-49.700001,1.190000
0.180,-0.724602,-1.519110,3.984879,19.390000,-49.700001,1.190000
0.190,-2.387783,-0.753686,4.425226,19.390000,-49.700001,1.190000
0.200,-2.387783,-0.753686,4.425226,19.390000,-49.700001,1.190000
0.210,-0.014019,1.678247,4.842627,19.390000,-49.700001,1.190000
0.220,-0.014019,1.678247,4.842627,19.390000,-49.700001,1.190000
0.230,2.990156,3.842144,3.617443,19.390000,-49.700001,1.190000
0.240,2.990156,3.842144,3.617443,19.390000,-49.700001,1.190000
0.250,-1.191516,4.987161,0.340778,19.390000,-49.700001,1.190000
0.260,-1.191516,4.987161,0.340778,19.390000,-49.700001,1.190000
0.270,-3.824340,6.678896,-3.981395,19.390000,-49.700001,1.190000
0.280,-3.824340,6.678896,-3.981395,19.390000,-49.700001,1.190000
0.290,-4.425124,7.796695,-6.950716,19.390000,-49.700001,1.190000
0.300,-4.425124,7.796695,-6.950716,19.390000,-49.700001,1.190000
0.310,-2.770124,6.421230,-9.670939,19.390000,-49.700001,1.190000
0.320,-2.770124,6.421230,-9.670939,19.390000,-49.700001,1.190000
0.330,1.597385,3.982022,-11.073310,19.390000,-49.700001,1.190000
0.340,1.597385,3.982022,-11.073310,19.390000,-49.700001,1.190000
0.350,4.579991,1.477115,-10.729956,19.390000,-49.700001,1.190000
0.360,4.579991,1.477115,-10.729956,19.390000,-49.700001,1.190000
0.370,6.644295,-2.660523,-9.995587,19.390000,-49.700001,1.190000
0.380,6.644295,-2.660523,-9.995587,19.390000,-49.700001,1.190000
0.390,6.993293,-8.629155,-9.365953,19.390000,-49.700001,1.190000
0.400,6.993293,-8.629155,-9.365953,19.390000,-49.700001,1.190000
0.410,5.179001,-15.210246,-7.588530,-58.344999,-242.585015,-134.960003
0.420,5.179001,-15.210246,-7.588530,-58.344999,-242.585015,-134.960003
0.430,5.422662,-20.013517,-4.431275,-58.344999,-242.585015,-134.960003
0.440,5.422662,-20.013517,-4.431275,-58.344999,-242.585015,-134.960003
0.450,9.421499,-18.165596,1.967390,-58.344999,-242.585015,-134.960003
0.460,9.421499,-18.165596,1.967390,-58.344999,-242.585015,-134.960003
0.470,8.605971,-9.774719,4.245841,-58.344999,-242.585015,-134.960003
0.480,8.605971,-9.774719,4.245841,-58.344999,-242.585015,-134.960003
0.490,4.069195,-3.140547,-2.849320,-58.344999,-242.585015,-134.960003
0.500,4.069195,-3.140547,-2.849320,-58.344999,-242.585015,-134.960003
0.510,-5.585952,1.082696,-9.975378,-58.344999,-242.585015,-134.960003
0.520,-5.585952,1.082696,-9.975378,-58.344999,-242.585015,-134.960003
0.530,-17.410858,-0.658470,-7.972641,-58.344999,-242.585015,-134.960003
0.540,-17.410858,-0.658470,-7.972641,-58.344999,-242.585015,-134.960003
0.550,-14.876790,-4.319193,-6.111878,-58.344999,-242.585015,-134.960003
0.560,-14.876790,-4.319193,-6.111878,-58.344999,-242.585015,-134.960003
0.570,-5.737800,-2.878830,-2.993295,-207.514999,226.485002,132.544998
0.580,-5.737800,-2.878830,-2.993295,-207.514999,226.485002,132.544998
0.590,-8.440116,-2.896826,2.328646,-207.514999,226.485002,132.544998
0.600,-8.440116,-2.896826,2.328646,-207.514999,226.485002,132.544998
0.610,-14.147304,-2.779062,3.841485,-207.514999,226.485002,132.544998
0.620,-14.147304,-2.779062,3.841485,-207.514999,226.485002,132.544998
0.630,-16.914529,-1.874655,5.356299,-207.514999,226.485002,132.544998
0.640,-16.914529,-1.874655,5.356299,-207.514999,226.485002,132.544998
0.650,-15.117542,0.022989,7.887834,-207.514999,226.485002,132.544998
0.660,-15.117542,0.022989,7.887834,-207.514999,226.485002,132.544998
0.670,-15.117542,0.022989,7.887834,-207.514999,226.485002,132.544998
0.680,-14.357991,2.960386,11.261476,-207.514999,226.485002,132.544998
0.690,-13.047413,6.608919,10.323119,-207.514999,226.485002,132.544998
0.700,-13.047413,6.608919,10.323119,-207.514999,226.485002,132.544998
0.710,-12.862778,11.083019,8.201034,-207.514999,226.485002,132.544998
0.720,-12.862778,11.083019,8.201034,-207.514999,226.485002,132.544998
0.730,-16.792874,9.320355,13.728109,-53.445001,557.094981,282.485013
0.740,-16.792874,9.320355,13.728109,-53.445001,557.094981,282.485013
0.750,-13.876746,4.859054,19.806557,-53.445001,557.094981,282.485013
0.760,-13.876746,4.859054,19.806557,-53.445001,557.094981,282.485013
0.770,-7.037002,4.775971,15.079102,-53.445001,557.094981,282.485013
0.780,-7.037002,4.775971,15.079102,-53.445001,557.094981,282.485013
0.790,-6.968438,5.661439,7.544943,-53.445001,557.094981,282.485013
0.800,-6.968438,5.661439,7.544943,-53.445001,557.094981,282.485013
0.810,0.131112,4.933293,1.109645,-53.445001,557.094981,282.485013
0.820,4.609818,2.960223,-1.433702,-53.445001,557.094981,282.485013
0.830,4.609818,2.960223,-1.433702,-53.445001,557.094981,282.485013
0.840,4.609818,2.960223,-1.433702,-53.445001,557.094981,282.485013
0.850,6.463213,-4.017637,-4.188555,-53.445001,557.094981,282.485013
0.860,6.463213,-4.017637,-4.188555,-53.445001,557.094981,282.485013
0.870,7.344507,-7.883760,-2.531070,-53.445001,557.094981,282.485013
0.880,7.344507,-7.883760,-2.531070,-53.445001,557.094981,282.485013
0.890,13.923953,5.493533,-7.433836,-213.325003,-65.484999,366.415006
0.900,13.923953,5.493533,-7.433836,-213.325003,-65.484999,366.415006
0.910,11.131501,11.885805,-8.222518,-213.325003,-65.484999,366.415006
0.920,11.131501,11.885805,-8.222518,-213.325003,-65.484999,366.415006
0.930,9.223151,12.418078,-8.368877,-213.325003,-65.484999,366.415006
0.940,9.223151,12.418078,-8.368877,-213.325003,-65.484999,366.415006
0.950,15.819518,9.288986,-8.855629,-213.325003,-65.484999,366.415006
0.960,15.819518,9.288986,-8.855629,-213.325003,-65.484999,366.415006
0.970,23.636382,6.689943,-6.214929,-213.325003,-65.484999,366.415006
0.980,23.636382,6.689943,-6.214929,-213.325003,-65.484999,366.415006
0.990,23.542364,6.958943,-1.491732,-213.325003,-65.484999,366.415006
1.000,23.542364,6.958943,-1.491732,-213.325003,-65.484999,366.415006
1.010,24.539752,6.727863,0.055430,-213.325003,-65.484999,366.415006
1.020,24.539752,6.727863,0.055430,-213.325003,-65.484999,366.415006
1.030,23.311212,6.171419,0.417839,-213.325003,-65.484999,366.415006
1.040,23.311212,6.171419,0.417839,-213.325003,-65.484999,366.415006
1.050,18.152891,4.121192,2.194088,-28.070001,-256.129990,-139.510002
1.060,18.152891,4.121192,2.194088,-28.070001,-256.129990,-139.510002
1.070,12.198979,-3.837768,1.609702,-28.070001,-256.129990,-139.510002
1.080,12.198979,-3.837768,1.609702,-28.070001,-256.129990,-139.510002
1.090,8.251793,-14.066304,-1.543142,-28.070001,-256.129990,-139.510002
1.100,8.251793,-14.066304,-1.543142,-28.070001,-256.129990,-139.510002
1.110,-4.059466,-25.329033,-9.635289,-28.070001,-256.129990,-139.510002
1.120,-4.059466,-25.329033,-9.635289,-28.070001,-256.129990,-139.510002
1.130,-9.483989,-41.146413,-11.504477,-28.070001,-256.129990,-139.510002
1.140,-9.483989,-41.146413,-11.504477,-28.070001,-256.129990,-139.510002
1.150,-34.352451,-52.697065,-2.269974,-28.070001,-256.129990,-139.510002
1.160,-34.352451,-52.697065,-2.269974,-28.070001,-256.129990,-139.510002
1.170,-45.258428,-14.978676,35.522074,-28.070001,-256.129990,-139.510002
1.180,-45.258428,-14.978676,35.522074,-28.070001,-256.129990,-139.510002
1.190,-12.766551,6.370053,-27.543452,-28.070001,-256.129990,-139.510002
1.200,-12.766551,6.370053,-27.543452,-28.070001,-256.129990,-139.510002
1.210,6.433164,19.235239,-14.072605,123.724997,-689.465031,-155.889997
1.220,6.433164,19.235239,-14.072605,123.724997,-689.465031,-155.889997
1.230,9.978988,20.119134,-9.677910,123.724997,-689.465031,-155.889997
1.240,9.978988,20.119134,-9.677910,123.724997,-689.465031,-155.889997
1.250,27.152127,17.556728,1.616127,123.724997,-689.465031,-155.889997
1.260,27.152127,17.556728,1.616127,123.724997,-689.465031,-155.889997
1.270,15.830050,13.127924,2.346351,123.724997,-689.465031,-155.889997
1.280,15.830050,13.127924,2.346351,123.724997,-689.465031,-155.889997
1.290,-6.506812,12.088259,0.524835,123.724997,-689.465031,-155.889997
1.300,-6.506812,12.088259,0.524835,123.724997,-689.465031,-155.889997
1.310,-2.451160,6.355116,-1.702352,123.724997,-689.465031,-155.889997
1.320,-2.451160,6.355116,-1.702352,123.724997,-689.465031,-155.889997
1.330,22.580597,3.659064,5.872438,123.724997,-689.465031,-155.889997
1.340,22.580597,3.659064,5.872438,123.724997,-689.465031,-155.889997
1.350,5.442247,-2.267209,6.678434,123.724997,-689.465031,-155.889997
1.360,5.442247,-2.267209,6.678434,123.724997,-689.465031,-155.889997
1.370,-7.881531,-3.031937,5.551522,-101.745005,-112.630004,42.034999
1.380,-7.881531,-3.031937,5.551522,-101.745005,-112.630004,42.034999
1.390,-4.276857,-1.998424,4.841528,-101.745005,-112.630004,42.034999
1.400,-4.276857,-1.998424,4.841528,-101.745005,-112.630004,42.034999
1.410,2.885799,-1.794106,6.217625,-101.745005,-112.630004,42.034999
1.420,2.885799,-1.794106,6.217625,-101.745005,-112.630004,42.034999
1.430,-0.388190,-2.793276,4.365015,-101.745005,-112.630004,42.034999
1.440,-0.388190,-2.793276,4.365015,-101.745005,-112.630004,42.034999
1.450,3.296074,-0.016632,0.438926,-101.745005,-112.630004,42.034999
1.460,3.296074,-0.016632,0.438926,-101.745005,-112.630004,42.034999
1.470,1.357398,2.026554,2.507838,-101.745005,-112.630004,42.034999
1.480,1.357398,2.026554,2.507838,-101.745005,-112.630004,42.034999
1.490,-6.910715,-2.937317,2.199722,-101.745005,-112.630004,42.034999
1.500,-6.910715,-2.937317,2.199722,-101.745005,-112.630004,42.034999
1.510,-1.571436,-2.907223,-0.981105,-101.745005,-112.630004,42.034999
1.520,-1.571436,-2.907223,-0.981105,-101.745005,-112.630004,42.034999
1.530,6.781623,1.420668,-0.811699,-107.660003,29.050000,100.205002
1.540,6.781623,1.420668,-0.811699,-107.660003,29.050000,100.205002
1.550,0.849500,1.600052,-1.369535,-107.660003,29.050000,100.205002
1.560,0.849500,1.600052,-1.369535,-107.660003,29.050000,100.205002
1.570,-10.113461,-2.485559,2.342446,-107.660003,29.050000,100.205002
1.580,-10.113461,-2.485559,2.342446,-107.660003,29.050000,100.205002
1.590,-8.648139,-5.880461,2.611371,-107.660003,29.050000,100.205002
1.600,-8.648139,-5.880461,2.611371,-107.660003,29.050000,100.205002
1.610,1.610593,-1.101575,-0.942921,-107.660003,29.050000,100.205002
1.620,1.610593,-1.101575,-0.942921,-107.660003,29.050000,100.205002
1.630,1.587271,1.085816,-2.539453,-107.660003,29.050000,100.205002
1.640,1.587271,1.085816,-2.539453,-107.660003,29.050000,100.205002
1.650,-1.972890,-2.255301,-0.754017,-107.660003,29.050000,100.205002
1.660,-1.972890,-2.255301,-0.754017,-107.660003,29.050000,100.205002
1.670,3.941759,-1.428830,0.115047,-107.660003,29.050000,100.205002
1.680,3.941759,-1.428830,0.115047,-107.660003,29.050000,100.205002
1.690,2.044413,-2.824751,-1.016956,-126.805003,61.284999,103.529999
1.700,2.044413,-2.824751,-1.016956,-126.805003,61.284999,103.529999
1.710,-3.434431,-2.750133,-2.248171,-126.805003,61.284999,103.529999
1.720,-3.434431,-2.750133,-2.248171,-126.805003,61.284999,103.529999
1.730,-7.673854,-3.615559,-2.353991,-126.805003,61.284999,103.529999
1.740,-7.673854,-3.615559,-2.353991,-126.805003,61.284999,103.529999
1.750,-7.121664,-2.580243,-2.059406,-126.805003,61.284999,103.529999
1.760,-7.121664,-2.580243,-2.059406,-126.805003,61.284999,103.529999
1.770,-3.276314,0.100164,-1.061425,-126.805003,61.284999,103.529999
1.780,-3.276314,0.100164,-1.061425,-126.805003,61.284999,103.529999
1.790,-2.601898,1.577944,0.183240,-126.805003,61.284999,103.529999
1.800,-2.601898,1.577944,0.183240,-126.805003,61.284999,103.529999
1.810,-4.824316,2.315803,0.387928,-126.805003,61.284999,103.529999
1.820,-4.824316,2.315803,0.387928,-126.805003,61.284999,103.529999
1.830,-8.368213,2.559412,1.135863,-126.805003,61.284999,103.529999
1.840,-8.368213,2.559412,1.135863,-126.805003,61.284999,103.529999
1.850,-11.668763,2.375055,2.578886,-29.785000,507.745007,152.704998
1.860,-11.668763,2.375055,2.578886,-29.785000,507.745007,152.704998
1.870,-13.211703,3.847967,2.179945,-29.785000,507.745007,152.704998
1.880,-13.211703,3.847967,2.179945,-29.785000,507.745007,152.704998
1.890,-13.557326,3.105189,4.421631,-29.785000,507.745007,152.704998
1.900,-13.557326,3.105189,4.421631,-29.785000,507.745007,152.704998
1.910,-8.332906,1.953596,6.986871,-29.785000,507.745007,152.704998
1.920,-8.332906,1.953596,6.986871,-29.785000,507.745007,152.704998
1.930,-6.520758,3.294363,3.969101,-29.785000,507.745007,152.704998
1.940,-6.520758,3.294363,3.969101,-29.785000,507.745007,152.704998
1.950,-10.154408,4.196510,0.790656,-29.785000,507.745007,152.704998
1.960,-10.154408,4.196510,0.790656,-29.785000,507.745007,152.704998
1.970,-10.925699,1.026213,1.228202,-29.785000,507.745007,152.704998
1.980,-10.925699,1.026213,1.228202,-29.785000,507.745007,152.704998
1.990,-2.647795,-4.480749,1.695076,-29.785000,507.745007,152.704998
2.000,-2.647795,-4.480749,1.695076,-29.785000,507.745007,152.704998
2.010,3.918983,-3.145982,-3.007132,5.005000,107.450002,489.124982
2.020,3.918983,-3.145982,-3.007132,5.005000,107.450002,489.124982
2.030,6.778204,4.627512,-7.128987,5.005000,107.450002,489.124982
2.040,6.778204,4.627512,-7.128987,5.005000,107.450002,489.124982
2.050,8.805090,11.959133,-7.785187,5.005000,107.450002,489.124982
2.060,8.805090,11.959133,-7.785187,5.005000,107.450002,489.124982
2.070,10.650698,13.817493,-4.697776,5.005000,107.450002,489.124982
2.080,10.650698,13.817493,-4.697776,5.005000,107.450002,489.124982
2.090,19.340435,12.063390,-1.352527,5.005000,107.450002,489.124982
2.100,19.340435,12.063390,-1.352527,5.005000,107.450002,489.124982
2.110,22.873304,11.525851,2.968967,5.005000,107.450002,489.124982
2.120,22.873304,11.525851,2.968967,5.005000,107.450002,489.124982
2.130,17.678066,9.722506,3.639313,5.005000,107.450002,489.124982
2.140,17.678066,9.722506,3.639313,5.005000,107.450002,489.124982
2.150,11.443709,5.697922,0.724107,5.005000,107.450002,489.124982
2.160,11.443709,5.697922,0.724107,5.005000,107.450002,489.124982
2.170,8.153233,1.076210,-1.012379,-65.415003,-221.549999,63.420000
2.180,8.153233,1.076210,-1.012379,-65.415003,-221.549999,63.420000
2.190,5.819649,-3.764630,-3.242412,-65.415003,-221.549999,63.420000
2.200,5.819649,-3.764630,-3.242412,-65.415003,-221.549999,63.420000
2.210,6.119055,-9.636939,-4.340739,-65.415003,-221.549999,63.420000
2.220,6.119055,-9.636939,-4.340739,-65.415003,-221.549999,63.420000
2.230,3.608122,-15.595094,-4.729069,-65.415003,-221.549999,63.420000
2.240,3.608122,-15.595094,-4.729069,-65.415003,-221.549999,63.420000
2.250,-0.473047,-22.949271,-8.828317,-65.415003,-221.549999,63.420000
2.260,-0.473047,-22.949271,-8.828317,-65.415003,-221.549999,63.420000
2.270,-9.639210,-39.522245,-4.589922,-65.415003,-221.549999,63.420000
2.280,-9.639210,-39.522245,-4.589922,-65.415003,-221.549999,63.420000
2.290,-35.177650,-36.785441,17.854808,-65.415003,-221.549999,63.420000
2.300,-35.177650,-36.785441,17.854808,-65.415003,-221.549999,63.420000
2.310,-31.258414,0.510662,-11.378164,-65.415003,-221.549999,63.420000
2.320,-31.258414,0.510662,-11.378164,-65.415003,-221.549999,63.420000
2.330,3.974603,6.300181,-24.599720,56.280001,-591.290023,-375.095001
2.340,3.974603,6.300181,-24.599720,56.280001,-591.290023,-375.095001
2.350,33.386846,14.887017,-7.990326,56.280001,-591.290023,-375.095001
2.360,33.386846,14.887017,-7.990326,56.280001,-591.290023,-375.095001
2.370,11.110774,17.690174,8.099363,56.280001,-591.290023,-375.095001
2.380,11.110774,17.690174,8.099363,56.280001,-591.290023,-375.095001
2.390,-1.479232,12.784571,5.330274,56.280001,-591.290023,-375.095001
2.400,-1.479232,12.784571,5.330274,56.280001,-591.290023,-375.095001
2.410,6.669596,13.401411,-1.514426,56.280001,-591.290023,-375.095001
2.420,6.669596,13.401411,-1.514426,56.280001,-591.290023,-375.095001
2.430,4.222852,10.253781,0.416516,56.280001,-591.290023,-375.095001
2.440,4.222852,10.253781,0.416516,56.280001,-591.290023,-375.095001
2.450,3.215476,2.250081,-0.668521,56.280001,-591.290023,-375.095001
2.460,3.215476,2.250081,-0.668521,56.280001,-591.290023,-375.095001
2.470,14.863255,-0.458146,4.374254,56.280001,-591.290023,-375.095001
2.480,14.863255,-0.458146,4.374254,56.280001,-591.290023,-375.095001
2.490,4.983811,-1.801122,4.775034,-25.900000,-224.210003,105.665000
2.500,4.983811,-1.801122,4.775034,-25.900000,-224.210003,105.665000
2.510,-4.490341,-1.287669,4.044125,-25.900000,-224.210003,105.665000
2.520,-4.490341,-1.287669,4.044125,-25.900000,-224.210003,105.665000
2.530,0.144597,-1.005236,3.616457,-25.900000,-224.210003,105.665000
2.540,0.144597,-1.005236,3.616457,-25.900000,-224.210003,105.665000
2.550,4.563147,0.247345,3.659310,-25.900000,-224.210003,105.665000
2.560,4.563147,0.247345,3.659310,-25.900000,-224.210003,105.665000
2.570,1.681526,-1.684924,2.649720,-25.900000,-224.210003,105.665000
2.580,1.681526,-1.684924,2.649720,-25.900000,-224.210003,105.665000
2.590,-0.535664,-3.119649,1.539422,-25.900000,-224.210003,105.665000
2.600,-0.535664,-3.119649,1.539422,-25.900000,-224.210003,105.665000
2.610,0.316545,-2.016878,0.645437,-25.900000,-224.210003,105.665000
2.620,0.316545,-2.016878,0.645437,-25.900000,-224.210003,105.665000
2.630,1.649534,-2.241741,0.859199,-25.900000,-224.210003,105.665000
2.640,1.649534,-2.241741,0.859199,-25.900000,-224.210003,105.665000
2.650,1.788891,-2.887065,2.072165,-122.220006,-114.170000,98.140003
2.660,1.788891,-2.887065,2.072165,-122.220006,-114.170000,98.140003
2.670,0.858420,-2.455219,1.414482,-122.220006,-114.170000,98.140003
2.680,0.858420,-2.455219,1.414482,-122.220006,-114.170000,98.140003
2.690,-0.031525,-2.582837,1.489758,-122.220006,-114.170000,98.140003
2.700,-0.031525,-2.582837,1.489758,-122.220006,-114.170000,98.140003
2.710,-1.337242,-2.909028,0.622944,-122.220006,-114.170000,98.140003
2.720,-1.337242,-2.909028,0.622944,-122.220006,-114.170000,98.140003
2.730,-0.625430,-2.832878,0.586462,-122.220006,-114.170000,98.140003
2.740,-0.625430,-2.832878,0.586462,-122.220006,-114.170000,98.140003
2.750,-0.427560,-2.865811,0.183781,-122.220006,-114.170000,98.140003
2.760,-0.427560,-2.865811,0.183781,-122.220006,-114.170000,98.140003
2.770,-2.092688,-2.101112,-1.153506,-122.220006,-114.170000,98.140003
2.780,-2.092688,-2.101112,-1.153506,-122.220006,-114.170000,98.140003
2.790,-3.384569,-1.259511,-1.399730,-122.220006,-114.170000,98.140003
2.800,-3.384569,-1.259511,-1.399730,-122.220006,-114.170000,98.140003
2.810,-4.098207,-1.501771,-1.087223,-100.555001,-30.450001,147.489998
2.820,-4.098207,-1.501771,-1.087223,-100.555001,-30.450001,147.489998
2.830,-3.826359,-1.498298,-1.176236,-100.555001,-30.450001,147.489998
2.840,-3.826359,-1.498298,-1.176236,-100.555001,-30.450001,147.489998
2.850,-3.162601,-1.418905,-0.973550,-100.555001,-30.450001,147.489998
2.860,-3.162601,-1.418905,-0.973550,-100.555001,-30.450001,147.489998
2.870,-2.639257,-1.039356,-0.817147,-100.555001,-30.450001,147.489998
2.880,-2.639257,-1.039356,-0.817147,-100.555001,-30.450001,147.489998
2.890,-4.224049,-0.950237,0.340355,-100.555001,-30.450001,147.489998
2.900,-4.224049,-0.950237,0.340355,-100.555001,-30.450001,147.489998
2.910,-4.300528,-0.340726,0.381459,-100.555001,-30.450001,147.489998
2.920,-4.300528,-0.340726,0.381459,-100.555001,-30.450001,147.489998
2.930,-3.848394,0.673608,1.100042,-100.555001,-30.450001,147.489998
2.940,-3.848394,0.673608,1.100042,-100.555001,-30.450001,147.489998
2.950,-4.344769,0.575278,0.284357,-100.555001,-30.450001,147.489998
2.960,-4.344769,0.575278,0.284357,-100.555001,-30.450001,147.489998
2.970,-7.614911,1.743515,-1.222443,-35.700002,393.714999,192.045003
2.980,-7.614911,1.743515,-1.222443,-35.700002,393.714999,192.045003
2.990,-9.665994,3.949904,-0.081566,-35.700002,393.714999,192.045003
3.000,-9.665994,3.949904,-0.081566,-35.700002,393.714999,192.045003
3.010,-9.665994,3.949904,-0.081566,-35.700002,393.714999,192.045003
3.020,-10.274480,4.067804,1.535990,-35.700002,393.714999,192.045003
3.030,-10.274480,4.067804,1.535990,-35.700002,393.714999,192.045003
3.040,-10.274480,4.067804,1.535990,-35.700002,393.714999,192.045003
3.050,-10.274480,4.067804,1.535990,-35.700002,393.714999,192.045003
3.060,-10.274480,4.067804,1.535990,-35.700002,393.714999,192.045003
3.070,-10.274480,4.067804,1.535990,-35.700002,393.714999,192.045003
3.080,-10.274480,4.067804,1.535990,-35.700002,393.714999,192.045003
3.090,-10.274480,4.067804,1.535990,-35.700002,393.714999,192.045003
3.100,-10.274480,4.067804,1.535990,-35.700002,393.714999,192.045003
3.110,-10.274480,4.067804,1.535990,-35.700002,393.714999,192.045003
3.120,-10.274480,4.067804,1.535990,-35.700002,393.714999,192.045003
3.130,-10.274480,4.067804,1.535990,50.295000,430.919995,354.445017
3.140,-10.274480,4.067804,1.535990,50.295000,430.919995,354.445017
3.150,-10.274480,4.067804,1.535990,50.295000,430.919995,354.445017
3.160,-10.274480,4.067804,1.535990,50.295000,430.919995,354.445017
3.170,-8.284705,0.779597,0.512447,50.295000,430.919995,354.445017
3.180,-8.284705,0.779597,0.512447,50.295000,430.919995,354.445017
3.190,-8.284705,0.779597,0.512447,50.295000,430.919995,354.445017
3.200,-8.284705,0.779597,0.512447,50.295000,430.919995,354.445017
3.210,-8.284705,0.779597,0.512447,50.295000,430.919995,354.445017
3.220,-8.284705,0.779597,0.512447,50.295000,430.919995,354.445017
3.230,-8.284705,0.779597,0.512447,50.295000,430.919995,354.445017
3.240,-8.284705,0.779597,0.512447,50.295000,430.919995,354.445017
3.250,-8.284705,0.779597,0.512447,50.295000,430.919995,354.445017
3.260,-8.284705,0.779597,0.512447,50.295000,430.919995,354.445017
3.270,-8.284705,0.779597,0.512447,50.295000,430.919995,354.445017
3.280,-8.284705,0.779597,0.512447,50.295000,430.919995,354.445017
3.290,-8.284705,0.779597,0.512447,-75.145004,-94.709999,458.850032
3.300,-8.284705,0.779597,0.512447,-75.145004,-94.709999,458.850032
3.310,-8.284705,0.779597,0.512447,-75.145004,-94.709999,458.850032
3.320,-8.284705,0.779597,0.512447,-75.145004,-94.709999,458.850032
3.330,15.498489,22.487527,3.384514,-75.145004,-94.709999,458.850032
3.340,15.498489,22.487527,3.384514,-75.145004,-94.709999,458.850032
3.350,15.498489,22.487527,3.384514,-75.145004,-94.709999,458.850032
3.360,15.498489,22.487527,3.384514,-75.145004,-94.709999,458.850032
3.370,15.498489,22.487527,3.384514,-75.145004,-94.709999,458.850032
3.380,15.498489,22.487527,3.384514,-75.145004,-94.709999,458.850032
3.390,15.498489,22.487527,3.384514,-75.145004,-94.709999,458.850032
3.400,15.498489,22.487527,3.384514,-75.145004,-94.709999,458.850032
3.410,15.498489,22.487527,3.384514,-75.145004,-94.709999,458.850032
3.420,15.498489,22.487527,3.384514,-75.145004,-94.709999,458.850032
3.430,15.498489,22.487527,3.384514,-75.145004,-94.709999,458.850032
3.440,15.498489,22.487527,3.384514,-75.145004,-94.709999,458.850032
3.450,15.498489,22.487527,3.384514,-23.380000,-644.910013,-432.495009
3.460,15.498489,22.487527,3.384514,-23.380000,-644.910013,-432.495009
3.470,15.498489,22.487527,3.384514,-23.380000,-644.910013,-432.495009
3.480,15.498489,22.487527,3.384514,-23.380000,-644.910013,-432.495009
3.490,-13.211504,-6.220146,-24.519251,-23.380000,-644.910013,-432.495009
3.500,-13.211504,-6.220146,-24.519251,-23.380000,-644.910013,-432.495009
3.510,-13.211504,-6.220146,-24.519251,-23.380000,-644.910013,-432.495009
3.520,-13.211504,-6.220146,-24.519251,-23.380000,-644.910013,-432.495009
3.530,-13.211504,-6.220146,-24.519251,-23.380000,-644.910013,-432.495009
3.540,-13.211504,-6.220146,-24.519251,-23.380000,-644.910013,-432.495009
3.550,-13.211504,-6.220146,-24.519251,-23.380000,-644.910013,-432.495009
3.560,-13.211504,-6.220146,-24.519251,-23.380000,-644.910013,-432.495009
3.570,-13.211504,-6.220146,-24.519251,-23.380000,-644.910013,-432.495009
3.580,-13.211504,-6.220146,-24.519251,-23.380000,-644.910013,-432.495009
3.590,-13.211504,-6.220146,-24.519251,-23.380000,-644.910013,-432.495009
3.600,-13.211504,-6.220146,-24.519251,-23.380000,-644.910013,-432.495009
3.610,-13.211504,-6.220146,-24.519251,-62.615001,-64.085001,150.009997
3.620,-13.211504,-6.220146,-24.519251,-62.615001,-64.085001,150.009997
3.630,-13.211504,-6.220146,-24.519251,-62.615001,-64.085001,150.009997
3.640,-13.211504,-6.220146,-24.519251,-62.615001,-64.085001,150.009997
3.650,12.884396,-3.344229,-1.141740,-62.615001,-64.085001,150.009997
3.660,12.884396,-3.344229,-1.141740,-62.615001,-64.085001,150.009997
3.670,12.884396,-3.344229,-1.141740,-62.615001,-64.085001,150.009997
3.680,12.884396,-3.344229,-1.141740,-62.615001,-64.085001,150.009997
3.690,12.884396,-3.344229,-1.141740,-62.615001,-64.085001,150.009997
3.700,12.884396,-3.344229,-1.141740,-62.615001,-64.085001,150.009997
3.710,12.884396,-3.344229,-1.141740,-62.615001,-64.085001,150.009997
3.720,12.884396,-3.344229,-1.141740,-62.615001,-64.085001,150.009997
3.730,12.884396,-3.344229,-1.141740,-62.615001,-64.085001,150.009997
3.740,12.884396,-3.344229,-1.141740,-62.615001,-64.085001,150.009997
3.750,12.884396,-3.344229,-1.141740,-62.615001,-64.085001,150.009997
3.760,12.884396,-3.344229,-1.141740,-62.615001,-64.085001,150.009997
3.770,12.884396,-3.344229,-1.141740,-191.345004,-83.790001,245.490003
3.780,12.884396,-3.344229,-1.141740,-191.345004,-83.790001,245.490003
3.790,12.884396,-3.344229,-1.141740,-191.345004,-83.790001,245.490003
3.800,12.884396,-3.344229,-1.141740,-191.345004,-83.790001,245.490003
3.810,7.773494,-7.509754,4.953360,-191.345004,-83.790001,245.490003
3.820,7.773494,-7.509754,4.953360,-191.345004,-83.790001,245.490003
3.830,7.773494,-7.509754,4.953360,-191.345004,-83.790001,245.490003
3.840,7.773494,-7.509754,4.953360,-191.345004,-83.790001,245.490003
3.850,7.773494,-7.509754,4.953360,-191.345004,-83.790001,245.490003
3.860,7.773494,-7.509754,4.953360,-191.345004,-83.790001,245.490003
3.870,7.773494,-7.509754,4.953360,-191.345004,-83.790001,245.490003
3.880,7.773494,-7.509754,4.953360,-191.345004,-83.790001,245.490003
3.890,7.773494,-7.509754,4.953360,-191.345004,-83.790001,245.490003
3.900,7.773494,-7.509754,4.953360,-191.345004,-83.790001,245.490003
3.910,7.773494,-7.509754,4.953360,-191.345004,-83.790001,245.490003
3.920,7.773494,-7.509754,4.953360,-191.345004,-83.790001,245.490003
3.930,7.773494,-7.509754,4.953360,-4.130000,631.120025,144.060000
3.940,7.773494,-7.509754,4.953360,-4.130000,631.120025,144.060000
3.950,7.773494,-7.509754,4.953360,-4.130000,631.120025,144.060000
3.960,7.773494,-7.509754,4.953360,-4.130000,631.120025,144.060000
3.970,-16.137303,-0.935927,8.984765,-4.130000,631.120025,144.060000
3.980,-16.137303,-0.935927,8.984765,-4.130000,631.120025,144.060000
3.990,-16.137303,-0.935927,8.984765,-4.130000,631.120025,144.060000
4.000,-16.137303,-0.935927,8.984765,-4.130000,631.120025,144.060000
4.010,-16.137303,-0.935927,8.984765,-4.130000,631.120025,144.060000
4.020,-16.137303,-0.935927,8.984765,-4.130000,631.120025,144.060000
4.030,-16.137303,-0.935927,8.984765,-4.130000,631.120025,144.060000
4.040,-16.137303,-0.935927,8.984765,-4.130000,631.120025,144.060000
4.050,-16.137303,-0.935927,8.984765,-4.130000,631.120025,144.060000
4.060,-16.137303,-0.935927,8.984765,-4.130000,631.120025,144.060000
4.070,-16.137303,-0.935927,8.984765,-4.130000,631.120025,144.060000
4.080,-16.137303,-0.935927,8.984765,-4.130000,631.120025,144.060000
4.090,-16.137303,-0.935927,8.984765,86.449998,281.715005,481.249993
4.100,-16.137303,-0.935927,8.984765,86.449998,281.715005,481.249993
4.110,-16.137303,-0.935927,8.984765,86.449998,281.715005,481.249993
4.120,-16.137303,-0.935927,8.984765,86.449998,281.715005,481.249993
4.130,-3.237267,-1.045623,4.284124,86.449998,281.715005,481.249993
4.140,-3.237267,-1.045623,4.284124,86.449998,281.715005,481.249993
4.150,-3.237267,-1.045623,4.284124,86.449998,281.715005,481.249993
4.160,-3.237267,-1.045623,4.284124,86.449998,281.715005,481.249993
4.170,-3.237267,-1.045623,4.284124,86.449998,281.715005,481.249993
4.180,-3.237267,-1.045623,4.284124,86.449998,281.715005,481.249993
4.190,-3.237267,-1.045623,4.284124,86.449998,281.715005,481.249993
4.200,-3.237267,-1.045623,4.284124,86.449998,281.715005,481.249993
4.210,-3.237267,-1.045623,4.284124,86.449998,281.715005,481.249993
4.220,-3.237267,-1.045623,4.284124,86.449998,281.715005,481.249993
4.230,-3.237267,-1.045623,4.284124,86.449998,281.715005,481.249993
4.240,-3.237267,-1.045623,4.284124,86.449998,281.715005,481.249993
4.250,-3.237267,-1.045623,4.284124,-123.900000,-278.425012,253.749997
4.260,-3.237267,-1.045623,4.284124,-123.900000,-278.425012,253.749997
4.270,-3.237267,-1.045623,4.284124,-123.900000,-278.425012,253.749997
4.280,-3.237267,-1.045623,4.284124,-123.900000,-278.425012,253.749997
4.290,20.980622,21.734120,2.446635,-123.900000,-278.425012,253.749997
4.300,20.980622,21.734120,2.446635,-123.900000,-278.425012,253.749997
4.310,20.980622,21.734120,2.446635,-123.900000,-278.425012,253.749997
4.320,20.980622,21.734120,2.446635,-123.900000,-278.425012,253.749997
4.330,20.980622,21.734120,2.446635,-123.900000,-278.425012,253.749997
4.340,20.980622,21.734120,2.446635,-123.900000,-278.425012,253.749997
4.350,20.980622,21.734120,2.446635,-123.900000,-278.425012,253.749997
4.360,20.980622,21.734120,2.446635,-123.900000,-278.425012,253.749997
4.370,20.980622,21.734120,2.446635,-123.900000,-278.425012,253.749997
4.380,20.980622,21.734120,2.446635,-123.900000,-278.425012,253.749997
4.390,20.980622,21.734120,2.446635,-123.900000,-278.425012,253.749997
4.400,20.980622,21.734120,2.446635,-123.900000,-278.425012,253.749997
4.410,20.980622,21.734120,2.446635,82.460000,-575.190010,-550.199987
4.420,20.980622,21.734120,2.446635,82.460000,-575.190010,-550.199987
4.430,20.980622,21.734120,2.446635,82.460000,-575.190010,-550.199987
4.440,20.980622,21.734120,2.446635,82.460000,-575.190010,-550.199987
4.450,9.938997,-6.790311,-36.095178,82.460000,-575.190010,-550.199987
4.460,9.938997,-6.790311,-36.095178,82.460000,-575.190010,-550.199987
4.470,9.938997,-6.790311,-36.095178,82.460000,-575.190010,-550.199987
4.480,9.938997,-6.790311,-36.095178,82.460000,-575.190010,-550.199987
4.490,9.938997,-6.790311,-36.095178,82.460000,-575.190010,-550.199987
4.500,9.938997,-6.790311,-36.095178,82.460000,-575.190010,-550.199987
4.510,9.938997,-6.790311,-36.095178,82.460000,-575.190010,-550.199987
4.520,9.938997,-6.790311,-36.095178,82.460000,-575.190010,-550.199987
4.530,9.938997,-6.790311,-36.095178,82.460000,-575.190010,-550.199987
4.540,9.938997,-6.790311,-36.095178,82.460000,-575.190010,-550.199987
4.550,9.938997,-6.790311,-36.095178,82.460000,-575.190010,-550.199987
4.560,9.938997,-6.790311,-36.095178,82.460000,-575.190010,-550.199987
4.570,9.938997,-6.790311,-36.095178,-29.925002,-45.395001,194.005007
4.580,9.938997,-6.790311,-36.095178,-29.925002,-45.395001,194.005007
4.590,9.938997,-6.790311,-36.095178,-29.925002,-45.395001,194.005007
4.600,9.938997,-6.790311,-36.095178,-29.925002,-45.395001,194.005007
4.610,11.283926,-2.051636,8.726233,-29.925002,-45.395001,194.005007
4.620,11.283926,-2.051636,8.726233,-29.925002,-45.395001,194.005007
4.630,11.283926,-2.051636,8.726233,-29.925002,-45.395001,194.005007
4.640,11.283926,-2.051636,8.726233,-29.925002,-45.395001,194.005007
4.650,11.283926,-2.051636,8.726233,-29.925002,-45.395001,194.005007
4.660,11.283926,-2.051636,8.726233,-29.925002,-45.395001,194.005007
4.670,11.283926,-2.051636,8.726233,-29.925002,-45.395001,194.005007
4.680,11.283926,-2.051636,8.726233,-29.925002,-45.395001,194.005007
4.690,11.283926,-2.051636,8.726233,-29.925002,-45.395001,194.005007
4.700,11.283926,-2.051636,8.726233,-29.925002,-45.395001,194.005007
4.710,11.283926,-2.051636,8.726233,-29.925002,-45.395001,194.005007
4.720,11.283926,-2.051636,8.726233,-29.925002,-45.395001,194.005007
4.730,11.283926,-2.051636,8.726233,-141.435008,29.820001,154.350008
4.740,11.283926,-2.051636,8.726233,-141.435008,29.820001,154.350008
4.750,11.283926,-2.051636,8.726233,-141.435008,29.820001,154.350008
4.760,11.283926,-2.051636,8.726233,-141.435008,29.820001,154.350008
4.770,1.120529,-5.150250,9.174075,-141.435008,29.820001,154.350008
4.780,1.120529,-5.150250,9.174075,-141.435008,29.820001,154.350008
4.790,1.120529,-5.150250,9.174075,-141.435008,29.820001,154.350008
4.800,1.120529,-5.150250,9.174075,-141.435008,29.820001,154.350008
4.810,1.120529,-5.150250,9.174075,-141.435008,29.820001,154.350008
4.820,1.120529,-5.150250,9.174075,-141.435008,29.820001,154.350008
4.830,1.120529,-5.150250,9.174075,-141.435008,29.820001,154.350008
4.840,1.120529,-5.150250,9.174075,-141.435008,29.820001,154.350008
4.850,1.120529,-5.150250,9.174075,-141.435008,29.820001,154.350008
4.860,1.120529,-5.150250,9.174075,-141.435008,29.820001,154.350008
4.870,1.120529,-5.150250,9.174075,-141.435008,29.820001,154.350008
4.880,1.120529,-5.150250,9.174075,-141.435008,29.820001,154.350008
4.890,1.120529,-5.150250,9.174075,-87.569999,222.530008,121.380002
4.900,1.120529,-5.150250,9.174075,-87.569999,222.530008,121.380002
4.910,1.120529,-5.150250,9.174075,-87.569999,222.530008,121.380002
4.920,1.120529,-5.150250,9.174075,-87.569999,222.530008,121.380002
4.930,-5.192510,-0.260747,6.931288,-87.569999,222.530008,121.380002
4.940,-5.192510,-0.260747,6.931288,-87.569999,222.530008,121.380002
4.950,-5.192510,-0.260747,6.931288,-87.569999,222.530008,121.380002
4.960,-5.192510,-0.260747,6.931288,-87.569999,222.530008,121.380002
4.970,-5.192510,-0.260747,6.931288,-87.569999,222.530008,121.380002
4.980,-5.192510,-0.260747,6.931288,-87.569999,222.530008,121.380002
4.990,-5.192510,-0.260747,6.931288,-87.569999,222.530008,121.380002
5.000,-5.192510,-0.260747,6.931288,-87.569999,222.530008,121.380002
5.010,-5.192510,-0.260747,6.931288,-87.569999,222.530008,121.380002
5.020,-5.192510,-0.260747,6.931288,-87.569999,222.530008,121.380002
5.030,-5.192510,-0.260747,6.931288,-87.569999,222.530008,121.380002
5.040,-5.192510,-0.260747,6.931288,-87.569999,222.530008,121.380002
5.050,-5.192510,-0.260747,6.931288,29.995001,508.794998,92.750001
5.060,-5.192510,-0.260747,6.931288,29.995001,508.794998,92.750001
5.070,-5.192510,-0.260747,6.931288,29.995001,508.794998,92.750001
5.080,-5.192510,-0.260747,6.931288,29.995001,508.794998,92.750001
5.090,-12.328770,1.992153,-0.193392,29.995001,508.794998,92.750001
5.100,-12.328770,1.992153,-0.193392,29.995001,508.794998,92.750001
5.110,-12.328770,1.992153,-0.193392,29.995001,508.794998,92.750001
5.120,-12.328770,1.992153,-0.193392,29.995001,508.794998,92.750001
5.130,-12.328770,1.992153,-0.193392,29.995001,508.794998,92.750001
5.140,-12.328770,1.992153,-0.193392,29.995001,508.794998,92.750001
5.150,-12.328770,1.992153,-0.193392,29.995001,508.794998,92.750001
5.160,-12.328770,1.992153,-0.193392,29.995001,508.794998,92.750001
5.170,-12.328770,1.992153,-0.193392,29.995001,508.794998,92.750001
5.180,-12.328770,1.992153,-0.193392,29.995001,508.794998,92.750001
5.190,-12.328770,1.992153,-0.193392,29.995001,508.794998,92.750001
5.200,-12.328770,1.992153,-0.193392,29.995001,508.794998,92.750001
5.210,-12.328770,1.992153,-0.193392,-47.145002,198.904999,315.035017
5.220,-12.328770,1.992153,-0.193392,-47.145002,198.904999,315.035017
5.230,-12.328770,1.992153,-0.193392,-47.145002,198.904999,315.035017
5.240,-12.328770,1.992153,-0.193392,-47.145002,198.904999,315.035017
5.250,-20.725031,2.834876,0.214951,-47.145002,198.904999,315.035017
5.260,-20.725031,2.834876,0.214951,-47.145002,198.904999,315.035017
5.270,-20.725031,2.834876,0.214951,-47.145002,198.904999,315.035017
5.280,-20.725031,2.834876,0.214951,-47.145002,198.904999,315.035017
5.290,-20.725031,2.834876,0.214951,-47.145002,198.904999,315.035017
5.300,-20.725031,2.834876,0.214951,-47.145002,198.904999,315.035017
5.310,-20.725031,2.834876,0.214951,-47.145002,198.904999,315.035017
5.320,-20.725031,2.834876,0.214951,-47.145002,198.904999,315.035017
5.330,-20.725031,2.834876,0.214951,-47.145002,198.904999,315.035017
5.340,-20.725031,2.834876,0.214951,-47.145002,198.904999,315.035017
5.350,-20.725031,2.834876,0.214951,-47.145002,198.904999,315.035017
5.360,-20.725031,2.834876,0.214951,-47.145002,198.904999,315.035017
5.370,-20.725031,2.834876,0.214951,-134.154997,-429.589993,354.759998
5.380,-20.725031,2.834876,0.214951,-134.154997,-429.589993,354.759998
5.390,-20.725031,2.834876,0.214951,-134.154997,-429.589993,354.759998
5.400,-20.725031,2.834876,0.214951,-134.154997,-429.589993,354.759998
5.410,23.682787,4.066425,0.627817,-134.154997,-429.589993,354.759998
5.420,23.682787,4.066425,0.627817,-134.154997,-429.589993,354.759998
5.430,23.682787,4.066425,0.627817,-134.154997,-429.589993,354.759998
5.440,23.682787,4.066425,0.627817,-134.154997,-429.589993,354.759998
5.450,23.682787,4.066425,0.627817,-134.154997,-429.589993,354.759998
5.460,23.682787,4.066425,0.627817,-134.154997,-429.589993,354.759998
5.470,23.682787,4.066425,0.627817,-134.154997,-429.589993,354.759998
5.480,23.682787,4.066425,0.627817,-134.154997,-429.589993,354.759998
5.490,23.682787,4.066425,0.627817,-134.154997,-429.589993,354.759998
5.500,23.682787,4.066425,0.627817,-134.154997,-429.589993,354.759998
5.510,23.682787,4.066425,0.627817,-134.154997,-429.589993,354.759998
5.520,23.682787,4.066425,0.627817,-134.154997,-429.589993,354.759998
5.530,23.682787,4.066425,0.627817,70.139998,-648.899991,-572.180028
5.540,23.682787,4.066425,0.627817,70.139998,-648.899991,-572.180028
5.550,23.682787,4.066425,0.627817,70.139998,-648.899991,-572.180028
5.560,23.682787,4.066425,0.627817,70.139998,-648.899991,-572.180028
5.570,3.094699,8.895795,-5.722671,70.139998,-648.899991,-572.180028
5.580,3.094699,8.895795,-5.722671,70.139998,-648.899991,-572.180028
5.590,3.094699,8.895795,-5.722671,70.139998,-648.899991,-572.180028
5.600,3.094699,8.895795,-5.722671,70.139998,-648.899991,-572.180028
5.610,3.094699,8.895795,-5.722671,70.139998,-648.899991,-572.180028
5.620,3.094699,8.895795,-5.722671,70.139998,-648.899991,-572.180028
5.630,3.094699,8.895795,-5.722671,70.139998,-648.899991,-572.180028
5.640,3.094699,8.895795,-5.722671,70.139998,-648.899991,-572.180028
5.650,3.094699,8.895795,-5.722671,70.139998,-648.899991,-572.180028
5.660,3.094699,8.895795,-5.722671,70.139998,-648.899991,-572.180028
5.670,3.094699,8.895795,-5.722671,70.139998,-648.899991,-572.180028
5.680,3.094699,8.895795,-5.722671,70.139998,-648.899991,-572.180028
5.690,3.094699,8.895795,-5.722671,-87.745002,-55.825001,164.744996
5.700,3.094699,8.895795,-5.722671,-87.745002,-55.825001,164.744996
5.710,3.094699,8.895795,-5.722671,-87.745002,-55.825001,164.744996
5.720,3.094699,8.895795,-5.722671,-87.745002,-55.825001,164.744996
5.730,2.803286,-6.099358,9.124359,-87.745002,-55.825001,164.744996
5.740,2.803286,-6.099358,9.124359,-87.745002,-55.825001,164.744996
5.750,2.803286,-6.099358,9.124359,-87.745002,-55.825001,164.744996
5.760,2.803286,-6.099358,9.124359,-87.745002,-55.825001,164.744996
5.770,2.803286,-6.099358,9.124359,-87.745002,-55.825001,164.744996
5.780,2.803286,-6.099358,9.124359,-87.745002,-55.825001,164.744996
5.790,2.803286,-6.099358,9.124359,-87.745002,-55.825001,164.744996
5.800,2.803286,-6.099358,9.124359,-87.745002,-55.825001,164.744996
5.810,2.803286,-6.099358,9.124359,-87.745002,-55.825001,164.744996
5.820,2.803286,-6.099358,9.124359,-87.745002,-55.825001,164.744996
5.830,2.803286,-6.099358,9.124359,-87.745002,-55.825001,164.744996
5.840,2.803286,-6.099358,9.124359,-87.745002,-55.825001,164.744996
5.850,2.803286,-6.099358,9.124359,-138.669998,0.490000,104.650000
5.860,2.803286,-6.099358,9.124359,-138.669998,0.490000,104.650000
5.870,2.803286,-6.099358,9.124359,-138.669998,0.490000,104.650000
5.880,2.803286,-6.099358,9.124359,-138.669998,0.490000,104.650000
5.890,-0.013667,-6.233646,5.502878,-138.669998,0.490000,104.650000
5.900,-0.013667,-6.233646,5.502878,-138.669998,0.490000,104.650000
5.910,-0.013667,-6.233646,5.502878,-138.669998,0.490000,104.650000
5.920,-0.013667,-6.233646,5.502878,-138.669998,0.490000,104.650000
5.930,-0.013667,-6.233646,5.502878,-138.669998,0.490000,104.650000
5.940,-0.013667,-6.233646,5.502878,-138.669998,0.490000,104.650000
5.950,-0.013667,-6.233646,5.502878,-138.669998,0.490000,104.650000
5.960,-0.013667,-6.233646,5.502878,-138.669998,0.490000,104.650000
5.970,-0.013667,-6.233646,5.502878,-138.669998,0.490000,104.650000
5.980,-0.013667,-6.233646,5.502878,-138.669998,0.490000,104.650000
5.990,-0.013667,-6.233646,5.502878,-138.669998,0.490000,104.650000
6.000,-0.013667,-6.233646,5.502878,-138.669998,0.490000,104.650000
6.010,-0.013667,-6.233646,5.502878,-114.975006,144.304999,123.095008
6.020,-0.013667,-6.233646,5.502878,-114.975006,144.304999,123.095008
6.030,-0.013667,-6.233646,5.502878,-114.975006,144.304999,123.095008
6.040,-0.013667,-6.233646,5.502878,-114.975006,144.304999,123.095008
6.050,-5.098133,-0.598824,2.611439,-114.975006,144.304999,123.095008
6.060,-5.098133,-0.598824,2.611439,-114.975006,144.304999,123.095008
6.070,-5.098133,-0.598824,2.611439,-114.975006,144.304999,123.095008
6.080,-5.098133,-0.598824,2.611439,-114.975006,144.304999,123.095008
6.090,-5.098133,-0.598824,2.611439,-114.975006,144.304999,123.095008
6.100,-5.098133,-0.598824,2.611439,-114.975006,144.304999,123.095008
6.110,-5.098133,-0.598824,2.611439,-114.975006,144.304999,123.095008
6.120,-5.098133,-0.598824,2.611439,-114.975006,144.304999,123.095008
6.130,-5.098133,-0.598824,2.611439,-114.975006,144.304999,123.095008
6.140,-5.098133,-0.598824,2.611439,-114.975006,144.304999,123.095008
6.150,-5.098133,-0.598824,2.611439,-114.975006,144.304999,123.095008
6.160,-5.098133,-0.598824,2.611439,-114.975006,144.304999,123.095008
6.170,-5.098133,-0.598824,2.611439,13.405000,575.260006,156.030003
6.180,-5.098133,-0.598824,2.611439,13.405000,575.260006,156.030003
6.190,-5.098133,-0.598824,2.611439,13.405000,575.260006,156.030003
6.200,-5.098133,-0.598824,2.611439,13.405000,575.260006,156.030003
6.210,-23.262767,-3.783058,-4.505438,13.405000,575.260006,156.030003
6.220,-23.262767,-3.783058,-4.505438,13.405000,575.260006,156.030003
6.230,-23.262767,-3.783058,-4.505438,13.405000,575.260006,156.030003
6.240,-23.262767,-3.783058,-4.505438,13.405000,575.260006,156.030003
6.250,-23.262767,-3.783058,-4.505438,13.405000,575.260006,156.030003
6.260,-23.262767,-3.783058,-4.505438,13.405000,575.260006,156.030003
6.270,-23.262767,-3.783058,-4.505438,13.405000,575.260006,156.030003
6.280,-23.262767,-3.783058,-4.505438,13.405000,575.260006,156.030003
6.290,-23.262767,-3.783058,-4.505438,13.405000,575.260006,156.030003
6.300,-23.262767,-3.783058,-4.505438,13.405000,575.260006,156.030003
6.310,-23.262767,-3.783058,-4.505438,13.405000,575.260006,156.030003
6.320,-23.262767,-3.783058,-4.505438,13.405000,575.260006,156.030003
6.330,-23.262767,-3.783058,-4.505438,-204.190008,-171.220002,305.829998
6.340,-23.262767,-3.783058,-4.505438,-204.190008,-171.220002,305.829998
6.350,-23.262767,-3.783058,-4.505438,-204.190008,-171.220002,305.829998
6.360,-23.262767,-3.783058,-4.505438,-204.190008,-171.220002,305.829998
6.370,8.279545,18.944664,5.754106,-204.190008,-171.220002,305.829998
6.380,8.279545,18.944664,5.754106,-204.190008,-171.220002,305.829998
6.390,8.279545,18.944664,5.754106,-204.190008,-171.220002,305.829998
6.400,8.279545,18.944664,5.754106,-204.190008,-171.220002,305.829998
6.410,8.279545,18.944664,5.754106,-204.190008,-171.220002,305.829998
6.420,8.279545,18.944664,5.754106,-204.190008,-171.220002,305.829998
6.430,8.279545,18.944664,5.754106,-204.190008,-171.220002,305.829998
6.440,8.279545,18.944664,5.754106,-204.190008,-171.220002,305.829998
6.450,8.279545,18.944664,5.754106,-204.190008,-171.220002,305.829998
6.460,8.279545,18.944664,5.754106,-204.190008,-171.220002,305.829998
6.470,8.279545,18.944664,5.754106,-204.190008,-171.220002,305.829998
6.480,8.279545,18.944664,5.754106,-204.190008,-171.220002,305.829998
6.490,8.279545,18.944664,5.754106,48.999999,-461.824989,-396.690010
6.500,8.279545,18.944664,5.754106,48.999999,-461.824989,-396.690010
6.510,8.279545,18.944664,5.754106,48.999999,-461.824989,-396.690010
6.520,8.279545,18.944664,5.754106,48.999999,-461.824989,-396.690010
6.530,6.131388,-46.434630,-3.058161,48.999999,-461.824989,-396.690010
6.540,6.131388,-46.434630,-3.058161,48.999999,-461.824989,-396.690010
6.550,6.131388,-46.434630,-3.058161,48.999999,-461.824989,-396.690010
6.560,6.131388,-46.434630,-3.058161,48.999999,-461.824989,-396.690010
6.570,6.131388,-46.434630,-3.058161,48.999999,-461.824989,-396.690010
6.580,6.131388,-46.434630,-3.058161,48.999999,-461.824989,-396.690010
6.590,6.131388,-46.434630,-3.058161,48.999999,-461.824989,-396.690010
6.600,6.131388,-46.434630,-3.058161,48.999999,-461.824989,-396.690010
6.610,6.131388,-46.434630,-3.058161,48.999999,-461.824989,-396.690010
6.620,6.131388,-46.434630,-3.058161,48.999999,-461.824989,-396.690010
6.630,6.131388,-46.434630,-3.058161,48.999999,-461.824989,-396.690010
6.640,6.131388,-46.434630,-3.058161,48.999999,-461.824989,-396.690010
6.650,6.131388,-46.434630,-3.058161,55.930001,-164.919999,129.184996
6.660,6.131388,-46.434630,-3.058161,55.930001,-164.919999,129.184996
6.670,6.131388,-46.434630,-3.058161,55.930001,-164.919999,129.184996
6.680,6.131388,-46.434630,-3.058161,55.930001,-164.919999,129.184996
6.690,4.114066,7.694737,-6.993597,55.930001,-164.919999,129.184996
6.700,4.114066,7.694737,-6.993597,55.930001,-164.919999,129.184996
6.710,4.114066,7.694737,-6.993597,55.930001,-164.919999,129.184996
6.720,4.114066,7.694737,-6.993597,55.930001,-164.919999,129.184996
6.730,4.114066,7.694737,-6.993597,55.930001,-164.919999,129.184996
6.740,4.114066,7.694737,-6.993597,55.930001,-164.919999,129.184996
6.750,4.114066,7.694737,-6.993597,55.930001,-164.919999,129.184996
6.760,4.114066,7.694737,-6.993597,55.930001,-164.919999,129.184996
6.770,4.114066,7.694737,-6.993597,55.930001,-164.919999,129.184996
6.780,4.114066,7.694737,-6.993597,55.930001,-164.919999,129.184996
6.790,4.114066,7.694737,-6.993597,55.930001,-164.919999,129.184996
6.800,4.114066,7.694737,-6.993597,55.930001,-164.919999,129.184996
6.810,4.114066,7.694737,-6.993597,-144.410007,-28.630000,159.355007
6.820,4.114066,7.694737,-6.993597,-144.410007,-28.630000,159.355007
6.830,4.114066,7.694737,-6.993597,-144.410007,-28.630000,159.355007
6.840,4.114066,7.694737,-6.993597,-144.410007,-28.630000,159.355007
6.850,9.288249,0.811932,9.011669,-144.410007,-28.630000,159.355007
6.860,9.288249,0.811932,9.011669,-144.410007,-28.630000,159.355007
6.870,9.288249,0.811932,9.011669,-144.410007,-28.630000,159.355007
6.880,9.288249,0.811932,9.011669,-144.410007,-28.630000,159.355007
6.890,9.288249,0.811932,9.011669,-144.410007,-28.630000,159.355007
6.900,9.288249,0.811932,9.011669,-144.410007,-28.630000,159.355007
6.910,9.288249,0.811932,9.011669,-144.410007,-28.630000,159.355007
6.920,9.288249,0.811932,9.011669,-144.410007,-28.630000,159.355007
6.930,9.288249,0.811932,9.011669,-144.410007,-28.630000,159.355007
6.940,9.288249,0.811932,9.011669,-144.410007,-28.630000,159.355007
6.950,9.288249,0.811932,9.011669,-144.410007,-28.630000,159.355007
6.960,9.288249,0.811932,9.011669,-144.410007,-28.630000,159.355007
6.970,9.288249,0.811932,9.011669,-110.285002,134.330000,100.240000
6.980,9.288249,0.811932,9.011669,-110.285002,134.330000,100.240000
6.990,9.288249,0.811932,9.011669,-110.285002,134.330000,100.240000
7.000,9.288249,0.811932,9.011669,-110.285002,134.330000,100.240000
7.010,-0.437705,-0.467110,6.088848,-110.285002,134.330000,100.240000
7.020,-0.437705,-0.467110,6.088848,-110.285002,134.330000,100.240000
7.030,-0.437705,-0.467110,6.088848,-110.285002,134.330000,100.240000
7.040,-0.437705,-0.467110,6.088848,-110.285002,134.330000,100.240000
7.050,-0.437705,-0.467110,6.088848,-110.285002,134.330000,100.240000
7.060,-0.437705,-0.467110,6.088848,-110.285002,134.330000,100.240000
7.070,-0.437705,-0.467110,6.088848,-110.285002,134.330000,100.240000
7.080,-0.437705,-0.467110,6.088848,-110.285002,134.330000,100.240000
7.090,-0.437705,-0.467110,6.088848,-110.285002,134.330000,100.240000
7.100,-0.437705,-0.467110,6.088848,-110.285002,134.330000,100.240000
7.110,-0.437705,-0.467110,6.088848,-110.285002,134.330000,100.240000
7.120,-0.437705,-0.467110,6.088848,-110.285002,134.330000,100.240000
7.130,-0.437705,-0.467110,6.088848,-10.010000,606.690023,103.390001
7.140,-0.437705,-0.467110,6.088848,-10.010000,606.690023,103.390001
7.150,-0.437705,-0.467110,6.088848,-10.010000,606.690023,103.390001
7.160,-0.437705,-0.467110,6.088848,-10.010000,606.690023,103.390001
7.170,-13.183086,9.122673,-3.206000,-10.010000,606.690023,103.390001
7.180,-13.183086,9.122673,-3.206000,-10.010000,606.690023,103.390001
7.190,-13.183086,9.122673,-3.206000,-10.010000,606.690023,103.390001
7.200,-13.183086,9.122673,-3.206000,-10.010000,606.690023,103.390001
7.210,-13.183086,9.122673,-3.206000,-10.010000,606.690023,103.390001
7.220,-13.183086,9.122673,-3.206000,-10.010000,606.690023,103.390001
7.230,-13.183086,9.122673,-3.206000,-10.010000,606.690023,103.390001
7.240,-13.183086,9.122673,-3.206000,-10.010000,606.690023,103.390001
7.250,-13.183086,9.122673,-3.206000,-10.010000,606.690023,103.390001
7.260,-13.183086,9.122673,-3.206000,-10.010000,606.690023,103.390001
7.270,-13.183086,9.122673,-3.206000,-10.010000,606.690023,103.390001
7.280,-13.183086,9.122673,-3.206000,-10.010000,606.690023,103.390001
7.290,-13.183086,9.122673,-3.206000,-11.375000,192.920005,346.570000
7.300,-13.183086,9.122673,-3.206000,-11.375000,192.920005,346.570000
7.310,-13.183086,9.122673,-3.206000,-11.375000,192.920005,346.570000
7.320,-13.183086,9.122673,-3.206000,-11.375000,192.920005,346.570000
7.330,-17.978069,3.595745,-4.346086,-11.375000,192.920005,346.570000
7.340,-17.978069,3.595745,-4.346086,-11.375000,192.920005,346.570000
7.350,-17.978069,3.595745,-4.346086,-11.375000,192.920005,346.570000
7.360,-17.978069,3.595745,-4.346086,-11.375000,192.920005,346.570000
7.370,-17.978069,3.595745,-4.346086,-11.375000,192.920005,346.570000
7.380,-17.978069,3.595745,-4.346086,-11.375000,192.920005,346.570000
7.390,-17.978069,3.595745,-4.346086,-11.375000,192.920005,346.570000
7.400,-17.978069,3.595745,-4.346086,-11.375000,192.920005,346.570000
7.410,-17.978069,3.595745,-4.346086,-11.375000,192.920005,346.570000
7.420,-17.978069,3.595745,-4.346086,-11.375000,192.920005,346.570000
7.430,-17.978069,3.595745,-4.346086,-11.375000,192.920005,346.570000
7.440,-17.978069,3.595745,-4.346086,-11.375000,192.920005,346.570000
7.450,-17.978069,3.595745,-4.346086,-165.900008,-465.185005,199.220007
7.460,-17.978069,3.595745,-4.346086,-165.900008,-465.185005,199.220007
7.470,-17.978069,3.595745,-4.346086,-165.900008,-465.185005,199.220007
7.480,-17.978069,3.595745,-4.346086,-165.900008,-465.185005,199.220007
7.490,18.986970,21.185535,5.061812,-165.900008,-465.185005,199.220007
7.500,18.986970,21.185535,5.061812,-165.900008,-465.185005,199.220007
7.510,18.986970,21.185535,5.061812,-165.900008,-465.185005,199.220007
7.520,18.986970,21.185535,5.061812,-165.900008,-465.185005,199.220007
7.530,18.986970,21.185535,5.061812,-165.900008,-465.185005,199.220007
7.540,18.986970,21.185535,5.061812,-165.900008,-465.185005,199.220007
7.550,18.986970,21.185535,5.061812,-165.900008,-465.185005,199.220007
7.560,18.986970,21.185535,5.061812,-165.900008,-465.185005,199.220007
7.570,18.986970,21.185535,5.061812,-165.900008,-465.185005,199.220007
7.580,18.986970,21.185535,5.061812,-165.900008,-465.185005,199.220007
7.590,18.986970,21.185535,5.061812,-165.900008,-465.185005,199.220007
7.600,18.986970,21.185535,5.061812,-165.900008,-465.185005,199.220007
7.610,18.986970,21.185535,5.061812,-159.915000,-600.739999,-548.694996
7.620,18.986970,21.185535,5.061812,-159.915000,-600.739999,-548.694996
7.630,18.986970,21.185535,5.061812,-159.915000,-600.739999,-548.694996
7.640,18.986970,21.185535,5.061812,-159.915000,-600.739999,-548.694996
7.650,5.074552,1.717475,-27.877709,-159.915000,-600.739999,-548.694996
7.660,5.074552,1.717475,-27.877709,-159.915000,-600.739999,-548.694996
7.670,5.074552,1.717475,-27.877709,-159.915000,-600.739999,-548.694996
7.680,5.074552,1.717475,-27.877709,-159.915000,-600.739999,-548.694996
7.690,5.074552,1.717475,-27.877709,-159.915000,-600.739999,-548.694996
7.700,5.074552,1.717475,-27.877709,-159.915000,-600.739999,-548.694996
7.710,5.074552,1.717475,-27.877709,-159.915000,-600.739999,-548.694996
7.720,5.074552,1.717475,-27.877709,-159.915000,-600.739999,-548.694996
7.730,5.074552,1.717475,-27.877709,-159.915000,-600.739999,-548.694996
7.740,5.074552,1.717475,-27.877709,-159.915000,-600.739999,-548.694996
7.750,5.074552,1.717475,-27.877709,-159.915000,-600.739999,-548.694996
7.760,5.074552,1.717475,-27.877709,-159.915000,-600.739999,-548.694996
7.770,5.074552,1.717475,-27.877709,34.894999,172.060006,162.924997
7.780,5.074552,1.717475,-27.877709,34.894999,172.060006,162.924997
7.790,5.074552,1.717475,-27.877709,34.894999,172.060006,162.924997
7.800,5.074552,1.717475,-27.877709,34.894999,172.060006,162.924997
7.810,25.481043,-0.619911,1.304662,34.894999,172.060006,162.924997
7.820,25.481043,-0.619911,1.304662,34.894999,172.060006,162.924997
7.830,25.481043,-0.619911,1.304662,34.894999,172.060006,162.924997
7.840,25.481043,-0.619911,1.304662,34.894999,172.060006,162.924997
7.850,25.481043,-0.619911,1.304662,34.894999,172.060006,162.924997
7.860,25.481043,-0.619911,1.304662,34.894999,172.060006,162.924997
7.870,25.481043,-0.619911,1.304662,34.894999,172.060006,162.924997
7.880,25.481043,-0.619911,1.304662,34.894999,172.060006,162.924997
7.890,25.481043,-0.619911,1.304662,34.894999,172.060006,162.924997
7.900,25.481043,-0.619911,1.304662,34.894999,172.060006,162.924997
7.910,25.481043,-0.619911,1.304662,34.894999,172.060006,162.924997
7.920,25.481043,-0.619911,1.304662,34.894999,172.060006,162.924997
7.930,25.481043,-0.619911,1.304662,-126.385001,-19.355001,133.209999
7.940,25.481043,-0.619911,1.304662,-126.385001,-19.355001,133.209999
7.950,25.481043,-0.619911,1.304662,-126.385001,-19.355001,133.209999
7.960,25.481043,-0.619911,1.304662,-126.385001,-19.355001,133.209999
7.970,-1.410062,-6.958358,8.233996,-126.385001,-19.355001,133.209999
7.980,-1.410062,-6.958358,8.233996,-126.385001,-19.355001,133.209999
7.990,-1.410062,-6.958358,8.233996,-126.385001,-19.355001,133.209999
8.000,-1.410062,-6.958358,8.233996,-126.385001,-19.355001,133.209999
8.010,-1.410062,-6.958358,8.233996,-126.385001,-19.355001,133.209999
8.020,-1.410062,-6.958358,8.233996,-126.385001,-19.355001,133.209999
8.030,-1.410062,-6.958358,8.233996,-126.385001,-19.355001,133.209999
8.040,-1.410062,-6.958358,8.233996,-126.385001,-19.355001,133.209999
8.050,-1.410062,-6.958358,8.233996,-126.385001,-19.355001,133.209999
8.060,-1.410062,-6.958358,8.233996,-126.385001,-19.355001,133.209999
8.070,-1.410062,-6.958358,8.233996,-126.385001,-19.355001,133.209999
8.080,-1.410062,-6.958358,8.233996,-126.385001,-19.355001,133.209999
8.090,-1.410062,-6.958358,8.233996,-81.899999,44.170000,143.710008
8.100,-1.410062,-6.958358,8.233996,-81.899999,44.170000,143.710008
8.110,-1.410062,-6.958358,8.233996,-81.899999,44.170000,143.710008
8.120,-1.410062,-6.958358,8.233996,-81.899999,44.170000,143.710008
8.130,0.145666,-4.122505,11.185980,-81.899999,44.170000,143.710008
8.140,0.145666,-4.122505,11.185980,-81.899999,44.170000,143.710008
8.150,0.145666,-4.122505,11.185980,-81.899999,44.170000,143.710008
8.160,0.145666,-4.122505,11.185980,-81.899999,44.170000,143.710008
8.170,0.145666,-4.122505,11.185980,-81.899999,44.170000,143.710008
8.180,0.145666,-4.122505,11.185980,-81.899999,44.170000,143.710008
8.190,0.145666,-4.122505,11.185980,-81.899999,44.170000,143.710008
8.200,0.145666,-4.122505,11.185980,-81.899999,44.170000,143.710008
8.210,0.145666,-4.122505,11.185980,-81.899999,44.170000,143.710008
8.220,0.145666,-4.122505,11.185980,-81.899999,44.170000,143.710008
8.230,0.145666,-4.122505,11.185980,-81.899999,44.170000,143.710008
8.240,0.145666,-4.122505,11.185980,-81.899999,44.170000,143.710008
8.250,0.145666,-4.122505,11.185980,58.239999,595.034988,65.029999
8.260,0.145666,-4.122505,11.185980,58.239999,595.034988,65.029999
8.270,0.145666,-4.122505,11.185980,58.239999,595.034988,65.029999
8.280,0.145666,-4.122505,11.185980,58.239999,595.034988,65.029999
8.290,-19.374185,2.153115,1.245200,58.239999,595.034988,65.029999
8.300,-19.374185,2.153115,1.245200,58.239999,595.034988,65.029999
8.310,-19.374185,2.153115,1.245200,58.239999,595.034988,65.029999
8.320,-19.374185,2.153115,1.245200,58.239999,595.034988,65.029999
8.330,-19.374185,2.153115,1.245200,58.239999,595.034988,65.029999
8.340,-19.374185,2.153115,1.245200,58.239999,595.034988,65.029999
8.350,-19.374185,2.153115,1.245200,58.239999,595.034988,65.029999
8.360,-19.374185,2.153115,1.245200,58.239999,595.034988,65.029999
8.370,-19.374185,2.153115,1.245200,58.239999,595.034988,65.029999
8.380,-19.374185,2.153115,1.245200,58.239999,595.034988,65.029999
8.390,-19.374185,2.153115,1.245200,58.239999,595.034988,65.029999
8.400,-19.374185,2.153115,1.245200,58.239999,595.034988,65.029999
8.410,-19.374185,2.153115,1.245200,71.609998,169.085008,360.010009
8.420,-19.374185,2.153115,1.245200,71.609998,169.085008,360.010009
8.430,-19.374185,2.153115,1.245200,71.609998,169.085008,360.010009
8.440,-19.374185,2.153115,1.245200,71.609998,169.085008,360.010009
8.450,-24.428763,9.661665,12.848416,71.609998,169.085008,360.010009
8.460,-24.428763,9.661665,12.848416,71.609998,169.085008,360.010009
8.470,-24.428763,9.661665,12.848416,71.609998,169.085008,360.010009
8.480,-24.428763,9.661665,12.848416,71.609998,169.085008,360.010009
8.490,-24.428763,9.661665,12.848416,71.609998,169.085008,360.010009
8.500,-24.428763,9.661665,12.848416,71.609998,169.085008,360.010009
8.510,-24.428763,9.661665,12.848416,71.609998,169.085008,360.010009
8.520,-24.428763,9.661665,12.848416,71.609998,169.085008,360.010009
8.530,-24.428763,9.661665,12.848416,71.609998,169.085008,360.010009
8.540,-24.428763,9.661665,12.848416,71.609998,169.085008,360.010009
8.550,-24.428763,9.661665,12.848416,71.609998,169.085008,360.010009
8.560,-24.428763,9.661665,12.848416,71.609998,169.085008,360.010009
8.570,-24.428763,9.661665,12.848416,18.584999,-399.070003,212.590007
8.580,-24.428763,9.661665,12.848416,18.584999,-399.070003,212.590007
8.590,-24.428763,9.661665,12.848416,18.584999,-399.070003,212.590007
8.600,-24.428763,9.661665,12.848416,18.584999,-399.070003,212.590007
8.610,12.696353,-6.065101,-10.960709,18.584999,-399.070003,212.590007
8.620,12.696353,-6.065101,-10.960709,18.584999,-399.070003,212.590007
8.630,12.696353,-6.065101,-10.960709,18.584999,-399.070003,212.590007
8.640,12.696353,-6.065101,-10.960709,18.584999,-399.070003,212.590007
8.650,12.696353,-6.065101,-10.960709,18.584999,-399.070003,212.590007
8.660,12.696353,-6.065101,-10.960709,18.584999,-399.070003,212.590007
8.670,12.696353,-6.065101,-10.960709,18.584999,-399.070003,212.590007
8.680,12.696353,-6.065101,-10.960709,18.584999,-399.070003,212.590007
8.690,12.696353,-6.065101,-10.960709,18.584999,-399.070003,212.590007
8.700,12.696353,-6.065101,-10.960709,18.584999,-399.070003,212.590007
8.710,12.696353,-6.065101,-10.960709,18.584999,-399.070003,212.590007
8.720,12.696353,-6.065101,-10.960709,18.584999,-399.070003,212.590007
8.730,12.696353,-6.065101,-10.960709,-123.165004,-726.845017,-430.535018
8.740,12.696353,-6.065101,-10.960709,-123.165004,-726.845017,-430.535018
8.750,12.696353,-6.065101,-10.960709,-123.165004,-726.845017,-430.535018
8.760,12.696353,-6.065101,-10.960709,-123.165004,-726.845017,-430.535018
8.770,-12.823423,12.158244,-15.248235,-123.165004,-726.845017,-430.535018
8.780,-12.823423,12.158244,-15.248235,-123.165004,-726.845017,-430.535018
8.790,-12.823423,12.158244,-15.248235,-123.165004,-726.845017,-430.535018
8.800,-12.823423,12.158244,-15.248235,-123.165004,-726.845017,-430.535018
8.810,-12.823423,12.158244,-15.248235,-123.165004,-726.845017,-430.535018
8.820,-12.823423,12.158244,-15.248235,-123.165004,-726.845017,-430.535018
8.830,-12.823423,12.158244,-15.248235,-123.165004,-726.845017,-430.535018
8.840,-12.823423,12.158244,-15.248235,-123.165004,-726.845017,-430.535018
8.850,-12.823423,12.158244,-15.248235,-123.165004,-726.845017,-430.535018
8.860,-12.823423,12.158244,-15.248235,-123.165004,-726.845017,-430.535018
8.870,-12.823423,12.158244,-15.248235,-123.165004,-726.845017,-430.535018
8.880,-12.823423,12.158244,-15.248235,-123.165004,-726.845017,-430.535018
8.890,-12.823423,12.158244,-15.248235,-34.510002,-29.190002,161.735000
8.900,-12.823423,12.158244,-15.248235,-34.510002,-29.190002,161.735000
8.910,-12.823423,12.158244,-15.248235,-34.510002,-29.190002,161.735000
8.920,-12.823423,12.158244,-15.248235,-34.510002,-29.190002,161.735000
8.930,7.971671,-8.501899,8.912525,-34.510002,-29.190002,161.735000
8.940,7.971671,-8.501899,8.912525,-34.510002,-29.190002,161.735000
8.950,7.971671,-8.501899,8.912525,-34.510002,-29.190002,161.735000
8.960,7.971671,-8.501899,8.912525,-34.510002,-29.190002,161.735000
8.970,7.971671,-8.501899,8.912525,-34.510002,-29.190002,161.735000
8.980,7.971671,-8.501899,8.912525,-34.510002,-29.190002,161.735000
8.990,7.971671,-8.501899,8.912525,-34.510002,-29.190002,161.735000
9.000,7.971671,-8.501899,8.912525,-34.510002,-29.190002,161.735000
9.010,7.971671,-8.501899,8.912525,-34.510002,-29.190002,161.735000
9.020,7.971671,-8.501899,8.912525,-34.510002,-29.190002,161.735000
9.030,7.971671,-8.501899,8.912525,-34.510002,-29.190002,161.735000
9.040,7.971671,-8.501899,8.912525,-34.510002,-29.190002,161.735000
9.050,7.971671,-8.501899,8.912525,-88.165004,24.115001,156.625008
9.060,7.971671,-8.501899,8.912525,-88.165004,24.115001,156.625008
9.070,7.971671,-8.501899,8.912525,-88.165004,24.115001,156.625008
9.080,7.971671,-8.501899,8.912525,-88.165004,24.115001,156.625008
9.090,7.331186,-2.501533,7.177904,-88.165004,24.115001,156.625008
9.100,7.331186,-2.501533,7.177904,-88.165004,24.115001,156.625008
9.110,7.331186,-2.501533,7.177904,-88.165004,24.115001,156.625008
9.120,7.331186,-2.501533,7.177904,-88.165004,24.115001,156.625008
9.130,7.331186,-2.501533,7.177904,-88.165004,24.115001,156.625008
9.140,7.331186,-2.501533,7.177904,-88.165004,24.115001,156.625008
9.150,7.331186,-2.501533,7.177904,-88.165004,24.115001,156.625008
9.160,7.331186,-2.501533,7.177904,-88.165004,24.115001,156.625008
9.170,7.331186,-2.501533,7.177904,-88.165004,24.115001,156.625008
9.180,7.331186,-2.501533,7.177904,-88.165004,24.115001,156.625008
9.190,7.331186,-2.501533,7.177904,-88.165004,24.115001,156.625008
9.200,7.331186,-2.501533,7.177904,-88.165004,24.115001,156.625008
9.210,7.331186,-2.501533,7.177904,-88.165004,24.115001,156.625008
9.220,7.331186,-2.501533,7.177904,33.460000,341.704993,65.520003
9.230,7.331186,-2.501533,7.177904,33.460000,341.704993,65.520003
9.240,7.331186,-2.501533,7.177904,33.460000,341.704993,65.520003
9.250,0.007774,-2.018465,3.384514,33.460000,341.704993,65.520003
9.260,0.007774,-2.018465,3.384514,33.460000,341.704993,65.520003
9.270,0.007774,-2.018465,3.384514,33.460000,341.704993,65.520003
9.280,0.007774,-2.018465,3.384514,33.460000,341.704993,65.520003
9.290,0.007774,-2.018465,3.384514,33.460000,341.704993,65.520003
9.300,0.007774,-2.018465,3.384514,33.460000,341.704993,65.520003
9.310,0.007774,-2.018465,3.384514,33.460000,341.704993,65.520003
9.320,0.007774,-2.018465,3.384514,33.460000,341.704993,65.520003
9.330,0.007774,-2.018465,3.384514,33.460000,341.704993,65.520003
9.340,0.007774,-2.018465,3.384514,33.460000,341.704993,65.520003
9.350,0.007774,-2.018465,3.384514,33.460000,341.704993,65.520003
9.360,0.007774,-2.018465,3.384514,33.460000,341.704993,65.520003
9.370,0.007774,-2.018465,3.384514,44.590002,393.540009,304.325007
9.380,0.007774,-2.018465,3.384514,44.590002,393.540009,304.325007
9.390,0.007774,-2.018465,3.384514,44.590002,393.540009,304.325007
9.400,0.007774,-2.018465,3.384514,44.590002,393.540009,304.325007
9.410,-17.329716,4.960664,1.560309,44.590002,393.540009,304.325007
9.420,-17.329716,4.960664,1.560309,44.590002,393.540009,304.325007
9.430,-17.329716,4.960664,1.560309,44.590002,393.540009,304.325007
9.440,-17.329716,4.960664,1.560309,44.590002,393.540009,304.325007
9.450,-17.329716,4.960664,1.560309,44.590002,393.540009,304.325007
9.460,-17.329716,4.960664,1.560309,44.590002,393.540009,304.325007
9.470,-17.329716,4.960664,1.560309,44.590002,393.540009,304.325007
9.480,-17.329716,4.960664,1.560309,44.590002,393.540009,304.325007
9.490,-17.329716,4.960664,1.560309,44.590002,393.540009,304.325007
9.500,-17.329716,4.960664,1.560309,44.590002,393.540009,304.325007
9.510,-17.329716,4.960664,1.560309,44.590002,393.540009,304.325007
9.520,-17.329716,4.960664,1.560309,44.590002,393.540009,304.325007
9.530,-17.329716,4.960664,1.560309,-117.460006,-270.690014,271.110016
9.540,-17.329716,4.960664,1.560309,-117.460006,-270.690014,271.110016
9.550,-17.329716,4.960664,1.560309,-117.460006,-270.690014,271.110016
9.560,-17.329716,4.960664,1.560309,-117.460006,-270.690014,271.110016
9.570,13.853421,16.855082,2.966326,-117.460006,-270.690014,271.110016
9.580,13.853421,16.855082,2.966326,-117.460006,-270.690014,271.110016
9.590,13.853421,16.855082,2.966326,-117.460006,-270.690014,271.110016
9.600,13.853421,16.855082,2.966326,-117.460006,-270.690014,271.110016
9.610,13.853421,16.855082,2.966326,-117.460006,-270.690014,271.110016
9.620,13.853421,16.855082,2.966326,-117.460006,-270.690014,271.110016
9.630,13.853421,16.855082,2.966326,-117.460006,-270.690014,271.110016
9.640,13.853421,16.855082,2.966326,-117.460006,-270.690014,271.110016
9.650,13.853421,16.855082,2.966326,-117.460006,-270.690014,271.110016
9.660,13.853421,16.855082,2.966326,-117.460006,-270.690014,271.110016
9.670,13.853421,16.855082,2.966326,-117.460006,-270.690014,271.110016
9.680,13.853421,16.855082,2.966326,-117.460006,-270.690014,271.110016
9.690,13.853421,16.855082,2.966326,56.244999,-368.480018,-548.170000
9.700,13.853421,16.855082,2.966326,56.244999,-368.480018,-548.170000
9.710,13.853421,16.855082,2.966326,56.244999,-368.480018,-548.170000
9.720,13.853421,16.855082,2.966326,56.244999,-368.480018,-548.170000
9.730,-57.853036,-21.850520,-5.841924,56.244999,-368.480018,-548.170000
9.740,-57.853036,-21.850520,-5.841924,56.244999,-368.480018,-548.170000
9.750,-57.853036,-21.850520,-5.841924,56.244999,-368.480018,-548.170000
9.760,-57.853036,-21.850520,-5.841924,56.244999,-368.480018,-548.170000
9.770,-57.853036,-21.850520,-5.841924,56.244999,-368.480018,-548.170000
9.780,-57.853036,-21.850520,-5.841924,56.244999,-368.480018,-548.170000
9.790,-57.853036,-21.850520,-5.841924,56.244999,-368.480018,-548.170000
9.800,-57.853036,-21.850520,-5.841924,56.244999,-368.480018,-548.170000
9.810,-57.853036,-21.850520,-5.841924,56.244999,-368.480018,-548.170000
9.820,-57.853036,-21.850520,-5.841924,56.244999,-368.480018,-548.170000
9.830,-57.853036,-21.850520,-5.841924,56.244999,-368.480018,-548.170000
9.840,-57.853036,-21.850520,-5.841924,56.244999,-368.480018,-548.170000
9.850,-57.853036,-21.850520,-5.841924,44.030002,-23.625001,198.274996
9.860,-57.853036,-21.850520,-5.841924,44.030002,-23.625001,198.274996
9.870,-57.853036,-21.850520,-5.841924,44.030002,-23.625001,198.274996
9.880,-57.853036,-21.850520,-5.841924,44.030002,-23.625001,198.274996
9.890,13.911635,-0.270895,-7.473797,44.030002,-23.625001,198.274996
9.900,13.911635,-0.270895,-7.473797,44.030002,-23.625001,198.274996
9.910,13.911635,-0.270895,-7.473797,44.030002,-23.625001,198.274996
9.920,13.911635,-0.270895,-7.473797,44.030002,-23.625001,198.274996
9.930,13.911635,-0.270895,-7.473797,44.030002,-23.625001,198.274996
9.940,13.911635,-0.270895,-7.473797,44.030002,-23.625001,198.274996
9.950,13.911635,-0.270895,-7.473797,44.030002,-23.625001,198.274996
9.960,13.911635,-0.270895,-7.473797,44.030002,-23.625001,198.274996
9.970,13.911635,-0.270895,-7.473797,44.030002,-23.625001,198.274996
9.980,13.911635,-0.270895,-7.473797,44.030002,-23.625001,198.274996
9.990,13.911635,-0.270895,-7.473797,44.030002,-23.625001,198.274996
10.000,13.911635,-0.270895,-7.473797,44.030002,-23.625001,198.274996
10.010,13.911635,-0.270895,-7.473797,-125.825007,8.155000,98.909998
10.020,13.911635,-0.270895,-7.473797,-125.825007,8.155000,98.909998
10.030,13.911635,-0.270895,-7.473797,-125.825007,8.155000,98.909998
10.040,13.911635,-0.270895,-7.473797,-125.825007,8.155000,98.909998
10.050,17.585991,-3.413453,7.229295,-125.825007,8.155000,98.909998
10.060,17.585991,-3.413453,7.229295,-125.825007,8.155000,98.909998
10.070,17.585991,-3.413453,7.229295,-125.825007,8.155000,98.909998
10.080,17.585991,-3.413453,7.229295,-125.825007,8.155000,98.909998
10.090,17.585991,-3.413453,7.229295,-125.825007,8.155000,98.909998
10.100,17.585991,-3.413453,7.229295,-125.825007,8.155000,98.909998
10.110,17.585991,-3.413453,7.229295,-125.825007,8.155000,98.909998
10.120,17.585991,-3.413453,7.229295,-125.825007,8.155000,98.909998
10.130,17.585991,-3.413453,7.229295,-125.825007,8.155000,98.909998
10.140,17.585991,-3.413453,7.229295,-125.825007,8.155000,98.909998
10.150,17.585991,-3.413453,7.229295,-125.825007,8.155000,98.909998
10.160,17.585991,-3.413453,7.229295,-125.825007,8.155000,98.909998
10.170,17.585991,-3.413453,7.229295,-76.755002,70.804999,93.660000
10.180,17.585991,-3.413453,7.229295,-76.755002,70.804999,93.660000
10.190,17.585991,-3.413453,7.229295,-76.755002,70.804999,93.660000
10.200,17.585991,-3.413453,7.229295,-76.755002,70.804999,93.660000
10.210,10.511967,-3.629067,4.343084,-76.755002,70.804999,93.660000
10.220,10.511967,-3.629067,4.343084,-76.755002,70.804999,93.660000
10.230,10.511967,-3.629067,4.343084,-76.755002,70.804999,93.660000
10.240,10.511967,-3.629067,4.343084,-76.755002,70.804999,93.660000
10.250,10.511967,-3.629067,4.343084,-76.755002,70.804999,93.660000
10.260,10.511967,-3.629067,4.343084,-76.755002,70.804999,93.660000
10.270,10.511967,-3.629067,4.343084,-76.755002,70.804999,93.660000
10.280,10.511967,-3.629067,4.343084,-76.755002,70.804999,93.660000
10.290,10.511967,-3.629067,4.343084,-76.755002,70.804999,93.660000
10.300,10.511967,-3.629067,4.343084,-76.755002,70.804999,93.660000
10.310,10.511967,-3.629067,4.343084,-76.755002,70.804999,93.660000
10.320,10.511967,-3.629067,4.343084,-76.755002,70.804999,93.660000
10.330,10.511967,-3.629067,4.343084,-27.195001,486.639995,49.035000
10.340,10.511967,-3.629067,4.343084,-27.195001,486.639995,49.035000
10.350,10.511967,-3.629067,4.343084,-27.195001,486.639995,49.035000
10.360,10.511967,-3.629067,4.343084,-27.195001,486.639995,49.035000
10.370,-4.139874,1.115174,-3.537671,-27.195001,486.639995,49.035000
10.380,-4.139874,1.115174,-3.537671,-27.195001,486.639995,49.035000
10.390,-4.139874,1.115174,-3.537671,-27.195001,486.639995,49.035000
10.400,-4.139874,1.115174,-3.537671,-27.195001,486.639995,49.035000
10.410,-4.139874,1.115174,-3.537671,-27.195001,486.639995,49.035000
10.420,-4.139874,1.115174,-3.537671,-27.195001,486.639995,49.035000
10.430,-4.139874,1.115174,-3.537671,-27.195001,486.639995,49.035000
10.440,-4.139874,1.115174,-3.537671,-27.195001,486.639995,49.035000
10.450,-4.139874,1.115174,-3.537671,-27.195001,486.639995,49.035000
10.460,-4.139874,1.115174,-3.537671,-27.195001,486.639995,49.035000
10.470,-4.139874,1.115174,-3.537671,-27.195001,486.639995,49.035000
10.480,-4.139874,1.115174,-3.537671,-27.195001,486.639995,49.035000
10.490,-4.139874,1.115174,-3.537671,20.545001,339.080015,216.020005
10.500,-4.139874,1.115174,-3.537671,20.545001,339.080015,216.020005
10.510,-4.139874,1.115174,-3.537671,20.545001,339.080015,216.020005
10.520,-4.139874,1.115174,-3.537671,20.545001,339.080015,216.020005
10.530,-19.988950,4.494934,-4.718683,20.545001,339.080015,216.020005
10.540,-19.988950,4.494934,-4.718683,20.545001,339.080015,216.020005
10.550,-19.988950,4.494934,-4.718683,20.545001,339.080015,216.020005
10.560,-19.988950,4.494934,-4.718683,20.545001,339.080015,216.020005
10.570,-19.988950,4.494934,-4.718683,20.545001,339.080015,216.020005
10.580,-19.988950,4.494934,-4.718683,20.545001,339.080015,216.020005
10.590,-19.988950,4.494934,-4.718683,20.545001,339.080015,216.020005
10.600,-19.988950,4.494934,-4.718683,20.545001,339.080015,216.020005
10.610,-19.988950,4.494934,-4.718683,20.545001,339.080015,216.020005
10.620,-19.988950,4.494934,-4.718683,20.545001,339.080015,216.020005
10.630,-19.988950,4.494934,-4.718683,20.545001,339.080015,216.020005
10.640,-19.988950,4.494934,-4.718683,20.545001,339.080015,216.020005
10.650,-19.988950,4.494934,-4.718683,-229.074996,-142.135007,354.409992
10.660,-19.988950,4.494934,-4.718683,-229.074996,-142.135007,354.409992
10.670,-19.988950,4.494934,-4.718683,-229.074996,-142.135007,354.409992
10.680,-19.988950,4.494934,-4.718683,-229.074996,-142.135007,354.409992
10.690,18.081202,17.024546,3.357859,-229.074996,-142.135007,354.409992
10.700,18.081202,17.024546,3.357859,-229.074996,-142.135007,354.409992
10.710,18.081202,17.024546,3.357859,-229.074996,-142.135007,354.409992
10.720,18.081202,17.024546,3.357859,-229.074996,-142.135007,354.409992
10.730,18.081202,17.024546,3.357859,-229.074996,-142.135007,354.409992
10.740,18.081202,17.024546,3.357859,-229.074996,-142.135007,354.409992
10.750,18.081202,17.024546,3.357859,-229.074996,-142.135007,354.409992
10.760,18.081202,17.024546,3.357859,-229.074996,-142.135007,354.409992
10.770,18.081202,17.024546,3.357859,-229.074996,-142.135007,354.409992
10.780,18.081202,17.024546,3.357859,-229.074996,-142.135007,354.409992
10.790,18.081202,17.024546,3.357859,-229.074996,-142.135007,354.409992
10.800,18.081202,17.024546,3.357859,-229.074996,-142.135007,354.409992
10.810,18.081202,17.024546,3.357859,16.555001,-412.125008,-413.350017
10.820,18.081202,17.024546,3.357859,16.555001,-412.125008,-413.350017
10.830,18.081202,17.024546,3.357859,16.555001,-412.125008,-413.350017
10.840,18.081202,17.024546,3.357859,16.555001,-412.125008,-413.350017
10.850,-53.934509,-45.032561,43.031458,16.555001,-412.125008,-413.350017
10.860,-53.934509,-45.032561,43.031458,16.555001,-412.125008,-413.350017
10.870,-53.934509,-45.032561,43.031458,16.555001,-412.125008,-413.350017
10.880,-53.934509,-45.032561,43.031458,16.555001,-412.125008,-413.350017
10.890,-53.934509,-45.032561,43.031458,16.555001,-412.125008,-413.350017
10.900,-53.934509,-45.032561,43.031458,16.555001,-412.125008,-413.350017
10.910,-53.934509,-45.032561,43.031458,16.555001,-412.125008,-413.350017
10.920,-53.934509,-45.032561,43.031458,16.555001,-412.125008,-413.350017
10.930,-53.934509,-45.032561,43.031458,16.555001,-412.125008,-413.350017
10.940,-53.934509,-45.032561,43.031458,16.555001,-412.125008,-413.350017
10.950,-53.934509,-45.032561,43.031458,16.555001,-412.125008,-413.350017
10.960,-53.934509,-45.032561,43.031458,16.555001,-412.125008,-413.350017
10.970,-53.934509,-45.032561,43.031458,121.800004,-40.005002,190.400006
10.980,-53.934509,-45.032561,43.031458,121.800004,-40.005002,190.400006
10.990,-53.934509,-45.032561,43.031458,121.800004,-40.005002,190.400006
11.000,-53.934509,-45.032561,43.031458,121.800004,-40.005002,190.400006
11.010,23.717659,4.338278,-13.169647,121.800004,-40.005002,190.400006
11.020,23.717659,4.338278,-13.169647,121.800004,-40.005002,190.400006
11.030,23.717659,4.338278,-13.169647,121.800004,-40.005002,190.400006
11.040,23.717659,4.338278,-13.169647,121.800004,-40.005002,190.400006
11.050,23.717659,4.338278,-13.169647,121.800004,-40.005002,190.400006
11.060,23.717659,4.338278,-13.169647,121.800004,-40.005002,190.400006
11.070,23.717659,4.338278,-13.169647,121.800004,-40.005002,190.400006
11.080,23.717659,4.338278,-13.169647,121.800004,-40.005002,190.400006
11.090,23.717659,4.338278,-13.169647,121.800004,-40.005002,190.400006
11.100,23.717659,4.338278,-13.169647,121.800004,-40.005002,190.400006
11.110,23.717659,4.338278,-13.169647,121.800004,-40.005002,190.400006
11.120,23.717659,4.338278,-13.169647,121.800004,-40.005002,190.400006
11.130,23.717659,4.338278,-13.169647,-36.259999,48.264999,148.085004
11.140,23.717659,4.338278,-13.169647,-36.259999,48.264999,148.085004
11.150,23.717659,4.338278,-13.169647,-36.259999,48.264999,148.085004
11.160,23.717659,4.338278,-13.169647,-36.259999,48.264999,148.085004
11.170,18.361212,5.985492,3.258715,-36.259999,48.264999,148.085004
11.180,18.361212,5.985492,3.258715,-36.259999,48.264999,148.085004
11.190,18.361212,5.985492,3.258715,-36.259999,48.264999,148.085004
11.200,18.361212,5.985492,3.258715,-36.259999,48.264999,148.085004
11.210,18.361212,5.985492,3.258715,-36.259999,48.264999,148.085004
11.220,18.361212,5.985492,3.258715,-36.259999,48.264999,148.085004
11.230,18.361212,5.985492,3.258715,-36.259999,48.264999,148.085004
11.240,18.361212,5.985492,3.258715,-36.259999,48.264999,148.085004
11.250,18.361212,5.985492,3.258715,-36.259999,48.264999,148.085004
11.260,18.361212,5.985492,3.258715,-36.259999,48.264999,148.085004
11.270,18.361212,5.985492,3.258715,-36.259999,48.264999,148.085004
11.280,18.361212,5.985492,3.258715,-36.259999,48.264999,148.085004
11.290,18.361212,5.985492,3.258715,2.695000,-3.045000,69.370004
11.300,18.361212,5.985492,3.258715,2.695000,-3.045000,69.370004
11.310,18.361212,5.985492,3.258715,2.695000,-3.045000,69.370004
11.320,18.361212,5.985492,3.258715,2.695000,-3.045000,69.370004
11.330,11.135974,5.696275,-0.593597,2.695000,-3.045000,69.370004
11.340,11.135974,5.696275,-0.593597,2.695000,-3.045000,69.370004
11.350,11.135974,5.696275,-0.593597,2.695000,-3.045000,69.370004
11.360,11.135974,5.696275,-0.593597,2.695000,-3.045000,69.370004
11.370,11.135974,5.696275,-0.593597,2.695000,-3.045000,69.370004
11.380,11.135974,5.696275,-0.593597,2.695000,-3.045000,69.370004
11.390,11.135974,5.696275,-0.593597,2.695000,-3.045000,69.370004
11.400,11.135974,5.696275,-0.593597,2.695000,-3.045000,69.370004
11.410,11.135974,5.696275,-0.593597,2.695000,-3.045000,69.370004
11.420,11.135974,5.696275,-0.593597,2.695000,-3.045000,69.370004
11.430,11.135974,5.696275,-0.593597,2.695000,-3.045000,69.370004
11.440,11.135974,5.696275,-0.593597,2.695000,-3.045000,69.370004
11.450,11.135974,5.696275,-0.593597,5.040000,-79.625000,1.785000
11.460,11.135974,5.696275,-0.593597,5.040000,-79.625000,1.785000
11.470,11.135974,5.696275,-0.593597,5.040000,-79.625000,1.785000
11.480,11.135974,5.696275,-0.593597,5.040000,-79.625000,1.785000
11.490,11.130599,4.982230,-3.097007,5.040000,-79.625000,1.785000
11.500,11.130599,4.982230,-3.097007,5.040000,-79.625000,1.785000
11.510,11.130599,4.982230,-3.097007,5.040000,-79.625000,1.785000
11.520,11.130599,4.982230,-3.097007,5.040000,-79.625000,1.785000
11.530,11.130599,4.982230,-3.097007,5.040000,-79.625000,1.785000
11.540,11.130599,4.982230,-3.097007,5.040000,-79.625000,1.785000
11.550,11.130599,4.982230,-3.097007,5.040000,-79.625000,1.785000
11.560,11.130599,4.982230,-3.097007,5.040000,-79.625000,1.785000
11.570,11.130599,4.982230,-3.097007,5.040000,-79.625000,1.785000
11.580,11.130599,4.982230,-3.097007,5.040000,-79.625000,1.785000
11.590,11.130599,4.982230,-3.097007,5.040000,-79.625000,1.785000
11.600,11.130599,4.982230,-3.097007,5.040000,-79.625000,1.785000
11.610,11.130599,4.982230,-3.097007,18.795000,-53.304999,-29.854999
11.620,11.130599,4.982230,-3.097007,18.795000,-53.304999,-29.854999
11.630,11.130599,4.982230,-3.097007,18.795000,-53.304999,-29.854999
11.640,9.469510,5.052640,-2.492929,18.795000,-53.304999,-29.854999
11.650,9.469510,5.052640,-2.492929,18.795000,-53.304999,-29.854999
11.660,9.469510,5.052640,-2.492929,18.795000,-53.304999,-29.854999
11.670,9.469510,5.052640,-2.492929,18.795000,-53.304999,-29.854999
11.680,9.469510,5.052640,-2.492929,18.795000,-53.304999,-29.854999
11.690,9.469510,5.052640,-2.492929,18.795000,-53.304999,-29.854999
11.700,9.469510,5.052640,-2.492929,18.795000,-53.304999,-29.854999
11.710,9.469510,5.052640,-2.492929,18.795000,-53.304999,-29.854999
11.720,9.469510,5.052640,-2.492929,18.795000,-53.304999,-29.854999
11.730,9.469510,5.052640,-2.492929,18.795000,-53.304999,-29.854999
11.740,9.469510,5.052640,-2.492929,18.795000,-53.304999,-29.854999
11.750,9.469510,5.052640,-2.492929,18.795000,-53.304999,-29.854999
11.760,9.469510,5.052640,-2.492929,18.795000,-53.304999,-29.854999
11.770,9.469510,5.052640,-2.492929,23.380000,-32.620000,-29.925002
11.780,9.469510,5.052640,-2.492929,23.380000,-32.620000,-29.925002
11.790,9.469510,5.052640,-2.492929,23.380000,-32.620000,-29.925002
11.800,8.096587,4.421354,-2.283563,23.380000,-32.620000,-29.925002
11.810,8.096587,4.421354,-2.283563,23.380000,-32.620000,-29.925002
11.820,8.096587,4.421354,-2.283563,23.380000,-32.620000,-29.925002
11.830,8.096587,4.421354,-2.283563,23.380000,-32.620000,-29.925002
11.840,8.096587,4.421354,-2.283563,23.380000,-32.620000,-29.925002
11.850,8.096587,4.421354,-2.283563,23.380000,-32.620000,-29.925002
11.860,8.096587,4.421354,-2.283563,23.380000,-32.620000,-29.925002
11.870,8.096587,4.421354,-2.283563,23.380000,-32.620000,-29.925002
11.880,8.096587,4.421354,-2.283563,23.380000,-32.620000,-29.925002
11.890,8.096587,4.421354,-2.283563,23.380000,-32.620000,-29.925002
11.900,8.096587,4.421354,-2.283563,23.380000,-32.620000,-29.925002
11.910,8.096587,4.421354,-2.283563,23.380000,-32.620000,-29.925002
11.920,8.096587,4.421354,-2.283563,23.380000,-32.620000,-29.925002
11.930,8.096587,4.421354,-2.283563,23.380000,-32.620000,-29.925002
11.940,8.096587,4.421354,-2.283563,23.380000,-32.620000,-29.925002
11.950,8.096587,4.421354,-2.283563,23.380000,-32.620000,-29.925002
11.960,8.096587,4.421354,-2.283563,23.380000,-32.620000,-29.925002
11.970,8.096587,4.421354,-2.283563,31.710000,-44.275001,-31.499999
11.980,8.096587,4.421354,-2.283563,31.710000,-44.275001,-31.499999
11.990,8.096587,4.421354,-2.283563,31.710000,-44.275001,-31.499999
12.000,8.096587,4.421354,-2.283563,31.710000,-44.275001,-31.499999
12.010,8.096587,4.421354,-2.283563,31.710000,-44.275001,-31.499999
12.020,8.096587,4.421354,-2.283563,31.710000,-44.275001,-31.499999
12.030,8.096587,4.421354,-2.283563,31.710000,-44.275001,-31.499999
12.040,8.096587,4.421354,-2.283563,31.710000,-44.275001,-31.499999
12.050,8.096587,4.421354,-2.283563,31.710000,-44.275001,-31.499999
12.060,8.096587,4.421354,-2.283563,31.710000,-44.275001,-31.499999
12.070,8.096587,4.421354,-2.283563,31.710000,-44.275001,-31.499999
12.080,8.096587,4.421354,-2.283563,31.710000,-44.275001,-31.499999
12.090,6.781812,3.757350,-1.930279,31.710000,-44.275001,-31.499999
12.100,6.781812,3.757350,-1.930279,31.710000,-44.275001,-31.499999
12.110,6.781812,3.757350,-1.930279,31.710000,-44.275001,-31.499999
12.120,6.781812,3.757350,-1.930279,31.710000,-44.275001,-31.499999
12.130,6.781812,3.757350,-1.930279,23.940001,-25.165000,-19.110000
12.140,5.770215,3.360222,-1.910058,23.940001,-25.165000,-19.110000
12.150,5.770215,3.360222,-1.910058,23.940001,-25.165000,-19.110000
12.160,5.770215,3.360222,-1.910058,23.940001,-25.165000,-19.110000
12.170,5.770215,3.360222,-1.910058,23.940001,-25.165000,-19.110000
12.180,5.770215,3.360222,-1.910058,23.940001,-25.165000,-19.110000
12.190,5.770215,3.360222,-1.910058,23.940001,-25.165000,-19.110000
12.200,5.770215,3.360222,-1.910058,23.940001,-25.165000,-19.110000
12.210,5.770215,3.360222,-1.910058,23.940001,-25.165000,-19.110000
12.220,5.770215,3.360222,-1.910058,23.940001,-25.165000,-19.110000
12.230,5.770215,3.360222,-1.910058,23.940001,-25.165000,-19.110000
12.240,5.770215,3.360222,-1.910058,23.940001,-25.165000,-19.110000
12.250,5.770215,3.360222,-1.910058,-2.380000,-8.190000,-4.795000
12.260,5.770215,3.360222,-1.910058,-2.380000,-8.190000,-4.795000
12.270,5.770215,3.360222,-1.910058,-2.380000,-8.190000,-4.795000
12.280,5.770215,3.360222,-1.910058,-2.380000,-8.190000,-4.795000
12.290,5.183118,3.117218,-1.913034,-2.380000,-8.190000,-4.795000
12.300,5.183118,3.117218,-1.913034,-2.380000,-8.190000,-4.795000
12.310,5.183118,3.117218,-1.913034,-2.380000,-8.190000,-4.795000
12.320,5.183118,3.117218,-1.913034,-2.380000,-8.190000,-4.795000
12.330,5.183118,3.117218,-1.913034,-2.380000,-8.190000,-4.795000
12.340,5.183118,3.117218,-1.913034,-2.380000,-8.190000,-4.795000
12.350,5.183118,3.117218,-1.913034,-2.380000,-8.190000,-4.795000
12.360,5.183118,3.117218,-1.913034,-2.380000,-8.190000,-4.795000
12.370,5.183118,3.117218,-1.913034,-2.380000,-8.190000,-4.795000
12.380,5.183118,3.117218,-1.913034,-2.380000,-8.190000,-4.795000
12.390,5.183118,3.117218,-1.913034,-2.380000,-8.190000,-4.795000
12.400,5.183118,3.117218,-1.913034,-2.380000,-8.190000,-4.795000
12.410,5.183118,3.117218,-1.913034,14.105000,-25.410001,-6.300000
12.420,5.183118,3.117218,-1.913034,14.105000,-25.410001,-6.300000
12.430,5.183118,3.117218,-1.913034,14.105000,-25.410001,-6.300000
12.440,5.183118,3.117218,-1.913034,14.105000,-25.410001,-6.300000
12.450,4.433799,2.748518,-1.543834,14.105000,-25.410001,-6.300000
12.460,4.433799,2.748518,-1.543834,14.105000,-25.410001,-6.300000
12.470,4.433799,2.748518,-1.543834,14.105000,-25.410001,-6.300000
12.480,4.433799,2.748518,-1.543834,14.105000,-25.410001,-6.300000
12.490,4.433799,2.748518,-1.543834,14.105000,-25.410001,-6.300000
12.500,4.433799,2.748518,-1.543834,14.105000,-25.410001,-6.300000
12.510,4.433799,2.748518,-1.543834,14.105000,-25.410001,-6.300000
12.520,4.433799,2.748518,-1.543834,14.105000,-25.410001,-6.300000
12.530,4.433799,2.748518,-1.543834,14.105000,-25.410001,-6.300000
12.540,4.433799,2.748518,-1.543834,14.105000,-25.410001,-6.300000
12.550,4.433799,2.748518,-1.543834,14.105000,-25.410001,-6.300000
12.560,4.433799,2.748518,-1.543834,14.105000,-25.410001,-6.300000
12.570,4.433799,2.748518,-1.543834,22.015001,5.460000,3.990000
12.580,4.433799,2.748518,-1.543834,22.015001,5.460000,3.990000
12.590,4.433799,2.748518,-1.543834,22.015001,5.460000,3.990000
12.600,4.433799,2.748518,-1.543834,22.015001,5.460000,3.990000
12.610,4.290199,3.817294,-1.037786,22.015001,5.460000,3.990000
12.620,4.290199,3.817294,-1.037786,22.015001,5.460000,3.990000
12.630,4.290199,3.817294,-1.037786,22.015001,5.460000,3.990000
12.640,4.290199,3.817294,-1.037786,22.015001,5.460000,3.990000
12.650,4.290199,3.817294,-1.037786,22.015001,5.460000,3.990000
12.660,4.290199,3.817294,-1.037786,22.015001,5.460000,3.990000
12.670,4.290199,3.817294,-1.037786,22.015001,5.460000,3.990000
12.680,4.290199,3.817294,-1.037786,22.015001,5.460000,3.990000
12.690,4.290199,3.817294,-1.037786,22.015001,5.460000,3.990000
12.700,4.290199,3.817294,-1.037786,22.015001,5.460000,3.990000
12.710,4.290199,3.817294,-1.037786,22.015001,5.460000,3.990000
12.720,4.290199,3.817294,-1.037786,22.015001,5.460000,3.990000
12.730,4.290199,3.817294,-1.037786,-4.760000,-24.710001,17.780000
12.740,4.290199,3.817294,-1.037786,-4.760000,-24.710001,17.780000
12.750,4.290199,3.817294,-1.037786,-4.760000,-24.710001,17.780000
12.760,4.290199,3.817294,-1.037786,-4.760000,-24.710001,17.780000
12.770,4.137013,1.816512,-1.048579,-4.760000,-24.710001,17.780000
12.780,4.137013,1.816512,-1.048579,-4.760000,-24.710001,17.780000
12.790,4.137013,1.816512,-1.048579,-4.760000,-24.710001,17.780000
12.800,4.137013,1.816512,-1.048579,-4.760000,-24.710001,17.780000
12.810,4.137013,1.816512,-1.048579,-4.760000,-24.710001,17.780000
12.820,4.137013,1.816512,-1.048579,-4.760000,-24.710001,17.780000
12.830,4.137013,1.816512,-1.048579,-4.760000,-24.710001,17.780000
12.840,4.137013,1.816512,-1.048579,-4.760000,-24.710001,17.780000
12.850,4.137013,1.816512,-1.048579,-4.760000,-24.710001,17.780000
12.860,4.137013,1.816512,-1.048579,-4.760000,-24.710001,17.780000
12.870,4.137013,1.816512,-1.048579,-4.760000,-24.710001,17.780000
12.880,4.137013,1.816512,-1.048579,-4.760000,-24.710001,17.780000
12.890,4.137013,1.816512,-1.048579,11.760000,38.744999,-17.290001
12.900,4.137013,1.816512,-1.048579,11.760000,38.744999,-17.290001
12.910,4.137013,1.816512,-1.048579,11.760000,38.744999,-17.290001
12.920,4.137013,1.816512,-1.048579,11.760000,38.744999,-17.290001
12.930,0.926901,2.700110,-0.425146,11.760000,38.744999,-17.290001
12.940,0.926901,2.700110,-0.425146,11.760000,38.744999,-17.290001
12.950,0.926901,2.700110,-0.425146,11.760000,38.744999,-17.290001
12.960,0.926901,2.700110,-0.425146,11.760000,38.744999,-17.290001
12.970,0.926901,2.700110,-0.425146,11.760000,38.744999,-17.290001
12.980,0.926901,2.700110,-0.425146,11.760000,38.744999,-17.290001
12.990,0.926901,2.700110,-0.425146,11.760000,38.744999,-17.290001
13.000,0.926901,2.700110,-0.425146,11.760000,38.744999,-17.290001
13.010,0.926901,2.700110,-0.425146,11.760000,38.744999,-17.290001
13.020,0.926901,2.700110,-0.425146,11.760000,38.744999,-17.290001
13.030,0.926901,2.700110,-0.425146,11.760000,38.744999,-17.290001
13.040,0.926901,2.700110,-0.425146,11.760000,38.744999,-17.290001
13.050,0.926901,2.700110,-0.425146,-9.450000,22.400000,-0.105000
13.060,0.926901,2.700110,-0.425146,-9.450000,22.400000,-0.105000
13.070,0.926901,2.700110,-0.425146,-9.450000,22.400000,-0.105000
13.080,0.926901,2.700110,-0.425146,-9.450000,22.400000,-0.105000
13.090,1.319959,1.853630,-0.004928,-9.450000,22.400000,-0.105000
13.100,1.319959,1.853630,-0.004928,-9.450000,22.400000,-0.105000
13.110,1.319959,1.853630,-0.004928,-9.450000,22.400000,-0.105000
13.120,1.319959,1.853630,-0.004928,-9.450000,22.400000,-0.105000
13.130,1.319959,1.853630,-0.004928,-9.450000,22.400000,-0.105000
13.140,1.319959,1.853630,-0.004928,-9.450000,22.400000,-0.105000
13.150,1.319959,1.853630,-0.004928,-9.450000,22.400000,-0.105000
13.160,1.319959,1.853630,-0.004928,-9.450000,22.400000,-0.105000
13.170,1.319959,1.853630,-0.004928,-9.450000,22.400000,-0.105000
13.180,1.319959,1.853630,-0.004928,-9.450000,22.400000,-0.105000
13.190,1.319959,1.853630,-0.004928,-9.450000,22.400000,-0.105000
13.200,1.319959,1.853630,-0.004928,-9.450000,22.400000,-0.105000
13.210,1.319959,1.853630,-0.004928,-9.345000,16.520001,1.295000
13.220,1.319959,1.853630,-0.004928,-9.345000,16.520001,1.295000
13.230,1.319959,1.853630,-0.004928,-9.345000,16.520001,1.295000
13.240,1.319959,1.853630,-0.004928,-9.345000,16.520001,1.295000
13.250,1.119174,1.593995,-0.032673,-9.345000,16.520001,1.295000
13.260,1.119174,1.593995,-0.032673,-9.345000,16.520001,1.295000
13.270,1.119174,1.593995,-0.032673,-9.345000,16.520001,1.295000
13.280,1.119174,1.593995,-0.032673,-9.345000,16.520001,1.295000
13.290,1.119174,1.593995,-0.032673,-9.345000,16.520001,1.295000
13.300,1.119174,1.593995,-0.032673,-9.345000,16.520001,1.295000
13.310,1.119174,1.593995,-0.032673,-9.345000,16.520001,1.295000
13.320,1.119174,1.593995,-0.032673,-9.345000,16.520001,1.295000
13.330,1.119174,1.593995,-0.032673,-9.345000,16.520001,1.295000
13.340,1.119174,1.593995,-0.032673,-9.345000,16.520001,1.295000
13.350,1.119174,1.593995,-0.032673,-9.345000,16.520001,1.295000
13.360,1.119174,1.593995,-0.032673,-9.345000,16.520001,1.295000
13.370,1.119174,1.593995,-0.032673,-23.660001,2.100000,7.140000
13.380,1.119174,1.593995,-0.032673,-23.660001,2.100000,7.140000
13.390,1.119174,1.593995,-0.032673,-23.660001,2.100000,7.140000
13.400,1.119174,1.593995,-0.032673,-23.660001,2.100000,7.140000
13.410,0.903001,1.068337,0.309050,-23.660001,2.100000,7.140000
13.420,0.903001,1.068337,0.309050,-23.660001,2.100000,7.140000
13.430,0.903001,1.068337,0.309050,-23.660001,2.100000,7.140000
13.440,0.903001,1.068337,0.309050,-23.660001,2.100000,7.140000
13.450,0.903001,1.068337,0.309050,-23.660001,2.100000,7.140000
13.460,0.903001,1.068337,0.309050,-23.660001,2.100000,7.140000
13.470,0.903001,1.068337,0.309050,-23.660001,2.100000,7.140000
13.480,0.903001,1.068337,0.309050,-23.660001,2.100000,7.140000
13.490,0.903001,1.068337,0.309050,-23.660001,2.100000,7.140000
13.500,0.903001,1.068337,0.309050,-23.660001,2.100000,7.140000
13.510,0.903001,1.068337,0.309050,-23.660001,2.100000,7.140000
13.520,0.903001,1.068337,0.309050,-23.660001,2.100000,7.140000
13.530,0.903001,1.068337,0.309050,0.700000,-33.110001,-4.515000
13.540,0.903001,1.068337,0.309050,0.700000,-33.110001,-4.515000
13.550,0.903001,1.068337,0.309050,0.700000,-33.110001,-4.515000
13.560,0.903001,1.068337,0.309050,0.700000,-33.110001,-4.515000
13.570,0.733893,0.588434,0.425369,0.700000,-33.110001,-4.515000
13.580,0.733893,0.588434,0.425369,0.700000,-33.110001,-4.515000
13.590,0.733893,0.588434,0.425369,0.700000,-33.110001,-4.515000
13.600,0.733893,0.588434,0.425369,0.700000,-33.110001,-4.515000
13.610,0.733893,0.588434,0.425369,0.700000,-33.110001,-4.515000
13.620,0.733893,0.588434,0.425369,0.700000,-33.110001,-4.515000
13.630,0.733893,0.588434,0.425369,0.700000,-33.110001,-4.515000
13.640,0.733893,0.588434,0.425369,0.700000,-33.110001,-4.515000
13.650,0.733893,0.588434,0.425369,0.700000,-33.110001,-4.515000
13.660,0.733893,0.588434,0.425369,0.700000,-33.110001,-4.515000
13.670,0.733893,0.588434,0.425369,0.700000,-33.110001,-4.515000
13.680,0.733893,0.588434,0.425369,0.700000,-33.110001,-4.515000
13.690,0.733893,0.588434,0.425369,15.540000,-33.390001,-0.875000
13.700,0.733893,0.588434,0.425369,15.540000,-33.390001,-0.875000
13.710,0.733893,0.588434,0.425369,15.540000,-33.390001,-0.875000
13.720,0.733893,0.588434,0.425369,15.540000,-33.390001,-0.875000
13.730,0.723105,0.382641,0.070229,15.540000,-33.390001,-0.875000
13.740,0.723105,0.382641,0.070229,15.540000,-33.390001,-0.875000
13.750,0.723105,0.382641,0.070229,15.540000,-33.390001,-0.875000
13.760,0.723105,0.382641,0.070229,15.540000,-33.390001,-0.875000
13.770,0.723105,0.382641,0.070229,15.540000,-33.390001,-0.875000
13.780,0.723105,0.382641,0.070229,15.540000,-33.390001,-0.875000
13.790,0.723105,0.382641,0.070229,15.540000,-33.390001,-0.875000
13.800,0.723105,0.382641,0.070229,15.540000,-33.390001,-0.875000
13.810,0.723105,0.382641,0.070229,15.540000,-33.390001,-0.875000
13.820,0.723105,0.382641,0.070229,15.540000,-33.390001,-0.875000
13.830,0.723105,0.382641,0.070229,15.540000,-33.390001,-0.875000
13.840,0.723105,0.382641,0.070229,15.540000,-33.390001,-0.875000
13.850,0.723105,0.382641,0.070229,7.490000,-10.465000,0.595000
13.860,0.723105,0.382641,0.070229,7.490000,-10.465000,0.595000
13.870,0.723105,0.382641,0.070229,7.490000,-10.465000,0.595000
13.880,0.723105,0.382641,0.070229,7.490000,-10.465000,0.595000
13.890,1.254606,-0.454286,-0.740607,7.490000,-10.465000,0.595000
13.900,1.254606,-0.454286,-0.740607,7.490000,-10.465000,0.595000
13.910,1.254606,-0.454286,-0.740607,7.490000,-10.465000,0.595000
13.920,1.254606,-0.454286,-0.740607,7.490000,-10.465000,0.595000
13.930,1.254606,-0.454286,-0.740607,7.490000,-10.465000,0.595000
13.940,1.254606,-0.454286,-0.740607,7.490000,-10.465000,0.595000
13.950,1.254606,-0.454286,-0.740607,7.490000,-10.465000,0.595000
13.960,1.254606,-0.454286,-0.740607,7.490000,-10.465000,0.595000
13.970,1.254606,-0.454286,-0.740607,7.490000,-10.465000,0.595000
13.980,1.254606,-0.454286,-0.740607,7.490000,-10.465000,0.595000
13.990,1.254606,-0.454286,-0.740607,7.490000,-10.465000,0.595000
14.000,1.254606,-0.454286,-0.740607,7.490000,-10.465000,0.595000
14.010,1.254606,-0.454286,-0.740607,3.430000,-4.410000,-3.045000
14.020,1.254606,-0.454286,-0.740607,3.430000,-4.410000,-3.045000
14.030,1.254606,-0.454286,-0.740607,3.430000,-4.410000,-3.045000
14.040,1.254606,-0.454286,-0.740607,3.430000,-4.410000,-3.045000
14.050,1.227783,0.408462,-1.134533,3.430000,-4.410000,-3.045000
14.060,1.227783,0.408462,-1.134533,3.430000,-4.410000,-3.045000
14.070,1.227783,0.408462,-1.134533,3.430000,-4.410000,-3.045000
14.080,1.227783,0.408462,-1.134533,3.430000,-4.410000,-3.045000
14.090,1.227783,0.408462,-1.134533,3.430000,-4.410000,-3.045000
14.100,1.227783,0.408462,-1.134533,3.430000,-4.410000,-3.045000
14.110,1.227783,0.408462,-1.134533,3.430000,-4.410000,-3.045000
14.120,1.227783,0.408462,-1.134533,3.430000,-4.410000,-3.045000
14.130,1.227783,0.408462,-1.134533,3.430000,-4.410000,-3.045000
14.140,1.227783,0.408462,-1.134533,3.430000,-4.410000,-3.045000
14.150,1.227783,0.408462,-1.134533,3.430000,-4.410000,-3.045000
14.160,1.227783,0.408462,-1.134533,3.430000,-4.410000,-3.045000
14.170,1.227783,0.408462,-1.134533,11.620000,15.785001,3.920000
14.180,1.227783,0.408462,-1.134533,11.620000,15.785001,3.920000
14.190,1.227783,0.408462,-1.134533,11.620000,15.785001,3.920000
14.200,1.227783,0.408462,-1.134533,11.620000,15.785001,3.920000
14.210,0.838574,0.255901,-0.401971,11.620000,15.785001,3.920000
14.220,0.838574,0.255901,-0.401971,11.620000,15.785001,3.920000
14.230,0.838574,0.255901,-0.401971,11.620000,15.785001,3.920000
14.240,0.838574,0.255901,-0.401971,11.620000,15.785001,3.920000
14.250,0.838574,0.255901,-0.401971,11.620000,15.785001,3.920000
14.260,0.838574,0.255901,-0.401971,11.620000,15.785001,3.920000
14.270,0.838574,0.255901,-0.401971,11.620000,15.785001,3.920000
14.280,0.838574,0.255901,-0.401971,11.620000,15.785001,3.920000
14.290,0.838574,0.255901,-0.401971,11.620000,15.785001,3.920000
14.300,0.838574,0.255901,-0.401971,11.620000,15.785001,3.920000
14.310,0.838574,0.255901,-0.401971,11.620000,15.785001,3.920000
14.320,0.838574,0.255901,-0.401971,11.620000,15.785001,3.920000
14.330,0.838574,0.255901,-0.401971,18.690000,-5.110000,9.940000
14.340,0.838574,0.255901,-0.401971,18.690000,-5.110000,9.940000
14.350,0.838574,0.255901,-0.401971,18.690000,-5.110000,9.940000
14.360,0.838574,0.255901,-0.401971,18.690000,-5.110000,9.940000
14.370,0.940925,0.294743,0.850624,18.690000,-5.110000,9.940000
14.380,0.940925,0.294743,0.850624,18.690000,-5.110000,9.940000
14.390,0.940925,0.294743,0.850624,18.690000,-5.110000,9.940000
14.400,0.940925,0.294743,0.850624,18.690000,-5.110000,9.940000
14.410,0.940925,0.294743,0.850624,18.690000,-5.110000,9.940000
14.420,0.940925,0.294743,0.850624,18.690000,-5.110000,9.940000
14.430,0.940925,0.294743,0.850624,18.690000,-5.110000,9.940000
14.440,0.940925,0.294743,0.850624,18.690000,-5.110000,9.940000
14.450,0.940925,0.294743,0.850624,18.690000,-5.110000,9.940000
14.460,0.940925,0.294743,0.850624,18.690000,-5.110000,9.940000
14.470,0.940925,0.294743,0.850624,18.690000,-5.110000,9.940000
14.480,0.940925,0.294743,0.850624,18.690000,-5.110000,9.940000
14.490,0.940925,0.294743,0.850624,23.835000,-7.840000,4.935000
14.500,0.940925,0.294743,0.850624,23.835000,-7.840000,4.935000
14.510,0.940925,0.294743,0.850624,23.835000,-7.840000,4.935000
14.520,0.940925,0.294743,0.850624,23.835000,-7.840000,4.935000
14.530,0.940925,0.294743,0.850624,23.835000,-7.840000,4.935000
14.540,0.940925,0.294743,0.850624,23.835000,-7.840000,4.935000
14.550,0.134079,0.661005,-0.328896,23.835000,-7.840000,4.935000
14.560,0.134079,0.661005,-0.328896,23.835000,-7.840000,4.935000
14.570,0.134079,0.661005,-0.328896,23.835000,-7.840000,4.935000
14.580,0.134079,0.661005,-0.328896,23.835000,-7.840000,4.935000
14.590,0.134079,0.661005,-0.328896,23.835000,-7.840000,4.935000
14.600,0.134079,0.661005,-0.328896,23.835000,-7.840000,4.935000
14.610,0.134079,0.661005,-0.328896,23.835000,-7.840000,4.935000
14.620,0.134079,0.661005,-0.328896,23.835000,-7.840000,4.935000
14.630,0.134079,0.661005,-0.328896,23.835000,-7.840000,4.935000
14.640,0.134079,0.661005,-0.328896,23.835000,-7.840000,4.935000
14.650,0.134079,0.661005,-0.328896,14.910001,-1.225000,-5.740000
14.660,0.134079,0.661005,-0.328896,14.910001,-1.225000,-5.740000
14.670,0.134079,0.661005,-0.328896,14.910001,-1.225000,-5.740000
14.680,0.134079,0.661005,-0.328896,14.910001,-1.225000,-5.740000
14.690,0.381159,1.300694,-0.705565,14.910001,-1.225000,-5.740000
14.700,0.381159,1.300694,-0.705565,14.910001,-1.225000,-5.740000
14.710,0.381159,1.300694,-0.705565,14.910001,-1.225000,-5.740000
14.720,0.381159,1.300694,-0.705565,14.910001,-1.225000,-5.740000
14.730,0.381159,1.300694,-0.705565,14.910001,-1.225000,-5.740000
14.740,0.381159,1.300694,-0.705565,14.910001,-1.225000,-5.740000
14.750,0.381159,1.300694,-0.705565,14.910001,-1.225000,-5.740000
14.760,0.381159,1.300694,-0.705565,14.910001,-1.225000,-5.740000
14.770,0.381159,1.300694,-0.705565,14.910001,-1.225000,-5.740000
14.780,0.381159,1.300694,-0.705565,14.910001,-1.225000,-5.740000
14.790,0.381159,1.300694,-0.705565,14.910001,-1.225000,-5.740000
14.800,0.381159,1.300694,-0.705565,14.910001,-1.225000,-5.740000
14.810,0.381159,1.300694,-0.705565,-14.770001,-1.365000,-22.610001
14.820,0.381159,1.300694,-0.705565,-14.770001,-1.365000,-22.610001
14.830,0.381159,1.300694,-0.705565,-14.770001,-1.365000,-22.610001
14.840,0.381159,1.300694,-0.705565,-14.770001,-1.365000,-22.610001
14.850,-0.066652,0.845189,-0.775142,-14.770001,-1.365000,-22.610001
14.860,-0.066652,0.845189,-0.775142,-14.770001,-1.365000,-22.610001
14.870,-0.066652,0.845189,-0.775142,-14.770001,-1.365000,-22.610001
14.880,-0.066652,0.845189,-0.775142,-14.770001,-1.365000,-22.610001
14.890,-0.066652,0.845189,-0.775142,-14.770001,-1.365000,-22.610001
14.900,-0.066652,0.845189,-0.775142,-14.770001,-1.365000,-22.610001
14.910,-0.066652,0.845189,-0.775142,-14.770001,-1.365000,-22.610001
14.920,-0.066652,0.845189,-0.775142,-14.770001,-1.365000,-22.610001
14.930,-0.066652,0.845189,-0.775142,-14.770001,-1.365000,-22.610001
14.940,-0.066652,0.845189,-0.775142,-14.770001,-1.365000,-22.610001
14.950,-0.066652,0.845189,-0.775142,-14.770001,-1.365000,-22.610001
14.960,-0.066652,0.845189,-0.775142,-14.770001,-1.365000,-22.610001
14.970,-0.066652,0.845189,-0.775142,-24.605000,-10.920000,-17.675000
14.980,-0.066652,0.845189,-0.775142,-24.605000,-10.920000,-17.675000
14.990,-0.066652,0.845189,-0.775142,-24.605000,-10.920000,-17.675000
15.000,-0.066652,0.845189,-0.775142,-24.605000,-10.920000,-17.675000
15.010,0.084584,1.260336,-0.225549,-24.605000,-10.920000,-17.675000
15.020,0.084584,1.260336,-0.225549,-24.605000,-10.920000,-17.675000
15.030,0.084584,1.260336,-0.225549,-24.605000,-10.920000,-17.675000
15.040,0.084584,1.260336,-0.225549,-24.605000,-10.920000,-17.675000
15.050,0.084584,1.260336,-0.225549,-24.605000,-10.920000,-17.675000
15.060,0.084584,1.260336,-0.225549,-24.605000,-10.920000,-17.675000
15.070,0.084584,1.260336,-0.225549,-24.605000,-10.920000,-17.675000
15.080,0.084584,1.260336,-0.225549,-24.605000,-10.920000,-17.675000
15.090,0.084584,1.260336,-0.225549,-24.605000,-10.920000,-17.675000
15.100,0.084584,1.260336,-0.225549,-24.605000,-10.920000,-17.675000
15.110,0.084584,1.260336,-0.225549,-24.605000,-10.920000,-17.675000
15.120,0.084584,1.260336,-0.225549,-24.605000,-10.920000,-17.675000
15.130,0.084584,1.260336,-0.225549,-14.874999,-3.955000,3.325000
15.140,0.084584,1.260336,-0.225549,-14.874999,-3.955000,3.325000
15.150,0.084584,1.260336,-0.225549,-14.874999,-3.955000,3.325000
15.160,0.084584,1.260336,-0.225549,-14.874999,-3.955000,3.325000
15.170,0.686329,0.131033,0.292655,-14.874999,-3.955000,3.325000
15.180,0.686329,0.131033,0.292655,-14.874999,-3.955000,3.325000
15.190,0.686329,0.131033,0.292655,-14.874999,-3.955000,3.325000
15.200,0.686329,0.131033,0.292655,-14.874999,-3.955000,3.325000
15.210,0.686329,0.131033,0.292655,-14.874999,-3.955000,3.325000
15.220,0.686329,0.131033,0.292655,-14.874999,-3.955000,3.325000
15.230,0.686329,0.131033,0.292655,-14.874999,-3.955000,3.325000
15.240,0.686329,0.131033,0.292655,-14.874999,-3.955000,3.325000
15.250,0.686329,0.131033,0.292655,-14.874999,-3.955000,3.325000
15.260,0.686329,0.131033,0.292655,-14.874999,-3.955000,3.325000
15.270,0.686329,0.131033,0.292655,-14.874999,-3.955000,3.325000
15.280,0.686329,0.131033,0.292655,-14.874999,-3.955000,3.325000
15.290,0.686329,0.131033,0.292655,1.855000,-4.270000,-8.120000
15.300,0.686329,0.131033,0.292655,1.855000,-4.270000,-8.120000
15.310,0.686329,0.131033,0.292655,1.855000,-4.270000,-8.120000
15.320,0.686329,0.131033,0.292655,1.855000,-4.270000,-8.120000
15.330,-0.270712,0.392131,-0.463068,1.855000,-4.270000,-8.120000
15.340,-0.270712,0.392131,-0.463068,1.855000,-4.270000,-8.120000
15.350,-0.270712,0.392131,-0.463068,1.855000,-4.270000,-8.120000
15.360,-0.270712,0.392131,-0.463068,1.855000,-4.270000,-8.120000
15.370,-0.270712,0.392131,-0.463068,1.855000,-4.270000,-8.120000
15.380,-0.270712,0.392131,-0.463068,1.855000,-4.270000,-8.120000
15.390,-0.270712,0.392131,-0.463068,1.855000,-4.270000,-8.120000
15.400,-0.270712,0.392131,-0.463068,1.855000,-4.270000,-8.120000
15.410,-0.270712,0.392131,-0.463068,1.855000,-4.270000,-8.120000
15.420,-0.270712,0.392131,-0.463068,1.855000,-4.270000,-8.120000
15.430,-0.270712,0.392131,-0.463068,1.855000,-4.270000,-8.120000
15.440,-0.270712,0.392131,-0.463068,1.855000,-4.270000,-8.120000
15.450,-0.270712,0.392131,-0.463068,-4.200000,-13.720000,-1.260000
15.460,-0.270712,0.392131,-0.463068,-4.200000,-13.720000,-1.260000
15.470,-0.270712,0.392131,-0.463068,-4.200000,-13.720000,-1.260000
15.480,-0.270712,0.392131,-0.463068,-4.200000,-13.720000,-1.260000
15.490,0.547660,0.101100,-0.759272,-4.200000,-13.720000,-1.260000
15.500,0.547660,0.101100,-0.759272,-4.200000,-13.720000,-1.260000
15.510,0.547660,0.101100,-0.759272,-4.200000,-13.720000,-1.260000
15.520,0.547660,0.101100,-0.759272,-4.200000,-13.720000,-1.260000
15.530,0.547660,0.101100,-0.759272,-4.200000,-13.720000,-1.260000
15.540,0.547660,0.101100,-0.759272,-4.200000,-13.720000,-1.260000
15.550,0.547660,0.101100,-0.759272,-4.200000,-13.720000,-1.260000
15.560,0.547660,0.101100,-0.759272,-4.200000,-13.720000,-1.260000
15.570,0.547660,0.101100,-0.759272,-4.200000,-13.720000,-1.260000
15.580,0.547660,0.101100,-0.759272,-4.200000,-13.720000,-1.260000
15.590,0.547660,0.101100,-0.759272,-4.200000,-13.720000,-1.260000
15.600,0.547660,0.101100,-0.759272,-4.200000,-13.720000,-1.260000
15.610,0.547660,0.101100,-0.759272,-6.125000,2.135000,-3.045000
15.620,0.547660,0.101100,-0.759272,-6.125000,2.135000,-3.045000
15.630,0.547660,0.101100,-0.759272,-6.125000,2.135000,-3.045000
15.640,0.547660,0.101100,-0.759272,-6.125000,2.135000,-3.045000
15.650,0.539642,0.065557,-0.287553,-6.125000,2.135000,-3.045000
15.660,0.539642,0.065557,-0.287553,-6.125000,2.135000,-3.045000
15.670,0.539642,0.065557,-0.287553,-6.125000,2.135000,-3.045000
15.680,0.539642,0.065557,-0.287553,-6.125000,2.135000,-3.045000
15.690,0.539642,0.065557,-0.287553,-6.125000,2.135000,-3.045000
15.700,0.539642,0.065557,-0.287553,-6.125000,2.135000,-3.045000
15.710,0.539642,0.065557,-0.287553,-6.125000,2.135000,-3.045000
15.720,0.539642,0.065557,-0.287553,-6.125000,2.135000,-3.045000
15.730,0.539642,0.065557,-0.287553,-6.125000,2.135000,-3.045000
15.740,0.539642,0.065557,-0.287553,-6.125000,2.135000,-3.045000
15.750,0.539642,0.065557,-0.287553,-6.125000,2.135000,-3.045000
15.760,0.539642,0.065557,-0.287553,-6.125000,2.135000,-3.045000
15.770,0.539642,0.065557,-0.287553,-6.125000,2.135000,-3.045000
15.780,0.539642,0.065557,-0.287553,-6.125000,2.135000,-3.045000
15.790,0.539642,0.065557,-0.287553,-6.125000,2.135000,-3.045000
