time,ax_filtered,ay_filtered,az_filtered,wx_filtered,wy_filtered,wz_filtered
0.0,-1.817678,3.60471,6.569689,3.045,-6.3,-14.595001
0.01,-1.817678,3.60471,6.569689,3.045,-6.3,-14.595001
0.02,-1.817678,3.60471,6.569689,3.045,-6.3,-14.595001
0.03,-1.817678,3.60471,6.569689,3.045,-6.3,-14.595001
0.04,-1.817678,3.60471,6.569689,3.045,-6.3,-14.595001
0.05,-1.817678,3.60471,6.569689,3.045,-6.3,-14.595001
0.06,-1.817678,3.60471,6.569689,3.045,-6.3,-14.595001
0.07,-1.817678,3.60471,6.569689,3.045,-6.3,-14.595001
0.08,-1.817678,3.60471,6.569689,3.045,-6.3,-14.595001
0.09,-1.817678,3.60471,6.569689,3.045,-6.3,-14.595001
0.1,-1.817678,3.60471,6.569689,3.045,-6.3,-14.595001
0.11,-1.817678,3.60471,6.569689,3.045,-6.3,-14.595001
0.12,-1.817678,3.60471,6.569689,3.045,-6.3,-14.595001
0.13,-1.817678,3.60471,6.569689,3.045,-6.3,-14.595001
0.14,-1.817678,3.60471,6.569689,3.045,-6.3,-14.595001
0.15,-1.7367001093749996,3.5736631875,6.559543578125001,3.045,-6.3,-14.595001
0.16,-1.5949888007812496,3.519331265625,6.541789089843751,3.045,-6.3,-14.595001
0.17,-1.4089927082519527,3.4480206181640627,6.51848632397461,3.045,-6.3,-14.595001
0.18,-1.191997266967773,3.364824862792969,6.491299763793945,3.045,-6.3,-14.595001
0.19,-0.9546585030632014,3.2738295053558355,6.461564463596344,3.045,-6.3,-14.595001
0.2,-0.7054528009634013,3.178284380046845,6.430342398388862,3.045,-6.3,-14.595001
0.21,-0.4510553134031887,3.080748731293917,6.398469873489558,3.045,-6.3,-14.595001
0.22,-0.19665782584297611,2.9832130825409893,6.366597348590254,3.045,-6.3,-14.595001
0.23,0.053764700974108154,2.887201428299826,6.335222831892502,3.045,-6.3,-14.595001
0.24,0.29723104649071785,2.7938567644542505,6.304719829547466,3.045,-6.3,-14.595001
0.25,0.5315674040504547,2.704012525502884,6.275360689790368,3.045,-6.3,-14.595001
0.26,0.7552521089938398,2.618252115594762,6.2473360563858655,3.045,-6.3,-14.595001
0.27,0.9672865688880902,2.5369583937026876,6.220771039304514,3.045,-6.3,-14.595001
0.28,1.1670882714807493,2.4603546942274637,6.195738619362471,3.045,-6.3,-14.595001
0.29,1.3544023676613672,2.3885387259694415,6.172270725666806,3.045,-6.3,-14.595001
0.3,1.529228857429944,2.3215104889286207,6.150367358217519,3.045,-6.3,-14.595001
0.31,1.6711619533866675,2.2726948779297325,6.134995977542009,3.045,-6.3,-14.595001
0.32,1.7856933400818673,2.2385860526660566,6.124865827063228,3.045,-6.3,-14.595001
0.33,1.8774557402066006,2.2162700606256474,6.118906777055049,3.045,-6.3,-14.595001
0.34,1.9503518474863712,2.2033316438974335,6.116234336001051,3.045,-6.3,-14.595001
0.35,2.007664447630471,2.1977750960289972,6.116119961819068,3.045,-6.3,-14.595001
0.36,2.0521504157465715,2.1979571125667725,6.117965894682564,3.045,-6.3,-14.595001
0.37,2.0861209004644206,2.202529873469651,6.121283844926763,3.045,-6.3,-14.595001
0.38,2.111509679381767,2.2103928486379543,6.125676965505497,3.045,-6.3,-14.595001
0.39,2.1299313901250208,2.2206520351162182,6.130824620862567,3.045,-6.3,-14.595001
0.4,2.1427311000671208,2.2325855210899483,6.136469534794346,3.045,-6.3,-14.595001
0.41,2.1510264701779924,2.2456144318965547,6.1424069605422025,2.7841406249999996,-6.25078125,-14.811016609375
0.42,2.155743589947597,2.259278450609479,6.148475568371933,2.3276367187499996,-6.1646484374999995,-15.18904392578125
0.43,2.1576474068032696,2.273215223520789,6.154549790485759,1.7284753417968746,-6.05159912109375,-15.685204778564454
0.44,2.1573675414770928,2.2871430617884982,6.160533401315317,1.029453735351562,-5.919708251953124,-16.264059106811526
0.45,2.155420167376159,2.3008464369967676,6.166354143961145,0.26489885330200147,-5.7754526138305655,-16.89718102833176
0.46,2.1522265345898792,2.314163842437525,6.171959241549965,-0.5378837728500372,-5.623984193801879,-17.561959045928006
0.47,2.1185995105099167,2.2341982803150184,6.094216109367187,-1.3573910370469098,-5.469360181689261,-18.240586605557507
0.48,2.0621973434719783,2.084062408060052,5.953874225205885,-2.1768983012437824,-5.314736169576643,-18.919214165187007
0.49,1.9892392414668068,1.8825482651139047,5.767798013501046,-2.983600764437579,-5.162528157653286,-19.587238169197295
0.5,1.9047454720961785,1.6448462921533562,5.549613898078575,-3.767894825875992,-5.0145481460611325,-20.236705950873965
0.51,1.8127399225452883,1.38315210516554,5.310256295675767,-4.522777860010465,-4.872117384903685,-20.86181869073776
0.52,1.716420753005618,1.1071778509847818,5.058427704841184,-5.243348028957008,-4.7361607492533935,-21.4585172151532
0.53,1.618303955186095,0.8245825180810016,4.800985835220312,-5.926388501604251,-4.607285188376555,-22.024137691422006
0.54,1.52034392318074,0.5413334738565292,4.543268828241516,-6.57002279313723,-4.485844756011842,-22.55712621713684
0.55,1.4240345405019412,0.2620096982181592,4.2893679974571,-7.173429941449399,-4.371994350669923,-23.056802959994496
0.56,1.330493770318143,-0.009944359664626534,4.042356127052516,-7.736609946540756,-4.2657339723508,-23.523167919994975
0.57,1.2405342936099515,-0.2720066952363746,3.8044781774138103,-8.536910123149127,-3.784679401882239,-23.960022843745417
0.58,1.154722361542587,-0.5224009569204259,3.5773102288245853,-9.506250740815705,-3.0241895057128376,-24.36745828780833
0.59,1.073426704779408,-0.7599494391953959,3.3618916239855756,-10.589866999016435,-2.0616395929313764,-24.746003263921992
0.6,0.9968590659329208,-0.983951176574742,3.1588345261559345,-11.744044040466736,-0.9594273223185175,-25.096514210260235
0.61,0.9251076851608772,-1.1940811602468233,2.9684144742839287,-12.934210165319831,0.23249187428067952,-25.420084869015135
0.62,0.8581648673016425,-1.3903073014919043,2.790644974033738,-14.13333408645236,1.4744691986413039,-25.71797357854599
0.63,0.7888462744515778,-1.5635180767968582,2.6443651695604085,-15.320580009093634,2.735366381376137,-25.991545034615775
0.64,0.7187918318874412,-1.7164012941897626,2.5244802853611343,-16.480181121598772,3.991047562198491,-26.24222403950333
0.65,0.6492686050510329,-1.8513324247844902,2.426677213312297,-17.600497908960538,5.223115223106254,-26.471459152003128
0.66,0.5812383906754853,-1.970410690008821,2.3473087016919014,-18.67323268508188,6.417852725627725,-26.680694485760736
0.67,0.5154142360649022,-2.075491007289811,2.2832942833936003,-19.692776002970383,7.565341552157793,-26.87134818682889
0.68,0.4523075983776605,-2.168212265719166,2.2320355680809385,-20.655664246307353,8.65872609821741,-27.044796361289993
0.69,0.3922676007987151,-2.2500223500522787,2.1913438552934172,-21.560130819388668,9.693602921009658,-27.20236142671662
0.7,0.33551362451485506,-2.3222002841502514,2.1593783118265115,-22.405736010976103,10.667514817819198,-27.345304032641437
0.71,0.2821622891644801,-2.385875823004164,2.1345932033623725,-23.193062876238727,11.579533069785576,-27.474817839792603
0.72,0.2322497153936543,-2.442046785204751,2.1156928827669788,-23.923468415639196,12.429913714731935,-27.592026569645956
0.73,0.18574982742233995,-2.491594384620751,2.1015934203928968,-23.912552837748315,12.711222119226305,-26.74860785391421
0.74,0.14258933776582836,-2.5352967906639265,2.091389919194101,-23.334233835335795,12.552439145804396,-25.182887167589676
0.75,0.10265995759497058,-2.573841120436609,2.0843286929763654,-22.330532820436588,12.059192195125052,-23.08861842075387
0.76,0.06582829218923618,-2.607834042911997,2.0797836027006555,-21.01683153058506,11.31757824546235,-20.622403014258428
0.77,0.03194380942251397,-2.6378111547617165,2.077235946041118,-19.486312862877092,10.397396030166494,-17.909950562187568
0.78,0.0008452084070155012,-2.6642452692285055,2.076257381629267,-17.813707744430726,9.354875333609254,-15.051354941661636
0.79,-0.021765161251835134,-2.6563180089104454,2.076992302913486,-16.058452142113495,8.234978623219972,-12.125534014358005
0.8,-0.03752344175233273,-2.622206684465205,2.079027628538693,-14.267343131868843,7.073339288340366,-9.193959663541817
0.81,-0.047789368358146,-2.5685811753670493,2.082026774274575,-12.47676993446483,5.89789137119285,-6.303786197080333
0.82,-0.053689806410125746,-2.5008530172236636,2.0857169831305695,-10.71458467497637,4.730237631951895,-3.4904692431163795
0.83,-0.05615572294351452,-2.4233857708760143,2.089878627674525,-9.001668075134013,3.5867958998462903,-0.7799536339390345
0.84,-0.055953553993397895,-2.3396724608461574,2.094336189471077,-7.353237114705738,2.4797577627678384,1.8095028892426677
0.85,-0.05371179098481801,-2.2524850287788274,2.098950663511076,-5.779934705710564,1.4178885990239012,4.265813291534242
0.86,-0.049943491322236244,-2.164000025652608,2.10361317233059,-4.288735444046905,0.4071936361727009,6.581803844983505
0.87,-0.04506531671616214,-2.075904147858275,2.108239606077865,-2.8836963930224337,-0.5485289703254479,8.75417466176523
0.88,-0.03941361558469663,-1.989482692236703,2.112766131820656,-1.5665774884408477,-1.447230200764258,10.782643323648657
0.89,-0.033257991037407474,-1.9056935513352387,2.1171454385327824,-0.33735242886368244,-2.28823223343203,12.669242075346144
0.9,-0.026812731758429714,-1.8252289817179417,2.1213436040071794,0.8053722640760798,-3.0719176610459176,14.41774357156225
0.91,-0.02024642806423691,-1.748567045890356,2.1253374868859023,1.8640150404818963,-3.7994749781089583,16.033194020672045
0.92,-0.013690048234866848,-1.6760143443053237,2.1291125614823323,2.84174130616007,-4.472691127452396,17.521535848573734
0.93,-0.007243709799335593,-1.6077414111495127,2.1326611254470627,3.7422388954111705,-5.093783317927022,18.889304797302
0.94,-0.000982345844017356,-1.5438119402778838,2.1359808208974487,4.569538004440744,-5.665263536916548,20.14338874558923
0.95,0.005039563213085939,-1.484206830699951,2.139073418650128,5.327867978472125,-6.189830211816083,21.290837553721815
0.96,0.010784047284726171,-1.4288438900746596,2.1419438228881154,6.021544552676274,-6.670282350226413,22.33871494504642
0.97,0.016226370288251885,-1.377593906001004,2.1445992601501973,6.654882171165759,-7.109452231974533,23.293984886137967
0.98,0.021352314927072326,-1.330293685288346,2.147048622114132,7.232126876397306,-7.510153356563336,24.16342615531528
0.99,0.02615593949543371,-1.2867565680975868,2.149301936397236,7.757405996396502,-7.875140883880336,24.953569827727357
1.0,0.030637731125969247,-1.2467808444968869,2.151369943639031,8.23469147895219,-8.207082258171784,25.670655282734614
1.01,0.03480309141925476,-1.2101564335448374,2.15326376256417,8.667774247175261,-8.50853608757974,26.320601079806817
1.02,0.03866110021537561,-1.1766701277605363,2.154994627638665,9.060247393983936,-8.781937674351774,26.90898767319324
1.03,0.042223511634040395,-1.1461096572731724,2.156573686404471,9.41549640647833,-9.029589863062364,27.441049460736075
1.04,0.04550394363217375,-1.1182667867863911,2.1580118456719712,9.736694925318126,-9.253658103433562,27.921674103374556
1.05,0.04851722838649188,-1.0929396236514117,2.159319657522526,10.026804808096749,-9.45616881710161,28.355407421904417
1.06,0.051278895957977765,-1.0699342858816399,2.160507237571818,10.288579486972619,-9.639010319486495,28.746462487311582
1.07,0.05380476806805323,-1.0490660540597576,2.1615842092099977,10.52456979600301,-9.803935683507948,29.098731779774702
1.08,0.05611064252626644,-1.0301601101014453,2.1625596686015727,10.737131598291857,-9.952567045282061,29.415801507132798
1.09,0.05821205199386301,-1.0130519481630273,2.1634421661263477,10.928434671945945,-10.086400946557834,29.70096735296739
1.1,0.060124083430087516,-0.9975875281138789,2.164239700698029,11.1004724209632,-10.206814387432132,29.957251073169385
1.11,0.06186124681985179,-0.9836232295119701,2.1649597240310663,11.255072065976986,-10.31507132829789,30.187417482805767
1.12,0.06343738368357989,-0.9710256535587592,2.1656091524574377,11.393905043159775,-10.41232943414358,30.393991476389782
1.13,0.06486560747481576,-0.9596713117577266,2.1661943843392306,11.518497400015976,-10.499646899023194,30.579274807783953
1.14,0.06615826932318675,-0.9494462326950964,2.1667213214934278,11.630240026358756,-10.577989225274411,30.745362423885993
1.15,0.06732694371767098,-0.9402455122769093,2.1671953933537753,11.73039859924059,-10.648235862165587,30.8941582014659
1.16,0.06838242968035935,-0.9319728277024081,2.167621582850701,11.820123153490112,-10.711186633189055,31.02738998115261
1.17,0.06933476378178703,-0.9245399312672055,2.1680044532022427,11.900457216064119,-10.767567901110318,31.146623828394734
1.18,0.07019324201910218,-0.9178661366329534,2.1683481749838567,11.97234646372134,-10.818038435907688,31.253277479745822
1.19,0.07096644813799813,-0.9118778073562143,2.1686565529887822,12.036646880463255,-10.863194963550868,31.348632955315466
1.2,0.07166228644562161,-0.90650785513877,2.1689330525083537,12.094132404524046,-10.903577383722194,31.433848335746674
1.21,0.07228801754918301,-0.9016952533607459,2.169180824757582,12.1455020650624,-10.939673652545206,31.509968715518273
1.22,0.07285029577614122,-0.8973845699156845,2.1694027312490607,12.191386616645477,-10.971924332541805,31.57793635447593
1.23,0.07335520729715389,-0.8935255221231269,2.1696013669808325,12.232354685566186,-11.000726816718236,31.638600056889203
1.24,0.07380830819141117,-0.8900725554987761,2.169779082353895,12.268918446371632,-11.026439237154593,31.69272381253547
1.25,0.07421466187308612,-0.8869844473723392,2.1699380037746163,12.301538850013745,-11.049384070970639,31.740994737756274
1.26,0.07457887544385153,-0.8842239357228431,2.1700800529283777,12.330630427020772,-11.069851458252133,31.784030356476013
1.27,0.0749051346551586,-0.8817573731205283,2.1702069647347204,12.356565690244578,-11.088102247604336,31.82238526211337
1.28,0.07519723725982874,-0.8795544052981226,2.1703203040124714,12.379679162240231,-11.1043707855833,31.856557201396456
1.29,0.0754586246093445,-0.8775876736013101,2.1704214808968048,12.4002710523269,-11.118867466448703,31.886992620513247
1.3,0.07569241141429649,-0.8758325403709176,2.1705117650598598,11.826891842356899,-11.178265433573017,31.674560462954023
1.31,0.07590141363348946,-0.8742668361731027,2.1705922987931383,10.80771255906179,-11.271112854752992,31.279502069464083
1.32,0.07608817449453581,-0.872870627706446,2.170664109014037,9.463142270928632,-11.388119273238395,30.750793251487973
1.33,0.0762549886772973,-0.8716260051662488,2.170728118261068,7.890453405468423,-11.521794198746932,30.12801940254551
1.34,0.0764039247128913,-0.8705168878281876,2.1707851547429975,6.167684517765006,-11.666142279233984,29.44295785565917
1.35,0.07653684566650402,-0.869528846618919,2.170835961506615,4.356928876902,-11.816406555243853,28.720911376704642
1.36,0.07665542818307465,-0.8686489424646522,2.170881204786469,2.507101435039666,-11.968852539138224,27.981830285369067
1.37,0.0767611799819635,-0.8678655792455314,2.170921481597819,0.6562631993163224,-12.120586924633317,27.24125521098138
1.38,0.07685545589076959,-0.8671683702301807,2.1709573266315423,-1.1664295780236804,-12.269405642830602,26.51110779135672
1.39,0.07693947251015598,-0.8665480169179562,2.170989218506869,-2.9390939141429997,-12.413666760781169,25.800352598341643
1.4,0.0770143216014025,-0.8659961992739412,2.1710175854347464,-4.645757344700869,-12.552184386074867,25.115550128715384
1.41,0.07708098228686619,-0.8655054764015869,2.1710428103414845,-6.275222215835788,-12.684140311907935,24.461317751521605
1.42,0.07714033215094204,-0.8650691967586659,2.1710652354991202,-7.820121551301025,-12.809010625250316,23.84071298224009
1.43,0.07719315732576665,-0.8646814170827003,2.1710851667057613,-9.276136346402517,-12.92650491788354,23.255551299786426
1.44,0.07724016164202663,-0.864336829251372,2.1711028770560685,-10.641348684114558,-13.036516096338921,22.70666888197368
1.45,0.07728197492100651,-0.8640306943609585,2.1711186103390214,-11.91570894761105,-13.139079090838528,22.194139063929956
1.46,0.07731916047958476,-0.8637587833610957,2.1711325840972346,-13.100598712669129,-13.234337022707939,21.717449983491328
1.47,0.07735222191537773,-0.8635173236368086,2.1711449923793475,-14.198473724781266,-13.322513610815644,21.27564973466345
1.48,0.07738160923472895,-0.8633029509785761,2.171156008214413,-15.212573769604914,-13.40389078591661,20.867464376425488
1.49,0.07740772438181459,-0.8631126664280767,2.1711657858347846,-16.14668829189794,-13.47879064207334,20.491393315017902
1.5,0.07743092622283618,-0.8629437975311619,2.171174462671713,-17.004968359092636,-13.547560990660942,20.145785872455566
1.51,0.0774515350351365,-0.8627939635705371,2.171182161145741,-17.791777045552752,-13.610563898319247,19.828902254361655
1.52,0.07746983654712995,-0.862661044388644,2.1711889902720167,-18.511571570412016,-13.6681666885839,19.538961620909106
1.53,0.07748608557120103,-0.8625431524464345,2.1711950470988213,-19.168811588344706,-13.72073497037115,19.274179532470292
1.54,0.07750050926820543,-0.862438607796205,2.1712004179959243,-19.767888936631532,-13.768627327202465,19.032796675189477
1.55,0.0775133100789087,-0.8623459156765572,2.1712051798078327,-20.313074907403767,-13.812191360913902,18.813100461409018
1.56,0.07752466835462045,-0.8622637464650056,2.1712094008855773,-20.808481761473075,-13.85176083420994,18.613440837398837
1.57,0.07753474471642131,-0.8621909177488957,2.171213142009389,-21.25803574722187,-13.887653699167691,18.432241409056687
1.58,0.07754368216973101,-0.8621263782982976,2.17121645721341,-21.66545934963545,-13.920170834851474,18.268006809090714
1.59,0.0775516079985192,-0.8620691937455226,2.1712193945225295,-22.034260883520297,-13.949595347564815,18.11932707147473
1.6,0.07755863546120831,-0.8620185337950304,2.1712219966104094,-22.367729872220877,-13.976192312805267,17.984879646245695
1.61,0.07756486530824827,-0.8619736608048874,2.171224301386905,-22.66893692806631,-14.000208859429906,17.863429576207125
1.62,0.07757038713944686,-0.8619339195967328,2.171226342522239,-22.94073708132193,-14.021874514510802,17.753828263580612
1.63,0.07757528061740443,-0.8618987283655406,2.171228149914569,-23.18577569738761,-14.041401742392882,17.65501117635749
1.64,0.07757961655181875,-0.8618675705734474,2.171229750106906,-23.406496283166213,-14.058986624015212,17.5659947786967
1.65,0.07758345786798254,-0.861839987723666,2.1712311666587443,-23.605149617853485,-14.07480963300707,17.485872915195525
1.66,0.07758686047148321,-0.8618155729211198,2.171232420477202,-23.783803755069464,-14.089036473750726,17.413812833527505
1.67,0.07758987401992148,-0.8617939651360278,2.1712335301120027,-23.94435453582749,-14.101818953792732,17.34905099235156
1.68,0.07759254261138328,-0.8617748440953164,2.171234512018147,-24.08853632834805,-14.113295868921881,17.290888770320734
1.69,0.07759490539841835,-0.8617579257345322,2.171235380789755,-24.217932773741165,-14.123593884115731,17.23868816641712
1.7,0.07759699713539177,-0.8617429581499549,2.1712361493681778,-24.333987368280564,-14.132828397559216,17.19186756082815
1.71,0.07759884866627155,-0.8617297179969198,2.171236829227155,-24.438013755220407,-14.14110437820252,17.149897588411157
1.72,0.0776004873591909,-0.8617180072860504,2.1712374305375097,-24.531205633420907,-14.148517169973136,17.112297162835468
1.73,0.07760193749346991,-0.8617076505341965,2.1712379623136018,-24.61464621777096,-14.155153257891683,17.07862967820978
1.74,0.07760322060419182,-0.8616984922314616,2.171238432543522,-24.6893172086363,-14.161090993049765,17.04849940594621
1.75,0.0776043557888978,-0.8616903945898136,2.1712388483048124,-24.75610724525763,-14.166401274763768,17.021548097401503
1.76,0.07760535998048677,-0.861683235542461,2.1712392158672875,-24.81581983196369,-14.171148189282867,16.997451797150063
1.77,0.07760624818997698,-0.8616769069664806,2.171239540784381,-24.869180736911083,-14.175389605254008,16.975917867314585
1.78,0.014365971222399535,-0.8240553287291444,2.061973452974275,-21.871844777622194,-12.490974554899818,17.845354157482507
1.79,-0.09630519350625195,-0.758222412129791,1.8707575505419394,-16.585652406016294,-9.540000882677083,19.38335458030666
1.8,-0.24156139472809057,-0.6718188289188831,1.6197865697649647,-9.62965109953652,-5.665427229214721,21.409193160589105
1.81,-0.41102713637093435,-0.5710158850711742,1.3269870287050158,-1.5038898477076854,-1.1442625534511204,23.776879102358652
1.82,-0.5963804051854408,-0.46076347673353496,1.0067374890074765,7.3905038427192,3.80130517570306,26.369296837426607
1.83,-0.7910014171655247,-0.3449990160260684,0.6704754431608062,16.734406842534796,8.994531996841369,29.09326832462822
1.84,-0.9896770916945652,-0.22682320992150704,0.32720791676006167,26.276466922979004,14.29622864119974,31.87539859881964
1.85,-1.1883528098231342,-0.1086477144676787,-0.016059625589884274,35.821146329522556,19.598133483892873,34.658585908765886
1.86,-1.3839242532368332,0.007681051027716115,-0.3539636248017197,43.97892987000867,23.212277293393978,40.182688975619016
1.87,-1.5740631825186213,0.1207782769378197,-0.6824814113107542,50.94740589522447,25.47775806483398,47.718991558434396
1.88,-1.7570719223981368,0.2296342111980893,-0.9986797883050031,56.896435916167434,26.675270560704703,56.67812966780189
1.89,-1.93176209945592,0.33354203256613807,-1.3005055177489595,61.97199899601178,27.036408712844715,66.58663969422696
1.9,-2.0973538428367866,0.4320378952922045,-1.586611161889661,66.2995082759549,26.75155497443871,77.06719212548637
1.91,-2.0817122894434377,0.4878485262029084,-1.8775344337803597,69.98667153284958,25.97656453449601,87.82195589120863
1.92,-1.9275583924791013,0.5101062353969956,-2.1676005257938575,73.1259579399588,24.838422408063376,98.6186195260396
1.93,-1.6697646371082953,0.5063272121956406,-2.4524780567761626,75.79672478383993,23.440025742387405,109.27866487886268
1.94,-1.3366496425727048,0.4826728629915463,-2.7289318842973627,78.06705060518892,21.864221643004434,119.66754865088564
1.95,-0.9510717460911947,0.4441710665229187,-2.994616722801135,79.99531492770318,20.177211916242403,129.6864980286706
1.96,-0.5313515949398637,0.39490328381220513,-3.247905228486818,81.6315592851328,18.431419907998933,139.26567030183926
1.97,-0.09204940741869061,0.33816260198974935,-3.4877451589573125,83.01865953870964,16.667900715625045,148.35846366251778
1.98,0.3553811800181246,0.2765870549383418,-3.713541025115077,84.19333539631207,14.918364135282145,156.93679827206043
1.99,0.802043970711653,0.21227193211869627,-3.925056344124692,85.18701951547155,13.206869501343329,164.98721392199056
2.0,1.2411398109190162,0.14686424539555054,-4.12233319236448,86.02660552052379,11.551242836275433,172.50765387393722
2.01,1.667581332157169,0.08164205953883663,-4.305626260667373,86.73509162563371,9.964259251516022,179.5048243078661
2.02,2.077671241665174,0.017580994436995713,-4.475349043263848,84.89197800883298,10.22322090925466,182.54234815090751
2.03,2.468834293606222,-0.0445901334446793,-4.632030157388276,81.1240945052069,11.891438117378701,182.50080626275317
2.04,2.8393945475359903,-0.10434285426901362,-4.7762781016805995,75.94143223672432,14.612550712389627,180.10250376615446
2.05,3.188390780270719,-0.16131034592719123,-4.90875302619065,69.75655907434354,18.09726895368878,175.9372799052249
2.06,3.515423993141516,-0.21525527944787112,-5.030144311734428,62.90100683948413,22.112174045407055,170.4843384975566
2.07,3.748742312477883,-0.32434581793326867,-4.969967822358034,55.63908394342796,26.47027055241938,164.13069055266124
2.08,3.9066645677123226,-0.4739526705559438,-4.771718762954887,48.17950105514389,31.023027728844134,157.18671491434037
2.09,4.004394176130686,-0.6522422191177428,-4.470855533678182,40.685140717939774,35.653685149406144,149.8992692550894
2.1,4.054511764198953,-0.8497061825616554,-4.096129318549484,33.281253276675066,40.27163092218946,142.46272069948958
2.11,4.067393311873111,-1.058765182970875,-3.6707068519892387,26.062319887633727,44.80768893694248,135.02821131005396
2.12,4.0515647419381215,-1.273435086675264,-3.2131172939667194,19.097787779029673,49.21017573047303,127.71142736642273
2.13,4.014002309613861,-1.4890466209696358,-2.738049643387498,12.436852464957358,53.441608201606215,120.5991017163547
2.14,3.9603868019028834,-1.7020101609611138,-2.257023260234852,6.1124355609807814,57.475961074792465,113.75444453557833
2.15,3.895318400656933,-1.9096187750020714,-1.7789507596924377,0.14448457885838994,61.29638811715706,107.221668795053
2.16,3.822498071567738,-2.1098836392677724,-1.3106097083444574,-5.457297947748729,64.89333402276186,101.0297519031656
2.17,3.7448804903655772,-2.3013968066076407,-0.8570371267132778,-10.691204898623731,68.26297490325989,95.19555376870235
2.18,3.6648027877207108,-2.4832170627489827,-0.42185872629701093,-15.123083596971407,71.60335654765275,89.83358090374296
2.19,3.5840927687000987,-2.6547752422517448,-0.007563033379915818,-18.87166130981617,74.86914312620897,84.91693633676243
2.2,3.5041597265015034,-2.8157959227733635,0.3842709664062964,-22.03851517887206,78.02678994219404,80.41806881928105
2.21,3.4260705109666185,-2.966232882504394,0.7527853261425168,-24.710504638323105,81.05230402096085,76.3093566602831
2.22,3.3506131192138686,-3.1062161035093334,1.0976875495945837,-26.96186369886651,83.92938031531416,72.56355582510837
2.23,3.2190027236654526,-3.191221974223907,1.3661207745876571,-28.856000124925263,86.64785461387665,69.15413711028539
2.24,3.046456597016424,-3.2328075943925034,1.5718131534950468,-30.44704208979954,89.20242309849671,66.05553312377585
2.25,2.8452650844723797,-3.2404998099217024,1.726255628697657,-31.781167327128294,91.59158606174493,63.243312350920476
2.26,2.625285565735965,-3.222122196656219,1.8390467327012543,-32.89774498809674,93.8167797513921,60.69429467559495
2.27,2.394358659738773,-3.1840720209270796,1.9181861446305515,-33.8303162599617,95.88166581453771,58.38662027299267
2.28,2.158658393276254,-3.1315545735574717,1.9703244265040674,-34.6074362140464,97.79155250640642,56.29978172610979
2.29,1.922986339370947,-3.06878120645328,2.0009753075243517,-35.25339625367303,99.55292582508079,54.41462748355712
2.3,1.691018261547025,-2.9991364846633006,2.0146959772504394,-35.78884385817353,101.17307213429896,52.71334332154715
2.31,1.4655105416264127,-2.925319080719984,2.0152400684899368,-36.23131401071026,102.65977672832071,51.179417254984095
2.32,1.2484725913492811,-2.8494603639396323,2.0056873404000215,-36.59568470545384,104.02108524986359,49.79759232503763
2.33,1.0413105264285198,-2.773224059468119,1.98855349638743,-36.89456721071918,105.26511695776574,48.55381084234365
2.34,0.8449465934981163,-2.697889856677927,1.9658830768092361,-37.24856214114547,105.84210812541325,47.32194988149446
2.35,0.6599181668248679,-2.624423422406094,1.939327941869537,-37.6392213512977,105.89938089243378,46.11846339769595
2.36,0.48645955629652365,-2.553534911441626,1.9102134957146184,-38.051847600456476,105.5578493719896,44.95550559919871
2.37,0.32456937704362687,-2.48572775599318,1.8795944901317179,-38.47484507871153,104.9163197489622,43.84174879098678
2.38,0.1740658120368211,-2.4213392501655697,1.8483019781990018,-38.899173693645686,104.0551279790043,42.78306394109035
2.39,0.010856726140410111,-2.391722843357469,1.7544400240911564,-39.31789132549144,103.03921349920834,41.78308551005886
2.4,-0.15952988221997344,-2.389191581217556,1.614139933850913,-39.72577058541254,101.92071310843943,40.84367884395571
2.41,-0.332749490461205,-2.4074369339351613,1.4404778345443063,-40.11897860339256,100.7411469481876,39.96532566453367
2.42,-0.5054315578574415,-2.4413042987668407,1.2439864173479307,-40.494810076480505,99.53325802942938,39.14744082928034
2.43,-0.6750039132411627,-2.4866030890478634,1.0330864820358943,-40.85146526561846,98.32255776304528,38.388631520582
2.44,-0.839545827312431,-2.5399462708403986,0.8144503365308053,-41.187865875026915,97.12862225029737,37.68690830735074
2.45,-0.997665342346489,-2.598614952668427,0.5933073448701779,-41.50350281230797,95.96617749443885,37.03985606116821
2.46,-1.1483970906952758,-2.6604442723075667,0.3737004083664135,-41.79831073597147,94.84600604863407,36.44477146547895
2.47,-1.291117396607702,-2.723727372151478,0.15870087247499368,-42.072565072276774,93.77570278467988,35.89877279900625
2.48,-1.4254739371249079,-2.787134724029605,-0.04941175457429639,-42.3267978442562,92.76030333595433,35.39888677625362
2.49,-1.551327648815817,-2.849646466498334,-0.24899983224368571,-42.56172921898644,91.80280523714956,34.942116465454674
2.5,-1.668704917941422,-2.910495762036918,-0.4389427380805043,-43.272040330592624,91.08397384529668,33.4656498921015
2.51,-1.7777583908978787,-2.9691214764018197,-0.6185332013293107,-44.335215442125595,90.55910339145156,31.231548157938892
2.52,-1.8787349968973865,-3.025128734643669,-0.7873914747334075,-45.65193994248481,90.19093538160996,28.452289843377848
2.53,-1.971949992164238,-3.0782561240062773,-0.9453945047657097,-47.14221437334601,89.94849530561233,25.29907193311427
2.54,-2.057766019912855,-3.1283484982994265,-1.092617691747227,-48.74207743176559,89.80610380515144,21.908810237238807
2.55,-2.2086877595967516,-3.2074060739566903,-1.1765801834714007,-50.40084642287174,89.74253686253059,18.390034732002302
2.56,-2.4070979077985357,-3.3074048572887094,-1.2107967914559805,-52.07879700320501,89.74031320548445,14.827846708743067
2.57,-2.638766210206174,-3.421874271757151,-1.206392072702675,-53.745215509972596,89.78509024609782,11.288080164236105
2.58,-2.892277969702551,-3.5456341785883456,-1.1724867243961958,-55.37676698374821,89.86515255459715,7.820788916656772
2.59,-3.158552504790362,-3.6745733700905365,-1.1165247276553574,-56.9561303936116,89.97097917275137,4.463162994031084
2.6,-3.4304380003296187,-3.8054632765517367,-1.044550015656038,-58.47085976376307,90.09487804957645,1.2419624908640552
2.61,-3.702371176596711,-3.9358015443649723,-0.9614401734119333,-59.9124360508515,90.23067757949603,-1.8244560426679515
2.62,-3.9700919025418804,-4.0636809284037785,-0.8711035883592293,-61.27547987923401,90.37346667928608,-4.724456841111708
2.63,-4.230404334866433,-4.18767961417718,-0.7766455374851398,-62.55709973410135,90.51937608882399,-7.4517315486528375
2.64,-4.480977410632631,-4.306769660875922,-0.6805078963864597,-63.756354049013815,90.66539465098859,-10.004149175541315
2.65,-4.720178587224992,-4.420240748803461,-0.5845864696642443,-64.87380889872784,90.80921524309916,-12.38281032463497
2.66,-4.946935635128128,-4.527636835672928,-0.4903293543665444,-66.50453514462252,91.84379325513538,-16.60869446496238
2.67,-5.160622068130089,-4.628703685999975,-0.3988192449297656,-68.5027547056259,93.54419213536414,-22.182829268260512
2.68,-5.360962461082683,-4.7233455450628705,-0.31084215731520426,-70.75111415536871,95.72779138529921,-28.702122629094077
2.69,-5.547954473482595,-4.811589491141293,-0.22694468152725564,-73.15585634102541,98.24722218001044,-35.84318905177768
2.7,-5.721804881828112,-4.893556223433502,-0.14748155660324413,-75.6427549622153,100.98440789502357,-43.348721312085786
2.71,-5.780903165064085,-4.990454718103576,-0.13370951476137213,-78.1536968134042,103.84554369409575,-51.01602378775784
2.72,-5.7512209418375,-5.097271304364983,-0.17044739655804245,-80.64381329613626,106.75687352941515,-58.68737998338554
2.73,-5.654029928088435,-5.210012420340671,-0.24528290923739873,-83.07907728610085,109.66114364505945,-66.2419748677976
2.74,-5.506671106185426,-5.325527924441733,-0.34811761567569655,-85.43429383644718,112.51462944227056,-73.58913382824124
2.75,-5.323205037756787,-5.441362639699707,-0.4707824125475855,-87.6914238072366,115.28464778009983,-80.66267530063963
2.76,-5.11496101602616,-5.555631833573786,-0.6067129849565694,-89.83818858475918,117.94747980781132,-87.41620429824717
2.77,-4.891000186638241,-5.666916968984037,-0.7506762515672514,-91.86691181153803,120.48664056640587,-93.81919985425532
2.78,-4.658505564346893,-5.774178604392134,-0.8985401236353165,-93.77356067561033,122.89144112272973,-99.85377143847631
2.79,-4.423109985337158,-5.876683784557832,-1.047080023755627,-95.55695496723426,125.15579714049754,-105.51197823829433
2.8,-4.189171417261937,-5.973945660238478,-1.193816571914058,-97.21811694102081,127.27724474565574,-110.79362126880665
2.81,-3.960003663309628,-6.065673414115246,-1.3368796701616998,-98.75973914062268,129.2561304785791,-115.70443199109253
2.82,-3.7380693100756788,-6.151730859831597,-1.474894922411274,-99.64543838499563,130.53330659474577,-122.62584280985685
2.83,-3.5251407535360038,-6.232102328273309,-1.606888929252178,-100.01510756607811,131.25328040876795,-130.97847228344426
2.84,-3.3224342687863153,-6.306864666169725,-1.7322105137201795,-99.98391514899942,131.53539661936668,-140.29636870410582
2.85,-3.1307213465750485,-6.376164351962766,-1.8504653750516156,-99.64630045234543,131.47787003655375,-150.20770549954815
2.86,-2.9504208850918126,-6.440198887148645,-1.9614620442733146,-99.0793564275268,131.16120329289146,-160.41853044450323
2.87,-2.8005327054391502,-6.511377798663636,-2.0243180872044073,-98.34569063621994,130.65108028144857,-170.69910686416412
2.88,-2.676270931870094,-6.586914452813182,-2.0493343374609565,-97.4958420204347,130.00081298703998,-180.87245275008942
2.89,-2.5735709656708154,-6.664607243446222,-2.0449886175407994,-96.57031981427983,129.2534081524609,-190.80474172915584
2.9,-2.488983945210886,-6.742736876220796,-2.0182305410778545,-95.60132129996937,128.4433105892291,-200.3972794986105
2.91,-2.4195863210273325,-6.819980190747879,-1.9747310990815705,-94.61417683901341,127.59787168004803,-209.57981184555842
2.92,-2.3629024162457473,-6.895337991077241,-1.9190937278800162,-93.62856351985941,126.73858453583054,-218.3049567229786
2.93,-2.3168381388935066,-6.968074728968827,-1.8550325885557009,-92.65952268925933,125.88212119829166,-226.54358393033186
2.94,-2.2796242681254864,-7.0376682044019345,-1.7855229570643392,-91.71831143318647,125.04120207739014,-234.28099249642528
2.95,-2.2497679566292597,-7.103767721461628,-1.712927911749635,-90.81311362098714,124.2253233586157,-241.5137585314589
2.96,-2.226011281317629,-7.166159371687617,-1.6391048940594768,-89.94963231756911,123.44136430270065,-248.24714565935247
2.97,-2.2072958380115737,-7.224737316834271,-1.56549519467077,-89.13158211155266,122.69409309891098,-254.49298663759362
2.98,-2.1927325167614446,-7.279480113636643,-1.4931989686595606,-83.3681283114533,122.21463403508903,-258.88272432972207
2.99,-2.1815757158549167,-7.330431268787885,-1.4230379992344226,-73.90840385026077,121.94771018880209,-261.782793291981
3.0,-2.1732013571006235,-7.377683336500745,-1.3556081007802636,-61.76653035887492,121.84767930353861,-263.49702105539836
3.01,-2.16708815497467,-7.421364976835579,-1.2913227707016064,-47.76085328955021,121.87698882414098,-264.27655434214915
3.02,-2.162801669675508,-7.461630483078881,-1.230449459067922,-32.54704031007426,122.00486663172497,-264.32828196259663
3.03,-2.2969913970296574,-7.342803206873302,-1.1819397758004462,-16.64596410219307,122.20621269328575,-263.82197512571116
3.04,-2.5351052602065893,-7.104027195296009,-1.1436539593019028,-0.46715630081226855,122.46066185458562,-262.89633420175653
3.05,-2.8490655107607,-6.777146308380644,-1.1137940066811134,15.6714958799451,122.75179230847795,-261.6641037568263
3.06,-3.216190022735555,-6.3879176401426205,-1.090851667851429,31.527237473338317,123.0664579636693,-260.2163943106012
3.07,-3.6182821018610607,-5.957035649770655,-1.0735641011247734,46.91862968588409,123.39422610649284,-258.62632921410693
3.08,-4.0408635358499465,-5.5009953657394535,-1.060876087519603,61.71401390039752,123.72690446417816,-256.9521178400081
3.09,-4.4725292972500315,-5.032818892563385,-1.0519078569856508,75.82190161306565,124.05814410577821,-255.23964152483853
3.1,-4.90440546930244,-4.562665906966655,-1.0459277139676928,89.18298907099805,124.38310661097546,-253.52462605658624
3.11,-5.329694671822215,-4.098345794447805,-1.0423287651888236,101.76354059236819,124.69818564447061,-251.83446366594643
3.12,-5.743295582004195,-3.6457464771373127,-1.0406091518239262,113.54992316978645,125.00077453504548,-250.1897382002074
3.13,-6.141485129143458,-3.2091927579911967,-1.0403552735941781,126.1634048904694,124.12696330228178,-241.18549930924772
3.14,-6.521653639779089,-2.7917451018013395,-1.041227565674618,139.2130487408287,122.36612402559892,-226.68732418477472
3.15,-6.8820846613629465,-2.395448144690334,-1.042948452335039,152.39272853655956,119.95366701648862,-208.209388117838
3.16,-7.221772433179291,-2.0215368315164337,-1.0452921553666887,165.46603460615728,117.08000982175591,-186.97316533037332
3.17,-7.5402710329577545,-1.670606891250222,-1.048076081822691,178.25362788434683,113.89814712857375,-163.9569452535586
3.18,-7.837570132273175,-1.3427553449331193,-1.0511535554870883,190.62266616164277,110.53003120522219,-139.93754319078548
3.19,-7.849866706244776,-1.0044459368945073,-1.1537742063319067,202.47798204329678,107.07194196382456,-115.52538307724377
3.2,-7.643766087781708,-0.6634158129759684,-1.3310041545360347,213.75473990513663,103.59899954519474,-91.19395758285648
3.21,-7.2736754410243325,-0.3256312366480876,-1.5625876280901947,224.412339941465,100.16894988803762,-67.30452305460909
3.22,-6.783812595209712,0.00439058330057257,-1.832167027716189,234.42937226706852,96.82533452727611,-44.1267602743164
3.23,-6.209903266457741,0.32331245195969405,-2.1266248801217755,243.79945380906076,93.60013941470439,-21.856023719493624
3.24,-5.5806131824686105,0.6287527662149637,-2.4355293939929,252.527806133257,90.5160034782869,-0.6277093772153428
3.25,-4.918754865313361,0.9190987604695458,-2.7506680000193406,260.6284540200126,87.58805559761905,19.470808046985457
3.26,-4.242303030845852,1.1933515098133733,-3.0656555421330323,268.12194307362216,84.82543838276992,38.390285371030046
3.27,-3.565247594599698,1.4509976693139075,-3.3756057455929986,275.03349037914165,82.23256835292027,56.111443285204345
3.28,-2.898309016933117,1.6919036872234743,-3.676856264717145,281.3914956071309,79.81017460580226,72.63824480878772
3.29,-2.2495370743925607,1.9162288776976193,-3.966739048660364,287.22635135032374,77.55615166494937,87.99238594701893
3.3,-1.6248110234725637,2.1243542910653614,-4.243388991856573,289.60215727323197,76.71586619984404,104.35747260055504
3.31,-1.028256452870182,2.3168247905021424,-4.505584885993412,289.29250620993935,76.97110295000022,121.24085993528494
3.32,-0.4625918370516371,2.494302144906832,-4.7526175879732815,286.93164043945063,78.06111082199479,138.2572683019487
3.33,0.07058414751336817,2.6575272889837533,-4.984181084989537,283.0372019364288,79.77320896114695,155.1096395154577
3.34,0.5705551490160541,2.807290191652275,-5.2002827923146455,278.029472411671,81.93484342766742,171.5731014833715
3.35,1.005102304088172,2.9751958328882955,-5.264706196480516,272.24762522222096,84.40687860628985,187.48156321687782
3.36,1.3827695274388845,3.1543684826957437,-5.211994284100002,265.96343555807607,87.07793878044936,202.71653318132985
3.37,1.7109870027005412,3.33936786328745,-5.070424268619609,259.3928304002452,89.85964215159571,217.19781460440518
3.38,1.996216116530551,3.525937719314109,-4.863034299445252,252.7056040856521,92.68259260526095,230.8757832157534
3.39,2.2440755612358627,3.710794816595237,-4.608491396492302,246.03357760907846,95.4930142556412,243.72499719607072
3.4,2.4594510491940564,3.8914521908168003,-4.321824261473758,239.4774389221849,98.24993070271918,255.73892694356257
3.41,2.646590765768391,4.066071380598672,-4.015041185264657,233.1124664912479,100.92280540903327,266.92562454799287
3.42,2.8091884118054855,4.233339160578563,-3.6976503271473042,226.99330841926098,103.48957199028887,277.30418039282245
3.43,2.9504554468681747,4.392364958366627,-3.3770971181645297,221.15796381072005,105.93499381046442,286.9018377678822
3.44,3.073183935480731,4.5425957104486345,-3.0591313781907723,215.6310911446384,108.24930133199781,295.75165635553924
3.45,3.211061763707833,4.645349884535662,-2.7978590088641333,210.42674969490963,110.42706341360935,303.8906324561588
3.46,3.3583839640112734,4.710149269625173,-2.584074882209923,202.99074218347812,111.34133345400554,306.60968246356816
3.47,3.510635102305918,4.744877028996436,-2.4099893183307635,193.9623029609215,111.27395693096503,305.1366163994977
3.48,3.6470318159642257,4.74214143806199,-2.274217131636864,183.8557275723872,110.45606001596582,300.47697812545164
3.49,3.7051709589844264,4.655445041283087,-2.145149330392521,173.08161942222208,109.07632556517008,293.4504273511749
3.5,3.702485725375136,4.50582078372919,-2.0232312586524377,161.9647769412797,107.2879926018238,284.7214990497572
3.51,3.6134859101840364,4.2314127305437195,-1.9029575278099922,150.75922915210066,105.21476910485832,274.8255774588318
3.52,3.4597921155817257,3.865754709658848,-1.7858220225117136,139.6608530455089,102.95582041023071,264.1908004054853
3.53,3.2589684585333667,3.4359468388304486,-1.6729194634159736,128.8179423850635,100.5899719344966,253.15650553018114
3.54,3.020303338941133,2.9280295183707294,-1.542447699992423,118.3400429358934,98.17924469628616,241.9887406798673
3.55,2.756394992082374,2.3682458586692148,-1.4005631358088857,108.30532237424919,95.77182476865183,230.89328420572286
3.56,2.5130807578923493,1.7562026526685357,-1.2231148736088508,98.7667031571427,93.40455293704659,220.0265553394916
3.57,2.2893356761235437,1.11371140662632,-1.021210784211811,89.75695245721519,91.10500811383248,209.50473868660376
3.58,2.051565227954872,0.47326213377171245,-0.7454282191388928,81.2928940704392,88.89324716928056,199.4113988322583
3.59,1.8017477562639377,-0.05639546784777949,-0.4093805955808946,73.37888227321324,86.78325452158796,189.803819962021
3.6,1.546610180183942,-0.49295229615258146,-0.03244328073835073,66.00965633044314,84.78414686129851,180.71827026508902
3.61,1.3876239081823212,-0.7959726444460613,0.2729496678245087,59.1726762128466,82.90117157668162,172.17436086798347
3.62,1.3047376388657315,-0.9920194322887871,0.5187946961331901,51.69557146323603,79.46473466226116,162.24106522226225
3.63,1.3580118758129405,-1.0577059193513618,0.6986605350549431,43.84520105395237,74.89262301431016,151.3992284744091
3.64,1.51470159041607,-1.0225589497687806,0.8252006533691768,35.831711161626565,69.52244964299908,140.03119364442142
3.65,1.76855048768384,-0.9059578488419795,0.9197007493696185,27.818543694664204,63.62516922366718,128.43791395201802
3.66,2.0928204951594163,-0.7288153208067415,0.9881936392860565,19.930828826292018,57.41646747724639,116.85332615702137
3.67,2.3732280556460386,-0.5296848646421571,1.0517083887644847,12.262409148533752,51.066344742061,105.45640228027361
3.68,2.6156720620241396,-0.3168313143811135,1.1104193315094613,4.8817064085542405,44.70716723008998,94.38123552650933
3.69,2.744448612813246,-0.11742573192529704,1.1692277043687487,-2.163389570626233,38.440419303267014,83.72546355055684
3.7,2.7841863843109484,0.06856803795377019,1.2271917913333787,-8.841456998895248,32.342355713929635,73.55728713849076
3.71,2.7468955783590183,0.22682942367440334,1.2725438299260896,-15.134173389305975,26.468723314063052,63.92130383646376
3.72,2.651212436640212,0.36138536862185056,1.3075311433810388,-21.03353169775628,20.858696549882964,54.84334312340458
3.73,2.522577024439248,0.4760440863375234,1.3088778342546554,-26.539547751136105,15.538149518715663,46.33446159116546
3.74,2.3707224584660214,0.5736774469895616,1.2844473814195392,-31.658379639643535,10.522368955498264,38.39423258068292
3.75,2.2034634554792385,0.6567502473795664,1.240663028757973,-36.40079190366261,5.818296790605283,31.01344423545905
3.76,2.01676600857562,0.7372077313128582,1.174529352052118,-40.78090770105748,1.426377495755887,24.17630246746798
3.77,1.8181031506560426,0.8144057153975213,1.0923178128233835,-43.77941967560891,-0.6547228314843674,19.03964234092063
3.78,1.6074216789573654,0.8876261451592551,0.9994519185260183,-45.67328947369345,-0.934085194035744,15.285173785580929
3.79,1.3847741040793569,0.9486254719274692,0.9045757038526291,-46.69182588982547,0.17037310954266693,12.647609223124268
3.8,1.1564438498121417,0.9993149022355164,0.809642778495618,-47.024270553898035,2.317061949633284,10.906386226507072
3.81,0.9274534231104903,1.0305838582176852,0.7242759016051624,-46.82623177242393,5.228166531114642,9.878631350557859
3.82,0.701535527305937,1.0464954361068817,0.6475668880233267,-46.2251359589137,8.679040905512641,9.413184174431775
3.83,0.4957540988414207,1.041602965489128,0.5720478637493692,-45.32484172733689,12.489256615512474,9.385526443109745
3.84,0.3086049880038782,1.0208588400866425,0.49861990979353665,-44.20954080429626,16.515058415113714,9.693483407517727
3.85,0.14549974708132413,0.9843470121990108,0.41275433708057835,-42.94705196002615,20.64301516144726,10.253583545775122
3.86,0.0033516134518479512,0.9363335344069331,0.31870786208033564,-41.591598751756436,24.784684964711268,10.997979236850705
3.87,-0.12647904531840484,0.8813197539972654,0.2122975474382695,-40.18614865867874,28.87214023651166,11.871845027879655
3.88,-0.24485053335627957,0.8218059572149063,0.09808382923671469,-38.76437985837428,32.85422101903835,12.831182211200575
3.89,-0.35041496117658555,0.7542764728469298,-0.021467514843174385,-37.35233218535407,36.693404445987866,13.840968785755647
3.9,-0.44452453933312314,0.6816651258644645,-0.14323748898491487,-35.96979049530183,40.363194844027525,14.873602760246943
3.91,-0.5264367704321422,0.6014783269893822,-0.25940691467179566,-34.631441537366484,43.84595322933871,15.907594369462982
3.92,-0.5977305290793264,0.5167444914914382,-0.369473273171567,-33.347839342425885,47.13109713013417,16.92646929887115
3.93,-0.6594421797767124,0.4223767035087711,-0.47813743400464864,-31.921677672199085,50.18954952089735,18.13769431827942
3.94,-0.7128532845328874,0.3221074173422171,-0.5840301597361541,-30.40865267980358,53.02665290568639,19.477261984415758
3.95,-0.7601507665410077,0.21610745734997702,-0.6916050722534606,-28.85276397187884,55.649956217389146,20.8941612446699
3.96,-0.8020284829762714,0.10737619958482483,-0.798787051020563,-27.288368492813355,58.06857973388986,22.348128455729007
3.97,-0.8570218833255159,0.014165577239867305,-0.9081808308419296,-25.741903696453633,60.292704289743696,23.807757578950373
3.98,-0.9211977072909451,-0.06570564263736374,-1.0175587430357582,-24.233330591483636,62.33316363266704,25.24891489862063
3.99,-0.9930174833380557,-0.12048778531465995,-1.1034262266992245,-22.777339767499047,64.2011221197073,26.653411660577223
4.0,-1.0695674761969678,-0.1552051322814233,-1.1699518590868905,-21.384357109018673,65.90782278760209,28.00789492112872
4.01,-1.1196092914139948,-0.18615961461095426,-1.2028389079604647,-20.06138043129122,67.46439323977773,29.302922793720825
4.02,-1.1485738797611873,-0.2137494899162052,-1.2094575561924126,-18.812673593167215,68.8816988322282,30.532195324397268
4.03,-1.160948644593238,-0.23833224616684728,-1.1958610438044914,-17.640340645335286,70.1702343665695,31.69191653812771
4.04,-1.1604284700960075,-0.26022857132488814,-1.166999744573044,-16.5447991595681,71.34004695744693,32.780266880856836
4.05,-1.1375809229013152,-0.28914006134706177,-1.1274840038400133,-15.525168972659348,72.40068397300234,33.796968426370434
4.06,-1.0979959739100458,-0.32297079493674063,-1.0804283897812865,-14.579590095609532,73.3611609853338,34.74292789986725
4.07,-1.0760567946212607,-0.33199026604545195,-1.047075601052241,-13.705481422624368,74.22994554187923,35.61994485770282
4.08,-1.0679704574373274,-0.32187268508109884,-1.0247351752901244,-12.899750072641595,75.01495330326746,36.43047431201907
4.09,-1.0853835827584204,-0.2977131827008738,-0.9972981278270956,-12.49856903792601,76.27863177209177,36.30298162372965
4.1,-1.1220476539767819,-0.2631803264613129,-0.966387683240916,-12.413390292004296,77.88904752522144,35.45930780576229
4.11,-1.1606896045349526,-0.24123882205194105,-0.9278256446789829,-12.571481716345417,79.73977126550476,34.080490213790995
4.12,-1.2002420884851934,-0.22928040739395417,-0.8840078863318938,-12.91335668628869,81.74556325001068,32.31349719472249
4.13,-1.2090541138770154,-0.2365683491809024,-0.8358524637484678,-13.390599136928248,83.83873885924159,30.27691663020562
4.14,-1.1941927877883007,-0.25847790853058306,-0.7851284454619624,-13.964025401684657,85.96611168725835,28.06575467252543
4.15,-1.1614387601924363,-0.29123980696189194,-0.7332304088760135,-14.60213261373746,88.08642656047027,25.755478241293325
4.16,-1.1363615084363459,-0.33793882596458324,-0.6803858588512087,-15.279790750875737,90.16820776714081,23.405415360486035
4.17,-1.1320003389912712,-0.38545495260782214,-0.6311752524439174,-15.977141656639798,92.18795880401137,21.06161071173536
4.18,-1.1435680633381473,-0.43285423780955473,-0.5855157998438988,-16.678673730480412,94.12865938217772,18.759219469539758
4.19,-1.1655099450515658,-0.479606249326357,-0.5376454720744487,-17.372445572475876,95.97851350636479,16.524510229897196
4.2,-1.195051699096971,-0.5251321917481844,-0.4888304168748001,-18.04943580193372,97.72990934353356,14.376537355328713
4.21,-1.2338154373645942,-0.5899539571688306,-0.4216838368489005,-18.702999636957163,99.3785574947482,12.328534086435209
4.22,-1.2790340738919215,-0.6685362469882499,-0.341551348440807,-19.32841570381953,100.92277932154146,10.389070097963067
4.23,-1.3284882007035952,-0.7564260900220513,-0.2527285940589728,-19.92250900963885,102.36292127765596,8.56301062088341
4.24,-1.377309357157789,-0.8553931403132109,-0.15384944470320955,-20.483338118631163,103.70087486471776,6.852308652167997
4.25,-1.424883065112441,-0.961294817249986,-0.04881585465421566,-21.009936372099787,104.93968495692573,5.256656994055133
4.26,-1.4465485279978394,-1.0645162602601737,0.0701541573310174,-22.785067310347642,106.8215132313205,0.69128831840536
4.27,-1.4371411085195063,-1.1689408766232832,0.20207880467391434,-25.488369664469477,109.1662487346646,-6.07643606323908
4.28,-1.40409050441079,-1.27265503795405,0.34186052209778983,-28.86006415958667,111.8287610929333,-14.424593338822493
4.29,-1.3571856433836358,-1.3939009265048865,0.48343148509266654,-32.690813661167226,114.69296960015569,-23.852329591396945
4.3,-1.3004065053568514,-1.5266750766999817,0.6241602929310461,-36.813171691109105,117.6668484634954,-33.95931011928368
4.31,-1.2245267980338939,-1.6727102842446642,0.7692402662302579,-41.094380656359775,120.67822683599775,-44.42841547470815
4.32,-1.1352088377704748,-1.826616688704739,0.9153847260026191,-45.430315978874205,123.6712629831324,-55.0111928800377
4.33,-1.036997808228631,-1.9841446907334723,1.0600606760470423,-49.7404021792544,126.60348967417092,-65.51564455161754
4.34,-0.9508941948570846,-2.1257335564940107,1.2028878147365687,-53.963352548619646,129.44334308333836,-75.79599602592684
4.35,-0.8754056909498523,-2.252906695021704,1.3420677831904784,-58.053605947842726,132.168100489055,-85.74414029491479
4.36,-0.8507822162247861,-2.357886008972255,1.4648202780506518,-61.978353019937856,134.76216318266535,-95.28249866812564
4.37,-0.8654870212598951,-2.444232874200454,1.5730774807084307,-65.71506013732416,137.21563050773162,-104.35807786530074
4.38,-0.9291338091577146,-2.496256866731412,1.6345071127322235,-69.24941311567736,139.52311907680217,-112.9375358308676
4.39,-1.0196064309988933,-2.4806049568452484,1.6467082042389989,-72.57361444104656,141.68278815192178,-121.00309694777243
4.4,-1.1292039472366882,-2.4133832452629473,1.6210280523576392,-75.68497776139101,143.69553809768644,-128.54918139746874
4.41,-1.2487992026806767,-2.267719384125514,1.5644148258803854,-75.456646885383,145.09404135151115,-137.33072753243204
4.42,-1.3741803013380949,-2.064274250065206,1.4850030458293568,-72.67493031023025,146.00041036847836,-146.92096236181905
4.43,-1.5222815440392727,-1.8101474403930136,1.3621631197617043,-67.98174213065658,146.51582709446137,-156.98050205366508
4.44,-1.6854638151067483,-1.5211882042316005,1.2079928932448813,-61.89841456925399,146.72386758631617,-167.24217297314615
4.45,-1.8576427755317413,-1.2100753796044,1.0322443152359875,-54.84581353678553,146.69332251623132,-177.49826200566844
4.46,-2.061681311239443,-0.8627647110678809,0.8483933833973658,-47.1613093941646,146.48058764200647,-187.58982601485474
4.47,-2.291546075902536,-0.4859195318591728,0.6631460545928372,-39.11307481006162,146.13168768139673,-197.3977448654059
4.48,-2.5375924101617393,-0.09235019884220608,0.47972409887385686,-30.912112772075567,145.68398788840807,-206.8352491593372
4.49,-2.731237300295165,0.3110382311058185,0.29696556873160856,-22.722358809053812,145.16763978301975,-215.84169380376366
4.5,-2.881736633361457,0.7156414629237464,0.11757057583001834,-14.669150934098816,144.60680075259714,-224.37738270646886
4.51,-2.909128675344064,1.106909555051164,-0.052143630857605705,-6.846317530866105,144.0206614675455,-232.419279105314
4.52,-2.8418386969347464,1.4818543669135438,-0.2117942011206678,0.6779036455287226,143.4243101013724,-239.95746098715927
4.53,-2.703109202575507,1.838443154637654,-0.36124525958581427,7.855933879869626,142.82945810068722,-246.9922023500227
4.54,-2.4570562896664723,2.1567515834477127,-0.48472011279216365,14.656754951788919,142.24504861421437,-253.5315792317459
4.55,-2.132678461194454,2.4407780432640434,-0.5863776392658974,21.062512429480428,141.6777655759115,-259.5895149188192
4.56,-1.7534015228144018,2.6941194571349207,-0.66974287610882,27.065709382252358,141.13245877196226,-265.1841919461281
4.57,-1.3357817649481991,2.903499141862078,-0.7323474187524823,32.66689598074567,140.6124979412517,-270.3367697335033
4.58,-0.923947938379572,3.061124960764713,-0.7728185620460288,41.23168100176797,137.78327014990685,-268.8496531686264
4.59,-0.5201346658757862,3.1601358383500946,-0.8301696004731812,51.93164629908553,133.23021652606616,-262.30225681163273
4.6,-0.12877171246076596,3.2127226065271817,-0.8995481986365763,64.09917203767108,127.42850021209335,-251.9828868068777
4.61,0.25720991925480835,3.231194388310777,-1.026554716001729,77.20018114943703,120.76142834339397,-238.93683963437965
4.62,0.6330405135486885,3.2232582620464867,-1.1956981321718971,90.81118520142289,113.53599162605548,-224.00702474239867
4.63,0.9952268667807423,3.195227583155913,-1.3944597456119963,104.59998219120233,105.99595427018608,-207.86822854787573
4.64,1.3635864205555845,3.166948866768506,-1.5670116255018844,118.30945194601468,98.33286388412691,-191.05597473413354
4.65,1.730916712968267,3.1389221016161395,-1.7168005550191134,131.7439763216364,90.69529680911087,-173.99079639651634
4.66,2.110739535081598,3.109279170458607,-1.8680167111335682,144.7580811979462,83.19660800465935,-156.99861613183262
4.67,2.4941922186514667,3.0788620330027054,-2.017962835172235,157.246957006403,75.92141488867837,-140.32782783337424
4.68,2.8239278010932187,3.059159255372363,-2.130014932714774,169.1385656252777,68.93101055161983,-124.16358632622058
4.69,3.0689555001331033,3.044332765383939,-2.1706819771971118,180.38708516745865,62.26787269119033,-108.63973597970886
4.7,3.2453001681459352,3.033471347027428,-2.1560594178601966,190.96748151744941,55.95940975599913,-93.84874527722789
4.71,3.3510037394659795,3.0094102869259207,-2.0841949205888053,200.87102735545093,50.02106454380589,-79.84995946943421
4.72,3.4009711028287324,2.9756192051774866,-1.9696274473561963,210.10161661649192,44.45887735722347,-66.67643656238226
4.73,3.407484691921641,2.9349065612579435,-1.8241556249225397,218.67274554109378,39.27159533378969,-54.34059185913339
4.74,3.3876303821346236,2.8769154032373883,-1.6612552667323564,225.52552022491247,34.39935448250773,-38.80126402603452
4.75,3.347898373358085,2.8066014947023166,-1.4875565039503043,230.9556053386969,29.844445791955806,-21.052071419036395
4.76,3.3018044858048277,2.731685900750428,-1.320210787071072,235.21159867052097,25.603664985252674,-1.8882822290060162
4.77,3.2515600018061646,2.6544176975567884,-1.1603438977874243,238.50217808597188,21.66965053972602,18.05912326381421
4.78,3.1735491155914666,2.5944169842123332,-1.0034419216517032,241.00219716833314,18.031973065186452,38.2948067776326
4.79,3.054720732152222,2.557446422679667,-0.8553143630219838,242.85788069751078,14.67801729459856,58.43502059637429
4.8,2.9064981458916717,2.538685986151849,-0.7162192108988864,244.1912497636388,11.593691512514102,78.18744958890505
4.81,2.7315200228813805,2.5238706990266166,-0.6110627942593448,245.10388792733625,8.763993780722657,97.33434912085977
4.82,2.538791225219105,2.5123074057740693,-0.5335337909843936,245.68014402255244,6.17345967699604,115.71846985437416
4.83,2.344774985989877,2.478303393662368,-0.5018097292428778,245.98985359509996,3.8065123213772853,133.23133618387152
4.84,2.1528045530489073,2.427649518863372,-0.5056507643276099,246.09064927415824,1.6477321222101564,149.80350982389496
4.85,1.965399978562088,2.3650395597381504,-0.536661310496739,246.0299203210285,-0.3179391571867105,165.39652541041454
4.86,1.7955037109305845,2.268718222911994,-0.593753473805967,245.8464729612725,-2.1050478061438946,179.99623224368085
4.87,1.6448481355419242,2.126346211546468,-0.6970094976863763,245.57193568643942,-3.7275208685307404,193.60731664346787
4.88,1.5112777085171387,1.950941215164324,-0.8339963519434652,245.2319473402947,-5.198593668349877,206.24881379887563
4.89,1.372735089255707,1.7267311364473021,-0.9938022661099322,242.04934772621056,-4.309905832768435,215.60490060850225
4.9,1.232550363739053,1.4686579490475933,-1.1685820556106656,236.74010197908035,-1.6284120081393874,222.29940626573978
4.91,1.060696693206942,1.1618509469908225,-1.3353915185782481,229.88559975113566,2.3838005608444055,226.85153720228507
4.92,0.867281700249436,0.8225259774943757,-1.4934923024350182,221.955112127379,7.352153847084428,229.69228544741688
4.93,0.660380929074948,0.4636063918253091,-1.6424551790998105,213.32473705407503,12.97492184987625,231.17836962810503
4.94,0.42270044912768456,0.058318515425159534,-1.7742978006228578,204.29336026273174,19.010870369984424,231.60406906913025
4.95,0.16516801215044094,-0.3761374604972231,-1.8909726858417089,195.09608179337934,25.268848528036237,231.21125989008502
4.96,-0.09732057260011182,-0.8561652317425281,-1.904386962246115,185.91549232788486,31.59903721891909,230.19791769222093
4.97,-0.32124766760287704,-1.416336552981238,-1.871898080708143,176.89112709136748,37.88560290070566,228.7253133736653
4.98,-0.5121522611580742,-2.029115102789293,-1.8047722326445683,168.12737673698123,44.04054212737499,226.9240959364326
4.99,-0.5918142427681772,-2.594759600255003,-1.5769607047108225,159.70009325101393,49.998533923928456,224.89942810266956
5.0,-0.5850613811451594,-3.1154788936232025,-1.2296837582504418,151.6620935156481,55.71264422247832,222.7353164939655
5.01,-0.5087788092596432,-3.5365142292703675,-0.8046128498940497,144.04773289770165,61.15074977570433,220.49825748895827
5.02,-0.3804544681401131,-3.874650357667879,-0.3266226724040924,136.8766953636848,66.29256879652262,218.24030218060966
5.03,-0.21429071528078353,-4.144033403508663,0.18441522399297017,130.15712452727058,71.12720251876596,216.0016286917082
5.04,-0.06946111207159711,-4.30255686980069,0.677712766172081,123.88820117552736,75.65110634487779,213.81269711908507
5.05,0.056771570261554924,-4.373726541339888,1.149720075556524,115.26280359098133,77.97587480010594,207.36862919443482
5.06,0.17037558376253767,-4.32393843765365,1.6002027799984178,104.9680022592042,78.58060572988835,197.76741106158642
5.07,0.3149654756029379,-4.192769663930536,1.9979425415242673,93.55591995426225,77.8589840084735,185.89901883391204
5.08,0.48101971348694844,-4.001343326799862,2.349086303606179,81.46673319025574,76.13314887788286,172.48026506844397
5.09,0.6544546500936604,-3.763760610452942,2.6270398198312965,69.0480318679655,73.66542902980748,158.08418377818805
5.1,0.8308305132754609,-3.4945516462115043,2.844614030381288,56.571088170150084,70.66826181753403,143.16477487192665
5.11,0.9564945567540978,-3.1847590384920985,2.991008034858918,44.24450489885156,67.3125672047382,128.07780902382143
5.12,1.0413688625931463,-2.8487350882304896,3.0806172877424323,32.225644192719066,63.73480777924235,113.09829123349367
5.13,1.09368736452315,-2.4978781405578436,3.1253505706103977,20.630178274075142,60.04293247254643,98.43509332787563
5.14,1.0967963368676348,-2.136387553424758,3.1098238407653964,9.540053144580963,56.321372745973825,84.24319030126377
5.15,1.0621806854303242,-1.7724038765037275,3.048403143840858,-0.9898872380720967,52.63523525616084,70.63387090118181
5.16,1.0033443322137845,-1.4343683289156928,2.9424285767604945,-10.926405855445969,49.03381381464526,57.683237705788095
5.17,0.9254518378415308,-1.115424482654296,2.8113495867027085,-20.2533278303815,45.553525307631055,45.43926477953685
5.18,0.8341865556215002,-0.8160812178189407,2.6630981320224865,-28.967794220091804,42.220358711516575,33.92764069882047
5.19,0.7365249558652034,-0.5328335272759509,2.50929793809509,-37.07718576502482,39.051913056498975,23.15659032922792
5.2,0.6354921379913948,-0.26633475596528755,2.3536526187116915,-44.59660763903565,36.05908883536833,13.120839369239441
5.21,0.5451761190256447,-0.0318493723686033,2.2062752395164065,-50.255671157590264,33.27483140301255,5.309313800353896
5.22,0.46447633702021646,0.1744619271408675,2.0675307735775728,-54.40197494277129,30.693761940693083,-0.6772341164546294
5.23,0.3923999205313696,0.35597882946623005,1.9375637641310035,-57.32528606044471,28.30858747828141,-5.172993707191553
5.24,0.32958635289879357,0.49398894484867584,1.8001798543339271,-59.26656668084398,26.110663476149327,-8.457122242174641
5.25,0.2748461159160589,0.5965327684251004,1.6592640037965731,-60.42564769207398,24.090445670202115,-10.762281241737089
5.26,0.20795929203996424,0.6526713088441582,1.50081146191959,-60.96774648673329,22.237850073926875,-12.281898581374946
5.27,0.13281784419670484,0.6724036396518095,1.3314082117025312,-61.02899797816412,20.54253703812354,-13.176341566701197
5.28,0.03215626937613582,0.6502837110568579,1.1477279230722435,-60.721143698507035,18.994132728865928,-13.578159765361901
5.29,-0.10202254992986445,0.5954060358660846,0.9610660939166754,-60.135503035980406,17.582399230702038,-13.596533702377723
5.3,-0.2597664654933668,0.5163056746127413,0.7750381138769957,-59.34633280942126,16.297362658190593,-13.32104603380581
5.31,-0.4234122060733394,0.4195563249873263,0.5837463461297879,-58.413666045189714,15.12940711582729,-12.824875068277223
5.32,-0.589019566734985,0.3108061772274409,0.39141342479005403,-57.38570766249384,14.069341042520584,-12.167496124852567
5.33,-0.7040219902613234,0.2027650769545999,0.19463332212697565,-56.30085348414085,13.108441376355753,-11.396963869342244
5.34,-0.778483095925843,0.09695498335579036,-0.0024769646326777417,-55.189389308774636,12.238480047942746,-10.55183817575868
5.35,-0.8207413003263995,-0.005493713045732401,-0.1967602003606518,-54.074918482185275,11.451736530127432,-9.662806970112536
5.36,-0.8376838740029756,-0.10376807883680869,-0.3858432995842468,-52.97555929491865,10.74099951601684,-8.754051719381696
5.37,-0.8090110339428076,-0.16881571703877635,-0.5634387458713078,-51.90494744380953,10.099560247150656,-7.844394547425559
5.38,-0.7665068746163852,-0.18072100695842697,-0.7157070290305997,-50.225573566494596,10.426277646813254,-6.516775844718118
5.39,-0.7213755358412121,-0.15341802569443405,-0.8472302609958295,-48.106356479698874,11.489135036448475,-4.889899387259011
5.4,-0.6749379399689511,-0.09652282088771394,-0.9608155126411488,-45.683497202625595,13.098992459193433,-3.059323655965961
5.41,-0.6232007815672365,-0.033856432506198325,-1.0586350566720784,-43.06601904982535,15.102492760057643,-1.1013934139452517
5.42,-0.5682145387039357,0.03224935598130893,-1.1428555504352576,-40.34043391643414,17.376071197280904,0.9234499653197485
5.43,-0.524997656844472,0.06058279785484871,-1.2150527948721408,-37.57466664373721,19.82090354457245,2.9678855374863935
5.44,-0.4914669557826252,0.0595540768227956,-1.2769166570992523,-34.82135003427023,22.358651661333596,4.995377076528257
5.45,-0.4658761540980452,0.03606102358227376,-1.3299024007247084,-32.1205865358616,24.92788609977051,6.978216284911429
5.46,-0.45673422540050673,-0.022624205048473796,-1.380233901301625,-29.50225844276965,27.48108296513986,8.895886690003055
5.47,-0.4689333077195709,-0.1020927675150075,-1.4181065673479887,-26.987956333327855,29.98210736260796,10.733698629995033
5.48,-0.49728099093698613,-0.19623187366102537,-1.4458486777999235,-24.592585088078234,32.40410870812872,12.481653121082719
5.49,-0.5331803735419293,-0.2930342537781168,-1.4479923923990625,-22.32569796143277,34.727764258478544,14.13349871392981
5.5,-0.5743005981372462,-0.3903631658399819,-1.430503839632793,-20.192601599447446,36.9398166914264,15.685950844173213
5.51,-0.6060625419971413,-0.4943035959210975,-1.3924709033018552,-18.19526842231107,39.03185966834857,17.13804779007561
5.52,-0.6301632717961682,-0.6016819002656846,-1.3393029379343895,-16.33308726446742,40.99933223398666,18.490621283187203
5.53,-0.6371630763017329,-0.7140131817128578,-1.266917887294699,-14.60347845198607,42.840688819647276,19.745863171925965
5.54,-0.6309606129340913,-0.8283814099815863,-1.1809507721597061,-14.875442463492757,45.554216802111696,18.741347318430236
5.55,-0.6147470767161456,-0.9425221720938692,-1.0859281250694819,-16.675611230685487,48.893102135528025,16.022400003747098
5.56,-0.6066465399755911,-1.0520683622721192,-0.9731823464368182,-19.617684126962963,52.658606607432276,12.033324653384271
5.57,-0.6267906205964855,-1.15658001784184,-0.8404252448831099,-23.38805748306661,56.69190534986784,7.134136828053602
5.58,-0.6682447351250376,-1.2556041132336286,-0.6944213039297533,-27.73368629503555,60.867213787828376,1.6146939488464724
5.59,-0.7279879363246315,-1.3498733876236915,-0.5410565162634373,-32.45184461521434,65.0860092045821,-4.293390410997213
5.6,-0.8008002319879983,-1.439029294771963,-0.3844524051397979,-37.3814996163635,69.27218066108757,-10.406714586330704
5.61,-0.8665615484804511,-1.5145444065765465,-0.23048957935545217,-42.396055904487646,73.36796546902008,-16.58165480515899
5.62,-0.9258969384749782,-1.5784358608241722,-0.08095465681188349,-47.39726229845007,77.33055136151496,-22.707286366368788
5.63,-0.9770946286508665,-1.626062679532133,0.06250976289822194,-52.31010382978928,81.12924142980769,-28.699452993445526
5.64,-1.0212619284941111,-1.6604927176127258,0.19908482231848673,-57.0785278642554,84.74309422537856,-34.49580792677857
5.65,-1.0593564716788748,-1.6842810011804807,0.3282512299634006,-61.66187562713952,88.15896453409097,-40.05167648625576
5.66,-1.1159318333097272,-1.7253117026435982,0.44822502284835963,-66.03190956079864,91.36988152772874,-45.33661221950774
5.67,-1.1857725815378841,-1.7789025255974913,0.5592861295439008,-70.17034331374391,94.37371056148689,-50.33153788684898
5.68,-1.2783017546885371,-1.8389272568341049,0.6469693810835511,-74.0667951509404,97.17205304730975,-55.0263788839251
5.69,-1.3676373910899977,-1.8657196407991044,0.7119086302141653,-77.71709752393551,99.76934579352864,-59.41811066475018
5.7,-1.4531321065990845,-1.866649877884821,0.7584198267326955,-81.25807752007339,101.93095518057861,-66.11720065843265
5.71,-1.5051690121201184,-1.8287324831866225,0.7964130423994968,-84.66002975899032,103.7252193490922,-74.4781885026828
5.72,-1.5307767052202832,-1.7616648296960233,0.8272910349818995,-87.90238336755186,105.21019945703085,-83.9809264537074
5.73,-1.5341317873560298,-1.686382550778283,0.8718379350062093,-90.9718824996138,106.43518114190528,-94.20933654974642
5.74,-1.520397291063773,-1.6059872348759774,0.9261540469778495,-93.86107899916725,107.44196119529498,-104.83352047406152
5.75,-1.4937931877921424,-1.5229334268433374,0.9871010225971077,-96.56708760040087,108.265949686245,-115.59471586183304
5.76,-1.417731168290548,-1.4337547546489202,1.0889205973275224,-99.09056158258909,108.93711356703102,-126.29266697337948
5.77,-1.3049914007301,-1.3412801500836804,1.2204423248972538,-101.434853216099,109.48078417002296,-136.77504119982316
5.78,-1.1265533849302243,-1.2582613254933612,1.3424625643663095,-103.60532880712849,109.91834787903205,-146.92857727632187
5.79,-0.8502461636939096,-1.1815225484555643,1.4452178482665818,-105.60881280952405,110.26783656438228,-156.67169764307368
5.8,-0.5033251323771388,-1.1107909762163826,1.5316178492485624,-107.45313943933435,110.54443204903507,-165.94835722632
5.81,-0.08429465320684337,-1.0354291790923782,1.5940437117308826,-109.14679360216826,110.76089687245617,-174.72293496620674
5.82,0.3833972707392711,-0.957699894120994,1.6371389703231138,-110.69862581117908,110.92794189550582,-182.9760035175855
5.83,0.8157745520302139,-0.8721223182191374,1.6531477312714922,-112.11762820852832,111.05453980541095,-190.7008374003976
5.84,1.2143581650181199,-0.7818730441971045,1.6481682555714774,-113.41276086886558,111.14819230197251,-197.9005410856694
5.85,1.5808406317585773,-0.6894571462084057,1.6271974654953492,-114.59281931398526,111.21515764618414,-204.58569659336706
5.86,1.8601399948605124,-0.5944080657763019,1.5916943220699487,-110.874616868624,111.66861310274953,-211.8322890353017
5.87,2.013604554190736,-0.5001255812927177,1.5347574728525335,-103.46428034219704,112.41088981007695,-219.39550362310632
5.88,2.068328958143708,-0.4079031856522748,1.4623000809071292,-93.34294016817957,113.36269721396707,-227.0829568134082
5.89,1.988069143074207,-0.3048031767142439,1.366511654559755,-81.30413376669463,114.4600545667272,-234.74541372764858
5.9,1.8057160949260858,-0.19498593273490394,1.2543570991600506,-67.98537363482814,115.65170239045406,-242.26900697874436
5.91,1.5195677753294603,-0.0520101063642389,1.118218047382776,-53.89475455519865,116.8969218587691,-249.5687265931967
5.92,1.158422268523771,0.11411876236274274,0.9658430382504445,-39.43334689180735,118.16370056327953,-256.58298483561805
5.93,0.7454999388049812,0.29537841556992017,0.8034182337858399,-24.914013713713903,119.42719214074408,-263.26908893004037
5.94,0.31221810919520504,0.5131859560633854,0.6264388329647231,-10.577195894334324,120.66842495566625,-269.59947962842557
5.95,-0.12988143393095497,0.7555722299402043,0.4410813724459819,3.39587082510214,121.87322164278375,-275.5586149033076
5.96,-0.5497386711067501,1.018047373534328,0.25345595154185213,16.87211144115346,123.03129697131459,-281.1403962559
5.97,-0.9442593734584253,1.2793582588871053,0.04863295816928637,29.75740331217473,124.13550633266924,-286.3460506781051
5.98,-1.3132174053611385,1.5356947764402142,-0.16615656735297937,41.98891736479766,125.18122129163342,-291.18239456888546
5.99,-1.6271300015778858,1.773065535559935,-0.3932311170910738,53.52876536813713,126.16581217753361,-295.6604172107503
6.0,-1.8939935517816782,1.9922067177678473,-0.6261633486547542,64.35874642744177,127.08822071240198,-299.7941310426352
6.01,-2.086333792534868,2.1782815804306574,-0.8596154892479666,76.96757966929312,126.46657695452929,-296.06972239763087
6.02,-2.218611808228172,2.3361326224626424,-1.0898179954951455,90.74133359400284,124.6724813437435,-286.38713261633643
6.03,-2.3028378388647925,2.469908379292402,-1.3139355862860298,105.19176501145242,122.00876002698963,-272.2941008679026
6.04,-2.3213131617136926,2.5666925621887433,-1.5208635763245815,119.93448964338332,118.72085217467824,-255.044528109447
6.05,-2.2891594219931055,2.6336428184345557,-1.711397528442776,134.67064619527753,115.00642506627298,-235.6477532145443
6.06,-2.1938161303008887,2.6621537830847157,-1.8811846397763505,149.17152161477034,111.02348207598969,-214.91010129165718
6.07,-2.0470225455630837,2.6486391187842955,-2.026584136894613,163.26568373883873,106.89719009786671,-193.4698662055146
6.08,-1.8631309799737785,2.603159748948282,-2.1510399997368044,176.82823471290925,102.72561986308713,-171.8267195582255
6.09,-1.6601167972573765,2.522132969715267,-2.2481073947294696,189.77185604129278,98.58456424797329,-150.36639291329752
6.1,-1.4456339574079846,2.415156248588189,-2.322688815978081,202.03936527644123,94.53157538252717,-129.38135543650426
6.11,-1.2132201900637942,2.276395161341079,-2.371751047621891,213.59754635840736,90.60934057331798,-109.08810243963904
6.12,-0.9707095214711519,2.1154673107715567,-2.4005085523550913,224.43205149368757,86.84849925730911,-89.64157901329476
6.13,-0.7013875795569232,1.9384896859484604,-2.4239009145358996,234.5432030895476,83.26998798009437,-71.14718484291717
6.14,-0.41574641184826505,1.7519892281003324,-2.4428200837909575,243.94255038810377,79.88698737753786,-53.670739543051255
6.15,-0.12207398013619444,1.561111920871292,-2.4580188526926277,252.65005771999668,76.70653401968151,-37.24673080498124
6.16,0.1954950063329876,1.3755648900104438,-2.4624748499346465,260.69182027535226,73.73085047976521,-21.885118946068552
6.17,0.5263977771245021,1.1969980243511937,-2.4586362876678383,264.889156868119,71.10609513702046,-3.2981798674312017
6.18,0.8584805113691851,1.040162642450343,-2.4407656183125033,266.0775214490167,68.79103099746557,17.46772944070413
6.19,1.169604065535127,0.9241274962692175,-2.405728814926192,264.94357363675056,66.74924706253346,39.57744549785924
6.2,1.45981944191944,0.8411430797200868,-2.358096640225326,262.0493233330351,64.94859615824898,62.370549283839566
6.21,1.7251315981836883,0.8058399783040322,-2.297460715216454,257.8525640952993,63.36069790093353,85.33072955304576
6.22,1.9672317241018833,0.8075944947463649,-2.22781623020628,252.72414581804372,61.9604992992243,108.06007493801542
6.23,2.1877773248189096,0.837693835542114,-2.1523627615233925,246.962557624238,60.725886349490295,130.2575413431013
6.24,2.392517123417587,0.907265224033514,-2.0595232657892537,240.8062235286018,59.63734074188941,151.70095249163424
6.25,2.5604609360413,0.9962618773467182,-1.9353889289648465,234.44385482212093,58.67763646822796,172.23198678517298
6.26,2.6976086998306847,1.0987404263310978,-1.789234078443584,228.02315287775085,57.83157172013985,191.74368513827028
6.27,2.767477836172078,1.18373768373584,-1.6317804260375615,221.65811301600266,57.08573199550771,210.17008412519988
6.28,2.784745068118269,1.2540227451279733,-1.4681363417573634,215.43514318410166,56.428280800156415,227.4776383007366
6.29,2.7384284633877227,1.2751821398637009,-1.2746745062653781,209.41817962242587,55.84877474746314,243.65814638355792
6.3,2.6441541806504656,1.258399080522872,-1.0614062961814303,203.65295466704242,55.33800022669073,258.7229393628499
6.31,2.505330664482089,1.1722548463318798,-0.8084818807080729,198.17054872202945,54.88782913693232,272.6981255757008
6.32,2.334568258908144,1.0343519663054659,-0.5291476269752199,192.99033867472218,54.491091472321465,285.6207193234194
6.33,2.1420208037201522,0.8589761055617198,-0.23395793853951657,185.03095376858502,54.17865029984876,292.08863143771305
6.34,1.9394620989087186,0.6407835230303873,0.07102655633374871,175.0681285003146,53.935630522489205,293.51361679962986
6.35,1.732403510867016,0.39321864698248604,0.37874481715337766,163.72708834960267,53.749558684784404,291.0553459704782
6.36,1.5135177245402902,0.10581912239921035,0.6823600353253845,151.5080561818763,53.60999498584191,285.66236760174525
6.37,1.2889968299379488,-0.20758818739734775,0.9780898736863681,138.80773375374397,53.50821976343528,278.1067690600318
6.38,1.1530768351652507,-0.551755421657254,1.2365231269051467,125.93736600792792,53.43696658122653,269.0134706755944
6.39,1.1045324198679467,-0.8496878912991002,1.4512875219178811,113.13790681178862,53.39019516701629,258.8849536363284
6.4,1.1236434390955117,-1.1075666744420902,1.6292622536945391,100.59272852393528,53.362898409776946,248.12210539319776
6.41,1.1202608844557487,-1.3113659822477843,1.7679971537470656,88.43825246723607,53.35093844861281,237.04176682590713
6.42,1.0997095397400591,-1.4705763275638972,1.8745213248224832,76.77282149465017,53.35090759633694,225.89148001929544
6.43,1.0525695173836709,-1.6467260712033602,1.9638879507267486,65.66408802353519,53.36001045012046,214.86186232330687
6.44,0.9858091015579412,-1.8330927019397716,2.038721977579596,55.15515003747004,53.37596406551534,204.09696969163895
6.45,0.9050699534795241,-2.024369658254528,2.1012602016141266,45.26963262567844,53.39691352002836,193.70295863471134
6.46,0.8157591533338685,-2.180320973897786,2.1616396981153434,36.01588280062427,53.42136057863946,183.75531020620875
6.47,0.7212811633265093,-2.3067893565950026,2.219422989216035,27.39041987518242,53.448103505097336,174.30484017178946
6.48,0.6344458559251481,-2.361216753400762,2.2756643060085016,19.380761965466277,53.4761863471495,165.38268593962798
6.49,0.5844945915721506,-2.345017107933285,2.314524871896351,11.96773067575445,53.50485626767148,157.00443215344768
6.5,0.5635631611835719,-2.27499675268579,2.339471104030855,5.235054693385165,53.52149643701375,147.53452793975578
6.51,0.586822813523823,-2.177588656438711,2.3339346707583526,-0.8715261945754609,53.52866632546309,137.37679612083923
6.52,0.6435528315105181,-2.0607338224926863,2.3051464535534936,-6.403337699505074,53.52847350059676,126.85116085134312
6.53,0.6722784416642298,-1.904424233651313,2.25180390516925,-11.408656840787042,53.522646611236645,116.20831255358293
6.54,0.6791143394121616,-1.7203494354188351,2.180495424294294,-15.932672154568753,53.512597186394736,105.64201753571055
6.55,0.6690841151971069,-1.5178930674686746,2.0965459713698076,-20.017501486142738,53.49947190508773,95.29943198240653
6.56,0.6365738479825008,-1.283682675327635,1.9953559219218446,-23.702253591783087,53.48419675369506,85.28972688718304
6.57,0.5873602707715915,-1.0288201457926571,1.8825471352832188,-27.023122319667372,53.46751428225856,75.69128503479031
6.58,0.5367536996136829,-0.7740934724644295,1.7492512965242208,-30.01350426258397,53.450014995029704,66.55769225663353
6.59,0.48264097013944535,-0.5394876058152487,1.5887964778411718,-32.70413254290162,53.43216375957277,57.92271193809735
6.6,0.4266893496023034,-0.3239524484461062,1.4100551716956944,-35.12322085841198,53.41432198930773,49.80440335143532
6.61,0.36600368154101814,-0.14041250845338613,1.2144385127453179,-37.29661313343692,53.396766243490625,42.20852013115602
6.62,0.30264172190751815,0.015763281673124338,1.0089581720997902,-39.24793512316793,53.37970379366986,35.13130450733037
6.63,0.23195747590831478,0.14220517908759137,0.8011266898539989,-40.998745144631236,53.36328562437475,28.561775256161823
6.64,0.1567715457541073,0.24390641024729903,0.5947424817305962,-42.568681783804216,53.34761726625233,22.483592278608377
6.65,0.07931379382738424,0.3250764870688362,0.3926910961090755,-43.97560697967409,53.33276780040465,16.87656790081576
6.66,-0.00775380989506598,0.379695600774875,0.19155350249089434,-44.80097772370456,53.8798711187337,12.800149753743044
6.67,-0.10652690009045651,0.40434517844395357,-0.011267537974445824,-45.16819942267,54.84867104809917,9.95929603561326
6.68,-0.21271867383238902,0.40566418043365504,-0.2122083886748712,-45.1789129199612,56.12519494639306,8.108809672738685
6.69,-0.339857911949925,0.3876062416377444,-0.41744990891933953,-44.91650742695038,57.617374322486924,7.045487165651298
6.7,-0.4810485018844459,0.35499498784653555,-0.622777230529646,-44.44909529281787,59.25134962101993,6.6014513998242155
6.71,-0.644871164461119,0.31827712185253915,-0.8130619419105111,-43.832028263672385,60.96835655863083,6.638495104115602
6.72,-0.8234617785516795,0.2789888475469397,-0.9888564562191342,-43.110023377862994,62.72210636151057,7.043286469836888
6.73,-0.9921745334248948,0.2341402805387942,-1.13398774910825,-42.31895677188607,64.47658507994177,7.723309773751047
6.74,-1.1506884155399364,0.1857353732897642,-1.2533748366466626,-41.48737520212427,66.20420814436658,8.603432166220465
6.75,-1.2989170062914537,0.135363969719573,-1.351186093720656,-40.6377678252422,67.88427573831108,9.623003510982668
6.76,-1.39518511473728,0.07653964558427706,-1.4260514297035465,-39.78763455504746,69.50168261901372,10.733409657582126
6.77,-1.4331512740983456,0.019951340455936765,-1.4773323677263293,-38.95038198013199,71.04584290862961,11.896011103297614
6.78,-1.425886782451375,-0.03404082035257278,-1.5097552364042983,-38.13607325902278,72.50979627241944,13.08040892730951
6.79,-1.3976678469333603,-0.07418235252857897,-1.5223085071670512,-37.352054499751304,73.88946693731447,14.262988387454406
6.8,-1.3538465861940465,-0.10309228571757464,-1.519452972170299,-36.60347678562547,75.1830513067292,15.425697858698868
6.81,-1.3187418305312275,-0.14148958947606236,-1.4991989848732494,-36.38974574222247,76.39981044414469,16.05791764357824
6.82,-1.2908591608748314,-0.18655070345559105,-1.4659407760853014,-36.588846228644826,77.53873840178866,16.2741028281956
6.83,-1.2689415675304838,-0.23600971722967407,-1.423245869730696,-37.10090990998937,78.60028111308188,16.168383628477706
6.84,-1.249839073133554,-0.29975132594374276,-1.363072052838409,-37.8445850424252,79.58598914027384,15.817858246998732
6.85,-1.2331903653431926,-0.37343208377258064,-1.2904561609546517,-38.753967768158496,80.49823454952592,15.285380091694538
6.86,-1.22888620835771,-0.451309959551338,-1.2082538349662335,-39.77601126492057,81.33998130739819,14.621914315107038
6.87,-1.2341006005351103,-0.5311844119514595,-1.1199963067100034,-40.86834123486465,82.11460024221606,13.868527793733685
6.88,-1.2465211570375714,-0.6113394550085609,-1.0284817880964834,-41.997416630058325,82.82572101665136,13.058067366530121
6.89,-1.2642648619060561,-0.6904569027396454,-0.9359035505939997,-43.136983438408826,83.4771147499432,12.21657317435036
6.9,-1.2858068568537075,-0.76754373142845,-0.8439574382781293,-44.26677700357704,84.07260194027691,11.364467102613506
6.91,-1.3099203239721642,-0.8418713857147465,-0.7539319548131953,-45.37143490497806,84.61598119630933,10.517550467961643
6.92,-1.3356258015476674,-0.9129251775008993,-0.666783600991399,-46.43958803409794,85.11097501426681,9.687840068494408
6.93,-1.3621485140422298,-0.9803622028137211,-0.5831997425810955,-47.463102304297564,85.56118945279259,8.884267417832081
6.94,-1.3888825046389692,-1.043976437774886,-0.5036509487578773,-48.436447537664506,85.970085078339,8.113262303765111
6.95,-1.415360536429614,-1.1036698764517952,-0.4284344511626341,-49.356173582935064,86.34095699354893,7.379238664811258
6.96,-1.4412288805126137,-1.1594287454942445,-0.3577101256418599,-50.22047671786197,86.67692213185732,6.684998087099538
6.97,-1.4662262395681505,-1.2113039773315222,-0.291530186951863,-52.22102948182379,87.53981857943943,2.9083137840530715
6.98,-1.4901661669767936,-1.2593952489361329,-0.2298636059712113,-55.06026473107856,88.79266405369074,-3.1693558039677083
6.99,-1.5129224369150236,-1.3038379998687857,-0.17261610481459966,-58.49725320736614,90.32448854095048,-10.913753663484123
7.0,-1.5344169023846839,-1.3447929341786482,-0.11964645385384075,-62.338193553158725,92.04597157743137,-19.813234139309436
7.01,-1.5432014321601315,-1.4435960724130954,-0.043158182745543464,-66.42839485613807,93.88576376821469,-29.45802036081148
7.02,-1.5421176591419568,-1.5851454427423894,0.050141402677145765,-70.64552718410447,95.7873896522798,-39.52273150913631
7.03,-1.5334954007508237,-1.7572106881079053,0.1548543445995618,-74.8939483854521,97.70664405332529,-49.751686567867246
7.04,-1.519236212283381,-1.9499511308391924,0.2666694978745434,-79.09994354921122,99.60940693766754,-59.94656344771019
7.05,-1.5008840490460669,-2.1555094521359717,0.3821751699464115,-83.20773760350784,101.46981283446601,-69.95605427059448
7.06,-1.4796849545511535,-2.367669612939194,0.49870161934602286,-87.17616215127389,103.26872032053882,-79.66721059951223
7.07,-1.4566374141636238,-2.5815693046019854,0.6141888756153187,-90.97587528704362,104.99243515642989,-88.99821776384749
7.08,-1.4325347752081148,-2.7934586418969047,0.7270760112650089,-94.58704823025725,106.63164757521477,-97.89237623710656
7.09,-1.4080009301451764,-3.000498030733688,0.8362085680707871,-97.99744551130743,108.18055013685922,-106.31310120511574
7.1,-1.3835202842353458,-3.2005891873316363,0.9407613292491052,-101.2008364684973,109.63610761160483,-114.23977981804283
7.11,-1.3594628790194545,-3.3922341792998836,1.0401740475067376,-104.19568522527551,110.9974546686506,-121.66434983703323
7.12,-1.3361054144163587,-3.5744181234740124,1.1340980966804446,-106.9840743480389,112.26540082687862,-128.5884840572441
7.13,-1.3136488022293578,-3.746511828803049,1.222352320318432,-107.61629298346651,114.68124398197696,-136.8073761311986
7.14,-1.2922327897388517,-3.9081912308705444,1.3048866115362907,-106.5878151733491,117.93819822600574,-145.88914699827004
7.15,-1.2719481115861382,-4.059370941346119,1.3817519811947094,-104.30393661289439,121.78823823743393,-155.48965677152364
7.16,-1.2528465593819336,-4.200149642470447,1.4530760613832687,-101.09457745546977,126.03220266434874,-165.33731805461588
7.17,-1.1323891591102468,-4.26105948173016,1.4896351061935207,-97.22679345282485,130.51145352769996,-175.22033500487998
7.18,-0.936213334541139,-4.259868007386344,1.4990059357170962,-92.91533705309944,135.1008572742079,-184.97599899797473
7.19,-0.6851308386282104,-4.211148831601449,1.487414368700504,-88.33156048060499,139.70288738834353,-194.48172613334452
7.2,-0.3959335864663088,-4.126802496522365,1.4599545850674802,-83.61091028477946,144.24267784466076,-203.6475683755285
7.21,-0.08207343111631671,-4.01649702909428,1.420774757206767,-78.85922638040087,148.66388183708082,-212.409969961333
7.22,0.2457651945597134,-3.888040123890054,1.373233955294553,-74.15802735391725,152.92521175569803,-220.7265747698187
7.23,0.5791836080529285,-3.7476931632822863,1.3200346076540364,-69.56893704686077,156.99755480658155,-228.57191947053718
7.24,0.9116643838828442,-3.6004358002656787,1.2633341757471717,-65.13738451416346,160.86157442668642,-235.93387214029764
7.25,1.238232268754454,-3.4501885567019372,1.2048391704474288,-60.895689848283276,164.50572111353722,-242.81069727589082
7.26,1.555170473284992,-3.2999997990249796,1.1458841793515722,-56.865631590839335,167.92458779388335,-249.20864625039354
7.27,1.859783794358607,-3.1522025189437937,1.0874981833664386,-53.06057711887696,171.11755467736893,-255.1399877113348
7.28,2.1502012933937404,-3.008545546398139,1.03046010545022,-49.48724514629831,174.0876769213287,-260.62140558437835
7.29,2.425212342758237,-2.8703031370054015,0.9753452472729556,-42.748330805631866,177.21319740621462,-265.1384068842964
7.3,2.6841307814473323,-2.7383662901733774,0.9225640238673475,-33.69106300097112,180.4088584117333,-268.84644860010405
7.31,2.9266827144835563,-2.61331865290865,0.8723941961995015,-23.000325634887563,183.6082885501502,-271.87719248251767
7.32,3.1529141676756103,-2.495499436051145,0.8250076219506897,-11.226005907184724,186.76061333502955,-274.3420248380762
7.33,3.363115387030845,-2.385055403831319,0.7804923913234637,1.1939578203875243,189.82761800884296,-276.3350681753308
7.34,3.4103229395523393,-2.13889045097815,0.7644556930100646,13.914180802116475,192.78137752459318,-277.93575674330174
7.35,3.332000847896103,-1.7926604956534091,0.7704734444105862,26.66553629121963,195.60228122376768,-279.2110379321654
7.36,3.1587939050984204,-1.3752281158633197,0.7932826065076951,39.241487676763924,198.27739056807678,-280.2172528278241
7.37,2.915647106626782,-0.9098037607761684,0.8285912992616113,51.48664605512184,200.79907752593726,-281.001741735003
7.38,2.62275177488089,-0.4149078051504404,0.8729182468503658,63.287210437690845,203.1638991104564,-281.6042140430775
7.39,2.2963442119054283,0.09481959533098316,0.9234571872409689,74.56299872375631,205.371670306253,-282.0579162626489
7.4,1.9493789650663178,0.6079378301475264,0.9779625136768844,85.26082111896649,207.42470337324957,-282.39062728602937
7.41,1.5920955735009625,1.1156347000828872,1.0346529587031807,95.34898490406543,209.3271864187118,-282.62550581508583
7.42,1.232494905372785,1.6112480739383526,1.092130596946702,104.81275125665579,211.08467830635144,-282.78181136365896
7.43,0.8767388328156991,2.089866062141157,1.1493128418996055,113.65059197572253,212.70370052803878,-282.8755171998531
7.44,0.529484967376435,2.547993552137973,1.2053754537869907,121.87111712038734,214.19140968951757,-282.9198309775665
7.45,0.19416644590924165,2.9832747624146294,1.2597048682978484,130.7144704011403,214.11158681800106,-277.41587076085386
7.46,-0.12677472593141015,3.394263020869966,1.31185840646557,139.89649907857395,212.83286946608996,-267.7500126455449
7.47,-0.4316935336542309,3.7802302965487398,1.3615311402742074,149.1943569085064,210.65622848625037,-255.04873048467488
7.48,-0.7195808624786681,4.141010143606727,1.4085283717796608,158.43561740472796,207.82612474408805,-240.2219093226857
7.49,-1.0065744757586488,4.453317539891644,1.3597852150919665,167.48915087207376,204.53993394549363,-223.99939144362077
7.5,-1.288399562867405,4.723633412986476,1.2385024355171386,176.25749437250923,200.95589822554643,-206.9617701074051
7.51,-1.5618639801402434,4.957575840621793,1.0635765506002055,184.67048393733467,197.1998255458127,-189.5662980201868
7.52,-1.824654378050069,5.160014498645367,0.8503133801075504,192.6799526832583,193.37072570436322,-172.16865070309484
7.53,-2.075166379917747,5.335169979028333,0.611030462384931,200.25532785305518,189.5455441272478,-155.04117621496044
7.54,-2.3123634847864727,5.486699972149222,0.3555649712787859,207.3799848916019,185.78313093340554,-138.38816958787382
7.55,-2.535660166876802,5.617774045442571,0.09170134572441246,214.04823809468297,182.12756248916062,-122.35863064545009
7.56,-2.744825327119761,5.731138522722752,-0.17446923236759862,220.26286565493749,178.61091531326747,-107.05689569507176
7.57,-2.93990283531953,5.8291727705978476,-0.4382471557135509,226.03308252677397,175.25557734557947,-92.55147528470286
7.58,-3.1211463988581105,5.913938026461626,-0.6960716727172713,231.37288782666792,172.07616889616867,-78.88238038794069
7.59,-3.2889664178351783,5.987219753193869,-0.9453096049120375,236.29972480898255,169.0811347412109,-66.06717682029557
7.6,-3.4438868477108215,6.050564375954588,-1.1840790904219047,240.83340109530184,166.2740595641149,-54.10597135725016
7.61,-3.5865103979638793,6.105311143756473,-1.4111028982275546,244.99522503177596,163.65475102908653,-42.98550202839899
7.62,-3.717490656783191,6.152619760608596,-1.6255866745439498,246.60888354514242,160.15809679087593,-27.366853510553575
7.63,-3.837509954054489,6.193494346001494,-1.8271181802464407,246.24638949217078,156.0443599711385,-8.54832793422578
7.64,-3.947261963620725,6.228804210661658,-2.0155841739835596,244.3765676001742,151.522446437728,12.426064052872466
7.65,-3.937302565263301,6.125599135000508,-2.121576666470048,241.3819137984866,146.7586775068711,34.72331638591843
7.66,-3.8358447358136587,5.917956137463057,-2.1627692518664214,237.5728520315932,141.88417192688888,57.684989103626776
7.67,-3.6659186986441883,5.633597277825586,-2.153705774250107,233.19977575644677,137.00104774960738,80.79658254212806
7.68,-3.4462267842699967,5.294945943449622,-2.1063066152274583,228.4632051902183,132.18762377403863,103.66184038500987
7.69,-3.191865556323038,4.920018360201625,-2.030297311987814,223.52234322247747,127.50277376502443,125.98122788370046
7.7,-2.9149350293586,4.523175017399226,-1.9335710124451515,218.5022716186997,122.98956398054443,147.5339429704526
7.71,-2.625051922317724,4.115753098419277,-1.822494611038345,213.49999375614016,118.67828514585594,168.16291331858392
7.72,-2.329781419703339,3.706597924537452,-1.702166981663785,208.58949981830332,114.58897342639355,187.7623139395191
7.73,-2.034999793956336,3.3025087769632817,-1.5766365000853906,203.826004415611,110.73350077514277,206.26720960336758
7.74,-1.7451984274632186,2.9086121987117566,-1.449083998563098,199.2494843820558,107.11730292066729,223.64498591469896
7.75,-1.463738218312813,2.528673940383061,-1.3219763958575446,194.88762549102046,103.74080292394906,239.8882837168949
7.76,-1.193062023520896,2.1653590560316687,-1.197195475100831,190.75827058239932,100.60057941202497,255.0091948823747
7.77,-0.9348716552658205,1.820448237449639,-1.0761456220980217,186.87144770576128,97.6903210761452,269.03451454215804
7.78,-0.6902749724569999,1.4950172632626217,-0.9598437717974643,181.92893574230777,96.34363383342247,280.1561731013335
7.79,-0.459907778236856,1.1895854039122082,-0.8489943274767646,176.2553885711901,96.21509769706567,288.8809402153688
7.8,-0.2440345236271075,0.9042377396609198,-0.7440514040519044,170.1107917437533,97.02121687865085,295.63426283056197
7.81,0.06172792949015479,0.6350133445363252,-0.6443276282414349,163.70155684862587,98.53033592582307,300.7726775854667
7.82,0.4315342618847751,0.38233995851067726,-0.5501579463202717,157.18985272815914,100.55410925997333,304.5943907792927
7.83,0.8445959654074566,0.14628646048306132,-0.46171201881312696,150.7014409839243,102.94029332424503,307.3482900717643
7.84,1.2843209733325183,-0.07335409988937999,-0.37903030839651414,144.33224389874567,105.56666397776173,309.24161466956656
7.85,1.737589370441823,-0.2769966211137588,-0.30205372841509937,138.1538392413629,108.33589044720792,310.44647856992196
7.86,2.194144606190481,-0.4652087292212713,-0.2306478979853428,132.2180476092829,111.17122173714003,311.10541375035154
7.87,2.646082652213821,-0.6386661130970032,-0.1646228887815394,126.56075331895164,114.01286247885149,311.3360763923937
7.88,3.0874241303845995,-0.7981166396097197,-0.10374921159766588,121.20507877918314,116.81493325799227,311.23523876845104
7.89,3.513756650696843,-0.9443517514771164,-0.04777067419754919,116.16401427562313,119.5429259286158,310.8821718412379
7.9,3.921936492018766,-1.0781838878837622,0.0035853571587518493,111.4425897139034,122.17157766192733,310.341508524446
7.91,4.30984037846807,-1.2004288690719165,0.05059984433531433,107.03966174143198,124.68309880677634,309.66566458620775
7.92,4.676159488742254,-1.3118923567148484,0.09355573538713069,102.94937846967369,127.06569932694549,308.8968830462096
7.93,5.020229018659329,-1.4133596463677986,0.13273307798325368,96.59260873864508,128.29135132946647,304.2895052570515
7.94,5.341887627210538,-1.5055881705338419,0.168405323439922,88.59988483928497,128.61206381062368,296.8151924925858
7.95,5.641361958332392,-1.5893021941838774,0.2008366000639349,79.47951984072355,128.23492083821867,287.26266877459517
7.96,5.9191721656236185,-1.6651892717568126,0.23027977122819582,69.63831032868868,127.32937514312393,276.26827297840555
7.97,6.087997774868094,-1.683447264402391,0.3829460933503925,59.39897313465121,126.0334202649557,264.3417313066603
7.98,6.1707441510885825,-1.6572977077653746,0.6275697291415995,49.01480907773735,124.45880765096821,251.88786766256374
7.99,6.186293202396635,-1.597557208031325,0.9387759389014048,38.682014517323026,122.69545103008767,239.22486475282477
8.0,6.1501513478919145,-1.5130320877969536,1.2960968348284214,28.549999642672642,120.81513972613088,226.599599013293
8.01,6.074998360100928,-1.4108519474956858,1.6831411483533492,18.73001944735168,118.87466485706818,214.20049557188125
8.02,5.9711517388218756,-1.2967512471479075,2.086894886077851,9.302377993944198,116.91844717830035,202.16828363123975
8.03,5.84695915786101,-1.1753066914574537,2.4971331245532067,0.3224277875237167,114.9807423120828,190.60497630744797
8.04,5.709129710596269,-1.0501370677029274,2.9059260864397563,-8.174447085947024,113.08748795650868,179.58135075786603
8.05,5.563013122681134,-0.9240712140830099,3.3072251184085246,-16.168703737730137,111.2578481224518,169.14316321587572
8.06,5.412834764391717,-0.7992889634352135,3.6965163129094796,-23.65323305334955,109.5055012788387,159.3162983287913
8.07,5.2618931500077615,-0.6774391939793192,4.0705313319350624,-30.630556606662076,107.83971230046555,150.11102211322992
8.08,5.112725630401174,-0.5597385080837232,4.427006544440039,-37.11053006768788,106.26622214045385,141.52548216517155
8.09,4.9672471446023625,-0.4470535375060994,4.764482917382287,-41.53073584147815,104.65782775012529,133.11873310860855
8.1,4.826866176653236,-0.3399694266340733,5.082140235457096,-44.30486626451322,103.04784097080928,124.98022628235549
8.11,4.692581448431979,-0.23884666320652098,5.379660194054106,-45.77537445926643,101.46179106210157,117.17425658284368
8.12,4.56506235263083,-0.14386809959469934,5.657113737447846,-46.224820194948315,99.91884984977688,109.74485389754803
8.13,4.444715680023218,-0.05507772902323123,5.914868720086055,-45.88549239578369,98.43302218956303,102.71984474946935
8.14,4.293377326307652,0.08650317546153705,6.010890789292089,-44.947561855864166,97.01413814987488,96.11421517126115
8.15,4.1206756285206145,0.26628963084110124,5.98158575182027,-43.565981257240395,95.66867788277185,89.93288603839456
8.16,3.9343160844567793,0.47251804775918793,5.856785039508717,-41.86631827927469,94.40045550822778,84.17299520169364
8.17,3.7404116197132686,0.6957687724658608,5.660820462277861,-39.94968071365602,93.21118436977642,78.82576635481804
8.18,3.5437603323359985,0.9285639089996279,5.413432997487394,-37.89686944132836,92.10094263299683,73.87803229463488
8.19,3.3480786852450257,1.1650290618301742,5.130540313546454,-35.771875350931744,91.06855530900938,69.31346977520347
8.2,3.1561969447340465,1.4006093028749649,4.8248841443800075,-33.62481932311352,90.11190632175322,65.11359425602625
8.21,2.970222659893859,1.6318310920674612,4.506575559481009,-31.49441987489155,89.22819213898283,61.25855527640577
8.22,2.791677119002248,1.8561031011044122,4.183553540425823,-29.41006061180142,88.41412670000264,57.727766756440005
8.23,2.6216089842726986,2.071549934568571,3.8619700173925424,-27.393518978938644,87.6661058529709,54.500401065271845
8.24,2.4606886782411266,2.276873636211934,3.5465125854234283,-25.460408682232163,86.98033822238455,51.55577106632635
8.25,2.3092865583381865,2.471238632216822,3.2406744642998344,-24.031536631906388,86.68544834549212,48.31362042547235
8.26,2.167537457813464,2.654176416154677,2.9469798486848977,-23.011048114752178,86.69443190309804,44.89433914692051
8.27,2.035393779945888,2.82550683797968,2.6671715828440106,-22.31917337326298,86.93592819090416,41.392868493858614
8.28,1.9126689987668704,2.9852733353460157,2.402367057702644,-21.889704096603083,87.35166865827284,37.88318207989157
8.29,1.7518024944459527,3.057910117152335,2.122705826614681,-21.667849461400923,87.89431888081648,34.42204432419974
8.3,1.5642472724745322,3.062703260767293,1.836039636772105,-21.608416264739883,88.5256554749387,31.05215691243256
8.31,1.3591890513952487,3.015478726023006,1.5484894345993188,-21.674265625659714,89.2150279380176,27.80478753604156
8.32,1.1439341313283717,2.929166039640302,1.264755382395165,-21.835005548463027,89.93806266853086,24.70196117699155
8.33,0.9242357217251631,2.8142751228841645,0.9883764145764351,-22.06588449641458,90.67557265488429,21.758282227453392
8.34,0.7045680530957509,2.6792991690726815,0.7219471046124633,-22.34685615193351,91.41264166545356,18.982445496909282
8.35,0.48835622784673594,2.531054608044004,0.46729845941172765,-22.661789854566226,92.13785635064795,16.378485414197236
8.36,0.27816859245535364,2.3749675908807353,0.22564827075160615,-22.997804910416804,92.84266358852102,13.946805266273998
8.37,0.07587740922671166,2.215315052882596,-0.0022741904217932207,-23.34471014207714,93.52083376144697,11.685021945734736
8.38,-0.1172072530768847,2.0554272339014803,-0.21612507178233664,-23.69453277034713,94.16801352257077,9.588656248044758
8.39,-0.3002262249487493,1.897857525089353,-0.41586097982740367,-24.04112305182967,94.78135406589104,7.65169413187517
8.4,-0.4726789811483214,1.7445246460755468,-0.6016692378646049,-24.3798230946549,95.35920301209106,5.86704041587228
8.41,-0.6343474041581763,1.5968314161106711,-0.7739108848327028,-25.22070559471398,96.52100601758653,3.3830548768095623
8.42,-0.7852330029601249,1.4557637491670838,-0.9330743194671416,-26.432932749529307,98.1117456777692,0.40245568476451954
8.43,-0.9255054144966149,1.3219729612076643,-1.0797378191174598,-27.910529606348398,100.00603465700642,-2.9117914729694117
8.44,-1.0554603481027305,1.195844014782364,-1.2145394388635244,-29.56821269037632,102.10313031834418,-6.429702742594307
8.45,-1.2100099012058074,0.999240946194519,-1.3465569377493625,-31.33787299392307,104.3227327259568,-10.048576984297831
8.46,-1.38097487309401,0.7517530507726607,-1.4743800706814985,-33.165614913921004,106.60144807356711,-13.68820609147244
8.47,-1.5618365723038212,0.46917345817197775,-1.5969946557282668,-35.009267104014405,108.88981683855678,-17.286856437723742
8.48,-1.7474494893190857,0.16414209105314265,-1.7137055934089445,-36.83629352917944,111.14982073927456,-20.79790350848296
8.49,-1.933799855638287,-0.15331280081992085,-1.8240729426736986,-38.622043565178,113.35279522983544,-24.187019210962944
8.5,-2.117803107107077,-0.4753192211474238,-1.9278589922252494,-40.34828902140848,115.47768510182992,-27.429826276752884
8.51,-2.2971342979643214,-0.7957790551302397,-2.024984577159636,-42.00200369850044,117.50959003348461,-30.509946932174042
8.52,-2.4700863925587067,-1.1100475990369232,-2.1154931566069064,-43.5743477059849,119.43855485563454,-33.41738391941565
8.53,-2.6354521150988033,-1.4146654904805258,-2.19952139467424,-45.05982441943418,121.25856608109879,-36.147181270281635
8.54,-2.792425682120146,-1.7071349465782757,-2.277275180152757,-46.455582787240125,122.96672203370268,-38.69832019094026
8.55,-2.9405212930877336,-1.9857334216128302,-2.34901018496986,-47.76084182216592,124.56254885626343,-41.07281220533607
8.56,-3.0795057250302973,-2.2493588255984602,-2.4150162013928007,-48.97641763293465,126.04743889453239,-43.274957494399494
8.57,-3.209342778782724,-2.4974013251249825,-2.475604617069852,-51.268633228164845,127.19614476922999,-47.09628806736369
8.58,-3.330147667143446,-2.7296374993698977,-2.5310984881808776,-54.34933528969789,128.06951111440114,-52.09759908311184
8.59,-3.442149727495507,-2.946143265598507,-2.5818247568724306,-57.9855863322826,128.71842428313528,-57.92418714074539
8.6,-3.5456620904604366,-3.147222535592309,-2.628108232013269,-61.9903631409446,129.18535122039836,-64.29158749517192
8.61,-3.5987660388170166,-3.3642147495626835,-2.6025304827927664,-66.21471785162419,129.50564921579667,-70.97355663379268
8.62,-3.612446295546007,-3.589999807921835,-2.5223336360021817,-70.54118135118162,129.70867977140168,-77.7919617300212
8.63,-3.5957290343612343,-3.8189889962292813,-2.4015721183656065,-74.87822090004306,129.81875509098361,-84.60828802666458
8.64,-3.5559998807297486,-4.046853390461088,-2.2516401733256406,-79.15559149370193,129.85594163111693,-91.31651764399052
8.65,-3.4992730149692397,-4.27029623306886,-2.081717306446204,-83.32044412800792,129.83674165979528,-97.83716965344334
8.66,-3.4304186331374558,-4.486862530798735,-1.899143934828413,-87.33407437727331,129.77467076519284,-104.1123223692206
8.67,-3.3533549715297233,-4.69478012545444,-1.709737729451848,-91.16921201534723,129.68074667768173,-110.10146542709352
8.68,-3.2712101998061516,-4.892827344402488,-1.5180596076877304,-94.80776722238276,129.56390255321725,-115.77805198035412
8.69,-3.1864587152083206,-5.080223069153298,-1.327637020591957,-98.23896158054463,129.4313359649051,-121.12664079487624
8.7,-3.1010357080129767,-5.2565356854601175,-1.1411510551500061,-101.4577828769413,129.28880321815197,-126.14053464044979
8.71,-3.0164333008163386,-5.4216079122347125,-0.9605929088717937,-104.46371196516778,129.1408672055105,-130.81983555908502
8.72,-2.9337810781061573,-5.575494962230343,-0.7873944701764155,-107.25967781451043,128.99110581762073,-135.16984969117942
8.73,-2.853913406373266,-5.718413876098399,-0.6225370332037601,-107.56307857706169,128.03947435161732,-141.9155660627645
8.74,-2.777425588853189,-5.850702202714593,-0.466641573127762,-105.9533685581234,126.48878034871444,-150.39009014315363
8.75,-2.704720594363549,-5.9727844808627,-0.3200434931769547,-102.90408481615309,124.50365868479327,-160.0558181868398
8.76,-2.636047839295488,-6.085145217556365,-0.18285431488372797,-98.80027250095469,122.21694586890372,-170.48253476424262
8.77,-2.512772763707512,-6.041215887563133,0.029732826542082036,-93.9532088143035,119.73505721503666,-181.32896574125039
8.78,-2.3496189595275374,-5.878313371043892,0.2967248594064978,-88.61282866648767,117.14251657043474,-192.3272650714399
8.79,-2.158482281959627,-5.626867360411286,0.6011988867650896,-82.97819654290232,114.50576644299835,-203.26999018250004
8.8,-1.9489077275410764,-5.311559081014272,0.9296126594808068,-77.20631887729944,111.87636765100802,-213.99918620217886
8.81,-1.7284912760715443,-4.952282943960085,1.2712238345368903,-71.41954818211443,109.29368158134344,-224.39725532346142
8.82,-1.5032180042265657,-4.564957605528596,1.6176015961495653,-65.71179330326785,106.78711440954798,-234.3793355831393
8.83,-1.2777461241542138,-4.1622090557056035,1.9622166230694327,-60.15371857878739,104.37799088099291,-243.8869543665936
8.84,-1.05564518278391,-3.753945055751975,2.300097446444496,-54.79708764006349,102.08111519692741,-252.88275703882277
8.85,-0.8395954435662725,-3.3478374142913534,2.627543007365334,-49.67838445822701,99.90606795136279,-261.34614108414166
8.86,-0.6315544331720457,-2.9497261666997625,2.9418827335802673,-44.821824452473656,97.85828071723732,-269.2696517425242
8.87,-0.4328957465706528,-2.563957646407767,3.241276746876384,-40.24185156599884,95.93992360490317,-276.6560169849964
8.88,-0.2445244436012948,-2.1936666598340864,3.5245499172612798,-35.945202769072836,94.15063575944573,-283.51571831149863
8.89,-0.06697272033410984,-1.8410114566787048,3.7910544240050084,-27.335031115659596,95.26351500652603,-288.3928222284847
8.9,0.09952101654754912,-1.5073688877522609,4.040556289730597,-15.556852457332901,98.58097719559493,-291.6757952551071
8.91,0.2549470179640138,-1.1934960320468233,4.273142041774711,-1.5372024774056996,103.53448785291963,-293.68696536525385
8.92,0.3994707531428069,-0.899663626396616,4.489142241905755,13.979516952185527,109.66319951473199,-294.69298683450285
8.93,0.533389257371214,-0.6257658216582289,4.689069125726309,30.399981438088414,116.59591332588937,-294.9137222901075
8.94,0.541569295649663,-0.30129183331699144,4.673959800436947,47.255805975137676,124.03586762933973,-294.52977415002186
8.95,0.45335300783707455,0.056834639527346464,4.494449460755452,64.18158079295449,131.74792864871048,-293.68886432167477
8.96,0.2927116623581072,0.4351305696811779,4.191874443487503,80.89644606295558,139.5478204190301,-292.51123241682035
8.97,0.07912990312642737,0.8229578666789368,3.7998057670872374,97.18866394056649,147.2930842991337,-291.0941981706533
8.98,-0.1716471453966779,1.2120228149009873,3.3453445809825464,112.90272650404098,154.87550395266408,-289.5160126670153
8.99,-0.4469834459003573,1.5959562000256668,2.8502150856682893,127.92860667757552,162.2147706881379,-287.83910488037026
9.0,-0.7368207940062937,1.9699617730113488,2.3316853144797447,142.19281783110077,169.25319742798285,-286.1128145299644
9.01,-1.033231798118553,2.330522527750209,1.8033417347497689,155.65099784190758,175.95131812836445,-284.3756889409042
9.02,-1.3300443356713991,2.675155831726052,1.2757398262885413,168.28177619640175,182.2842338813384,-282.65741020957836
9.03,-1.6225266013654314,3.0022097858368375,0.7569495397121554,180.08171924599256,188.23858778781315,-280.98040920888235
9.04,-1.90712346726609,3.310694332174207,0.2530117493691075,191.0611799051169,193.8100685007733,-279.3612146113357
9.05,-2.181236247920249,3.6001416046485333,-0.23168057057118097,201.2545765674915,194.84018547630885,-268.5300155349119
9.06,-2.4430391386098353,3.870490850689056,-0.6940647597352896,210.68687115950502,192.37722526263593,-250.81511301491696
9.07,-2.6913265996282716,4.121993963271815,-1.1321445333181963,219.3890673758981,187.27836157931392,-228.10667039781274
9.08,-2.92538681822632,4.355138268791867,-1.5447712422595123,227.39631020757565,180.2410540470937,-201.9298680597515
9.09,-2.9683595665556646,4.540457154755784,-1.8874614218824026,234.7463661848354,171.82958337325178,-173.50661534686475
9.1,-2.8643595212678865,4.686264096278849,-2.1712519121892653,241.47841885203687,162.4974482733845,-143.80753738939106
9.11,-2.649458431574621,4.799541471878089,-2.4055131014524997,247.6321244120499,152.60624408327698,-113.59570382211602
9.12,-2.353006559284861,4.886143439573162,-2.5981930885219686,253.2468813187466,142.4415526864247,-83.46335164057552
9.13,-1.9987494295741874,4.950968892346372,-2.756026842863875,258.36127508608087,132.2262959499843,-53.86267039782459
9.14,-1.6057704173023564,4.998108803182949,-2.884715297862149,263.0126659222261,122.1319385119286,-25.131560362002393
9.15,-1.1892852607613866,5.030971659867468,-2.989078625941106,267.23689215736505,112.28786893416832,2.484860624205268
9.16,-0.7613107930853098,5.052390164831126,-3.0731873517212285,271.06806695993447,102.78923958659922,28.8163412288923
9.17,-0.3312269226288556,5.0647119238684395,-3.1404744487759904,274.5384496531527,93.70350399882602,53.75260996952937
9.18,0.093751898855443,5.0698764593209384,-3.1938311254464176,277.6783761580674,85.07585481445551,77.23104042768072
9.19,0.5081818731347428,5.069480549599868,-3.235688625937113,280.51623579217295,76.93373505119597,99.22646297489536
9.2,0.9080599179246015,5.064833610132176,-3.2680880462200346,283.07848392153227,69.29056937227544,119.7427791129988
9.21,1.290548547249265,5.057004584443909,-3.292739882901958,281.908275756174,65.52469920603511,137.75061826384365
9.22,1.6537470205251907,5.046861602519394,-3.3110747909412126,277.8986902427564,64.78622513803806,153.55653223458668
9.23,1.9965014919313653,5.035105481944072,-3.3242868175503104,271.777856220878,66.37713986507097,167.4296298335214
9.24,2.3182479857902902,5.022297991473215,-3.3333702001486776,264.1362355913011,69.72663484568882,179.60614774780703
9.25,2.5336514422480563,4.927712631714695,-3.3377673649482293,255.44966303754222,74.37020697388547,190.2934637486225
9.26,2.6642703316884075,4.771993987029036,-3.33850793854557,246.09877686298398,79.93200110369406,199.67362022192458
9.27,2.7279351168585455,4.57190327489425,-3.3364373630412594,236.38538316897873,86.10990592020855,207.90641773707893
9.28,2.739343403678517,4.340966615995832,-3.3322468542482517,226.54621643186567,92.66299071847419,215.1321310887271
9.29,2.710564554467581,4.090021914401796,-3.3264987482309767,216.7644916888906,99.40093074029517,221.47389385657138
9.3,2.6514670987519025,3.827679566081334,-3.3196479209953913,207.17958542178636,106.17512022980975,227.03979191544323
9.31,2.570080357676588,3.5607099936784596,-3.3120598670025934,197.89513246069427,112.87121650725356,231.9247013993382
9.32,2.472900050327103,3.294369102406283,-3.304025937117442,188.98578363953482,119.40289616487064,236.21190229483062
9.33,2.365146236101293,3.0326711215509246,-3.295776163656663,180.50283250084183,125.70663685328262,239.97449503833528
9.34,2.2509807340205743,2.778616899934307,-3.287490037668619,172.4788881993294,131.7373658201405,243.27664415385703
9.35,2.1336901193959528,2.534384528697611,-3.27930554999545,164.93174513724438,137.4648400475764,246.1746700367744
9.36,2.015839506333415,2.3014881424586155,-3.271326761777001,157.86757713444112,142.8706430803386,248.71800741530836
9.37,1.89940156029595,2.0809098757684685,-3.263630130769486,148.37090827081923,146.55335726041687,246.70192185488423
9.38,1.7858645303563916,1.8732092047749425,-3.256269786236084,137.16024138662718,148.85928912859532,241.22652944370196
9.39,1.6763225303970986,1.6786132659709156,-3.2492819164177593,124.81246143800159,150.07509185378512,233.1881582313327
9.4,1.5715508190158103,1.4970911992932872,-3.242688408019077,111.78701336111634,150.43726753629318,223.3131059244979
9.41,1.4779238865673894,1.2298082076292702,-3.0703728874010374,98.44624824973363,150.14022601920882,212.18614234700723
9.42,1.3942925963089516,0.9010408045172998,-2.7738688811872096,85.07251798867917,149.343112607391,200.27454300881894
9.43,1.319620958512508,0.5303363895641147,-2.3869159407861975,71.88251332023623,148.17558654822744,187.94832565600575
9.44,1.2529757989728476,0.13331620640364306,-1.9367591748418884,59.039267381580906,146.74270590061434,175.49726353188308
9.45,1.1935172424663445,-0.27764854642865,-1.4452456794338722,46.66218431321073,145.12905190633845,163.14516497541595
9.46,1.1404899688525165,-0.6928682861529267,-0.9297483363959553,34.83539911534589,143.40220666218443,151.06183694037995
9.47,1.0932151973536088,-1.1048579417831865,-0.4039430060013635,23.614729243303348,141.61568132428238,139.3730883363621
9.48,1.0510833535911075,-1.5079372259097419,0.12153866892576715,13.03343938434416,139.8113778730092,128.16907630615523
9.49,1.0135473739355814,-1.897896393039296,0.6385618939648864,3.107007501948152,138.02165529511242,117.51125340324444
9.5,0.9801166024190757,-2.271717358606622,1.1410306304172608,-6.162948243979231,136.27106061367405,107.43813503377767
9.51,0.950351236688953,-2.6273415610158772,1.6245050125383402,-14.785446389392707,134.57777626985916,97.97007354725189
9.52,0.9238572811035629,-2.96347723846959,2.08588255490388,-22.77750827589064,132.95482772115932,89.11319719745478
9.53,0.9002819669662555,-3.279439894044002,2.5231331802321235,-29.69334465342983,132.4441354929179,81.41116380155614
9.54,0.8793096019710318,-3.5750206632487234,2.935079593682933,-35.67713593227343,132.7929940760937,74.71365131404694
9.55,0.8606578131157662,-3.850378101182827,3.321215807204913,-40.85383344369629,133.7944953338987,68.88987377964072
9.56,0.8440741495685196,-4.105949591145143,3.681557708070102,-45.33171389082165,135.28002768231352,63.82604609267907
9.57,0.7730251079531508,-4.213777175785899,3.949895308606417,-49.20459564110792,137.11293489153246,59.42317731527595
9.58,0.6613861525296161,-4.206803526904823,4.143599341695058,-52.55376148677854,139.1831618034105,55.5951500276505
9.59,0.5204149030251971,-4.112044146872361,4.277135424189564,-55.449626626639194,141.40273931713887,52.26704868200522
9.6,0.3591887916386076,-3.951554431740127,4.362518918221458,-57.953185520803764,143.70198248675683,49.37370471921422
9.61,0.18497420961389682,-3.7432475805960705,4.409701469617416,-60.11726683788596,146.02629399964002,46.85843037708963
9.62,0.0035374326010104706,-3.5015855292420888,4.426899196942174,-61.98762186443504,148.3334810954468,44.67191674988348
9.63,-0.1805938878088714,-3.2381618722797887,4.420871078847972,-63.60386840250489,150.59150751105756,42.771274820461834
9.64,-0.3639111661256736,-2.962192980663656,4.3971548622000975,-65.00030927692548,152.77661361814927,41.119200939803676
9.65,-0.5437408609912615,-2.680931157697185,4.360266760982193,-66.20664205145178,154.87174783110777,39.683250625865334
9.66,-0.7180905357947389,-2.400011650149462,4.313870312221888,-67.24857436239454,156.86526084054307,38.435206641352146
9.67,-0.8855203565693586,-2.123743595149651,4.260918979386313,-68.14835737604767,158.7498214752585,37.350529127563114
9.68,-1.0450360731535304,-1.8553534968662075,4.203776428006164,-68.92524822437511,160.52151918816156,36.40787715407521
9.69,-1.196000120645263,-1.5971885544794118,4.144317827293142,-69.06216079224495,160.88412341853794,35.92775490634111
9.7,-1.3380579832460386,-1.3508860743007802,4.0840150419457775,-68.70695073026646,160.1622247602552,35.80925889000811
9.71,-1.471077393936538,-1.1175142680030659,4.0240081587588,-67.98050943702876,158.6212832443785,35.96948445734678
9.72,-1.5950983115911934,-0.8976889433688304,3.965165433213164,-66.98119487756507,156.47733925184198,36.340602712694405
9.73,-1.6476291186769263,-0.715112398830606,3.7963549021983303,-65.78857601363873,153.90522061299617,36.86738695955908
9.74,-1.6446045159976137,-0.5639072100617996,3.5459879346682492,-64.46659321135704,151.0454701143018,37.505121977321735
9.75,-1.5990925621338021,-0.4390832966284666,3.23709130429884,-63.06622212505766,148.01018507445295,38.21783906940062
9.76,-1.5217623542984808,-0.33640792077125126,2.8882094106675913,-61.62771580703066,144.88793273028034,38.97682810756413
9.77,-1.421279580263649,-0.25229432174351996,2.5141650794394854,-60.18248886343139,141.74788123661256,39.759384900727376
9.78,-1.3046406660766117,-0.1837063580856707,2.126700199601725,-58.75469811187208,138.6432655737011,40.54775830641913
9.79,-1.177454690119714,-0.12807689594004124,1.7350143509821627,-57.36256617533649,135.61429008844541,41.32826672161407
9.8,-1.044180900869594,-0.08323799686073055,1.3462169145237142,-56.01948758056179,132.6905543561646,42.090558059472485
9.81,-0.9083285325238831,-0.0473612304271844,0.9657058785707815,-54.734951053616136,129.893076180572,42.826991145341076
9.82,-0.7726246328135127,-0.018906671276075863,0.5974846029416488,-53.51530668058561,127.23597454331248,43.53211974006326
9.83,-0.6391547778350491,0.003420657937680295,0.24442613249213085,-52.364402306224974,124.7278659062964,44.20226319945894
9.84,-0.5094808298384903,0.020707962211686096,-0.09150677664097084,-51.284109874195345,122.37301923254509,44.83515017306722
9.85,-0.38473927856239853,0.0338663832619142,-0.4090789761859866,-50.56296242038835,121.24855821307074,43.288061306406874
9.86,-0.2657231802641033,0.04365802776502767,-0.7076316918347332,-50.12805326949881,121.08368091358145,40.096101700582444
9.87,-0.1529502584378444,0.05071898952889536,-0.9869577289433872,-49.91909077476308,121.65606110751024,35.69466230392651
9.88,-0.04671934550152364,0.05557894479296757,-1.24719887096496,-49.886383727625365,122.78396062930713,30.435987432987964
9.89,-0.013115609886191749,-0.014424526095367249,-1.492681778591399,-49.98913330516641,124.31955620647496,24.6031584469102
9.9,-0.03564211527623152,-0.1406515033990085,-1.7230297425774008,-50.193986398828045,126.14330039514289,18.421880669336442
9.91,-0.1007913597892896,-0.3079523062814993,-1.9381908284014115,-50.47381166743105,128.15916236154268,12.07040425104815
9.92,-0.19755568199789206,-0.5040861818277579,-2.138362568666648,-50.806665237651615,130.2906166582934,5.687861317498548
9.93,-0.3170133555326362,-0.7192307868268034,-2.323930407796803,-51.17491776426343,132.47726735958236,-0.6187396834612802
9.94,-0.45197910002747727,-0.9455688471100289,-2.4954176376340027,-51.564518671133975,134.67201139088823,-6.768657001642066
9.95,-0.5967093715934106,-1.1769403644032792,-2.6534449130150777,-51.964376917470275,136.83865900249916,-12.702520917098575
9.96,-0.7466541987049313,-1.4085504422621227,-2.7986977345878525,-52.365840654236024,138.94994142384974,-18.378252322415296
9.97,-0.8982485319824249,-1.6367242605874541,-2.931900539626573,-52.762260723724864,140.98584608357362,-23.76766772144817
9.98,-1.0487371069607805,-1.8587019767961068,-3.0537962569276784,-53.14862517186906,142.93222863424387,-28.85366281256009
9.99,-1.1960277017573218,-2.0724674005059174,-3.165130364596842,-53.521253840419,144.77965859281574,-33.6278830571214
10.0,-1.3385684274334655,-2.276605203025836,-3.26663864445922,-53.877543729771006,146.52246187995956,-38.08880349347113
10.01,-1.4752453357256154,-2.47018220490787,-3.359037958034178,-54.32841339927847,146.34667907042967,-44.47687064796591
10.02,-1.6052971821410797,-2.652648953147117,-3.443019480020721,-54.84465087438139,144.7047253870329,-52.2405959592515
10.03,-1.7282446554569653,-2.8237583704998666,-3.5192439190413443,-55.40286936509485,141.96589015463485,-60.93625133884123
10.04,-1.843831788847925,-2.983498746746505,-3.588338334556488,-55.984507406967744,138.43004928678891,-70.20954606167022
10.05,-1.9290278630246296,-3.163166898142424,-3.5647264130828247,-56.5749879482928,134.3392484928633,-79.78020067662257
10.06,-1.9896245938314094,-3.3552849375214486,-3.4705051386251324,-57.16301226980272,129.88747526793802,-89.42897998062324
10.07,-2.0304406284517342,-3.553933078022242,-3.323695785702444,-57.73996816799309,125.22889148216805,-98.98681132305151
10.08,-2.0554743170133625,-3.7544769499990647,-3.1389175813444097,-58.2994348686702,120.48475873240406,-108.32566951767548
10.09,-2.0680334954900252,-3.953338743387584,-2.9279566345492833,-58.836769735303136,115.74925463129719,-117.35095673672078
10.1,-2.070845640019188,-4.147805479835238,-2.7002457903694324,-59.34876405920487,111.09434909089822,-125.99514606479107
10.11,-2.0661512719240287,-4.335868708055548,-2.4632687879447115,-59.833357118767054,106.57388472260998,-134.21249186183252
10.12,-2.0557830796023597,-4.516090762348354,-2.222900148776648,-60.28939931876362,102.22698413247352,-141.97463955235125
10.13,-2.041232868612295,-4.687493448254592,-1.9836905477139646,-60.716456607530304,98.08088863170539,-149.26699263489917
10.14,-2.0237081466259594,-4.8494656382725765,-1.749105985217317,-61.11464955349964,94.1533172696844,-156.0857162038046
10.15,-2.0041798884391406,-5.001686789407087,-1.5217278516618005,-61.48452147223398,90.45442175392324,-162.43527462056338
10.16,-1.983422801882996,-5.144063845909961,-1.3034199236011426,-61.826930855761304,86.98840142538856,-168.32641661744802
10.17,-1.9620492230840259,-5.2766793759526305,-1.0954674329984335,-60.12116726102814,84.8327234015825,-174.25031560541518
10.18,-1.9405376045803764,-5.39974911964229,-0.8986925818651338,-56.873923785982,83.71395867395626,-180.10673324299296
10.19,-1.9192564184669516,-5.5135874059102745,-0.7135502179995585,-52.497222956868825,83.40656138758685,-185.81997894609165
10.2,-1.8984841756853146,-5.618579134366852,-0.5402068266337343,-47.324167291502974,83.72517038102923,-191.3343391727439
10.21,-1.8769155495605407,-5.620050361866937,-0.39472529532812306,-41.62223144940251,84.51808716692997,-196.61026582795043
10.22,-1.8550742022218771,-5.542240717892519,-0.27284864955776256,-35.604464469522426,85.66175653165195,-201.6212054260312
10.23,-1.8333653237559961,-5.404947432382535,-0.17094881686549024,-29.43891688384045,87.05610100571015,-206.35096837728005
10.24,-1.8120970679968684,-5.224257191407976,-0.08593591657194596,-23.25656145286768,88.62058197794673,-210.79155291218495
10.25,-1.7914984804938354,-5.01316444142108,-0.015180400463264479,-17.157936818953097,90.29087869140996,-214.94135108871865
10.26,-1.7717344606791094,-4.782093094690158,0.04355375093968329,-11.218709586441102,92.01609219560196,-218.803675363116
10.27,-1.752918219560349,-4.539336124619762,0.09216632387413262,-5.494321414885963,93.75639490669268,-222.3855536144028
10.28,-1.7351216252731674,-4.2914254268374314,0.13226999184153707,-0.02386296455646786,95.48105806195443,-225.6967485315692
10.29,-1.7183837698771507,-4.043442510928499,0.16523240963155705,5.166704629673248,97.16679932048368,-228.74896410046895
10.3,-1.702718040435245,-3.7992790360774653,0.19221226997654803,10.061878168541728,98.79640129466256,-231.55520773758798
10.31,-1.6881179344494854,-3.5618548750809325,0.21419017445979818,14.654403547229446,100.35755909841417,-234.12928155760744
10.32,-1.674561823078365,-3.3333002537698224,0.2319950517288522,18.943455719236766,101.84192124349879,-236.4853804579722
10.33,-1.6620168343242514,-3.1151075397383505,0.2463267538297084,26.426035433441797,103.31757486639953,-237.1234815620332
10.34,-1.6504420017730668,-2.908257422124593,0.2577753733470872,36.236744364107494,104.76350393914541,-236.4362702735481
10.35,-1.639790801823362,-2.713323512980863,0.26683774808153216,47.67663489908424,106.16408251141733,-234.7451043609025
10.36,-1.630013183083379,-2.5305587932773688,0.2739315545488176,60.18511931025262,107.50805556657212,-232.31171015651913
10.37,-1.7893581596249017,-2.153127995484422,0.26058586646050774,73.31630083895571,108.78769044369733,-229.34806920071748
10.38,-2.075697857920366,-1.6325533378697532,0.2317997167294501,86.71906013688533,109.99807210831354,-226.02476496579564
10.39,-2.4547938322728253,-1.0105181416043072,0.19164174714271143,100.12032805034887,111.13651956859293,-222.47802016146807
10.4,-2.898982955882164,-0.3205215203760079,0.14340469625375976,113.31105931143269,112.20210416211007,-218.81562155875682
10.41,-3.386068566834905,0.4107268696327839,0.08973580266294115,126.13449327208384,113.19525336398866,-215.12190049482544
10.42,-3.8983860882388024,1.162132889020253,0.0327467309658622,138.47634908145608,114.11742626286464,-211.4619125631463
10.43,-4.42201682980993,1.9172313743478426,-0.025893897848555465,150.25665512173396,114.97084897820929,-207.88493887228032
10.44,-4.9461275252345445,2.6633584900775933,-0.0848827402557103,161.42295733816962,115.75830010436053,-204.42741317345667
10.45,-5.462416455712225,3.3909586647757215,-0.14321648303219275,171.94468940484427,116.48293780868944,-201.11536368258456
10.46,-5.964649832863696,4.093005397516855,-0.20013720042305913,181.80852038706635,117.14816152280548,-197.96644518672022
10.47,-6.448274530481795,4.764518296060585,-0.2550866840438309,191.01452349240722,117.75750228013175,-194.9916257104066
10.48,-6.910095321931874,5.402161338757181,-0.3076683561277994,199.57303333098997,118.3145366993326,-192.19658235025383
10.49,-7.348006547855656,6.003909600528681,-0.35761558387759096,207.40747020223316,117.1756327749812,-182.07316486591418
10.5,-7.7607696497683065,6.5687736040642255,-0.40476538975043774,214.56512563174385,114.75607143016556,-166.49713934093674
10.51,-8.14782929576755,7.096572097332623,-0.44903670378198546,221.092781903842,111.39381239381976,-146.98983618367376
10.52,-8.509161926364353,7.5877454578454175,-0.49041243321579564,227.0361004417946,107.36233573483906,-124.77745020102437
10.53,-8.630478269690586,7.843199289209192,-0.5546360942945597,232.4391710498865,102.88148115632512,-100.84105371116742
10.54,-8.56613657521082,7.914188889953188,-0.635349208334636,237.3441913584274,98.1265849609578,-75.9587178718837
10.55,-8.36065578451208,7.842838851617291,-0.7274259173913407,241.79125096405357,93.23617090573973,-50.74093371568394
10.56,-8.050326010625355,7.6636248714598505,-0.8267641803036405,245.81819910017276,88.31841370868621,-25.660349819285923
10.57,-7.66457013670231,7.404627779285249,-0.9301099100286258,249.46057832782384,83.45656187486888,-1.076693995179852
10.58,-7.227093590469005,7.088593571537738,-1.0349090795051203,252.75160980949693,78.71347901968268,22.742381651326045
10.59,-6.756853975533053,6.733828356675773,-1.1391835517682938,255.7222183062545,74.13543933337318,45.603902542380155
10.6,-6.268877630105011,6.354952920974022,-1.2414270140984065,258.4010871974243,69.75529269333353,67.37508430986875
10.61,-5.774946230791275,5.96353802612465,-1.3405179303496115,260.81473562664144,65.59509770809483,87.97130047076053
10.62,-5.284173171460583,5.568638465597401,-1.4356468829427276,262.98761138296953,61.66830625520747,107.34611771158765
10.63,-4.80348654523145,5.177241263543767,-1.526256067225852,264.94219437792435,57.98157049822797,125.48306988485237
10.64,-4.338033072880528,4.7946411359785825,-1.6119890353922153,266.6991066181565,54.53623262963073,142.38889173805734
10.65,-3.891515194473095,4.4247543955618225,-1.6926490729665837,265.9218346986756,52.03939217352299,159.17242900476026
10.66,-3.4664717220287624,4.070380822499587,-1.7681648349693568,263.2164729056562,50.30775818097921,175.6000993651303
10.67,-3.0645108959068708,3.7334216052722566,-1.8385620772063338,259.07718858122485,49.18904216823507,191.49862677595843
10.68,-2.6865033587837526,3.4150602420002034,-1.9039404958376702,253.90473363625046,48.55707142147416,206.7436146252494
10.69,-2.242315910692869,3.1531614913387846,-1.9497693242298235,248.02207704343803,48.30763956189981,221.25003331259325
10.7,-1.7543998971437105,2.938584096436467,-1.9799144221514748,241.6875888232623,48.354986410633515,234.96432219333164
10.71,-1.2406278883772655,2.76358988633256,-1.9975806467766222,235.10614339182678,48.62881466340411,247.85785092712615
10.72,-0.7150875709095612,2.62163583662281,-2.005416699274366,228.43845643038668,49.0717641746909,259.92152378695124
10.73,-0.18874870955288825,2.5071961917415515,-2.005604087916789,221.8089234063093,49.63727606341531,271.1613433548337
10.74,0.3299774922600784,2.415610382508376,-1.9999325403474444,215.31218844402648,50.287788649104066,281.5947780653244
10.75,0.8347701547065671,2.3429530694625327,-1.9898638626717362,209.01863848159076,50.993215634254774,291.24780195202317
10.76,1.3210075657248699,2.285923156826457,-1.9765859553470262,202.97898875282607,51.72966415985055,300.15249530352656
10.77,1.785441152821307,2.2417490650140484,-1.9610584488742477,197.2281009174777,52.47835654413716,308.34511225540376
10.78,2.2259244124291837,2.2081079312043284,-1.9440512103423668,191.78815402920353,53.22472481422944,315.864536073944
10.79,2.6411881516222584,2.183056736081194,-1.9261767900547957,186.6712704736623,53.957651680171516,322.75105540260853
10.8,3.0306546995728585,2.1649736376887754,-1.907917721552518,181.88168358780007,54.668835488780736,329.0454053667015
10.81,3.394284858166711,2.152508036768193,-1.8896494547062035,173.74197352537743,56.41265061585997,328.8145107241055
10.82,3.7324523099312743,2.1445381073638687,-1.8716595870472095,163.16450837562607,58.9198269847822,323.5913334083038
10.83,4.045841010345842,2.1401347066111227,-1.8541639604481794,150.88590988010353,61.972277173726056,314.62755181638835
10.84,4.335361780814091,2.1385307324940026,-1.8373201063262945,137.49673426821747,65.39450809692173,302.939929162947
10.85,4.603018249128625,2.079680568990364,-1.6236700601028777,123.4664789205513,69.046380036604,289.34948480073496
10.86,4.849752728789305,1.977920825542416,-1.262678555023967,109.16461963998577,72.81701038047632,274.5145432609049
10.87,5.07661358464218,1.8448984309409808,-0.7945192377756763,94.87828014955302,76.61964902843361,258.9585795310208
10.88,5.284713996394503,1.690019043965804,-0.25162455366720893,80.82704705297868,80.38737780533164,243.0936451201561
10.89,5.475199374198712,1.5208253876259685,0.3400066662543865,67.17536780633615,84.06950795006088,227.24004463183542
10.9,5.649221907608204,1.3433160196841263,0.9597075585966333,54.04290446427647,87.62856835852452,211.64283418559245
10.91,5.807920973693468,1.162213518921089,1.5912164674430933,41.5131605388827,91.03779318127754,196.4856287785378
10.92,5.952408337201038,0.9811897524162464,2.221898562224866,29.640650915708058,94.27903099586536,181.9021335640969
10.93,6.083757250867755,0.8030547631794724,2.8420932197573974,18.456844268032032,97.34100941647375,167.98575232860162
10.94,6.202994712099027,0.6299148532453881,3.4445678916220324,7.9750728148420755,100.21789895074465,154.79757369004113
10.95,6.311096257227672,0.46330461199514555,4.024062032711799,-1.8054252636133938,102.90812840744043,142.37299045598635
10.96,6.408982779947609,0.3042969333505045,4.57690710897253,-10.896190632061902,105.41341140698187,130.72716906653838
10.97,6.497518949218379,0.1535944616795996,5.100710790656956,-18.031679888654324,107.0199029315217,119.84970942357761
10.98,6.577512876484775,0.011605390217819228,5.59409522209258,-23.558668852472675,107.91315580294247,109.73048704969239
10.99,6.649716744603035,-0.12149390496725979,6.056480783315283,-27.767790577076216,108.24637825445303,100.34990293453507
11.0,6.714828163246655,-0.24570728870322245,6.487908060137115,-30.902152669708983,108.14562081491498,91.68141036301563
11.01,6.665482106219947,-0.280468781115081,6.7346229742641865,-33.16467751141674,107.7141718562856,83.69355807602393
11.02,6.5292755765241886,-0.24620052091298705,6.836062565169849,-34.724350007233355,107.03627859333054,76.35163119885804
11.03,6.328694724467683,-0.15961679793149347,6.824690743126217,-35.72153129297993,106.18029349210977,69.61895857104575
11.04,6.081961357667113,-0.03433191943110786,6.727125367762714,-36.27247428842684,105.20133159442341,63.457944237704375
11.05,5.803747680621878,0.11862595503686094,6.56509251212874,-36.47315760855921,104.14351186659442,57.83087163502575
11.06,5.505778979749403,0.29038100025394864,6.356233505281967,-36.40253768790183,103.04184504580982,52.700521179302655
11.07,5.19734109971033,0.47384395674431345,6.114786648394876,-36.12530465977505,101.92382133855583,48.030635343213056
11.08,4.885707096247441,0.6634041741081191,5.852162325959527,-35.694215237306494,100.81074351052455,43.78625969771925
11.09,4.5764953420923,0.8546707284318436,5.5774275115018455,-35.1520652851461,99.71884421233617,39.9339836613612
11.1,4.273969556222077,1.0442551570791974,5.297713333065467,-34.53335570794289,98.66022065259293,36.442100701315795
11.11,3.981289680224219,1.2295894515579653,5.018557363120966,-33.865697504960075,97.64361482321775,33.28070436157297
11.12,3.700721202034855,1.4087738887126788,4.744190583583443,-33.17099516978635,96.6750632847396,30.421733658307794
11.13,3.433809395264329,1.5804500845231206,4.477777508881535,-32.29909814489106,94.8604681492682,28.273197765834333
11.14,3.1815239745296395,1.7436953424948165,4.221616693736613,-31.305159826691682,92.42647393384061,26.702159398693176
11.15,2.944378840302617,1.8979349565279144,3.9773077775516477,-30.233313929528222,89.5562834574376,25.59781504887115
11.16,2.7225308806553246,2.0428696304512566,3.745890298323289,-29.118567634363572,86.39697694491907,24.86803868652505
11.17,2.498585835290127,2.1242294178230146,3.4912436298777756,-27.98839363284121,83.06568013150772,24.436443695251864
11.18,2.2765343500059894,2.155643436001032,3.222790967632339,-26.864066762412502,79.65475475668484,24.23988748794502
11.19,2.0594021761164782,2.1483268806060605,2.9479626642314214,-25.761784209077828,76.23615947351287,24.226354040351573
11.2,1.8494290402305011,2.1114715509973156,2.6725472028114776,-24.693602500914125,72.8651074680607,24.353158853282352
11.21,1.6482178730641983,2.0525764619062876,2.400985565117904,-23.668219591524508,69.58312847219793,24.58542882172494
11.22,1.4568590126858696,1.9777274177286834,2.1366176618037946,-22.691626120405513,66.4206269211124,24.894816331599344
11.23,1.276033306885495,1.8918331430031945,1.8818882098632452,-21.767646335948694,63.399014375420165,25.258412779290694
11.24,1.1060974492119973,1.798824461682067,1.638518344942149,-20.898386089474748,60.53248267050861,25.657831750502968
11.25,0.9471543792867881,1.7018220734567966,1.4076483179722135,-20.084602680620087,57.829474292209,26.078436419860758
11.26,0.7991111479489439,1.6032776656990615,1.1899558236050407,-19.32600909133105,55.2938979667576,26.50868944140249
11.27,0.6617262810192046,1.5050924056079977,0.9857538228613453,-18.62152323247958,52.92613018685328,26.939606779123462
11.28,0.5346483628851979,1.408716262638152,0.795071137559745,-17.969471196288932,50.72383719619445,27.364299650517278
11.29,0.41744729489376775,1.3152311021981429,0.6177185951013363,-17.837517774888454,47.78631851278075,27.40790357313884
11.3,0.3096394569801139,1.2254200558894148,0.45334307673315877,-18.10582662764608,44.33179138777993,27.159054958065674
11.31,0.21070780831215843,1.1398253008110226,0.3014714599085672,-18.676393958231667,40.53540666101711,26.69018562843051
11.32,0.12011779904587754,1.0587960617539565,0.16154613671616797,-19.469462821363887,36.53660571926094,26.06018902248436
11.33,0.0515216700912894,0.9483372683859846,0.04359455901079716,-20.420492719365683,32.445311127615426,25.31667304258052
11.34,0.0008364202652564601,0.8170723911451002,-0.05569037640442107,-21.47760169253322,28.347127563267836,24.49786122917632
11.35,-0.035343855699444635,0.6719288696459059,-0.13913233670037845,-22.59941012991878,24.307703747388153,23.63419497783285
11.36,-0.05985344423961509,0.518427378659868,-0.20914073854102738,-23.75322583776212,20.37638386105233,22.749681832619366
11.37,-0.07504470039943911,0.36092527808212227,-0.2677701909105707,-24.913518741614645,16.58925791899752,21.863028302180616
11.38,-0.08286424495306313,0.20282118110725253,-0.3167715498980246,-26.060641172039006,12.971704308377474,20.988590000716876
11.39,-0.08491764242453992,0.04672655715606708,-0.3576357536556374,-27.179756170769547,9.540503789178102,20.1371670823975
11.4,-0.08252424920075589,-0.10539058551212285,-0.3916314447566903,-28.259941807754345,6.305592363710174,19.316668799896767
11.41,-0.07676367862003444,-0.25208563871882883,-0.41983724818161067,-29.29344425157467,3.27151026665332,18.532667477358753
11.42,-0.06851512179073153,-0.3923372944752314,-0.44316945317597767,-30.27505639994375,0.4385956569277085,17.78885916045686
11.43,-0.05849058419031633,-0.5254642919375516,-0.46240574366891524,-31.201602351039707,-2.1960358045329587,17.087445618446704
11.44,-0.04726294471202475,-0.6510563635581162,-0.4782055325827438,-32.07151096436256,-4.637690614017954,16.42945016255695
11.45,-0.035289612225332376,-0.7689171314620155,-0.4911273782732884,-33.440089246994695,-4.696102974185873,13.523571639101407
11.46,-0.022932441849187704,-0.8790170454593443,-0.5016438948445915,-35.16907745952564,-2.9289326409677807,8.942061993969796
11.47,-0.01047447637605838,-0.9814547445282471,-0.5101545107375487,-37.14698908381455,0.2083374054174416,3.149233359510128
11.48,0.0018660046326821663,-1.076425471244622,-0.5169963805503198,-39.28457782610115,4.34557020022148,-3.4804984287404013
11.49,-0.04657876779238649,-1.1639850358986492,-0.5021494468046239,-41.511019537756496,9.183755211864861,-10.647394634920644
11.5,-0.14080530030857363,-1.2445023114009723,-0.4709290061742533,-43.77070115234017,14.483010123718937,-18.11357459535676
11.51,-0.268611203323958,-1.3183697518417985,-0.4276604187201531,-46.02052454237548,20.052470819924103,-25.692234618263207
11.52,-0.42012934464317475,-1.3859917335567777,-0.3758435405331052,-48.227646738771654,25.74178499639487,-33.238595626140594
11.53,-0.5874346974556505,-1.4477754424704838,-0.3182915159753169,-50.36758954946916,31.43396645968663,-40.642315809888274
11.54,-0.7642129879299576,-1.504123853318939,-0.2572477703611459,-52.42266153657398,37.03940285408678,-47.82114348479059
11.55,-0.9454818355129434,-1.555430420166679,-0.19448448433840332,-54.380643799567146,42.49084011145429,-54.71561865018782
11.56,-1.1273564401387772,-1.6020751600943757,-0.1313853515344535,-56.233698269678044,47.739193072384815,-61.28466025103589
11.57,-1.3068530368032627,-1.6444218647250437,-0.06901500998870357,-57.97746342226799,52.75005410384124,-67.50190050401275
11.58,-1.4817243367994584,-1.6828162188215703,-0.008177185836665282,-59.610307610621724,57.50079067317754,-73.35264847107297
11.59,-1.6503220299715542,-1.7175846427576364,0.050536713683436915,-61.13271474528909,61.978139192307246,-78.83138284474293
11.6,-1.8114821539631345,-1.749033707290599,0.10670707872721147,-62.54678089924865,66.17621641488613,-83.93968908638489
11.61,-1.9644297621135143,-1.777449995647233,0.16005238823373868,-64.18556939369819,69.72574092256548,-90.72495952004225
11.62,-2.108699856445625,-1.8031003102382925,0.2104012441335214,-65.97080485985957,72.7232559374674,-98.6881358126855
11.63,-2.2440720090366844,-1.8262321399995993,0.2576692393672063,-67.84026948457907,75.25130251235376,-107.42872164904229
11.64,-2.370516485098016,-1.8470743199731061,0.3018398882278837,-69.74501167405839,77.3804115851206,-116.62794001361166
11.65,-2.4734049357528165,-1.8143139215157422,0.42910305863327913,-71.64700165234633,79.1708168035652,-126.0345611206474
11.66,-2.55665067241426,-1.7410259301731397,0.6179954538087651,-73.51716587553013,80.67392680200614,-135.45299649758653
11.67,-2.6235567415392054,-1.6378541253925043,0.8511212805242345,-75.33374218897505,81.93359030390614,-144.73331412215575
11.68,-2.6769073453764416,-1.5134145853980725,1.1144707372200746,-77.08090625412859,82.9871828396748,-153.76288037968288
11.69,-2.7190459429178184,-1.3746363034429907,1.3968453253587636,-78.747627128166,83.86653990862776,-162.45937814904454
11.7,-2.751941932552344,-1.2270483328298345,1.6893739268187167,-80.32671617034832,84.59875799409755,-170.76498757950824
11.71,-2.7772475506701477,-1.0750215063786706,1.9851059353299507,-81.81403882498246,85.20688188775259,-178.6415479781522
11.72,-2.79634639031237,-0.9219716000898315,2.278669739731834,-83.20786342267137,85.71049422996109,-186.06654645558035
11.73,-2.8103947458148157,-0.7705298030860355,2.5659865784187157,-84.5083250611727,86.12622097274632,-193.02980223586783
11.74,-2.8203568188430195,-0.6226854928317848,2.8440312583755674,-85.71698597094445,86.46816457311712,-199.53073539209
11.75,-2.8270346744608155,-0.47990557571787745,3.1106324936804137,-86.83647662106743,86.74827508632106,-205.5761257086962
11.76,-2.8310937096297404,-0.34323402080695037,3.36430669737193,-87.87020424973868,86.97666791539405,-211.17828181502443
11.77,-2.8330842879679836,-0.2133746737531632,3.604119983051811,-84.83157069591293,84.31595817647502,-216.29120963369724
11.78,-2.8334601012587015,-0.09075997563771424,3.8295739207902852,-78.72251426101646,79.48485287360772,-220.9496825474671
11.79,-2.8325937379772403,0.024392183476265678,4.040511264983956,-70.35811931459546,73.06752448744983,-225.18742478539295
11.8,-2.830789870183977,0.1320315836810899,4.237038446241861,-60.39767449132633,65.5360148091813,-229.03683037715817
11.81,-2.8282964109331354,0.2322371622178914,4.419462109294916,-49.37088593145893,57.269139917863484,-232.52876876183532
11.82,-2.6941968653983794,0.44017597762547545,4.536911912112178,-37.699971519506406,48.56842095548167,-235.69245977882508
11.83,-2.461431715451482,0.727349008521509,4.602780950017391,-25.718256289737965,39.671488859978695,-238.5554037327887
11.84,-2.15676266759446,1.070698657043136,4.628129261069549,-13.685798484294349,30.76334564842206,-241.14335471734228
11.85,-1.8018026517727634,1.4516936901762079,4.622057823264645,-1.802498047559478,21.98580866381742,-243.48032747555766
11.86,-1.4138848638503276,1.8555579235097126,4.592025506456755,9.780927209433772,13.445416087107343,-245.58862982988572
11.87,-1.0067949970995513,2.270621009600838,4.544117396612328,20.95376951229683,5.220030831702638,-247.48891418195117
11.88,-0.5913872866638078,2.687772856614343,4.48327169694062,31.637683579921717,-2.635655298711943,-249.2002428080333
11.89,-0.17610197263231975,3.100005913599458,4.413471369114772,41.78032581013575,-10.085545440768232,-250.74016269662692
11.9,0.23260079862041833,3.502031880453696,4.3379057842306885,51.350078004984994,-17.108343495768075,-252.12478652232164
11.91,0.4685662047573519,3.8295628256943823,4.247465230425208,60.33168388846356,-23.694417952005956,-253.36887705258283
11.92,0.568592606256608,4.094940848992808,4.147049162192493,68.72265266036959,-29.843218489562993,-254.4859328639925
11.93,0.5659687166817164,4.280259244190153,3.997313466792563,79.12413438166686,-33.310218627855676,-250.1852265967281
11.94,0.4847941962777883,4.401386386697649,3.8121570520833576,90.90239192794655,-34.66979345830077,-241.80374477340496
11.95,0.3447477010266904,4.471474489762799,3.60277471813282,103.55070819106777,-34.39462743069934,-230.4288798184637
11.96,0.18243417027152647,4.480763951644511,3.378769716856114,116.66753321765952,-32.87216240283732,-216.93993816829834
11.97,0.005608589376611545,4.443359306028252,3.14706931405276,129.9381098752429,-30.418522593961125,-202.0431712616358
11.98,-0.17094094270506727,4.347464056946611,2.909969266374367,143.11904986502952,-27.290290215384648,-186.30130012588424
11.99,-0.33283297597533595,4.19037359972869,2.6618568350834977,156.0254095936938,-23.694451531546648,-170.1583628012325
12.0,-0.48097329869827077,3.988885099675458,2.4091898043282467,168.51988193917592,-19.796786749677764,-153.96059257140178
12.01,-0.6162702754908573,3.756552605889773,2.1569835807136286,180.50377687651104,-15.728937373720681,-137.97393105838447
12.02,-0.7212917534181368,3.4935272339930807,1.8851319785600362,191.9095126273378,-11.594350564414157,-122.39869124281833
12.03,-0.8014925919340516,3.2111123987285337,1.6024870647461915,202.69438062988735,-7.473270826594877,-107.38180928648146
12.04,-0.8295660215488294,2.913768877998981,1.3115081922208074,212.83538320012238,-3.426924311286446,-93.02705884668477
12.05,-0.8172907563859432,2.6096415749716835,1.01869517744011,222.32497313358164,0.4989804162354221,-79.40354582486098
12.06,-0.7314905259270781,2.3089871464824765,0.723368866476137,231.16755042429918,4.271329638615675,-66.5527538421387
12.07,-0.5766796068893989,2.026781847381639,0.4270233648556554,239.37659339025012,7.867169970772185,-54.49437002970853
12.08,-0.3714513000185289,1.7631111207672217,0.13452794385160463,246.97232034245866,11.271685678661198,-43.23108596972748
12.09,-0.14645676350772951,1.5194720938160706,-0.08338665885230308,252.8111221442674,15.123476038159643,-29.1338670805275
12.1,0.09015575293815956,1.2949766967157197,-0.24079540687791517,257.213546849648,19.2575268284294,-13.087185882850527
12.11,0.3130893240773846,1.0999289442995803,-0.416317613852557,260.4474574545543,23.54308871741047,4.201323001040446
12.12,0.5220666156671446,0.9304746659762927,-0.602965403351071,262.7361945980833,27.877689386827065,22.170473255878218
12.13,0.7118080949207556,0.800848848729146,-0.7781340327585102,264.26552179237757,32.18210723705497,40.37997158761529
12.14,0.8838574447411647,0.7037421003879063,-0.9417769203867292,265.1895300068783,36.396159837431725,58.488963004295
12.15,1.0396729868733345,0.6330500571205837,-1.0940384918460417,265.6356532491229,40.47518197151031,76.2380508232483
12.16,1.1635577615233812,0.5772844762265307,-1.2427910466844836,265.7089251338239,44.38708668398438,93.43425795302116
12.17,1.2706299052160204,0.5129549615384817,-1.3653957520032205,265.4955878247071,48.10991860941008,109.93847506873755
12.18,1.363156876086697,0.4430738337064056,-1.4660653115128282,265.0661487470285,51.6298224334171,125.65500893750888
12.19,1.4547982150957042,0.34888425405830964,-1.5443868912699836,264.4779667383835,54.93936093252533,140.52290197863837
12.2,1.544329596288605,0.23755522817057514,-1.6043745243454623,263.77743751710244,58.036126940709366,154.5087435573369
12.21,1.65370094132241,0.11647848603511318,-1.6598501414759776,263.0018382302294,60.92160204165168,167.6007357104446
12.22,1.7765533314057544,-0.01016952725664852,-1.7110044398809663,262.18088216324486,63.60022199328483,179.803812019692
12.23,1.9264800936351,-0.16598776356976844,-1.7273353802241458,261.33802725003414,66.07861503448389,191.1356390686518
12.24,2.0947930663788945,-0.3417047919412233,-1.7167495161083903,260.4915756407004,68.3649844561131,201.62335610506398
12.25,2.2745530913486918,-0.5299112544140366,-1.6857208777055717,255.2280958985433,72.49368947492121,206.26147764692544
12.26,2.4216961090388693,-0.7771612295195651,-1.651943515839264,246.66507086316454,77.96842166940053,206.34853198917992
12.27,2.4679133396291792,-1.048075097498492,-1.5551466682253836,235.70962872884073,84.38816322971437,202.94981528263756
12.28,2.43613712024318,-1.3328736042714442,-1.4116129775799848,223.09367103648592,91.43111912386536,196.93541006539988
12.29,2.317614231646974,-1.5981281859527443,-1.191400324154914,209.4035054589567,98.84117730651433,189.01234341368036
12.3,2.1345278445710196,-1.844274847146978,-0.9159211625614238,195.10480830648967,106.41651601969065,179.75175576761887
12.31,1.89942703501957,-2.0492416370121416,-0.5735483019263855,180.5636213099682,114.0000329716586,169.61182529223402
12.32,1.6281761334095608,-2.219477481799343,-0.18530952891008456,166.0639840734132,121.47131893532689,158.95708437682632
12.33,1.3330815816548731,-2.3229060116864293,0.24434285244474088,151.8227152036537,128.73993920539596,148.07467204507938
12.34,1.0243425876293328,-2.3735691203236295,0.69898920922508,138.00177944081202,135.73982136208326,137.18798647788128
12.35,0.7561947705218203,-2.3427317328689288,1.1574525728658853,124.71861333424864,142.42457774201443,126.46813367677834
12.36,0.5233143828844775,-2.2499773622728467,1.6116748423273473,112.05472659118843,148.76361663068025,116.04350991223424
12.37,0.348588220742067,-2.102182713499708,2.016838519847415,100.06284884117062,154.73891808246066,106.00780562512651
12.38,0.22111648377768917,-1.914557143134341,2.3781110304511004,88.77285106629495,160.34236897394157,96.42667569241705
12.39,0.12419847448031099,-1.6910826260868828,2.676944202156249,78.19663636261991,165.5735678600138,87.34328440499235
12.4,0.05218750682325097,-1.443653048564815,2.9233029867093117,68.33216517757778,170.43802382185015,78.7829022567298
12.41,0.0003711642917010871,-1.1817489650156565,3.125636712590417,58.03581748625523,172.4317006860397,71.04545495170488
12.42,-0.03258878802607462,-0.9038328703449624,3.273537694708913,47.56969477748868,172.19628610259045,64.0589647501748
12.43,-0.05059681733146423,-0.6180000186385722,3.37745265453856,37.13712123831602,170.25790173240915,57.75658999040684
12.44,-0.03346938949759903,-0.33607344438463965,3.422528426055969,26.89324274366327,167.0459683750452,52.07646572135939
12.45,-0.009590290226395987,-0.0860252165279625,3.3953886507168605,16.953894493950017,162.9091605330783,46.961503925973695
12.46,0.019084946562906276,0.13570914880805537,3.3133829063054043,7.40300452942034,158.12888328636808,42.359165927538186
12.47,0.014788284939670417,0.3314497543183182,3.1900419628293615,-1.7012394048198871,152.93064160863105,38.22121705486821
12.48,-0.014685351067801885,0.5042304405008894,3.036980959811307,-10.32126616064725,147.49361843960378,34.50347155774795
12.49,-0.07603978565058847,0.6574582246015941,2.862440801878558,-18.43587622119246,141.95873167832346,31.16553404342544
12.5,-0.160844293602244,0.7933216339192961,2.674182855931944,-26.036735842216252,136.4354007098694,28.17054228959374
12.51,-0.2428023341651952,0.8857971248981727,2.4575389933176313,-33.12549185140297,131.00721919168006,25.484915129791446
12.52,-0.32130045374987354,0.9436088113523413,2.22254722360796,-39.711406720133375,125.73670180757135,23.078108161664826
12.53,-0.3959230382170511,0.9739777148664338,1.9771795839301187,-45.809428920878005,120.66924786024482,20.922379261666865
12.54,-0.4474802663525925,0.9822720985746228,1.7076900850528633,-51.438626700809394,115.83644332463162,18.992565271642384
12.55,-0.48057249935710716,0.9735360783109765,1.4239430611460135,-56.62092456824422,111.25880481573039,17.26587072816048
12.56,-0.5172937011987339,0.9664200459480133,1.1356608231369252,-61.38009128599519,106.9480533977321,15.721669113179637
12.57,-0.5609102666524991,0.949049645452182,0.8503275655497026,-65.7409362373046,102.90899289961258,14.341316796816496
12.58,-0.6091245860365928,0.9240996568623707,0.5717104532477713,-68.52555291506798,99.22964981668339,13.08391710465071
12.59,-0.6485054620332178,0.875473452209822,0.2969995164346086,-70.05986018530763,95.88320511543006,11.940299885576113
12.6,-0.6805079067488647,0.8094799290819359,0.029571603617740194,-70.61292576431443,92.84392393610437,10.901666391509998
12.61,-0.706361201816331,0.7312207015452428,-0.22810168281420187,-70.4060865237991,90.08730359668152,9.959639710248286
12.62,-0.7156676120739797,0.6458350945008177,-0.47821315706968565,-69.6206770189702,87.59016765561275,9.106296786934658
12.63,-0.712159900988836,0.5563275032558544,-0.7186271270923266,-68.40457167903915,85.33071720611302,8.334185848976807
12.64,-0.6967213112363222,0.4781662614705568,-0.9446615084050933,-66.87771648629446,83.28854862436927,7.636332383212564
12.65,-0.6723893704689864,0.4099133378932108,-1.1561547299038508,-65.13680054987596,81.44464535671595,7.00623625499912
12.66,-0.641863972530417,0.3556184067497239,-1.3493047943340895,-63.25919616808873,79.7813499587202,6.43786209035134
12.67,-0.617736543287912,0.3075858437375273,-1.5190064093770206,-61.30627726378149,78.2823214515247,5.925624650381144
12.68,-0.5988845499102455,0.2650984151229154,-1.668103717622749,-59.32621003604967,76.93248210302306,5.4643706002417565
12.69,-0.5940037495131221,0.2266841117285576,-1.781866348660529,-57.35629592362922,75.71795694396675,5.049357802475011
12.7,-0.5998959062479318,0.1919885183214937,-1.8667983263510088,-55.42493519812561,74.62600866681478,4.676233038521175
12.71,-0.6139440433378965,0.16068218089543704,-1.9283297729210478,-53.5532694208162,73.64497000670133,4.341008874892125
12.72,-0.6287985226202462,0.12987552910212122,-1.9697395246243425,-51.756552365988426,72.76417525119726,4.040040235943445
12.73,-0.6440382564048538,0.09993280305564317,-1.9950965763249222,-50.045291630792335,71.9738921532145,3.770001118061745
12.74,-0.6378917829523681,0.07204465650356398,-2.0008160912781014,-48.3906499486767,70.91088024767748,3.6470805259638537
12.75,-0.6154675332316781,0.046165299666760175,-1.991411249737909,-46.80521100535885,69.65566990988073,3.638718189420721
12.76,-0.5711985680825299,0.021801334281289126,-1.9730634921565444,-45.29752789242239,68.27292030891321,3.7181951787951855
12.77,-0.5290576796389237,-0.002261128815107292,-1.9398222950683661,-43.872934135761305,66.81412892209569,3.8636823241163354
12.78,-0.4892045513049295,-0.025716778235549742,-1.8956977020622865,-42.5342149449464,65.31991165840577,4.057435258438523
12.79,-0.4761008194350757,-0.057682622663145534,-1.8395677995722837,-41.282160955963946,63.821918602480594,4.285114297865846
12.8,-0.48368184004354586,-0.09566461882391192,-1.7751233617350584,-40.116023355712315,62.34444084712412,4.535210526523236
12.81,-0.5069811708212254,-0.13765926246537508,-1.7053200521138223,-39.03388639058666,60.905755708693,4.798562162112125
12.82,-0.5462477182788047,-0.1925656417773488,-1.635239720495785,-38.03297080180941,59.51925062288335,5.067947599326866
12.83,-0.5971256262029074,-0.25649965653530765,-1.5660422990929785,-37.10987963537356,58.194360031827784,5.33774351845492
12.84,-0.6538199052978781,-0.3230413919510057,-1.498336174908127,-36.2607960917684,56.93734445380356,5.603638151561477
12.85,-0.7119593235846858,-0.383825730129415,-1.4315695614711605,-35.481641564761816,55.75193655103808,5.862391258915538
12.86,-0.7702967481545122,-0.43925230576398755,-1.3665654892854961,-34.768200730573,54.639875273123295,6.111633618312935
12.87,-0.8253684677758713,-0.4864643042066448,-1.3038760826232612,-34.11621945548198,53.60134596232724,6.349699899440428
12.88,-0.8770793864269764,-0.5266493295110755,-1.243938363731499,-33.52148036274851,52.63534158433764,6.575489709999908
12.89,-0.9355252399813072,-0.5674169531111697,-1.1850582763966888,-32.97986011420651,51.73995792643407,6.788352381990761
12.9,-0.9982143116091339,-0.6079936344126298,-1.1279079395872766,-33.33557496900706,52.01130551762613,4.774788609265153
12.91,-1.077131205330296,-0.6589283492463628,-1.0655505264115193,-34.372753967697996,53.17169191529464,1.088079023752341
12.92,-1.1672394488772746,-0.7169975785839652,-1.00018077997365,-35.915473029700465,54.994617611708115,-3.822027987402036
12.93,-1.2645081283292228,-0.7796218388801927,-0.9335261181700679,-37.821141217332034,57.29631674471674,-9.592078230513948
12.94,-1.3813054277794765,-0.8574664156869888,-0.8604808752552932,-39.97491626384164,59.92861274116527,-15.930365475544725
12.95,-1.5112293691120227,-0.9457477258095829,-0.7836841755978048,-42.284995389078034,62.77289233624047,-22.604673436966028
12.96,-1.6357090840523778,-1.0379704519064192,-0.6806934809288245,-44.6786498382578,65.73503000534116,-29.431961197476618
12.97,-1.7540755676152688,-1.1317698445132718,-0.5592572384333737,-47.09889079406328,68.74111936128791,-36.269697745406965
12.98,-1.8347301633491186,-1.2231449756573733,-0.4143284709222727,-49.50167077906961,71.73388908128953,-43.00859451264415
12.99,-1.8682665231555176,-1.3111197795699296,-0.2549886571884255,-51.853538771042125,74.66969892814562,-49.56652181080006
13.0,-1.8652039779579868,-1.3951166016347003,-0.08710507077987958,-54.129679330973545,77.51602684326754,-55.88342674515693
13.01,-1.8341682483855337,-1.4747553310024983,0.08469666054509901,-56.31227637949958,80.2493712807317,-61.91709729263083
13.02,-1.7822004828006002,-1.5498130405028046,0.25681381951976856,-58.38915109822264,82.85350423627877,-67.63964041034318
13.03,-1.673897420355876,-1.5791266143311202,0.4131042878047536,-60.35263099071025,85.31802007355263,-73.03456185343008
13.04,-1.5232803659785736,-1.5453154971945007,0.533508048088496,-62.198613596041234,87.63713349469118,-78.09435230433364
13.05,-1.3384189280025363,-1.4663677747431123,0.6128199419293534,-63.92579386268462,89.80868704377083,-82.81849886355147
13.06,-1.1302275938020931,-1.354095897010907,0.6594316271836138,-64.25588822522903,92.35669394785101,-87.85060338758463
13.07,-0.9151695005267211,-1.2229796641063917,0.660057313906663,-63.51118096803288,95.15311034397723,-93.0398615952415
13.08,-0.6982143275420344,-1.0794844129122099,0.625465194149206,-61.95521477161657,98.09602125126173,-98.26835843242816
13.09,-0.5045337212327893,-0.9191585266399112,0.5626977244263215,-59.80244042167882,101.10510903572546,-103.4452020822675
13.1,-0.3316989645080112,-0.7484517773589339,0.4793392441005768,-57.226371928419,104.11784649514729,-108.50161057851531
13.11,-0.1775248544451653,-0.5724644727944523,0.38151824753710706,-54.3664699268854,107.08630421415545,-113.38680452754075
13.12,-0.042302319327593194,-0.3883459509748578,0.2918448400504332,-51.33394386435365,109.97447810504988,-118.06458118339552
13.13,0.07629756411129159,-0.20087881784774858,0.20981057744266057,-48.21663572484725,112.75605697299953,-122.51046371391877
13.14,0.1786927316799488,-0.013184781268434503,0.17006952361104302,-45.083124247336926,115.41256185669536,-126.70933539019566
13.15,0.2705697391672028,0.1692612589449221,0.1941538023397883,-41.98616820600345,117.93179908238913,-130.65348201124834
13.16,0.35295820210014406,0.34483858256225886,0.26672803445492466,-38.965589858638694,120.30657767577358,-134.34097747094106
13.17,0.4532581471253625,0.5208671493542469,0.4080327741297177,-36.05068471989633,122.5336492132746,-137.77435726865983
13.18,0.5657043839864615,0.6944907528457027,0.5997514220974545,-33.26223102429833,124.61283454334139,-140.95953320334044
13.19,0.7007287937084521,0.8902247968806346,0.8814558178524802,-30.614161303851446,126.54630722505908,-143.9049096814031
13.2,0.8509298606251565,1.0998288025186194,1.2276539205734767,-28.11494915376162,128.33800814973264,-146.6206681930229
13.21,1.0104036640359904,1.316776934920848,1.617820672335279,-25.768756270821576,129.99316974597127,-149.1181917223408
13.22,1.1484757531468475,1.537387974808166,2.0713098936476704,-21.24942480933902,129.38238456581067,-152.4885894913133
13.23,1.268004778354428,1.7573563807405164,2.5661946116267247,-15.136898677745512,127.0462774034094,-156.47461913488107
13.24,1.339019832367194,1.9417690449584015,3.054866792397771,-7.900091097654459,123.42572227276767,-160.86971021925513
13.25,1.3292424700899805,2.0536579590477446,3.477050855919388,0.08441934800360507,118.8783328403581,-165.50931567105317
13.26,1.257761185376333,2.1082726126622773,3.841733328679386,8.516631824398004,113.69238885553892,-170.26363360022583
13.27,1.0919077457459414,2.1088477910130554,4.100277873000644,17.159862848131247,108.09858191629395,-175.0314920522451
13.28,0.8563920850016425,2.068040008953291,4.273520807355973,25.82960446242496,102.27990813599241,-179.73521967875604
13.29,0.5644066246661381,2.0128092694238884,4.320597213231833,34.384178534893195,96.37998745832418,-184.3163513978229
13.3,0.23374874683635904,1.9473989333869415,4.270341801898792,42.71691223826898,90.51004838544812,-188.73204044214248
13.31,-0.1344343431713836,1.8815124271494832,4.065983490067263,50.74960044494311,84.75478177675475,-192.95206729729117
13.32,-0.5255948129715087,1.8162908297622185,3.746833243663948,58.42705556497576,79.1772373142121,-196.9563523692442
13.33,-0.9282354568345497,1.7525973906725592,3.344782144954161,65.712575116798,73.82291050204333,-200.73289318418884
13.34,-1.3699077551541505,1.69077850151528,2.8230729264895715,72.58418275621194,68.72314605988218,-204.27605885212785
13.35,-1.8467605186308114,1.625082844168062,2.2255372916262206,79.03152021832244,63.89796475166689,-207.58518470957918
13.36,-2.3430975013140234,1.557445530821472,1.5792835510023078,85.05328617808951,59.35840461331976,-210.66341874560317
13.37,-2.756277573972826,1.463347048246404,0.9248046472277135,90.65513386325351,55.10845381031463,-213.516778824034
13.38,-3.099334698758896,1.3504595217710171,0.27425458578735673,99.59678104621887,52.078515620352654,-211.24463610558206
13.39,-3.2766416896301234,1.195775579285627,-0.35407620478084395,110.95574898245454,50.02999237147,-205.0837825382426
13.4,-3.324275812490436,1.0115081923939124,-0.9555776974849219,123.98799424640913,48.764873112615,-196.04189806421326
13.41,-3.2159719563602,0.7947844244237885,-1.4970377981882796,138.09771363214924,48.11931502204453,-184.93550374715622
13.42,-2.98997033281736,0.5565975485650406,-1.984068394067596,152.81190977697918,47.95819529610708,-172.4220064927351
13.43,-2.6773876314671017,0.305699650664358,-2.421816547255392,167.7589991257243,48.17049118880954,-159.02671944649495
13.44,-2.2641468033791368,0.045934374917517284,-2.7858538591139324,182.65084906264283,48.665366291209715,-145.16561345099083
13.45,-1.7802964849464895,-0.2165611545592439,-3.0877682250819722,197.2677211696173,49.3688586775597,-131.16444460363627
13.46,-1.2234811085692052,-0.46506508877490094,-3.323727642384347,211.44567474886935,50.22108160339703,-117.27480839857361
13.47,-0.6119771937089531,-0.6618860682716556,-3.502853639344222,225.0660508056581,51.17386036531316,-103.6875899384698
13.48,0.031842884757629863,-0.8160619577571138,-3.6356677051518727,238.04671319592362,52.18874002107218,-90.54421035278922
13.49,0.6316021185092694,-0.8857862644294627,-3.7133566038928576,250.33477196040934,53.23530817905842,-77.9460102113652
13.5,1.188256029998661,-0.8897628857187696,-3.747626407555598,261.9005551557123,54.28978521909386,-65.96205995915986
13.51,1.7032097117639977,-0.8433393006790393,-3.748118000866828,272.73263075593314,55.33384129319764,-54.63564400107827
13.52,2.139186566369271,-0.7414164886848859,-3.7105520176071938,282.8337102974158,56.35360543910215,-43.989627986280205
13.53,2.5078846493269134,-0.5985946249911608,-3.6444351707739244,292.2172916135913,57.33883726269931,-34.03088717828981
13.54,2.8089379214456254,-0.4342789383351657,-3.54786108224886,298.9924976585758,57.920751686036205,-20.552852916261383
13.55,3.0211660060139263,-0.2752530542026824,-3.4128538881867185,303.66480379210185,58.184783811934196,-4.5909538888292865
13.56,3.162071242542564,-0.122761954566833,-3.2505308351049744,306.65407239758116,58.20131180188838,13.023249427311374
13.57,3.2219497635950747,0.01050193350697097,-3.0501272814157487,308.308058073689,58.028086187917545,31.627276287679827
13.58,3.2188566037197304,0.12696273947743072,-2.8236996499753144,308.91387423080766,57.71228712115991,50.69844887940443
13.59,3.166689534382049,0.2159738918692291,-2.5627285938728677,308.7077197224953,57.292264615030476,69.82929284995288
13.6,3.077765363570667,0.28257810398374306,-2.279387901015168,307.88312133765464,56.79900888979027,88.70690328287353
13.61,2.9878167739874115,0.32173190538417185,-1.99375195021763,306.5979112096102,56.25739110187527,107.09566912553349
13.62,2.898489310494178,0.33925720793474745,-1.7108217542911144,304.98012662392597,55.68720888766105,124.82283886248356
13.63,2.8110331382806995,0.33994935820105143,-1.4343839362490773,303.13299260326266,55.104066131658584,141.76648705385966
13.64,2.784547785519119,0.34476015515179903,-1.180407873431751,301.1391243905164,54.52011206641203,157.84550705891542
13.65,2.8124892844122975,0.3772164660179683,-0.9657962491898642,299.06406700278063,53.94466112479495,173.0113114212407
13.66,2.8816647556834454,0.43033174361834836,-0.7846763298610779,296.95927192462705,53.38471180816945,187.2409693639391
13.67,2.940807245317864,0.4635600382871026,-0.6464977614708967,294.8645963503434,52.8453801312504,200.53155179875603
13.68,2.9913441319861245,0.48104316954463167,-0.5433552050241813,292.8103978270584,52.33026089218347,212.89548919730717
13.69,2.974192761904228,0.42205675176454244,-0.4874665570411621,286.8407708666205,53.95321239833248,220.48216803061496
13.7,2.9054855604055225,0.30544499828034066,-0.46862994285039483,277.96666943024434,57.18776570150388,224.29271641813787
13.71,2.79837947550174,0.1465359057958684,-0.4784556141285512,267.00748755817125,61.60566173515848,225.1526251145517
13.72,2.5927943249425667,-0.06234299166561616,-0.41238963410513113,254.62315319426884,66.86052492131343,223.74001422407866
13.73,2.315023407718472,-0.30621628828979003,-0.2892513894918074,241.34119167824562,72.67408384631779,220.60957757005903
13.74,1.9494449022231735,-0.5719483390131452,-0.016776336748921983,227.57951502256776,78.82455733817554,216.21284363854306
13.75,1.5223508761060982,-0.8502639350511336,0.36577728701905166,213.66558266083678,85.13687989697014,210.9152998216239
13.76,1.0993985611710548,-1.0984001892825446,0.8399604632317338,199.85248471731092,91.4744881076571,205.0108475583323
13.77,0.7534822956556144,-1.2740029122209289,1.3276060127815728,186.33241778059093,97.73243051728215,198.73398808240074
13.78,0.4719516971257365,-1.3913283577171773,1.817939230205956,173.24795375434297,103.8315984478188,192.27008026360312
13.79,0.28885238423370907,-1.4193273494609115,2.2482790649495312,160.70144295683528,109.71390516888876,185.76396211696738
13.8,0.18397545117209885,-1.3784982908043815,2.6259624061602445,148.7628418312929,115.33826648394404,179.32718478412178
13.81,0.14062622974723948,-1.2856107101016572,2.9574293173034434,137.47621219093554,120.67725770197163,173.04407115765997
13.82,0.17471602537903091,-1.1325271450307954,3.2170911349395883,126.86510180705359,125.7143407016807,166.9767799568117
13.83,0.25040505601307383,-0.9361227882573107,3.396557524458831,116.93698445365875,130.4415707998692,161.16952922558707
13.84,0.3567608598420587,-0.709619768411091,3.511820126989832,107.68691047287741,134.8577068000468,155.65211027159341
13.85,0.453131977463593,-0.48372345995990573,3.5572205550684135,99.100495855203,138.96665925643205,150.4428034431984
13.86,0.5403527709947116,-0.2618212947400935,3.5484233741431335,90.40167063455847,140.83864378934527,144.23336847390846
13.87,0.5760761789951819,-0.05690750738836084,3.4750341204012294,81.75270019008752,140.96869999752343,137.35523281814102
13.88,0.5718137229487423,0.13179777523075265,3.353338267998815,73.27703997181933,139.76306020382353,130.07259406891063
13.89,0.5199782687421128,0.2933626669980309,3.180934408065735,65.06650258639807,137.55361628046228,122.5940488692044
13.9,0.43252966679106664,0.43162374558550903,2.9724010401784438,57.18723951652245,134.6101573816316,115.08236506209799
13.91,0.3190880392536865,0.5450057003542734,2.729957273511948,49.68472182995327,131.1507098125014,107.66267956818686
13.92,0.187518026932041,0.6375679829060731,2.4653390416342877,42.58787666633072,127.35026228594073,100.42936286865823
13.93,0.04412425145246804,0.7127439182518873,2.1878781447024185,35.91251273377079,123.3481186595749,93.45175535075884
13.94,-0.10310342432802483,0.7797675731533407,1.9027910026029808,29.664147930189422,119.2540849509577,86.77895029251152
13.95,-0.2287714819673393,0.8327180968567449,1.5993234093924273,23.84033503478823,115.15366717481395,80.44377219647042
13.96,-0.33596939356669975,0.8740665275537771,1.2865249644438406,18.432566770578124,111.11243062472242,74.46607690111911
13.97,-0.42285339786048043,0.8997702709381646,0.9634397024606439,13.427829056251978,107.1796490219223,68.85548086403577
13.98,-0.49282700430633625,0.9130944296084276,0.6375268034038114,8.809860633467085,103.39135295068593,63.61361075964328
13.99,-0.5565045935491582,0.9132762006277159,0.30907477438523945,4.56016820612448,99.77287074066611,58.73595066784835
14.0,-0.614366832288988,0.9033929909295504,-0.016189213056874097,0.658838531969602,96.34094105267177,54.21335230588273
14.01,-0.6721403145696548,0.8774771586461183,-0.33040252823822863,-2.914817633117252,93.10546454072812,50.033263680223385
14.02,-0.7289431320256395,0.83969128457527,-0.6312455894202309,-6.265979124619418,89.84673309344738,46.61931669057446
14.03,-0.7841152402024772,0.7934078140432881,-0.9171513770530102,-9.394431233353584,86.62111476516296,43.84528981270927
14.04,-0.8374106005222048,0.7353049254478131,-1.1657763960679035,-12.303489406707032,83.47124895498952,41.604545940395155
14.05,-0.888436335758837,0.6690606525317806,-1.3819735606876202,-14.999120064325968,80.42859781977877,39.807108492210986
14.06,-0.9239161278031516,0.593297667759634,-1.567647568588847,-17.489226051185373,77.515574344074,38.37716248512918
14.07,-0.9233922165901557,0.505999059609715,-1.7144232063790228,-19.783069305949834,74.74731303698637,37.25092001900204
14.08,-0.8953111561834846,0.4112325305635315,-1.829123910212454,-21.89080760559841,72.1331393481695,36.37479811495154
14.09,-0.8428163262442601,0.29872596097249204,-1.908090981737855,-23.823125888054378,69.67778545597892,35.70386417099175
14.1,-0.7724499357244746,0.17439508798915732,-1.9584656305348362,-25.59094574668387,67.38239287514585,35.200510601850795
14.11,-0.692751668987069,0.03816682448646107,-1.9814979611679182,-27.205199314280144,65.24533618239637,34.83332565669833
14.12,-0.6071539699383198,-0.1050418120153917,-1.983236449290623,-28.676655978310414,63.26289691478511,34.576132079055064
14.13,-0.518376982073835,-0.2513571616493822,-1.9686446753644027,-30.01579225267249,61.429812226851716,34.4071692918117
14.14,-0.44976916352018514,-0.37430067681213464,-1.9313728847745717,-31.232696724407944,59.739719087233155,34.30839824701894
14.15,-0.3976753623850441,-0.47742913878342735,-1.8773190781546296,-32.33700333988653,58.18551155709968,34.26491105261482
14.16,-0.3765507121036854,-0.5610450840617073,-1.7950062249900702,-33.33784743080159,56.75962593938655,34.26443004357706
14.17,-0.3807869218554001,-0.6425715096019262,-1.6992714745204847,-34.60423044680216,55.60028187364703,34.11368005160163
14.18,-0.40437384929256603,-0.7212242961936262,-1.5947564394028255,-36.05412946769631,54.66312343466446,33.850235838189164
14.19,-0.41886323359144984,-0.7995129875498711,-1.4854270306501987,-37.62187825763564,53.91071896677681,33.50462642732354
14.2,-0.42616091479541635,-0.8762996576890294,-1.3741198890950594,-39.255359702157385,53.31152307781944,33.10150943420261
14.21,-0.41124748454852483,-0.9437913011129313,-1.2661606886997956,-40.913644562773136,52.83898994287051,32.660661901434985
14.22,-0.3795616944446778,-1.0031118827794667,-1.1624516182612374,-42.56500883788874,52.4708163091929,32.19781516694985
14.23,-0.3355296567957219,-1.0552496111994787,-1.0636170077963847,-44.185271972932114,52.18829563170233,31.72535727387608
14.24,-0.3147106645833068,-1.0932126905960584,-0.9671401965374131,-45.75640668612263,51.97576738437827,31.25292299208716
14.25,-0.32865319141156235,-1.1035057093435015,-0.879691712971366,-47.26537847143845,51.82014784526488,30.78788857334116
14.26,-0.36899215427363985,-1.0924530094885203,-0.8005219253509335,-48.703179080954655,51.710530591173914,30.3357858375303
14.27,-0.43655532655439233,-1.0545550672637922,-0.7234444484954315,-50.06402362447558,51.637846606148436,29.900648026713696
14.28,-0.5239063596044311,-0.996695891696988,-0.6491732326451968,-51.34468548397636,51.59457534251723,29.485298014889832
14.29,-0.5994950980395477,-0.9301034933458882,-0.5801692199997796,-52.54394713446951,51.574499307197755,29.091587880604532
14.3,-0.664897255622066,-0.8578652275247978,-0.5162760975056354,-53.66214828665224,51.57249580660632,28.720597498407905
14.31,-0.7233962472770867,-0.7889247235754505,-0.45212715844753076,-54.700815601813204,51.58436039511278,28.37279865112599
14.32,-0.7756959557742574,-0.723586263933365,-0.3887846870054268,-55.66236064620499,51.606657355139404,28.048190179751927
14.33,-0.822432155158431,-0.6620265328959345,-0.3270493934481061,-56.49131920134549,52.90534320961073,25.534846362922536
14.34,-0.8890562741375885,-0.6114005117439029,-0.2624178031706558,-57.20581374822892,55.160972344915166,21.38502304436687
14.35,-0.9698660796976061,-0.5699366438033802,-0.19657860431494137,-57.821507811495465,58.114016974368326,16.047111096654458
14.36,-1.0566233983342195,-0.5429655942269896,-0.1228499426236141,-58.3519375347543,61.554879019193905,9.882973666426913
14.37,-1.1444062610664045,-0.542552984485269,-0.03403721816269767,-58.808798783268806,65.31546280321358,3.1825719984960292
14.38,-1.2316026987665711,-0.5624806272691818,0.06493654303648362,-59.202195711299154,69.26207442217843,-3.823713200365053
14.39,-1.3380246167125334,-0.609433328349534,0.17955689859466176,-59.54085594195834,73.28944779572686,-10.954717271362364
14.4,-1.4575032005037774,-0.6763434537337172,0.3043657349033503,-59.83231682258868,77.31572667866665,-18.06978729022964
14.41,-1.574946331836077,-0.7607935113913931,0.4248686449693251,-60.083086624593335,81.27825698468826,-25.061484831390064
14.42,-1.6889960209524304,-0.8573530475450607,0.5401919722859414,-60.29878404136888,85.1300652504753,-31.849480045225544
14.43,-1.7986655794797568,-0.9616751604198208,0.6497477545707578,-60.48425889106627,88.83691745005481,-38.37545323948669
14.44,-1.89375927929787,-1.0558064162079994,0.7417588417174024,-60.64369654331792,92.37486809582578,-44.5988474938509
14.45,-1.9762074982320834,-1.1406644961675736,0.8188995984122176,-60.78070825295875,95.72822301062189,-50.49333921213207
14.46,-2.013533064318714,-1.1884648777590043,0.8750345121564946,-60.898409292325034,98.8878506483467,-56.04391349312653
14.47,-1.9902018560988108,-1.211115390574959,0.9125351256145116,-60.99948652102226,101.84978665772435,-61.24444826305781
14.48,-1.9207948551789036,-1.2141566208469405,0.935182905830579,-61.0862568129776,104.61408476400216,-66.09572567655117
14.49,-1.7875267473624292,-1.192712928073193,0.9459625515299028,-59.73665503942814,106.27442105218357,-71.53841107631091
14.5,-1.6074472937629032,-1.1528580237921486,0.947487224775793,-57.308418430938275,107.0635938188821,-77.3488512561846
14.51,-1.3859893325107207,-1.091122643580222,0.9278419554675558,-54.092293223954805,107.17345118996563,-83.35006556177251
14.52,-1.1363112319815383,-1.0135996392995246,0.8922954062242562,-50.323192765108786,106.76149118985825,-89.40357233383557
14.53,-0.8689283076391716,-0.9252005322830605,0.8451298543626009,-46.189612823724985,105.9564516399345,-95.40252948223016
14.54,-0.5987141107576851,-0.8304322545316575,0.7889121528691054,-41.84156546510731,104.86303930265015,-101.26598836955992
14.55,-0.3305543176647082,-0.7322683347761824,0.7266423008995682,-37.39725473014835,103.56592611781291,-106.9340898556474
14.56,-0.08183387736438669,-0.6322427816075189,0.6600270189088354,-32.94868470291183,102.13312186508107,-112.36405674568863
14.57,0.13086117657436555,-0.5543434865001434,0.5968027870892301,-28.566362561700867,100.61881670494135,-117.52685860297505
14.58,0.3126509338622483,-0.4946017842069943,0.5371627066790756,-24.30323524168465,99.06577343069469,-122.4044434530385
14.59,0.4393494678191858,-0.45773951551056774,0.4771810715731905,-20.19797782102091,97.50733758899497,-126.98744676866458
14.6,0.5218891193202914,-0.43897028611001354,0.41787514670191617,-16.277734189246782,95.9691236228656,-131.27330167018044
14.61,0.5478953506364458,-0.4047792466297453,0.3677227175551293,-12.560395546337734,94.4704266234405,-135.26468583430693
14.62,0.530211834759182,-0.3593151187990751,0.3253620652778217,-9.056489451823968,93.02540194226441,-138.96825046255523
14.63,0.4630449579975397,-0.2800018628224827,0.2795159086080421,-5.770741184902116,91.64404864039109,-142.3935850613304
14.64,0.3590418655081958,-0.17601213773380284,0.23171750883574144,-2.703359821400978,90.33302738363821,-145.55237894068438
14.65,0.2237930311724763,-0.02027476793569169,0.17708605418451526,2.32273475098897,88.71407318106745,-150.22196508361657
14.66,0.06673493877212111,0.17264849593998235,0.11807665837053719,8.769936396240823,86.88465397627002,-155.9752892698675
14.67,-0.10198656851521519,0.4238487527207331,0.06915712628842058,16.20443561844551,84.92268217921777,-162.46845470512417
14.68,-0.27700160427403187,0.7157423281822339,0.02872701381479347,24.278670497657764,82.88988061304937,-169.42660538672502
14.69,-0.4604160128350941,1.0662038105170981,0.029984661861316562,32.71654306927874,80.83461252937278,-176.6320392931581
14.7,-0.647395341064109,1.456030385890399,0.06313985080535273,41.300983990218576,78.79425708203645,-183.91421451381532
14.71,-0.8522833057853219,1.8742944766310448,0.1310842009217968,49.86350941421597,76.79719967576276,-191.14136081535264
14.72,-1.0676811958721046,2.3077956636569916,0.2246023720902962,58.27546632611685,74.86449635415066,-198.2134514397273
14.73,-1.2877601555342961,2.7461892964790913,0.33623927857726765,66.44070739419539,73.01126261800779,-205.05632614526837
14.74,-1.5230635128454382,3.160599620101026,0.45087573387858537,74.2894747526587,71.24782956036704,-211.6167874956784
14.75,-1.6814146846485714,3.5029131863099914,0.5600017897518038,81.7733049372219,69.5807037887301,-217.85851891246617
14.76,-1.7783751023627112,3.784679023152637,0.6632038514398648,88.860795251384,68.01336212312167,-223.758695670437
14.77,-1.7814681080756822,3.969528147873527,0.7298272603660386,95.53409581611149,66.54690737721643,-229.30517938090782
14.78,-1.7126455482609932,4.077287147302435,0.7674041475069211,101.78601203260422,65.18060753461373,-234.49420304391037
14.79,-1.5754049704612938,4.104712582063592,0.7604144181693635,107.61761966659702,63.912337224892696,-239.32846786333562
14.8,-1.3879262316699412,4.070204108957859,0.7194125876113998,113.0363096728322,62.738937499873586,-243.81558505534343
14.81,-1.1790745999129693,3.978651104408816,0.6323561925340306,119.769739526468,60.117601202595296,-241.30039999835967
14.82,-0.9571226537253973,3.844853896169567,0.5113995276695756,127.40455723430685,56.428646846826055,-233.46337704850714
14.83,-0.7286087784610782,3.6808040508587427,0.3663779166378902,135.6102059913349,51.97993732683358,-221.67427544551836
14.84,-0.5078755961733795,3.480720543497975,0.19100813761928903,144.12468400856991,47.01905134548256,-207.04356833626886
14.85,-0.2978006347941512,3.2430192090577314,-0.010252757842128896,152.74257070913157,41.74354410436252,-190.4658618098705
14.86,-0.0991682950695209,2.9802308091103926,-0.22819183783849373,161.3049752031689,36.309584761874326,-172.6565105191925
14.87,0.09641414151761046,2.7031889590083615,-0.4468529953694841,169.69111356261675,30.839216144002517,-154.18245231977977
14.88,0.28660552044342025,2.4195630900394884,-0.6626504129265004,177.8112647509031,25.426446184319374,-135.48813505273287
14.89,0.4730082868015649,2.144894673328328,-0.8522631636666145,185.60089214895197,20.142349727931975,-116.91728064432613
14.9,0.653597853438245,1.8813760000130908,-1.0188655796447235,193.01574934200576,15.039332929636437,-98.73112208719711
14.91,0.8268999458094806,1.6300243907559075,-1.1568915921960143,200.02781595321872,10.154689882040849,-81.12365501865776
14.92,0.9919147205029346,1.3919155588128156,-1.2708821394275336,206.6219324844096,5.513561784943585,-64.2343652940158
14.93,1.148006161744752,1.1676661787499356,-1.3646894312231104,212.79302291478373,1.13139244833875,-48.1588252502428
14.94,1.2975680595432566,0.9401733849713253,-1.4322598041412378,218.54381069874543,-2.98404019137962,-32.95749261906905
14.95,1.4397938709898737,0.7137519274693999,-1.4786867489669722,223.8829482099232,-6.83094891254869,-18.662995860528696
14.96,1.5795460723944728,0.4825004064527788,-1.5238197575215662,228.82349195738863,-10.412161059810185,-5.286146828825476
14.97,1.7038011317137054,0.2903210168236037,-1.5819072053599026,231.77768179595768,-12.619461577872732,9.6400523333977
14.98,1.8142497063219662,0.1310590307508977,-1.6490052794023806,233.16491020680024,-13.74037193423511,25.51925082739048
14.99,1.9061392445951353,0.040869040933499384,-1.7146101286004907,233.33075833062034,-14.012000598727631,41.87997695830072
15.0,1.9823837466387313,0.004971516839967872,-1.778046651758411,232.55889579525416,-13.629153769999597,58.35373634043043
15.01,2.0388324630996295,0.005431623130233301,-1.8087456202424685,231.0811588885636,-12.751206123473455,74.65663431517926
15.02,2.079243020029073,0.033720851022307874,-1.8139002270467866,229.08607655549483,-11.507914845297604,90.57398374404666
15.03,2.1067429461152236,0.0828747309549539,-1.7994168912087365,226.72607479180942,-10.004333775361442,105.94743898264753
15.04,2.1003118591168826,0.12298586198221487,-1.7344436982825928,224.1235566166158,-8.324961787826545,120.66426499372244
15.05,2.0680028259600762,0.15554690195648943,-1.6318294146628485,221.37602616034852,-6.537240066310351,134.64840884604976
15.06,2.0092241001687703,0.16149151221872324,-1.4904237379123748,218.56040083976345,-4.694496231613415,147.85309067289336
15.07,1.9371600116696646,0.13752681519732846,-1.3252258488704125,215.73663453431922,-2.8384189639296142,160.2546737329315
15.08,1.8560503187301982,0.09103725317786482,-1.14439326430906,212.95075663586474,-1.001134493922804,171.84760956432117
15.09,1.76470490821826,0.03403508455080884,-0.9562669532494454,210.23741639117515,0.793054170518704,182.64028523891136
15.1,1.666950048479147,-0.030125139625387286,-0.7654958564499055,207.62200872897256,2.526213410942379,192.65162617353647
15.11,1.563200826983902,-0.09323971532864078,-0.5797651908307279,205.1224464449585,4.18556638547078,201.90833049577233
15.12,1.4564832538549815,-0.15456755117443421,-0.40079564698431486,202.75063393930776,5.762484047446107,210.44263015661272
15.13,1.3491604985866676,-0.2135691668817693,-0.229798986117775,197.91603320936724,8.14031966290462,216.04611534762157
15.14,1.247005037543948,-0.28367490130017003,-0.0700978397337402,191.27140088161016,11.094204405007162,219.31814125405614
15.15,1.1737061683464918,-0.364301668256443,0.060941816712376126,183.344785491896,14.442972310601181,220.75401824095047
15.16,1.1236459221117754,-0.4517238075158326,0.16799002529280305,174.56050518583524,18.04174813971846,220.7616581334016
15.17,1.1194822816803243,-0.5515797608938677,0.2342789814669924,165.2568295579788,21.775705412953275,219.67568462710008
15.18,1.1505232869487394,-0.6593951039349593,0.26832587007743436,155.70086181855777,25.554817896946286,217.76938169841455
15.19,1.2087918021237956,-0.7674242087018113,0.27392856807484406,146.10104492714856,29.309453706613652,215.26480003897697
15.2,1.2869959340215138,-0.8739290200279665,0.2576661404779414,136.6176531676767,32.98668337797439,212.34129531473604
15.21,1.343067582911618,-0.968200906511617,0.23511488902909497,127.37157739608611,36.547192261079104,209.14273238032135
15.22,1.38131792998511,-1.051633961686418,0.20810112012249232,118.45166661164822,39.96270383937679,205.78355554959256
15.23,1.4053261811822348,-1.1254648951532749,0.17809282642646074,109.92084950150596,43.2138344877707,202.35389584247844
15.24,1.4197919175490614,-1.229806455227067,0.1630678230275231,101.82122625309226,46.288312070325865,198.9238611160555
15.25,1.444694857618209,-1.4096554237956413,0.17505035444040642,94.17829241832095,49.17950093712082,195.54713355807456
15.26,1.4771996733333654,-1.644504611859149,0.20752330264026386,87.00443225703789,51.885184554868204,192.26398066902547
15.27,1.5425303342194483,-1.890097543159973,0.2863319770020256,80.30179819203934,54.40656440978622,189.10377014976876
15.28,1.6319724912381766,-2.140078763325292,0.3993850561695928,74.06467526427421,56.74744013605492,186.0870656717477
15.29,1.7254731194050439,-2.3207596387124063,0.5600185065296115,66.93282056544976,57.59010373685353,180.48369713901675
15.3,1.820620067229598,-2.4455592989507844,0.7545707809219757,59.227372084077125,57.27253206032663,172.9874665727225
15.31,1.8920290731073097,-2.5072827685246866,0.9854973069267238,51.203163495462505,56.07161730704313,164.15914211457965
15.32,1.9441479514651312,-2.5197491004090073,1.2406646423533787,43.060282458937834,54.213157303637885,154.44887584014873
15.33,1.9806834684661954,-2.4943081498140494,1.5104043578776398,34.95377534567773,51.88030265566141,144.21509577316024
15.34,2.004717106975351,-2.4402419509239404,1.7870863688590641,27.00178119106174,49.22069046180971,133.74040327229156
15.35,2.0188034691624335,-2.365104330665514,2.0647604183782944,19.292335929073534,46.35246096242623,123.24492925955941
15.36,2.0250538485062552,-2.275007928738508,2.338855340379294,11.889052245222041,43.36932492442284,112.89753618325575
15.37,2.0252071413084587,-2.1748664658766046,2.605927259717883,4.835849827191648,40.34482506838239,102.82519559072239
15.38,2.020689957027201,-2.068598963593638,2.8634491939033984,-1.8391153339127406,37.335913849407945,93.12082237783399
15.39,2.012667519733313,-1.9593016421020908,3.1096356404844427,-8.120196264540901,34.38595191848364,83.84980502143766
15.4,2.002086723684347,-1.84939238592728,3.3432966911404858,-14.001567691669635,31.52721619139341,75.05543538886175
15.41,1.9897125091517895,-1.7407319493883269,3.5637170316249485,-19.485015101632733,28.78299327234943,66.76341119534486
15.42,1.9761585556948034,-1.6347254597039982,3.770555885564226,-24.57812307017272,26.169322705075924,58.985558106631224
15.43,1.961913145146567,-1.532407249481559,3.963764556774544,-29.292797591864698,23.696444884740334,51.72289622454373
15.44,1.9473609223026584,-1.4345116002568548,4.143518733845342,-33.64406721641223,21.370000227221826,44.968156701937005
15.45,1.932801174776812,-1.341531593815177,4.310163154823838,-36.51106947245,20.30326922025888,39.71463496272346
15.46,1.918463162221448,-1.2537679389799057,4.464166599716377,-38.19688261422188,20.21767414898633,35.69256936609554
15.47,1.8169660406990376,-1.10387357920009,4.500094243466657,-38.95200701004376,20.88459870146537,32.67618215358204
15.48,1.6503236188975194,-0.9087524978186671,4.4450587325338,-38.982774016062955,22.117250394746744,30.476898504101676
15.49,1.4364081144104583,-0.6820534746075985,4.32123948615499,-38.458474161045416,23.763776747497374,28.937573577091683
15.5,1.1896415857498888,-0.43471976192088035,4.146692368050043,-37.51739342578128,25.70144891214243,27.9275814989576
15.51,0.9215792187167982,-0.17545220436509804,3.93603402187516,-36.27191921556684,27.831753461446574,27.33864100946498
15.52,0.6414006999146382,0.08890114758175247,3.7010195533682166,-34.81285428562818,30.07625617167246,27.081270337674297
15.53,0.3563235417705683,0.353017789735095,3.4510295297712092,-33.213056850430945,32.37312149400677,27.0817792243084
15.54,0.07195019347634968,0.612826378419137,3.1934799409270753,-31.530507925820086,34.67418842057512,27.279719196507813
15.55,-0.20744096683447943,0.8652771044675577,2.9341667722662996,-29.810892219073956,36.94251802965753,27.625724531527556
15.56,-0.4786521525906692,1.108149924341074,2.6775551310687327,-28.08976625267342,39.15034047989784,28.07968607659693
15.57,-0.7393628705510228,1.3398947719889058,2.4270214037288964,-26.39437658694999,41.27733991086468,28.609208445843837
15.58,-0.9879605628870587,1.5594987526569504,2.1850556686760703,-24.745181739959392,43.30922485159141,29.188308284082193
15.59,-1.223399881036726,1.7663760698456572,1.9534305173281865,-23.157123470545354,45.236539558529195,29.796317437044653
15.6,-1.445086079603866,1.9602770772269222,1.7333415183692102,-21.64068630379796,47.05367838792642,30.416960141077713
15.61,-1.6527786991380222,2.141213394171533,1.5255237766917251,-20.46582524951014,48.91885217312232,31.032109068523685
15.62,-1.846512287544829,2.3093964900483197,1.3303483685840922,-19.57084061029743,50.79165938095789,31.633440121278824
15.63,-1.9968253116759025,2.42814463392198,1.0875596597425594,-18.904120486364302,52.641048315379535,32.2147960660245
15.64,-2.1115458252813197,2.50718870292022,0.8121105911022833,-18.42258288387856,54.443610932118304,32.77177488206377
15.65,-2.1972233149904468,2.554599276013869,0.5159598261885988,-18.090349674414814,56.18215710849457,33.301387164936585
15.66,-2.2593260287522714,2.577049663600978,0.2085866807673622,-17.8776187847564,57.84452591371243,33.801771753933956
15.67,-2.3024089497769142,2.5800391218535927,-0.10257589433276212,-17.759705778849856,59.42259690655559,34.27196038060485
15.68,-2.330256671346142,2.5680820957992885,-0.41177783629484543,-17.71623010590813,60.9114700275362,34.7116835263278
15.69,-2.346004822682799,2.544868496229598,-0.7146473881674584,-17.73042482340731,62.30878738535672,35.12121086404807
15.7,-2.3522431756955076,2.5133992950554664,-1.0079363671298114,-17.78855164112688,63.61417427829187,35.50122067161439
15.71,-2.3511031151006208,2.47610110517128,-1.2893075796614595,-17.879405741550816,64.82878023884703,35.85269346691339
15.72,-2.3443317700342132,2.4349228800228984,-1.5571578270737922,-17.993897072476162,65.9549038299151,36.176825849768655
15.73,-2.3333547750609607,2.391417412643311,-1.8104709254508315,-18.12469673095844,66.99568742573415,36.47496116086459
15.74,-2.3193293449242365,2.346809923358263,-2.0486960019355833,-18.26593870806271,67.95487034400601,36.748534099658904
15.75,-2.3031891039613663,2.302055690571925,-2.2716470448389776,-18.412968679469685,68.83659051043281,36.99902689499113
15.76,-2.285681902224772,2.257888392179699,-2.4794202957362796,-18.562132740711437,69.64522637987783,37.22793500555813
15.77,-2.26740167117293,2.214860579470343,-2.6723265925836475,-19.258568791651037,72.02097535211107,35.58666251199914
15.78,-2.2488152181617864,2.1733774950605182,-2.850836216848294,-20.36312814640712,75.55942421597541,32.53917787611805
15.79,-2.338260789791352,2.0323546883239256,-3.0021871914126597,-21.762898165729634,79.93277692087193,28.46267901620725
15.8,-2.5090207932297477,1.8173252630361605,-3.130379965822679,-23.366817443558908,84.87701924304471,23.662036435709805
15.81,-2.739369033468055,1.5489943551902752,-3.2388392311393708,-25.10197725871634,90.18109514216067,18.381981359458482
15.82,-3.0117403262525704,1.244047170195921,-3.3304953525359102,-26.910506238153804,95.67779243770008,12.817376951712026
15.83,-3.3120297171930186,0.9158304477753075,-3.4078544399717625,-28.74695021868946,101.23607959463337,7.121861405910645
15.84,-3.6290018803006583,0.5749263720505362,-3.4730586250402777,-30.57607218474505,106.75467325236927,1.4151094504391084
15.85,-3.953794100800247,0.22963516763546854,-3.5279378975921056,-32.37100820274472,112.15664854888006,-4.211077381881898
15.86,-4.27949867429524,-0.11361975711412187,-3.574054670364722,-34.11172472898283,117.38493204856987,-9.687672372535765
15.87,-4.600812634091482,-0.44995229704561884,-3.6127420796693075,-35.78373076111853,122.39854083663597,-14.964164312684261
15.88,-4.9137444996527995,-0.7757296901643334,-3.6451368917982983,-37.37700522695494,127.16945166130165,-20.00500716822476
15.89,-5.2153692639161084,-1.0883355272370316,-3.6722077652752083,-38.88510592381478,131.68000137610346,-24.786668023744447
15.9,-5.503624141806515,-1.3859724255077375,-3.6947795158235426,-40.30443138041348,135.920734776872,-29.295179209630696
15.91,-5.777138717975632,-1.667498153472688,-3.713553941777368,-41.63361133342791,139.88862860282177,-33.52411469242438
15.92,-6.035094085386742,-1.9322899271728424,-3.7291276906829944,-42.873005198494766,143.5856312882705,-37.472922910619154
15.93,-6.277106380976705,-2.1801323956749474,-3.7420075813969427,-43.8077285452101,145.63113908981293,-43.81212096969611
15.94,-6.50313082008501,-2.4111255138144507,-3.752623738640482,-44.49458347402011,146.38026006146555,-51.8824112810254
15.95,-6.7473906122134775,-2.611087111861657,-3.6598930662388094,-44.980932037108715,146.12512985130166,-61.15197081187087
15.96,-7.001795287245999,-2.7841658023687113,-3.4894863941462977,-45.30616871764361,145.10510623959337,-71.19488397123895
15.97,-7.259992065204555,-2.9339579122511634,-3.2622716390419324,-45.502972289964944,143.51539898626055,-81.67297548432953
15.98,-7.517057847310253,-3.0635807321259914,-2.995113425930122,-45.598369207992775,141.51436687064228,-92.32053024459685
15.99,-7.769241057870706,-3.175736082778188,-2.7015478498612344,-45.61463607948294,139.22968028414326,-102.9314622603547
16.0,-8.013745686926821,-3.272765474952867,-2.3923510986544105,-45.57006483922568,136.7635189712902,-113.34855917460126
16.01,-8.248551017189678,-3.3566979709154667,-2.076017928220211,-45.479610845290814,134.19694984158568,-123.45448394996814
16.02,-8.47226148852859,-3.429291710466278,-1.7591636426030863,-45.355441211726756,131.59360861975588,-133.16426248189015
16.03,-8.683981982389184,-3.492069937458832,-1.4468612263868017,-45.20739819209605,129.00279097148376,-142.41902625661342
16.04,-8.883214517026373,-3.5463522528522122,-1.1429235604339152,-45.04339028343979,126.46204320997097,-151.18081367387634
16.05,-9.069772949529431,-3.593281724749453,-0.8501391824319563,-44.869721880196096,123.99932938928195,-159.42826313906394
16.06,-9.243712797078189,-3.633848402846568,-0.5704687964237073,-44.69137072958458,121.6348402079844,-167.1530562118003
16.07,-9.405273730403358,-3.668909712595194,-0.3052086603170212,-44.512221087247866,119.38249940967869,-174.35699059230473
16.08,-9.55483266794289,-3.699208141737186,-0.05512606141788623,-44.33525931284558,117.25121504207466,-181.04958106187365
16.09,-9.692865719059986,-3.7253865774593797,0.1794286949489185,-41.42836271505562,113.7414627130954,-187.5239149516706
16.1,-9.819917496961201,-3.748001605161382,0.3984300288086765,-36.476780027449934,109.23116073132854,-193.72998468055152
16.11,-9.8421871941518,-3.6273189137900803,0.5973675964699181,-30.037103031822927,104.02528639011128,-199.63369482171737
16.12,-9.783885146779728,-3.3988095733059573,0.7778354436407138,-22.558723784673766,98.36820624777133,-205.21366543258313
16.13,-9.664806326967053,-3.0913159130398955,0.941342600948968,-14.401937801939663,92.45406354117087,-210.4585859247681
16.14,-9.501055897314114,-2.7281544713824433,1.0893094307482727,-5.853196443253557,86.4355157885991,-215.36503178714773
16.15,-9.305662366840549,-2.328046782123106,1.2230662155829235,2.86206166641633,80.43107273133948,-219.93566979448295
16.16,-9.089095111214842,-1.9059038046882522,1.34385348497847,11.568633255594582,74.53124800419792,-224.17778869393518
16.17,-8.859700585638679,-1.4734860437664383,1.4528236680316464,20.13251404644052,68.80370644741457,-228.10210204361056
16.18,-8.624069470968825,-1.039958179251824,1.5510437352437403,28.453336557456304,63.29756202976145,-231.72177812314936
16.19,-8.38734520394083,-0.6123542645570126,1.6394985564648163,36.45805472124251,58.04695830328076,-235.05165885399705
16.2,-8.153482808810946,-0.19596718511009437,1.7190947546424398,44.09568177287191,53.07404360170523,-238.1076356345836
16.21,-7.925465634276956,0.20532595673379755,1.7906648789558948,51.33291676907455,48.39143635203481,-240.9061550660548
16.22,-7.705486475113794,0.5887925972590617,1.854971757274698,58.1505198010254,44.00426148350535,-243.46383184849282
16.23,-7.495098595830845,0.9526191564540443,1.9127129179051146,64.54031706297175,39.911826639107716,-245.79714977803923
16.24,-7.29534135081998,1.2957239883931082,1.9645249952955097,70.50273495004049,36.108996420129714,-247.92223486819134
16.25,-7.106844392126974,1.6176027349028117,2.0109880546210386,78.71954361435812,31.80911080841016,-246.29453073614857
16.26,-6.929913855125658,1.9182009043414472,2.052629786688693,88.53398258212695,27.195852874305967,-241.819030232926
16.27,-6.7530769462476865,2.2359115824375673,1.99127228801098,99.41825664210423,22.414751411096415,-235.23311532838176
16.28,-6.579074798102869,2.5617597956293223,1.8520147142106844,110.95155641236646,17.579849456278218,-227.13431931820912
16.29,-6.409961797209137,2.8887469307975517,1.6552907949852913,122.80155868315525,12.779301843116189,-218.00376739919864
16.3,-6.24723444031848,3.2114968791170155,1.4176430162817044,134.70888002042864,8.08006532924032,-208.22594223621877
16.31,-6.091938707069095,3.5259597633129016,1.152376154207369,146.47403437208436,3.5318206962847283,-198.1053270139964
16.32,-5.944759306502079,3.8291643814736127,0.8701082261472158,157.94651158863195,-0.8297544554513459,-187.8803977655137
16.33,-5.8060936512788635,4.119011817542382,0.5792342933176109,169.01565041710384,-4.98026117388285,-177.73536761018298
16.34,-5.676112983197356,4.394103794883433,0.2863162932868569,179.60302799801036,-8.904316955590051,-167.8100262942238
16.35,-5.554812706334994,4.653600311990122,-0.0035898519442962296,189.656129349048,-12.593682867278533,-158.2079677039703
16.36,-5.442053670825763,4.897101921775086,-0.28666026232526826,199.14309575298233,-16.0457180048638,-149.00345461605792
16.37,-5.337595883157356,5.124552717988962,-0.5600740880493676,208.04838123797919,-19.262108719501523,-140.2471328203741
16.38,-5.241125891299397,5.336160691371634,-0.8218225001186099,216.3691721837115,-22.247828067903818,-131.97077501086034
16.39,-5.152278899231595,5.532332628940061,-1.0705497609197703,224.11244713929233,-25.010287786713327,-124.19120771903167
16.4,-5.07065650062919,5.713621165063699,-1.305421339331287,231.29257274373245,-27.558650918509464,-116.91355140624047
16.41,-4.995840781376893,5.88068196357924,-1.5260147925005532,236.95809733551107,-29.67960628631417,-104.72693066041221
16.42,-4.927405421615339,6.034239325511773,-1.7322297833254514,241.37548170522425,-31.44018765719099,-88.9722999696935
16.43,-4.71603142083516,6.086728347530248,-1.9143150921863041,244.76823708664176,-32.89734860274994,-70.73207776946052
16.44,-4.398522741787286,6.061016780832984,-2.0750810303424836,247.32349909606074,-34.09943514540055,-50.87382804163433
16.45,-4.0047157728008305,5.9758346316298745,-2.217012357519207,249.19762927364624,-35.087447746095535,-30.08706113999187
16.46,-3.558646159470563,5.846451288777027,-2.3423057586776483,250.5209846084594,-35.896122288094894,-8.914191509984487
16.47,-3.0795327967728494,5.685248021768175,-2.4529030383352417,251.40197552716853,-36.55485558918667,12.223461933458426
16.48,-2.5826064597578364,5.502201426374395,-2.5505205174740984,251.9305157066932,-37.08849741987902,33.00387714900912
16.49,-2.079806538297001,5.305291135738932,-2.636675063729253,252.1809523487247,-37.51802793994224,53.186087858586845
16.5,-1.5803659025176582,5.100843176725235,-2.712707137210086,252.21455289733126,-37.86113682342904,72.59495120094188
16.51,-1.0913009797722606,4.893818689719041,-2.779801191324941,252.08161330333735,-38.132718065107554,91.10845697554274
16.52,-0.617821601736374,4.688056306078065,-2.8390037297671746,251.82324359382113,-38.34529249912536,108.64718108460366
16.53,-0.16367302165051745,4.486475257570472,-2.8912392868593977,251.4728784788193,-38.5093683704964,125.1655454167815
16.54,0.26857934469100586,4.291245247657308,-2.937324568275953,251.05755383641448,-38.63374884435085,140.64459735209294
16.55,0.6773134791604376,4.103928220572896,-2.977980962356191,250.59898400337931,-38.72579408457768,155.08606554706432
16.56,1.0616549965017146,3.925596399514941,-3.0138456084120575,250.11446972490896,-38.79164445467982,168.5074857502914
16.57,1.4213155801457904,3.756930311525024,-3.0454811872921423,244.1461779691284,-35.8723479028099,175.70244051916384
16.58,1.756460127308508,3.5982999580401653,-3.0733845806957674,234.07262364096627,-30.713162247428087,178.01783652159483
16.59,2.0055609817407682,3.2976448911839427,-3.0311180446970467,221.01337694220206,-23.91967377303532,176.56114228093116
16.6,2.184892433075768,2.892949888572398,-2.9357880711246347,205.8722602518638,-15.981070460249684,172.2392022954085
16.61,2.3080046312373184,2.4149226695639903,-2.8013209339969345,189.37379179751318,-7.289779276081781,165.79108884875194
16.62,2.3861503355916724,1.8882196476737412,-2.638990455039837,172.09388946843984,1.841987134860548,157.81587561851876
16.63,2.4286475414943545,1.332478948919117,-2.4578635187283115,154.4857003029237,11.168308541131072,148.79608932320713
16.64,2.4431873469277465,0.7631897272332463,-2.2651756531346705,136.9012944839672,20.49786234372677,139.11748593580904
16.65,2.436095083166941,0.1924225617669822,-2.0666471989593096,119.60985413064168,29.684116671593365,129.08570389021037
16.66,2.4125515830505906,-0.3705579174457354,-1.8667490512475597,102.81289421746054,38.61712211524758,118.94026602888934
16.67,2.3767804722888446,-0.9187801450078827,-1.6689256404800081,86.6569733899084,47.2166556718696,108.86633290023903
16.68,2.33220652073237,-1.4471371138444036,-1.4757816909786012,71.24428437522147,55.426507103160375,99.0045507876749
16.69,2.2815893621855,-1.9520291663310458,-1.289238328220046,56.64145548311396,63.20972922863049,89.45928714231057
16.7,2.227136266388905,-2.4310669539172087,-1.1106632797295888,42.886844948795485,70.5447004461212,80.3055026928549
16.71,2.17059711075731,-2.882825104507908,-0.9409792069833077,29.99656738425798,77.42187063691688,71.59447238478955
16.72,2.113344239871287,-3.3066385619209764,-0.7807536011778221,17.96945533665492,83.841081132418,63.35853556478968
16.73,2.056439506851187,-3.7024347783478415,-0.6302731592145937,7.711518685573598,88.622647275342,56.95870055315245
16.74,2.000690453338123,-4.070595978762975,-0.489605115223769,-1.031612792372628,92.07567998984098,52.06462841059968
16.75,1.9965767334087754,-4.26969524191264,-0.3219657047429224,-8.478360130294384,94.45760066203799,48.3998758419171
16.76,2.0320605926283566,-4.336245533356717,-0.13629570758191606,-14.816207933854876,95.98223366634448,45.73358283086454
16.77,2.0973069130835302,-4.30027317003489,0.06027786380044689,-20.206025659489395,96.82668340923001,43.87339624692017
16.78,2.1843206441650924,-4.186368967334821,0.26212802214318653,-24.785791954748802,97.13717331535753,42.65945031160464
16.79,2.286640459459334,-4.014577953277974,0.4648641586533593,-28.67380377526384,97.03399881668393,41.95925027813485
16.8,2.3990802483649354,-3.801151583870732,0.6651108700650015,-31.97144089135716,96.61572460962628,41.663327576288694
16.81,2.5175112703650844,-3.5591829325453324,0.8603227605197744,-34.765546794438656,95.96273772282235,41.68155349868322
16.82,2.638678845484494,-3.2991423568033023,1.0486296803910884,-37.13047870782232,95.14025186069401,41.9400146814746
16.83,2.7600483507245968,-3.029328597925759,1.2287076865364526,-39.129872224196966,94.20084468717864,42.37836752952621
16.84,2.8796760601939786,-2.75624808569255,1.399671711764365,-40.81815988166823,93.18659787171877,42.947600670541874
16.85,2.996101024315943,-2.4849333484250535,1.560986532458167,-42.24187762126859,92.13089956188671,43.608144768029774
16.86,3.1082547464668853,-2.219209825385485,1.7123931368572005,-43.4407884278178,91.05996023776704,44.328277815043485
16.87,3.215385897075156,-1.9619190057866671,1.8538480349618167,-44.448848444897386,89.99408543902283,45.08278157267831
16.88,3.3169977171178138,-1.7151046438159054,1.9854734251518849,-45.29503738852242,88.94874246124955,45.85181128441937
16.89,3.4127961150080077,-1.4801677941224174,2.107516451623158,-45.261415839289675,87.09982762730985,46.37986823115207
16.9,3.5026467615956873,-1.2579955530426778,2.2203160585836144,-44.55471471816946,84.66456738527306,46.715179514882536
16.91,3.5446513853644466,-1.0381775160747104,2.277635741122345,-43.34372925484039,81.81843738144376,46.897680661568636
16.92,3.549367575666084,-0.8235965734574431,2.2915829864860235,-41.76557273987219,78.70220599755187,46.96033496666317
16.93,3.525461118620992,-0.6163781084308252,2.272105283928746,-39.93095958403916,75.42786935992291,46.93025256014707
16.94,3.480013985592391,-0.4180343288255892,2.227340944721944,-37.928662643103884,72.08364489736445,46.82963864640587
16.95,3.418784883967487,-0.22958435180243061,2.1639159671304555,-35.82926869390181,68.73816607607179,46.676596139847675
16.96,3.3464294173489275,-0.05165384827216185,2.087194953550559,-33.688337878201764,65.44399999295598,46.48580428107894
16.97,3.2666858816980158,0.11544251924745266,2.001492928254223,-31.54905744308451,62.2405915700555,46.26909169731727
16.98,3.1825318484387553,0.2716331206414161,1.9102539100077438,-29.44446683739967,59.15672273736521,46.03591969260416
16.99,3.0963159347177784,0.41703351669864724,1.8162012411939121,-27.399319860587845,56.212561853940365,45.79378925629874
17.0,3.0098685174201902,0.5519007806065485,1.7214639441146673,-25.431639833644606,53.421367382975404,45.548583308872736
17.01,2.9245945960920334,0.676596314214058,1.6276827487865788,-23.554015440615494,50.790900235158865,45.30485401617357
17.02,2.8415515376362253,0.7915557490977128,1.5360989000387206,-21.77467777344296,48.32459099331247,45.066063557448054
17.03,2.7615140313554316,0.8972647422258593,1.4476283924030369,-20.098393031803944,46.02250123012831,44.83478549440121
17.04,2.68502823699427,0.9942396628673174,1.3629238882381691,-18.527200135364637,43.88211215784469,44.61287282903095
17.05,2.61245681260847,1.083012326126132,1.2824262383582208,-17.494689962538217,41.313265631286214,44.45573854102823
17.06,2.544016256241085,1.1641180632129409,1.206407237069538,-16.89074172142833,38.45651959327604,44.35065542144759
17.07,2.456113310643538,1.2407831890573269,1.0815617011286789,-16.624347900556256,35.42398714865456,44.28706590143354
17.08,2.3546829568166117,1.3128505793279142,0.9212840610938229,-16.620556586129883,32.30425155591851,44.25623850483789
17.09,2.2444805303426114,1.3802717753268339,0.7363830544875453,-16.817879554988913,29.16649692154375,44.25097628705625
17.1,2.1292838986618516,1.4430822726490249,0.5355188610782462,-17.166097475599905,26.06397387457645,44.26536963145693
17.11,2.0120635259896784,1.5013812897761865,0.3255713557949039,-17.624403438636445,23.036901934326856,44.29458686964718
17.12,1.8951252949439572,1.5553152827364165,0.11194986962804968,-18.159834528482605,20.1148952467244,44.33469713217336
17.13,1.7802302384410775,1.6050645854288363,-0.10114667243138639,-18.74594843276353,17.3189854976737,44.38252064360476
17.14,1.6686947227054183,1.6508326517803946,-0.31051167068890173,-19.361708337091684,14.663304807030608,44.43550236886309
17.15,1.5614740978030321,1.6928374580217378,-0.5137483776252978,-19.99054471170087,12.156482000022137,44.491605512125524
17.16,1.4592323834589704,1.7313046931436764,-0.7091175379730807,-20.619567190515703,9.802797616530931,44.54922187943386
17.17,1.3624001742977516,1.7664624248285408,-0.8954104648335227,-21.238903679131496,7.60313615703718,44.60709655316315
17.18,1.271222620810291,1.798536978386819,-1.0718435734480247,-21.841147198866533,5.555768209033571,44.664264700968964
17.19,1.1857990623462933,1.8277498087925819,-1.2379709913958776,-22.420893859306382,3.656990104952159,44.719998662555156
17.2,1.1061156494231343,1.85431518193461,-1.3936123740216417,-22.974357820278982,1.9016445079999502,44.773763732167154
17.21,1.0320720887566042,1.878438511653747,-1.5387934892504043,-24.63600438695677,2.544323027395916,42.73174378964873
17.22,0.9635034706094701,1.9003152248503712,-1.6736975073278881,-27.120140033523253,5.012946909005391,39.1170450088198
17.23,0.8638245993622976,1.86374914237825,-1.7521958726164633,-30.195179262401915,8.840987960409436,34.354743660859846
17.24,0.7418844229486452,1.7830091395108718,-1.7862821230308965,-33.674581558537106,13.65001964100926,28.788220056002068
17.25,0.60480575002337,1.669710041385678,-1.785832750332089,-37.40920866716347,19.13498115207773,22.692940717032798
17.26,0.458278519970841,1.5332531843619255,-1.7589490626356257,-41.280888724281105,25.051748915988316,16.288071508805814
17.27,0.3068067263373292,1.3811983065724598,-1.7122466601393393,-45.1970049441949,31.20666884592004,9.746248638306938
17.28,0.1539159979876509,1.2195770515997055,-1.651100279163443,-49.08595328531336,37.44775340405651,3.2017866024826898
17.29,0.002327815376371417,1.053156871204945,-1.5798506393668434,-52.893336401399154,43.65729080944136,-3.242438824984042
17.3,-0.14589454030064525,0.8856628288526293,-1.501978967657465,-56.57878078088048,49.745650904041625,-9.509229576872883
17.31,-0.2892239604236635,0.7199637053508152,-1.4202540476353245,-60.11328074671961,55.6461039935943,-15.542253299774138
17.32,-0.4265677045737296,0.5582278653986323,-1.336855936249071,-63.4769873338977,61.31049620288316,-21.302033145436443
17.33,-0.5571826695546596,0.40205353691338863,-1.253479883215079,-66.65737232511378,66.70564817244988,-26.7626140874992
17.34,-0.6806050541563924,0.2525774645276022,-1.1714234694356933,-69.64770820393369,71.81036383395488,-31.908799291773818
17.35,-0.7965921446459006,0.11056530809899073,-1.0916595359259185,-72.44581373296872,76.61295301488911,-36.73386611548761
17.36,-0.905074289791838,-0.02351334773071166,-1.0148970940836546,-75.05302250155853,81.10918615318423,-41.23768500996398
17.37,-1.006115427641199,-0.14942293816703517,-0.9416320824531142,-76.51685387904826,87.09928364729792,-47.502207569641776
17.38,-1.099880776500222,-0.26711075056098543,-0.8721895566351519,-77.08241457620369,94.1395257654897,-55.01688570799443
17.39,-1.1866105158375957,-0.37666489207258824,-0.8067586609833501,-76.95139989783513,101.8737810783945,-63.371297365358274
17.4,-1.29982716758281,-0.45467103335377496,-0.7432034336720745,-76.28911680193053,110.01854250423733,-72.23809231606874
17.41,-1.431553851456758,-0.5073043910010308,-0.682077315360753,-75.23042949722341,118.35033577551954,-81.35863705464287
17.42,-1.5753940492437377,-0.5396893149653199,-0.6237660792261357,-73.88478720928791,126.69514103360248,-90.5309504630099
17.43,-1.7262611530299607,-0.5560655174541457,-0.568521100322661,-72.34047067306716,134.9195210119222,-99.59958186218137
17.44,-1.8801509332251944,-0.5599291643994319,-0.5164869274071466,-70.66817411138148,142.92319444826197,-108.44713435745044
17.45,-2.0339504222305265,-0.5541525165231755,-0.4677240617779692,-68.92402247647554,150.6328320409555,-116.98718030918066
17.46,-2.185277665027882,-0.5410852780472422,-0.4222277105653495,-67.15210917043075,157.99688535347155,-125.15835334551815
17.47,-2.3323476061535464,-0.5226403567446175,-0.37994316494060393,-65.38662698032722,164.98128736846866,-132.91943347731532
17.48,-2.473860082856734,-0.5003663489231609,-0.3407783539944612,-63.65365427258661,171.5658875773185,-140.24526935201447
17.49,-2.6089064934129755,-0.4755087281079337,-0.3046140400826572,-61.97264933583853,177.74150515007355,-147.1234051568308
17.5,-2.7368922219105207,-0.44906142891958895,-0.27131204911764073,-60.35769792589331,183.50750136749423,-153.55129972369284
17.51,-2.8574723386991017,-0.4218102712766439,-0.2407218677675869,-58.81855236318692,188.86978754383986,-159.53404249013886
17.52,-2.9704984696981853,-0.3943694588425665,-0.21268588723758336,-57.361494801690036,193.83919749848198,-165.0824855536657
17.53,-3.0759750470303246,-0.36721220465331095,-0.18704352890621215,-54.53645862489258,195.14016451846607,-170.10016089052738
17.54,-3.1740234258153945,-0.34069638184195417,-0.1636344494195965,-50.70820501101808,193.61215230691536,-174.63306600952262
17.55,-3.197702552919348,-0.2712991677857286,-0.08764458466547523,-46.171679509598256,189.94207806202633,-178.72399228797954
17.56,-3.164072735343948,-0.1701552200272789,0.027415102172296923,-41.16376655523623,184.689332482939,-182.41260779354846
17.57,-3.0870912228980334,-0.0462855534617896,0.17058981393602407,-35.87319622212724,178.30692831327934,-185.73556949635048
17.58,-2.978121405198848,0.09304802802525358,0.33305298678737727,-30.448881494869934,171.15935435036366,-188.72665622980278
17.59,-2.846363194691677,0.24204408216337642,0.5077454005831418,-25.006923633456214,163.5376281076569,-191.41691545963656
17.6,-2.6992163429800673,0.39610990357907394,0.6890712580114124,-19.636488339038582,155.6719684982774,-193.83481833154622
17.61,-2.5425867324043026,0.5516499871070444,0.8726426291985039,-14.404725561452604,147.74244833643564,-196.00641863454666
17.62,-2.381144222238415,0.7058884887595991,1.055064919182394,-9.360880222965644,139.88793369164372,-197.95551227849157
17.63,-2.2185393750451823,0.8567204902004677,1.233757095589085,-4.539719257202726,132.21357193716798,-199.70379467341044
17.64,-2.0575853143027825,1.0025876398942504,1.4068013385318783,0.035618345603301016,124.79705164175425,-201.27101404337319
17.65,-1.9004100441359015,1.142374400755205,1.572817566120394,4.3512577861016135,117.69382434305071,-202.6751192321982
17.66,-1.74858377409976,1.2753216957775733,1.7308589658972202,8.400633954825297,110.94144992149565,-203.93240098251425
17.67,-1.6032251177580303,1.4009552232825493,1.8803252412592086,12.182880803460222,104.56320308434418,-205.05762601037318
17.68,-1.4650894571564244,1.5190261236647569,2.0208907764385557,15.70150915939227,98.57105778583221,-206.0641634690406
17.69,-1.3346422723652507,1.6294620298376228,2.152445345928391,21.72559161691224,92.95174252938035,-204.65465059412912
17.7,-1.2121198141288012,1.7323268325350105,2.275045354663915,29.57378608256171,87.70567707476283,-201.4173728212417
17.71,-1.1621626068207571,1.8882555590918384,2.369332230810427,38.69593826590956,82.82735077240312,-196.8312950135429
17.72,-1.1685437511189614,2.0823749660010997,2.4404686323786873,48.65093069900543,78.30679860696516,-191.2841996449369
17.73,-1.2179592404860404,2.302700996822236,2.4927689455734696,59.08801969154749,74.1308008926929,-185.0879985713958
17.74,-1.2995507832751159,2.539648879844321,2.5298306862136393,69.73113434690707,70.28385264437988,-178.49164158428783
17.75,-1.4045022491093282,2.785620557785537,2.554646305044181,80.36568873387132,66.74894145982178,-171.69198330377878
17.76,-1.5256987893713136,3.034657771243882,2.5696982428199995,90.82752425304909,63.50816663945977,-164.8429171311425
17.77,-1.6574392688004695,3.282150828872241,2.577039675760548,100.99365570909069,60.54322707950355,-158.06303970004376
17.78,-1.7951940066634096,3.5245945631678253,2.5783630435468967,110.77454293779299,57.83580107141983,-151.44207048404562
17.79,-1.9354009933606071,3.7593842259383847,2.5750581525779,120.10765119199019,55.36783740786479,-145.0462180142338
17.8,-2.0752947489043896,3.984645151716807,2.5682613899207323,128.95209885236005,53.12177403408258,-138.92265574806174
17.81,-2.212762846915967,4.199090936270336,2.5588973624188265,137.2842212508876,51.08069780987303,-133.1032463294603
17.82,-2.3462258618480187,4.401905662939908,2.547714085699886,145.09390520834015,49.22845668805833,-127.60763220694574
17.83,-2.474537125438996,4.592646380812863,2.535312684997886,152.38157092250944,47.54973370904304,-122.44579282866201
17.84,-2.5968992159158533,4.771162611984144,2.5221724300073256,159.15569664238112,46.03009060465566,-117.62015347921567
17.85,-2.712794563063512,4.937530154412403,2.5086718061863134,165.60962560537064,42.843096812161335,-107.58473975105808
17.86,-2.8219279450505708,5.091996864171345,2.4951062222266898,171.71756128632558,38.42933442709284,-93.71739585370213
17.87,-2.8699322696179976,5.1282283159528586,2.366560537285311,177.46515936570785,33.14529237560145,-77.1329076689499
17.88,-2.8703845920271527,5.073369781911316,2.151991738856985,182.8470677488957,27.27750561155958,-58.72723851704662
17.89,-2.8344228452462374,4.949627642068395,1.8749141316406575,187.86490263994742,21.054473470159405,-39.214816267666826
17.9,-2.771143479035127,4.775079962468841,1.5543075553087713,192.52559009340973,14.656691463928658,-19.159917775678124
17.91,-2.687937800544822,4.5643615989868564,1.2053835897529714,196.84001329850727,8.225081936284356,0.996956300620699
17.92,-2.590776127942169,4.329242530086792,0.840231060034422,200.82191507587092,1.8680671114272442,20.916954276214785
17.93,-2.484447548481666,4.0791154065525745,0.46835904415561974,204.48701291985446,-4.332507787470033,40.34434401883815
17.94,-2.372761940012193,3.821405977494305,0.09715292193348019,207.85229059853165,-10.316424385259042,59.09102761836482
17.95,-2.2587199438400622,3.561918055598219,-0.26774327979805607,210.9354359994168,-16.040963274421582,77.02362864584047
17.96,-2.1446557445232735,3.3051229739028054,-0.6221069455019188,213.7543997282286,-21.477470185273813,94.05275081303526
17.97,-2.032356799038181,3.0544020211375233,-0.9628697060329713,216.32705305609656,-26.60850719225015,110.1240669439651
17.98,-1.9231640470411855,2.8122490882213307,-1.2878948554077931,218.67092727499397,-31.4254963508375,125.2109485138338
17.99,-1.8180556111834674,2.580439685078912,-1.5957923782821446,220.8030194539155,-35.9267771698991,139.30838984836086
18.0,-1.71771654918016,2.36017156884364,-1.8857656633221613,222.73965206818488,-40.116011278713465,152.42801848185252
18.01,-1.622596836877938,2.152181439712828,-2.1574848711915156,223.0630168967945,-42.15736218579457,164.5076088968406
18.02,-1.5329594346953315,1.9568414902265372,-2.4109826886041223,222.1461710015613,-42.522343908625494,175.60217645055272
18.03,-1.2289203387321588,1.8365931306163061,-2.67852839742621,220.294114487999,-41.59815263534565,185.7692332580737
18.04,-0.7654805568426646,1.7757156501238431,-2.952649121408337,217.7549757278029,-39.7013787755635,195.06730438792457
18.05,-0.187240871382854,1.7612452095886162,-3.2275207050601473,214.72946366565583,-37.0896084645496,203.55477599690528
18.06,0.46985749516267045,1.7825312596540108,-3.498672297152,211.3788456701736,-33.971227906671,211.28901560382948
18.07,1.177064877437171,1.8308607783032347,-3.7627390270793244,207.83167185066105,-30.51369857475346,218.325714465321
18.08,1.9115868595311296,1.8991403038580588,-4.017255366756818,204.1894345693052,-26.850532358523573,224.7184102738798
18.09,2.6555446761416426,1.9816271858631889,-4.260482871091824,200.53132428249674,-23.087162374870637,230.51815537302826
18.1,3.395102462669354,2.073702717619254,-4.491266931112503,196.91821919911996,-19.305876537779003,235.77330156811024
18.11,4.119735885750424,2.171680879157191,-4.708917978142202,193.39602599154838,-15.569956466602925,240.52937756796817
18.12,4.821620445832018,2.2726473328478427,-4.913113264490844,189.99847145775846,-11.927143311068068,244.8290392621099
18.13,5.495120961428363,2.3743240968790005,-5.103815932718853,186.74943019817306,-8.412534093376255,248.71207653946664
18.14,6.136366497409496,2.474955992826621,-5.281208586007191,183.66486068383153,-5.050996784621957,252.21546329026376
18.15,6.742897353123027,2.573215538273602,-5.445638998899712,180.75441124810393,-1.8591791765972285,255.37343968868242
18.16,7.313372737136152,2.668123447470922,-5.597575971287741,178.02274826999837,1.1528246354310363,258.21761790483606
18.17,7.84732947275345,2.758982324083387,-5.737573638095955,171.31166654816758,5.736111653461566,254.86702594681563
18.18,8.34498354419867,2.845321490176002,-5.866242810525744,161.65870300257578,11.450798516430854,246.82591607353723
18.19,8.807067543520812,2.926851203431661,-5.984228148627836,149.9041887410668,17.942421403447483,235.31927076315944
18.2,8.928206393884315,2.847855652589405,-5.881330389539941,136.72433899801982,24.92745432626572,221.33911621672706
18.21,8.786416320039429,2.6471922519040936,-5.610926786651709,122.65915192915541,32.18111316832553,205.68362107622843
18.22,8.445536758501323,2.3565122693184004,-5.216501578398974,108.13589701816305,39.527100310397486,188.9900604049681
18.23,7.957555551097127,2.001455215943129,-4.733285222417989,93.48885977352572,46.828995258071366,171.76256769720678
18.24,7.364574352442396,1.6026572342035756,-4.189638399519767,78.97591163663893,53.983040010851816,154.39546284755815
18.25,6.7004678667154565,1.1766013226497989,-3.6082189819958197,64.79239028751249,60.91210500890478,137.19282846505286
18.26,5.992282746913339,0.7363331822000356,-3.0069646001103627,51.08270384384518,67.56065324164994,120.38490794618077
18.27,5.261415315394321,0.29206299369631006,-2.3999186733525852,37.95001110035231,73.89054725981968,104.14181398726026
18.28,4.524601542584537,-0.14832954115335972,-1.7979236876575277,25.464277482672586,79.87756705092121,88.58496370641079
18.29,3.7947478174241627,-0.5788721140671168,-1.2092020003651003,13.668961533469785,85.50852657768768,73.79659452722275
18.3,3.0816268432009988,-0.9951460821719134,-0.639841458526131,2.5865484234009237,90.77889372196687,59.827661959919055
18.31,2.392459396636373,-1.3939913689682122,-0.09420055214119916,-7.776885745611189,95.6908328367749,46.704375119953426
18.32,1.7323996110378885,-1.7732608640315002,0.4247543691869705,-17.427923003985914,100.25160144285019,34.43358714685547
18.33,1.1049388125165818,-2.131616557688838,0.915169162560304,-25.40601526424178,102.57021175933205,24.634177805782734
18.34,0.5122406884531345,-2.4683608144313487,1.3760701893217577,-31.978601318746403,103.13594134914891,16.880033500808562
18.35,0.09144200458497759,-2.669140373274344,1.7503271912278433,-37.37240002737109,102.35078210777199,10.812953743862579
18.36,-0.19117119094822038,-2.7626847796811003,2.052399595949255,-41.779411569484196,100.54361671815884,6.132330902702957
18.37,-0.3635702907947591,-2.772665641153756,2.2944857871273787,-45.362054631891354,97.98221483051505,2.5863488695853882
18.38,-0.4488929876960972,-2.7185122125757304,2.486862436824264,-48.25756177917353,94.88337252856097,-0.035517825607521925
18.39,-0.4662146464534327,-2.6161021154991837,2.638174333673063,-50.58173819226185,91.42147182036862,-1.9088920480894764
18.4,-0.43120235946368274,-2.478345664370278,2.7556817807342835,-52.43217425552851,87.73569671846559,-3.1799302489258245
18.41,-0.35666896224553546,-2.315679605468924,2.8454716420665567,-53.89098979997442,83.93610801984507,-3.969944961301688
18.42,-0.2530417993403049,-2.1364837852871235,2.9126372602417887,-55.02717689181621,80.10874935965364,-4.379332085444119
18.43,-0.12875889650129552,-1.9474323013153207,2.961431729465923,-55.898598651322956,76.3199318017,-4.490904538530604
18.44,0.009396636867653782,-1.7537890041913575,2.995398374192746,-56.55369348826839,72.61982254949017,-4.3727193145104035
18.45,0.1560147227771985,-1.5596557766403332,3.0174817369649576,-57.03292716830054,69.04544480093124,-4.0804725130807125
18.46,0.3068210428832999,-1.3681807777865749,3.030121909447355,-57.37002912382046,65.62317988717625,-3.659526172719219
18.47,0.4584776310444823,-1.1817327821362509,3.0353346366690754,-57.5930442597057,62.37084925184546,-3.1466215344312127
18.48,0.6084155714953176,-1.0020468357455927,3.0347792772502507,-57.725227062809935,59.299442214610245,-2.5713254592664705
18.49,0.7546948919733739,-0.8303456762317202,3.029816403988178,-57.47080100483021,57.19767057337375,-1.9917030664174258
18.5,0.8958874671523018,-0.667440699787791,3.021556572834588,-56.92435294473901,55.87111621409309,-1.4178249364796038
18.51,1.0008745095994138,-0.5547100193887233,2.9008711150320807,-56.16286379022014,55.15881499817363,-0.8573116036134649
18.52,1.076501268510493,-0.4821554512802384,2.6959954971046596,-55.24863206581944,54.927931051638836,-0.315788714331367
18.53,1.1284673922313118,-0.44149438427092585,2.4298629693617175,-54.23174168204673,55.06923976364128,0.20273332143666684
18.54,1.1615063714514493,-0.42588710821268777,2.120988940787251,-53.152142174438765,55.49330053121125,0.6955434219241199
18.55,1.1795380216129383,-0.429705504539776,1.7842171073351238,-52.04139973620081,56.12721739183183,1.1609676641422617
18.56,1.185797940930126,-0.44833701884426896,1.431348076921228,-50.924168842296744,56.91190037274709,1.5981523548383034
18.57,1.1829473175803147,-0.4780187091892047,1.0716682086836946,-49.81942695724055,57.79975299293616,2.006885128108112
18.58,1.173165975990923,-0.5156969141534647,0.7123937906786504,-48.74150856153752,58.752722171003796,2.38744795251612
18.59,1.1582311367116866,-0.5589087286705785,0.3590434582891845,-47.70096937480337,59.74065607028989,2.740496865695437
18.6,1.1395840076274013,-0.6056820283997659,0.01574985289273112,-46.70530706972873,60.739923367082525,3.06696405132186
18.61,1.1183860180530671,-0.6544512574361787,-0.3144801083153774,-45.75956085069144,61.732254244828724,3.3679785520151864
18.62,1.0955662445031384,-0.7039866006447419,-0.6295483737979077,-44.86680891969897,62.70376925677771,3.6448024892332764
18.63,1.0718613515586126,-0.7533345102787241,-0.9280855243423777,-44.028579989412556,63.644167199414,3.898780152271607
18.64,1.0478491780298569,-0.8017678549941367,-1.2093013970351378,-43.24519255857746,64.54604741800406,4.131297735656085
18.65,1.0239769330151867,-0.848744214932591,-1.4728616683618583,-43.15368979811656,65.04395496945577,3.4867987176902
18.66,1.0005848245974676,-0.8938710652771484,-1.7187862406532246,-43.59334096904311,65.22479114213823,2.18090416147116
18.67,0.9372321662058158,-0.9968262934272448,-1.8780313625535952,-44.43278731914246,65.16004397525234,0.3890332487179702
18.68,0.8442745970277417,-1.1424476978948617,-1.9684243252186664,-45.56521050407567,64.908283738492,-1.7469153289949089
18.69,0.7301032300472202,-1.3184600591607736,-2.00468996342757,-46.904249965913976,64.51727537380843,-4.112924172415786
18.7,0.6014739767332706,-1.5149903035806003,-1.9989477182527062,-48.380557523166516,64.02576466688181,-6.618104018590899
18.71,0.4637852362783206,-1.7241587672210832,-1.9611329099430024,-49.938893660388516,63.4649867089711,-9.190693228653238
18.72,0.3213117125506507,-1.9397351102079983,-1.899353401863026,-51.535683927005536,62.85993816761803,-11.77469602653451
18.73,0.1774009879380496,-2.1568491054603554,-1.8201912253351844,-53.13696578852473,62.23044884427556,-14.327062308872756
18.74,0.034638511469994845,-2.371747959552623,-1.7289573522851933,-54.716666498304676,61.59208281789967,-16.81532616083684
18.75,-0.10501417381757827,-2.581593051599006,-1.629906615851838,-56.25516131519393,60.95689503492595,-19.215632466858764
18.76,-0.24010385202497675,-2.7842900275157834,-1.5264187611473654,-57.738068888824856,60.33406540366598,-21.51109149073713
18.77,-0.36958920171462595,-2.978347086772132,-1.4211507354963258,-59.155247048498154,59.73042919530028,-23.690410266976237
18.78,-0.4927605287939726,-3.1627570682844595,-1.3161645793651184,-60.49995771686524,59.150919767093725,-25.7467573102378
18.79,-0.6091731303266915,-3.3368995999378903,-1.213034638274583,-61.76817435800776,58.59893723976224,-27.67682369788747
18.8,-0.7185921357138249,-3.500460138236019,-1.1129372671541014,-62.95800937453864,58.076654722902795,-29.48004917127726
18.81,-0.8209469970928203,-3.653363204460586,-1.0167257288407,-63.88275794384293,59.38886565963692,-33.90712731229011
18.82,-0.9162940785065383,-3.795717533219073,-0.9249925865563658,-64.59010050559398,62.08510735089216,-40.27391955599854
18.83,-1.0620012489872515,-3.958731979718242,-0.8311963434549794,-65.11993936528472,65.79886881215177,-48.02632428077533
18.84,-1.2439886881211217,-4.13501722813607,-0.7372861050889963,-65.50559822090287,70.23364132448877,-56.718457237545444
18.85,-1.4509096542060989,-4.318708477266345,-0.644755936573025,-65.77484334128391,75.15114460230166,-65.99425504448591
18.86,-1.673687211767939,-4.505199769924424,-0.5547281679190309,-65.95075224061807,80.36140263371618,-75.57198691160463
18.87,-1.9051240728423489,-4.690920919460697,-0.46802298304458184,-66.05245201916114,85.71439074161611,-85.23123498312356
18.88,-2.139574512214282,-4.873150535207833,-0.3852164198900102,-66.09574638055878,91.09301612513924,-94.80196814751892
18.89,-2.3726689343550706,-5.0498596076516105,-0.3066885915390099,-66.09364762005762,96.40722902619385,-104.15538938045415
18.9,-2.601083055457314,-5.219580934871821,-0.23266366683997822,-66.05682754373552,101.5890915437795,-113.19628395910058
18.91,-2.8223448504346984,-5.381300373917424,-0.16324291719790746,-65.99399927368054,106.58865669718446,-121.85663634026582
18.92,-3.0346734301762157,-5.534366501094253,-0.0984319382969797,-65.91224017201844,111.37053222561663,-130.0903180955288
18.93,-3.236844882944312,-5.678415778134415,-0.03816298666506659,-65.81726463837062,115.91102232979723,-137.8686788754094
18.94,-3.4280808564238807,-5.813310759334939,0.017686772969758548,-65.71365426669695,120.19575656065744,-145.17689764632718
18.95,-3.607956291487552,-5.939089248701983,0.06928043623751906,-65.60505175921716,124.21772872864952,-152.01097302333724
18.96,-3.7763232606536823,-6.0559226351126565,0.11680937473568696,-65.49432406194018,127.9756803771333,-158.37524993662092
18.97,-3.9332483267237874,-6.164081905409693,0.16048361866810165,-62.56619940211967,130.598320211486,-165.29266140246904
18.98,-4.078961231578653,-6.263910066958836,0.20052420201216758,-57.52675714066148,132.3107581907328,-172.52548195597043
18.99,-4.213813061364743,-6.355799908348667,0.23715712985352794,-50.94957862578472,133.29956603123844,-179.8867747710579
19.0,-4.350196383210894,-6.164562288344808,0.2766875413281081,-43.297839206179304,133.7188944242625,-187.23140896118647
19.01,-4.485621264261683,-5.759543293523965,0.3178186760300818,-34.942947522322356,133.6956631091674,-194.44852898236013
19.02,-4.6181963253121046,-5.197176355402946,0.3595326904733104,-26.180250068708098,133.333960006842,-201.45525346759683
19.03,-4.7465180075958315,-4.52312688160087,0.4010411907427618,-17.24224347033612,132.7187660533922,-208.19141380054998
19.04,-4.869578170475625,-3.774102489446142,0.4417437739062049,-8.309672161108569,131.91910557257293,-214.61517094920862
19.05,-4.986687167516786,-2.979378931555082,0.4811933489234316,0.47916632816109406,130.99070760174925,-220.699373204444
19.06,-5.097409975133975,-2.162084505489191,0.5190671899690671,9.020633775755662,129.97825120843504,-226.42853808416416
19.07,-5.201513312604416,-1.340279483884225,0.5551428309263652,17.239247340699073,128.91725721654703,-231.79635927200985
19.08,-5.298922003595779,-0.5278617410322316,0.589278043051072,25.082260064785448,127.83567965687423,-236.80365448970406
19.09,-5.3896830950798575,0.2646748392924545,0.6213942516613776,32.515156321276805,126.75524245248609,-241.45668302372457
19.1,-5.473936476136732,1.0296065204895977,0.6514628449464339,39.51791815325805,125.69256016393132,-245.76577255721332
19.11,-5.5518909323187655,1.7614511432735105,0.679493910978017,46.08194016284904,124.66007589357014,-249.74420426945917
19.12,-5.623804735765654,2.456528414728795,0.7055270097994163,52.207489152022625,123.66684454761284,-253.40731309181209
19.13,-5.68997001128334,3.11259510045661,0.7296236478064343,60.1284957038583,120.74606046168282,-252.63137590749147
19.14,-5.750700237675266,3.728543264522334,0.7518611730335819,69.3003837247347,116.39513106055385,-248.46891814281645
19.15,-5.6516712822929085,4.274658042251993,0.7542664630819671,79.28666712001922,111.01722992436834,-241.77869396138064
19.16,-5.431874030792464,4.758773590166075,0.7414501154146063,89.74043629578361,104.93708325878303,-233.25768336994727
19.17,-5.123047884631304,5.18785667231645,0.7171799568034298,100.38878412885661,98.41428215140081,-223.4681177238507
19.18,-4.750884399529301,5.568101099707885,0.6845196954166943,111.01972581153974,91.65449250432066,-212.86027657724782
19.19,-4.336043318755436,5.905012112871517,0.6459460781765891,121.4712324465387,84.81888021976991,-201.7916907684855
19.2,-3.8950090956823917,6.203481746186305,0.6034477606306243,131.6220543319826,78.03202267035184,-190.54329398101925
19.21,-3.440811907772055,6.467856110033779,0.5586086306246416,141.3840578640884,71.38853761422938,-179.33298561278698
19.22,-2.9836336559692644,6.701995433760223,0.5126779274853009,150.6958410392305,64.95862657728829,-168.32699975878435
19.23,-2.5313164373082335,6.909327627960779,0.4666291559022855,159.51742764146067,58.79270050873514,-157.6494168587076
19.24,-2.0897884036879404,7.092896048083691,0.4212095002230661,167.82587020189533,52.92523052642514,-147.39010470304405
19.25,-1.6634197153897794,7.25540207211399,0.3769811935276783,175.61161744032353,47.37794520361866,-137.61133283850407
19.26,-1.2553194116085347,7.399243042510405,0.33435608069015205,182.87552377224006,42.16247759391341,-128.353267944739
19.27,-0.8675824069696358,7.526546066055936,0.2936244305381374,189.6263971236724,37.28254960220292,-119.63852658943858
19.28,-0.5014944439340784,7.639198114300858,0.2549788947883428,195.8789972033054,32.735768005390156,-111.47593515195172
19.29,-0.15770165279850967,7.738872821327426,0.21853437687383842,200.25459741734775,28.803298220246166,-99.63463954900159
19.3,0.1636496349896368,7.827054334186402,0.18434445883189232,203.1247508559529,25.402605756303952,-85.16185631316475
19.31,0.43714901728072336,7.796918518497392,0.14754262378677901,204.79745045963568,22.462191123655945,-68.90047759645897
19.32,0.6697383565773252,7.676666870258972,0.10931606845869572,205.52721353964853,19.92012068422769,-51.52378950716144
19.33,0.8673717357797652,7.489299219728636,0.07059600159096482,205.52363829560133,17.722752368349376,-33.56470343086862
19.34,1.0351539364850746,7.253473499483087,0.032103090995499524,204.95865676038392,15.823630495749583,-15.440329615724604
19.35,1.1774597317674977,6.984231846490666,-0.005614451350958276,203.97267636997708,14.182527335544279,2.527399283615729
19.36,1.298036626096736,6.693613020816927,-0.042149015782606304,202.67977467466596,12.764611988894213,20.094451155241675
19.37,1.4000933166597975,6.391168216460206,-0.0772070101789836,201.17208794427674,11.539729739288784,37.08024949202964
19.38,1.4863758404243321,6.0843948472424,-0.11058672447966336,199.5235140265682,10.481777239758241,53.355622492194954
19.39,1.5592331032999236,5.779100754446856,-0.14215994754612657,197.79283232353245,9.568160837933945,68.83277339088099
19.4,1.620673256074987,5.479709452862035,-0.17185674415097923,196.0263287489655,8.779327017194502,83.45695501032996
19.41,1.6724121815422233,5.189515464885187,-0.1996528892992105,194.2600006723601,8.098355388547201,97.19957918755918
19.42,1.7159151841414788,4.910897451201581,-0.2255595334080249,192.52140583757847,7.510605932418062,110.05253244531968
19.43,1.7524328238793232,4.645495699300047,-0.24961473696933553,190.83120981036163,7.003413287375158,122.02350401070944
19.44,1.783031707055496,4.39435955019887,-0.2718765688058181,189.20447843311183,6.565821835898947,133.13216191216864
19.45,1.808620934689511,4.158069505571425,-0.2924175092930342,185.67425474688756,7.3646843209265525,142.4768037287207
19.46,1.8299748131172802,3.9368380416289837,-0.3113199401458553,180.741829506702,9.097724624761335,150.32486070188213
19.47,1.8901108479585833,3.747120998272599,-0.39039036470276745,174.8129128461427,11.518916066372945,156.9044690141169
19.48,1.9789998457596034,3.5844965119798577,-0.5142914340556726,168.213696764681,14.429142106569756,162.4101149404511
19.49,2.0885139402360156,3.4451557722872925,-0.6705800116218708,161.20439544036375,17.668312979430286,167.00748269748118
19.5,2.2121079666283308,3.3258188501431833,-0.8492232661393995,153.9906429351777,21.108720194910532,170.83761610993417
19.51,2.3445507842313793,3.2236619902181127,-1.0421905193459542,146.73307237753247,24.64944262246712,174.0204898927508
19.52,2.481699038580098,3.1362548163658226,-1.2431094707174422,139.5553531634364,28.211645096339083,176.65807311877052
19.53,2.6203069514630224,3.061506108004447,-1.4469770823812775,132.5509219969654,31.734633817017006,178.83695602433608
19.54,2.757866666772401,2.997616985852699,-1.649916830649194,125.78860872893345,35.17255280914515,180.63060145165446
19.55,2.892474485262826,2.9430405019263186,-1.8489752499379242,119.31732812170691,38.49162280610037,182.10127372488802
19.56,3.022719010587325,2.896446764202585,-2.041951738925578,113.16998315489742,41.66783857242388,183.30169042275608
19.57,3.1475878188734683,2.8566928436921857,-2.2272564923860383,107.36670367788864,44.685053197071205,184.27643618483074
19.58,3.2663897686726484,2.8227968132437207,-2.4037921865606715,101.91752558333677,47.53338859411257,185.06317223415618
19.59,3.378690499477136,2.793915355349682,-2.5708556994981144,96.82459976745585,50.20792059193936,185.69367059638728
19.6,3.4842590355699907,2.7693244523472194,-2.728056706286186,92.08400656830553,52.707594799776444,186.19469794252691
19.61,3.583023726710302,2.748402738293034,-2.8752504660725817,85.69114598507629,54.65972669640521,183.20470795843806
19.62,3.6750360257597547,2.7306171488094693,-3.0124825248766567,78.13315663252459,56.16214445013027,177.58862642439445
19.63,3.7582949105669954,2.6023194451609677,-2.969769358572329,69.801209149594,57.296774535792736,170.04969482138614
19.64,3.8335510425199297,2.391415555724443,-2.7899530225178855,61.00688665251286,58.1320885930063,161.15637694062377
19.65,3.9015041897570217,2.1205616785664096,-2.50797670237436,51.995969574239595,58.72518703379471,151.36506515784282
19.66,3.9628042213954666,1.80804068388969,-2.152190024414874,42.960017849089134,59.123571980120296,141.03921604043487
19.67,4.018052648409347,1.4685014429045504,-1.7454514580956604,34.04608571812879,59.36665464246144,130.4654531686626
19.68,4.067804558960453,1.1135816577299193,-1.3060581423497677,25.364855028516523,59.487035827027924,119.86709637357662
19.69,4.112570825492386,0.7524317650535624,-0.8485290546326034,16.997430609461553,59.511592736664326,109.41550918087677
19.7,4.152820485407579,0.3921549133942646,-0.38426365849551514,9.001005122849756,59.46240048409431,99.23959851488974
19.71,4.188983217445655,0.03817580957082939,0.07790507696093552,1.413569842118073,59.35751265815642,89.43375129382328
19.72,4.221451852639719,-0.3054506575685324,0.5312471700922657,-5.7421786359752165,59.21162178113903,80.06445026060327
19.73,4.250584872512679,-0.635781723697598,0.9707478949882489,-12.455608335828277,59.0366174880923,71.17577523109728
19.74,4.2767088584699025,-0.950772075519889,1.3927841235025447,-18.725490382030962,58.842057677976946,62.793965033020854
19.75,4.30012086555481,-1.2490954687038323,1.7948547809040751,-24.557814348935658,58.635565672138995,54.931189005852644
19.76,4.3210907012048985,-1.5299969186617914,2.175356943900496,-29.964002849394944,58.42316451654213,47.58865439121054
19.77,4.3398630956681705,-1.7931706081817635,2.533400382071185,-34.02867837553729,58.19424545184232,41.36400047701252
19.78,4.356659755559298,-2.0386593922176517,2.8686544303257566,-37.00274747562226,57.95625672337149,36.092484191501335
19.79,4.354342389607829,-2.173600220741728,3.1287879292968235,-39.09535120106821,57.71504260745833,31.633081344914626
19.8,4.337427056463612,-2.2217943203813846,3.3273426718012833,-40.48038606584608,57.47512802484578,27.865131019482387
19.81,4.309599456767828,-2.2028199229120373,3.4756487610343654,-41.30204735191279,57.23995706276983,24.685448254393915
19.82,4.273851959238746,-2.132716119804068,3.583165942462282,-41.67953728418398,57.012092481449656,22.005840383398148
19.83,4.232599344579937,-2.02456173742759,3.6577741603920577,-41.71106024351373,56.79338223197875,19.750971226176418
19.84,4.187776446722724,-1.888964792523293,3.706020699738416,-41.47720969294567,56.58509811547791,17.856524977269522
19.85,4.140920408570754,-1.7344758379477643,3.733330226742059,-41.04383646371472,56.388050946352614,16.267628240180347
19.86,4.093239872976733,-1.5679365783829413,3.7441831423113787,-40.46447514033923,56.2026859270793,14.937494359593629
19.87,4.0456730898973,-1.3947734799913902,3.7422668879455236,-39.782394203062076,56.02916138221256,13.826259132900772
19.88,3.9989366295724635,-1.2192446784104936,3.7306041793225173,-39.032326076036405,55.867413521576886,12.899981238512478
19.89,3.953566142299191,-1.0446472728499554,3.7116615714811134,-38.24192507134431,55.71720949512806,12.129784393769683
19.9,3.9099503920071665,-0.8734910518293879,3.687441269048146,-37.43299422288717,55.57819065464181,11.49112142836083
19.91,3.8683596083147234,-0.7076438036756817,3.6595586739190282,-36.62251600730456,55.44990764154074,10.963143198151538
19.92,3.828969045670279,-0.5484526011255679,3.6293078014933124,-35.82351681088499,55.33184866836116,10.528157628176432
19.93,3.7918785048070283,-0.39684479603055,3.597716386644041,-35.18141558533117,54.800180881577404,10.391009978848984
19.94,3.757128457820992,-0.25341190156669957,3.5655922348587543,-34.669472200370734,53.96015115604644,10.484037419538142
19.95,3.667297649068855,-0.20022284328083445,3.434513161853476,-34.265180027504606,52.89715728562357,10.751839109760494
19.96,3.536699238476299,-0.21695780110445592,3.229719837804849,-33.94962537909922,51.680065770993195,11.149267933371975
19.97,3.376928732890182,-0.286966850045909,2.971688935989418,-33.70694093924042,50.36401030243254,11.639732705615579
19.98,3.1973197562244016,-0.3966699836097417,2.676929746537144,-33.523839697172896,48.99274892334029,12.193764613964344
19.99,3.0053283403986573,-0.5350497892506489,2.358656074198104,-33.38921779782162,47.60064647804558,12.787808362325674
20.0,2.806856485463343,-0.6932229874874272,2.027352152029181,-33.29381636241484,46.214339192147364,13.403204242128478
20.01,2.606524167068128,-0.8640790457079695,1.6912485686181435,-33.229933742143785,44.85412987650424,14.025332286944243
20.02,2.407897623811352,-1.041975792693885,1.3567218630594096,-33.191180880652766,43.53515508989459,14.64289389489781
20.03,2.2136806043833306,-1.222483430344135,1.0286294343807005,-33.1722735041885,42.26835947061697,15.247309924504481
20.04,2.025874267565262,-1.4021695993209804,0.7105896931363654,-33.16885575495511,41.06130720787915,15.832217370226706
20.05,1.845910583633221,-1.5784192349544872,0.40521591166591564,-33.17735065390212,39.9188561440974,16.393049377572993
20.06,1.674763363378483,-1.749283874190227,0.11431097098282261,-33.1948334413162,38.84371617113797,16.926685627297914
20.07,1.5130404234431605,-1.9133558655708682,-0.1609708737742771,-33.21892441228454,37.83691031416688,17.431162058692028
20.08,1.36105986906388,-2.069663611072127,-0.41999000688870847,-33.24769835236523,36.898154106264535,17.905430559936082
20.09,1.2189130247881201,-2.217584547298526,-0.6625108274468089,-34.2853113009838,35.708978976678914,18.301582528702063
20.1,1.086516159252177,-2.3567730680453236,-0.8886107396327481,-36.07910391319202,34.34665772157932,18.631736652777548
20.11,0.9842192284629053,-2.469536934428882,-1.0694472702183462,-38.423818570770315,32.87305773374401,18.906202518823193
20.12,0.9065659497576364,-2.560307489403343,-1.212803453475783,-41.15369675281041,31.337284965967854,19.133743533157777
20.13,0.8489937996589517,-2.6328211254087375,-1.325223805446699,-44.1358114116722,29.777907613045986,19.3218023795521
20.14,0.8076958284949751,-2.6902237822658557,-1.4122023435893267,-47.26444908155588,28.224823270761338,19.476694271642252
20.15,0.7795030563773216,-2.735160179199183,-1.478342953361193,-50.45638346816126,26.700823957594007,19.603772528529365
20.16,0.7617844643438475,-2.7698499646762746,-1.5274960771965094,-53.64690542871598,25.222905359112865,19.70757037320029
20.17,0.7523620194378462,-2.796152660359106,-1.562875139551728,-56.78649409494201,23.8033597859146,19.79192231094521
20.18,0.7494385378779725,-2.815623010798163,-1.5871556382369465,-59.83803088478784,22.450686459779764,19.860067977172648
20.19,0.751536504529351,-2.8295581226843445,-1.6025594163203647,-62.77447269443874,21.17034771852372,19.914740940734706
20.2,0.7574462367385415,-2.8390375814302597,-1.6109262711604762,-65.57691300660211,19.96539543664763,19.95824460126293
20.21,0.7661820123871633,-2.844957564197753,-1.6137747495355539,-68.23297029237403,18.836988292138628,19.992517019460117
20.22,0.77694498104959,-2.848059823438525,-1.6123537134549797,-70.73545217847482,17.784817380059255,20.019186261213274
20.23,0.7890918479778605,-2.8489562903035144,-1.607686034058056,-73.08125161973206,16.80745500393506,20.03961761409908
20.24,0.8021084672201635,-2.8481499400860293,-1.6006055758626294,-75.27043794788632,15.902639200278491,20.054953843431974
20.25,0.8155876059022367,-2.8460524697619234,-1.5917884660589021,-76.7329331530687,18.707504519349577,15.458727490211349
20.26,0.8292102494884765,-2.84299925858,-1.581779499708253,-77.61620397964478,24.30876842739854,7.403589571492255
20.27,0.706612550835934,-2.9698504522285267,-1.536704361413096,-78.04220503468514,31.963505256570425,-3.173915984581618
20.28,0.48163674169826964,-3.1941776559246096,-1.4654859842587868,-78.11145265440845,41.07082702802124,-15.51733573869159
20.29,0.1817929387382099,-3.489629817255601,-1.3753644769959752,-77.90647893115897,51.147982243225435,-29.019917617014983
20.3,-0.17068661257087037,-3.8349205842550225,-1.2721784092948232,-77.49475720662174,61.81021063856575,-43.19900515484047
20.31,-0.557957915720465,-4.21297386548497,-1.1606020698158968,-76.93117719554445,72.75378836877059,-57.674494095443734
20.32,-0.9658155397612413,-4.610203864153446,-1.0443453088114705,-76.26013662150802,83.74178078144662,-72.15073584535179
20.33,-1.3830617903586913,-5.0159093183816,-0.9263216119672774,-75.51730656292531,94.5920908039416,-86.40136268754154
20.34,-1.800976735498009,-5.421764645550318,-0.8087892251339532,-74.73111939990221,105.16745165235275,-100.25658707160022
20.35,-2.212873728878143,-5.821393229702144,-0.6934694410719715,-73.92402112821418,115.36706452609953,-113.59259356765139
20.36,-2.6137273374210865,-6.210010267104289,-0.5816455526327672,-73.11352369944969,125.11962640559159,-126.32269876669602
20.37,-2.974980407439574,-6.4027574790668025,-0.45089750441161436,-72.31308781337297,134.37753108824032,-138.39000289148493
20.38,-3.300269735931235,-6.442530180740183,-0.3077035846108628,-71.53286210663653,143.1120590938895,-149.761298316847
20.39,-3.5726469134337373,-6.338697980759799,-0.14931373062886757,-70.78030084512525,151.30939983112265,-160.4220355906891
20.4,-3.8002573319366886,-6.126540656075447,0.01823566899217352,-70.0606789442006,158.96737311695549,-170.3721777598699
20.41,-3.9900367877915,-5.83476186598781,0.1901798863740304,-66.39814528655202,163.29711244334382,-179.72561186190103
20.42,-4.118213343246097,-5.473792903795903,0.3560175702074203,-60.539671903562464,165.01102046755764,-188.47604394217637
20.43,-4.197222419402803,-5.065490356120915,0.5145887254828685,-53.09147081496791,164.69540283816576,-196.6280770982907
20.44,-4.199548580532113,-4.625117134367861,0.6281174892799637,-44.54251259377884,162.83086115569125,-204.19458556002994
20.45,-4.114350851075926,-4.156712931238682,0.6828785820421153,-35.284364665153156,159.80955795886402,-211.19457498292357
20.46,-3.9634738574129718,-3.6741663236673,0.6917900345937296,-25.6279019281561,155.94981709006095,-217.65144843196833
20.47,-3.7710656301176946,-3.1872281659381594,0.6500856774130321,-15.81736164626529,151.50845582972636,-223.59161006589375
20.48,-3.549866430624159,-2.7045361363340024,0.5702802214869821,-6.0421454359697435,146.69118772681824,-229.04334919083828
20.49,-3.3492555055334186,-2.2336097677881006,0.465664884582866,3.553288028724813,141.66138576167268,-234.03595640851708
20.5,-3.167542023736861,-1.7790497079984555,0.3436890971940448,12.861146680932759,136.54745321395697,-238.59903127191936
20.51,-3.003136170115483,-1.3441226042845327,0.2103275865808216,21.803395575889894,131.44901338501904,-242.76194738183798
20.52,-2.893761357653561,-0.9369782966866147,0.06974159272724724,30.32600186146817,126.44209829122254,-246.55344638190323
20.53,-2.814766058149065,-0.5523851502962304,-0.06872620870325885,38.3941535510286,121.58348987110922,-250.00133698536092
20.54,-2.7602643748073565,-0.1910670046177138,-0.20340870966250169,45.98829857036348,116.91434450459889,-253.13227911948695
20.55,-2.7253672051424958,0.14678562261455222,-0.33308867587094537,53.10087371687982,112.46321218485507,-255.9716366109352
20.56,-2.684032118912485,0.47279110873590346,-0.42181453006380154,59.733612942855146,108.24854504653784,-258.54338464952946
20.57,-2.632820472909626,0.7861188542235645,-0.4464582226479602,66.5658098980104,103.41015075241155,-256.72802948142925
20.58,-2.574847267799474,1.0848444585153119,-0.42165395255383226,73.44396359964472,98.16981526546468,-251.5821633452052
20.59,-2.5043575128276467,1.3561628202618792,-0.33975318400436194,80.24983178371406,92.7036237947481,-243.96677890738985
20.6,-2.42538617678941,1.602258162532503,-0.21541760833360557,86.8940146780216,87.14992057818779,-234.5796599017595
20.61,-2.3377907604978,1.792096750168879,-0.06575461120547013,93.31059191463174,81.61599279397461,-223.98273035210877
20.62,-2.244961211141758,1.9358975321065905,0.10096120864584401,99.45264955024525,76.18367319678055,-212.62511662890572
20.63,-2.1377853497419483,2.0122819662134854,0.2538716299594151,105.28855846578927,70.91402736147914,-200.86256679975173
20.64,-2.0213002160180014,2.035857252229491,0.3938230676845021,110.79888619072469,65.85126684130339,-188.9737776055596
20.65,-1.883791454010323,2.0145965453944097,0.5080068861352014,115.9738419458983,61.02600852364846,-177.17409872866938
20.66,-1.7323350510042832,1.959340480077013,0.6006782489156556,120.81116985304843,56.457982491011904,-165.62701492091483
20.67,-1.561609538530842,1.8825150788171774,0.6697411321551336,125.31441819050636,52.158275333352485,-154.45374739746347
20.68,-1.3787987002538191,1.7903760516210976,0.7196496656954352,129.49152360214595,48.13118273868585,-143.74126527173564
20.69,-1.2245200787565076,1.6733505143675194,0.7408823450357374,133.35365856414896,44.37573399060224,-133.5489544993544
20.7,-1.094497039192058,1.539099766870756,0.7398283128894727,136.9142984168677,40.88694144924757,-123.91415477519762
20.71,-0.9850762895381504,1.393758635711191,0.7217274865135909,140.18847107884193,37.656819949628414,-114.85674319302761
20.72,-0.9123129923103438,1.2114821191091618,0.6921844087177815,143.19215835005903,34.675214114769545,-106.38291646303765
20.73,-0.8502437648654552,0.9685486123496525,0.6336761865191496,145.95057273973995,32.13937194253745,-93.03814411565412
20.74,-0.7973320162769396,0.6829704335439399,0.5539057166089603,148.47809985465597,29.984440108445106,-76.1725660978815
20.75,-0.7244028335095302,0.3616435398716921,0.4456522518869567,150.78936128865956,28.1548135618987,-56.87489589524495
20.76,-0.6372873211796459,0.017967269093382088,0.3172829546484389,152.89893085080826,26.602836790919444,-36.01668121048813
20.77,-0.5063863301586463,-0.3249141611758455,0.1719404465338169,154.82111804915945,25.287685266405333,-14.289584261057321
20.78,-0.34400740999946466,-0.6618295193323502,0.015873800531468557,156.569806450254,24.174402313786633,7.7632647824296654
20.79,-0.1387424022213496,-0.9677508479313561,-0.1480191596973836,158.15833657843177,23.233070032660024,29.720942006623922
20.8,0.09615000064347838,-1.2451623518910426,-0.3153433142523269,159.5994247456549,22.438095801287155,51.26266460004416
20.81,0.350055684076808,-1.49641146661188,-0.4826800370482628,160.90511065890922,21.767598424122188,72.14933251375584
20.82,0.6230801653917508,-1.6875013440292106,-0.6466010429850221,162.08672787907412,21.20288015997835,92.20812000216391
20.83,0.9012089844392578,-1.8131832135513979,-0.7938632968587125,163.15489223702735,20.72797275211856,111.31964298544253
20.84,1.1789000492656418,-1.8868232978175818,-0.9260702209673393,164.11950417925675,20.32924720934906,129.40729903536766
20.85,1.4385152856285663,-1.9114956076804792,-1.036576206285392,164.98976174160026,19.99507849364508,146.42843733866397
20.86,1.6802347277559841,-1.8982914604242527,-1.1287407543213168,165.77418145743198,19.71555748484602,162.3670677062086
20.87,1.9021940080136013,-1.8520112779870752,-1.204951224625051,166.48062501396828,19.48224364240852,177.22786183595042
20.88,2.1055563005856266,-1.7811303839650634,-1.2677560655665814,167.11632989297314,19.287952690504675,191.0312376878473
20.89,2.2916824261394333,-1.7098353028550064,-1.3097510677629627,167.68794258325852,19.126574435289157,203.80934992308323
20.9,2.461703890608138,-1.6393370953980093,-1.3351573652607707,167.27077199326985,18.987994623713384,214.21924271376258
20.91,2.6035646229262377,-1.574734497573152,-1.3462185873253305,166.10308249478993,18.86903518010516,222.6533129173489
20.92,2.72164822074906,-1.5156551414639154,-1.3461240294165508,164.37902210541014,18.766956322028474,229.4428616057611
20.93,2.8103702218829545,-1.4321246166074073,-1.3503483518080077,162.25592869626922,18.679396644406815,234.86723681086164
20.94,2.875225969284171,-1.3311788301296525,-1.3578133118919669,159.86049896589148,18.604321334283874,239.16164520522204
20.95,2.958087651368163,-1.2228065118868459,-1.348211557707936,157.29399032910396,18.539977419747814,242.52382262894764
20.96,3.0534404134110913,-1.110441572733965,-1.325693127821601,154.63660110204628,18.484855103622586,245.11972669353526
20.97,3.1568667716406598,-0.9967754853710723,-1.2936372185676632,151.95115312973576,18.437654359970104,247.08839171652363
20.98,3.2682659713532884,-0.9348480202749345,-1.2575806596299972,149.2861828051584,18.397256081861634,248.54606645730345
20.99,3.3840287653308745,-0.9135005544939083,-1.219024487011628,146.67853084094827,18.362697164530754,249.58973809544264
21.0,3.4722366893866687,-0.9343652673413427,-1.1816668316161325,144.15550780833507,18.333148990878506,250.30013123877663
21.01,3.5379696673452194,-0.9872226683129512,-1.1458105043349542,141.73670103636036,18.307898858068526,250.74425814166085
21.02,3.542775686917466,-1.0237939336144493,-1.0822777927550684,139.43547869474907,18.28633394610356,250.97758547134313
21.03,3.4904678474193815,-1.0712656065231827,-0.9605841730649204,137.26023853172248,18.26792748309752,251.0458736382664
21.04,3.395249519562733,-1.1263411591170072,-0.7962625709105113,135.2154416017221,18.25222680856012,250.98673669359408
21.05,3.246226604179319,-1.2019392984604507,-0.5579431790905652,130.63973081778863,19.271343076358672,246.69768283449196
21.06,3.0583380345235907,-1.2920688223568302,-0.2666929700551289,124.19778459543663,21.066817373948833,239.23711530432797
21.07,2.8389653009664926,-1.3738686637406703,0.05904292389473845,116.42765727526968,23.42863650219835,229.46492898741602
21.08,2.5989152033842378,-1.448012969429225,0.40609229701425026,107.76204954146577,26.18715996754254,218.07559994810194
21.09,2.3998864067449452,-1.4641284539496928,0.7278310155430289,98.54623973681174,29.206308261828834,205.62610427818802
21.1,2.2353743685875975,-1.4355638178177121,1.0251640966737652,89.05317849986083,32.377823248675696,192.55944190156347
21.11,2.134021192989197,-1.3301555523757627,1.2784907979039577,79.49617571688496,35.61643906284477,179.22442786474838
21.12,2.082607664906215,-1.1675608873908987,1.4941668848160745,70.03954585621773,38.85582557583602,165.89231668242513
21.13,2.0425848127035224,-0.9480226143963795,1.6593709844079128,60.80752385576598,42.045186740847505,152.77074223529598
21.14,2.0119083037873433,-0.6883171770350074,1.7833511546515404,51.891717592048764,45.146413480608686,140.01538457678623
21.15,1.9500492062767163,-0.41335787066403473,1.8751328919528873,43.357323474639514,48.13170563322883,127.73971411047742
21.16,1.8652824877720688,-0.1310160599946333,1.9408286143874673,35.24829793983181,50.981590177684424,116.02311150173354
21.17,1.7643016019205096,0.15256638973654335,1.9855257360266385,27.591648750059786,53.68327382613192,104.91761713719941
21.18,1.6762576174104016,0.41363868109734203,2.007574786406213,20.4009853430459,56.229277356566215,94.45352587158423
21.19,1.5994941352478127,0.6533973779033075,2.0119393908154772,13.679446416690801,58.616306991483626,84.6440102796041
21.2,1.5481734202288335,0.8585267804906357,2.0036244412098285,7.422104966564384,60.84432489960034,75.4889278688755
21.21,1.517134209976352,1.0339379827763926,1.9857316291491,1.6179356693337787,62.91578667457094,66.97794402521023
21.22,1.4531222488459155,1.1675348410455442,1.9622761694596502,-3.3143648499417435,63.52853417924264,58.9251916288851
21.23,1.3648657122172074,1.2670301412665266,1.9349282992371082,-7.502073640481726,63.014879390956246,51.349096940622346
21.24,1.240348618357459,1.3367887595409267,1.8870367220473947,-11.054271438856372,61.646848703190784,44.25631978959895
21.25,1.0816365837092539,1.3904290491644375,1.8017513938545298,-14.064403043254828,59.646061946882995,37.64440727100918
21.26,0.8992239230612646,1.4308906138892437,1.6891690583028902,-16.61248191157154,57.192083618664796,31.503967869729365
21.27,0.7015156684548156,1.460630005414654,1.5574465504851835,-18.766987921508218,54.4294739045811,25.820444439534988
21.28,0.5066790412021466,1.488515086341692,1.412465543710921,-20.58650055534242,51.473734062476694,20.575552353299685
21.29,0.31708532594303834,1.5145447563273666,1.2595988269038931,-22.121104000694505,48.41631240113931,15.748438828630473
21.3,0.13938296072992362,1.5212483668425338,1.087978499553139,-23.413595669781344,45.32881281041007,11.316610663983257
21.31,-0.009368412022772402,1.522215578536294,0.9000796629947001,-24.500525327835625,42.26652698609534,7.256670168175493
21.32,-0.13362994097369946,1.5187757471996997,0.7026535121453532,-25.413088295286,39.271393667696636,3.544892739069932
21.33,-0.23719984687403894,1.5120155209076243,0.5010177948990507,-26.177892968876346,36.374472944739864,0.15767418023801838
21.34,-0.31399288659657953,1.5077564488885724,0.2995487177120528,-26.817620125705265,33.59801062646453,-2.928128703558885
21.35,-0.36291863753107806,1.494285699235102,0.10322233490150667,-27.35158907193826,30.957156497996465,-5.734944541097782
21.36,-0.3897440306288804,1.473972739356115,-0.08609907279565374,-27.796243623398862,28.46139073560691,-8.284304423883848
21.37,-0.3992296904908091,1.4487386022713264,-0.26709914942636004,-28.165569113995282,26.11570459353355,-10.596715843143745
21.38,-0.40493301303367935,1.4154859879052957,-0.4323785182619577,-27.88629380032699,24.222902616109668,-11.896425900965482
21.39,-0.40765136915191313,1.3766137989702831,-0.5830392300538692,-27.11479717266959,22.706415108142796,-12.400478509282664
21.4,-0.41701213603693726,1.3272779230830036,-0.7245728807999596,-25.97849823629643,21.501738483165926,-12.287480060817964
21.41,-0.4313122366827067,1.2707016599336332,-0.8569071621399358,-24.580652203193598,20.554615137743546,-11.703817497761898
21.42,-0.41956584129145663,1.2144958075234333,-0.9741490468824185,-23.00440051842434,19.81947982425229,-10.768922449519568
21.43,-0.3880611347998518,1.1594517672793203,-1.0780039110308441,-21.3161859391725,19.25813433698161,-9.57972276493529
21.44,-0.3635177949109692,1.102968646353682,-1.1664284959096254,-19.56862812163324,18.838617708649654,-8.214402338223339
21.45,-0.3754024441380595,1.027075637420714,-1.2443776703338545,-17.802941228179222,18.53424374776035,-6.735572599987262
21.46,-0.4149915748878934,0.9375077612467116,-1.3130886527784384,-16.05096311868819,18.32278173477072,-5.192944009775464
21.47,-0.4751733691356116,0.8388695629065113,-1.37365303538791,-14.336855454879618,18.185759525844745,-3.6255729952418143
21.48,-0.5585620495887769,0.715046339756881,-1.4256185933953505,-12.678525283293686,18.10787126391947,-2.063748734188836
21.49,-0.6584155541609069,0.5738755698492441,-1.4701887144729948,-11.088811163121742,18.07647443425919,-0.5305747103484486
21.5,-0.7616243693151798,0.4077487371098152,-1.5100513272594256,-9.57647049044132,18.08116318289024,0.9567081315035424
21.51,-0.8529334095221204,0.2178372755263491,-1.5373710725606082,-8.146999186507227,18.113406690703226,2.38561674274173
21.52,-0.9337049807817761,0.012683074071408645,-1.5546608139230667,-6.80331023214351,18.166243006205306,3.747505886615628
21.53,-0.9911808090777348,-0.20088873757489586,-1.5580967125611511,-6.296059185331548,18.94823895078963,5.582584998540712
21.54,-1.0299227743499886,-0.41756822246699,-1.5508720769471664,-6.4371317090953335,20.276279049755914,7.751277068631156
21.55,-1.0390120950373394,-0.6157859183614529,-1.5187241984779098,-7.072372708397368,22.00163357787454,10.14150574622179
21.56,-1.0252565890786338,-0.7967716555562533,-1.467996772798668,-8.07603580616928,24.00422330131107,12.664001065842404
21.57,-0.9942254424996462,-0.9617362722279559,-1.4038369973130194,-9.346089837179505,26.18778075673418,15.24834904389815
21.58,-0.9439863233610518,-1.0966956463636663,-1.3294957317488034,-10.800254832215778,28.47577354671853,17.83967252641117
21.59,-0.879826086468049,-1.2065735164618874,-1.2485208451176257,-12.372658456037053,30.807974752382815,20.39584720011003
21.6,-0.8113715287457806,-1.302645721436121,-1.1730381843356674,-14.011019723399638,33.137582382463556,22.885170837783996
21.61,-0.7599517341030159,-1.378212413972079,-1.1013764099192358,-15.674280416795998,35.42880418701813,25.28441596916275
21.62,-0.7223776142342896,-1.4368988439766082,-1.0337597168516672,-17.33061628491515,37.65483650320807,27.577206538981443
21.63,-0.7119622003623852,-1.4723931131366914,-0.9391481593960027,-18.955770085742074,39.79617636242836,29.752667982452294
21.64,-0.7225029116110462,-1.4895762861946193,-0.825346964478447,-20.53165708816047,41.839215123980956,31.804307728508846
21.65,-0.7449708012918795,-1.5043536485953044,-0.6950514407997177,-22.045200963634542,43.77506962698246,33.729089616450445
21.66,-0.776219376183582,-1.5170581659240274,-0.554163314220695,-23.48736425948759,45.59861345542138,35.52667123977369
21.67,-0.7842339667071733,-1.5309287156612679,-0.4077943217739324,-24.852342997570588,47.30767655132897,37.198777947634085
21.68,-0.7743348099719982,-1.5454752816216353,-0.2595160569041621,-26.136899515828343,48.9023862255187,38.74869125603292
21.69,-0.7508751148158174,-1.5603121324097036,-0.11209285322411666,-27.33981157643462,50.384626722546486,40.18083284752526
21.7,-0.7027433464178693,-1.5637340161004167,0.02882778480004493,-29.23634097320451,51.096972951168596,41.296443849644
21.71,-0.6554845808254111,-1.5464552549245498,0.16296465164979296,-31.634287871150136,51.20873847072039,42.15227969736547
21.72,-0.6096326262182882,-1.5135975431660809,0.2898118051496033,-34.37866462315303,50.858938048647225,42.795852757380885
21.73,-0.6050238855625489,-1.4768881616140328,0.4102211444674331,-37.34539584541848,50.161216834112345,43.26685629149611
21.74,-0.6320639921610838,-1.4378034294630269,0.5238201363753429,-40.4360120336308,49.20802065682607,43.59837685212346
21.75,-0.6892735270230701,-1.416369768449553,0.6386625030489715,-43.57318677095539,48.074120151453364,43.81792575241434
21.76,-0.7686876314170428,-1.4087851097290882,0.7526624165483283,-46.69698954217334,46.819585090285926,43.94831589869307
21.77,-0.863861263977787,-1.4119221036817151,0.8642360781877058,-49.76174498354062,45.492291307668886,44.008406527895644
21.78,-0.9741336816574537,-1.4362709880566684,0.9779867866586711,-52.73340550921964,44.13003059429539,44.0137351732555
21.79,-1.0942431001675508,-1.4764797747178566,1.0916269417902122,-55.58735804436107,42.76228364820795,43.97705341465202
21.8,-1.1983045908992258,-1.5250875836503621,1.2060539833473265,-58.306597390885585,41.4117073512315,43.908780592992294
21.81,-1.2884534261328642,-1.5793663969947747,1.31929556229969,-60.880208837585826,40.095380087120915,43.81738762651856
21.82,-1.3783889183252924,-1.6322224822585474,1.4207849655241607,-63.30211124462842,38.82584235229998,43.709721314272755
21.83,-1.4873366245612878,-1.6764170400033334,1.486474196656581,-65.5700191930731,37.61196437794802,43.59127800779905
21.84,-1.6091382492644517,-1.713289575776633,1.5237275267945813,-67.68458907245927,36.459667751054354,43.466434241783254
21.85,-1.7441198330330543,-1.7309215082315559,1.5539781932003227,-69.92215679148214,37.53924266560367,39.98082830777455
21.86,-1.8870832357147493,-1.7335468548262378,1.5783947785234633,-72.21893273586711,40.310725871030435,33.97660143161516
21.87,-2.048651852834879,-1.7252980287061315,1.5806453394970637,-74.52515285366394,44.33427193657545,26.137871441561636
21.88,-2.2219405776169334,-1.7088525520093918,1.5658898730628348,-76.80256897738863,49.25356072212436,17.017080161027508
21.89,-2.401494873502929,-1.6863884752883038,1.5383447210575214,-79.02234741621865,54.781788640402056,7.05722306872751
21.9,-2.5715095238921615,-1.655134659122341,1.4959932652869297,-81.16331296444447,60.68985702095213,-3.3894210186385427
21.91,-2.6998035292856026,-1.609224961446489,1.423169177817462,-83.21048480661042,66.79642718698341,-14.045532585236948
21.92,-2.794150572019868,-1.5528116935158134,1.328152358070253,-85.15385878254044,72.9595601236795,-24.695515947394526
21.93,-2.82446154892548,-1.4702660556702054,1.2035260529814484,-86.98739729875967,79.06969997952994,-35.17440141299338
21.94,-2.805271303916878,-1.3690025976998148,1.0581772716949973,-88.7081940018219,85.04379607261029,-45.35855746613949
21.95,-2.728831252208466,-1.233169018977175,0.9039329505273238,-90.31578530570044,90.82038840836537,-55.157933874546046
21.96,-2.609753693053456,-1.0729900912211352,0.7452880491563344,-91.81158511170588,96.35550767467217,-64.50959811106753
21.97,-2.474488738496441,-0.8907394107325872,0.5765234520261029,-93.1984226801834,101.61926288364656,-73.37236296229386
21.98,-2.32894382424972,-0.694437711440846,0.40264790966036157,-94.48016669854613,106.59300881108558,-81.72233352085317
21.99,-2.177802455150672,-0.49044541492934335,0.2275761051981477,-95.66142121731531,111.26700160223288,-89.5492276591118
22.0,-2.0360857748224843,-0.2626339314294531,0.05077117513804413,-96.7472813611024,115.63846476104514,-96.85334619216746
22.01,-1.909316116839614,0.01105468767873552,-0.0989492740507546,-97.74313862179717,119.70999955824445,-103.64308780041058
22.02,-1.79597104874586,0.3155916040634622,-0.2255937855538856,-95.59476153042604,123.50414345675259,-111.1376854098403
22.03,-1.6943302770999256,0.666073311857027,-0.29863546177419076,-91.0726484053071,127.02662645003613,-119.05483530753118
22.04,-1.6032387444788208,1.0462552238887088,-0.32949619104014016,-84.80380164693,130.28608026598704,-127.17179633377057
22.05,-1.5002424969333057,1.4425481061647043,-0.32055594952438055,-77.29556268118924,133.2932234021684,-135.31491023926995
22.06,-1.389741018391688,1.8449838737484399,-0.2812827810275586,-68.95573029052538,136.06020456264835,-143.35081128817933
22.07,-1.2636027767208917,2.225622025902418,-0.2310785304436237,-60.10951906500891,138.60007762984947,-151.17906653987276
22.08,-1.1274635483054245,2.583623907615582,-0.17328961155211692,-51.013833594457104,140.9263855464589,-158.72602648976502
22.09,-0.98579448985756,2.91870111537073,-0.11059663284530521,-41.869264490527485,143.05283408344957,-165.9396984749987
22.1,-0.8325122343293895,3.2169158195055974,-0.05216727988469463,-32.83015274704187,144.99303952452917,-172.78548323752136
22.11,-0.6764616600292372,3.49079989267908,-0.007317052151028791,-24.013017916138175,146.76033688528497,-179.2426389582415
22.12,-0.5207298818927263,3.7417763878794172,0.026435873022418947,-15.503601890662871,148.36763747578107,-185.30135751069537
22.13,-0.36185917860238626,3.9661033547065596,0.03924420834236458,-7.362742700991734,149.82732646732055,-190.9603551288132
22.14,-0.2030675904800574,4.1665216675163,0.03581671181634849,0.36873923642822515,151.15119268791608,-196.22489456879697
22.15,-0.06568769347264844,4.316362396581316,0.03256207054148698,7.66598730982119,152.35038418981082,-201.1051685373971
22.16,0.053152316634159175,4.425138401700136,0.029490625338210407,14.516755579921725,153.4353842429832,-205.61498497370974
22.17,0.133692194424775,4.470458758717667,0.036138540333542246,20.918644496406166,154.4160033423967,-209.77070398004736
22.18,0.18365009782032815,4.466487754579251,0.05012396680913159,28.479721299708224,151.8183366319102,-211.6670247508364
22.19,0.2094130848291059,4.424840098995476,0.06950865322311199,36.81015950380342,146.5216333905704,-211.80386373548993
22.2,0.2022810735572466,4.331073533017344,0.08924605917720461,45.59947693344187,139.24124129344193,-210.59146136849827
22.21,0.17007526690289732,4.19886852886194,0.10894511906116294,54.602790685298785,130.55584354261794,-208.3649898786375
22.22,0.11470475451280339,4.026775001791991,0.13061213179948788,63.62926859398144,120.9304476780399,-205.3969103336091
22.23,0.06938342854987518,3.818726316976062,0.1561892019929009,72.53244284291064,110.73576256800297,-201.90741336423412
22.24,0.032464156663416475,3.5864002252111153,0.18436026820359366,81.20210062970158,100.2645073342559,-198.07322956949025
22.25,0.01331625855248064,3.3313463858096544,0.18774979908047418,89.5575089722493,89.74511646257055,-194.0350540458662
22.26,0.008073754396412884,3.062876830864635,0.1721130055474534,97.54176682869601,79.35323722545878,-189.90379384737486
22.27,0.013559481614479549,2.7883307055025943,0.14215350728705542,105.11710856521465,69.2213571966473,-185.7658166352897
22.28,0.020968515240585593,2.5026566297488038,0.11032249288007796,112.26100918278026,59.44684968714089,-181.6873526036106
22.29,0.02973431418493888,2.2129263744099834,0.07755595852348464,118.96296424649798,50.098682192563466,-177.71817935117488
22.3,0.053741374092569696,1.9109176886910428,0.024581237554788436,125.22183669768032,41.222996389018824,-173.89470018366666
22.31,0.08680714848915314,1.5992826685516812,-0.025492005648663166,131.04367914159056,32.84773697085154,-170.2425099119234
22.32,0.12629184844139432,1.2851467833113626,-0.07256141051304543,136.43995419799697,24.986479932397657,-166.77852817399616
22.33,0.1676574023354322,0.9833068120600037,-0.11821113594807177,141.07061855058944,18.66697876338769,-157.17503385630192
22.34,0.2098166482490638,0.6955971495072444,-0.16206064236007517,145.04275807756508,13.626626637686499,-143.02102981843757
22.35,0.2702524201477964,0.4308826867792373,-0.2182474262948891,148.44864985481885,9.644378500232676,-125.60419808915958
22.36,0.3437368483179542,0.18791008739718126,-0.28300201983412343,151.36779113967225,6.534463855928457,-105.96140190441301
22.37,0.4254624910057632,-0.03398162287028636,-0.3535424583276915,153.86865249620575,4.1410219586341555,-84.92127037383496
22.38,0.512220850391652,-0.23626621943646803,-0.4274104900129594,156.01019232392346,2.333527037914548,-63.14005602426996
22.39,0.6014767841341035,-0.42037842275375603,-0.5026720222405401,157.84316504633352,1.0028898792711836,-41.13178161563005
22.4,0.6984010336535726,-0.5838081655630273,-0.5859755387547732,159.4112508799548,0.058138150321245585,-19.293543636895887
22.41,0.8118369116660791,-0.7138840285644532,-0.6797276601679394,160.75203134819677,-0.5764083007548201,2.0732877317739487
22.42,0.9361420696496219,-0.8163908919786004,-0.7800146178097708,161.89783145125395,-0.9635390476606388,22.745341674477825
22.43,1.0753237363924966,-0.8817024453428912,-0.8886911226010203,162.87644658560626,-1.1551932281407087,42.562455807571766
22.44,1.2237205166113772,-0.9175158464289437,-1.0020928040411798,163.71176986681965,-1.1941910658810637,61.4153642406035
22.45,1.3722191996444046,-0.9300584840350004,-1.1080450475806585,164.4243333967046,-1.1157020499966315,79.235475990259
22.46,1.5184756100971226,-0.9245884646390906,-1.206638311422124,165.03177518682426,-0.9484885526789156,95.98641353311619
22.47,1.6400533366922172,-0.9151877237791114,-1.2889746335597754,165.5492418669655,-0.7159580851594314,111.65703117478628
22.48,1.7408367939807707,-0.9029244108741412,-1.3575777296720433,165.9897359366523,-0.43705260088421016,126.2556754914589
22.49,1.82412489731137,-0.888661055511365,-1.4145944012318727,164.43504020974606,1.0318290292778216,138.63462700748235
22.5,1.8814426342783699,-0.8678606888193743,-1.466195440375619,161.37706941555618,3.3888348706631612,149.1207051055709
22.51,1.9179401886081295,-0.8398734910580162,-1.5122206822141806,157.21593444163648,6.388982594994699,157.9937070227704
22.52,1.9379270163198496,-0.806821175724195,-1.5532578098372327,152.27520712657866,9.834658515264241,165.49305683402045
22.53,1.9495066185316379,-0.7706463378010475,-1.5892463792699254,146.81480328963474,13.567603274294607,171.8235269108522
22.54,1.9544685074354813,-0.7326460503629963,-1.6208073249407382,141.04184092557398,17.462160976141377,177.16015984606946
22.55,1.9451140706988073,-0.7065727513813167,-1.622306825142755,135.11977847612786,21.419601123240604,181.65250133012535
22.56,1.9249448602176222,-0.6900384482331351,-1.6007671014670688,129.17609349958119,25.363350640187814,185.42823933619744
22.57,1.8755866700020647,-0.6916993653816658,-1.5572623895674484,123.30872385348168,29.23499718222259,188.59633189809327
22.58,1.804651888899496,-0.707265046239421,-1.4976204946823104,117.5914607829761,32.990945406870736,191.24969447051208
22.59,1.7183058863537872,-0.733233348048649,-1.4265554736814654,112.07845529488625,36.59962541625961,193.46750810454347
22.6,1.627933901805451,-0.762218870558079,-1.3643263564514205,106.80797522908487,40.039167573193915,195.31720124459028
22.61,1.5603341026699211,-0.8008606476268914,-1.3004462923776139,101.80552994075124,43.29547071564058,196.8561506761169
22.62,1.5112255048525634,-0.8462917168260307,-1.2363003481277055,97.08646198654657,46.36060175101943,198.13314087094014
22.63,1.4770415548853277,-0.896210977356215,-1.1729531197468739,92.65809024056882,49.23147396949668,199.1896155533682
22.64,1.4506099595215796,-0.9732217240534464,-1.071734005521755,88.52147608754572,51.90875940286995,200.06075062970586
22.65,1.4232993637036853,-1.1051509250551792,-0.9058958398568709,82.32623276589452,53.62162233775151,197.3802798189377
22.66,1.3957425112227397,-1.2770656738681436,-0.6931749342719303,74.65165216391321,54.569335813867845,192.02249310727245
22.67,1.3726415536791607,-1.4915650960238798,-0.4334720544604614,65.96436927858512,54.91642371255273,184.6986018263526
22.68,1.353313093158621,-1.7353168552364922,-0.1418564581288607,56.63747500265291,54.798234405099706,175.98384753586157
22.69,1.3371749578669794,-1.9976563137705783,0.16963581809578449,46.966610978850866,54.3256639446263,166.34038178945656
22.7,1.3338363705676446,-2.255217956808073,0.5188097511725318,37.18350236720788,53.589154327316564,156.13655048690495
22.71,1.3284119151264722,-2.4857471841835284,0.8877441100723455,27.467317565056092,52.66207425582447,145.663124169531
22.72,1.3214752240054732,-2.691977699139994,1.2660429456351352,17.95418669207963,51.603574306466086,135.14693645514262
22.73,1.332908800740873,-2.8297775356044754,1.606630883087347,8.745161653518284,50.460995074825036,124.76232497920243
22.74,1.3582284641673372,-2.913032011403774,1.9130247276509569,-0.0871413393414695,49.27189544318072,114.64071111513569
22.75,1.4220090742256093,-2.8907716098844283,2.1308495972754247,-8.493011781697508,48.065758312028336,104.87860501428558
22.76,1.5142397745166987,-2.788074199191735,2.277460331874229,-16.441053076912326,46.865422737989356,95.54427995247401
22.77,1.6510075798252406,-2.571035303517771,2.340568607865904,-23.914380786109415,45.68828422445967,86.68332357776713
22.78,1.8197371092048238,-2.269844941149927,2.338759247174125,-30.907485160555478,44.54729874965633,78.32324254747955
22.79,2.0103009346797416,-1.9089322115065785,2.2872755921573864,-37.42365128848206,43.45182084317164,70.47727046886125
22.8,2.126820442704605,-1.5286391026936,2.171348003282737,-43.47284647566832,42.40830151096974,63.14750637009316
22.81,2.1848291528688812,-1.1394499709040755,2.00789189612429,-49.069998361550475,41.42086795176876,56.327491569941145
22.82,2.134389116074829,-0.7980876673323447,1.8237230969541625,-53.14969279977978,42.51414736813413,50.25642568279443
22.83,1.9582737267157135,-0.49888554948317043,1.6721766085746246,-56.00383865405253,45.18339016553677,44.853634211654054
22.84,1.6886899485077078,-0.2366373569192218,1.5479744907750626,-57.87507784476053,49.01752300783665,40.046908957005115
22.85,1.3948522441217703,-0.014937469535585834,1.4461404085414125,-58.96454100882197,53.683616465100044,35.77165198146131
22.86,1.0870363416368845,0.17225356095400396,1.3630230110728145,-59.438434040543655,58.913772057925144,31.970101297350254
22.87,0.8469197078338173,0.3188141380326899,1.2715149565879065,-59.43362661107208,64.49406654215178,28.59063122205663
22.88,0.6623871490184406,0.431977015201798,1.1750126186762127,-59.0623892570849,70.25524401379168,25.587120832815312
22.89,0.5232944688470047,0.5178016084218683,1.0761943815457562,-58.41640457579652,76.06489162467548,22.91838442803969
22.9,0.43790044076501466,0.5940838343493929,0.9646653034060981,-57.57015998268828,81.82087344199783,20.547658361445233
22.91,0.3949537248777877,0.6618682755384447,0.845147129464702,-56.58381396636028,87.44583017022904,18.44213905481127
22.92,0.3366151498254141,0.7296973121435244,0.7256398380179349,-55.505614454384784,92.88258086574623,16.57256741293822
22.93,0.2674037228349185,0.7965006634170458,0.6080081799099734,-54.37393647717877,98.09028708784929,14.912855258802004
22.94,0.16820090025102466,0.8393112344949445,0.4890380482349721,-53.21899651842451,103.0412607252743,13.43974977737268
22.95,0.05521477201880867,0.8419406993124771,0.3610768997926278,-52.064292541902894,107.71831451447042,12.132532302881907
22.96,-0.06655879134677556,0.8137654192616429,0.22823139708219814,-50.927811488911296,112.11256945441009,10.97274810674238
22.97,-0.17996164780875762,0.7629192295467598,0.08286916224011608,-49.73663365945036,114.80578704195125,10.514901658030203
22.98,-0.2851837621654508,0.6955100963346345,-0.0698049107208548,-48.522190764090425,116.15456638175695,10.601630147953223
22.99,-0.3824984003109589,0.6164732272138723,-0.22569157735158477,-47.30891122289157,116.45293551095574,11.103943692613766
23.0,-0.47272489826125474,0.529220058243072,-0.38331135996961885,-46.1154798675535,115.94242230501489,11.916590895672403
23.01,-0.5620106560941179,0.4310340842147549,-0.5427786722870259,-44.955892144442274,114.82058533007556,12.954139693394291
23.02,-0.6491810698084332,0.32601183715846915,-0.7011688227755559,-43.840334510428335,113.2482322972302,14.147667074565824
23.03,-0.732550026092699,0.22315652555039933,-0.8435028470124686,-42.77591800141097,111.35552092368876,15.44196669336019
23.04,-0.8117058515901415,0.12356738813874588,-0.9713199304592852,-41.76728792417251,109.24710881076345,16.79319662504087
23.05,-0.883019892180525,0.031984573743280786,-1.071839729809828,-40.817129178721615,107.00649475851183,18.166900859842627
23.06,-0.9472157843172166,-0.05203741811798594,-1.1498894241593085,-39.92658377706824,104.69967319102994,19.536347854302683
23.07,-0.9831615801044147,-0.12962885847867475,-1.2020280585181404,-39.09559461366069,102.37820558169179,20.881137789837684
23.08,-0.9969167428148566,-0.20108454159109784,-1.233513871409775,-38.32318740083833,100.08179752795331,22.186037321890456
23.09,-0.9934672776585567,-0.26672604051168586,-1.2486954020391552,-37.607700856633116,97.84045707231053,23.440006708588818
23.1,-0.9726596984348497,-0.332185718739766,-1.2361882238954125,-36.94697367659111,95.67629869107917,24.635389431083055
23.11,-0.9527039784286544,-0.400151023652831,-1.2244008652557437,-36.33849549692471,93.60504781027579,25.76723888375703
23.12,-0.9337122712609635,-0.4689727411073209,-1.2133487959026261,-35.779527929728175,91.63729252950014,26.83276052902684
23.13,-0.9007118349722474,-0.5245670444536128,-1.2083803553681671,-35.267200793441326,88.35053780625785,27.82264804604549
23.14,-0.8575015972672579,-0.5691654478835299,-1.2081473250313444,-34.798587848574186,84.10527967742769,28.739161191168435
23.15,-0.7916132653170744,-0.59149907788638,-1.2079808592260997,-34.37076565877631,79.19249953695729,29.585176564916186
23.16,-0.7093915226471358,-0.5964372777653374,-1.2078679579185514,-33.980858612543926,73.84541004601968,30.36399809223999
23.17,-0.6317118677491026,-0.5987989264575807,-1.1963286122624823,-33.626072645701264,68.24935073192653,31.079205244531025
23.18,-0.5587234934092161,-0.5991510023866798,-1.1762211974279533,-33.30371978599827,62.5501123237626,31.734532529183056
23.19,-0.4904673240957216,-0.5979589979826044,-1.1498680329854551,-33.011235287381936,56.86092802182829,32.33377480135128
23.2,-0.4500453456510817,-0.606592947767256,-1.1114058753187697,-32.74618882301347,51.268334899693784,32.88071382533396
23.21,-0.4315655130036061,-0.6226149882622666,-1.0642737409283578,-32.50629095462177,45.83707866712683,33.37906225267486
23.22,-0.44815085186720127,-0.6447244569496612,-1.0009489389586932,-32.289395884218415,40.6142093692689,33.83242181028469
23.23,-0.4691040354992163,-0.6669955430236092,-0.9293256852794392,-32.09350131649993,35.632493651076594,34.24425302141902
23.24,-0.4930739567878026,-0.6890423816892317,-0.8524680428487691,-31.916746111270157,30.913250450412537,34.61785422960907
23.25,-0.504944162824567,-0.7070406584537047,-0.7740643784432752,-31.757406280527512,26.468700945991426,34.95634807291694
23.26,-0.5073650524023309,-0.7216580319381651,-0.6957020982196429,-31.613889780731935,22.303909888762895,35.262673873685195
23.27,-0.5314183889165199,-0.7483197705131713,-0.5998821946387425,-31.484730464002006,18.418383752935384,35.53958467624706
23.28,-0.5716582342333754,-0.7837863864453922,-0.4921934841683852,-31.368581479880625,14.80738116842783,35.78964788951713
23.29,-0.6236621277691963,-0.8254400707302896,-0.3771003545243869,-31.26420835953956,11.462982593282547,36.01524867952832
23.3,-0.6979161848861655,-0.8903712185307533,-0.25040804660125715,-32.66837249616062,10.0232402530419,33.717736008138004
23.31,-0.7798072101024986,-0.9767187032759403,-0.11631810699446626,-35.20557040550862,10.064246316716375,29.524363228352644
23.32,-0.8662657417509022,-1.0781138915452875,0.021340489063771548,-38.5706035797671,11.238309657393451,23.944994002761465
23.33,-0.9367876840793534,-1.1771815686336113,0.17161950027923845,-42.51686948537489,13.261525236077567,17.391648892500072
23.34,-0.9940062698608338,-1.2729193125194593,0.32921290729921715,-46.84648129614687,15.90326025356888,10.194999512885879
23.35,-1.0348071985082044,-1.359738439673945,0.4992759703723381,-51.401942131016874,18.977272106748654,2.6182679486049194
23.36,-1.0624008439021566,-1.4383727020316925,0.6762288785006285,-56.05913954941708,22.33421447704647,-5.131077607619641
23.37,-1.0866132467209302,-1.513065126305098,0.8407418100597785,-60.721460329920106,25.855323299976884,-12.891497227110012
23.38,-1.1078585668990393,-1.583572511665907,0.9931598700025688,-65.31485492233773,29.447104737845844,-20.539138869733733
23.39,-1.1265002563026065,-1.6497740487129966,1.1339362616774773,-69.78370611149595,33.03687331156043,-27.98094047315293
23.4,-1.1465216551224844,-1.6839910528785338,1.2440681043398687,-74.08737795770308,36.56901065219252,-35.14886764650274
23.41,-1.1463059814826646,-1.6644185864915462,1.3180302634979517,-78.1973394968663,40.00183443404846,-41.995110847247076
23.42,-1.130599669141511,-1.6039693765000784,1.3631443499862035,-82.09477343314961,43.3049834008749,-48.48809220645373
23.43,-1.083890575799979,-1.508799928592547,1.3819745669852368,-85.76859351822355,46.45723838483773,-54.60915463449548
23.44,-1.014174807838494,-1.3885348211540849,1.3803869742659773,-89.21380580963606,49.44471117904618,-60.349825030425954
23.45,-0.9356470978705056,-1.2584834604409796,1.3849386614923884,-91.11164323884819,52.91559336243943,-67.57495041120981
23.46,-0.8515997402720378,-1.122971552075618,1.394119614814291,-91.79511807935673,56.70235332531177,-75.82371905569731
23.47,-0.7754789236689603,-1.0015206136072068,1.4086562725948992,-91.53816726850613,60.67178908867791,-84.72732756388777
23.48,-0.7066162527749016,-0.8927327761297167,1.427066256323882,-90.56521792475323,64.71906357799452,-93.99317895978535
23.49,-0.64438657892203,-0.7953399353089865,1.4481540992363238,-89.05928453774314,68.76269467797138,-103.39159363852279
23.5,-0.5659639133327685,-0.7025974175664121,1.4493626805405946,-87.16881545178632,72.74035457204786,-112.74465185132922
23.51,-0.4623447488451657,-0.5983868740202783,1.41511942746823,-85.01347480079146,76.60535432576192,-121.91684248533213
23.52,-0.34105356433363904,-0.4870244129612029,1.3542684145305097,-82.68901905548616,80.32370803835921,-130.8072409006573
23.53,-0.22626702362428835,-0.37071531913532946,1.2604300075230286,-80.27140418711981,83.87168659896716,-139.34297967331784
23.54,-0.11825414052456223,-0.25243628918840555,1.1428018520403784,-77.82023959747808,87.23378451882377,-147.4738112387405
23.55,-0.03859985283063813,-0.1253880273667231,1.0208089384358436,-75.38168794919802,90.40103479310736,-155.1675914804119
23.56,0.01809778701050123,0.006389048518107593,0.8973803961693115,-72.99089545365239,93.36961655321343,-162.40653898606013
23.57,0.03441695209183446,0.15288066835933564,0.7864253966813524,-70.67402469216195,96.13970864215068,-169.18414662341485
23.58,0.01956636048079531,0.3083491793571613,0.6867541252502376,-68.4499513639558,98.71454938770965,-175.5026408047737
23.59,-0.01891653560391896,0.46826142716241587,0.5972793217287554,-66.33167721636116,101.09966893684528,-181.37089977480198
23.6,-0.06546004142496709,0.6422333602139012,0.5292873733806088,-64.32750359997837,103.30226570201403,-186.8027558647486
23.61,-0.08129174054694195,0.8302871627031023,0.49177051646748704,-60.10137843118563,103.5960153237524,-191.7893681232273
23.62,-0.07336234236615798,1.026184055816661,0.47817235232357364,-54.240104810841416,102.42371401346219,-196.35717475669964
23.63,-0.011736204034524036,1.2397595199845939,0.5039459398958341,-47.218503057595974,100.14728466631092,-200.53296135487844
23.64,0.09003859256367264,1.4635330234884085,0.5594608125699737,-39.418237604992505,97.06107649948711,-204.34336094793912
23.65,0.2343813494503596,1.69050686174151,0.650922561764706,-31.143686905264964,93.40310342645815,-207.81447362156464
23.66,0.4090598453565675,1.9163844900643299,0.7684770484643493,-22.6353014178913,89.36452867638194,-210.97158361197222
23.67,0.5960261493260616,2.147988025966734,0.9201653734615082,-14.080829694466285,85.09765849778637,-213.838955454441
23.68,0.7894789578444856,2.3803566546112815,1.095617288327122,-5.624736817242973,80.72266947827123,-216.43969384235547
23.69,0.9848752962750841,2.609680297563962,1.2865217655159964,2.623908304650546,76.33326117460696,-218.7956544543157
23.7,1.1380821601317126,2.816804066425171,1.459474806402541,10.584841158840106,72.00139761126077,-220.92739519699904
23.71,1.2032946940198859,2.968160950921641,1.5672479657312617,18.201104732222113,67.78127710789789,-222.8541591531629
23.72,1.2001176231839579,3.0744563632561,1.6234338226277627,25.43447676915174,63.71264926769979,-224.59388207033265
23.73,1.134970199837951,3.1283441888987937,1.5899933564605873,32.26167603540799,59.8235803077403,-226.16321852144182
23.74,1.0233946538411967,3.1412654587049373,1.488455243981647,38.671224285582184,56.13275281796288,-227.57758195242474
23.75,0.8779799599711628,3.1284769237330017,1.320906919677745,44.660859285159574,52.65137313332137,-228.8511947362644
23.76,0.7089292731023689,3.096204140336785,1.1054374695126055,50.2354101553804,49.38474848205957,-229.9971451061375
23.77,0.508533305451224,3.0489364289812944,0.844217664393786,58.8377941785904,47.502258585280074,-227.52252670016324
23.78,0.2872697941956408,2.9909267838969145,0.552051803218537,69.62395070919509,46.708910764538274,-222.3145762377741
23.79,0.053486812231277964,2.9255992465057967,0.24075795945594725,81.91352436998312,46.76183340546192,-215.0952926456672
23.8,-0.18622853040130097,2.855689690589069,-0.08031677966628467,95.16212718261797,47.461854952333745,-206.44888343224682
23.81,-0.42674028444184897,2.78336436354987,-0.40386322399945773,108.93797727068812,48.64637376240227,-196.84493130896794
23.82,-0.6641037948097397,2.7103195449800164,-0.7242466544420518,122.90225339638732,50.18332768319845,-186.65792214725496
23.83,-0.8953481262662537,2.6378651909971595,-1.037202411274006,136.79260139268223,51.96609983063305,-176.18368195864258
23.84,-1.118294268689737,2.566995010744704,-1.3395814217973143,150.40931147745988,53.90922074303403,-165.65319051800745
23.85,-1.3314035766594394,2.498445060071032,-1.6291379388886393,163.60375644115746,55.944747414356115,-155.2441706413023
23.86,-1.533651725313439,2.432742628147892,-1.90435291386655,176.26874146897032,58.019217140612774,-145.09079336630458
23.87,-1.7244241715436348,2.370246928266927,-2.1642874116798483,188.33046834231186,60.09108905383095,-135.29178897816095
23.88,-1.9034297136332592,2.3111828779163925,-2.4084613176356573,199.74186120874037,62.12859901779751,-125.91721077507971
23.89,-2.0706292581451082,2.2556690600243208,-2.6367533031700163,210.47703908758814,64.10796452118133,-117.01406165436
23.9,-2.2261773428784757,2.203740792262823,-2.849318631107728,220.52675271221239,66.0118855859411,-108.61096212983462
23.91,-2.3703743398949837,2.15536909050382,-3.0465219035739803,229.89463099181202,67.82829573574247,-100.72201150746619
23.92,-2.5036275822998886,2.110476192430461,-3.2288823011876113,238.59410598725844,69.54932393268817,-93.34997099178622
23.93,-2.570269008792708,1.9647242518363197,-3.4005068665294913,243.57410873397117,70.85871552202647,-80.89872148772209
23.94,-2.5848694914388872,1.7440294808839878,-3.561230176454845,245.6285779973298,71.83248859008194,-64.7532533754273
23.95,-2.5593979939111353,1.4694049612347964,-3.7110959109843367,245.4110846052555,72.53408852359188,-46.03167208046057
23.96,-2.503644378711589,1.1577814858590905,-3.8503071622493485,243.4575181393665,73.0163434020043,-25.630278837744466
23.97,-2.425577167407068,0.8226998018080174,-3.9791858989639772,240.2052952023676,73.3231269901325,-4.261551341950195
23.98,-2.3316459092613084,0.47489357805316423,-4.098140073964803,236.00960438806587,73.49077187807231,17.513905074235264
23.99,-2.227036416161253,0.1227796008337741,-4.20763709741911,231.15712864917757,73.54926924730636,39.26052181359233
24.0,-2.1158859227540034,-0.2271307192378492,-4.30818259822914,225.8776218858228,73.52328652613701,60.645267288825195
24.01,-2.001464202446047,-0.5698865155545944,-4.400303566064489,220.35366178753833,73.43302971577086,81.41881842941247
24.02,-1.8863257884220481,-0.9018090703040618,-4.48453511071867,214.72885398123398,73.29497331852534,101.39983717096503
24.03,-1.7724376934908295,-1.220251134560622,-4.561410197864548,209.11472227045044,73.12247749378228,120.46186987666988
24.04,-1.6612863755983212,-1.5233965410295411,-4.631451823993978,203.59648525328103,72.92630922962303,138.5224596376522
24.05,-1.5539671419681456,-1.8100937969037207,-4.6951671811244164,198.23789006430314,72.71508188316324,155.53412292906594
24.06,-1.45125871087679,-2.0797182928557687,-4.7530434360973395,193.08524869986223,72.49562535410554,171.47689465328796
24.07,-1.3536852447150214,-2.332058574243184,-4.805544811996962,188.17080075365183,72.27329736538785,186.3521904631878
24.08,-1.261567821486245,-2.5672228119578744,-4.853110712107659,183.51550789243367,72.05224479019166,200.17777352915508
24.09,-1.0806760783659903,-2.723523559396342,-4.932066515128229,177.45574450036926,73.23835696246036,209.94302033701823
24.1,-0.8346429300650768,-2.817002247913351,-5.033821528141974,170.41536716112665,75.48329664181513,216.44699021589753
24.11,-0.542580161364923,-2.8609221930605404,-5.151442264228405,162.73421316450143,78.50382394879276,220.3524204166661
24.12,-0.2198394453075409,-2.866212476172286,-5.279372370541009,154.6824825707649,82.07096479399762,222.20732132949414
24.13,0.12134625050682257,-2.841844263614524,-5.413196680521893,146.47283756039218,86.00087005370138,222.46330292947974
24.14,0.4713228574505255,-2.7951495186310105,-5.549442735342853,138.27056502806943,90.14711204857298,221.49111221807058
24.15,0.8225616212441336,-2.7320906276493986,-5.685414093950419,130.20209755757125,94.39420182513759,219.5937925606156
24.16,1.169278618191675,-2.6574882325595803,-5.819050585791361,122.36214439175902,98.65214240680211,217.01781667349204
24.17,1.5071161843203915,-2.5752135045601947,-5.948811375079092,114.8196467586878,102.85186031453273,213.96249423376474
24.18,1.832876724257684,-2.488350189301912,-6.073577317266901,107.62274004338815,106.94138089522441,210.58791150282093
24.19,2.1443007825806473,-2.399330976224447,-6.192569611797146,100.80287804193391,110.8826328883286,207.02162296658548
24.2,2.439882471256343,-2.3100520790835057,-6.305282202737535,94.3782512432903,114.64878468166887,203.36428293155234
24.21,2.718716381785293,-2.2219693440992927,-6.411425761383496,88.35661119052736,118.22202926279392,199.6943775307996
24.22,2.9803709948186246,-2.136178713500453,-6.510881411575193,82.73759599090376,121.59174731298664,196.07219404380453
24.23,3.2247843548782282,-2.053483453924772,-6.603662637322349,77.51463755695906,124.75298851840003,192.54314426401447
24.24,3.45217842187889,-1.9744502012195668,-6.689884050201853,72.67651880976766,127.70522024569466,189.14054138161248
24.25,3.6298948259594135,-1.9110862702230884,-6.617703162403319,66.77199788129663,129.74036293931562,183.04197760631078
24.26,3.7667999505529486,-1.860709225081674,-6.425373339520015,60.14327092229074,131.04156023694236,174.9746088313718
24.27,3.8703197967174843,-1.821062405753377,-6.1440596416949855,53.06364757989106,131.7604993829856,165.52592636569395
24.28,3.946661541488496,-1.7902503971152535,-5.799013191146212,45.74942580868051,132.02241370756585,155.16731126907038
24.29,4.001002212618044,-1.7666839780467642,-5.410562702583148,38.3698743305868,131.93032599189186,144.27388236276374
24.3,4.037649238754447,-1.7490331887904715,-4.99495053629919,31.055610287505885,131.56864433470565,133.14119646007956
24.31,4.060176958159593,-1.7361873471912712,-4.56503665060836,23.905617312529778,131.0062060919427,121.99927763677323
24.32,4.071542587732914,-1.72722100991702,-4.130890415460564,16.99311301430542,130.2988516858907,111.02438234022972
24.33,4.074184654316661,-1.7213650171614678,-3.7002873226839603,10.37044386387887,129.4915982549151,100.34884717037252
24.34,4.070106460696145,-1.7179818818148505,-3.2791251216099364,4.073158953960437,128.62047296784135,90.06931483453853
24.35,4.06094678963206,-1.7165448894117392,-2.8717717626374815,-1.876608570101495,127.71405712355299,80.25358986125096
24.36,4.0480397322606185,-1.7166203657060488,-2.481355694632985,-7.467342978053575,126.7947846939642,70.94633810262063
24.37,4.032465255019036,-1.7178526465297226,-2.1100074910884024,-12.6958374313598,125.8800325729671,62.17381195769083
24.38,4.015091885646278,-1.719951351433321,-1.7590604369513247,-17.56529669355738,124.98303431512608,53.947755831765036
24.39,3.996612698382037,-1.7226806200089926,-1.4292165605502603,-22.08378433659057,124.11364445654269,46.26862294110677
24.4,3.9775756065956327,-1.725850019074601,-1.1206836151720974,-26.262957964278627,123.27897649518131,39.128214603866745
24.41,3.91942374559361,-1.7737762774361667,-0.8758139286298774,-29.95899777353544,120.3276060639018,33.638398617481926
24.42,3.8322332622390363,-1.8552206584093005,-0.6835125134861484,-33.2273876310362,115.80175046707996,29.498095774507895
24.43,3.7241724349482057,-1.9610547835542105,-0.5344633907435099,-36.11728940270028,110.14114615909011,26.455706163879217
24.44,3.6018212010075983,-2.083908648375248,-0.42085819691330995,-38.67225651846339,103.7001968114246,24.301443709431023
24.45,3.4704406125060765,-2.2178736597479913,-0.33616484231029264,-40.93086792711854,96.7624356263147,22.860813959784263
24.46,3.3341997461141917,-2.358252439396686,-0.2749304482812592,-42.92729119425891,89.55270539667875,21.989069089589336
24.47,3.1963664929998705,-2.5013483419496443,-0.23261360834838576,-44.691782552002955,82.24740090216561,21.56649771882151
24.48,3.0594677133810952,-2.64428866824879,-0.20544172139433603,-46.251130864150696,74.98306774383266,21.494427486220808
24.49,2.925423433463891,-2.784876438880186,-0.1902897497983552,-47.629051714636454,67.86360847036161,21.691835784913692
24.5,2.7956590717544083,-2.921466350162346,-0.18457727545458308,-48.846537151498424,60.96630981613594,22.09247907946116
24.51,2.671199090574423,-3.0528611830164625,-0.18618117360615466,-49.9221660148537,54.346873177492284,22.642464116232482
24.52,2.5527449629432715,-3.178225489685764,-0.1933616085408555,-50.872379238128,48.04360334200742,23.298195408194395
24.53,2.4407399126796823,-3.297013857453107,-0.20469938515428499,-51.711724030351625,42.08088730637046,24.024642875349695
24.54,2.335422516186002,-3.4089114537522747,-0.2190429737309062,-52.4530704176736,36.47207521179887,24.793881672463133
24.55,2.236870938930122,-3.5137849032039457,-0.23546376852033643,-53.10780323894084,31.221858511083134,25.583863225370873
24.56,2.1450393104228054,-3.6116418425778196,-0.2532183493978637,-53.68599234836511,26.32822604473698,26.377382488919444
24.57,2.0097750274965347,-3.6924739548706635,-0.25701571054787886,-54.19654347357487,21.784066390116685,27.16121157368445
24.58,1.8433711229514755,-3.7590084321750177,-0.25006774157604866,-54.81576948391398,19.26449003907745,27.601624285868837
24.59,1.6557260066130477,-3.813556681483429,-0.23500144124486538,-55.50852429676871,18.33435366032745,27.772227389168307
24.6,1.45475004243811,-3.858075658587003,-0.21395495440935217,-56.2467503050986,18.635665641279367,27.73359183717621
24.61,1.2467078973285777,-3.894220365141505,-0.1886587386382662,-57.008255416084005,19.87509727292569,27.535361620226382
24.62,1.0365063659583331,-3.9233887597669597,-0.1605040775223056,-57.77568507268089,21.81341064289044,27.218039085058134
24.63,0.8279359534098907,-3.9467601594057147,-0.13060083576911227,-58.535659621127245,24.25651919734954,26.81449465836591
24.64,0.6238732789054598,-3.9653280566384224,-0.09982607511793125,-59.27805175007637,27.0479379937737,26.351241977642708
24.65,0.4264503206301072,-3.9799281489472387,-0.0688649134456531,-59.9953824620831,30.062415900508235,25.84951348806334
24.66,0.2371956288156949,-3.991262264168876,-0.03824480664272681,-60.6823172343682,33.20057222128142,25.326166464978147
24.67,0.057151870570040286,-3.9999187701328034,-0.008364259142943774,-61.33524675948698,36.38438613529087,24.794445049413262
24.68,-0.1130265829394459,-4.00638997360311,0.02048317971068611,-61.95193899341406,39.55340955171543,24.264620136724314
24.69,-0.27299287417421747,-4.011086942297514,0.04808890352501702,-62.531251235117395,42.66159300254493,23.744525748310522
24.7,-0.42264100536686733,-4.01435212235577,0.07431259982778572,-63.07289266649779,45.67463048829651,23.240007767363856
24.71,-0.5620510432273825,-4.016470070801062,0.09906843606228387,-63.577229236359386,48.56774313382043,22.755298566836508
24.72,-0.6914442590389116,-4.017676577098222,0.12231363199084833,-64.04512401271656,51.323833438458735,22.293329045075936
24.73,-0.8840469045971306,-3.9823844088398266,0.16142620962379847,-64.47780718504131,53.93195210234652,21.855987863648686
24.74,-1.1220348534683118,-3.9196993830038696,0.2120761173486541,-64.41466139221119,57.93969990591144,19.173711164373938
24.75,-1.3910523634873675,-3.8370211541137795,0.2707678886169239,-63.97288320094732,62.95641771011097,14.814566282673365
24.76,-1.6796234826662169,-3.740327476461777,0.3346996527345536,-63.248117363871124,68.66724195535575,9.239680837579593
24.77,-1.978656410120864,-3.634414059564747,0.4016443525631364,-62.318013576674176,74.82025981569384,2.821101608717493
24.78,-2.2810267700451896,-3.5230966769472594,0.4698498203605961,-61.245230793090975,81.21569125852,-4.143140372891263
24.79,-2.5812278148302954,-3.409381217178445,0.5379548531998919,-60.079971633893045,87.69679198414438,-11.416339118609041
24.8,-2.8750773363871684,-3.2956065336495324,0.6049188493862294,-58.86211742397755,94.1422160555733,-18.812439156445947
24.81,-3.1594725741981,-3.1835642363594348,0.6699629269447342,-57.623024100386345,100.45961543751773,-26.18707143297036
24.82,-3.432185700425249,-3.074598958178588,0.7325207530919531,-56.38703041356829,106.58028655123272,-33.4300388254192
24.83,-3.691693567373765,-2.9696921052248366,0.7921975769688556,-55.17272228751121,112.45470209843275,-40.45902892549067
24.84,-3.937036347266008,-2.8695316536629827,0.8487361831094709,-53.99399073338141,118.04879048459475,-47.2143646907721
24.85,-4.167700501444975,-2.7745701727224543,0.9019886755747938,-52.860915172666694,123.34084575705324,-53.65463173464738
24.86,-4.383522205403169,-2.6850729268035733,0.9518931670627006,-51.78049928754657,128.31896856320031,-59.753045116135524
24.87,-4.584607944286737,-2.6011576302906247,0.9984545876227745,-50.75728246475856,132.97895365598168,-65.49443907827276
24.88,-4.771269495239988,-2.522827190299607,1.0417289473074753,-49.79384643692464,137.3225522948927,-70.87278076681108
24.89,-4.751378878075446,-2.4468392879580527,1.015634192264395,-47.10076503378735,139.46550198257623,-75.8803738601168
24.9,-4.5736575480889154,-2.373832201978456,0.9368364393054055,-43.12550328710743,139.8900962281062,-80.52586891811467
24.91,-4.277873974379088,-2.304248039244414,0.8189191684570322,-38.23068567969456,138.99244030315091,-84.82154680754874
24.92,-3.8963206136578283,-2.2383718046629686,0.6728934740816052,-32.708314641523856,137.09646246524528,-88.78227596027875
24.93,-3.4550615310172104,-2.1763637687386908,0.5076289194178938,-26.7917600554006,134.46576906645433,-92.42467359345832
24.94,-2.974984928198343,-2.1182861979726235,0.33021687101258523,-20.66585485578435,131.31366365071668,-95.76643619396363
24.95,-2.472689858412049,-2.064125351636531,0.14627646096769925,-14.475382861456527,127.81160380662509,-98.82581005694483
24.96,-1.961232135319229,-2.01380951066614,-0.03978815705053687,-8.332203039839031,124.09632978838894,-101.62117732615005
24.97,-1.450750782711926,-1.9672236869440254,-0.22457186214183428,-2.3212184726656506,120.2758648246083,-104.1707369334142
24.98,-0.9489932348920855,-1.924221561173281,-0.40548762288139273,3.4946324689618695,116.43455780820425,-106.49226318064123
24.99,-0.46175481179733147,-1.8846351123617222,-0.5806151799650954,9.070211557567912,112.63731401739172,-108.6029275389769
25.0,0.006754306068922911,-1.8482823294847206,-0.7485747755453506,14.374714085444912,108.93313806790411,-110.51917163303114
25.01,0.45360334465294705,-1.8149733343213175,-0.9084220319185874,19.388790769515666,105.35809493364167,-112.25662139827529
25.02,0.8768868688086382,-1.7845151921755664,-1.0595606652056189,24.102165218733653,101.93777916000883,-113.8300341029423
25.03,1.2755142409152043,-1.7567156428424826,-1.2016702177971645,28.51166804362346,98.68936895582105,-115.2532713595945
25.04,1.649035693919994,-1.7313859465899264,-1.334646418721986,32.61962067449811,95.6233303626801,-116.53929245672519
25.05,1.9974991549092858,-1.7083430081060955,-1.4585521441375213,37.20524658447248,94.29631140288966,-119.47531969582954
25.06,2.180381021058755,-1.5528747894527548,-1.499505916031642,42.08494069391422,94.32146402112997,-123.62875746177147
25.07,2.233631949500399,-1.2984476565860914,-1.4763096958250834,47.11353554811314,95.38147999414005,-128.6493776972306
25.08,2.1868021455025892,-0.9722305289758946,-1.40436107885717,52.17756074041992,97.21725047356745,-134.25548731973473
25.09,2.064079746418288,-0.5961463292590894,-1.2962106052589684,57.18958689171074,99.61827408322955,-140.22226679134363
25.1,1.8851696167065843,-0.18775896808123715,-1.1620329363281736,62.08348836860979,102.41455362682665,-146.37195318692943
25.11,1.6660362265100208,0.2389794485718253,-1.0100247220479062,66.8104834311011,105.469759126974,-152.56558884625406
25.12,1.4195308617265576,0.6731001043128915,-0.8467401248325779,71.33583147221006,108.67546722666536,-158.69609760345176
25.13,1.1559204752247414,1.1060896516097563,-0.6773733687640832,75.63608494943082,111.94631469007491,-164.6824856268773
25.14,0.8833329687589017,1.531447732327516,-0.505996315387203,79.69680894059312,115.21592748721542,-170.46499390064255
25.15,0.6081315346091353,1.9443167514344335,-0.3357578945926042,83.51069435662997,118.43350729303839,-176.0010550492965
25.16,0.33522883448495266,2.3411727543220042,-0.16905121469373002,87.07600202896084,121.56097465541788,-181.2619291623394
25.17,0.06835020728854796,2.719567916621519,-0.007653315791564946,90.39528443388666,124.57058300074877,-186.22991204322636
25.18,-0.189746260522583,3.077916573434874,0.14715820548964842,93.4743399558785,127.44293040575603,-190.89602534198002
25.19,-0.4370861302448148,3.415317926722679,0.29450810138480166,96.32136152809292,130.1653069751248,-195.25811172161985
25.2,-0.6723257940908233,3.7314096046036127,0.4338428482203909,98.94624739544312,132.7303249895614,-199.3192698916313
25.21,-0.8809133993152545,3.9272863329092713,0.6198114067629452,102.17543753770431,130.11502117265255,-198.28719930473957
25.22,-1.0658363408259086,4.028062916566584,0.8385782186664174,105.81684204447141,123.57439757575901,-193.37175155376406
25.23,-1.2297516032195985,4.05445381785786,1.0790379618633503,109.71695122864512,114.13064826601615,-185.55989703264584
25.24,-1.375021685314461,4.023480823254965,1.3323491720943874,113.75419197545551,102.61175191533778,-175.6525413050296
25.25,-1.5037467062103016,3.9490725488987644,1.5915417991135503,117.83334218824074,89.6840538669225,-164.29561989943232
25.26,-1.6177930861741436,3.842571767768255,1.8511875010639478,121.88084261383815,75.87973730068389,-152.0063266685933
25.27,-1.718819156987489,3.71316423584383,2.1071231244155966,125.84086897696997,61.61995212808425,-139.19520646578536
25.28,-1.8082980212510273,3.5682407155291322,2.356219224725209,129.6720475991026,47.234257947061344,-126.18473624073268
25.29,-1.8875379482457515,3.413702196608049,2.596186688638425,133.34471500356193,32.97694115304285,-113.22492725216524
25.3,-1.957700565034747,3.254216858737094,2.825415548687005,136.83863682879544,19.04068387085615,-100.50640278822823
25.31,-2.019817075310154,3.0934360710118765,3.042840964213465,140.14111404141494,5.5679917974498245,-88.17133873321039
25.32,-2.0748027148130412,2.9341756543001964,3.2478320954100757,143.2454152660546,-7.339272349337046,-76.32259692963095
25.33,-2.1234696307634855,2.7785677156568758,3.4401002412416983,146.14948329326225,-19.611954737512352,-65.03133219048996
25.34,-2.166538353432365,2.6281875795759446,3.6196231616246326,148.85487171576088,-31.20702480443544,-54.34331184035873
25.35,-2.204648010578345,2.484159669458108,3.786582973142432,151.36587437180262,-42.10212496810413,-44.2841507935339
25.36,-2.2383654197904495,2.347245618438856,3.9413154073803964,153.68881600890018,-52.29107473453634,-34.863634542159666
25.37,-2.247287460909241,2.2572916947141346,3.927382983478519,154.92257116841392,-60.93908204423387,-26.18974498185503
25.38,-2.237086141439109,2.204697148507486,3.7845342216867928,155.30314050666016,-68.27218017127989,-18.223021006280305
25.39,-2.212402894634803,2.1815276654975913,3.545215900601146,155.02454305458838,-74.48397129712325,-10.922200743632777
25.4,-2.1770175979465876,2.181248769669741,3.235777421948055,154.245624113868,-79.74020251382952,-4.245288327799002
25.41,-2.133991439576757,2.198499837400453,2.8774881738863436,153.09581714184975,-84.18270456234166,1.8496178863205932
25.42,-2.085787530206469,2.2289027355473974,2.4873958249971215,151.68001475480688,-87.93278112194719,7.403692692657149
25.43,-2.034372591310366,2.2688999585732237,2.079049419988231,150.0826815404333,-91.09412447036475,12.456911033560807
25.44,-1.9813025663538126,2.315617879974665,1.663107665840983,148.37132211785928,-93.7553229641475,17.047704606540783
25.45,-1.927794585272173,2.3667513685480395,1.247849812418231,146.59940137060948,-95.9920168271351,21.212723067001377
25.46,-1.874787356236665,2.420466564978466,0.8396039744474015,144.8087996208306,-97.86875099056101,24.986679043494625
25.47,-1.8229917534401565,2.475319081542723,0.4431055520252447,143.03187338083066,-99.44056703770644,28.40225974356766
25.48,-1.7729331082765771,2.5301852882631275,0.06179653248288641,141.29318192550522,-100.75437052633802,31.490090924192838
25.49,-1.72498648763139,2.584204692029326,-0.30192514704927675,139.61093103118566,-101.85010497034753,34.278741516793474
25.5,-1.6794060517056781,2.6367317090998634,-0.6464983681434442,137.99817761160998,-102.76175945138063,36.79475930617844
25.51,-1.6363494202671538,2.687295382964808,-0.9710270941664249,136.46383246831593,-103.51823310949378,39.06272982764227
25.52,-1.5958978365053595,2.735565814783831,-1.2751384923064188,135.013492804414,-104.14407654915081,41.105352120206106
25.53,-1.4988810639923393,2.620511429539273,-1.5959387738150643,134.11060012729513,-102.92215861155775,45.14633882669706
25.54,-1.360072455912178,2.382209205999857,-1.9245039772542605,133.64095424751198,-100.30464083728248,50.65418287031206
25.55,-1.1914358582271767,2.0532688285087444,-2.253880367742797,133.51035116381064,-96.65951565327043,57.19902949948117
25.56,-1.002597152839798,1.6600733077966618,-2.578731317214602,133.64136839404227,-92.28458362717886,64.43556800463438
25.57,-0.8012418135144643,1.223826123067151,-2.8950416798224747,133.97064153290646,-87.41925155052782,72.08861218819489
25.58,-0.5934496035073422,0.7614338703356948,-3.1998708061969006,134.44655945902267,-82.25447774886487,79.94096471641785
25.59,-0.3839759176658371,0.28624917886417844,-3.491146655980494,135.02731608278316,-76.94114346714066,87.82321968776954
25.6,-0.17648787822990608,-0.1913049627134541,-3.767494593221363,135.6792655121813,-71.59708841602149,95.60520848321427
25.61,0.02623790006057089,-0.6632114310664313,-4.028095410902319,136.37553522356143,-66.31301363600804,103.18883741280142
25.62,0.22214998187577092,-1.1234203610387667,-4.272567952393953,137.09485843659368,-61.15742491949762,110.50210286806657
25.63,0.40978420104872454,-1.5674825986576053,-4.500872398967329,137.82059256162472,-56.18076441905218,117.4941015155654
25.64,0.5881488969616309,-1.9922440524805034,-4.7132308908912055,138.53989544545124,-51.41885615435095,124.13088028450099
25.65,0.7566296657549243,-2.3955914459936523,-4.910062659850249,139.24303530267073,-46.89577238677734,130.39199416564696
25.66,0.9149105408348688,-2.7762413965585058,-5.091931285149356,139.9228137823752,-42.62621180868539,136.2676597126861
25.67,1.0629089836174064,-3.1335659618884955,-5.259502056313527,140.5740846686743,-38.617466806573034,141.75640910475227
25.68,1.200722463503765,-3.467448832814761,-5.413507739606196,141.19335332117402,-34.871045370478065,146.86316410641615
25.69,1.5179741361745118,-3.7795672834799525,-5.495524610570799,141.04344411260075,-29.48908142142913,152.57984921540228
25.7,1.9676511178103255,-4.070145499091115,-5.521143533487905,140.30697543552748,-22.93899842260371,158.67418885797915
25.71,2.5116900237844595,-4.339691687620113,-5.5031824817605655,139.13292948846313,-15.596919323149816,164.96244619592113
25.72,3.119474170174273,-4.5889235712185625,-5.452136153379312,137.64220791198477,-7.763188195081209,171.3009177484717
25.73,3.7665666389700014,-4.818708066923335,-5.376556508940864,135.93232408136873,0.3245619685194612,177.57879594107337
25.74,4.433643722282825,-5.030012773526625,-5.283374476340475,134.08136108478195,8.480424359893107,183.71219049570473
25.75,5.1055984466585365,-5.223867255558416,-5.178171584562982,132.15130564857049,16.560999825790226,189.63913047509897
25.76,5.770788322404652,-5.4013324331209045,-5.065409017662043,130.19085217946215,24.457674747714734,195.31539523314927
25.77,6.420405269110198,-5.563476656049671,-4.9486204896025425,128.237757301872,32.090165270005144,200.7110451380136
25.78,7.047948927226784,-5.711357269603732,-4.830574405781948,126.32081345337528,39.40113194691491,205.80754226614386
25.79,7.648787354109377,-5.846006672643501,-4.713409975891462,124.461499984161,46.3516980753784,210.59536778196008
25.8,8.219791487908404,-5.9684220332107705,-4.598751256508254,122.67536154704129,52.91772993818047,215.07205682091376
25.81,8.759031801474716,-6.079557965001167,-4.487802514222544,120.97315615694899,59.08675850597924,219.2405837285359
25.82,9.26552731027588,-6.180321585200047,-4.38142779725032,119.36180896520725,64.85544035466926,223.10804077142572
25.83,9.73903858560371,-6.271569472771063,-4.280217173361425,117.84520238144862,70.22747109265583,226.68456218283472
25.84,10.179897693501523,-6.354106129305574,-4.184541724237718,116.42482855354828,75.21187784372906,229.98245285433794
25.85,10.588869062149826,-6.428683614319409,-4.094599072186165,113.42798252041288,79.66139429621123,230.41728399573356
25.86,10.830345702800091,-6.429306351059386,-3.9300536030812863,109.27097567441214,83.6318616692646,228.65329094780623
25.87,10.9398111198167,-6.373297753390628,-3.710961375124718,104.29067393803014,87.17351853817632,225.2333855213024
25.88,10.946495046597903,-6.274805924653757,-3.453530100984147,98.75785426583094,90.33152897627787,220.59910820224007
25.89,10.87438245856167,-6.145326806954375,-3.170767858267395,92.88846335639984,93.146466202695,215.10748798604797
25.9,10.743068048056402,-5.9941461573571235,-2.8730297527769535,86.8530943264229,95.65475460725351,209.0452711801189
25.91,10.568479029887426,-5.828712470050523,-2.5684779102486943,80.78495093899645,97.8890730012553,202.64091349776507
25.92,10.363485843634813,-5.654951202111867,-2.26346792284036,74.78652942457626,99.8787218810183,196.07467229568536
25.93,10.138417484728363,-5.4775291500633365,-1.9628729493114736,68.9352140553393,101.64995740019593,189.487086542598
25.94,9.90149576486673,-5.30007652974394,-1.6703550172454282,63.28795363115257,103.22629463518824,182.9860898950374
25.95,9.659200717396626,-5.125373202784653,-1.3885916627379022,57.88516121839785,104.62878260205443,176.65296610401384
25.96,9.416577576093005,-4.9555045430379385,-1.119464834087798,52.753958258345044,105.87625334852925,170.54732502801124
25.97,9.177494224530966,-4.791991623184392,-0.86421795224494,47.91086601926797,106.98554730522827,164.71125104750905
25.98,8.944856701857985,-4.635899706059265,-0.6235861372051748,43.36403186717352,107.97171693918176,159.17275303044474
25.99,8.720789228219951,-4.487928430353163,-0.3979038547965236,39.115064596551626,108.84821061300268,153.9486256419042
26.0,8.506784252649895,-4.3484865719164105,-0.18719359397120441,35.16054177066062,109.62703841619366,149.04681525627308
26.01,8.192529501781417,-4.142729718239578,-0.007934556871019322,31.44730489192125,109.46689041525873,142.659853941395
26.02,7.806431247182403,-3.88941539717076,0.14444371460991962,27.976821892700144,108.5903413768045,135.23562021685717
26.03,7.3713605952678085,-3.603647926396653,0.27386048942173347,24.746423629348048,107.17899387272541,127.1332284556195
26.04,6.905593430594637,-3.29749862961028,0.38367523123981384,21.750315214760537,105.38024359815353,118.63822181880285
26.05,6.4236018602886995,-2.980528080045552,0.4767663112061596,18.980399159611338,103.31299355046328,109.9753538965713
26.06,5.9367195977062055,-2.6602251736593456,0.5555987894427967,16.426941568018805,101.07247414597444,101.31932448897885
26.07,5.453700434202323,-2.342375664493979,0.6222827682576784,14.079107762455479,98.73430350588183,92.80378127865059
26.08,4.9811861303602525,-2.031370936156527,0.678623615033796,11.925389571282691,96.35790255478152,84.5288531757641
26.09,4.5240976456942885,-1.7304661920207194,0.7261651756118579,9.953942994114733,93.98936278667688,76.56744176612031
26.1,4.085961561407936,-1.441995884916418,0.7662269458105013,8.152851974187474,91.66385017067994,68.97046362801616
26.11,3.669181784979199,-1.1675530422128684,0.7999360363405486,6.510331474958987,89.40761635264042,61.771207496842415
26.12,3.275265115760647,-0.9081381463583871,0.8282546519597949,5.0148809134409404,87.2396777676939,54.98894565427435
26.13,2.905007960956433,-0.66428238005795,0.8520037068564086,3.655397188006172,85.173214260974,48.631917905210145
26.14,2.5586503899195123,-0.43614931867077245,0.871883112841997,2.4212550046575814,83.21673110331388,42.69978856756396
26.15,2.2360027747518774,-0.22361853231698373,0.888489203161557,1.3023609110835417,81.37502169974104,37.1856615970604
26.16,1.9365494635336589,-0.026354031322411375,0.9023296910130708,0.28918635645523727,79.64996266107214,32.07772592281455
26.17,1.629452311764497,0.1658810089909708,0.9223867099773069,-1.6017471206266714,77.79726177738702,26.521138814051092
26.18,1.321301237569912,0.3512616959654201,0.9468898696534047,-4.135168937132716,75.87578355741893,20.70787462430952
26.19,1.0171581145526531,0.5284979454307732,0.9744142439420826,-7.120911172627457,73.93167078654618,14.788924297408796
26.2,0.720835815452679,0.6967292935303283,1.0038216673202567,-10.406309006480814,72.00060519968194,8.881541620603414
26.21,0.4351313705878133,0.8554376492076388,1.0342113091672922,-13.86979631667353,70.10970176286898,3.075318280227366
26.22,0.16202035232271586,1.00437514575421,1.06487812387569,-17.415516392966804,68.27909283838923,-2.5627327035015988
26.23,-0.09718146404154179,1.1435046798952693,1.095277980076249,-20.968794054613735,66.5232501643596,-7.983932180051875
26.24,-0.3416840193197775,1.2729510938486541,1.1249984484161109,-24.472338029083826,64.85208544261253,-13.154398479597369
26.25,-0.5711121004028051,1.3929612686903292,1.1537343781073157,-27.883061774708054,63.27186422685912,-18.05210865456818
26.26,-0.7854139734132044,1.5038716639802003,1.1812675214942177,-31.169427474096793,61.785962589378244,-22.66446320017758
26.27,-0.98478637660221,1.6060820656243173,1.2074495762514674,-34.309232080283536,60.39549159209791,-26.986274302282
26.28,-1.1696132106593828,1.7000344971077144,1.2321881091710576,-37.28776640251583,59.099810788053624,-31.018109781982538
26.29,-1.340415674067853,1.7861964134448822,1.255434906106821,-40.096288564810614,57.89694873826888,-34.76493524640979
26.3,-1.4978119402076528,1.8650474366804501,1.2771763614778457,-42.7307620083674,56.78394576674199,-38.23500577001175
26.31,-1.6424847699051925,1.9370690101470498,1.2974255794731953,-45.190815754084824,55.75713182343637,-41.43896594011307
26.32,-1.7751557056126028,2.0027364490488675,1.316215909196616,-47.47889107886715,54.81235032272681,-44.389123493157626
26.33,-1.9004283953633918,2.048279137441683,1.3518980693099127,-49.23477857629632,54.34599649682845,-46.997148408876775
26.34,-2.0180794172762866,2.0777022092199062,1.3999555033136883,-50.5557740262609,54.25322563798707,-49.30247763483555
26.35,-2.1280568025334046,2.094323964031047,1.4567368589835525,-51.5231646984797,54.44792878296809,-51.34003470416593
26.36,-2.230440663081301,2.100884995620342,1.5193102584966744,-52.20471123348347,54.8596869754853,-53.14074188686941
26.37,-2.325410983452639,2.099640769874328,1.5853404822098978,-52.65675918632256,55.43119421701434,-54.731974825394424
26.38,-2.4132214008704973,2.0924400850082496,1.6529856147058049,-52.926034037928694,56.11607952354416,-56.13796603105585
26.39,-2.4941779798174433,2.0807914968294043,1.7208102065432054,-53.05116581434701,56.877068578175674,-57.38016292240514
26.4,-2.568622142139051,2.0659194918670165,1.7877124376914775,-53.0639828648181,57.68443411096894,-58.47754546543186
26.41,-2.6369170454456095,2.0488119335072663,1.8528631390754442,-52.99060868682225,58.51469154840488,-59.446907920789315
26.42,-2.6994368144546055,2.0302600851770314,1.91565484577449,-52.85239082106258,59.34950282787296,-60.30310870816003
26.43,-2.756558124876265,2.010892324968304,1.9756593267507203,-52.666686661011234,60.174756716405184,-61.05929195617574
26.44,-2.8086537199666566,1.9912025034808676,2.0325922680176665,-52.44752743439362,60.97979863549384,-61.72708391237252
26.45,-2.8560875080832586,1.9715737572876606,2.0862839844873964,-52.20617853535211,61.7567869854915,-62.31676703645486
26.46,-2.899210947296231,1.9522984710258666,2.136655205151918,-51.951611744908575,62.50015637868516,-62.83743428713579
26.47,-2.938360471892159,1.9335949788719016,2.183697120892693,-51.690902612461045,63.2061711113071,-63.29712583395188
26.48,-2.973855756787602,1.9156215086466486,2.227455007617776,-51.4295643296112,63.8725547017316,-63.702950177077454
26.49,-2.965305619335869,1.8802174219328354,2.2341442645226404,-50.33346838915412,63.095995955310805,-63.077363343266136
26.5,-2.9231668012972634,1.8320212083248715,2.2123483320822603,-48.61538761616113,61.226818212655644,-61.67187712139081
26.51,-2.8559700687161858,1.774784088401198,2.169083987993809,-46.44794471783585,58.550309953237544,-59.691241152745775
26.52,-2.770638319260108,1.711519354578367,2.1100588966136855,-43.97032523758938,55.29750970847623,-57.30120359624028
26.53,-2.6727552560943595,1.6446282403299748,2.0398892501411896,-41.29393961618834,51.6543109162609,-54.6350622858495
26.54,-2.566792016231609,1.5760058522283937,1.9622834544022287,-38.50719219330022,47.76913821727946,-51.799187496865166
26.55,-2.4562980667080714,1.5071301823970522,1.880196947439552,-35.67949194463119,43.75941006935181,-48.877671056910515
26.56,-2.3440617605617993,1.4391367760824774,1.7959624976175095,-32.8646200051091,39.716971158136076,-45.93623392230601
26.57,-2.2322451549097817,1.372881249746592,1.7113996923222348,-30.103552113832677,35.71265117676566,-43.025504961088394
26.58,-2.1224970169119906,1.3089915303683894,1.627906783700505,-27.426819632795528,31.80008350076697,-40.18376708513915
26.59,-2.0160473641181818,1.247911408807447,1.5465375914166728,-24.856480395239032,28.01889755350599,-37.43925266316022
26.6,-1.9137863898835754,1.1899367624747341,1.4680657630834784,-22.407760035309227,24.39738177273577,-34.81205798597072
26.61,-1.816330200393274,1.1352455994625832,1.393038351342697,-20.090415384186265,20.954699647259574,-32.31573615521672
26.62,-1.724075427183617,1.0839229027898023,1.3218203743639316,-17.909863770292336,17.702728947328428,-29.958618876120426
26.63,-1.6372444691452293,1.0359811052936136,1.254631776765128,-15.868115444493979,14.647583724766639,-27.744910039372943
26.64,-1.5559228533166944,0.9913768993153815,1.1915779945915888,-13.964540703734393,11.79086965241829,-25.67558749187295
26.65,-1.4800899778648993,0.9500249775614946,1.1326751458244793,-11.720717234969484,8.76759058683255,-23.28430011188275
26.66,-1.4106984954429795,0.9136530378192766,1.0568794624586535,-9.251450575524954,5.664023933699209,-20.683872272329587
26.67,-1.3473229464724006,0.8816622083632148,0.9693345101557768,-6.648161264770158,2.5474803253049445,-17.96395295341655
26.68,-1.2895435895031697,0.8535255231802422,0.8741619137027027,-3.9829372570864834,-0.5303027705798042,-15.195046709976618
26.69,-1.2369516194876153,0.8287793029123376,0.7746364740167131,-1.3119386221866938,-3.530319488201255,-12.431899012499535
26.7,-1.1891529921399624,0.8070155670367178,0.6733334737256162,1.3217468580051244,-6.4239210612520345,-9.71633438454834
26.71,-1.1457711213247288,0.7878753541469977,0.5722523879757824,3.885713118495655,-9.190836014661974,-7.079631241514639
26.72,-1.1064486714611168,0.7710428418697589,0.47292059751144433,6.356238628582222,-11.817523478762366,-4.544504909480795
26.73,-1.0708486290427088,0.7562401708782829,0.3764801704760692,8.716621603045652,-14.295807279733566,-2.126759672306746
26.74,-1.0386548054873228,0.743222888855461,0.2837603252384215,10.955795714696627,-16.621746341731303,0.16333839478442824
26.75,-1.009571896741991,0.7317759402933713,0.19533779802149712,13.067182195262273,-18.79470366510877,2.3199238149826016
26.76,-0.9833252025972529,0.7217101368584375,0.1115870069019535,15.04774085701937,-20.81658188667732,4.340591967712725
26.77,-0.9596600898521056,0.7128590508401533,0.0327216198432099,16.89718824091122,-22.691198323711408,6.225625522651214
26.78,-0.938341267752663,0.705076281063027,-0.041171108058690814,18.61735593731418,-24.423776575132642,7.97736018935957
26.79,-0.9191519310241419,0.6982330466858049,-0.11010206992016651,20.211666252727163,-26.020535305515576,9.59966704059941
26.8,-0.9018928149191159,0.6922160696362785,-0.17415713337785627,21.684705912141368,-27.48835785994133,11.097532176070548
26.81,-0.8698965101680941,0.692081867369668,-0.23162639862862097,23.055553387128157,-28.480153927236962,12.226795605164536
26.82,-0.8271169876217165,0.6964537614566434,-0.28315545485766547,24.32674047911604,-29.091995401772106,13.056203611733924
26.83,-0.7767499939905569,0.7042073247192238,-0.32933139705087666,25.501762792058074,-29.403374118185386,13.64307531033027
26.84,-0.7213608270855978,0.7144288290183989,-0.3706873622136341,26.584799222403415,-29.479845742967658,14.035085277844185
26.85,-0.6629920145007759,0.7263801396690425,-0.40770684550678216,27.58048651716151,-29.375271756582716,14.271779076755712
26.86,-0.6032539233889472,0.7394690940786126,-0.4408277804420552,28.49373951600503,-29.133718692685136,14.385860593473042
26.87,-0.543400886078501,0.7532245420784615,-0.47044637468246653,29.329609178932017,-28.791065289190346,14.404284557936732
26.88,-0.48439504679271406,0.7672753453583697,-0.4969206987933679,30.093171761814684,-28.376360897621048,14.349182834511483
