time,ax_filtered,ay_filtered,az_filtered,wx_filtered,wy_filtered,wz_filtered
0.0,0.574608,1.222001,9.143935,0.91,-2.1,1.68
0.01,0.574608,1.222001,9.143935,0.91,-2.1,1.68
0.02,0.574608,1.222001,9.143935,0.91,-2.1,1.68
0.03,0.574608,1.222001,9.143935,0.91,-2.1,1.68
0.04,0.574608,1.222001,9.143935,0.91,-2.1,1.68
0.05,0.574608,1.222001,9.143935,0.91,-2.1,1.68
0.06,0.574608,1.222001,9.143935,0.91,-2.1,1.68
0.07,0.574608,1.222001,9.143935,0.91,-2.1,1.68
0.08,0.574608,1.222001,9.143935,0.91,-2.1,1.68
0.09,0.574608,1.222001,9.143935,0.91,-2.1,1.68
0.1,0.574608,1.222001,9.143935,0.91,-2.1,1.68
0.11,0.574608,1.222001,9.143935,0.91,-2.1,1.68
0.12,0.574608,1.222001,9.143935,0.91,-2.1,1.68
0.13,0.574608,1.222001,9.143935,0.91,-2.1,1.68
0.14,0.574608,1.222001,9.143935,0.91,-2.1,1.68
0.15,0.574608,1.222001,9.143935,0.91,-2.1,1.68
0.16,0.5760446250000001,0.5191591249999998,8.563149500000002,0.91,-2.1,1.68
0.17,0.5773016718750001,-0.09582751562500014,8.054962187500001,0.91,-2.1,1.68
0.18,0.5784015878906251,-0.6339408261718751,7.6102982890625,0.91,-2.1,1.68
0.19,0.579364014404297,-1.1047899729003907,7.221217377929688,0.91,-2.1,1.68
0.2,0.5802061376037598,-1.5167829762878418,6.880771580688476,0.91,-2.1,1.68
0.21,0.5809429954032899,-1.8772768542518614,6.582881508102417,0.91,-2.1,1.68
0.22,0.5815877459778787,-2.192708997470379,6.322227694589614,0.91,-2.1,1.68
0.23,0.5821519027306439,-2.4687121227865814,6.094155607765912,0.91,-2.1,1.68
0.24,0.5826455398893134,-2.7102148574382587,5.894592531795173,1.4175,-1.938125,-3.6662501250000004
0.25,0.5830774724031493,-2.9215297502584763,5.719974840320776,1.8615624999999998,-1.7964843750000001,-8.344218984375
0.26,0.5834554133527557,-3.106430281476167,5.567184360280679,2.2501171875,-1.672548828125,-12.437441736328125
0.27,0.5837861116836613,-3.268218246291646,5.433492690245594,2.5901025390625,-1.564105224609375,-16.01901164428711
0.28,0.5840754727232037,-3.40978271550519,5.316512478964895,2.8875897216796873,-1.4692170715332031,-19.152885313751224
0.29,0.5843286636328032,-3.533651626067041,5.2141547940942825,3.147891006469726,-1.3861899375915527,-21.89502477453232
0.3,0.5845502056787029,-3.642036922808661,5.124591819832497,3.37565463066101,-1.3135411953926086,-24.29439680271578
0.31,0.5847440549688651,-3.7368740574575785,5.046224217353434,3.5749478018283836,-1.2499735459685324,-26.39384732737631
0.32,0.6001886730977569,-3.3878180502753814,4.770879815184255,3.7493293265998355,-1.1943518527224657,-28.230866536454272
0.33,0.6137027139605372,-3.0823940439909587,4.529953463286223,3.901913160774856,-1.1456828711321574,-29.838258344397488
0.34,0.6255274997154701,-2.815148038492089,4.319142905375445,4.035424015677999,-1.1030975122406377,-31.2447261763478
0.35,0.6358741872510363,-2.5813077836805776,4.1346836672035145,4.1522460137182495,-1.065835323210558,-32.475385529304326
0.36,0.6449275388446567,-2.376697560720505,3.973281833803075,4.254465262003468,-1.0332309078092383,-33.55221246314129
0.37,0.6528492214890745,-2.197663615630442,3.8320552295776906,4.343907104253035,-1.0047020443330836,-34.49443603024862
0.38,0.6597806938029401,-2.0410089136766367,3.708481950880479,4.422168716221406,-0.9797392887914481,-35.31888165146755
0.39,0.6658457320775726,-1.9039360494670572,3.600355332020419,4.49064762669373,-0.9578968776925171,-36.04027157003411
0.4,0.6711526405678759,-1.783997293283675,3.5057445405178664,7.3286917983570135,-4.801909767980953,-31.15023762377984
0.41,0.6757961854968914,-1.6790508816232155,3.422960097953133,9.811980448562387,-8.165421046983333,-26.87145792080736
0.42,0.6798592873097798,-1.5872227714203135,3.350523710708991,11.984858017492089,-11.108493416110417,-23.127525680706437
0.43,0.6834145013960573,-1.5068731749927744,3.287141871870367,13.886125890305578,-13.683681739096613,-19.85158497061813
0.44,0.6865253137215501,-1.4365672781186776,3.231682762886571,15.549735279017382,-15.936971521709538,-16.985136849290864
0.45,0.6892472745063564,-1.375049618353843,3.1831560425257495,17.005393494140208,-17.908600081495845,-14.476994743129506
0.46,0.6916289901930618,-1.3212216660596126,3.1406951622100308,18.27909443237268,-19.633775071308865,-12.282370400238317
0.47,0.6937129914189291,-1.274122207802161,3.103541891933777,19.393582753326093,-21.143303187395258,-10.362074100208527
0.48,0.280151992491563,-1.6036245568268908,2.747118280442055,20.36876003416033,-22.464140288970853,-8.681814837682461
0.49,-0.08171388156988238,-1.8919391122235294,2.435247620386798,21.222040154890287,-23.6198727528495,-7.211587982972154
0.5,-0.39834652137364707,-2.144214348195588,2.1623607928384483,21.968660260529,-24.631138658743314,-5.925139485100635
0.51,-0.6754000812019412,-2.36495517967114,1.9235848187336422,22.621952852962874,-25.5159963264004,-4.7994970494630556
0.52,-0.9178219460516985,-2.5581034072122475,1.7146558413919368,23.193583871342515,-26.290246785600353,-3.8145599182801737
0.53,-1.1299410777952361,-2.7271081063107165,1.5318429862179448,23.693761012424698,-26.96771593740031,-2.952739928495152
0.54,-1.3155453180708316,-2.874987218021877,1.3718817379407016,24.13141601087161,-27.560501445225274,-2.198647437433258
0.55,-1.4779490283119776,-3.004381440769142,1.231915645698114,24.514364134512658,-28.079188764572116,-1.5388165077541005
0.56,-1.6200522747729804,-3.1176013856729994,1.1094453149858496,24.849443742698575,-28.533040169000603,-0.9614644442848379
0.57,-1.7443926154263578,-3.2166688374638746,1.0022837756126184,19.450763274861252,-17.26641002287553,9.934343486250768
0.58,-1.853190413498063,-3.30335285778089,0.9085174286610411,14.726917865503594,-7.408108645016088,19.468175425469422
0.59,-1.9483884868108052,-3.379201375558279,0.826471875078411,10.593553132315645,1.2179050606109225,27.810278372285744
0.6,-2.031686800959455,-3.445568828613494,0.7546820156936096,6.976858990776188,8.765667053034557,35.10961845075003
0.61,-2.104572825839523,-3.503640350036807,0.6918658887319084,3.812251616929165,15.369958796405237,41.49654101940627
0.62,-2.1683480976095826,-3.554452931282206,0.6369017776404198,1.0432201648130195,21.14871407185458,47.08509826698049
0.63,-2.2241514604083847,-3.59891393987193,0.5888081804353673,-1.379682355788608,26.205124937872757,51.975085858607926
0.64,-2.2729794028573367,-3.6378173223879386,0.5467262828809464,-3.499722061315032,30.62948444563866,56.25382500128193
0.65,-2.1995773525001696,-3.8508740320894463,0.4858837475208281,-5.354756803650653,34.500799014933826,59.99772175112169
0.66,-2.1353505584376484,-4.037298653078265,0.43264652908072454,-6.977912203194322,37.8881992630671,63.27363140723148
0.67,-2.0791521136329423,-4.200420196443481,0.38606396294563394,-8.398173177795032,40.85217448018371,66.14005235632754
0.68,-2.0299784744288245,-4.343151546888047,0.3453042175774297,-9.640901530570654,43.445652795160754,68.6481706867866
0.69,-1.9869515401252213,-4.4680414785270415,0.309639440380251,-10.728288839249322,45.71494632076566,70.84277422593827
0.7,-1.9493029726095685,-4.577320168711161,0.2784327603327196,-11.679752734343158,47.70057815566996,72.76305232269598
0.71,-1.9163604760333723,-4.672939022622266,0.2511269152911296,-12.512283642550264,49.438006011211215,74.44329565735899
0.72,-1.8875357915292008,-4.756605519794483,0.22723430087973842,-13.240748187231482,50.95825538480982,75.91350857518913
0.73,-1.8623141925880506,-4.8298137048201735,0.20632826326977113,-29.422529788827546,61.01659808670858,69.52182000329049
0.74,-1.8402452935145444,-4.893870866717652,0.18803548036104975,-43.5815886902241,69.81764795087001,63.92909250287917
0.75,-1.8209350068252264,-4.949920883377946,0.17202929531591854,-55.970765228946085,77.51856658201126,59.035455940019276
0.76,-1.804038505972073,-4.998964647955702,0.15802388340142873,-66.81129470032782,84.25687038425984,54.75352394751687
0.77,-1.7892540677255637,-5.041877941961239,0.14576914797625015,-76.29675798778683,90.15288621122735,51.00683345407725
0.78,-1.7763176842598682,-5.079427074216085,0.1350462544792189,-84.59653836431349,95.31190005982393,47.7284792723176
0.79,-1.7649983487273846,-5.112282564939074,0.12566372266931652,-91.8588461937743,99.82603717734592,44.859919363277896
0.8,-1.8817410551364615,-5.94145236932169,0.28498500733565196,-98.21336554455252,103.77590715517768,42.34992944286816
0.81,-1.9838909232444037,-6.6669759481564785,0.42439113141869544,-103.77356997648346,107.23204338578046,40.15368826250963
0.82,-2.073272057838853,-7.301809079636919,0.5463714899913585,-108.63874885442303,110.2561625875579,38.23197722969593
0.83,-2.1514805506089965,-7.857288069682304,0.6531043037424388,-112.89578037262015,112.90226688911315,36.55048007598394
0.84,-2.2199129817828718,-8.343332185972017,0.7464955157746339,-116.62068295104262,115.217608152974,35.07917006648594
0.85,-2.2797913590600127,-8.768620787725515,0.8282128263028047,-119.8799727071623,117.24353175885224,33.7917738081752
0.86,-2.332184939177511,-9.140748314259826,0.8997154730149541,-122.73185124376701,119.01621491399571,32.6653020821533
0.87,-2.378029321780322,-9.466359899977348,0.9622802888880849,-125.22724496329613,120.56731267474625,31.679639321884142
0.88,-2.418143156557782,-9.75127003748018,1.0170245027770743,-138.7113409678841,127.13952471540296,1.509058906648626
0.89,-2.4532427619880592,-10.000566407795159,1.06492568992994,-150.50992497189858,132.8902102509776,-24.89019895668245
0.9,-2.483954916739552,-10.218700731820764,1.1068392286886974,-160.83368597541127,137.9220600946054,-47.989549587097144
0.91,-2.510828052147108,-10.40956826534317,1.1435135751026102,-169.86697685348486,142.32492870777972,-68.20148138871
0.92,-2.5343420456287196,-10.576577357175275,1.175603628214784,-177.77110637179925,146.17743874430727,-85.88692171512125
0.93,-2.5549167899251297,-10.722710312528367,1.2036824246879358,-184.68721970032433,149.54838502626887,-101.3616820007311
0.94,-2.5729196911844885,-10.850576648462322,1.2282513716019439,-190.7388188627838,152.49796302298526,-114.90209725063971
0.95,-2.5886722297864275,-10.962459692404533,1.2497492001517008,-196.03396812993583,155.07884377011212,-126.74996059430975
0.96,-3.143827701063124,-11.648021980853965,1.7715310501327381,-200.66722373869385,157.3371144238481,-137.11684102002104
0.97,-3.6295887384302334,-12.247888983247218,2.228090168866146,-204.72132239635712,159.3131012458671,-146.1878613925184
0.98,-4.054629646126454,-12.772772610341315,2.6275793977578776,-208.26865872181247,161.04208971513373,-154.1250042184536
0.99,-4.426540440360647,-13.23204578404865,2.977132473038143,-211.3725780065859,162.55495462574203,-161.0700041911469
1.0,-4.751962385315566,-13.633909811042567,3.282991413908375,-214.08850738076268,163.87871142252428,-167.14687916725353
1.01,-5.03670658715112,-13.985540834662245,3.550617987169828,-216.46494558316735,165.03699861970875,-172.46414477134684
1.02,-5.28585776375723,-14.293217980329464,3.7847912387735994,-218.54432901027144,166.05049991724516,-177.11675217492848
1.03,-5.503865043287576,-14.562435482788281,3.9896928339268993,-220.3637895089875,166.93731355258953,-181.1877836530624
1.04,-5.6946214128766295,-14.798000797439745,4.1689817296860365,-207.13769132036407,163.23327410851584,-195.82743757142958
1.05,-5.861533236267051,-15.004120447759776,4.325859513475281,-195.56485540531858,159.99223959495137,-208.63713475000088
1.06,-6.00758108173367,-15.184475141789804,4.463127574290871,-185.43862397965376,157.15633439558246,-219.84561978125078
1.07,-6.135372946516961,-15.342285499066078,4.583237127504512,-176.57817148219704,154.67491734613466,-229.65304418359443
1.08,-6.247190828202341,-15.480369561682817,4.688332986566449,-168.82527554692243,152.50367742786784,-238.23454053564512
1.09,-6.345031474677048,-15.601193116472464,4.780291863245642,-162.04149160355712,150.60384249938437,-245.7433498436895
1.1,-6.430642040342417,-15.706913726913406,4.860755880339937,-156.1056806531125,148.94148693696133,-252.3135579882283
1.11,-6.505551285299615,-15.79941926104923,4.9311618952974445,-150.91184607147343,147.48692581984116,-258.06249011469976
1.12,-5.7802786246371625,-13.808569353418077,5.273039908385265,-146.36724081253925,146.21418484236102,-263.09280572536227
1.13,-5.145665046557517,-12.066575684240817,5.572183169837107,-142.39071121097186,145.1005364870659,-267.494331884692
1.14,-4.590378165737827,-10.542331223710715,5.8339335236074685,-138.91124780960038,144.12609417618268,-271.3456672741055
1.15,-4.104502145020599,-9.208617320746875,6.062965083156534,-135.86671733340035,143.27345715415984,-274.7155857398423
1.16,-3.679360626893024,-8.041617655653516,6.263367697761968,-133.2027531667253,142.52739975988987,-277.66426439736205
1.17,-3.307361798531396,-7.020492948696826,6.438719985541722,-130.87178452088463,141.87459953990364,-280.2443582226918
1.18,-2.9818628237149714,-6.127008830109722,6.592153237349006,-128.83218695577406,141.30339934741568,-282.50194031985535
1.19,-2.6970512207506,-5.345210226346007,6.726407332680379,-127.0475390863023,140.80359917898872,-284.4773246548734
1.2,-2.447841068156775,-4.661136448052756,6.843879666095331,-63.5184695755145,135.01127428161513,-271.9520349480143
1.21,-2.2297821846371777,-4.062571892046161,6.946667957833414,-7.93053375357519,129.94298999641325,-260.9924064545125
1.22,-2.0389806615575305,-3.5388279055403906,7.036607713104237,40.708910090621714,125.5082412468616,-251.40273152269842
1.23,-1.8720293288628391,-3.080551917347842,7.115304998966208,83.26842345429401,121.6278360910039,-243.01176595736112
1.24,-1.7259469127549842,-2.679560427679362,7.184165124095431,120.50799764750727,118.23248157962841,-235.66967108769097
1.25,-1.598124798660611,-2.328692874219442,7.244417733583502,153.09262506656887,115.26154638217487,-229.2453380767296
1.26,-1.4862804488280346,-2.021683764942012,7.297138766885563,181.60417405824776,112.66197808440302,-223.6240466921384
1.27,-1.3884166427245301,-1.7530507943242604,7.343269671024867,206.5517794259668,110.38735582385264,-218.7054167306211
1.28,-1.4092211873839637,-1.076817695033728,5.826805712146758,228.38093412272096,108.39706134587107,-214.40161551429347
1.29,-1.4274251639609683,-0.485113733154512,4.4998997481284135,247.48144448238085,106.65555367763719,-210.63578945000677
1.3,-1.4433536434658472,0.032627233489801954,3.338857029612362,264.1943910470833,105.13173446793255,-207.34069164375592
1.31,-1.4572910630326161,0.4856505793035767,2.3229446509108165,278.8182192911979,103.79839265944098,-204.45748106328642
1.32,-1.469486305153539,0.8820460068906295,1.4340213195469644,291.6140690047982,102.63171857701086,-201.93467180537561
1.33,-1.4801571420093464,1.2288920060293007,0.6562134046035939,302.8104375041984,101.61087875488451,-199.72721370470364
1.34,-1.489494124258178,1.532382255275638,-0.02436852097185538,312.60725994117354,100.71764391052395,-197.79568786661568
1.35,-1.4976639837259058,1.7979362233661833,-0.6198777058503735,321.1794795735268,99.93606342170845,-196.1056027582887
1.36,-1.5048126107601676,2.0302959454454106,-1.1409482426190767,328.6801717518359,99.2521804939949,-194.6267782885026
1.37,-1.5110676594151466,2.2336107022647345,-1.596884962291692,337.35640128285644,90.18378293224553,-135.41218112743977
1.38,-1.5165408269882532,2.411511114481643,-1.9958295920052305,344.9481021224994,82.24893506571485,-83.5994086115098
1.39,-1.5213298486147215,2.5671739751714377,-2.3449061430045766,351.590840357187,75.3059431825005,-38.263232660071075
1.4,-1.5255202425378813,2.703378978275008,-2.6503481251290046,357.40323631253864,69.23082528468794,1.405921297437807
1.41,-1.529186837220646,2.822558355990632,-2.917609859487879,362.4890827734713,63.91509712410194,36.116431010258076
1.42,-1.5323951075680653,2.926840311491803,-3.1514638770518943,366.9391984267874,59.2638349835892,66.48812700897581
1.43,-1.535202344122057,3.018087022555328,-3.3560861424204074,370.833049623439,55.193980610640544,93.06336100785383
1.44,-1.5376586761067998,3.097927894735912,-3.535130624617856,374.2401694205092,51.63285803431047,116.3166907568721
1.45,-0.9775640915934499,3.143884907893923,-3.985322671540624,377.22139924294555,48.516875780021664,136.6633542872631
1.46,-0.48748133014426864,3.1840972944071826,-4.379240712598047,379.82997533757737,45.79039130751895,154.4666848763552
1.47,-0.058658913876235064,3.219283132606285,-4.723918998523291,382.1124794203802,43.40471739407908,170.0445991418108
1.48,0.3165607003582943,3.250070741030499,-5.02551249870788,384.1096704928327,41.317252719819194,183.67527412408447
1.49,0.6448778628135075,3.277009898401687,-5.289406811369395,385.85721268122865,39.490721129841795,195.60211473357393
1.5,0.9321553799618191,3.300581661101476,-5.520314334948221,387.3863120960751,37.89250598861157,206.0381002668772
1.51,1.1835232074665916,3.3212069534637916,-5.722358418079693,388.7242740840657,36.49406774003512,215.16958760851756
1.52,1.4034700565332674,3.3392540842808174,-5.899146990819732,389.8949908235575,35.27043427253073,223.15963903245287
1.53,1.595923549466609,3.355045323745715,-6.053836991967266,348.4249917206128,44.59475498846439,218.0453099033963
1.54,1.764320355783283,3.368862658277501,-6.189190742971358,312.1387425055362,52.75353561490634,213.57027191547178
1.55,1.9116675613103724,3.3809528259928134,-6.307625275099939,280.38827444234414,59.89246866304305,209.6546136760378
1.56,2.040596366146576,3.3915317227437116,-6.411255490712447,252.60661488705114,66.13903508016267,206.22841271653306
1.57,2.153409070378254,3.4007882574007477,-6.5019319293733915,228.29766277616974,71.60478069514234,203.23048687696644
1.58,2.252120186580972,3.408887725225654,-6.581273813201718,207.02732967914852,76.38730810824954,200.60730176734563
1.59,2.3384924132583507,3.4159747595724475,-6.650697961551503,188.41578821925495,80.57201959471836,198.31201479642743
1.6,3.3283382366010565,2.3072266646258917,-5.549728841357566,172.1306894418481,84.23364214537857,196.30363869687403
1.61,4.194453332025924,1.3370720815476553,-4.5863808611878705,157.88122801161708,87.43756187720625,194.54630960976476
1.62,4.952304040522684,0.48818682135419844,-3.743451378539387,145.41294926016494,90.24099164255547,193.0086466585442
1.63,5.615423410457348,-0.2545877813150764,-3.0058880812219635,134.50320535264433,92.69399268723603,191.66319157622615
1.64,6.195652859150179,-0.9045155586506919,-2.360520196069218,124.9571794335638,94.84036860133153,190.48591837919787
1.65,6.703353626756407,-1.4732023638193554,-1.7958232965605658,116.60440675436831,96.7184475261651,189.45580433179816
1.66,7.147591798411855,-1.970803318341936,-1.301713509490495,109.29573066007228,98.36176658539446,188.55445454032338
1.67,7.536300198610373,-2.406204153549194,-0.8693674458041831,102.90063907756324,99.79967076222016,187.76577347278294
1.68,7.876420048784076,-2.787179884355545,-0.4910646400786602,86.55118419286784,101.80596291694265,163.21880178868508
1.69,8.174024917686067,-3.1205336488111017,-0.16004968506882766,72.24541116875936,103.56146855232481,141.74020156509945
1.7,8.434429177975309,-3.412218192709714,0.12958840056477583,59.727859772664445,105.0975359832842,122.94642636946202
1.71,8.662282905728395,-3.6674421686209997,0.3830217254941789,48.77500230108139,106.44159498537368,106.50187307327927
1.72,8.861654917512345,-3.8907631475433746,0.6047758848074065,39.191252013446224,107.61764661220197,92.11288893911936
1.73,9.036105427823301,-4.086169004100453,0.7988107742064807,30.805470511765446,108.64669178567672,79.52252782172944
1.74,9.18874962434539,-4.257149128587896,0.9685913024306707,23.467911697794765,109.54710631246714,68.50596184401326
1.75,9.322313296302216,-4.406756737514408,1.1171492646268368,17.04754773557042,110.33496902340875,58.8664666135116
1.76,9.10398075926444,-3.7275847703251075,1.689768606548482,11.429729268624117,111.02434889548265,50.43190828682265
1.77,8.912939789356384,-3.133309299034469,2.1908105307299217,6.514138110046103,111.62755628354732,43.051669750969815
1.78,8.745778940686836,-2.6133182616551602,2.6292222143886814,2.21299584629034,112.15536274810391,36.59396103209858
1.79,8.599513198100983,-2.1583261039482653,3.012832437590096,-1.5505036344959526,112.61719340459092,30.943465903086256
1.8,8.47153067333836,-1.760207965954732,3.3484913828913343,-4.843565680183959,113.02129522901706,25.999282665200475
1.81,8.359545964171065,-1.4118545952103905,3.6421929600299174,-7.724994970160964,113.37488432538993,21.67312233205042
1.82,8.261559343649683,-1.1070453958090916,3.899181840026178,-10.246245598890843,113.68427478471618,17.887732040544115
1.83,8.175821050693473,-0.8403373463329551,4.1240471100229055,-12.452339899029488,113.95499143662666,14.575515535476102
1.84,8.10080004435679,-0.6069678030413357,4.320804221270042,-14.382672411650802,114.19186850704833,11.67732609354159
1.85,8.035156663812192,-0.4027694526611687,4.492966693611287,-15.389213235194452,114.59600931866729,13.47266045684889
1.86,7.9777187058356684,-0.22409589607852262,4.643608856909876,-16.269936455795147,114.94963252883387,15.04357802474278
1.87,7.92746049260621,-0.0677565340687073,4.775420749796141,-17.040569273820754,115.25905283772964,16.41813089664993
1.88,7.883484556030434,0.06904040768988111,4.890756156071624,-17.71487298959316,115.52979560801343,17.62086465956869
1.89,7.845005611526631,0.18873773172864597,4.991674636562671,-18.304888740894015,115.76669553201175,18.6732567021226
1.9,7.811336535085802,0.2934728902625652,5.079978306992337,-18.821152523282265,115.97398296551027,19.594099739357272
1.91,7.7818760932000774,0.3851161539797445,5.157244018618295,-19.272883332871984,116.15535946982149,20.399837396937613
1.92,7.756098206550068,0.4653040097322765,5.224851516291008,-19.66814779126299,116.3140639110938,21.10485784732041
1.93,7.21782155573131,0.8710878835157418,4.574129701754632,-20.014004192355117,116.45293029720706,21.72175074140536
1.94,6.746829486264896,1.2261487730762741,4.004748114035304,-20.316628543310728,116.57443838505617,22.26153202372969
1.95,6.3347114254817845,1.53682705144174,3.506539224780891,-20.581424850396886,116.68075796192414,22.733840645763475
1.96,5.9741081222965615,1.8086705450115224,3.0706064466832794,-20.813121619097274,116.77378759168361,23.14711069004304
1.97,5.658580232009491,2.046533601885082,2.6891652658478695,-21.015856291710115,116.85518851772316,23.50872197878766
1.98,5.382493328008305,2.254663776649447,2.355404232616886,-21.19324913024635,116.92641432800777,23.8251318564392
1.99,5.140917287007267,2.436777679568266,2.063363328539775,-21.348467863965556,116.98873691200679,24.101990499384296
2.0,4.929538251131358,2.5961273446222326,1.8078275374723032,-21.48428425596986,117.04326917300594,24.344241811961258
2.01,4.744581594739938,2.7355583015444536,1.5842337202882653,-18.49687372397363,108.9972354013802,22.8193365854661
2.02,4.582744520397446,2.8575603888513967,1.388589130252232,-15.882889508476923,101.95695585120767,21.48504451228284
2.03,4.441137080347765,2.964312215244972,1.217400113970703,-13.595653319917307,95.7967112448067,20.317538948247485
2.04,4.317230570304295,3.0577200633393504,1.067609724724365,-11.594321654927644,90.40649721420586,19.29597157971655
2.05,4.208812374016258,3.1394519304219317,0.9365431341338194,-9.843156448061688,85.69005993743012,18.402100132251984
2.06,4.1139464522642255,3.2109673141191903,0.821859867367092,-8.310886892053976,81.56317732025136,17.61996261572049
2.07,4.030938770731197,3.2735432748542914,0.7215120089462056,-6.970151030547229,77.95215503021993,16.93559228875543
2.08,3.9583070493897976,3.328297240497505,0.63370763282793,-5.797007151728826,74.79251052644243,16.336768252661003
2.09,3.0758814182160727,3.049743460435317,0.3007010537244387,-4.770506257762722,72.02782158563711,15.812797221078377
2.1,2.3037589909390634,2.8060089028809023,0.009320297008883871,-3.8723179755423827,69.60871876243247,15.35432256844358
2.11,1.6281518670716806,2.5927411650207897,-0.24563786511722663,-3.086403228599585,67.49200379212841,14.953157247388132
2.12,1.0369956336877204,2.406131894393191,-0.4687262569775733,-2.3987278250246367,65.63987819311237,14.602137591464615
2.13,0.5197339294767553,2.242848782594042,-0.6639285998553767,-1.7970118468965572,64.01926829397331,14.294995392531538
2.14,0.0671299382921609,2.0999760597697867,-0.8347306498734546,-1.2705103660344874,62.60123463222665,14.026245968465096
2.15,-0.3288985539943592,1.9749624272985633,-0.9841824436392728,-0.8098215702801764,61.36045517819832,13.79109022240696
2.16,-0.6754234847450642,1.8655754988862427,-1.1149527631843636,-0.4067188739951544,60.27477315592353,13.585328944606088
2.17,-0.9786327991519312,1.7698619365254624,-1.2293767927863182,-0.5265040147457601,65.0123016364331,11.629037826530327
2.18,-1.2439409492579399,1.6861125694597796,-1.3294978186880284,-0.6313160129025401,69.15763905687895,9.917283098214037
2.19,-1.4760855806006974,1.612831873277307,-1.4171037163520248,-0.7230265112897226,72.78480929976908,8.419497710937282
2.2,-1.6792121330256102,1.5487112641176437,-1.4937588768080219,-0.8032731973785073,75.95858326229794,7.108935497070123
2.21,-1.856947866397409,1.4926057311029381,-1.5608321422070193,-0.873489047706194,78.73563547951069,5.962193559936358
2.22,-2.0124666330977328,1.443513389715071,-1.619521249431142,-0.9349279167429198,81.16555616957184,4.958794364944313
2.23,-2.148545553960516,1.400557591000687,-1.6708742182522494,-0.9886869271500548,83.29173677337536,4.080820069326275
2.24,-2.2676146097154515,1.3629712671256011,-1.7158080659707182,-1.035726061256298,85.15214480170344,3.31259256066049
2.25,-2.29020240850102,1.147202858734901,-1.5010988077243785,-1.0768853035992607,86.7800018264905,2.6403934905779285
2.26,-2.3099667324383923,0.9584055013930385,-1.3132282067588312,-1.1128996406493532,88.20437672317918,2.0522193042556873
2.27,-2.327260515883593,0.7932078137189087,-1.1488414309139774,-1.1444121855681841,89.45070475778178,1.5375668912237266
2.28,-2.3423925763981437,0.6486598370040451,-1.0050030020497303,-1.1719856623721612,90.54124178805905,1.087246029820761
2.29,-2.3556331293483757,0.5221803573785394,-0.879144376793514,-1.196112454575641,91.49546168955166,0.6932152760931658
2.3,-2.3672186131798285,0.411510812706222,-0.7690180796943248,-1.217223397753686,92.3304041033577,0.3484383665815201
2.31,-2.3773559115323497,0.3146749611179442,-0.6726575697325342,-1.2356954730344751,93.06097871543797,0.04675857075883011
2.32,-2.386226047590806,0.2299435909782012,-0.5883421235159675,-1.2518585389051657,93.70023150100822,-0.21721125058602364
2.33,-2.3939874166419552,0.15580364210592604,-0.5145661080764716,-6.88787609654202,84.84895268838218,0.9036901557372293
2.34,-2.4007786145617107,0.09093118684268528,-0.45001209456691266,-11.819391459474268,77.10408372733441,1.8844788862700756
2.35,-2.406720912741497,0.03416778848734962,-0.39352733274604856,-16.134467402039984,70.3273233864176,2.7426690254863164
2.36,-2.4119204236488097,-0.015500185073569085,-0.34410316615279246,-19.910158851784985,64.3976580881154,3.493585397300527
2.37,-2.4164699956927085,-0.05895966193937295,-0.3008570203836934,-23.213888870311862,59.20920095210098,4.150637222637961
2.38,-2.42045087123112,-0.09698670419695132,-0.2630166428357317,-26.104652636522882,54.66930095808836,4.725557569808216
2.39,-2.42393413732723,-0.13026036617233241,-0.22990631248126522,-28.634070931957524,50.69688846332731,5.228612873582189
2.4,-2.4269819951613263,-0.15937482040079087,-0.20093477342110708,-30.847311940462834,47.2210275304114,5.668786264384416
2.41,-2.4632513707661605,-0.48103121785069203,-0.5656468017434687,-32.783897822904976,44.17964921410997,6.053937981336364
2.42,-2.494987074420391,-0.7624805656193556,-0.8847698265255352,-34.47841047004185,41.51844318734622,6.3909457336693185
2.43,-2.522755815117842,-1.0087487449169361,-1.1640024732098433,-35.961109036286615,39.18988791392794,6.685827516960654
2.44,-2.547053463228112,-1.224233401802319,-1.408331039058613,-37.25847028175079,37.15240204968695,6.943849077340571
2.45,-2.5683139053245982,-1.4127824765770292,-1.6221185341762865,-38.39366137153194,35.36960191847608,7.169617942673
2.46,-2.5869167921590237,-1.5777629170049006,-1.8091825924042508,-39.386953575090445,33.80965180366657,7.367165699838875
2.47,-2.603194318139146,-1.722120802379288,-1.9728636433537194,-40.256084253204136,32.44469545320825,7.540019987359015
2.48,-2.617437153371753,-1.8484339520818769,-2.1160845629345046,-51.223448596553624,37.59410839655722,7.787517488939137
2.49,-2.629899634200284,-1.9589579580716423,-2.2414028675676914,-60.81989239698442,42.099844721987566,8.004077802821746
2.5,-2.6408043049252483,-2.055666463312687,-2.35105638412173,-69.21678072236136,46.04236400673912,8.193568077469028
2.51,-2.6503458918095926,-2.140286405398601,-2.4470032111065136,-76.5640580070662,49.492068380896725,8.359372067785399
2.52,-2.6586947803333936,-2.214328854723776,-2.5309566847181997,-82.99292563118291,52.51055970828463,8.504450559312223
2.53,-2.6660000577917193,-2.279115997883304,-2.604415974128425,-88.61818480228504,55.15173961974905,8.631394239398196
2.54,-2.6723921755677544,-2.335804748147891,-2.668692852362372,-93.54028657699942,57.46277204228042,8.742469959473421
2.55,-2.6779852786217853,-2.385407404629405,-2.7249351208170753,-97.8471256298745,59.48492541199536,8.839661214539243
2.56,-3.122282118794062,-3.3964651040507294,-3.226257605714941,-101.61560980114018,61.25430961049594,8.924703562721838
2.57,-3.5110418539448043,-4.281140591044388,-3.664914780000573,-104.91303345099766,62.80252078418394,8.999115617381609
2.58,-3.851206622201704,-5.0552316421638395,-4.048739807500501,-107.79827914462295,64.15720556116095,9.064226165208908
2.59,-4.14885079442649,-5.73256131189336,-4.3845867065629385,-110.32286912654509,65.34255474101583,9.121197894557794
2.6,-4.4092894451231786,-6.325224772906689,-4.6784527432425715,-112.53188536072695,66.37973527338886,9.171048157738069
2.61,-4.637173264482781,-6.8438053012933535,-4.93558552533725,-114.46477456563608,67.28726823921525,9.21466713802081
2.62,-4.836571606422433,-7.297563263631685,-5.160576709670093,-116.15605261993157,68.08135958431335,9.252833745768207
2.63,-5.011045155619629,-7.694601480677724,-5.357443995961331,-117.63592091744013,68.77618951127418,9.28622952754718
2.64,-5.163709511167176,-8.042009920593008,-5.5297028714661645,-118.93080567776012,69.3841656973649,9.315450836603782
2.65,-5.297290822271279,-8.345992305518882,-5.680429387532894,-137.41508021804012,84.46739498519429,-20.50523039297169
2.66,-5.414174469487369,-8.611976892329022,-5.812315089091282,-153.5888204407851,97.665220612045,-46.59832646885023
2.67,-5.516447660801448,-8.844713405787893,-5.927715077954871,-167.74084313568696,109.21331803553937,-69.42978553524395
2.68,-5.605936703201267,-9.048357855064406,-6.028690068210512,-180.1238629937261,119.31790328109696,-89.40731221833846
2.69,-5.6842396153011086,-9.226546748181356,-6.117043184684198,-190.95900536951035,128.15941537095983,-106.88764806604615
2.7,-5.75275466338847,-9.382462029658686,-6.194352161598673,-200.43975494832156,135.89573844958986,-122.18294193279038
2.71,-5.812705330464911,-9.518887900951352,-6.261997516398839,-208.7354108297814,142.66502114339113,-135.56632406619158
2.72,-5.865162164156797,-9.638260538332432,-6.321187201848985,-215.99410972605872,148.58814350046723,-147.27678343291763
2.73,-5.958520643637197,-9.589800971040878,-5.302215676617862,-222.3454712603014,153.77087556290883,-157.5234353788029
2.74,-6.0402093131825465,-9.54739884966077,-4.410615592040629,-227.90291260276373,158.30576611754523,-166.48925583145257
2.75,-6.111686899034728,-9.510296993453174,-3.6304655180355505,-232.76567377741827,162.27379535285206,-174.334348727521
2.76,-6.174229786655387,-9.477832869271527,-2.947834203281107,-237.020589805241,165.74582093374553,-181.19880501158087
2.77,-6.228954813323463,-9.449426760612587,-2.3505318028709685,-240.7436413295859,168.78384331702733,-187.20520426013326
2.78,-6.27683921165803,-9.424571415536015,-1.8278922025120976,-244.00131141338767,171.44211290239892,-192.46080360261658
2.79,-6.318738060200776,-9.402822988594014,-1.3705825521980854,-246.85177273671422,173.76809878959904,-197.05945302728952
2.8,-6.355399552675679,-9.383793115019763,-0.9704366081733248,-249.34592639462494,175.80333644089916,-201.08327127387832
2.81,-6.387478358591219,-9.367141975642294,-0.6203089071516592,-232.6108110952968,172.90729463578677,-208.79098748964353
2.82,-6.415547313767316,-9.352572228687007,-0.3139471687577018,-217.9675852083847,170.37325805631343,-215.53523917843808
2.83,-6.440107649546401,-9.339823700101132,-0.04588064766298908,-205.1547625573366,168.15597604927424,-221.4364594061333
2.84,-6.461597943353101,-9.32866873758849,0.18867755829488453,-193.9435427376695,166.21585429311497,-226.60002710536665
2.85,-6.480401950433963,-9.31890814538993,0.39391598850802395,-184.1337253954608,164.5182477564756,-231.1181488421958
2.86,-6.496855456629717,-9.31036762721619,0.573499614944521,-175.5501352210282,163.03284203691615,-235.07150536192134
2.87,-6.511252274551002,-9.302894673814166,0.7306352880764558,-168.03949381839968,161.73311203230162,-238.53069231668118
2.88,-6.523849490232126,-9.296355839587395,0.8681290020668989,-161.4676825910997,160.59584827826393,-241.55748090209605
2.89,-5.437747928953111,-7.036987734638972,1.8785648768085363,-155.71734776721223,159.60074249348094,-244.20592091433403
2.9,-4.487409062833972,-5.060040642809101,2.7626962672074695,-150.6858047963107,158.7300249317958,-246.52330592504228
2.91,-3.6558625549797257,-3.3302119374579635,3.5363112338065354,-146.28320469677183,157.96814706532132,-248.551017809412
2.92,-2.9282593606072598,-1.816611820275718,4.213224329580719,-142.43092960967536,157.30150393215615,-250.3252657082355
2.93,-2.2916065655313522,-0.4922117177412533,4.805523288383129,-139.06018890846593,156.71819119063662,-251.87773261970605
2.94,-1.734535369839933,0.6666383719764034,5.323784877335238,-136.11079079490767,156.20779254180704,-253.2361411672428
2.95,-1.2470980736099415,1.680632200479353,5.777263767668334,-133.5300674455442,155.76119372408115,-254.42474864633746
2.96,-0.8205904394086989,2.567876800419434,6.174057796709793,-131.27193451485118,155.37041975857102,-255.46478019054527
2.97,-0.4473962594826115,3.3442158253670047,6.521252572121069,-62.577318700494786,166.25911653874965,-241.6354320417271
2.98,-0.12085135204728503,4.0235124721961295,6.8250480006059355,-2.469529862932937,175.78672622140596,-229.53475241151122
2.99,0.16487544195862563,4.617897038171613,7.090869000530194,50.124785369933676,184.12338469373023,-218.94665773507234
3.0,0.41488638671379746,5.137983533400162,7.3234623754639205,96.14481119869197,191.41796085701395,-209.68207489318831
3.01,0.6336459633745728,5.593059216725141,7.526981578530931,136.41233379885546,197.80071499988722,-201.5755649065398
3.02,0.8250605929527512,5.9912504396344985,7.705060881214565,171.64641607399852,203.3856248749013,-194.48236866822234
3.03,0.9925483938336573,6.339667759680186,7.860880271062745,202.4762380647487,208.27242101553864,-188.27582195969455
3.04,0.3150008446044501,5.453022289720163,5.918404362179901,229.45233230665514,212.54836763859632,-182.84509358973276
3.05,-0.2778532609711062,4.677207503505143,4.218737941907413,253.05641476832324,216.28982093377178,-178.09320626601618
3.06,-0.7966006033497179,3.9983695655669997,2.7315298241689865,273.70998692228284,219.5635925670503,-173.93530485776415
3.07,-1.2505045279310032,3.404386369871125,1.430222721147863,291.78186255699745,222.42814274616902,-170.29714112554365
3.08,-1.6476704619396279,2.8846510736372344,0.29157900600438014,307.59475373737274,224.9346241528979,-167.1137478598507
3.09,-1.9951906541971745,2.4298826894325805,-0.7047342447461673,321.43103352020114,227.12779538378567,-164.32827875236936
3.1,-2.299270822422528,2.031960353253508,-1.5765083391528965,333.53777833017597,229.04682021081246,-161.89099328332318
3.11,-2.5653409696197116,1.6837783090968195,-2.3393106717587844,344.13118003890395,230.7259669344609,-159.75836849790778
3.12,-2.798152348417248,1.379119020459717,-3.0067627127889365,353.40040653404094,232.19522031765328,-157.89232181066933
3.13,-3.0018623048650923,1.1125421429022524,-3.590783248690319,353.36035796728584,204.3083177779466,-83.45515633433567
3.14,-3.180108516756956,0.8792873750394709,-4.101801217604029,353.3253154713751,179.90727805570327,-18.322636542543705
3.15,-3.3360739521623364,0.6751894531595369,-4.548941940403526,353.29465328745323,158.55636829874035,38.66831827527426
3.16,-3.4725437081420445,0.4966037715145948,-4.940190072853085,353.2678238765216,139.8743222613978,88.53540374086498
3.17,-3.5919547446242888,0.3403413000752704,-5.282532188746449,353.24434814195644,123.52753197872308,132.16910352325687
3.18,-3.696439401546253,0.2036116375658616,-5.582081540153143,353.2238068742119,109.22409048138269,170.34859083284977
3.19,-3.787863476352971,0.08397318287012888,-5.844187222634001,353.20583326493545,96.70857917120985,203.75564222874354
3.2,-3.8678595418088495,-0.02071046498863724,-6.073529694804751,353.19010635681855,85.75750677480862,232.9868122001506
3.21,-2.9762609740827437,0.5852849681349424,-5.361815982954158,353.17634531221626,76.17531842795755,258.5640859251318
3.22,-2.1961122273224007,1.1155309721180746,-4.739066485084889,353.16430439818924,67.79090362446286,280.9442004344903
3.23,-1.5134820739071007,1.5794962256033154,-4.194160674449278,353.1537685984156,60.454540671405,300.526800630179
3.24,-0.916180689668713,1.985465822402901,-3.717368090143118,353.1445497736136,54.03522308747938,317.6615758014067
3.25,-0.3935419784601239,2.340689219602538,-3.300174578875228,353.13648330191194,48.41832020154446,332.65450407623086
3.26,0.06376689384739159,2.6515096921522208,-2.935130256515824,353.12942513917295,43.503530176351404,345.773316316702
3.27,0.46391215711646766,2.923477605633193,-2.615716474451346,353.12324924677637,39.20308890430748,357.25227702711425
3.28,0.8140392624769093,3.161449529929044,-2.3362294151449277,317.47471821592933,38.60770266626904,330.80011752372496
3.29,1.1204004796672957,3.3696749636879133,-2.0916782382518115,286.2822535639381,38.08673970798541,307.65447795825935
3.3,1.3884665447088838,3.551872218226924,-1.8776959584703352,258.98884699344586,37.63089711948723,287.402043338477
3.31,1.6230243516202734,3.711294815948558,-1.6904614636615434,235.10711624426514,37.23203485455132,269.68116304616734
3.32,1.8282624326677392,3.850789588954988,-1.5266312807038505,214.210601838732,36.88303037273241,254.17539279039642
3.33,2.007845753584272,3.9728475153356144,-1.3832798706158693,195.92615173389052,36.57765145114086,240.60784381659687
3.34,2.164981159386238,4.079648200918663,-1.2578473867888857,179.92725789215422,36.31044489474825,228.73623846452227
3.35,2.3024746394629583,4.17309880080383,-1.1480939634402751,165.92822578063496,36.07663915790472,218.34858378145697
3.36,2.6138578095300886,3.6407417007033516,-0.6688292180102409,153.6790726830556,35.872059138166634,209.25938593377487
3.37,2.8863180833388276,3.174929238115433,-0.24947256575896076,142.96106372267366,35.6930516208958,201.30633781705302
3.38,3.124720822921474,2.767343333351004,0.11746450496090935,133.58280588233944,35.536420043283826,194.34742071492138
3.39,3.3333232200562897,2.4107056666821287,0.4385344418407957,125.37683027204702,35.399367412873346,188.2583682505562
3.4,3.5158503175492535,2.0986477083468627,0.7194706366106962,118.19660161304114,35.27944636126418,182.93044734423665
3.41,3.6755615278555966,1.8255969948035047,0.9652898070343592,111.913901536411,35.17451544110615,178.26851655120709
3.42,3.815308836873647,1.5866776204530666,1.1803815811550642,106.41653896935964,35.08270088596788,174.1893271073062
3.43,3.9375877322644413,1.3776231678964332,1.3685868835106811,101.60634672318969,35.002363150221896,170.62003634389293
3.44,4.044581765731387,1.1947005219093791,1.533266523071846,85.00305350779097,35.97331763144416,136.70565680090633
3.45,4.138201545014963,1.0346432066707067,1.6773612076878652,70.4751719443171,36.82290280251364,107.03057470079304
3.46,4.220118851888093,0.8945930558368684,1.8034440567268821,57.763275576277465,37.566289827199434,81.06487786319391
3.47,4.291796495402082,0.7720491738572599,1.9137665496360219,46.64036625424278,38.2167534737995,58.34489313029467
3.48,4.3545144334768215,0.6648232771251024,2.010298730931519,36.90782059746243,38.78590916457456,38.46490648900784
3.49,4.409392629292219,0.5710006174844645,2.0947643895650794,28.39184314777963,39.28392039400274,21.06991817788186
3.5,4.457411050630691,0.48890579029890646,2.1686718408694445,20.940362879307173,39.7196802197524,5.84930340564663
3.51,4.499427169301855,0.41707281651154315,2.233340860760764,14.420317644393776,40.10097006728335,-7.468734520059198
3.52,4.465194398139124,0.5780659644476003,2.3652306281656688,8.715278063844554,40.43459868387293,-19.122017705051796
3.53,4.435240723371733,0.7189349688916502,2.48063417464496,3.723368430863985,40.72652372338881,-29.31864049192032
3.54,4.409031257950266,0.8421953477801939,2.5816122778143398,-0.6445524979940132,40.981958132965204,-38.240685430430275
3.55,4.386097975706482,0.9500481793076696,2.669968118087547,-4.466483310744762,41.20546324134455,-46.04747475162649
3.56,4.366031353743171,1.0444194068942108,2.747279478326604,-7.810672771901666,41.40103021117648,-52.878415407673174
3.57,4.348473059525275,1.1269942310324343,2.8149269185357784,-10.736838550413959,41.57215130977942,-58.855488481714026
3.58,4.333109552084615,1.19924720215338,2.874118428718806,-13.297233606612213,41.72188227105699,-64.08542742149977
3.59,4.3196664830740374,1.2624685518842074,2.925911000128955,-15.537579280785687,41.852896862174866,-68.6616239938123
3.6,4.307903797689782,1.3177872328986813,2.9712295001128357,-17.712256995687476,41.93253462940301,-58.324545869585755
3.61,4.297611447978559,1.366191078786346,3.0108831875987314,-19.61509999622654,42.002217675727636,-49.279602510887536
3.62,4.288605641981238,1.4085444439380526,3.0455801641488898,-21.28008762169822,42.06319034126168,-41.36527707202659
3.63,4.2807255617335835,1.445603638445796,3.0759400186302783,-22.736951793985945,42.11654142360397,-34.44024231302327
3.64,4.273830491516886,1.4780304336400714,3.1025048913014937,-24.0117079447377,42.163223620653476,-28.38083689889536
3.65,4.267797305077275,1.5064038794350623,3.125749154888807,-25.127119576645487,42.20407054307179,-23.078857161533442
3.66,4.262518266942616,1.5312306445056794,3.146087885527706,-26.1031047545648,42.23981160018782,-18.43962489134176
3.67,4.257899108574788,1.5529540639424693,3.1638842748367426,-26.9570917852442,42.271085025164346,-14.380296654924042
3.68,3.9992989700029398,1.5774600559496608,3.0337982404821497,-27.704330437088675,42.29844927201881,-10.828384448058538
3.69,3.7730238487525725,1.5989027989559532,2.919972960421881,-28.35816425745259,42.32239298801646,-7.72046126705122
3.7,3.575033117658501,1.617665199086459,2.820375840369146,-28.930268850271016,42.3433437395144,-5.001028483669817
3.71,3.401791227951189,1.6340822992006516,2.733228360323003,-29.43086036898714,42.3616756470751,-2.62152479821109
3.72,3.2502045744572903,1.64844726180057,2.6569743152826275,-29.868877947863748,42.377716066190715,-0.5394590734347038
3.73,3.1175662526501293,1.661016604075499,2.590252025872299,-30.25214332938078,42.39175143291688,1.282348435744634
3.74,3.0015077210688634,1.6720147785660617,2.5318700226382616,-30.587500538208182,42.40403237880227,2.8764300062765544
3.75,2.899956505935256,1.681638181245304,2.4807857698084788,-30.88093809593216,42.414778206451984,4.271251380491985
3.76,2.811099192693349,1.690058658589641,2.436087048582419,-31.13769595894064,42.42418080564549,5.491720082930486
3.77,2.7333490436066805,1.697426576265936,2.3969756675096168,-28.75923408907306,47.979908204939804,4.621505072564176
3.78,2.6653176631558457,1.703873504232694,2.362753209070915,-26.67807995293893,52.84116967932233,3.860066938493654
3.79,2.605790205261365,1.709514566203607,2.3328085579370503,-24.857070083821565,57.09477346940704,3.1938085711819477
3.8,2.5537036796036947,1.714450495428156,2.306606988194919,-23.263686448343872,60.81667678573116,2.6108324997842045
3.81,2.5081279696532333,1.7187694334996366,2.2836806146705544,-21.86947576730089,64.07334218751477,2.100728437311179
3.82,2.468249223446579,1.722548504312182,2.263620037836735,-20.64954142138828,66.92292441407542,1.6543873826472815
3.83,2.4333553205157568,1.7258551912731592,2.2460670331071433,-19.58209886871475,69.416308862316,1.2638389598163713
3.84,2.254242905451287,1.7470334173640145,1.9482637789687502,-18.648086635125406,71.5980202545265,0.9221090898393248
3.85,2.0975195422698762,1.7655643651935127,1.6876859315976565,-17.830825930734733,73.50701772271069,0.6230954536094092
3.86,1.9603865994861418,1.7817789445443237,1.4596803151479494,-17.115722814392893,75.17739050737185,0.36145852190823313
3.87,1.840395274550374,1.7959667014762832,1.2601754007544557,-16.49000758759378,76.63896669395037,0.13252620666970402
3.88,1.7354028652315772,1.808380988791748,1.0856086006601486,-15.942506764144557,77.91784585720657,-0.06778956916400898
3.89,1.64353450707763,1.8192434901927794,0.9328626505776301,-15.463443543626488,79.03686512505575,-0.24306587301850785
3.9,1.5631496936929261,1.8287481789186821,0.7992099442554264,-15.044263225673177,80.01600698442378,-0.3964326388911944
3.91,1.4928129819813103,1.837064781553847,0.6822638262234981,-14.67748044746403,80.8727561113708,-0.5306285590297951
3.92,1.4312683592336466,1.8443418088596162,0.5799359729455609,-14.356545516531025,81.62241159744946,-0.6480499891510707
3.93,1.3774168143294407,1.8507092077521643,0.4903991013273657,-15.593852451964647,77.69773514776828,1.484831259492813
3.94,1.3302967125382605,1.8562806817831439,0.412054338661445,-16.676496020469067,74.26364325429725,3.3511023520562113
3.95,1.289066623470978,1.861155721560251,0.34350267132876433,-17.62380914291043,71.2588128475101,4.984089558049185
3.96,1.2529902955371057,1.8654213813652196,0.2835199624126688,-18.452708125046627,68.62958624157133,6.4129533632930364
3.97,1.2214235085949674,1.8691538336945672,0.2310350921110852,-19.177994734415797,66.32901296137491,7.663209192881407
3.98,1.1938025700205965,1.8724197294827465,0.18511083059719952,-19.812620517613823,64.31601134120305,8.757183043771231
3.99,1.169634248768022,1.8752773882974032,0.14492710177254958,-20.367918077912094,62.55463492355267,9.714410163299828
4.0,1.1484869676720193,1.8777778397602278,0.10976633905098089,-20.85380344317308,61.01343055810859,10.55198389288735
4.01,0.790852471713017,1.3824737347901994,-0.3641089533303917,-21.278953137776444,59.664876738345015,11.284860906276432
4.02,0.47792228774888984,0.9490826429414245,-0.7787498341640928,-21.650959120554386,58.48489214605189,11.926128292991876
4.03,0.2041083767802786,0.5698654375737464,-1.1415606048935811,-21.97646435548509,57.45240562779541,12.48723725636789
4.04,-0.03547879531725623,0.23805038287702812,-1.4590200292818836,-22.26128143604945,56.54897992432098,12.978207599321905
4.05,-0.2451175709025992,-0.05228778998260042,-1.736797025621648,-22.51049638154327,55.75848243378086,13.407806649406666
4.06,-0.4285514995397743,-0.3063336912347754,-1.979851897418942,-22.72855945885036,55.06679712955826,13.783705818230832
4.07,-0.5890561870973026,-0.5286238548304285,-2.1925249102415743,-22.919364651494064,54.46157248836348,14.112617590951977
4.08,-0.7294977887101397,-0.7231277479766249,-2.3786137964613774,-23.086319195057307,53.93200092731805,14.40041539208298
4.09,-0.8523841901213722,-0.8933186544795468,-2.5414415719037056,-29.54115454567514,44.0623758114033,18.52848871807261
4.1,-0.9599097913562007,-1.0422356976696034,-2.6839158754157424,-35.18913547746575,35.42645383497789,22.140552878313535
4.11,-1.0539946924366757,-1.172538110460903,-2.8085808909887744,-40.13111879278253,27.870022105605653,25.301109018524343
4.12,-1.1363189808820913,-1.2865527216532902,-2.9176627796151777,-44.45535419368471,21.258144342404947,28.0665956412088
4.13,-1.2083527332718298,-1.3863155064466288,-3.0131094321632803,-48.23906016947413,15.47275129960433,30.4863964360577
4.14,-1.271382266612851,-1.4736079431408002,-3.0966252531428706,-51.54980289828987,10.41053238715379,32.603722131550484
4.15,-1.3265331082862446,-1.5499888252482001,-3.169701596500012,-54.44670278600364,5.981090838759566,34.45638211510667
4.16,-1.5955769697504638,-1.9597490970921752,-2.9337957719375103,-56.98149018775319,2.1053294839146206,36.077459600718335
4.17,-1.8309903485316559,-2.3182893349556535,-2.7273781754453212,-59.19942916428404,-1.2859617015747067,37.495902400628545
4.18,-2.036977054965199,-2.6320120430861964,-2.546762778514656,-61.14012576874854,-4.253341488877869,38.73703985054998
4.19,-2.217215423094549,-2.9065194127004217,-2.388724306200324,-62.838235297654975,-6.8497988027681345,39.82303511923123
4.2,-2.3749239952077303,-3.1467133611128686,-2.2504406429252835,-64.3240811354481,-9.121698952422118,40.773280979327325
4.21,-2.512918995806764,-3.3568830659737596,-2.129442437559623,-65.62419624351709,-11.109611583369354,41.60474610691141
4.22,-2.6336646213309187,-3.5407815577270396,-2.02356900786467,-66.76179696307746,-12.849035135448183,42.33227809354749
4.23,-2.739317043664554,-3.7016927380111593,-1.9309297568815864,-67.75719759269278,-14.37103074351716,42.96886858185405
4.24,-2.831762913206485,-3.8424900207597643,-1.8498704122713883,-68.62817314360618,-15.702776900577515,43.5258852591223
4.25,-2.9126530490556743,-3.9656876431647934,-1.7789434857374649,-70.7640266256554,-0.16867941300532507,36.138274601732014
4.26,-2.983431917923715,-4.073485562769195,-1.7168824250202819,-72.63289842244848,13.42365588862034,29.674115276515515
4.27,-3.0453634281832507,-4.167808742423046,-1.6625789968927467,-74.26816124464241,25.316949277542797,24.017975866951076
4.28,-3.0995534996603444,-4.250341524620165,-1.6150634972811535,-75.69901621406211,35.723580992849946,19.068853883582193
4.29,-3.1469698122028014,-4.322557709042644,-1.5734874351210093,-76.95101431230435,44.829383743743705,14.738372148134419
4.3,-3.1884590856774513,-4.385746870412313,-1.5371083807308832,-78.04651264826632,52.796961150775736,10.949200629617616
4.31,-3.22476219996777,-4.441037386610774,-1.5052767081395229,-79.00507369223303,59.768591381928765,7.633675550915413
4.32,-3.256527424971799,-4.489416588284428,-1.4774239946220826,-79.8438146057039,65.86876783418766,4.732591107050986
4.33,-3.228235121850324,-4.526207514748874,-0.9902747452943224,-80.57771290499092,71.20642222991421,2.194142218669613
4.34,-3.203479356619033,-4.558399575405264,-0.564019152132532,-81.21987391686706,75.87686982617494,-0.02700055866408868
4.35,-3.181818062041654,-4.586567628479607,-0.19104550811596543,-81.78176480225868,79.96351147290308,-1.9705004888310775
4.36,-3.162864429286447,-4.611214674919656,0.13530643039853027,-82.27341932697635,83.5393229137902,-3.671062927727193
4.37,-3.1462800006256413,-4.632780840554698,0.420864376598714,-82.7036170361043,86.66815792456643,-5.159055061761293
4.38,-3.131768625547436,-4.65165123548536,0.6707275795238747,-83.08004003159127,89.40588855899563,-6.461048179041132
4.39,-3.1190711723540065,-4.66816283104969,0.8893578820833905,-83.40941015264237,91.80140286412117,-7.600292156660991
4.4,-3.107960900809756,-4.6826104771684784,1.0806593968229667,-83.69760900856207,93.89747788110603,-8.597130637078367
4.41,-3.0982394132085362,-4.695252167522418,1.248048222220096,-84.52290763249181,101.07341827096778,-29.92248918244357
4.42,-3.0897331115574693,-4.706313646582116,1.394513444442584,-85.24504392843033,107.3523661120968,-48.58217790963812
4.43,-3.082290097612786,-4.715992440759351,1.522670513887261,-85.87691318737654,112.84644547308471,-64.90940554593335
4.44,-3.075777460411188,-4.724461385664432,1.6348079496513532,-86.42979878895447,117.65376491394912,-79.19572972769168
4.45,-3.0700789028597892,-4.731871712456377,1.732928205944934,-86.91357369033516,121.86016942470548,-91.69626338673021
4.46,-3.0650926650023154,-4.73835574839933,1.8187834302018173,-87.33687672904325,125.54077337161729,-102.63423033838893
4.47,-3.060729706877026,-4.744029279849414,1.8939067514265902,-87.70726688791284,128.76130182516513,-112.2049514210903
4.48,-3.0569121185173977,-4.748993619868237,1.9596396574982664,-88.03135827692373,131.5792642220195,-120.579332368454
4.49,-2.881570103702723,-4.193929042384708,1.592024825310983,-88.31493824230826,134.04498131926707,-127.90691569739724
4.5,-2.7281458407398826,-3.7082475370866192,1.27036184714711,-88.56307071201972,136.2024837793587,-134.3185511102226
4.51,-2.593899610647397,-3.2832762199507917,0.9889067412537212,-88.78018662301726,138.09029843193886,-139.92873209644475
4.52,-2.4764341593164723,-2.9114263174569426,0.7426335235970061,-88.9701630451401,139.7421362529465,-144.83764045938915
4.53,-2.373651889401913,-2.5860576527748247,0.5271444581473803,-89.13639241449758,141.18749434632818,-149.1329352769655
4.54,-2.283717403226674,-2.3013600711779714,0.3385915258789578,-89.28184311268538,142.45218267803716,-152.8913182423448
4.55,-2.2050247278233397,-2.052249687280725,0.17360771014408807,-89.4091124735997,143.5587849682825,-156.17990333705168
4.56,-2.1361686368454222,-1.8342781013706344,0.029246871376077066,-89.52047316439973,144.5270619722472,-159.05741529492022
4.57,-2.0759195572397444,-1.6435529636993051,-0.09706886254593257,-78.17291401884977,134.2574294757163,-178.15648713305518
4.58,-2.0232016125847765,-1.476668468236892,-0.207595129727691,-68.24379976649355,125.27150104125175,-194.86817499142327
4.59,-1.9770734110116794,-1.3306445347072806,-0.30430561351172963,-59.55582479568186,117.40881366109528,-209.49090186749535
4.6,-1.9367112346352195,-1.2028735928688705,-0.38892728682276345,-51.953846696221625,110.52896220345836,-222.28578788405844
4.61,-1.9013943303058172,-1.0910740187602617,-0.462971250969918,-45.302115859193925,104.50909217802607,-233.48131314855112
4.62,-1.87049203901759,-0.9932493914152289,-0.5277597195986782,-39.48185137679469,99.2417059057728,-243.27739775498222
4.63,-1.8434525341403913,-0.9076528424883253,-0.5844496296488434,-34.38911995469535,94.6327429175512,-251.84897178560942
4.64,-1.5344693423728424,0.033756262822715266,0.01967494905726208,-29.932979960358434,90.5999003028573,-259.34909906240824
4.65,-1.264109049576237,0.8574892299698759,0.5482839554251043,-26.03385746531363,87.07116301500012,-265.91171042960724
4.66,-1.0275437933792073,1.5782555762236412,1.0108168359969663,-22.622125282149426,83.9835178881251,-271.65399537590633
4.67,-0.8205491942068064,2.208926129195686,1.4155331064973455,-19.63685962188075,81.28182840210947,-276.67849470391803
4.68,-0.6394289199309555,2.7607628630462253,1.7696598431851773,-17.024752169145657,78.91785010184579,-281.0749316159283
4.69,-0.4809486799395861,3.243620005165447,2.07952073778703,-14.73915814800245,76.84936908911506,-284.9218139139372
4.7,-0.34227846994713784,3.666120004519766,2.3506490205636514,-12.739263379502143,75.03944820297568,-288.28783592469506
4.71,-0.22094203620374558,4.035807503954795,2.587886267993195,-10.989355457064374,73.45576742760372,-291.2331051841082
4.72,-0.1147726566782774,4.359284065960446,2.7954688594940453,-9.458186024931326,72.07004674915325,-293.81021578609466
4.73,-0.021874449593492717,4.64232605771539,2.97710362705729,38.62408660318509,66.1325409055091,-282.2401898128328
4.74,0.05941148160569387,4.8899878005009665,3.1360340486751292,80.69607515278696,60.93722329232046,-272.1164170862287
4.75,0.13053667140498215,5.106691825438346,3.2750981675907385,117.50906513368858,56.3913203807804,-263.25811595045013
4.76,0.19277121247935938,5.296307847258553,3.396779271641896,149.7204313669775,52.41365533318285,-255.50710245664385
4.77,0.24722643591943944,5.462221866351234,3.503250237686659,177.9053768211053,48.93319841653499,-248.72496564956336
4.78,0.2948747564295095,5.60739663305733,3.5964123329758273,202.56720409346713,45.88779861446812,-242.79059594336795
4.79,0.33656703687582085,5.734424553925164,3.6779291663538487,224.14630295678373,43.2230737876596,-237.59802245044696
4.8,0.3730477822663433,5.845573984684519,3.749256395559618,243.02801446218575,40.89143956420215,-233.0545206441411
4.81,0.5144748094830504,5.916821111598954,2.8808909711146655,259.54951202941254,38.851259618676885,-229.07895656362345
4.82,0.6382234582976691,5.979162347649084,2.1210712247253323,274.00582240073595,37.066102166342276,-225.6003379931705
4.83,0.7465035260104604,6.0337109291929485,1.4562289466346656,286.655093975644,35.50408939554949,-222.5565467440242
4.84,0.8412485852591529,6.08144093804383,0.8744919533053325,297.7232066036885,34.137328221105804,-219.89322940102116
4.85,0.9241505121017588,6.123204695788352,0.3654720841421659,307.4078051532274,32.94141219346758,-217.5628267258935
4.86,0.996689698089039,6.159747983814808,-0.0799203013756048,315.88182888407397,31.89498566928413,-215.5237243851568
4.87,1.0601614858279091,6.1917233608379565,-0.4696386387036542,323.2965996485647,30.979362460623612,-213.7395098370122
4.88,1.1156993000994204,6.219701815733212,-0.8106421838656974,329.78452406749415,30.17819215304566,-212.17832210738567
4.89,1.164294887586993,6.244182963766561,-1.1090202858824854,325.0708345590574,23.47029300891495,-150.69540809396247
4.9,1.206816026638619,6.265603968295741,-1.3701011251471749,320.9463562391752,17.60088125780058,-96.89785833221717
4.91,1.2440220233087917,6.284347347258773,-1.5985468595037782,317.33743770927833,12.465145975575508,-49.825002290690016
4.92,1.2765772703951928,6.300747803851427,-1.798436877065806,314.1796339956186,7.97137760362857,-8.636253254353761
4.93,1.3050631115957938,6.315098203369998,-1.9733406424325803,311.4165557461663,4.039330278174999,27.403902152440462
4.94,1.3299882226463196,6.327654802948748,-2.126381437128508,308.99886227789546,0.598788868403124,58.93903813338541
4.95,1.3517976948155297,6.338641827580155,-2.2602921324874443,306.8833804931585,-2.411684865147267,86.53228211671224
4.96,1.5635916079635885,6.043017474132635,-2.2525113659265137,305.0323339315137,-5.045849382003858,110.6763706021232
4.97,1.74891128196814,5.784346164866056,-2.2457031951856994,303.41266819007444,-7.350743334253377,131.8024480268578
4.98,1.9110659967221224,5.558008769257799,-2.239746045787487,301.9954606663151,-9.367525542471704,150.28776577350058
4.99,2.052951372131857,5.359963548100574,-2.234533540064051,300.7554040830257,-11.132209974662741,166.46241880181302
5.0,2.177101075615375,5.186673979588003,-2.2299725975560447,299.6703545726475,-12.676308852829898,180.61524020158637
5.01,2.285732066163453,5.035045607139502,-2.225981772861539,298.7209362510665,-14.027395371226161,192.99895892638807
5.02,2.380784182893021,4.902370781247065,-2.2224898012538468,297.89019521968316,-15.20959607482289,203.83471281058956
5.03,2.4639547850313934,4.786280308591182,-2.219434326097116,297.1632968172228,-16.24402169047003,213.31599745926587
5.04,2.536729061902469,4.684701145017284,-2.216760785334977,275.89913496506995,1.9521061458387212,207.10024740185764
5.05,2.6004065541646604,4.595819376890123,-2.214421437168105,257.2929933444362,17.87371800260888,201.66146610162545
5.06,2.656124359894078,4.518047829778858,-2.212374507522092,241.01261942638166,31.805128377282767,196.90253246392228
5.07,2.704877439907318,4.449997726056501,-2.2105834440818306,226.76729224808395,43.995112455122424,192.738465530932
5.08,2.747536384918903,4.390453885299438,-2.209016263571602,214.30263096707344,54.66134852323212,189.0949069645655
5.09,2.7848629618040404,4.338353024637009,-2.207644980625152,203.39605234618926,63.994305082828106,185.9067932189948
5.1,2.817523716578535,4.2927647715573825,-2.206445108047008,193.8527960529156,72.16064207247459,183.11719369162046
5.11,2.8461018770062183,4.25287505011271,-2.205395219541132,185.50244679630114,79.30618693841527,180.6762941051679
5.12,2.7382113923804408,3.196383918848621,-1.7221604420984908,178.19589119676348,85.55853869611335,178.5405069670219
5.13,2.6438072183328853,2.2719541789925435,-1.2993300118361795,171.80265504716803,91.02934648409916,176.67169322114418
5.14,2.5612035660412746,1.4630781566184754,-0.929353385356657,166.20857341627203,95.81630329858677,175.03648119350117
5.15,2.488925370286115,0.7553116370411659,-0.6056238371870749,161.31375198923803,100.00489051126343,173.60567066931353
5.16,2.4256819490003507,0.13601593241102017,-0.32236048253869054,157.03078324058328,103.6699043223555,172.35371146064935
5.17,2.370343955375307,-0.40586780914035736,-0.07450504722135423,153.28318558551035,106.87679140706106,171.2582471530682
5.18,2.3219232109533934,-0.8800160829978128,0.14236845868131504,150.00403763732155,109.68281760617842,170.29971588393468
5.19,2.279555059584219,-1.2948958226230862,0.3321327763461507,147.13478318265635,112.13809053040612,169.46100102344286
5.2,2.2424829271361917,-1.6579155947952005,0.4981765543028819,120.64043553482432,109.46082921410536,143.1377510205125
5.21,2.2100448112441677,-1.9755578954458004,0.6434648600150217,97.45788134297129,107.11822556234219,120.10490726794843
5.22,2.181661459838647,-2.2534949085150755,0.770592127513144,77.17314642509987,105.06844736704942,99.95116898445488
5.23,2.156826027358816,-2.496689794950691,0.881828486574001,59.42400337196239,103.27489144616824,82.31664798639802
5.24,2.135095023938964,-2.7094853205818548,0.9791603007522509,43.893503200467094,101.70553001539722,66.88644211309827
5.25,2.1160803959465935,-2.895681405509123,1.0643256381582196,30.30431555040871,100.33233876347256,53.385011973960985
5.26,2.0994425964532692,-3.0586029798204826,1.138845308388442,18.41377635660762,99.1307964180385,41.57126060221586
5.27,2.0848845218966106,-3.2011593573429225,1.2040500198398867,8.009554562031667,98.0794468657837,31.23422815193888
5.28,2.3062847066595342,-2.702814562675057,1.6747298923599008,-1.0941395082222911,97.15951600756074,22.18932475794652
5.29,2.500009868327093,-2.2667628673406743,2.0865747808149133,-9.059871819694504,96.35457650661564,14.275034288203205
5.3,2.669519384786206,-1.8852176339230902,2.446939058213049,-16.02988759223269,95.65025444328869,7.350030127177805
5.31,2.8178402116879306,-1.5513655546827039,2.762257800936418,-22.128651393203604,95.03397263787761,1.290651486280579
5.32,2.9476209352269396,-1.259244985347366,3.0381617008193658,-27.465069719053155,94.49472605814292,-4.011304824504494
5.33,3.0611790683235722,-1.0036394871789454,3.279577613216945,-32.134435754171506,94.02288530087506,-8.650516596441433
5.34,3.160542434783126,-0.7799846762815771,3.490816536564827,-36.220131034900064,93.61002463826568,-12.709826896886254
5.35,3.2474853804352355,-0.5842867167463799,3.6756505944942233,-39.795114405537554,93.24877155848247,-16.26172340977547
5.36,3.323560457880831,-0.4130510021530824,3.8373803951824454,-39.10385010484536,86.30892498867216,-10.698382858553536
5.37,3.3901261506457274,-0.2632197518839471,3.9788939707846396,-38.49899384173968,80.23655924008814,-5.830459876234343
5.38,3.4483711318150116,-0.13211740789845372,4.10271834943656,-37.96974461152222,74.92323921007713,-1.5710272667050504
5.39,3.4993354903381353,-0.017402856911147,4.21106468075699,-37.50665153508194,70.2740841838175,2.155976266633081
5.4,3.5439293040458684,0.08297237520274638,4.305867720662366,-37.1014450931967,66.2060735358403,5.417104358303946
5.41,3.582948891040135,0.1708007033024031,4.3888203805795705,-36.74688945654711,62.64656421886027,8.270591438515952
5.42,3.617091029660118,0.24765049038960274,4.461403958007124,-36.436653274478715,59.53199356650274,10.767392633701458
5.43,3.646965400952604,0.3148940540909024,4.524914588256234,-36.165196615168874,56.8067442456899,12.952093679488776
5.44,3.6731054758335286,0.3737321723295396,4.5804863897242045,-35.92767203827277,54.42215108997866,14.86370709455268
5.45,3.358479791354337,0.3622404007883472,4.366968466008679,-35.71983803348867,52.33563207873133,16.536368832733594
5.46,3.083182317435045,0.3521851006898038,4.180140282757594,-35.53798327930259,50.50992794388991,17.999947853641896
5.47,2.842297027755664,0.3433867131035784,4.016665622412894,-35.37886036938976,48.912436825903676,19.280579496936657
5.48,2.631522399286206,0.3356881239656311,3.8736252946112826,-35.23962782321604,47.51463209766572,20.401132184819573
5.49,2.44709459937543,0.32895185846992725,3.7484650077848722,-35.11779934531403,46.29155296045751,21.381615786717127
5.5,2.2857202744535012,0.3230576261611864,3.6389497568117632,-35.011199427149776,45.22135871540032,22.239538938377486
5.51,2.144517740146813,0.3179001728910381,3.543123912210293,-34.91792449875605,44.284938750975286,22.9902216960803
5.52,2.0209655226284613,0.31338740127965836,3.4592762981840064,-34.83630893641154,43.465571282103376,23.647069109070262
5.53,1.9128573322999036,0.309438726119701,3.3859096359110055,-30.490520319360098,44.09612499684045,20.94056047043648
5.54,1.8182626657624157,0.3059836353547384,3.32171380642213,-26.687955279440086,44.647859497235395,18.57236541163192
5.55,1.7354923325421139,0.30296043093539604,3.2655424556193635,-23.360710869510076,45.13062718508097,16.50019473517793
5.56,1.6630682909743497,0.3003151270684715,3.216392523666943,-20.449372010821314,45.553048911945844,14.687045393280691
5.57,1.599697254602556,0.2980004861849126,3.173386333208575,-17.901950509468648,45.92266792295261,13.100539719120604
5.58,1.5442475977772365,0.2959751754117985,3.1357559165575033,-15.672956695785066,46.246084557583536,11.71234725423053
5.59,1.495729148055082,0.29420302848532376,3.1028293019878155,-13.722587108811933,46.529074112885596,10.497678847451713
5.6,1.4532755045481969,0.2926523999246583,3.074018514239339,-12.01601372021044,46.77668997377489,9.43484399152025
5.61,1.2521930664796723,0.43556422493407604,2.5730985749594217,-10.522762005184134,46.99335385205303,8.504863492580219
5.62,1.0762459331697134,0.5606120718173165,2.1347936280894944,-9.216166754536117,47.182934745546405,7.691130556007691
5.63,0.9222921915234993,0.670028937840152,1.7512767995783076,-8.072895910219101,47.348818027353104,6.979114236506729
5.64,0.787582667583062,0.765768695610133,1.415699574631019,-7.072533921441713,47.493965898933965,6.356099956943387
5.65,0.6697118341351792,0.8495409836588665,1.1220695028021417,-6.197217181261499,47.620970286567214,5.810962462325463
5.66,0.5665748548682819,0.9228417357015082,0.865143189951874,-5.431315033603812,47.73209912574631,5.33396715453478
5.67,0.47632999800974657,0.9869798937388197,0.6403326662078896,-4.761150654403336,47.82933686002802,4.916596260217932
5.68,0.3973657482585282,1.0431007820214673,0.44362345793190344,-4.174756822602919,47.914419877524516,4.55139672769069
5.69,0.32827202972621217,1.092206559268784,0.2715029006904155,-5.962912344777553,46.74636739283395,3.960597136729354
5.7,0.2678150260104356,1.135174114360186,0.12089741310411356,-7.52754842668036,45.724321468729705,3.4436474946381845
5.71,0.21491514775913115,1.1727707250651627,-0.010882388533900639,-8.896604998345314,44.83003128513849,2.9913165578084113
5.72,0.16862775428923976,1.2056677594320173,-0.12618971496716305,-10.09452949855215,44.04752737449618,2.59552698808236
5.73,0.1281262850030848,1.2344526645030152,-0.22708362559626766,-11.142713436233132,43.36283645268416,2.249211114572065
5.74,0.0926874993776992,1.2596394564401383,-0.3153657973967342,-12.05987438170399,42.76373189609863,1.9461847252505569
5.75,0.06167856195548681,1.281677899385121,-0.3926126977221424,-12.862390208990991,42.2395154090863,1.6810366345942371
5.76,0.03454574171105096,1.300961536961981,-0.4602037355068746,-13.564591557867118,41.78082598295051,1.4490320552699574
5.77,-0.13327247600283043,1.1023709698417332,-0.8177930185685153,-14.179017738133728,41.3794727350817,1.2460280483612127
5.78,-0.2801134165024766,0.9286042236115166,-1.1306836412474508,-14.716640645867013,41.02828864319648,1.068399542316061
5.79,-0.40859923943966703,0.776558320660077,-1.4044629360915195,-15.187060690133636,40.72100256279692,0.9129745995265535
5.8,-0.5210243345097086,0.6435181555775674,-1.6440198190800794,-15.598678228866932,40.452127242447304,0.7769777745857344
5.81,-0.619396292695995,0.5271080111303715,-1.8536320916950695,-15.958843575258566,40.21686133714139,0.6579805527625175
5.82,-0.7054717561089956,0.4252491347390751,-2.0370428302331858,-16.273988253351245,40.011003669998715,0.5538579836672028
5.83,-0.7807877865953712,0.33612261789669073,-2.1975272264540373,-16.54973984668234,39.83087821124887,0.46275073570880254
5.84,-0.8466893132709498,0.2581369156596044,-2.337951073147283,-16.79102249084705,39.67326843484276,0.38303189374520225
5.85,-0.904353149112081,0.18989942620215383,-2.460821939003872,-22.30901967949117,38.682235005487414,2.780777907027052
5.86,-0.9548090054730708,0.1301916229268846,-2.568333946628388,-27.137267219554772,37.815080754801485,4.8788056686486705
5.87,-0.9989578797889369,0.07794729506102403,-2.6624069532998393,-31.361983817110428,37.0563207854513,6.714579960067587
5.88,-1.03758814481532,0.03223350817839603,-2.7447208341373592,-35.05861083997162,36.392405812269885,8.320882465059139
5.89,-1.0713896267134049,-0.007766055343903476,-2.816745479870189,-38.29315948497517,35.81148021073615,9.726397156926746
5.9,-1.1009659233742293,-0.04276567342591554,-2.879767044886415,-41.12338954935328,35.30317030939413,10.956222512310902
5.91,-1.1268451829524506,-0.0733903392476761,-2.9349109142756133,-43.599840855684114,34.858399145719865,12.032319698272039
5.92,-1.1494895350833942,-0.10018692184171658,-2.9831617999911617,-45.7667357487236,34.46922437750488,12.973904735988034
5.93,-1.18281146819797,-0.730792056611502,-3.0491398249922663,-47.66276878013315,34.12869645531677,13.79779164398953
5.94,-1.2119681596732237,-1.2825715495350642,-3.106870596868233,-49.321797682616506,33.83073452340217,14.51869268849084
5.95,-1.2374802647140708,-1.7653786058431813,-3.1573850222597035,-50.77344797228944,33.5700178329769,15.149481102429483
5.96,-1.259803356624812,-2.1878347801127838,-3.2015851444772405,-52.04364197575326,33.341890728854786,15.701420964625797
5.97,-1.2793360620467105,-2.557483932598686,-3.240260251417585,-53.155061728784105,33.14227951274793,16.184368344047574
5.98,-1.2964271792908717,-2.88092694102385,-3.274100969990387,-54.12755401268609,32.96761969865444,16.60694730104163
5.99,-1.3113819068795127,-3.1639395733958686,-3.3037115987415886,-54.978484761100326,32.81479236132263,16.976703888411425
6.0,-1.3244672935195736,-3.411575626721385,-3.32962089889889,-65.52742366596279,39.5016933161573,11.647740902359997
6.01,-1.3359170068296269,-3.6282571733812117,-3.3522915365365287,-74.75774520771743,45.35273165163764,6.984898289564997
6.02,-1.3459355059759235,-3.8178535267085603,-3.3721283444694623,-82.83427655675276,50.47239019518293,2.9049110033693726
6.03,-1.354701692728933,-3.98375033586999,-3.3894855514107793,-89.90124148715866,54.95209142078507,-0.6650778720517989
6.04,-1.3623721061378165,-4.128910043886242,-3.404673107484432,-96.08483580126382,58.871829993186935,-3.788818138045324
6.05,-1.3690837178705895,-4.255924788400462,-3.417962219048878,-101.49548082610585,62.30160124403857,-6.5220908707896585
6.06,-1.3749563781367657,-4.367062689850403,-3.429590191667768,-106.22979522284261,65.30265108853375,-8.913704511940951
6.07,-1.38009495586967,-4.464308353619103,-3.439764667709297,-110.37232031998728,67.92856970246703,-11.006366447948333
6.08,-2.0078344613859613,-4.790437309416715,-2.842069084245635,-113.99702977998888,70.22624848965864,-12.83744564195479
6.09,-2.5571065287127164,-5.075800145739626,-2.3190854487149304,-117.16865055749027,72.23671742845131,-14.439639936710442
6.1,-3.037719587623627,-5.325492627522173,-1.8614747676255643,-119.94381873780398,73.9958777498949,-15.841559944621636
6.11,-3.458256014170674,-5.543973549081901,-1.4610654216723686,-122.37209089557848,75.53514303115804,-17.06823995154393
6.12,-3.82622538739934,-5.735144355446664,-1.1107072439633225,-124.49682903363117,76.88200015226329,-18.14158495760094
6.13,-4.148198588974423,-5.902418811015831,-0.8041438384679073,-126.35597490442727,78.06050013323036,-19.080761837900823
6.14,-4.42992514035262,-6.048783959638852,-0.5359008586594188,-127.98272754137386,79.09168761657656,-19.902541608163222
6.15,-4.6764358728085424,-6.176853464683996,-0.30118825132699145,-129.40613609870212,79.99397666450449,-20.62159890714282
6.16,-4.892132763707475,-6.288914281598497,-0.09581471991111751,-124.44349408636437,85.57410420644142,-44.709524418749965
6.17,-5.080867543244041,-6.386967496398685,0.08388712007777219,-120.10118232556883,90.45671580563624,-65.78645924140622
6.18,-5.246010475338537,-6.47276405934885,0.24112623006805067,-116.30165953487273,94.7290009549317,-84.22877721123045
6.19,-5.39051054092122,-6.547836051930244,0.37871045130954434,-112.97707709301365,98.46725046056524,-100.36580543482665
6.2,-5.5169480983060675,-6.613524045438964,0.4990966448958513,-110.06806745638694,101.73821877799459,-114.48570513047333
6.21,-5.627580961017809,-6.671001039759093,0.60443456428387,-107.52268402433857,104.60031605574527,-126.84061736416417
6.22,-5.724384715890583,-6.721293409789207,0.6966052437483863,-105.29547352129626,107.10465117377711,-137.65116556864365
6.23,-5.809088001404261,-6.765299233565557,0.777254588279838,-103.34666433113424,109.29594440205497,-147.1103952475632
6.24,-5.883203376228728,-6.8038043293698625,0.8478227647448582,-101.64145628974246,111.2133259767981,-155.38722121661777
6.25,-5.414269204200137,-6.02548103819863,0.36534166915175087,-100.14939925352466,112.89103485469833,-162.62944393954055
6.26,-5.003951803675119,-5.344448158423802,-0.056829289492217994,-98.84384934683409,114.35903012286104,-168.96638882209797
6.27,-4.644924078215729,-4.748544388620827,-0.4262288783056908,-97.70149317847984,115.64352598250342,-174.5112155943357
6.28,-4.330774818438762,-4.227128590043224,-0.7494535185174794,-96.70193153116986,116.76745985969049,-179.36293902004374
6.29,-4.055894216133916,-3.7708897662878207,-1.0322750787027946,-95.82731508977363,117.75090200222918,-183.60819701753826
6.3,-3.8153736891171772,-3.371680795501843,-1.2797439438649452,-95.06202570355194,118.61141387695054,-187.32279776534597
6.31,-3.6049182279775303,-3.0223729460641127,-1.496279200881827,-94.39239749060795,119.36436176733172,-190.5730734196777
6.32,-3.420769699480339,-2.7167285778060983,-1.6857475507715989,-93.80647280428197,120.02319117141525,-193.417064617218
6.33,-3.2596397370452967,-2.449289755580336,-1.8515323569251492,-95.55128920374672,100.38279227498835,-208.05930829006576
6.34,-3.1186510199146347,-2.215280786132794,-1.9965940623095055,-97.07800355327838,83.1974432406148,-220.87127150380755
6.35,-2.9952858924253056,-2.0105229378661944,-2.1235230545208172,-98.41387860911858,68.16026283553795,-232.0817393158316
6.36,-2.8873414058721427,-1.83135982063292,-2.234585922705715,-99.58276928297876,55.002729981095705,-241.89089865135267
6.37,-2.792889980138125,-1.674592093053805,-2.3317659323675004,-100.6055486226064,43.48988873345874,-250.4739130699336
6.38,-2.7102449826208597,-1.5374203314220793,-2.416798440821563,-101.5004805447806,33.41615264177639,-257.9840506861919
6.39,-2.6379306097932522,-1.4173950399943194,-2.4912018857188674,-102.28354597668302,24.601633561554344,-264.5554211004179
6.4,-2.574655533569096,-1.3123729099950294,-2.556304900004009,-102.96872822959763,16.888929366360053,-270.3053702128657
6.41,-1.6115059668729588,-0.03145279624565056,-1.225228662503508,-103.56826270089792,10.140313195565046,-275.33657568625745
6.42,-0.768750096013839,1.0893523032850558,-0.06053695469056963,-104.09285536328568,4.235274046119415,-279.7388804754753
6.43,-0.03133870901210911,2.070056765374424,0.9585682896457515,-104.55187394287496,-0.9316352096455116,-283.5908971660409
6.44,0.6138962546144046,2.928173169702621,1.8502853784400326,-104.95351520001559,-5.452680808439823,-286.9614117702858
6.45,1.178476847787604,3.6790250234897934,2.6305378311350287,-105.30495130001364,-9.408595707384844,-289.91061204900006
6.46,1.6724848668141536,4.33602039555357,3.31325872724315,-105.61245788751194,-12.870021243961737,-292.49116229287506
6.47,2.1047418834623843,4.9108913461093735,3.9106395113377563,-105.88152615157294,-15.89876858846652,-294.74914375626565
6.48,2.4829667730295863,5.413903427845701,4.433347697420537,-106.11696088262632,-18.548922514908206,-296.72487753673244
6.49,2.813913551400888,5.854038999364988,4.89071736024297,-64.64234127229803,9.75719317445532,-272.83801809464086
6.5,3.103491982475777,6.239157624444365,5.290915815212598,-28.352049113260772,34.525044402648405,-251.93701608281077
6.51,3.356873109666305,6.576136421388819,5.6410894633110225,3.4019565258968214,56.19691422731735,-233.64863932245945
6.52,3.578581595958017,6.870992868715216,5.947491405397145,31.186711460159717,75.15980032390269,-217.64630965715202
6.53,3.772576521463265,7.128992260125814,6.215593104722501,55.498372027639746,91.75232565841485,-203.64427120000803
6.54,3.942322081280357,7.354741727610088,6.450182091632188,76.77107502418478,106.27078532611299,-191.39248755000705
6.55,4.090849446120313,7.552272511658828,6.655447455178164,95.38469014616167,118.97443753534886,-180.6721768562562
6.56,4.220810890355273,7.725111947701475,6.835054648280893,111.67160337789146,130.09013321843025,-171.2919049992242
6.57,3.426711529060864,6.18221370423879,5.816420942245782,125.92265245565503,139.81636694112646,-163.08416712432117
6.58,2.731874587928256,4.832177741208941,4.925116449465059,138.39232039869816,148.32682144848565,-155.90239648378105
6.59,2.1238922644372242,3.650896273557824,4.145225018281927,149.30327984886088,155.77346914242494,-149.61834717330842
6.6,1.5919077313825714,2.617274989363096,3.462820015996686,158.85036936775327,162.2892858746218,-144.11980402664489
6.61,1.1264212649597498,1.712856365692709,2.8657156389971,167.20407269678412,167.99062551529408,-139.30857877331428
6.62,0.7191206068397811,0.9214900699811204,2.3432493091224624,174.51356310968612,172.9792977008823,-135.09875667665
6.63,0.3627325309848084,0.22904456123348038,1.8860912704821546,180.90936722097535,177.344385863272,-131.41516234206875
6.64,0.050892964611707336,-0.37684525892070464,1.4860779866718854,186.50569581835344,181.163838005363,-128.19201729931018
6.65,-0.2219666559647561,-0.9069988515556165,1.1360663633378998,225.75060996605927,148.86710800469262,-79.8236406368964
6.66,-0.4607188239691616,-1.3708832451111643,0.8298061929206624,260.08990984530186,120.60746925410604,-37.501311057284354
6.67,-0.6696269709730164,-1.7767820894722688,0.5618285438055797,290.1367972396391,95.88028534734278,-0.4692726751238112
6.68,-0.8524215996013893,-2.131943578288235,0.32734810082988225,316.4278237096842,74.24399942892492,31.933760909266667
6.69,-1.0123668996512156,-2.442709881002206,0.12217771322614696,339.4324718709737,55.31224925030931,60.286415295608336
6.7,-1.1523190371948138,-2.7146303958769304,-0.05734637592712141,359.561539012102,38.746967844020645,85.0949878836573
6.71,-1.2747771575454618,-2.952560846392314,-0.2144299539362312,377.17447276058925,24.25234661351806,106.80248889820014
6.72,-0.6589701378522792,-2.470929240593275,-0.7468715846942023,392.5857897905156,11.569553036828303,125.79655228592512
6.73,-0.12013899562074432,-2.0495015855191157,-1.212758011607427,406.07069219170114,0.4721086572247657,142.4163577501845
6.74,0.35133825383184875,-1.6807523873292263,-1.6204086351564988,417.8699817927385,-9.23815517492833,156.95868753141144
6.75,0.7638808471028677,-1.358096838913073,-1.9771029307619363,428.19436019364616,-17.73463602806229,169.683226089985
6.76,1.1248556162150092,-1.0757732340489388,-2.2892104394166943,437.22819129444036,-25.169056774554505,180.81719732873688
6.77,1.4407085391881331,-0.8287400797928215,-2.5623045094896075,445.1327935076353,-31.67417492773519,190.55942216264475
6.78,1.7170798467896164,-0.6125860698187189,-2.801261820803407,452.0493204441809,-37.366153311768294,199.08386889231417
6.79,1.9589047409409144,-0.423451311091379,-3.010349468202981,458.1012815136583,-42.34663439779726,206.54275978077493
6.8,2.1705015233233,-0.25795839720495667,-3.1933011596776084,414.49737157445105,-19.763304473072598,196.22116430817806
6.81,2.355648707907888,-0.1131520975543371,-3.3533838897179074,376.3439503776447,-0.0028907889385223484,187.18976826965581
6.82,2.517652494419402,0.013553414639955033,-3.493456278503169,342.95970683043913,17.287471184678793,179.28729673594884
6.83,2.659405807616977,0.12442073780996064,-3.6160196186902733,313.74849372663425,32.41653791159395,172.37263414395525
6.84,2.783439956664855,0.22142964558371556,-3.7232625413539893,288.18868226080497,45.654471297644704,166.32230437596084
6.85,2.8919698370817484,0.30631243988575113,-3.8171000986847408,265.8238472282044,57.23766301043912,161.02826582896574
6.86,2.98693348244653,0.3805848849000322,-3.8992079613491484,246.25461657467883,67.37295575913423,156.39598210034504
6.87,3.0700266721407137,0.4455732742875282,-3.971052341180505,229.13153975284396,76.24133691424245,152.34273383780192
6.88,2.7301393381231245,-0.14352438499841286,-3.7413047985329415,214.14884753373846,84.00117042496215,148.79614160807668
6.89,2.432737920857734,-0.6589848368736113,-3.5402756987163237,201.03899184202115,90.79102474684188,145.6928734070671
6.9,2.1725116807505174,-1.1100127322644098,-3.364375236376783,189.5678681117685,96.73214727848665,142.97751373118373
6.91,1.9448137206567027,-1.5046621407313585,-3.2104623318296848,179.53063484779742,101.93062949367582,140.60157401478577
6.92,1.7455780055746148,-1.8499803731399387,-3.075788540350974,170.74805574182272,106.47930143196635,138.52262676293753
6.93,1.571246754877788,-2.1521338264974466,-2.957948972807102,163.06329902409487,110.45938937797055,136.70354791757035
6.94,1.4187069105180645,-2.4165180981852656,-2.854839351206214,156.339136896083,113.94196633072424,135.11185392787405
6.95,1.2852345467033064,-2.6478543359121076,-2.7646184323054372,150.45549503407264,116.98922116438372,133.7191216868898
6.96,1.1684462283653931,-2.850273543923094,-2.6856751282672575,145.30730840481357,119.65556914383576,132.50048097602857
6.97,1.066256449819719,-3.0273903509327074,-2.6165997372338503,112.18139385421188,108.98612312585628,116.87854585402499
6.98,0.976840393592254,-3.182367557066119,-2.5561587700796187,83.1962186224354,99.65035786012425,103.20935262227187
6.99,0.8986013443932223,-3.3179726124328544,-2.503272923819666,57.83419029463097,91.48156325260871,91.24880854448789
7.0,0.8301421763440694,-3.4366270358787476,-2.4569978083422077,35.6424155078021,84.33386797103262,80.78333247642689
7.01,0.7702404043010607,-3.5404496563939043,-2.4165070822994315,16.224612569326837,78.07963459965353,71.62604091687352
7.02,0.7178263537634281,-3.6312944493446664,-2.3810776970120022,-0.7659650018390174,72.60718039969683,63.613410802264326
7.03,0.6719640595429995,-3.7107836431765833,-2.3500769848855017,-15.63272037660914,67.81878297473472,56.602359451981286
7.04,0.6318345521001245,-3.7803366877795104,-2.322951361774814,-28.641131329532996,63.628935227892875,50.467689520483624
7.05,0.928642983087609,-3.3172059768070716,-1.2192560665529624,-40.02349091334138,59.962818449406264,45.099853330423166
7.06,1.1883503602016579,-2.911966604706188,-0.2535226832338421,-49.9830555491737,56.75496626823048,40.402996664120266
7.07,1.4155943151764505,-2.5573821541179145,0.5914940271703882,-58.697674605526984,53.948095609701674,36.29324708110523
7.08,1.6144327757793941,-2.2471207598531753,1.3308836487740896,-66.32296627983611,51.492083783488965,32.69721619596707
7.09,1.78841642880697,-1.9756420398715284,1.9778495676773282,-72.9950964948566,49.343073435552846,29.550689171471188
7.1,1.9406521252060986,-1.7380981598875873,2.543944746717662,-78.83321043299952,47.46268938110874,26.79747802503729
7.11,2.073858359555336,-1.530247264901639,3.039278028377954,-83.94156012887458,45.817353333470145,24.38841827190763
7.12,2.190413814610919,-1.348377731788934,3.47269464983071,-88.41136611276526,44.37768429178638,22.280490987919176
7.13,2.2923998377845543,-1.1892418903153172,3.851934193601871,-81.41557034866962,48.42922375531308,23.13980473942928
7.14,2.381637608061485,-1.0499980290259026,4.1837687944016375,-75.29424905508593,51.974320785898946,23.89170427200062
7.15,2.4597206570537997,-0.9281596503976648,4.474124070101433,-69.93809292320019,55.07628068766158,24.549616363000542
7.16,2.5280433249220744,-0.8215510690979567,4.728184936338754,-65.25145630780017,57.79049560170389,25.125289442625473
7.17,2.587825659306815,-0.7282685604607121,4.950488194296409,-61.15064926932515,60.16543365149091,25.62900338729729
7.18,2.6401352018934627,-0.646646365403123,5.145003545009358,-57.56244311065951,62.24350444505455,26.069753088885125
7.19,2.6859060516567794,-0.5752269447277326,5.315204476883188,-54.42276272182707,64.06181638942273,26.455409077774483
7.2,2.7259555451996818,-0.5127349516367661,5.464130292272789,-51.67554238159868,65.65283934074489,26.792858068052674
7.21,2.5333306020497215,-0.08267670768217034,4.84878713073869,-49.271724583898845,67.04498442315177,27.08812593454609
7.22,2.364783776793506,0.293624255778101,4.310361864396353,-47.16838401091149,68.2631113702578,27.346485317727826
7.23,2.217305304694318,0.6228875988058384,3.8392397563468093,-45.32796100954755,69.32897244897558,27.572549778011847
7.24,2.088261641607528,0.9109930239551087,3.427007911803458,-43.717590883354106,70.26160089285362,27.770356180760366
7.25,1.9753484364065872,1.1630852709607202,3.066305047828026,-42.30851702293484,71.07765078124692,27.94343678316532
7.26,1.8765493818557637,1.38366598709063,2.7506900418495226,-41.07557739506799,71.79169443359105,28.094882310269657
7.27,1.7901002091237932,1.5766741137043012,2.474526911618332,-39.99675522068449,72.41648262939216,28.22739714648595
7.28,1.714457182983319,1.7455562244912635,2.23288417266604,-39.05278581809893,72.96317230071814,28.343347628175206
7.29,1.6482695351104042,1.8933280714298555,2.021446776082785,-34.83181259083657,71.24090113812838,24.905429174653307
7.3,1.5903553432216035,2.0226284375011234,1.8364390540724367,-31.138461016982,69.73391387086234,21.897250527821644
7.31,1.5396804253189031,2.1357662578134833,1.6745572973133822,-27.906778389859248,68.41530001200455,19.265094211843937
7.32,1.4953398721540403,2.234761850586798,1.5329107601492094,-25.07905609112684,67.26151288550399,16.961957435363445
7.33,1.4565418881347851,2.3213829942634483,1.4089700401305583,-22.604799079735987,66.251949149816,14.946712755943015
7.34,1.422593652117937,2.3971764949805174,1.3005219101142385,-20.43982419476899,65.368580881089,13.183373661450139
7.35,1.3928889456031948,2.463495808107953,1.2056297963499587,-18.545471170422864,64.59563364595289,11.640451953768872
7.36,1.2146903274027954,2.4296572070944586,0.9208803218062139,-16.887912274120005,63.919304815208775,10.290395459547764
7.37,1.058766536477446,2.4000484312076513,0.6717245315804372,-15.437548239855005,63.32751708830768,9.109096027104293
7.38,0.9223332194177651,2.374140752306695,0.45371321513288254,-14.168479709873129,62.80970282726922,8.075459023716256
7.39,0.8029540669905445,2.351471533268358,0.26295331324127225,-13.058044746138988,62.356615348860565,7.171026645751724
7.4,0.6984973086167264,2.331635966609813,0.09603839908611322,-12.086414152871614,61.960163805252996,6.379648315032759
7.41,0.6070976450396356,2.3142798457835863,-0.05001215079965092,-11.236237383762662,61.61326870459637,5.687192275653665
7.42,0.5271229394096811,2.2990932400606376,-0.17780638194969456,-10.49233271079233,61.30973549152183,5.081293241196957
7.43,0.457145071983471,2.2858049600530577,-0.2896263342059827,-9.841416121943288,61.044143930081596,4.551131586047338
7.44,0.3959144379855371,2.2741777150464255,-0.3874687924302349,-8.952489106700378,57.368626063821395,4.502865137791421
7.45,0.34233763323734495,2.2640038756656224,-0.47308094337645556,-8.17467796836283,54.15254793084372,4.460631995567494
7.46,0.2954579290826768,2.2551017662074195,-0.5479915754543986,-7.494093222317477,51.33847956448825,4.423677996121557
7.47,0.2544381879473422,2.2473124204314923,-0.6135383785225987,-6.898581569527792,48.87616974392722,4.391343246606363
7.48,0.21854591445392443,2.2404967428775557,-0.6708918312072739,-6.377508873336818,46.72164865093632,4.363050340780568
7.49,0.1871401751471839,2.2345330250178614,-0.7210761023063647,-5.921570264169715,44.83644269456927,4.338294048182997
7.5,0.1596601532537859,2.2293147718906288,-0.7649873395180691,-5.5226239811485005,43.18688748274811,4.316632292160122
7.51,0.1356151340970627,2.2247488004043,-0.8034096720783104,-5.173545983504938,41.7435266724046,4.297678255640107
7.52,-0.12211163266507015,2.1458225753537628,-0.9351974630685216,-4.86810273556682,40.480585963354024,4.281093473685093
7.53,-0.3476225535819364,2.0767621284345426,-1.0505117801849564,-4.600839893620967,39.37551284293477,4.266581789474457
7.54,-0.5449446093841943,2.016334237380225,-1.1514118076618367,-4.366984906918346,38.40857386256792,4.2538840657901495
7.55,-0.71760140821117,1.9634598327076969,-1.239699331704107,-4.162361793553552,37.56250225474693,4.242773557566381
7.56,-0.8686761071847737,1.9171947286192348,-1.3169509152410934,-3.9833165693593586,36.82218959790356,4.2330518628705835
7.57,-1.000866468786677,1.8767127625418305,-1.3845460508359566,-3.8266519981894387,36.17441602316561,4.224545380011761
7.58,-1.1165330351883425,1.8412910422241018,-1.443691794481462,-3.6895704984157587,35.60761414526991,4.21710220751029
7.59,-1.2177412807897996,1.8102970369460891,-1.4954443201712793,-3.569624186113789,35.11166250211117,4.2105894315715044
7.6,-1.3062984956910748,1.783177282327828,-1.5407277801498693,-3.4646711628495654,34.67770481434727,4.204890752625066
7.61,-1.3837860587296906,1.7594474970368497,-1.5803508076311357,-7.31033751749337,31.891741712553866,5.989279533546933
7.62,-1.4515876763884794,1.7386839349072436,-1.6150209566772435,-10.675295577806699,29.45402399848463,7.550619716853566
7.63,-1.5109140918399195,1.7205158180438382,-1.645357337092588,-13.619633880580862,27.32102099867405,8.916792377246871
7.64,-1.5628247053599296,1.7046187157883586,-1.6719016699560145,-16.195929895508254,25.454643373839794,10.112193455091013
7.65,-1.6082464921899384,1.6907087513148138,-1.6951279612115127,-18.45018890856972,23.821562952109822,11.158169398204636
7.66,-1.6479905556661962,1.678537532400462,-1.7154509660600734,-20.42266554499851,22.392617583096097,12.073398348429057
7.67,-1.6827666112079218,1.6678877158504044,-1.7332335953025642,-22.1485826018737,21.142290385209087,12.874223679875426
7.68,-1.7131956598069316,1.6585691263691038,-1.7487933958897435,-23.658760026639484,20.04825408705795,13.574945844890998
7.69,-1.6988487023310652,1.1820197355729658,-2.0616880964035253,-24.980165273309552,19.090972326175702,14.188077739279622
7.7,-1.686295114539682,0.7650390186263449,-2.335470959353085,-26.136394864145856,18.25335078540374,14.72456814686967
7.71,-1.675310725222222,0.40018089129805184,-2.5750309644339495,-27.148095756127624,17.520431937228274,15.193997253510961
7.72,-1.6656993845694443,0.08093002988579534,-2.7846459688797056,-28.03333403661167,16.879127945074742,15.604747721822092
7.73,-1.6572894614982636,-0.19841447384992908,-2.9680590977697427,-28.807917532035212,16.317986951940398,15.96415438159433
7.74,-1.6499307788109805,-0.4428409146186879,-3.128545585548525,-29.48567809053081,15.826988582947848,16.27863520889504
7.75,-1.6434919314596081,-0.656714050291352,-3.2689712623549596,-30.07871857921446,15.397365010079367,16.55380593278316
7.76,-1.6378579400271573,-0.843853044004933,-3.3918437295605894,-30.597629006812653,15.021444383819446,16.794580316185264
7.77,-1.6329281975237628,-1.0075996635043163,-3.4993571383655153,-36.96667538096107,15.641888835842016,21.284007901662108
7.78,-1.6286146728332924,-1.1508779555662767,-3.5934313710698262,-42.53959095834094,16.184777731361763,25.212257038954345
7.79,-1.6248403387291308,-1.2762464611204922,-3.6757463246860977,-47.415892088548325,16.659805514941542,28.649475034085054
7.8,-1.6215377963879893,-1.3859439034804308,-3.7477719091003356,-51.682655577479785,17.07545482557385,31.657040779824424
7.81,-1.6186480718394907,-1.481929165545377,-3.8107942954627934,-55.41607363029481,17.43914797237712,34.28866080734637
7.82,-1.6161195628595544,-1.565916269852205,-3.865938883529944,-58.68281442650796,17.75737947582998,36.59132833142807
7.83,-1.61390711750211,-1.6394049861206794,-3.914190398088701,-61.54121262319447,18.03583204135123,38.60616241499956
7.84,-1.611971227814346,-1.7037076128555946,-3.9564104733276135,-64.04231104529515,18.279478036182326,40.36914223812461
7.85,-1.843255824337553,-2.3022829112486454,-3.6344660391616617,-66.23077216463325,18.492668281659533,41.91174958335903
7.86,-2.0456298462953586,-2.8260362973425646,-3.352764659266454,-68.1456756440541,18.679209746452095,43.26153101043915
7.87,-2.2227071155084386,-3.284320510174744,-3.106275951858147,-69.82121618854733,18.842433528145584,44.44258975913425
7.88,-2.3776497260698837,-3.685319196402901,-2.8905983328758786,-71.28731416497891,18.985254337127387,45.476016164242466
7.89,-2.513224510311148,-4.036193046852539,-2.701880416266394,-72.57014989435655,19.110222544986463,46.38026426871215
7.9,-2.6318524465222546,-4.343207665995971,-2.5367522392330946,-73.69263115756198,19.219569726863156,47.17148136012313
7.91,-2.7356518907069725,-4.611845457746474,-2.3922650843289577,-74.67480226286672,19.315248511005265,47.863796315107734
7.92,-2.826476404368601,-4.846903525528164,-2.265838823787838,-75.53420198000838,19.398967447129607,48.46957190071927
7.93,-2.9059478538225254,-5.052579334837144,-2.155215845814358,-89.14430148250733,36.294096016238406,29.30337528812936
7.94,-2.9754853720947096,-5.232545667982501,-2.0584207400875636,-101.05313854719391,51.077333514208604,12.53295325211319
7.95,-3.036330700582871,-5.390016209484688,-1.9737250225766183,-111.47337097879466,64.01266632493252,-2.1411660294009582
7.96,-3.089570363010012,-5.527802933299103,-1.8996162697545411,-120.59107435644532,75.33108253431595,-14.981020400725837
7.97,-3.1361550676337604,-5.648366316636716,-1.8347711110352236,-128.56906481188966,85.23469671752645,-26.215892975635107
7.98,-3.1769166841795404,-5.753859277057126,-1.7780315971558207,-135.54980646040346,93.90035912783563,-36.046406478680716
7.99,-3.2125830986570976,-5.846165617424985,-1.7283845225113432,-141.65795540285302,101.48281373685617,-44.64810579384562
8.0,-3.24379121132496,-5.926933665246862,-1.6849433321974254,-147.00258572749638,108.11746151974916,-52.17459269461492
8.01,-2.60730005990934,-5.539374707091004,-1.3275009156727473,-151.67913726155933,113.9227783297805,-58.760268732788056
8.02,-2.0503703024206725,-5.200260618704628,-1.014738801213654,-155.7711198538644,119.00243053855795,-64.52273526618954
8.03,-1.5630567646180884,-4.90353579136655,-0.7410719510619472,-159.35160462213136,123.4471262212382,-69.56489348291585
8.04,-1.1366574190408272,-4.643901567445731,-0.5016134571792038,-162.48452879436493,127.3362349435834,-73.97678192255137
8.05,-0.7635579916607238,-4.4167216215150145,-0.2920872750318033,-165.22583744506932,130.73920507563548,-77.83718430723245
8.06,-0.4370959927031333,-4.217939168825637,-0.10875186565282793,-167.62448251443564,133.71680394118104,-81.2150363938284
8.07,-0.15144174361524165,-4.044004522722433,0.05166661755377555,-169.72329695013119,136.3222029485334,-84.17065696959985
8.08,0.09850572433666355,-3.8918117073821286,0.19203279035955362,-171.55975958136477,138.6019270799667,-86.75682497339987
8.09,0.3172097587945806,-3.7586429939593624,0.31485319156460945,-140.1135391336942,134.59856119497087,-109.82284747672489
8.1,0.508575788945258,-3.642120369714442,0.42232104261903325,-112.59809624198242,131.0956160455995,-130.0056171671343
8.11,0.6760210653271008,-3.540163073500137,0.516355412291654,-88.52208371173462,128.03053903989957,-147.6655406462425
8.12,0.8225356821612133,-3.45095043931262,0.5986354857551973,-67.4555727477678,125.34859665991212,-163.11797369046218
8.13,0.9507359718910617,-3.372889384398542,0.6706305500357976,-49.02237565429683,123.00189707742311,-176.6388526041544
8.14,1.062911225404679,-3.3045859613487245,0.733626231281323,-32.89332819750973,120.94853494274523,-188.4696216536351
8.15,1.1610645722290942,-3.244820466180134,0.7887474523711576,-18.780411672821018,119.15184307490208,-198.8215445719307
8.16,0.8071385007004575,-2.118454157907617,1.070018145824763,-6.431609713718393,117.57973769053932,-207.87947712543937
8.17,0.4974531881129003,-1.1328836381691647,1.3161300025966676,4.373592000496406,116.2041454792219,-215.80516810975945
8.18,0.22647853959878772,-0.27050943339801903,1.531477877272084,13.828143500434354,115.00050229431918,-222.7401477210395
8.19,-0.010624277851060737,0.4840679957767334,1.7199072676130736,22.10087606288006,113.94731450752928,-228.80825488090957
8.2,-0.21808924311967814,1.1443232463046418,1.8847829841614394,29.339517055020053,113.02577519408813,-234.11784864579587
8.21,-0.3996210877297184,1.7220465905165616,2.0290492361412595,35.673327923142544,112.21942829482711,-238.76374319007138
8.22,-0.5584614517635036,2.2275545167019914,2.155282206623602,41.21541243274972,111.51387475797372,-242.82890091631245
8.23,-0.6974467702930657,2.6698739521142425,2.2657360557956516,46.06473637865601,110.89651541322701,-246.38591392677338
8.24,-0.8190589240064324,3.056903458099962,2.362383173821195,50.307894831324006,110.35632598657364,-249.4983003109267
8.25,-0.9254695585056284,3.395554275837467,2.446949402093546,87.49815872740851,103.69741023825193,-222.53726277206087
8.26,-1.018578863692425,3.691873741357784,2.520944851831853,120.03963963648245,97.87085895847045,-198.94635492555327
8.27,-1.1000495057308717,3.951153273688061,2.5856908703528716,148.51343543192215,92.77262658866165,-178.3043105598591
8.28,-1.1713363175145126,4.178022864477053,2.642343636558763,173.42800675293188,88.31167326507895,-160.2425217398767
8.29,-1.2337122778251985,4.376533756417421,2.6919148069889176,195.22825665881538,84.40833910694408,-144.4384565223921
8.3,-1.2882912430970488,4.550230786865243,2.735289581115303,214.30347532646346,80.99292171857607,-130.6098994570931
8.31,-1.3360478377099176,4.702215688507088,2.77324250847589,230.9942916606555,78.00443150375406,-118.50991202495646
8.32,-1.3778348579961779,4.835202477443701,2.806451319916404,245.59875595307358,75.38950256578481,-107.92242302183689
8.33,-1.5486136257466558,5.031749917763238,2.0759916549268533,258.3776622089394,73.10143974506171,-98.65837014410727
8.34,-1.698045047528324,5.203728928042834,1.4368394480609967,269.559205182822,71.099384776929,-90.55232387609385
8.35,-1.8287975415872832,5.354210562037479,0.877581267053372,279.34305528496924,69.34758667981288,-83.45953339158211
8.36,-1.943205973888873,5.485881991782794,0.38823035867170047,287.90392412434807,67.81476334483627,-77.25334171763436
8.37,-2.0433133521527638,5.601094492809945,-0.03995168616226208,295.39468435880457,66.47354292673174,-71.82292400293005
8.38,-2.1309073081336685,5.701905431208702,-0.41461097539197933,301.949099563954,65.29997506089028,-67.0713085025638
8.39,-2.20755201961696,5.790115002307614,-0.7424378534679819,307.6842128684598,64.27310317827899,-62.91364493974332
8.4,-2.27461614216484,5.867298377019162,-1.0292863717844842,312.7024370099023,63.37459028099411,-59.275689322275404
8.41,-2.333297249394235,5.934833829891766,-1.2802788253114237,316.2402583836645,55.417766495869856,-17.78935228199098
8.42,-2.3846432182199555,5.993927351155295,-1.4998972221474958,319.33585208570645,48.45554568388613,18.51119262825789
8.43,-2.429570940942461,6.0456341822608834,-1.6920633193790588,322.04449657499316,42.36360247340036,50.274169424725656
8.44,-2.468882698324653,6.090877659478273,-1.8602086544566765,324.41456050311905,37.03315216422532,78.06677412163495
8.45,-2.5032804860340714,6.130465702043488,-2.007335822649592,326.4883664402292,32.36900814369716,102.38530323143058
8.46,-2.5333785502798123,6.165105239288052,-2.1360720948183927,328.30294663520056,28.287882125735013,123.66401620250176
8.47,-2.5597143564948355,6.195414834377045,-2.2487163329660937,329.8907043058005,24.716896860018135,142.28289005218903
8.48,-2.5827581869329808,6.221935730079914,-2.347280041345332,331.27999226757544,21.59228475251587,158.5744046706654
8.49,-1.822284413566358,5.899640763819925,-2.4476146611771656,332.4956192341285,18.858249158451386,172.8294799618322
8.5,-1.1568698618705633,5.617632668342435,-2.53540745353002,333.55929282986244,16.465968013644964,185.30267084160317
8.51,-0.5746321291367429,5.370875584799631,-2.6122261468387675,334.49000722612965,14.372722011939343,196.21671286140275
8.52,-0.06517411299464998,5.154963136699677,-2.6794425034839215,335.30438232286343,12.541131760446925,205.7664996287274
8.53,0.38060165112968125,4.9660397446122175,-2.7382568155484313,336.0169605325055,10.938490290391059,214.12256305013648
8.54,0.770655444738471,4.800731776535691,-2.7897193386048773,336.6404664659423,9.536179004092176,221.43411854386943
8.55,1.1119525141461621,4.65608730446873,-2.834749046279268,337.18603415769957,8.309156628580654,227.83172960088575
8.56,1.4105874498778919,4.529523391410139,-2.8741500404943596,337.66340588798715,7.235512050008072,233.429639275775
8.57,1.6718930186431555,4.418779967483872,-2.9086259104325647,297.00423015198874,27.309198293757063,212.1871847413031
8.58,1.9005353913127612,4.321879471548389,-2.938792296628494,261.4274513829901,44.87367375703744,193.6000370236402
8.59,2.100597467398666,4.23709153760484,-2.965187884549932,230.29776996011637,60.242589787407766,177.33628277068516
8.6,2.275651783973833,4.1629020954042355,-2.9882840239811905,203.05929871510185,73.69039131398179,163.1054977993495
8.61,2.4288243109771037,4.0979863334787066,-3.008493145983542,179.22563637571412,85.45721764973408,150.6535609494308
8.62,2.5628502721049657,4.041185041793868,-3.026176127735599,158.37118182874985,95.75319069351733,139.75811620575195
8.63,2.6801229880918447,3.991483911569635,-3.041648736768649,140.12353410015615,104.76216710682766,130.22460205503296
8.64,2.321236489580364,2.2312430476234306,-2.401351019672568,124.15684233763663,112.64502146847421,121.88277717315384
8.65,2.0072108033828187,0.6910322916705018,-1.841090517213497,110.18598704543206,119.54251903491495,114.58368040150961
8.66,1.7324383279599662,-0.656652119788311,-1.35086257756181,97.96148866475305,125.57782940555059,108.19697072632091
8.67,1.4920124119649703,-1.8358759798147721,-0.9219131303665837,87.26505258165892,130.85872597985676,102.6085997605308
8.68,1.281639735469349,-2.8676968573379256,-0.5465823640707608,77.90567100895156,135.47951048237465,97.71877516546445
8.69,1.0975636435356801,-3.770540125170685,-0.21816794356191566,69.71621213283261,139.5226969220778,93.4401786447814
8.7,0.9364970630937202,-4.56052798452435,0.0691946743833238,62.55043561622853,143.0604850568181,89.69640668918372
8.71,0.7955638052070052,-5.251767361458806,0.3206369650854083,56.280381164199966,146.15604967471583,86.42060622803575
8.72,0.6722472045561295,-5.856601816276456,0.5406489694497323,50.79408351867497,148.86466871537635,83.55428082453129
8.73,0.5643451789866133,-6.385831964241899,0.7331594732685158,34.933572953840596,137.7859602509543,73.96312072146489
8.74,0.4699309066132866,-6.848908343711662,0.9016061641099513,21.05562620961052,128.09209034458502,65.57085563128179
8.75,0.38731841828662583,-7.254100175747704,1.0489970185962074,8.912422808409204,119.60995417651189,58.22762367737156
8.76,0.3150324910007976,-7.608643028779241,1.1779640162716816,-1.7128801676419467,112.1880850294479,51.80229571770011
8.77,0.2517823046256979,-7.918868025181836,1.2908101392377214,-11.010020271686704,105.69394952576693,46.180133752987594
8.78,0.19643839154748566,-8.190314897034106,1.3895504968330064,-19.145017862725865,100.01158096004606,41.26074203386414
8.79,0.14801246760404996,-8.427830909904843,1.4759483097288806,-26.263140754885132,95.0395084650403,36.956274279631124
8.8,0.10563978415354372,-8.635657421166737,1.5515463960127704,-32.491498285524486,90.68894503191027,33.18986499467723
8.81,0.8069213111343507,-7.314034743520895,2.100780346511174,-37.94131112483393,86.88220202792148,29.894256870342574
8.82,1.4205426472425569,-6.157614900580784,2.581360053197277,-42.709897359229686,83.5513018994313,27.01059976154975
8.83,1.9574613163372372,-5.1457475380081865,3.0018672965476174,-46.88241031432598,80.63676428700238,24.48739979135603
8.84,2.4272651517950825,-4.2603635957571635,3.3698111344791655,-50.53335915003524,78.08654387612708,22.279599817436523
8.85,2.838343507820697,-3.485652646287518,3.69176199266927,-53.727939381280834,75.8551010166112,20.347774840256957
8.86,3.19803706934311,-2.807780565501578,3.973468993585611,-56.52319708362073,73.9025885145348,18.657427985224835
8.87,3.5127689356752216,-2.214642494813881,4.21996261938741,-58.96904757316814,72.19414007521794,17.17837448707173
8.88,3.788159318715819,-1.695646682962146,4.435644541963983,-61.109166751522125,70.6992476908157,15.884202676187764
8.89,4.029125903876341,-1.2415253475918777,4.624366224218486,-55.67114590758186,67.51871672946373,15.202427341664293
8.9,4.239971665891799,-0.8441691791428929,4.789497696191175,-50.91287766913413,64.73575213828077,14.605873923956256
8.91,4.424461707655324,-0.4964825317500312,4.933987734167278,-46.74939296049237,62.30065812099568,14.083889683461724
8.92,4.5858904941984076,-0.19225671528127733,5.060416517396369,-43.106343840430824,60.16995085587122,13.627153473029008
8.93,4.727140682423606,0.07394087412888234,5.171041702721823,-39.91867586037697,58.30558199888732,13.227509288900382
8.94,4.850734597120654,0.30686376486277206,5.267838739881595,-37.12946637782985,56.674259249026406,12.877820627787834
8.95,4.958879272480573,0.5106712942549255,5.352536147396396,-34.688908080601124,55.2468518428981,12.571843049314356
8.96,4.332408863420501,0.6623570074730598,4.802762003971847,-32.55341957052598,53.99787036253584,12.304112668150061
8.97,3.784247255492939,0.7950820065389274,4.321709628475366,-30.684867124210232,52.905011567218864,12.069848584631305
8.98,3.3046058485563217,0.9112163807215614,3.9007887999159454,-29.049883733683952,51.948760121316504,11.864867511552394
8.99,2.8849196174867817,1.0128339581313663,3.5324830749264526,-27.619273266973458,51.11204010615194,11.685509072608344
9.0,2.5176941653009344,1.1017493383649455,3.210215565560646,-26.367489108601774,50.379910092882945,11.528570438532302
9.01,2.1963718946383177,1.1795502960693272,2.9282314948655657,-25.27217797002655,49.73929633127258,11.391249133715764
9.02,1.9152149078085279,1.2476261340606614,2.6814954330073704,-24.31378072377323,49.17875928986351,11.271092992001293
9.03,1.6692025443324618,1.3071924923030787,2.4656013788814493,-23.475183133301577,48.68828937863057,11.165956368001133
9.04,1.453941726290904,1.3593130557651938,2.2766940815212684,-22.741410241638878,48.25912820630175,11.073961822000992
9.05,1.265588510504541,1.4049185487945446,2.1114001963311098,-20.935608961434017,48.05861218051403,9.737841594250868
9.06,1.1007794466914733,1.4448233551952265,1.966768046789721,-19.355532841254764,47.88316065794977,8.56873639496951
9.07,0.9565715158550392,1.4797400607958233,1.840214915941006,-17.972966236097918,47.72964057570606,7.5457693455983215
9.08,0.8303895763731594,1.5102921781963454,1.7294809264483801,-16.763220456585678,47.595310503742795,6.650673177398531
9.09,0.7199803793265145,1.5370252809218024,1.6325886856423326,-15.704692899512468,47.477771690774944,5.867464030223714
9.1,0.6233723319107002,1.560416745806577,1.547807974937041,-14.77848128707341,47.37492522942807,5.18215602644575
9.11,0.5388402904218627,1.5808842775807548,1.473624853069911,-13.968046126189234,47.28493457574956,4.58251152314003
9.12,0.4648747541191298,1.5987933678831605,1.408714621436172,-13.25891536041558,47.20619275378087,4.0578225827475265
9.13,0.3504805348542386,1.6929853218977655,1.0912730437566507,-12.638425940363632,47.13729365955825,3.598719759904086
9.14,0.2503855929974588,1.775403281660545,0.8135116632870694,-12.095497697818178,47.077006952113464,3.1970047899160754
9.15,0.1628025188727764,1.847518996452977,0.5704704553761857,-11.620435485590907,47.024256083099274,2.845504191176566
9.16,0.08616732901367936,1.9106202468963551,0.35780939845416243,-11.204756049892044,46.97809907271187,2.5379411672794956
9.17,0.01911153788696944,1.9658338410343106,0.1717309736473921,-10.84103654365554,46.93771168862288,2.268823521369559
9.18,-0.03956227934890174,2.014145735905022,0.008912351941468055,-10.522781975698598,46.90237272754503,2.0333455811983643
9.19,-0.09090186943028902,2.0564186439168943,-0.13355394205121546,-10.244309228736274,46.871451136601905,1.8273023835485687
9.2,-0.1358240107515029,2.0934074384272825,-0.2582119492948135,-10.00064557514424,46.84439474452667,1.6470145856049976
9.21,-0.17513088440756502,2.125772633623872,-0.3672877056329618,-11.06931487825121,46.256345401460834,2.968012762404373
9.22,-0.2095243988566194,2.1540921794208883,-0.4627289924288416,-12.00440051846981,45.741802226278224,4.1238861671038265
9.23,-0.23961872399954198,2.1788717819932772,-0.5462401183752363,-12.822600453661083,45.29157694799345,5.135275396215848
9.24,-0.2659512584995992,2.200553934244118,-0.6193123535783318,-13.538525396953448,44.897629829494264,6.020240971688867
9.25,-0.2889922261871493,2.219525817463603,-0.6832505593810403,-14.164959722334267,44.55292610080748,6.79458585022776
9.26,-0.30915307291375566,2.2361262152806525,-0.7391964894584102,-14.713089757042484,44.251310338206544,7.47213761894929
9.27,-0.3267938137995362,2.250651563370571,-0.788149178276109,-15.192703537412173,43.98739654593072,8.06499541658063
9.28,-0.3422294620745942,2.26336124294925,-0.8309827809915953,-15.612365595235651,43.75647197768938,8.583745989508051
9.29,-0.4799905293152699,1.7363548375805935,-1.0829638083676458,-15.979569895831196,43.554412980478205,9.037652740819544
9.3,-0.6005314631508611,1.2752242328830192,-1.30344720732169,-16.300873658852296,43.377611357918425,9.4348211482171
9.31,-0.7060047802570035,0.8717349537726418,-1.4963701814064787,-16.58201445149576,43.22290993817862,9.782343504689964
9.32,-0.798293932724878,0.5186818345510615,-1.665177783730669,-16.82801264505879,43.087546195906285,10.086425566603719
9.33,-0.8790469411342683,0.20976035523217884,-1.8128844357643352,-17.043261064426442,42.969102921418,10.352497370778254
9.34,-0.9497058234924848,-0.06054593917184353,-1.9421277562937933,-17.231603431373138,42.86546505624075,10.585310199430973
9.35,-1.0115323455559242,-0.2970639467753631,-2.055215661757069,-17.396403002451496,42.77478192421066,10.789021424502101
9.36,-1.0656305523614336,-0.5040172034284427,-2.1541675790374355,-17.54060262714506,42.69543418368433,10.96726874643934
9.37,-1.1129664833162543,-0.6851013029998874,-2.240750506657756,-22.068027548751928,35.00037991072379,13.800735153134422
9.38,-1.1543854229017225,-0.8435498901249014,-2.3165105683255365,-26.02952435515794,28.267207421883313,16.28001825899262
9.39,-1.1906269950390072,-0.9821924038592889,-2.3828006222848446,-29.495834060763194,22.375681494147898,18.44939097661854
9.4,-1.222338370659131,-1.1035046033768778,-2.440804419499239,-32.528855053167796,17.22059630737941,20.347592104541224
9.41,-1.2500858243267396,-1.209652777954768,-2.4915577420618344,-35.18274842152182,12.709896768956984,22.00851809147357
9.42,-1.2743648462858972,-1.3025324307104222,-2.535966899304105,-37.504905118831594,8.763034672837362,23.46182833003937
9.43,-1.2956089905001602,-1.3838021268716196,-2.574824911891092,-39.536792228977646,5.309530338732692,24.73347478878445
9.44,-1.3141976166876401,-1.4549131110126672,-2.6088256729047057,-41.314693450355435,2.287714046391106,25.84616544018639
9.45,-1.4564421646016852,-1.692654722136084,-3.1015519637916174,-42.870357019061004,-0.3563752094077821,26.81976976016309
9.46,-1.5809061440264744,-1.9006786318690736,-3.5326874683176652,-44.23156264167838,-2.669953308231809,27.671673540142702
9.47,-1.689812126023165,-2.0826995528854395,-3.9099310347779572,-45.422617561468584,-4.694334144702832,28.417089347624863
9.48,-1.7851048602702695,-2.2419678587747596,-4.240019155430712,-46.46479061628501,-6.465667376614977,29.069328179171755
9.49,-1.8684860027364858,-2.3813276264279146,-4.528846261001873,-47.37669203924938,-8.015583954538105,29.640037156775286
9.5,-1.9414445023944251,-2.5032674231244254,-4.7815699783766386,-48.1746057843432,-9.371760960220842,30.139407512178373
9.51,-2.005283189595122,-2.609964745233872,-5.0027032310795585,-48.872780311300296,-10.558415840193236,30.576356573156076
9.52,-2.061142040895732,-2.7033249020796384,-5.1961948271946135,-49.48368302238776,-11.596738860169081,30.958687001511564
9.53,-2.1100185357837655,-2.7850150393196835,-5.365499973795286,-70.25259776958929,-2.3071462526479456,19.646975876322617
9.54,-2.152785468810795,-2.856493909404723,-5.513641977070875,-88.42539817339062,5.821247278933048,9.749228641782292
9.55,-2.1902065352094455,-2.919037920729133,-5.643266229937015,-104.3265985267168,12.933591619066416,1.088699811559505
9.56,-2.222949968308265,-2.9737639306379915,-5.756687451194888,-118.24014883587719,19.156892916683113,-6.489262914885433
9.57,-2.2516004722697316,-3.0216491893082424,-5.855931019795527,-130.41450535639254,24.602281552097722,-13.119980300524755
9.58,-2.276669663236015,-3.0635487906447123,-5.942769142321086,-141.06706731184346,29.366996608085504,-18.92185801295916
9.59,-2.298605205331513,-3.1002109418141233,-6.01875249953095,-150.38805902286305,33.536122282074814,-23.998501011339265
9.6,-2.317798804665074,-3.132290324087358,-6.085237937089581,-158.54392677000516,37.184107246815465,-28.440563634921855
9.61,-2.41071645408194,-3.5571942835764383,-4.570419694953384,-165.6803110487545,40.376094090963534,-32.327368430556625
9.62,-2.4920193973216973,-3.928985248129383,-3.244953733084211,-171.9246472926602,43.169082579593095,-35.72832262673705
9.63,-2.5631594726564852,-4.254302342113211,-2.085171016448685,-177.3884415060777,45.61294750714396,-38.70415754839492
9.64,-2.6254070385744246,-4.538954799349059,-1.0703611393925994,-182.16926144281797,47.75132931875096,-41.30801310484556
9.65,-2.679873658752622,-4.788025699430427,-0.1824024969685245,-186.35247888746574,49.622413403907096,-43.58638671673987
9.66,-2.727531951408544,-5.0059627370016235,0.5945613151525411,-190.01279415153255,51.25961197841871,-45.579963627147386
9.67,-2.769232957482476,-5.196657644876421,1.2744046507584734,-193.215570007591,52.692160731116374,-47.324343423753966
9.68,-2.8057213377971664,-5.363515689266868,1.8692675694136642,-196.01799888164214,53.94564088972683,-48.85067574578472
9.69,-2.837648670572521,-5.50951647810851,2.389772623236956,-182.29574952143687,67.78681077851098,-67.00809140256163
9.7,-2.865585086750956,-5.6372671683449465,2.845214545332336,-170.28878133125727,79.89783443119711,-82.89583010224143
9.71,-2.890029450907087,-5.749049022301828,3.2437262271657943,-159.7826841648501,90.49498012729748,-96.79760146446125
9.72,-2.9114182695437014,-5.8468581445141,3.5924239487700698,-150.58984914424386,99.7674826113853,-108.9616514064036
9.73,-2.930133485850739,-5.932441126449838,3.897534455173811,-142.54611850121339,107.88092228496214,-119.60519510560316
9.74,-2.9465093001193967,-6.007326235643609,4.164506148277084,-135.5078541885617,114.98018199934188,-128.91829584240276
9.75,-2.9608381376044726,-6.072850706188158,4.3981063797424484,-129.34937291499148,121.19203424942415,-137.0672589871024
9.76,-2.2597503704039132,-5.259888867914638,3.9045988322746426,-123.96070180061754,126.62740496824614,-144.1976017387146
9.77,-1.646298574103424,-4.548547259425308,3.472779728240312,-119.24561457554034,131.38335434721537,-150.43665164637528
9.78,-1.109528252340496,-3.9261233519971444,3.094938012210273,-115.1199132535978,135.54481005381345,-155.89582031557836
9.79,-0.6398542207979339,-3.381502432997501,2.764326510683989,-111.50992459689807,139.18608379708678,-160.67259290113105
9.8,-0.22888944319819204,-2.9049591288728136,2.4750414468484903,-108.35118452228582,142.37219832245094,-164.85226891348967
9.81,0.130704737201582,-2.4879837377637117,2.221917015992429,-105.58728695700009,145.16004853214457,-168.50948542430345
9.82,0.4453496450513843,-2.1231302705432475,2.0004331389933756,-103.16887658737508,147.5994174656265,-171.70954987126552
9.83,0.7206639394199613,-1.8038834867253415,1.8066347466192036,-101.0527675139532,149.73386528242318,-174.50960626235732
9.84,0.9615639469924662,-1.5245425508846737,1.6370611532918034,-99.20117207470905,151.60150712212027,-176.95965560456267
9.85,1.1723514536184079,-1.2801192320240895,1.488684259130328,-66.70227531537043,149.37256948185524,-186.89532352899235
9.86,1.356790521916107,-1.0662488280210782,1.3588544767390371,-38.26574065094913,147.42224904662334,-195.58903296286832
9.87,1.5181747066765936,-0.8791122245184435,1.2452534171466576,-13.38377281958049,145.7157186657954,-203.1960287175098
9.88,1.6593858683420195,-0.715367696453638,1.1458524900033256,8.38794903286707,144.222504582571,-209.85215000282108
9.89,1.7829456347992672,-0.5720912343969331,1.05887667875291,27.438205653758686,142.9159422597496,-215.67625612746846
9.9,1.8910604304493588,-0.44672433009731644,0.9827728439087964,44.10718019703884,141.77270022728092,-220.77234898653492
9.91,1.985660876643189,-0.3370282888351519,0.9161819884201969,58.69253292240899,140.7723634488708,-225.23143023821805
9.92,2.0684362670627903,-0.2410442527307579,0.8579149898676723,71.45471655710786,139.89706876776197,-229.1331263334408
9.93,1.4045311086799415,1.4525664038605868,0.7339097411342133,82.62162723746937,139.1311859217917,-232.54711041676072
9.94,0.8236140950949487,2.9344757283780134,0.6254051484924366,92.39267408278569,138.46103843156774,-235.53434648966564
9.95,0.31531170820808,4.231146387330762,0.5304636299308819,100.94234007243747,137.87465937762178,-238.14817805345743
9.96,-0.12945288031793,5.365733213914417,0.4473898011895217,108.42329781338279,137.36157770541905,-240.43528067177525
9.97,-0.5186218952781888,6.358496687175116,0.3747002010408315,114.96913583670994,136.91263124224167,-242.43649546280335
9.98,-0.8591447833684152,7.227164726278225,0.3110968009107276,120.69674410712119,136.51980308696147,-244.18755840495294
9.99,-1.1571023104473632,7.9872492604934475,0.2554438257968867,125.70840134373104,136.17607845109129,-245.7197384793338
10.0,-1.4178151466414428,8.652323227931767,0.20674747257227583,130.09360142576466,135.8753193947049,-247.0603960444171
10.01,-1.6459388783112625,9.234262949440296,0.16413816350074134,155.6875258725441,112.15777959536678,-211.75909666386497
10.02,-1.8455471435223547,9.74346020576026,0.1268550180631487,178.08220976347607,91.40493227094593,-180.87045970588184
10.03,-2.0202043755820602,10.189007805040227,0.09423226580525511,197.67755816804154,73.2461908620777,-153.84290236764662
10.04,-2.1730294536343027,10.578861954410197,0.06568735757959822,214.82348802203634,57.35729212931798,-130.19378969669077
10.05,-2.306751396930015,10.919984335108921,0.04071056288214844,229.8261766442818,43.45450573815323,-109.50081610960441
10.06,-2.423758097313763,11.218466418220306,0.018855867521879885,242.95352918874656,31.289567645884077,-91.39446422090386
10.07,-2.526138960149543,11.479638240942768,-0.00026699091835510197,254.43996266515322,20.645246815148568,-75.55140631829087
10.08,-2.6157222151308503,11.708163585824922,-0.016999492053560713,264.4905919570091,11.331466088254997,-61.68873065350451
10.09,-2.280243438239494,10.926359137596807,-0.5842208055468657,273.28489258738296,3.1819079522231224,-49.55888944681644
10.1,-1.9866995084595571,10.242280245397206,-1.0805394548535077,280.9799056389601,-3.9489554168047674,-38.945278390964376
10.11,-1.7298485699021124,9.643711214722554,-1.5148182729968194,287.71304205909007,-10.18846086470417,-29.658368717093825
10.12,-1.5051039986643484,9.119963312882234,-1.894812238872217,293.6045364267038,-15.64802813161615,-21.532322752457098
10.13,-1.3084524988313049,8.661683898771955,-2.22730695901319,298.75959399836586,-20.42514949016413,-14.42203253339996
10.14,-1.1363824364773918,8.26068941142546,-2.5182398391365415,303.27026937357016,-24.605130678893616,-8.200528591724966
10.15,-0.9858211319177178,7.909819234997277,-2.772806109244474,307.2171103268739,-28.262614219031917,-2.7567126427593456
10.16,-0.8540799904280031,7.602807830622617,-2.995551595588915,310.6705961610147,-31.462912316652925,2.0066263125855723
10.17,-0.7388064916245027,7.33417285179479,-3.190453896140301,291.8873963908879,-19.22629790207131,36.92642277351238
10.18,-0.6379421801714399,7.099117245320441,-3.3609934091227633,275.4520965920269,-8.519260289312395,67.48124467682334
10.19,-0.5496859076500099,6.893443589655385,-3.510215482982418,261.07120926802355,0.8493976218516543,94.21671384222043
10.2,-0.47246166919375865,6.713479140948462,-3.640784797609616,248.4879328595206,9.046973294120198,117.61024936194288
10.21,-0.4048904605445388,6.556010248329904,-3.7550329479084144,237.47756600208052,16.219852007355172,138.0795929417
10.22,-0.34576565297647144,6.4182249672886655,-3.8550000794198627,227.84349500182046,22.496120881435775,155.99026857398752
10.23,-0.29403144635441253,6.297662846377582,-3.94247131949238,219.4136828765929,27.987856146256302,171.66210975223908
10.24,0.12997198443988905,5.552327240580384,-2.9974976545558323,212.03759726701878,32.793124502974266,185.3749707832092
10.25,0.5009749863849029,4.900158585507836,-2.170645697736353,205.58352235864143,36.997734315102484,197.37372418530805
10.26,0.8256026130867901,4.329511012319356,-1.447150235519309,199.93620681381125,40.67676790071467,207.87263341214455
10.27,1.1096517864509412,3.8301943857794365,-0.8140917060793954,194.99480571208485,43.89592228812534,217.0591789856265
10.28,1.3581948131445736,3.393292337557007,-0.260165492819471,190.67107974807425,46.71268237710967,225.0974063624232
10.29,1.575669961501502,3.011003045362381,0.2245199437829629,186.88781952956498,49.17734745497096,232.13085531712028
10.3,1.7659607163138142,2.6764999146920836,0.6486197008100926,183.57746683836936,51.33392939809959,238.28512315248025
10.31,1.9324651267745876,2.383809675355573,1.019706988208831,180.68090823357318,53.22093859833714,243.67010750842022
10.32,2.078156485927764,2.1277057159361266,1.3444083646827272,178.14641945437654,54.872071648544996,248.3819688198677
10.33,2.2056364251867935,1.9036147514441106,1.6285220690973863,163.7837425225795,57.71681319247687,224.95109771738422
10.34,2.317181372038444,1.7075351575135969,1.8771215604602132,151.21640020725707,60.20596204341726,204.44908550271117
10.35,2.4147832005336385,1.5359655128243972,2.0946461154026865,140.21997568134995,62.3839672879901,186.50982481487227
10.36,2.5001848004669336,1.3858420737213475,2.284980100977351,130.59810422118122,64.28972187699134,170.81297171301324
10.37,2.5749112004085672,1.254484064506179,2.4515223383551823,122.17896669353357,65.95725714236742,157.07822524888658
10.38,2.640296800357496,1.1395458064429065,2.5972467960607846,114.81222135684187,67.4163504995715,145.06032209277575
10.39,2.697509200312809,1.0389748306375433,2.7247556965531867,108.36631918723664,68.69305718712506,134.54465683117877
10.4,2.7475700502737084,0.9509752268078504,2.8363259844840383,102.72615478883206,69.81017553873443,125.34344972728141
10.41,3.204974168989495,0.2818946984568691,2.7594806114235335,97.79101094022805,70.78765409639263,117.29239351137124
10.42,3.605202772865808,-0.30355076385023955,2.6922409099955917,93.47276007269954,71.64294783434354,110.24771932244983
10.43,3.955402801257582,-0.8158155433689596,2.633406171246143,89.6942905636121,72.3913298550506,104.0836294071436
10.44,4.261827826100385,-1.2640472254478397,2.581925774840375,86.38812974316059,73.04616412316928,98.69005073125066
10.45,4.529949722837836,-1.6562499472668597,2.536880427985328,83.49523902526552,73.61914410777312,93.97066938984432
10.46,4.764556382483107,-1.9994273288585023,2.497465749487162,80.96395964710733,74.12050159430149,89.84121071611378
10.47,4.969837209672718,-2.2997075377511895,2.462977905801267,78.74909019121891,74.5591893950138,86.22793437659956
10.48,5.149457933463628,-2.562452720532291,2.4328010425761084,76.81107941731655,74.94304122063707,83.06631757952462
10.49,5.306626066780675,-2.7923547554657544,2.4063962872540947,60.08281936515198,75.11703606805744,67.75677788208405
10.5,5.444148183433091,-2.993519036032535,2.383292126347333,45.44559181950798,75.26928155955027,54.36093064682355
10.51,5.564480035503955,-3.1695377815284687,2.3630759855539165,32.63801771706949,75.40249636460649,42.6395643159706
10.52,5.669770406065961,-3.32355418383741,2.345386862359677,21.431390377435804,75.51905931903069,32.383368776474285
10.53,5.761899480307715,-3.4583185358577335,2.329908879564717,11.625591455256329,75.62105190415186,23.409197679414998
10.54,5.84251242026925,-3.5762373438755164,2.3163656446191276,3.045517398349288,75.71029541613288,15.556797969488123
10.55,5.913048742735594,-3.679416300891077,2.3045153140417365,-4.462047401444373,75.78838348911627,8.685948223302109
10.56,5.974768024893644,-3.7696978882796923,2.2941462747865193,-11.031166601263827,75.85671055297674,2.6739546953893463
10.57,5.482896396781938,-2.8185607772447305,2.196733740438204,-16.77914590110585,75.91649673385464,-2.586539641534322
10.58,5.0525087221841956,-1.9863158050891392,2.1114977728834283,-21.808627788467618,75.96880964212282,-7.189472186342531
10.59,4.675919506911171,-1.2581014544529967,2.0369163012729996,-26.209424439909164,76.01458343685748,-11.217038163049715
10.6,4.3464039435472746,-0.6209138976463722,1.9716575136138748,-30.06012150992052,76.0546355072503,-14.741158392668499
10.61,4.058077825603865,-0.06337478544057568,1.9145560744121404,-33.42948144618045,76.08968106884402,-17.824763593584937
10.62,3.8057924724033816,0.42447193773949626,1.864592315110623,-36.3776713904079,76.12034593523852,-20.52291814438682
10.63,3.5850427883529585,0.8513378205220592,1.820874025721795,-38.95733759160691,76.1471776933337,-22.883803376338467
10.64,3.3918868148088386,1.2248454679568017,1.7826205225065708,-41.21454551765604,76.170655481667,-24.949577954296156
10.65,3.222875337957734,1.5516646594622014,1.7491487071932494,-42.91835257794904,69.55432354645862,-19.905880710009136
10.66,3.0749902957130173,1.8376314520294263,1.7198608687940933,-44.40918375570541,63.765033103151296,-15.492645621257992
10.67,2.94559088374889,2.087852395525748,1.6942340101948317,-45.71366103624224,58.69940396525739,-11.631064918600742
10.68,2.8323663982802785,2.3067957210850296,1.6718105089204778,-46.85507865671197,54.26697846960022,-8.252181803775649
10.69,2.7332949734952434,2.4983711309494008,1.652189945305418,-47.853819074622976,50.388606160900196,-5.295659078303693
10.7,2.646607476808338,2.6659996145807257,1.6350219521422409,-48.72771694029511,46.995030390787676,-2.7087016935157315
10.71,2.570755917207296,2.812674537758135,1.6199999581244608,-49.49237757275822,44.025651591939216,-0.44511398182626505
10.72,2.332004927556384,2.668098595538368,1.7044963383589031,-50.161455626163445,41.427445142946816,1.535525265902018
10.73,2.1230978116118364,2.541594646096072,1.7784306710640403,-50.74689892289302,39.15401450007847,3.2685846076642657
10.74,1.9403040851603568,2.430903690334063,1.8431232121810353,-51.25916180753139,37.16476268756866,4.785011531706233
10.75,1.7803595745153122,2.3340491040423053,1.8997291856584058,-51.70739183158997,35.42416735162258,6.111885090242954
10.76,1.6404081277008982,2.2493013410370173,1.9492594124511051,-52.09959310264123,33.901146432669755,7.272899453962585
10.77,1.517950611738286,2.17514704840739,1.9925983608947169,-52.44276921481108,32.56850312858604,8.288787022217262
10.78,1.4108002852710002,2.1102620423564664,2.0305199407828773,-52.7430483129597,31.402440237512785,9.177688644440105
10.79,1.3170437496121252,2.053487662061908,2.063701323185018,-53.005792523839744,30.382135207823687,9.955477563885092
10.8,1.2350067809106096,2.0038100793041695,2.0927350327868908,-53.235693708359776,29.489368306845726,10.636042868399455
10.81,1.1632244332967834,1.9603421943911483,2.1181395286885296,-46.2881069948148,27.76757226849001,8.873412509849523
10.82,1.1004148791346855,1.9223077950922547,2.1403684626024635,-40.20896862046294,26.26100073492876,7.331110946118333
10.83,1.0454565192428498,1.8890276957057228,2.1598187797771558,-34.88972254290507,24.942750643062666,5.981597077853541
10.84,0.9973679543374936,1.8599076087425075,2.176837807305011,-30.235382225041935,23.789281812679835,4.800772443121849
10.85,0.9552904600453069,1.8344275326496942,2.1917294563918848,-26.162834446911692,22.779996586094857,3.7675508877316175
10.86,0.9184726525396436,1.8121324660684823,2.204759649342899,-22.59935514104773,21.896872012833,2.8634820267651655
10.87,0.8862570709721882,1.7926242828099221,2.2161610681750368,-19.481310748416764,21.124138011228876,2.07242177341952
10.88,0.8580684371006646,1.775554622458682,2.2261373096531574,-16.753021904864667,20.447995759825268,1.3802440517420798
10.89,0.5808163824630815,1.639250669651347,1.8626297709465127,-14.365769166756584,19.85637128984711,0.7745885452743198
10.9,0.33822083465519637,1.5199847109449287,1.5445606745781988,-12.276923020912012,19.33869987861622,0.24463997711502983
10.91,0.12594973032329684,1.4156269970768127,1.266250215255924,-10.44918264329801,18.885737393789196,-0.21906502002434888
10.92,-0.05978748596711525,1.3243139974422111,1.0227285633489336,-8.849909812885759,18.489395219565548,-0.6248068925213053
10.93,-0.22230755022122584,1.2444151227619349,0.8096471179303169,-7.45054608627504,18.142595817119854,-0.9798310309561421
10.94,-0.36451260644357264,1.174503607416693,0.6232008531890272,-6.22610282549066,17.839146339979873,-1.2904771520866243
10.95,-0.488942030638126,1.1133310314896065,0.46006037154039875,-5.154714972304328,17.573628047482387,-1.5622925080757963
10.96,-0.5978177768083602,1.0598050275534059,0.3173124500978489,-4.217250600766287,17.341299541547087,-1.8001309445663218
10.97,-0.6930840547073153,1.0129697741092303,0.1924080188356178,-3.3969692756705014,17.1380120988537,-2.008239576495532
10.98,-0.7764420478689009,0.9719889273455765,0.08311664148116558,-2.679223116211689,16.96013558649699,-2.1903346294335906
10.99,-0.8493802918852883,0.9361306864273794,-0.012513313703980108,-2.0511952266852282,16.804493638184866,-2.349667800754392
11.0,-0.9132012553996273,0.904754725623957,-0.09618952449098259,-1.5016708233495746,16.668306933411756,-2.4890843256600927
11.01,-0.9690445984746738,0.8773007599209623,-0.16940620892960975,-1.0208369704308777,16.549143566735285,-2.611073784952581
11.02,-1.0179075236653397,0.853278539930842,-0.2334708078134085,-0.6001073491270179,16.444875620893374,-2.7178145618335083
11.03,-1.060662583207172,0.8322590974394868,-0.28952733183673246,-0.2319689304861406,16.3536411682817,-2.81121274160432
11.04,-1.0980732603062755,0.813867085259551,-0.3385767903571409,-3.3267229391753728,18.38256127224649,-0.26793614890378015
11.05,-1.130807602767991,0.7977740746021071,-0.38149506656249826,-6.034632696778451,20.15786636321568,1.9574308697091924
11.06,-1.159450152421992,0.7836926902768437,-0.41904855824218595,-8.404053734681145,21.71125831781372,3.9046270109955437
11.07,-1.1845123833692428,0.7713714789922382,-0.4519078634619127,-10.477297142846002,23.070476278087003,5.608423634621101
11.08,-1.2064418354480875,0.7605904191182085,-0.48065975552917356,-12.291385124990253,24.25979199332613,7.099245680293462
11.09,-1.2256301060170764,0.7511569917284324,-0.5058176610880268,-13.878712109366472,25.300443244160363,8.403714970256779
11.1,-1.2424198427649418,0.7429027427623783,-0.5278308284520234,-15.267623220695661,26.211013088640318,9.545125598974682
11.11,-1.257110862419324,0.735680274917081,-0.5470923498955206,-16.482920443108704,27.007761702560277,10.543859899102847
11.12,-1.2699655046169083,0.7293606155524458,-0.5639461811585805,-17.546305512720117,27.70491673974024,11.417752411714991
11.13,-1.2812133165397945,0.72383091360839,-0.5786932835137579,-18.476767448630103,28.31492739727271,12.182408360250617
11.14,-1.2910551519723201,0.7189924244073412,-0.5915969980745382,-19.29092164255134,28.848686722613625,12.85148231521929
11.15,-1.2996667579757801,0.7147587463564236,-0.602887748315221,-20.003306562232424,29.315726132286922,13.436922025816878
11.16,-1.3072019132288075,0.7110542780618706,-0.6127671547758183,-20.626643366953374,29.724385615751057,13.949181772589768
11.17,-1.3137951740752065,0.7078128683041368,-0.621411635428841,-21.172063071084203,30.081962663782175,14.397409051016046
11.18,-1.3195642773158056,0.7049766347661197,-0.6289755560002359,-21.649305312198678,30.394842580809403,14.78960791963904
11.19,-1.38686049265133,0.4011750554203547,-0.8996252365002064,-22.066892273173842,30.668612508208227,15.13278192968416
11.2,-1.4457446810699137,0.13534867349281035,-1.1364437069376807,-28.592280989027113,28.843160819682197,19.53243431347364
11.21,-1.5580802209361744,-0.394329535693791,-1.5093949935704707,-34.30199611539872,27.245890592221922,23.382130149289438
11.22,-1.6563738183191525,-0.8577979687320672,-1.8357273693741618,-39.29799685097389,25.848279143194183,26.75061400562826
11.23,-1.7423807160292584,-1.2633328476405588,-2.1212681982023915,-43.669497494602155,24.62536912529491,29.69803737992473
11.24,-1.8176367515256011,-1.618175866685489,-2.3711164234270923,-47.49456055777688,23.555322859633044,32.27703283243414
11.25,-1.883485782584901,-1.928663508349803,-2.5897336204987056,-50.84149073805477,22.619032377178915,34.53365385337987
11.26,-1.9411036847617884,-2.2003401948060777,-2.7810236679363673,-53.77005464579793,21.79977820503155,36.50819724670738
11.27,-1.9915193491665648,-2.438057295455318,-2.9484024594443214,-56.33254806507318,21.082930804402608,38.23592271586896
11.28,-2.0356330555207443,-2.6460597585234034,-3.0948589020137813,-58.57472980693903,20.45568932885228,39.747682501385334
11.29,-2.0742325485806514,-2.828061913707978,-3.2230082892620584,-77.30163858107164,27.536853412745742,32.09297218871217
11.3,-2.10800710500807,-2.987313799494481,-3.335139003104301,-93.68768375843769,33.732871986152524,25.395100665123145
11.31,-2.1375598418820614,-3.1266591995576714,-3.4332533777162633,-108.02547328863297,39.15438823788346,19.53446308198275
11.32,-2.163418486646804,-3.2485864246129625,-3.5191034555017304,-120.57103912755385,43.89821495814803,14.406405196734907
11.33,-2.186044800815953,-3.3552727465363423,-3.594222273564014,-131.54840923660961,48.049063338379526,9.919354547143044
11.34,-2.205842825713959,-3.4486232782192996,-3.659951239368512,-141.15360808203343,51.681055671082085,5.993185228750164
11.35,-2.223166097499714,-3.530304993441887,-3.7174640844474482,-149.55815707177925,54.85904896219682,2.557787075156394
11.36,-2.7174509603122496,-4.267044994261651,-3.109571073891517,-156.91213743780685,57.63979309192222,-0.4481863092381553
11.37,-3.1499502152732184,-4.9116924949789444,-2.577664689655078,-163.34687025808097,60.072944205431945,-3.0784130205833855
11.38,-3.528387063364066,-5.4757590581065765,-2.1122466034481935,-168.97726147582085,62.20195142975295,-5.3798613930104615
11.39,-3.8595193054435577,-5.9693173008432545,-1.7050057780171692,-173.90385379134324,64.06483275103383,-7.393628718884154
11.4,-4.149260017263113,-6.401180763237847,-1.348670055765023,-178.21462206742535,65.69485390715461,-9.155675129023635
11.41,-4.402783140105224,-6.779061292833116,-1.0368762987943951,-181.98654430899717,67.12112241876028,-10.69746573789568
11.42,-4.624615872592071,-7.109706756228976,-0.7640567614450957,-185.28697627037252,68.36910736641525,-12.046532520658719
11.43,-4.818719513518062,-7.399021536700355,-0.5253396662644587,-188.17485423657592,69.46109419561334,-13.226965955576379
11.44,-4.988560199328304,-7.6521719696128105,-0.3164622079814014,-190.70174745700393,70.41658267116168,-14.259845211129331
11.45,-5.1371707994122655,-7.873678598411209,-0.13369443198372621,-187.06777977487846,88.98888521226647,-38.81486430973816
11.46,-5.267205074485732,-8.067496898609807,0.026227372014239567,-183.88805805301865,105.23964993573315,-60.300506021020894
11.47,-5.3809850651750155,-8.23708791128358,0.16615895051245963,-181.10580154639135,119.45906906876651,-79.10044251839328
11.48,-5.480542557028138,-8.385480047373132,0.2885990816984022,-178.67132710309244,131.9010608101707,-95.55038695359411
11.49,-5.567655362399621,-8.515323166451491,0.3957341964861019,-176.5411619652059,142.78780358389935,-109.94408833439485
11.5,-5.643879067099668,-8.628935895645053,0.48947742192533916,-174.67726746955518,152.31370351091192,-122.5385770425955
11.51,-5.7105748087122095,-8.72834703368942,0.5715027441846718,-173.0463597858608,160.64886594704794,-133.55875466227107
11.52,-5.768933582623183,-8.815331779478242,0.6432749011615879,-171.6193155626282,167.94213307866696,-143.20141007948718
11.53,-4.778509634795285,-7.667750807043462,0.6470271635163894,-170.3706518672997,174.32374181883358,-151.63873356955128
11.54,-3.911888680445875,-6.6636174561630295,0.6503103930768408,-169.27807113388724,179.90764946647937,-159.02139162335737
11.55,-3.1535953453901406,-5.785000774142651,0.6531832189422357,-168.32206299215133,184.79356865816945,-165.4812174204377
11.56,-2.490088677216373,-5.016211177374819,0.6556969415744563,-167.48555586813242,189.06874795089826,-171.133564992883
11.57,-1.9095203425643261,-4.343520280202966,0.6578964488776493,-166.75361213461588,192.80952983203596,-176.07936911877263
11.58,-1.4015230497437854,-3.7549157451775956,0.6598210177679432,-166.1131613677889,196.08271397803148,-180.40694772892607
11.59,-0.9570254185258122,-3.2398867770303963,0.6615050155469503,-165.5527669468153,198.94675010577754,-184.19357901281032
11.6,-0.5680899912100857,-2.789236429901597,0.6629785136035815,-165.06242182846339,201.45278171755535,-187.50688138620905
11.61,-0.22777149230882504,-2.3949173761638973,0.6642678244031338,-137.52586922490548,196.75930975286093,-194.65414583793293
11.62,0.07000719422977808,-2.0498882041434103,0.6653959713527421,-113.43138569679229,192.65252178375331,-200.90800223319133
11.63,0.33056354495105583,-1.747987678625484,0.6663830999336493,-92.34871260969325,189.05908231078413,-206.3801265790424
11.64,0.5585503518321738,-1.4838247187972984,0.6672468374419431,-73.90137365848159,185.91482277193612,-211.16823538166213
11.65,0.7580388078531521,-1.2526821289476362,0.6680026077617003,-57.75995207617139,183.1635956754441,-215.35783058395438
11.66,0.9325912068715081,-1.0504323628291816,0.6686639067914878,-43.63620819164996,180.75627196601357,-219.0237263859601
11.67,1.0853245560125697,-0.8734638174755339,0.6692425434425519,-31.277932292693716,178.64986372026186,-222.23138521271508
11.68,1.2189662365109986,-0.7186163402910922,0.6697488505122329,-20.464440881107002,176.80675650522912,-225.0380866861257
11.69,0.9640913319471236,0.44107970224529425,1.8334614941982037,-11.002635895968627,175.19403769207548,-227.49395047535998
11.7,0.7410757904537331,1.4558137394646324,2.8517100574234284,-2.723556533972549,173.78290873056605,-229.64283129094
11.71,0.5459371916470164,2.3437060220315535,3.7426775502455,4.520637907774019,172.54817088924528,-231.5231020045725
11.72,0.3751909176911393,3.120611769277609,4.522274106464812,10.859308044302267,171.46777527808962,-233.16833887900094
11.73,0.2257879279797469,3.8004042981179076,5.204421093156711,16.405644413764485,170.5224291183284,-234.60792114412584
11.74,0.09506031198227854,4.395222760853169,5.801299706512122,21.258688737043922,169.69525122853736,-235.86755562611012
11.75,-0.019326352015506282,4.915688915746523,6.323568493198106,25.505102519913432,168.97147057497017,-236.96973579784637
11.76,-0.119414683013568,5.371096801278208,6.7805536815483425,29.220714579924252,168.33816250309889,-237.93414344811558
11.77,-0.206991972636872,5.769578701118432,7.1804157213548,77.72250038243372,147.34839219021154,-201.87487526710115
11.78,-0.283622101057263,6.118250363478627,7.53029500618545,120.1615629596295,128.9823431664351,-170.32301560871352
11.79,-0.3506734634251051,6.423338068043798,7.836439380412269,157.29574271467584,112.9120502706307,-142.71513840762432
11.8,-0.40934340549696696,6.690289809538323,8.104315707860735,189.78815000034137,98.85054398680185,-118.55824585667129
11.81,-0.4606796048098461,6.923872583346033,8.338707494378143,218.2190063752987,86.54672598845161,-97.42096487458738
11.82,-0.5055987792086154,7.128257510427779,8.543800307580875,243.09600570338637,75.78088523989516,-78.92584401526396
11.83,-0.5449030568075385,7.307094321624306,8.723256519133265,264.8633801154631,66.36077458490826,-62.74261326335597
11.84,-0.5140219247065961,6.055853781421268,7.053015579241607,283.90983272603023,58.118177761794726,-48.58228635543647
11.85,-0.4870009341182716,4.9610183087436095,5.5915547568364055,300.57547876027644,50.905905541570384,-36.192000311006915
11.86,-0.46335756735348765,4.003037270150658,4.312776537231855,315.1579190402419,44.595167348874085,-25.35050002213105
11.87,-0.4426696214343017,3.1648038613818263,3.193845595077873,327.9175542852117,39.073271430264825,-15.864187269364669
11.88,-0.424567668755014,2.431349628709098,2.214781020693138,339.0822351245602,34.241612501481725,-7.5636636106940855
11.89,-0.40872846016063724,1.7895771751204606,1.3580995181064959,348.8513308589902,30.01391093879651,-0.3007054093573247
11.9,-0.3948691526405576,1.228026278230403,0.6085032033431839,357.39928962661645,26.314672071446946,6.054383016812341
11.91,-0.38274225856048794,0.7366692434516027,-0.047393572074714174,364.8787535482894,23.077838062516076,11.6150853897108
11.92,-0.37213122624042694,0.3067318380201523,-0.6213032505653749,358.08391135475324,29.437483304701566,31.25944959099695
11.93,-0.3628465729603736,-0.06946339173236676,-1.1234742192447031,352.1384244354091,35.00217289161387,48.44826826712233
11.94,-0.3547225013403269,-0.3986342177658209,-1.5628738168391152,346.93612338098296,39.871276280162135,63.48848460873204
11.95,-0.34761393867278606,-0.6866586905450933,-1.9473484647342258,342.38410995836006,44.131741745141866,76.64867390764053
11.96,-0.3413939463386878,-0.9386801042269566,-2.2837637816424476,338.40109821356504,47.85964902699913,88.16383954418546
11.97,-0.3359514530463518,-1.159198841198587,-2.578127183937142,334.9159629368694,51.121567898624235,98.23960947616227
11.98,-0.3311892714155579,-1.3521527360487637,-2.835695160944999,331.8664695697607,53.975746911296206,107.05590816664198
11.99,-0.32702236248861316,-1.5209873940426684,-3.061067140826874,329.1981628735406,56.47315354738418,114.77016952081173
12.0,0.060199057822463486,-1.294928469787335,-3.253152373223515,326.863394514348,58.658384353961154,121.52014820571027
12.01,0.3990178005946555,-1.0971269110639181,-3.4212269515705755,324.8204722000545,60.57046130971601,127.42637955499649
12.02,0.6954842005203236,-0.9240505471809284,-3.568292207624254,323.03291517504766,62.24352864600151,132.59433198562192
12.03,0.9548923004552832,-0.7726087287833123,-3.696974306671222,321.4688027781667,63.70746256525132,137.1162903624192
12.04,1.1818743878983728,-0.6400971376853982,-3.8095711433373194,320.1002044308959,64.9884047445949,141.0730039421168
12.05,1.3804837144110762,-0.5241494954747234,-3.9080933754201546,318.9026808770339,66.10922915152054,144.5351283243522
12.06,1.5542668751096917,-0.422695308540383,-3.9943003284926353,317.85484776740464,67.08995050758047,147.5644871588082
12.07,1.7063271407209804,-0.3339228949728351,-4.0697314124310555,316.937993796479,67.94808169413291,150.2151761389572
12.08,1.839379873130858,-0.2562470331012307,-4.135733610877174,316.1357465719191,68.6989464823663,152.53452899658754
12.09,1.9558010139895008,-0.18828065396357685,-4.193485534517527,275.01315325042924,65.4578280470705,140.13521287201408
12.1,2.057669512240813,-0.12881007221812973,-4.244018467702836,239.03088409412558,62.62184941618669,129.2858112630123
12.11,2.146804448210711,-0.0767733131908635,-4.2882347842399815,207.54639858235987,60.14036811416335,119.79258485513577
12.12,2.2247975171843724,-0.03124114904200557,-4.326924061209984,179.99747375956488,57.96907197489293,111.4860117482438
12.13,2.293041452536326,0.008599494588245129,-4.360777178558736,155.89216453961927,56.06918785303131,104.21776027971333
12.14,2.352754895969285,0.04346005776471449,-4.390398656238895,134.80001897216687,54.4067892464024,97.85804024474918
12.15,2.4050041589731244,0.07396305054412518,-4.416317449209033,116.344391600646,52.952190465602094,92.29328521415553
12.16,2.4507222641014836,0.10065316922610953,-4.438996393057904,100.19571765056526,51.67941653240183,87.4241245623861
12.17,3.1485759810887983,0.04547264807284584,-4.408300718925666,86.0656279442446,50.5657393408516,83.16360899208784
12.18,3.7591979834526987,-0.002810307936259894,-4.3814420040599575,73.70179945121401,49.591271798245145,79.43565786807687
12.19,4.293492235521112,-0.045057894444227406,-4.357940628552463,62.88344951981226,48.7386126984645,76.17370063456727
12.2,4.760999706080973,-0.08202453263869898,-4.337376924983404,53.417393329835726,47.99253598615643,73.31948805524637
12.21,5.170068742820852,-0.1143703410588616,-4.31938368436048,45.13459416360626,47.339718862886876,70.82205204834058
12.22,5.528004149968245,-0.1426729234265039,-4.303639598815419,37.88714489315547,46.76850388002602,68.636795542298
12.23,5.841197631222214,-0.16743768299819092,-4.289863523963492,31.545626781511036,46.268690770022765,66.72469609951075
12.24,6.115241927319437,-0.18910684762341706,-4.277809458468056,25.996798433822157,45.83135429876992,65.05160908707191
12.25,6.355030686404508,-0.20806736667048994,-4.267262151159549,12.960323879594386,47.02806026142368,63.25953320118792
12.26,6.564845850603945,-0.2246578208366787,-4.258033257264605,1.5534086446450868,48.07517797874573,61.691466801039425
12.27,6.748434119278452,-0.23917446823209387,-4.249957975106529,-8.42764218593555,48.991405981402515,60.31940870090949
12.28,6.909073854368645,-0.25187653470308213,-4.242892103218213,-17.161061662693605,49.7931054837272,59.1188578632958
12.29,7.049633622572565,-0.26299084286519686,-4.236709465315936,-24.802803704856906,50.4945925482613,58.068375880383826
12.3,7.172623419750995,-0.27271586250704727,-4.231299657151444,-31.489327991749796,51.10839372972864,57.149204145335844
12.31,7.280239492282121,-0.2812252546936663,-4.226566075007513,-37.34003674278107,51.645469763512565,56.34492887716887
12.32,6.641573055746855,-0.06970084785695804,-3.0421130656315745,-42.45940689993344,52.1154112930735,55.641188017522765
12.33,6.082739923778498,0.11538300812516172,-2.005716682427628,-46.93885578744176,52.52661013143931,55.025414765332414
12.34,5.593760933306186,0.2773313821095165,-1.0988698471241742,-50.85837356401154,52.8864091150094,54.48661316966586
12.35,5.165904316642912,0.41903620934582697,-0.3053788662336525,-54.2879516185101,53.201233225633224,54.01516177345762
12.36,4.791529777062548,0.5430279331775986,0.388925742045554,-57.28883241619634,53.47670432242907,53.60264180177542
12.37,4.463952054929729,0.6515206915303987,0.9964422742898598,-59.914603114171804,53.71774153212544,53.24168682655349
12.38,4.177321548063513,0.7464518550890988,1.5280192400036272,-62.21215247490033,53.92864909060976,52.925851223234304
12.39,3.9265198545555737,0.8295166232029615,1.993149085003174,-64.22250816553779,54.11319320428354,52.64949507033002
12.4,3.7070683727361273,0.9021982953025913,2.400137699377777,-65.98156939484556,54.2746693037481,52.40768343653876
12.41,3.5150483261441114,0.9657947583897674,2.756252736955555,-63.05824809548987,54.91471114077959,48.612973006971416
12.42,3.3470307853760977,1.0214416635910464,3.067853394836111,-60.50034195855363,55.47474774818214,45.29260138109999
12.43,3.2000154372040854,1.0701327056421657,3.3405039704815973,-58.262174088734426,55.96477977965937,42.387276208462495
12.44,3.0713770075535747,1.112737367436895,3.579073224171397,-56.30377720264262,56.393557807201944,39.84511668240469
12.45,2.958818381609378,1.150016446507283,3.7878213211499725,-54.59017992731229,56.768738581301704,37.6207270971041
12.46,2.860329583908206,1.1826356406938727,3.970475906006226,-53.09078231139826,57.09702175863899,35.67438620996609
12.47,2.77415188591968,1.2111774356071388,4.130298667755448,-51.77880939747348,57.38426953880911,33.97133793372033
12.48,2.6987464001797203,1.2361515061562465,4.270143584286017,-50.63083309778929,57.635611346457964,32.481170692005286
12.49,2.270360225157255,1.2528964428867155,4.007974886250265,-49.62635383556564,57.855535428150716,31.177274355504625
12.5,1.8955223220125983,1.267548262525876,3.7785772754689817,-48.74743448111994,58.04796899963188,30.036365061066547
12.51,1.5675391567610235,1.2803686047101415,3.577854366035359,-47.97838004597995,58.21634837467789,29.038069428433232
12.52,1.2805538871658955,1.2915864041213738,3.4022218202809387,-47.30545741523245,58.363680327843156,28.16456074987908
12.53,1.0294417762701584,1.301401978606202,3.2485433427458212,-46.7166501133284,58.492595786862765,27.400240656144195
12.54,0.8097186792363886,1.3099906062804267,3.1140746749025934,-46.201443724162345,58.605396813504925,26.73146057412617
12.55,0.6174609693318401,1.3175056554953735,2.996414590539769,-45.750638133642056,58.704097711816814,26.1462780023604
12.56,0.44923547316536017,1.3240813235584517,2.893462016722298,-45.356183241936805,58.790460997839716,25.634243252065353
12.57,0.3020381640196902,1.329835033113645,2.8033785146320107,-40.7979103366947,59.23352799810975,24.919337720557184
12.58,0.1732405185172289,1.3348695289744394,2.724555450303009,-36.80942154460786,59.62121162334603,24.293795380487534
12.59,0.06054257870257529,1.3392747128526346,2.655585269015133,-33.319493851531874,59.96043479542777,23.746445832926593
12.6,-0.03806811863524662,1.343129248746055,2.5952363603882413,-30.265807120090386,60.2572550709993,23.26751497881077
12.61,-0.12435247880584079,1.346501967652798,2.542431065339711,-27.59383123007909,60.516972812124386,22.848450481459423
12.62,-0.1998512939551107,1.3494530966961982,2.496226432172247,-25.2558523263192,60.74422583560884,22.481769046276995
12.63,-0.26591275721072183,1.3520353346091734,2.455797378150716,-23.2101207855293,60.94307223115773,22.160922790492368
12.64,-0.32371653755938157,1.3542947927830267,2.4204219558818765,-21.420105687338136,61.11706282726301,21.88018231668082
12.65,-0.824152720364459,0.9571426936851484,1.3992552113966417,-19.853842476420866,61.269304598855136,21.634534402095717
12.66,-1.2620343803189016,0.6096346069745048,0.5057343099720614,-18.483362166868254,61.402516148998245,21.419592476833753
12.67,-1.645180832779039,0.3055650311026916,-0.27609647877444626,-17.284191896009723,61.51907625537346,21.231518292229534
12.68,-1.9804339786816592,0.039504152214855176,-0.9601984189276405,-16.23491790900851,61.62106634845178,21.06695338070084
12.69,-2.273780481346452,-0.1932991168120017,-1.5587876165616854,-15.316803170382444,61.7103076798953,20.922959083113234
12.7,-2.5304586711781454,-0.39700197721050146,-2.0825531644914745,-14.513452774084639,61.788393844908384,20.79696407272408
12.71,-2.7550520872808772,-0.5752419800591888,-2.54084801893004,-13.810521177324059,61.85671923929483,20.68671843863357
12.72,-2.9515713263707677,-0.7312019825517903,-2.941856016563785,-13.195456030158551,61.91650395938298,20.590253508804373
12.73,-3.1235256605744217,-0.8676669847328164,-3.292738014493312,-21.06602452638873,58.15381608946011,21.512096945203826
12.74,-3.273985703002619,-0.9870738616412145,-3.5997597626816478,-27.95277196059014,54.86146420327759,22.318709952053347
12.75,-3.4056382401272915,-1.0915548789360627,-3.868403792346442,-33.97867596551637,51.98065630286789,23.024496333046677
12.76,-3.52083421011138,-1.1829757690690548,-4.103467318303137,-39.251341969826825,49.459949390009406,23.642059416415844
12.77,-3.6216306838474575,-1.262969047935423,-4.309147903515244,-43.86492472359847,47.25433084125823,24.182427114363865
12.78,-3.7098275983665254,-1.3329631669434951,-4.489118415575838,-47.901809633148666,45.32441461110095,24.655248850068382
12.79,-3.7869998985707096,-1.3942080210755583,-4.646592613628858,-51.434083929005084,43.63573790971333,25.068967868809835
12.8,-3.425043661249371,-1.9698895184411136,-4.665080661925251,-54.524823937879454,42.15814579599916,25.430972010208606
12.81,-3.1083319535931992,-2.4736108286359744,-4.681257704184595,-57.22922144564453,40.86525269649926,25.74772563393253
12.82,-2.831209209394049,-2.9143669750564776,-4.69541261616152,-59.595569264938966,39.73397123443685,26.024885054690962
12.83,-2.5887268082197927,-3.300028603174418,-4.70779816414133,-61.6661236068216,38.74409995513224,26.26739954785459
12.84,-2.3765547071923185,-3.6374825277776157,-4.718635518623664,-63.4778586559689,37.87796258574071,26.47959972937277
12.85,-2.1909041187932785,-3.932754711805414,-4.728118203795706,-65.06312682397278,37.12009238752312,26.66527488820117
12.86,-2.0284598539441188,-4.191117872829737,-4.736415553321243,-66.45023647097618,36.45695596408273,26.827740652176026
12.87,-1.8863211222011038,-4.4171856387260195,-4.743675734156088,-67.66395741210415,35.87671159357239,26.96989819565402
12.88,-1.7619497319259658,-4.614994933885267,-4.750028392386577,-68.72596323559114,35.36899776937584,27.09428604619727
12.89,-1.65312476543522,-4.788078067149608,-4.755586968338255,-82.94646845614224,41.92474779820386,22.578750290422608
12.9,-1.5579029197558174,-4.939525808755907,-4.760450722295973,-95.38941052412446,47.66102907342838,18.62765650411978
12.91,-1.4745838047863402,-5.072042582661418,-4.7647065070089765,-106.27698483360889,52.68027518924983,15.170449441104807
12.92,-1.4016795791880476,-5.187994759828741,-4.768430318632855,-115.80361235440778,57.07211554059361,12.145393260966706
12.93,-1.3378883817895415,-5.289452914850148,-4.771688653803748,-124.13941143510681,60.91497584801941,9.498469103345869
12.94,-1.2820710840658487,-5.37822880049388,-4.774539697078279,-131.43323563071846,64.27747861701698,7.182410465427635
12.95,-1.2332309485576176,-5.455907700432145,-4.777034359943494,-137.81533180187864,67.21966853988985,5.15585915724918
12.96,-1.1904958299879154,-5.523876737878127,-4.7792171899505576,-143.3996659516438,69.79408472240362,3.3826267625930324
12.97,-1.608222726239426,-5.950266145643361,-3.982508541206738,-148.28595833268832,72.04669888210317,1.8310484172689032
12.98,-1.9737337604594978,-6.323356877437941,-3.2853884735558956,-152.56146416610227,74.01773627184028,0.4734173651102904
12.99,-2.2935559154020604,-6.649811267758198,-2.6754084143614087,-156.3025317703395,75.74239398786025,-0.7145098055284957
13.0,-2.573400300976803,-6.935458859288424,-2.1416758625662324,-159.57596592404707,77.25146948937771,-1.7539460798374336
13.01,-2.8182641383547025,-7.185400501877371,-1.6746598797454533,-162.4402208085412,78.5719105532055,-2.6634528198577545
13.02,-3.0325199960603646,-7.4040994391427,-1.2660208947772715,-164.94644383247356,79.72729648405482,-3.4592712173755356
13.03,-3.219993871552819,-7.595461009249863,-0.9084617829301125,-167.1393889784144,80.73825917354796,-4.1556123152035935
13.04,-3.3840335126087164,-7.762902383093631,-0.5955975600638483,-169.0582159811126,81.62285152685448,-4.764910775803144
13.05,-3.527568198532627,-7.909413585206927,-0.3218413650558673,-169.21031448347352,95.18937096099768,-25.121172053827753
13.06,-3.6531610487160484,-8.037610887056061,-0.08230469442388388,-169.34340067303935,107.06007546587298,-42.93290067209928
13.07,-3.7630547926265425,-8.149783526174053,0.1272898923791016,-169.45985108890943,117.44694190763886,-58.51816321308687
13.08,-3.859211818548225,-8.247934585402296,0.3106851558317139,-169.56174520279575,126.53545004418402,-72.15526793645101
13.09,-3.943349216229697,-8.33381676222701,0.47115601135274965,-169.6509025524463,134.48789466366102,-84.08773456939463
13.1,-4.0169694392009845,-8.408963666948633,0.611568009933656,-169.72891523339052,141.4462837057034,-94.5286428732203
13.11,-4.081387134300861,-8.474717208580053,0.7344285086919491,-169.7971763292167,147.53487411749046,-103.66443763906777
13.12,-3.4124868675132536,-7.2590194325075466,0.5375108201054555,-169.85690478806464,152.86239072780415,-111.6582580591843
13.13,-2.827199134074097,-6.195283878444104,0.3652078425922735,-169.90916718955657,157.52396776182863,-118.65285092678627
13.14,-2.315072367314835,-5.264515268638592,0.21444273726823931,-169.954896790862,161.60284766660007,-124.77311968593798
13.15,-1.8669614464004807,-4.450092735058768,0.08252327010970939,-169.99491019200426,165.17186758327506,-130.12835485019573
13.16,-1.4748643906004206,-3.737473018176422,-0.032906263654004286,-170.02992191800374,168.29476001036568,-134.81418561892127
13.17,-1.1317794667753682,-3.113930765904369,-0.13390710569725375,-170.06055717825328,171.02729088406997,-138.91428754155612
13.18,-0.8315801584284472,-2.5683312951663226,-0.22228284248509705,-170.08736303097163,173.41825539856123,-142.50187672386159
13.19,-0.5689057636248913,-2.090931758270532,-0.2996116121744599,-170.1108181521002,175.51034934874107,-145.6410172583789
13.2,-0.3390656681717799,-1.6732071634867156,-0.3672742856526524,-170.1313413830877,177.34093155514844,-148.3877652260815
13.21,-0.13795558465030744,-1.3076981430508763,-0.4264791249460709,-145.38679858520175,177.54269011075488,-160.62617082282134
13.22,0.03801573843098098,-0.9878777501695167,-0.478283359327812,-123.73532363705152,177.7192288469105,-171.3347757199687
13.23,0.19199064612710834,-0.7080349063983271,-0.5236120644118355,-104.79028305742007,177.8737002410467,-180.7048050049726
13.24,0.3267186903612198,-0.46317241809853626,-0.5632746813603561,-88.21337255024255,178.00886271091585,-188.90358062935104
13.25,0.4446057290660673,-0.24891774083621923,-0.5979794711903116,-73.70857585646223,178.12712987205137,-196.07750930068218
13.26,0.547756887932809,-0.06144489823169183,-0.6283461622915227,-61.01687874940446,178.23061363804493,-202.35469688809692
13.27,0.6380141519412079,0.10259383904726964,-0.6549170170050824,-49.91164378072891,178.32116193328932,-207.84723602708482
13.28,0.7169892579485568,0.2461277341663609,-0.6781665148794471,-40.194563183137795,178.40039169162816,-212.65320777369922
13.29,0.14358622570498725,1.1334080173955656,-0.1498049505195163,-31.69211766024557,178.46971773017464,-216.85843305198682
13.3,-0.35814142750813616,1.90977826522112,0.31251141829542317,-24.252477827714877,178.5303780139028,-220.53800517048847
13.31,-0.7971531240696191,2.5891022320684796,0.7170382410084952,-17.74279297425052,178.58345576216493,-223.75763077417741
13.32,-1.1812883585609169,3.1835107030599197,1.0709992108824333,-12.046818727469205,178.6298987918943,-226.57480317740524
13.33,-1.5174066887408024,3.70361811517743,1.3807150595221291,-7.062841261535555,178.67053644290752,-229.03982903022958
13.34,-1.8115102276482022,4.158712100780251,1.651716427081863,-2.7018609788436105,178.70609438754406,-231.1967266514509
13.35,-2.068850824192177,4.55691933818272,1.88884262369663,1.113996768511841,178.73720758910105,-233.08401207001953
13.36,-2.294023846168155,4.90535067090988,2.096328045734551,4.452872297447861,178.7644316404634,-234.7353868112671
13.37,-2.4910502403971355,5.210228087046144,2.277877790017732,43.441887135266875,176.09762768540548,-217.9059635848587
13.38,-2.6634483353474936,5.476995826165376,2.4367338162655154,77.55727511835852,173.7641742247298,-203.18021826175138
13.39,-2.814296668429057,5.710417597894703,2.5757328392323258,107.40823960356369,171.7224024466386,-190.29519110403245
13.4,-2.946288959875425,5.914661648157865,2.6973569843282847,133.5278335281182,169.93585214080878,-179.0207923410284
13.41,-3.061782214890997,6.093375192138131,2.803778111287249,156.38247821210342,168.3726206232077,-169.15569342339984
13.42,-3.1628388130296226,6.249749543120864,2.8968965973763425,176.38029231059048,167.00479304530674,-160.52373187047485
13.43,-3.25126333640092,6.386577100230756,2.9783752727042994,193.87837964676666,165.8079439146434,-152.9707655116655
13.44,-3.0087392943508044,6.370815337701912,2.320980863616262,209.1892060659208,164.760700925313,-146.36191994770732
13.45,-2.796530757556954,6.357023795489173,1.7457607556642292,222.5861791826807,163.84436330964888,-140.5791800792439
13.46,-2.6108482878623347,6.344956196053027,1.2424431612062006,234.3085306598456,163.04256789594277,-135.51928269433841
13.47,-2.448376126879543,6.334397046546399,0.8020402660554256,244.5655882023649,162.34099690894993,-131.0918724825461
13.48,-2.3062129860195997,6.325157790728099,0.41668773279849736,253.54051355206929,161.7271222953312,-127.21788854722784
13.49,-2.18182023776715,6.317073441887087,0.07950426619868517,261.39357323306064,161.18998200841483,-123.82815260382436
13.5,-2.0729765830462563,6.309999636651201,-0.21553126707615047,268.26500045392805,160.719984257363,-120.86213365334632
13.51,-1.9777383851654744,6.303810057069801,-0.4736873586916317,274.2774992721871,160.30873622519263,-118.26686707167804
13.52,-1.89440496201979,6.2983941749360755,-0.6995739388551777,279.5384357381637,159.94889419704356,-115.99600881271829
13.53,-1.8214882167673163,6.293655278069066,-0.8972246964982805,290.79175714589326,142.53215742241312,-72.1008829611285
13.54,-1.7576860646714019,6.289508743310432,-1.0701691094359953,300.6384133776566,127.29251274461149,-33.69264784098745
13.55,-1.7018591815874766,6.285880525396628,-1.221495470756496,309.25423758044957,113.95782365153505,-0.08544211086401887
13.56,-1.653010658889042,6.28270583472205,-1.353906036911934,316.7930837578934,102.28997069509317,29.320862902993984
13.57,-1.610268201527912,6.279927980381793,-1.4697652822979423,323.38957416315674,92.08059935820653,55.05137979011974
13.58,-1.572868551336923,6.277497357834069,-1.5711421220106996,329.16150326776216,83.14739943843071,77.56558206635476
13.59,-1.5401438574198076,6.2753705631048105,-1.659846856759362,334.2119412342919,75.33084950862687,97.26550905806042
13.6,-1.5115097502423318,6.27350961771671,-1.7374634996644418,338.63107445500543,68.49136832004851,114.50294517580286
13.61,-0.9025329064620402,6.22717841550212,-1.5340774372063866,342.49781602312976,62.50682228004244,129.5857017788275
13.62,-0.36967816815428517,6.186638613564355,-1.3561146325555882,345.88121489523854,57.270344495037136,142.78311380647406
13.63,0.09656972786500045,6.151166286868811,-1.2003971784861396,348.84168890833377,52.688426433157495,154.33084933066482
13.64,0.5045366368818753,6.12012800101021,-1.064144406175372,351.43210366979207,48.67924812901281,164.4351179143317
13.65,0.861507682271641,6.0929695008839335,-0.9449232304034505,353.6987165860681,45.17121711288621,173.27635292504024
13.66,1.1738573469876858,6.069205813273442,-0.8406047016030193,355.6820028878096,42.101689973775436,181.0124335594102
13.67,1.447163303614225,6.048412586614262,-0.7493259889026419,357.4173784018334,39.41585372705351,187.7815041144839
13.68,1.686306015662447,6.03021851328748,-0.6694571152898117,358.9358319766042,37.06574701117182,193.70444085017343
13.69,1.895555888704641,6.014298699126545,-0.5995718508785852,330.4969776045287,55.869404134775344,194.66951036890177
13.7,2.078649527616561,6.000368861735728,-0.5384222445187621,305.6129800289626,72.32260411792842,195.51394619778907
13.71,2.238856461664491,5.988180254018761,-0.4849163389539168,283.8394821503423,86.71915410318736,196.25282754806545
13.72,2.3790375289564296,5.977515222266417,-0.4380986715846772,264.7876715065495,99.31613534028894,196.8993487295573
13.73,2.501695962836876,5.968183319483115,-0.3971332126365925,248.1173371932308,110.33849392275282,197.46505476336264
13.74,2.6090220924822662,5.960017904547726,-0.36128843605701844,233.53079466907695,119.98305768240871,197.96004754294233
13.75,2.702932455921983,5.952873166479261,-0.3299242565498911,220.76756996044236,128.42205097210763,198.39316622507454
13.76,2.7851040239317353,5.946621520669353,-0.3024805994811547,209.59974834038707,135.80617010059416,198.77214507194023
13.77,2.7416325209402683,4.176296705585684,0.3501362254539896,199.82790442283869,142.2672743380199,199.1037515629477
13.78,2.703594955822735,2.627262492387473,0.9211759472722408,191.27754099498387,147.9207405457674,199.39390724257925
13.79,2.6703120863448935,1.2718575558390388,1.4208357038632107,183.7959729956109,152.86752347754646,199.64779346225686
13.8,2.641189575551782,0.08587823635915881,1.8580379908803093,177.24960099615953,157.19595854285313,199.86994390447475
13.81,2.6157073786078096,-0.9518536681857361,2.2405899920202708,171.52152549663958,160.98333922499648,200.06432554141543
13.82,2.5934104562818336,-1.8598690846625192,2.575322993017737,166.50945943455963,164.2972973218719,200.2344094737385
13.83,2.5739006492466046,-2.6543825740797047,2.86821436889052,162.1239016302397,167.19701065663793,200.38323291452122
13.84,2.5568295680907793,-3.349581877319742,3.124494322779205,158.28653855145973,169.7342598245582,200.51345342520608
13.85,2.541892372079432,-3.9578812676547743,3.3487392824318043,127.68572110752727,157.4031027214884,175.94802174705532
13.86,2.5288223255695033,-4.4901432341979275,3.544953622127829,100.91000584408637,146.61334025630234,154.45326902867342
13.87,2.5173860348733155,-4.9558724549231865,3.7166411693618504,77.48125498857557,137.17229809926454,135.64536040008923
13.88,2.5073792805141513,-5.363385523057788,3.8668677731916192,56.98109799000363,128.91138621185647,119.18844035007808
13.89,2.4986233704498826,-5.719959457675565,3.998316051542667,39.043460616253185,121.68308831037442,104.78863530631833
13.9,2.490961949143647,-6.03196165046612,4.113333295099833,23.34802791422154,115.35832764657762,92.18880589302853
13.91,2.4842582055006917,-6.304963569157855,4.213973383212354,9.614524299943847,109.82416206575542,81.16395515639996
13.92,2.8740334298131054,-5.646516623013123,4.487684710310809,-2.402291362549134,104.98176718253599,71.51721076184997
13.93,3.215086751086467,-5.070375545136483,4.727182121521958,-12.917005067230491,100.74467165971899,63.07630941661872
13.94,3.513508407200659,-4.566252101994422,4.936742356331713,-22.117379558826677,97.03721307725412,55.690520739541384
13.95,3.7746273563005763,-4.125144089245119,5.120107561790249,-30.167707238973342,93.79318681759736,49.22795564709871
13.96,4.003106436763004,-3.7391745780894796,5.280552116566468,-37.211743959101675,90.95466384039769,43.57321119121137
13.97,4.203025632167629,-3.4014512558282948,5.420941101995659,-43.37527608921396,88.47095623534798,38.62530979230995
13.98,4.377954928146675,-3.105943348849758,5.5437814642462016,-48.76836670306221,86.29771208092949,34.295896068271205
13.99,4.53101806212834,-2.8473739302435384,5.651266781215426,-53.487320990179434,84.3961234458133,30.507659059737307
14.0,4.664948304362298,-2.621125688963096,5.745316433563498,-57.616405991407,82.73223339008665,27.192951677270145
14.01,4.782137266317011,-2.423158477842709,5.827609879368061,-53.590605367481125,79.93320446632582,24.782582717611376
14.02,4.884677608027385,-2.2499371681123703,5.899616644447053,-50.068029821545984,77.4840541580351,22.673509877909954
14.03,4.974400407023961,-2.098368522098324,5.962622563891172,-46.98577621885274,75.34104763828071,20.828071143171208
14.04,5.052907856145966,-1.9657459568360334,6.017752743404775,-44.288804316496154,73.46591693349562,19.213312250274807
14.05,5.1216018741277205,-1.8497012122315293,6.0659916504791775,-41.928953901934136,71.82517756680868,17.800398218990455
14.06,5.181709139861756,-1.748162060702588,6.10820069416928,-39.86408478919237,70.38953062095759,16.56409844161665
14.07,5.234302997379037,-1.6593153031147645,6.14513360739812,-38.057324315543326,69.13333954333788,15.482336136414569
14.08,5.280322622706657,-1.581574390225419,6.177449906473354,-36.47640890110041,68.03417235042065,14.535794119362746
14.09,4.498659544868325,-1.0497169664472414,5.421945543164185,-35.093107913462866,67.07240105661806,13.707569854442403
14.1,3.814704351759784,-0.5843417206413363,4.760879225268662,-33.88271954928001,66.2308511745408,12.982873622637102
14.11,3.216243557789811,-0.17713838056116926,4.182446197110079,-32.82362973062001,65.4944950277232,12.348764419807464
14.12,2.692590363066085,0.17916454200897688,3.676317297471319,-31.89692613929251,64.8501833992578,11.79391886733153
14.13,2.2343938176828244,0.49092959925785473,3.2334545102874044,-31.086060496880947,64.28641072435057,11.30842900891509
14.14,1.8334718404724712,0.7637240243506229,2.8459495715014786,-30.376553059770828,63.79310963380675,10.883625382800703
14.15,1.4826651104134123,1.002419146306795,2.506882750063794,-29.755734052299474,63.3614711795809,10.511922209950615
14.16,1.1757092216117357,1.2112773780184458,2.2101992813058193,-29.212517420762037,62.98378753213329,10.186681933706788
14.17,0.9071228189102687,1.39402833076614,1.950601246142592,-27.682827868166783,60.636439215616626,8.830221691993438
14.18,0.6721097165464851,1.5539354144203725,1.7234529653747679,-26.344349509645934,58.582509438664545,7.643318980494259
14.19,0.46647325197817446,1.693854112617826,1.5246982197029217,-25.173180945940192,56.785320883831474,6.604779107932477
14.2,0.28654134548090265,1.8162829735405976,1.3507878172400565,-24.148408452697666,55.21278089835254,5.696056719440917
14.21,0.1291009272957898,1.9234082268480228,1.1986162150850492,-23.25173252111046,53.83680841105847,4.900924629510802
14.22,-0.008659438616183915,2.01714282349202,1.065466063199418,-22.46714108097165,52.63283248467616,4.205184050821952
14.23,-0.12919975878916093,2.0991605955555177,0.9489596802994907,-21.780623570850192,51.579353549091636,3.596411044469208
14.24,-0.14761991394051582,2.117022771111078,0.9090429702620544,-21.179920749493917,50.65755948045518,3.0637346639105574
14.25,-0.16373754969795135,2.1326521747221934,0.8741158489792976,-20.654305780807174,49.85098967039828,2.5976428309217376
14.26,-0.17784048098570743,2.1463279028819193,0.8435546178568855,-20.194392683206278,49.14524108659849,2.1898124770565204
14.27,-0.190180545862494,2.1582941650216796,0.8168135406247747,-19.791968722805493,48.527711075773674,1.8329609174244554
14.28,-0.20097810262968224,2.1687646443939697,0.7934150980466779,-19.439847757454803,47.987372316301965,1.5207158027463987
14.29,-0.21042596480097198,2.1779263138447233,0.7729414607908431,-19.131741912772952,47.51457590176422,1.247501327403099
14.3,-0.2186928442008505,2.1859427746141327,0.7550270281919877,-18.862149298676332,47.10087903904369,1.0084386614777117
14.31,-0.2259263636757442,2.192957177787366,0.7393518996679893,-18.62625576134179,46.73889428416323,0.7992588287929977
14.32,-0.23225569321627618,2.199094780563945,0.7256361622094907,-18.419848916174065,46.422157623642825,0.616226475193873
14.33,-0.23779385656424165,2.2044651829934523,0.7136348919333043,-17.963617926652308,40.295637920687476,-0.7251768342053612
14.34,-0.24263974949371145,2.2091642851192708,0.7031337804416413,-17.56441581082077,34.93493318060155,-1.898904729929691
14.35,-0.24687990580699753,2.213275999479362,0.6939453078864362,-17.215113959468173,30.244316533026353,-2.92591663868848
14.36,-0.25059004258112283,2.2168737495444417,0.6859053944006317,-16.909474839534653,26.140026966398057,-3.8245520588524196
14.37,-0.25383641225848247,2.2200217808513862,0.6788704701005528,-16.642040609592822,22.5487735955983,-4.6108580514958675
14.38,-0.25667698572617215,2.222776308244963,0.6727149113379837,-16.408035658393718,19.40642689614851,-5.298875795058884
14.39,-0.2591624875104006,2.2251865197143426,0.6673287974207357,-16.203281326094505,16.656873534129947,-5.900891320676524
14.4,-0.7212925515716005,1.6121979547500498,0.2956458227431437,-16.024121285332694,14.251014342363703,-6.427654905591959
14.41,-1.1256563576251504,1.0758329604062935,-0.029576780099749234,-15.867356249666106,12.14588754956824,-6.888573042392965
14.42,-1.4794746879220066,0.6065135903555068,-0.31414655758728055,-15.730186843457844,10.303901605872209,-7.291876412093845
14.43,-1.7890657269317558,0.19585914156106848,-0.5631451128888705,-15.610163613025613,8.692163905138182,-7.644766860582115
14.44,-2.0599578860652863,-0.16346350113406508,-0.7810188487777616,-15.505143286397413,7.28189341699591,-7.95354600300935
14.45,-2.2969885253071256,-0.477870813492307,-0.9716583676805415,-15.413250500597737,6.04790673987142,-8.223727752633181
14.46,-2.504390334643735,-0.7529772118057686,-1.1384679467204737,-15.33284431302302,4.968168397387492,-8.460136783554033
14.47,-2.685866917813268,-0.9936953103300474,-1.2844263283804145,-15.262488898895143,4.023397347714056,-8.666994685609778
14.48,-2.8446589280866093,-1.2043236465387914,-1.4121399123328626,-15.200927911533249,3.196722679249799,-8.847995349908555
14.49,-2.983601937075783,-1.3886234407214426,-1.5238892982912546,-15.405187047591593,4.4202573443435735,1.7211295688300154
14.5,-3.10517706994131,-1.5498857606312624,-1.6216700110048476,-15.583913791642644,5.4908501763006266,10.969113872726265
14.51,-3.211555311198646,-1.6909902905523546,-1.7072281346292415,-15.740299692687312,6.427618904263048,19.06110013863548
14.52,-3.3046362722988154,-1.8144567542333103,-1.7820914928005862,-15.877137356101397,7.247291541230167,26.141588121306047
14.53,-3.3860821132614634,-1.9224899099541466,-1.847596931200513,-15.996870311588722,7.964505098576396,32.337015106142786
14.54,-3.4573472241037804,-2.0170189212098784,-1.9049141898004487,-16.10163664764013,8.592066961254346,37.75801371787494
14.55,-3.5197041960908075,-2.0997318060586436,-1.9550667910753925,-16.193307191685115,9.141183591097553,42.50138750314058
14.56,-3.5742665465794565,-2.172105580301313,-1.9989503171909684,-16.273518917724477,9.621660642210358,46.65183956524801
14.57,-3.2092237282570246,-2.407884757763649,-2.703462152542097,-16.343704178008917,10.042078061934063,50.283485119592015
14.58,-2.8898112622248964,-2.6141915380431926,-3.319910008474335,-16.405116280757802,10.409943304192305,53.46117497964302
14.59,-2.6103253544467844,-2.7947099707877934,-3.8593018824150436,-16.45885187066308,10.731825391168266,56.241653607187644
14.6,-2.365775185140936,-2.9526635994393193,-4.331269772113163,-16.505870511830192,11.013472217272232,58.67457240628919
14.61,-2.151793786998319,-3.0908730245094045,-4.744241675599018,-16.547011822851417,11.259913190113203,60.80337635550303
14.62,-1.9645600636235292,-3.2118062714457287,-5.10559209114914,-16.58301046999499,11.475549041349053,62.66607981106516
14.63,-1.800730555670588,-3.317622862515013,-5.4217737047554975,-16.614509286245614,11.664230411180421,64.29594533468202
14.64,-1.6573797362117644,-3.4102123797006363,-5.69843261666106,-16.642070750464914,11.829326609782868,65.72207766784676
14.65,-1.5319477691852939,-3.491228207238057,-5.940509164578428,-44.1499386566568,15.39941065856001,58.289942959365916
14.66,-1.4221947980371321,-3.5621170563333,-6.152326144006124,-68.2193230745747,18.523234201240008,51.78682508944517
14.67,-1.3261609482824905,-3.6241447992916376,-6.337666001005358,-89.28003444025286,21.25657980108501,46.09659695326452
14.68,-1.2421313297471792,-3.678419074380183,-6.499838375879688,-107.70815688522126,23.64825720094938,41.11764733410646
14.69,-1.1686054135287818,-3.72590906508266,-6.641739203894726,-123.8327640245686,25.740974925830706,36.76106641734315
14.7,-1.104270236837684,-3.7674628069473273,-6.765902428407885,-137.94179527149754,27.572102935101867,32.949058115175255
14.71,-1.0479769572329736,-3.803822331078911,-6.874545249856899,-150.28719761256036,29.174339943214136,29.613550850778346
14.72,-1.478211337578852,-4.284366164694047,-5.357294093624787,-161.08942466099035,30.576297325312368,26.69498199443105
14.73,-1.8546664203814953,-4.704842019107291,-4.029699331921688,-170.54137332836655,31.803010034648324,24.141234245127166
14.74,-2.1840646178338083,-5.07275839171888,-2.8680539154314775,-178.81182841232072,32.876383655317284,21.906704964486266
14.75,-2.472288040604582,-5.39468521775402,-1.8516141760025429,-186.04847661078065,33.81558557340262,19.95149184392548
14.76,-2.7244835355290093,-5.676371190534768,-0.9622294040022251,-192.3805437844331,34.6373872517273,18.240680363434794
14.77,-2.945154593587883,-5.922846416717922,-0.18401772850194698,-197.92110256137897,35.35646372026139,16.743720318005444
14.78,-3.1382417693893974,-6.138512239628182,0.4969174875607964,-202.7690914912066,35.98565563022871,15.433880278254763
14.79,-3.307193048215723,-6.327219834674659,1.0927358016156967,-207.01108180480577,36.53619855145013,14.287770243472918
14.8,-3.4550254171887573,-6.492338980340326,1.6140768264137346,-210.72282332920503,37.01792360751886,13.284923963038803
14.81,-3.5843787400401625,-6.636818232797785,2.070250223112018,-198.3474709130544,51.413183406579,-15.373817407341047
14.82,-3.6975628975351422,-6.763237578698062,2.469401945223016,-187.5190375489226,64.00903573075664,-40.45021610642341
14.83,-3.7965990353432493,-6.8738545063608045,2.8186597020701387,-178.04415835530727,75.03040651441205,-62.392064968120486
14.84,-3.883255655925343,-6.970644318065704,3.124260239311371,-169.75363906089387,84.67410595011054,-81.59118272210543
14.85,-3.959080198934675,-7.055335403307491,3.3916607093974496,-162.49943467828214,93.11234295634674,-98.39041075684224
14.86,-4.025426674067841,-7.129440102894055,3.6256361207227683,-156.15200584349688,100.4958003368034,-113.08973528723696
14.87,-4.083479839809361,-7.194281715032298,3.8303646056324223,-150.59800561305977,106.95632554470296,-125.95164425133234
14.88,-4.1342763598331915,-7.251018125653261,4.0095020299283695,-145.7382554114273,112.60928510161509,-137.2058145949158
14.89,-3.6518013148540427,-6.380423609946604,3.540258026187323,-141.48597398499888,117.5556247139132,-147.05321364555132
14.9,-3.229635650497287,-5.6186534087032785,3.1296695229139075,-137.765227736874,121.88367187467406,-155.6696878148574
14.91,-2.8602406941851264,-4.952104482615368,2.770404582549669,-134.50957476976475,125.67071314033981,-163.20910271300025
14.92,-2.5370201074119856,-4.368874172288447,2.4560477597309602,-131.66087842354415,128.98437424779735,-169.80609074887522
14.93,-2.254202093985487,-3.8585476507523917,2.18098553976459,-129.16826912060114,131.88382771682268,-175.5784552802658
14.94,-2.0067363322373013,-3.4120119444083428,1.9403060972940163,-126.987235980526,134.42084950221985,-180.62927424523258
14.95,-1.7902037907076387,-3.0212932013573,1.7297115851322642,-125.07883198296025,136.64074356444237,-185.0487408395785
14.96,-1.600737816869184,-2.679414301187638,1.545441386990731,-123.40897848509022,138.5831508688871,-188.9157741096312
14.97,-1.4349550897605359,-2.3802702635391833,1.3842049636168896,-93.96535629945394,132.79275738527622,-195.16067647092729
14.98,-1.289895203540469,-2.1185192305967853,1.2431230931647783,-68.20218688702221,127.72616308711669,-200.62496603706137
14.99,-1.1629678030979103,-1.8894870767721872,1.119676456519181,-45.65941365114443,123.2928930762271,-205.4062194074287
15.0,-1.0519063277106715,-1.6890839421756638,1.0116606494542835,-25.934487069751384,119.41378181669872,-209.5898161065001
15.01,-0.9547275367468375,-1.513731199403706,0.9171468182724981,-8.67517631103246,116.01955946461138,-213.25046321818758
15.02,-0.8696960946534829,-1.3602975494782428,0.8344472159884359,6.426720602846597,113.04961490653496,-216.4535294409141
15.03,-0.7952935828217975,-1.2260431057934624,0.7620850639898814,19.640880402490772,110.45091341821808,-219.25621238579984
15.04,-1.1030498849690729,0.3930467824307202,0.5130538059911463,31.203270227179424,108.17704961594082,-221.70855996257484
15.05,-1.3723366493479388,1.80975043462688,0.295151455242253,41.320361323781995,106.18741878894821,-223.85436409225298
15.06,-1.6079625681794463,3.04936613029852,0.10448689833697139,50.172816033309246,104.44649181532968,-225.73194270572134
15.07,-1.8141352471570156,4.134029864011205,-0.06234458895515002,57.91871390414559,102.92318071341347,-227.37482399250615
15.08,-1.9945363412623887,5.083110631009804,-0.20832214033575625,64.6963745411274,101.59028349923679,-228.81234511844286
15.09,-2.15238729860459,5.913556302133578,-0.3360524977937867,70.62682759848647,100.42399843683219,-230.0701761036375
15.1,-2.290506886279016,6.640196264366881,-0.44781656056956337,75.81597402367566,99.40349900722816,-231.1707782156828
15.11,-2.411361525494139,7.276006231321021,-0.5456101154983679,80.35647714571621,98.51056200632463,-232.13380506372243
15.12,-2.5171093348073716,7.832339952405893,-0.6311794760610718,99.61566937750169,90.95236688053404,-193.39582918075715
15.13,-2.60963866795645,8.319131958355156,-0.7060526665534379,116.46746258031398,84.33894614546728,-159.5001002831625
15.14,-2.690601834461894,8.74507496356076,-0.7715667082342581,131.21278163277472,78.55220300228386,-129.8413374977672
15.15,-2.761444605154157,9.117775093115666,-0.8288914947049759,144.11493580367787,73.48880275199838,-103.8899200605463
15.16,-2.8234320295098874,9.443887706476207,-0.8790506828668538,155.40432070321813,69.05832753299858,-81.18242980297802
15.17,-2.8776710258211513,9.729236243166682,-0.922939972508497,165.28253249031584,65.18166171637375,-61.31337582760577
15.18,-2.9251301475935074,9.978916212770846,-0.9613431009449349,173.92596780402636,61.789579126827036,-43.927953599155046
15.19,-2.966656879144319,10.19738618617449,-0.9949458383268179,181.48897370352304,58.821506860973656,-28.715709149260665
15.2,-2.400580894251279,9.464987162902679,-0.8552092335359657,188.10660386558266,56.22444362835195,-15.40499525560308
15.21,-1.9052644074698692,8.824138017539845,-0.7329397043439699,193.8970302573848,53.95201329980796,-3.7581205986526935
15.22,-1.4718624815361356,8.263395015347363,-0.6259538663009737,198.9636533502117,51.963636762331966,6.432894726178894
15.23,-1.0926357963441187,7.772744888428943,-0.532341258013352,203.39694855643523,50.22380729204047,15.350033135406534
15.24,-0.7608124468011037,7.343426027375325,-0.450430225761683,207.2760818618808,48.70145650553541,23.152529243480718
15.25,-0.4704670159509657,6.96777202395341,-0.37875807254147265,210.6703235041457,47.369399567343486,29.979713338045627
15.26,-0.21641476395709497,6.639074770959234,-0.31604493847378856,213.64028494112748,46.203849746425554,35.953499420789925
15.27,0.00588095653754192,6.35146467458933,-0.261170946164565,216.23900119848653,45.183993653122364,41.18056224319119
15.28,0.2003897119703492,6.099805840265664,-0.21315620289399437,218.51287792367572,44.29161957148207,45.75424221279229
15.29,0.3705848729740555,5.879604360232456,-0.17114330253224508,221.41251980821625,33.67579187504681,75.45496381119325
15.3,0.5195056388522985,5.686928065203399,-0.13438201471571445,223.94970645718922,24.386942640665964,101.4430952097941
15.31,0.6498113089957611,5.518336307052975,-0.10221588787625015,226.16974477504056,16.259199560582722,124.18271018356982
15.32,0.7638287703712909,5.370818518671353,-0.07407052689171888,228.1122783031605,9.147424365509883,144.0798732856236
15.33,0.8635940490748797,5.2417404538374335,-0.04944333603025401,229.81199514026542,2.924621069821148,161.48989099992065
15.34,0.9508886679405197,5.128797147107754,-0.02789454402647226,231.29924737273222,-2.5203318139064956,176.72365649993057
15.35,1.0272714594479548,5.029971753719285,-0.009039351023163226,232.60059307614068,-7.284665587168184,190.05320131243926
15.36,1.0941064020169604,4.943499534504374,0.007458942854732177,233.73927056662308,-11.45345763877216,201.71655302338434
15.37,1.2591057267648404,4.993534467691327,0.015948199997890655,234.7356133707952,-15.10115068392564,211.9219857704613
15.38,1.4034801359192355,5.037315034229911,0.023376299998154323,235.60741332444582,-18.292882098434937,220.85173942415364
15.39,1.5298077439293312,5.0756230299511715,0.02987588749838503,236.3702382838901,-21.08564708613057,228.66527387113442
15.4,1.640344400938165,5.1091425262072745,0.0355630265610869,237.03771012340383,-23.52931645036425,235.50211651224262
15.41,1.7370639758208943,5.138472085431365,0.04053927324095104,237.62174798297832,-25.667527144068714,241.4843538232123
15.42,1.8216936038432825,5.164135449752444,0.044893489085832156,238.132781110106,-27.538461501060127,246.71881147031075
15.43,1.8957445283628722,5.186590893533388,0.04870342795010314,238.57993509634275,-29.17552906342761,251.2989619115219
15.44,1.9605390873175133,5.206239406841714,0.05203712445634025,238.97119483429992,-30.607963180499162,255.30659354758166
15.45,2.017234326402824,5.223431855986499,0.05495410889929772,217.68792085501244,-29.86634290793677,227.00264435413396
15.46,2.066842660602471,5.238475248988187,0.057506470286885505,199.0650561231359,-29.217425169444674,202.23668880986722
15.47,2.1102499530271617,5.251638217864663,0.05973978650102482,182.7700494827439,-28.64962214826409,180.5664777086338
15.48,2.1482313338987664,5.263155815631579,0.06169393818839672,168.51191867240092,-28.15279450473108,161.6050429950546
15.49,2.1814650421614203,5.273233713677632,0.06340382091484713,156.0360542133508,-27.718070316639697,145.01378762067276
15.5,2.2105445368912426,5.2820518744679275,0.06489996830049123,145.11967281168197,-27.337686652059737,130.49643916808867
15.51,2.2359890947798373,5.289767765159437,0.06620909726292983,135.56783908522172,-27.00485094555227,117.79375927207758
15.52,2.2127445829323578,3.2097349195145064,0.1847014601050636,127.209984574569,-26.713619702358237,106.67891436306789
15.53,2.192405635065813,1.389706179575193,0.2883822775919307,119.89686187774788,-26.458792364563458,96.9534250676844
15.54,2.1746090556825863,-0.20281896787170606,0.37910299289293936,113.49787951802941,-26.235818443993026,88.44362193422386
15.55,2.159037048722263,-1.596278471887743,0.45848361878132193,107.89876995327573,-26.0407162634939,80.99754419244587
15.56,2.1454115426319804,-2.8155555379017754,0.5279416664336567,102.99954908411627,-25.870001855557163,74.48222616839014
15.57,2.133489224802983,-3.882422970664053,0.5887174581294496,98.71273082360173,-25.720626748612517,68.78132289734137
15.58,2.12305719670261,-4.815931974331047,0.6418962758632685,94.96176484565152,-25.589923530035954,63.793032535173694
15.59,2.1139291721147835,-5.632752352539666,0.6884277413803599,91.67966961494508,-25.47555821378146,59.428278468276986
15.6,2.1059421506004354,-6.347470183472208,0.7291427737078149,88.80783628807696,-25.37548856205878,55.609118659742364
15.61,2.098953506775381,-6.9728482855381815,0.764768426994338,64.45060625206733,-23.319177616801433,47.50735382727457
15.62,2.0928384434284584,-7.520054124845909,0.7959408736200457,43.13802997055891,-21.519905539701256,40.41830959886525
15.63,2.087487762999901,-7.998859234240171,0.8232167644175401,24.489525724239044,-19.9455424722386,34.2153958990071
15.64,2.0828059176249134,-8.41781370496015,0.8470831688653475,8.172084508709162,-18.567974788208776,28.78784641163121
15.65,2.078709302921799,-8.78439886684013,0.8679662727571791,-6.105676554879484,-17.36260306468268,24.038740610177307
15.66,2.0751247650565743,-9.105160883485114,0.8862389886625317,-18.59871748551955,-16.307902806597347,19.88327303390514
15.67,2.0719882944245023,-9.385827648049474,0.9022276150797153,-29.530128299829606,-15.385040080772677,16.247238904666997
15.68,2.0692438826214397,-9.63141106704329,0.916217663194751,-39.09511276235091,-14.577535195676091,13.065709041583622
15.69,2.6986573972937595,-7.899042808662879,0.911724455295407,-47.46447416705704,-13.87096842121658,10.28187041138567
15.7,3.2493942226320396,-6.3832205825800195,0.9077928983834811,-54.78766539617491,-13.252722493564507,7.846011609962462
15.71,3.731288944803034,-5.056876134757516,0.9043527860855459,-61.19545772165304,-12.711757306868943,5.714635158717154
15.72,4.152946826702655,-3.8963247429128267,0.9013426878248526,-66.80227600644642,-12.238412768510324,3.84968076387751
15.73,4.521897473364823,-2.8808422750487233,0.898708851846746,-71.70824200564061,-11.824236297446532,2.2178456683928216
15.74,4.84472928919422,-1.9922951156676327,0.8964042453659027,-76.00096225493553,-11.461831885265715,0.7899899598437188
15.75,5.127207128044942,-1.2148163512091787,0.8943877146951649,-79.75709247306858,-11.1447280246075,-0.45938378513674605
15.76,5.374375237039324,-0.5345224323080315,0.8926232503582692,-83.04370641393501,-10.867262146531562,-1.5525858119946527
15.77,5.590647332409408,0.060734746730472355,0.8910793440634854,-74.18136811219313,-10.217604378215118,2.1108624145046786
15.78,5.779885415858232,0.5815847783891632,0.8897284260555497,-66.42682209816898,-9.649153830938229,5.316379612691594
15.79,5.945468738875952,1.0373285560905177,0.8885463727986059,-59.64159433589786,-9.15175960207095,8.121207161105145
15.8,6.090354146516458,1.4361043615792028,0.8875120761987801,-53.70452004391062,-8.71653965181208,10.575431265967001
15.81,6.2171288782019,1.7850331913818025,0.8866070666739326,-48.50958003842179,-8.33572219533557,12.722877357721126
15.82,6.328056768426663,2.090345917459077,0.885815183339691,-43.96400753361906,-8.002506920918623,14.601892688005984
15.83,6.42511867237333,2.357494552776692,0.8851222854222296,-39.98663159191668,-7.710943555803796,16.246031102005237
15.84,6.510047838326663,2.5912496086796053,0.8845159997444508,-36.50642764292709,-7.455825611328322,17.684652214254584
15.85,5.99925398353583,2.665676032594655,0.7585491247763945,-33.46124918756121,-7.232597409912282,18.94344568747276
15.86,5.552309360593851,2.7307991535203233,0.6483281091793452,-30.796718039116058,-7.037272733673247,20.044889976538663
15.87,5.161232815519619,2.787781884330283,0.5518847205319272,-28.465253284226552,-6.866363641964091,21.00865372947133
15.88,4.819040838579666,2.837641773788998,0.46749675546543623,-26.425221623698235,-6.71681818671858,21.851947013287415
15.89,4.519622858757208,2.881269177065373,0.3936572860322567,-24.640193920735957,-6.585965913378757,22.589828636626486
15.9,4.257632126412556,2.9194431549322015,0.3290477502782246,-23.078294680643964,-6.471470174206413,23.235475057048173
15.91,4.028390235610987,2.952845385565676,0.2725144064934465,-21.711632845563468,-6.371286402430611,23.80041567491715
15.92,3.8278035811596136,2.9820723373699667,0.22304773068176567,-20.515803739868037,-6.283625602126785,24.294738715552505
15.93,3.652290258514662,3.007645920198721,0.17976438934654496,-19.635703272384532,-8.705047401860938,21.18352137610844
15.94,3.4987161012003294,3.030022805173881,0.14189146567822683,-18.865615363336463,-10.82379147662832,18.461206204094886
15.95,3.3643387135502882,3.049602579527146,0.10875265746844848,-18.191788442919403,-12.677692542049781,16.079180428583026
15.96,3.246758499356502,3.066734882086253,0.07975620028489241,-17.602189887554477,-14.299855974293559,13.994907875010147
15.97,3.1438758119369394,3.0817256468254715,0.05438430024928087,-17.08629115161017,-15.719248977506863,12.17116939063388
15.98,3.053853460444822,3.0948425659722876,0.032183887718120766,-16.634879757658897,-16.961217855318505,10.575398216804645
15.99,2.9750839028892195,3.106319870225752,0.012758526753355672,-16.239894787951535,-18.04794062340369,9.179098439704065
16.0,2.906160540028067,3.116362511447533,-0.004238664090813787,-15.894282939457593,-18.99882304547823,7.957336134741057
16.01,2.8810282225245585,3.065834072516591,0.04909154392053793,-15.591872572025393,-19.830845164793452,6.888294117898425
16.02,2.8590374447089886,3.0216216884520173,0.09575547593047068,-15.327263500522218,-20.55886451919427,5.952882353161122
16.03,2.839795514120365,2.982935852395515,0.13658641643916186,-15.09573056295694,-21.195881454294987,5.134397059015982
16.04,2.8229588248553195,2.9490857458460757,0.1723134893842666,-14.89313924258732,-21.753271272508115,4.418222426638985
16.05,2.8082267217484045,2.919466902615316,0.20357467821123326,-14.715871837263904,-22.2409873634446,3.791569623309112
16.06,2.795336131529854,2.8935504147884017,0.23092821843482908,-14.560762857605916,-22.667738943014026,3.243248420395473
16.07,2.784056865088622,2.8708734879398516,0.2548625661304754,-14.425042500405176,-23.041146575137272,2.763467367846039
16.08,2.7741875069525443,2.85103117694737,0.275805120364166,-14.30628718785453,-23.367878253245113,2.343658946865284
16.09,2.7655518185834764,2.8336691548289488,0.2941298553186452,-12.255501289372713,-19.98314347158947,0.6769515785071236
16.1,2.757995591260542,2.81847738547533,0.3101639984038146,-10.461063628201124,-17.021500537640787,-0.7814173688062669
16.11,2.7513838923529743,2.805184587290914,0.3241938736033378,-8.890930674675985,-14.430062970435689,-2.0574901977054836
16.12,2.7455986558088523,2.7935533888795496,0.33647001440292057,-7.517064340341487,-12.162555099131229,-3.1740539229922984
16.13,2.740536573832746,2.783376090269606,0.3472116376025555,-6.314931297798801,-10.178485711739826,-4.151047182618261
16.14,2.7361072521036527,2.7744709539859054,0.3566105579022361,-5.263064885573951,-8.44242499777235,-5.005916284790978
16.15,2.732231595590696,2.7666789597376673,0.3648346131644566,-4.342681774877207,-6.923371873050805,-5.7539267491921064
16.16,2.728840396141859,2.759860964770459,0.3720306615188995,-3.5373465530175556,-5.594200388919455,-6.408435905543094
16.17,2.5514640966241267,2.652094094174151,0.30096895382903704,-2.832678233890361,-4.431175340304523,-6.981131417350207
16.18,2.396259834546111,2.557798082402382,0.2387899596004074,-2.2160934546540654,-3.4135284227664573,-7.482239990181432
16.19,2.2604561052278473,2.475289072102084,0.18438333965035647,-1.6765817728223074,-2.52308736992065,-7.920709991408753
16.2,2.1416278420743664,2.4030936880893234,0.1367775471940619,-1.204509051219519,-1.7439514486805687,-8.304371242482658
16.21,2.0376531118150707,2.3399227270781577,0.09512247879480418,-0.791445419817079,-1.0622075175954975,-8.640074837172325
16.22,1.9466752228381867,2.284648136193388,0.058674293945453655,-0.43001474233994413,-0.46568157789606024,-8.933815482525784
16.23,1.8670695699834134,2.2362828691692145,0.02678213220227195,-0.11376289954745111,0.0562786193409473,-9.19083854721006
16.24,1.7974146237354867,2.193963260523063,-0.0011235093230120424,0.1629574628959803,0.5129937919233288,-9.415733728808801
16.25,1.7364665457685509,2.1569336029576798,-0.02554094565763554,0.5319627800339828,-0.6317554320670873,-9.074392012707701
16.26,1.683136977547482,2.1245326525879697,-0.046906202450431096,0.854842432529735,-1.6334110030587015,-8.775718011119238
16.27,1.6364736053540467,2.0961818210144734,-0.06560080214412721,1.137362128463518,-2.509859627676364,-8.514378259729334
16.28,1.595643154684791,2.071374843387664,-0.0819585768761113,1.3845668624055782,-3.2767521742168184,-8.285705977263166
16.29,1.559916510349192,2.0496687379642062,-0.0962716297665974,1.600871004604881,-3.9477831524397162,-8.085617730105271
16.3,1.5286556965555431,2.0306758957186806,-0.10879555104577271,1.790137129029271,-4.534935258384752,-7.910540513842113
16.31,1.5013024844861003,2.0140571587538454,-0.11975398216505112,1.9557449879006121,-5.048693351086658,-7.757347949611849
