time,ax_filtered,ay_filtered,az_filtered,wx_filtered,wy_filtered,wz_filtered
0.0,-6.500736,-7.864474,2.727475,18.655,-22.365,0.56
0.01,-6.500736,-7.864474,2.727475,18.655,-22.365,0.56
0.02,-6.500736,-7.864474,2.727475,18.655,-22.365,0.56
0.03,-6.500736,-7.864474,2.727475,18.655,-22.365,0.56
0.04,-6.500736,-7.864474,2.727475,18.655,-22.365,0.56
0.05,-6.500736,-7.864474,2.727475,18.655,-22.365,0.56
0.06,-6.500736,-7.864474,2.727475,18.655,-22.365,0.56
0.07,-6.500736,-7.864474,2.727475,18.655,-22.365,0.56
0.08,-6.500736,-7.864474,2.727475,18.655,-22.365,0.56
0.09,-6.500736,-7.864474,2.727475,18.655,-22.365,0.56
0.1,-6.500736,-7.864474,2.727475,18.655,-22.365,0.56
0.11,-6.500736,-7.864474,2.727475,18.655,-22.365,0.56
0.12,-6.500736,-7.864474,2.727475,18.655,-22.365,0.56
0.13,-6.500736,-7.864474,2.727475,18.655,-22.365,0.56
0.14,-6.500736,-7.864474,2.727475,18.655,-22.365,0.56
0.15,-6.500736,-7.864474,2.727475,18.655,-22.365,0.56
0.16,-6.47362765625,-7.910406765625,2.7174851875000003,18.655,-22.365,0.56
0.17,-6.4261880546875,-7.99078910546875,2.7000030156250006,18.655,-22.365,0.56
0.18,-6.363923577636719,-8.09629092651367,2.677057665039063,18.655,-22.365,0.56
0.19,-6.29128168774414,-8.219376384399412,2.6502880893554694,18.655,-22.365,0.56
0.2,-6.211829620674133,-8.354001103961943,2.6210088659515387,18.655,-22.365,0.56
0.21,-6.128404950250626,-8.4953570595026,2.5902656813774114,18.655,-22.365,0.56
0.22,-6.043242265859962,-8.639657930783688,2.5588820137913233,18.655,-22.365,0.56
0.23,-5.958079581469298,-8.783958802064776,2.527498346205235,18.655,-22.365,0.56
0.24,-5.874247564022238,-8.926004972232096,2.4966050484251796,17.100781203125003,-18.046874843749997,-4.197265703125
0.25,-5.792744213726485,-9.064105415450324,2.466569897805681,14.380898308593753,-10.490155820312497,-12.52248068359375
0.26,-5.714297239066823,-9.197027092047868,2.4376610653344137,10.811052009521486,-0.5719621020507777,-23.449325345458988
0.27,-5.639416035982601,-9.323906874254615,2.4100662707027496,6.646231327270509,10.999263902587895,-36.19731078430176
0.28,-5.568434895559014,-9.444178334471427,2.3839087049581513,2.090958706058503,23.655292345161442,-50.140419858036054
0.29,-5.501548820929097,-9.557511056598807,2.359260229544972,-2.6920775462141036,36.944122209863664,-64.78068438545705
0.3,-5.438843125963549,-9.663760483593226,2.3361522838451165,-7.574760387075722,50.50980269674719,-79.72595442386599
0.31,-5.380317810662371,-9.762926615454685,2.3145848678585845,-12.457443227937343,64.07548318363071,-94.67122446227492
0.32,-5.4442218222183065,-9.735016191169635,2.4146318639336055,-17.2638341494105,77.42919991290668,-109.38297465633372
0.33,-5.600862286968659,-9.610248878964367,2.6062266599295807,-21.936714211953845,90.41198006636942,-123.68606512277977
0.34,-5.826056591434263,-9.41327500119839,2.8649190715526,-26.434361272151815,102.90790596407732,-137.4527896967341
0.35,-6.100218768424579,-9.16409568851509,3.1709410262084647,-30.727569829613515,114.83583523007121,-150.59375406278141
0.36,-6.4075881888011565,-8.87884001648389,3.508418069207354,-34.79717377470742,126.14251818012792,-163.0502932014304
0.37,-6.735579257701955,-8.570420501702442,3.864704835422013,-38.63199287681513,136.7968924984506,-174.78818585131123
0.38,-7.0742339158025365,-8.249085224733795,4.229825815251643,-42.22713578504111,146.7853684218781,-185.79246021057446
0.39,-7.415761405351379,-7.922882181043209,4.596005474570396,-45.58260249938537,156.10794595041045,-196.06311627922017
0.4,-7.754152039453597,-7.598049176013805,4.957274128196154,-48.702137960377286,164.77502974646788,-205.61161684303923
0.41,-8.084853664946644,-7.279340622537951,5.3091379703753105,-47.98674887644333,169.91131223491078,-212.38481860529072
0.42,-8.404501180324967,-6.9703009234308455,5.648303381256612,-44.346423642236964,172.2640705583294,-216.92735094505682
0.43,-8.710690900218918,-6.67349268624836,5.972447096130475,-38.52357424976277,172.44893134409787,-219.69104994042374
0.44,-9.001792781071803,-6.390686790807889,6.280025079453737,-31.12071182037217,170.97110712782532,-221.0496468596824
0.45,-9.276794568270546,-6.123020280379905,6.570114018569145,-22.623821635051677,168.2433807102444,-221.31123442505728
0.46,-9.535172818340357,-5.871127150827545,6.842280268539236,-13.42208035824299,164.60131864506144,-220.72883689815592
0.47,-9.776786512638488,-5.635246346157338,7.096471861976662,-3.824464671963794,160.31612556945166,-219.50936324633838
0.48,-10.001789629950517,-5.415310615298003,7.332929865358805,5.92627961396815,155.6054914557902,-217.82118246219153
0.49,-9.996329069299563,-5.144654202369792,7.313335245052027,15.641907604541542,150.64273270539647,-215.80052560460737
0.5,-9.81450507646837,-4.839393773684603,7.098006500675712,25.17884299412833,145.56448413547943,-213.5568895166975
0.51,-9.50049383076217,-4.512409339633683,6.736183329189539,34.42995224562247,140.47716130639483,-211.1775917694431
0.52,-9.090183145287703,-4.173901595756671,6.267853849001851,43.31767727808481,135.46238041683952,-208.7316045915539
0.53,-8.612554305701194,-3.8318605012921365,5.725298124342498,51.788315564218706,130.5814954011356,-206.27277686798945
0.54,-8.09084795499119,-3.492458577385037,5.134390364457329,59.80726808697406,125.87938824221956,-203.8425372848231
0.55,-7.543546421557107,-3.160380423497023,4.515696011350601,67.35510256397465,121.38762830426478,-201.472157990136
0.56,-6.985200162809806,-2.8390982521843715,3.885394647075909,74.42430237349114,117.127099206389,-199.1846464052953
0.57,-6.427121946537502,-2.531101788957742,3.256055123692537,80.23674748744139,108.23314572197805,-189.8951509668189
0.58,-5.87796892241437,-2.238089640722389,2.637285439794447,84.9961703326933,95.93069471481999,-175.38991000662887
0.59,-5.344229764532373,-1.9611281734684092,2.036276565563184,88.87500702151594,81.21083858879555,-157.11800827137978
0.6,-4.83063152233315,-1.700783031766637,1.458256574892948,92.0190381110596,64.87015442060816,-136.24775534483942
0.61,-4.340478641237915,-1.4572276571548641,0.9068690105533463,94.55135817788116,47.54384697276768,-113.71423748944382
0.62,-3.8759347535050335,-1.2303325006996808,0.38448732831594296,96.575769491887,29.73364525531532,-90.25936863938401
0.63,-3.4382562495610296,-1.0197380605902484,-0.10752451165200566,98.17968174023699,11.831246389526559,-66.4655727598166
0.64,-2.9403081254545107,-0.7820275976847416,-0.46696006863290374,99.43658826256375,-5.862015935679315,-42.784063933900654
0.65,-2.4039965128502305,-0.5272706558088889,-0.7192757283740148,100.40817936149261,-23.118700873170074,-19.558548458841564
0.66,-1.8466927233117936,-0.26344308068817535,-0.8856352846074589,101.14614472846172,-39.771495546043155,2.954948427669951
0.67,-1.282024670019681,0.003206892149373669,-0.983585331026698,101.69370968554021,-55.70173681830468,24.57153269347299
0.68,-0.7205412906238498,0.2678513574132882,-1.0276288770191357,102.08694362634188,-70.8298631233439,45.16365910489292
0.69,-0.1702693549829189,0.5268252861713902,-1.029712078216172,102.35587360248157,-85.10749318308731,64.64968299637235
0.7,0.36282082003877697,0.7774112427803841,-0.999636840410525,102.52543132479973,-98.51087408534262,82.98437802271798
0.71,0.874426675601657,1.0176597526407014,-0.9454102233341622,102.61625782587458,-111.03548014979836,100.15110727690889
0.72,1.361589757585711,1.2462397718674958,-0.8735399973954756,103.00085533723073,-120.9645459936817,114.3206170453221
0.73,1.8224269178924757,1.462314540152581,-0.7892843557018644,103.60436194221855,-128.7512597023786,125.9739820548053
0.74,2.2559077137852728,1.6654388074309652,-0.6968626244723516,104.36604103131518,-134.776067655875,135.51883990495955
0.75,2.6616706557378005,1.8554740306998692,-0.5996328204923754,105.23691969279048,-139.35777889127263,143.30023355734392
0.76,3.0398720697993014,2.0325186542854383,-0.5002410515000129,106.17779679778266,-142.76302996382282,149.60989065749217
0.77,3.391062291974524,2.19685102774493,-0.4007470244355475,107.15756525632695,-145.2143466761843,154.6941610676449
0.78,3.7160847231403267,2.3488828913663387,-0.3027293002075108,108.1518010252698,-146.8970055703957,158.7608030681111
0.79,4.015993963827577,2.489121679273881,-0.2073733972796779,109.14157839484683,-147.96486927736385,161.98478203615383
0.8,4.242810523668947,2.5397725062769383,-0.07999521539306086,110.11247703100976,-148.54534504867752,164.51322244862163
0.81,4.410121490990169,2.521041131540577,0.0699097397293969,111.05375134571247,-148.74359449782898,166.46963427303257
0.82,4.529259255173757,2.4494816863277284,0.2347194906867568,111.95763712812997,-148.646104271432,167.95751777495605
0.83,4.609652883139728,2.3385938659877707,0.4083655735965049,112.81877410016637,-148.32371164073066,169.06343610025752
0.84,4.659126881377116,2.199327880633932,0.5860637531118353,113.63372624906661,-147.83416549158858,169.85963236337494
0.85,4.684155006881098,2.0405108937124936,0.7640877850358878,114.4005845154267,-147.22429158847058,170.4062571060215
0.86,4.690075696612567,1.8692066866365098,0.9395796722115547,115.1186387425551,-146.53182102845102,170.75326264170369
0.87,4.681274745053652,1.6910185798652644,1.110390825327119,115.78810777984788,-145.78693225549148,170.94201276055873
0.88,4.661340051749894,1.5103441765581347,1.2749493671604868,115.00827770246501,-141.58847159720227,167.60180560529838
0.89,4.633192567005612,1.3305892400173926,1.4321495262647765,113.13101283536776,-134.81147091199333,161.61193127384442
0.9,4.599196968263809,1.1543469411031153,1.581259671106111,110.4428567209438,-126.16616615438033,153.68699729704613
0.91,4.561255088472993,0.9835477912921355,1.721846052764225,107.1758644345732,-116.22552397817068,144.4043603726686
0.92,4.52088467912576,0.8195847892291646,1.8537097660217774,103.5167474585305,-105.44846162485125,134.2272733309941
0.93,4.479285714482944,0.6634176346929966,1.9768348157655007,99.61458371970828,-94.19940667270276,123.5243899032903
0.94,4.437396121014492,0.515659287709165,2.0913454973542027,95.58730861155206,-82.7647488707031,112.58617617109066
0.95,4.395938539749357,0.3766476581792132,2.1974715739243935,91.52717128481446,-71.36665541494237,101.63869726407702
0.96,4.307586711284655,0.1392784940362937,2.2146049360808773,87.50531346770576,-60.17465174701709,90.8551790655185
0.97,4.184711972127544,-0.16968676435494615,2.163335542480671,83.57560492854901,-49.31531063021465,80.3656857562234
0.98,4.037325547270888,-0.5286402002426931,2.060496373279253,79.77784987624855,-38.88034148406568,70.26520358572834
0.99,3.8734752759389037,-0.9202571870904573,1.9197809566519288,76.14046163501463,-28.933328520856847,60.62037810229107
1.0,3.6995800326388077,-1.3307631897224885,1.7522652164739474,72.6826884247728,-19.5153290877617,51.47511516806111
1.01,3.5207112208521907,-1.7493169387732233,1.566847912017775,69.41646067904433,-10.649511879801949,42.85522454391534
1.02,3.3408293458772462,-2.1674923413468603,1.3706218677932402,66.3479197381109,-2.3449875818358583,34.772257885680055
1.03,3.1629824986952224,-2.5788440817337563,1.1691864141245616,63.47867870930075,5.4000386397606155,27.226669992879916
1.04,2.989472576654373,-2.978544084815384,0.966909935313783,58.787796051160164,11.807636221299155,19.929318762566062
1.05,2.821994205456623,-3.363077913974515,0.7671501166100028,52.775514062096896,17.091146288081802,12.936044839941923
1.06,2.6617505899230856,-3.7299918001436225,0.5724383629678897,45.84547761637507,21.431472006585988,6.2848500110587215
1.07,2.509549890687673,-4.077682387989602,0.38463390528927377,38.321067234238434,24.98185461908785,-0.0005155924777708876
1.08,2.3658851851685654,-4.405222472621841,0.20505229073393844,30.459158219255094,27.871962312736343,-5.907584357802933
1.09,2.2310006108622398,-4.712217014408684,0.03457225317229201,22.461694141857617,30.211389088924463,-11.432721656914339
1.1,2.104945895989237,-4.998684585239099,-0.12627563891666058,14.48540609600865,32.09264724430405,-16.57911240690722
1.11,1.987621147164762,-5.264960138136775,-0.2772356713141921,6.649960450030399,33.59372539069929,-21.355112974762598
1.12,1.865803993421574,-5.459101574915672,-0.4326904200042679,-0.9552238953284231,34.780273871678475,-25.772908550546205
1.13,1.7424507351897336,-5.594981869091457,-0.5891574554075405,-8.265283427004265,35.707470757558184,-29.847425373403244
1.14,1.6198487916186413,-5.684132846365238,-0.7439547253974284,-15.23516834302164,36.42161412709799,-33.59545507569374
1.15,1.4997377287029823,-5.73611370636602,-0.8950548738991014,-21.83570261711273,36.961479908041,-37.03495511220219
1.16,1.3834104816471968,-5.75882399439215,-1.0409634739410214,-28.050319457946333,37.35947900738735,-40.18449493527581
1.17,1.2717978318443737,-5.758769152499778,-1.1806174728177878,-33.87236487580415,37.642642692708975,-43.06282241020286
1.18,1.1655387432165187,-5.741285614918121,-1.3133006989450342,-39.3028783382921,37.833461081584765,-45.688529064284474
1.19,1.0650387731230593,-5.71073141247407,-1.438573751777691,-44.34877337459863,37.95059606554303,-48.07979623593626
1.2,0.9705184401902066,-5.670647391657936,-1.5562159992311677,-49.021352818417704,38.00948695848697,-50.25420712929565
1.21,0.8820531471605193,-5.623893416475928,-1.6661777511997489,-54.49283791105391,38.50138018967081,-49.85079973312869
1.22,0.7996060142602819,-5.572763288344767,-1.7685409714381977,-60.49049318649328,39.31710500433233,-47.48005344960823
1.23,0.7230547716607207,-5.51908157636396,-1.8634871405045383,-66.7972841444626,40.368017674864866,-43.640106241137744
1.24,0.6522136832382329,-5.464285084747968,-1.951271095875572,-73.24221350065062,41.58257553707158,-38.73530124963475
1.25,0.5868513236141683,-5.409491285155287,-2.0321998570834636,-79.69220304678441,42.90344678255685,-33.09185209598973
1.26,0.5267049025955224,-5.35555569976159,-2.106615598366327,-86.04528571418709,44.28507559890406,-26.97105739873042
1.27,0.4714917224000666,-5.303119928135765,-2.174882062811545,-92.22490713588309,45.691633980187014,-20.5804324367861
1.28,0.4209182606504197,-5.252651760357622,-2.237373823670985,-98.17516570662092,47.095301584916356,-14.083072193472695
1.29,0.3166351061756835,-5.251352104396894,-2.2935870495841346,-103.85684555442612,48.47482363252294,-7.60551400416286
1.3,0.17285989249696856,-5.287717397420759,-2.344114940524138,-109.24411856986406,49.81430420596356,-1.2443286091574723
1.31,0.0010950587039373072,-5.352351709307457,-2.3895004985793884,-114.3218102134046,51.102198641785854,4.928365343411612
1.32,-0.18941550246110128,-5.437619577637781,-2.4302398086751364,-119.08313968715589,52.3304740904344,10.86029719235651
1.33,-0.39130153362712927,-5.537352702177595,-2.466785283456644,-123.52785860163492,53.4939119481429,16.51520912057438
1.34,-0.5987424397756955,-5.646602458431865,-2.499548830032226,-127.66072382363237,54.58952980876124,21.86966967310721
1.35,-0.8071950329241964,-5.761431358401042,-2.5289049074099026,-131.4902500432299,55.616103955035264,26.91043369499786
1.36,-1.0131651271640767,-5.8787375887149285,-2.5551934524739064,-135.0276959919338,56.57377628647889,31.632261872773547
1.37,-1.2140162754545463,-5.996107615225327,-2.578722659593629,-138.25343273403627,58.97146641076418,34.35940747962097
1.38,-1.4078099315604597,-6.111692579034455,-2.599771604738516,-141.19011497823914,62.43420624950192,35.516762592994446
1.39,-1.5931721693359178,-6.224104839153405,-2.6185927095410313,-143.85960421242197,66.65826946588703,35.45416318615548
1.4,-1.769182817486879,-6.3323315564452045,-2.6354140443188787,-146.2828130290241,71.3992199055274,34.45851421551072
1.41,-1.935283488454226,-6.435662675052281,-2.6504414718156855,-148.47960076315664,76.4618347748532,32.76405618774346
1.42,-2.091201510156504,-6.533631052188133,-2.663860635495808,-150.46871004767752,81.69162061582368,30.561048382300672
1.43,-2.236887221926115,-6.62596282449233,-2.6758387977587796,-152.26773568664385,86.96768132819446,28.003104150285086
1.44,-2.372127529032128,-6.754913371655038,-2.7134748939013864,-153.89311875887364,92.1967327903503,25.213379595299948
1.45,-2.4972574433940427,-6.909885316019376,-2.770167281668361,-155.36016013044218,97.30808886621413,22.289787676712887
1.46,-2.6126914333993514,-7.08235845598552,-2.8405638241513826,-156.68304861601118,102.24946947326279,19.309384681596033
1.47,-2.7188983252253007,-7.265536056022325,-2.9203526641125808,-157.8748999156498,106.98350354001468,16.33205450280975
1.48,-2.816381237322898,-7.454047108300156,-3.0060857812061137,-158.94780319325355,111.48481862955887,13.403597733070102
1.49,-2.905661681939451,-7.643696099758179,-3.0950304055245046,-159.91287277777434,115.73762520390429,10.558316804158965
1.5,-2.9872671054436952,-7.831253060409507,-3.185044080306952,-160.78030297877035,119.7337173435765,7.821174892896391
1.51,-3.0617212561665745,-8.014277732464281,-3.274469783182467,-161.55942442986463,123.47082355451965,5.209594759384476
1.52,-3.129536867561176,-8.190972610561463,-3.3620480434593074,-159.03657325289208,128.11445436360862,2.4779225202990345
1.53,-3.191210228354525,-8.360060382689596,-3.4468434451797116,-154.025068832196,133.37958633676098,-0.30301285838043013
1.54,-3.247217282268893,-8.520681967870672,-3.528183292665963,-147.1864940283475,139.03828745156886,-3.078213213019701
1.55,-3.29801095976163,-8.672311916401954,-3.605606546324718,-139.05592119370806,144.9098977355379,-5.8056601843369595
1.56,-3.344019494720731,-8.814688425177437,-3.678821419495879,-130.06320256728557,150.8527726914589,-8.45392961262147
1.57,-3.3856455215687813,-8.947755636190267,-3.747670268962926,-120.55091479756702,156.75735224065687,-11.000199524704588
1.58,-3.4232657839748075,-9.071616240931494,-3.812100618258588,-110.78946139891426,162.5403528136263,-13.428590589819716
1.59,-3.457231316379815,-9.186492715796941,-3.872141329152789,-100.9897632749627,168.13991009896813,-15.728787052332553
1.6,-3.487867984683964,-9.292695771306471,-3.9278830870381496,-91.313904316391,173.51152553463658,-17.89489395250125
1.61,-3.4977316528436413,-9.201660098629292,-3.8033499159341573,-81.88404501504093,178.62469150046653,-19.924493111185072
1.62,-3.4915368729527123,-8.961035957069743,-3.5427395831211923,-72.78987075283477,183.4600888727353,-21.817866043440105
1.63,-3.473144137208834,-8.609642896234,-3.182017209824997,-64.09480182157014,188.0072665816171,-23.577356819019116
1.64,-3.445699728011039,-8.178932898152977,-2.750282842616582,-55.841158361358616,192.26272645901696,-25.206852025024624
1.65,-3.4117539502188046,-7.6942257137135535,-2.2709257670567555,-48.05444445648794,196.2283483111041,-26.71135851048158
1.66,-3.3733609648744562,-7.175750483225346,-1.7625975097210014,-40.746890897188706,199.9101000836223,-28.096662592933292
1.67,-3.332162976644026,-6.639522767957416,-1.2400308203589239,-33.92037500183166,203.31698645502496,-29.369056959295797
1.68,-3.2894611266450404,-6.098081864581072,-0.714727935997975,-23.5323336600453,203.83191527914533,-29.218248615428095
1.69,-3.246275098885738,-5.56110962817448,-0.19553800990915526,-10.579812544301909,202.12464334325085,-27.980157076913322
1.7,-3.2033931542124323,-5.035948906110456,0.31085933990742787,4.133755255943841,198.74267507446834,-25.92895952278618
1.71,-3.1614140535373636,-4.528037010997212,0.7995499149246958,19.965724927132868,194.1313606800182,-23.28727763723905
1.72,-3.1207821162464926,-4.041267372379304,1.2670479502515932,36.40659650465052,188.650879945517,-20.23478246491017
1.73,-3.081816474941818,-3.578290549494041,1.711015790576068,53.05676998580231,182.5905762433908,-16.91545360695665
1.74,-3.044735429646961,-3.1407641140116667,2.1300313278467424,69.60703127628099,176.18103782702246,-13.443694721852289
1.75,-3.009676669504852,-2.7295594819390416,2.5233956403219975,85.82219946311184,169.60426562031822,-9.909477829790319
1.76,-2.9248387489350365,-2.2532774748531406,2.6521740258058335,101.52744998954309,163.0022171086178,-6.3826636650899
1.77,-2.8032142511716613,-1.7346125088834174,2.5763666486636794,116.59690026775539,156.48397343390002,-2.9166236848491116
1.78,-2.6553254130220205,-1.1916022301115448,2.3451077872788475,130.94410582032802,150.13174039491454,0.4487291857235083
1.79,-2.4896387023602324,-0.6384371068313368,1.9984448029798536,144.5141676680738,144.00586289014575,3.684409849353741
1.8,-2.3129143504104226,-0.08614038577568806,1.5688421462043762,157.27719665044052,138.1490056772736,6.770252719174486
1.81,-2.1305006223486864,0.45686182856028823,1.082451344201208,169.2229187674019,132.58963051933597,9.693159733268892
1.82,-1.9465811802022215,0.9842635265900155,0.5601819747893886,180.35623840745978,127.34488029655034,12.445648560727596
1.83,-1.7643826669931746,1.4914804277910565,0.01860353610237997,190.69360428176256,122.4229640119715,15.024653326114297
1.84,-1.5863485917707296,1.975318079838868,-0.5292962456439606,198.16059383737309,109.05215337202877,20.352490563267953
1.85,-1.4142846968071277,2.433696030940492,-1.0734748715803157,203.31327981217842,89.42157690750966,27.701655204787656
1.86,-1.2494802194630084,2.865419243019227,-1.6063016965693953,206.61356638957346,65.30509499080739,36.48356794275138
1.87,-1.0928088036923076,3.2699892453448336,-2.122111879817762,208.44404270055446,38.13091174222585,46.225211055524355
1.88,-0.9448122540601726,3.6474486651668627,-2.616834162620141,209.12059433395314,9.040272524683314,56.5494345628736
1.89,-0.8057698449033789,3.998253741824872,-3.0876809859747723,208.90310126680595,-21.06311205632086,67.15838019251797
1.9,-0.6757554871910935,4.323170257675146,-3.5328911790748063,208.00450355497753,-51.471514422147166,77.81955142158135
1.91,-0.5546847057052641,4.623189023596839,-3.9515169178689757,206.5984756888124,-81.63831474251188,88.3541270747458
1.92,-0.3408781276035312,4.839783812761935,-4.182939109791559,204.82591579614206,-111.14878224181436,98.62717524553193
1.93,-0.059411433000586794,4.989122826142055,-4.267417614391794,202.8004260690016,-139.69564387031448,108.53947505995362
1.94,0.26945962119542666,5.08463571410274,-4.238072381751477,200.61293521433151,-167.05870004103622,118.02069722943345
1.95,0.629486027983071,5.137445585914785,-4.122039369546368,198.33559179100078,-193.08785740547884,127.02373148060654
1.96,1.0077403389926256,5.156735806740963,-3.941449041927669,196.02503848577882,-217.6890429125446,135.5199806966515
1.97,1.394040165562556,5.150061135080678,-3.7142537435644827,193.72516126012795,-240.81254394275834,143.49546872617572
1.98,1.780463905193244,5.123611384355137,-3.454926441011973,191.4693934895495,-262.4433880917851,150.9476319718087
1.99,2.1609446448293452,5.082434616075346,-3.175050061854396,189.28264339192617,-282.5934348763246,157.88268462906194
2.0,2.5309302635377766,5.030625861984953,-2.883813864345401,187.18290292043446,-301.29490169767007,164.31346429431736
2.01,2.887099529993642,4.971486505540982,-2.5884308714971795,184.96329076381681,-310.56204189373665,168.84236650217983
2.02,3.2271255069677633,4.9076587091144885,-2.2944883477306166,182.6865832882218,-312.4612267017605,171.84437968472798
2.03,3.5494788720422035,4.84123863514554,-2.006241535038551,180.40173576334092,-308.6896459031887,173.63046200129253
2.04,3.8532648723016623,4.773871662338915,-1.726859357586211,178.1463567558018,-300.63531613704487,174.4576897123921
2.05,4.138088577620597,4.7068323290597975,-1.4586295130119789,175.94877987884524,-289.4278555951997,174.53786893319656
2.06,4.4039439054800855,4.641091334376413,-1.2031292646190201,173.82979489681844,-275.98139587417444,174.0448363532938
2.07,4.65112257984938,4.577371583222316,-0.9613673046834887,171.80409097469138,-261.0308033397305,173.12064212253551
2.08,4.880139774603224,4.516194967757112,-0.7339012524721682,169.88145698783327,-245.16221212836356,171.88078028769658
2.09,5.011544333483461,4.427181090795361,-0.45179450542799826,168.06777707621018,-228.8387249176551,170.41860828465278
2.1,5.066161021790463,4.318245152327842,-0.13226139432499312,166.36585387705793,-212.42201244511807,168.80907649662467
2.11,5.061133610935035,4.195758509558526,0.2109335718995732,164.776086960878,-196.19043551387693,167.1118713074059
2.12,5.010519739952988,4.064810962601415,0.566882224604326,163.297029806914,-180.3542213709911,165.37406000148204
2.13,4.925794577170593,3.929431591296731,0.9270337208219598,161.92584508267728,-165.0681477089224,163.63231293911093
2.14,4.816276787272031,3.7927744071525704,1.2847756519757425,160.6586749487667,-150.44212025344913,161.91476736105943
2.15,4.689488357704819,3.6572741660554384,1.6350830422032363,159.49094051891694,-136.5499723538923,160.2425876940972
2.16,4.551458163853285,3.524776900745831,1.9742248090617358,158.41758240045516,-123.43676580026451,158.631269110109
2.17,4.406977716000497,3.396649058544009,2.299518805421185,155.59575224100075,-110.9684238170141,153.56273967689756
2.18,4.259816299425697,3.2738685534434886,2.609127883799182,151.4793392714028,-99.18862411394716,145.92647895964353
2.19,4.11290166330709,3.1571005487033483,2.9018905549979737,146.43608029043872,-88.1200489645061,136.4436155517515
2.2,3.968471509664608,3.0467603646256887,3.177180778962706,140.7620057536,-77.7689516006449,125.69511669958803
2.21,3.8282002590685735,2.943065546118954,3.434792250764411,134.69362047143284,-68.12890906267859,114.14556100496932
2.22,3.693304906908038,2.8460788171666263,3.674843248694398,128.41815954490747,-59.183893540443776,102.16315797307422
2.23,3.5646332168646895,2.755743386919272,3.8976987119736943,122.08221040514731,-50.91077394466331,90.03658124595025
2.24,3.4175093570367405,2.593120910840528,4.048008211797317,115.79894918243801,-43.28134216125853,77.98909929477797
2.25,3.2585568650272676,2.3776946414858564,4.140426122415445,109.6542031028256,-36.26394373081958,66.1904161869308
2.26,3.0930317091914645,2.1252065033629695,4.187076755194707,103.71151933714071,-29.8247801867207,54.76657411706452
2.27,2.925060688173561,1.8482879991225876,4.197957899741413,98.01639396439538,-23.928939657852485,43.80821724924402
2.28,2.757841598829017,1.5569918474522546,4.181283011976525,92.59979182019357,-18.541203320783815,33.3774718152995
2.29,2.593811005442897,1.2592393118382146,4.1437710820944,87.48106843134853,-13.626667635828367,23.51365928282168
2.3,2.434784582296603,0.9611959906362431,4.090891915745672,82.67038851752423,-9.151215820224532,14.23802682384926
2.31,2.2820742648518375,0.6675869636122924,4.027073445951402,78.17072126291619,-5.081866526711838,5.557651490825857
2.32,2.136585814544879,0.3819605841156381,3.9558767355471725,72.80151164199883,-1.4367886687613094,-2.5636148499393405
2.33,1.99889986330135,0.10690883131170525,3.88014350827601,66.85045254720275,1.8265020298064605,-10.129918581932394
2.34,1.8693390433914396,-0.1557490392930512,3.802120341954714,60.54690024732446,4.746498017306683,-17.153105570771878
2.35,1.7480234149699232,-0.40481381461086396,3.723563053021929,54.071963341990696,7.358034054341124,-23.6507315064338
2.36,1.6349160679757948,-0.6395797392352696,3.6458242841042976,47.56698098725093,9.692600191221537,-29.64444935551193
2.37,1.5298604887462934,-0.859729888725279,3.569926862837607,41.1406354346025,11.778633652407766,-35.1587107344075
2.38,1.4326110376370453,-1.065249989292235,3.4966251205734586,34.87490783281539,13.641790010934603,-40.219727919274305
2.39,1.3428576760434487,-1.2563577070811194,3.4264560347685102,28.83005534343439,15.305194269635859,-44.85465162457429
2.4,1.2552370448851722,-1.3985248705900917,3.3103044841558384,23.048761182135895,16.789672635365946,-49.09092682668562
2.41,1.170618357828286,-1.5010005602986785,3.1607624769030767,17.55958658704586,18.11396588982545,-52.95579496851014
2.42,1.0896202012092906,-1.5714862827271483,2.9879924951485703,12.379834387882465,19.294925336367488,-56.47591601508657
2.43,1.012659609403977,-1.6163783470438338,2.80013812638108,7.517917338712325,20.34769234487049,-59.67708817551092
2.44,0.9399927874060967,-1.640973828363736,2.603669998318766,2.975310280149057,21.285862533492004,-62.58404677996846
2.45,0.8717488020107493,-1.649645433931103,2.4036767752973263,-1.2518468315657736,22.121635622694537,-65.22032690244426
2.46,0.8079573631610185,-1.645989828288445,2.2041095455575155,-5.171438247854227,22.865951978135627,-67.6081769352391
2.47,0.7485716464923025,-1.6329533204012778,2.0079867048886366,-8.79430606270235,23.52861682873684,-69.76851252385954
2.48,0.6934869626913746,-1.6129382546688955,1.8175653939876413,-13.216746919965722,24.11786621702938,-69.56566766946176
2.49,0.6425559553642364,-1.5878929659883387,1.63448464979801,-18.182260249433526,24.64169987029977,-67.55668223922812
2.5,0.59560090357683,-1.5593877454987197,1.4598846636247296,-23.485977294659914,25.107264700611484,-64.19626082796755
2.51,0.552423615433709,-1.5286789087879378,1.2945058825916753,-28.96576098093231,25.520943012871832,-59.85365282828418
2.52,0.5128133227079803,-1.4967627539814337,1.1387711301977483,-34.49472406915754,25.88843198612004,-54.82691147183466
2.53,0.47655292167253205,-1.4644209361767442,0.9928534427368082,-39.974950088749395,26.21481523148007,-49.35492334780558
2.54,0.44342385022863373,-1.4322585610422671,0.8567319094817631,-45.3322332586127,26.504627165716972,-43.627542981786355
2.55,0.4132098447445766,-1.4007361088136476,0.7302374557477168,-50.511680759623474,26.76191087840277,-37.79411824871247
2.56,0.3856997804717114,-1.3701961358758976,0.6130902106115295,-55.47404395946573,26.99027011345279,-31.970650558566646
2.57,0.36685803156792846,-1.375019216972372,0.4886316133883309,-60.1926650662283,27.19291593226526,-26.245797912071144
2.58,0.35494736394522075,-1.406841775671667,0.36051992780512676,-64.65094267818358,27.372708575851917,-20.685898230971915
2.59,0.3485294096099411,-1.4588385819309446,0.231613091533531,-68.84023421424021,27.532194997100266,-15.33916409652138
2.6,0.3464170944218373,-1.5254688463805333,0.10411163733287908,-72.75812560568606,27.67364249153884,-10.239177554574542
2.61,0.3476342891306041,-1.6022617543750537,-0.020321610997821274,-76.40700920842295,27.799068815538078,-5.40779442785627
2.62,0.351381621186838,-1.685635547146248,-0.14046149470417277,-79.79291991663676,27.910269144607213,-0.8575511522773382
2.63,0.3570075375863478,-1.7727451143125337,-0.2554370854370954,-82.92458714766553,28.008840191166282,3.4063468735921143
2.64,0.36398384017993574,-1.8613537967630878,-0.3646622707570347,-85.81266691598965,28.096201770701096,7.384388410998537
2.65,0.37188502747534,-1.9497257286898702,-0.46777815841203463,-88.66928002117547,29.804944217990233,10.794304769153477
2.66,0.3803708735690817,-2.0365355870605337,-0.5646054292977059,-91.45716688262749,32.72835729141488,13.715970343847829
2.67,0.38917175771008583,-2.1207930788277523,-0.6551050518617711,-94.14887448151065,36.536074233702266,16.21816788785057
2.68,0.398076329041322,-2.2017798916053453,-0.7393460120770436,-96.72488690125695,40.96134074836445,18.360113384230004
2.69,0.406921151950529,-2.2789971718318567,-0.8174789189281577,-99.17207000541808,45.79027386508449,20.192773008266915
2.7,0.41558202961616364,-2.3521218836954065,-0.8897145207527895,-101.48238092883179,50.85281214405632,21.760000329666003
2.71,0.42396674799116263,-2.420970649283196,-0.9563063171380107,-103.6518004806824,56.015102214768255,23.099518117461148
2.72,0.3516502081846593,-2.6405972565412976,-0.9899335781651644,-105.67945289568237,61.17310396867632,24.243765828156477
2.73,0.2186767135174199,-2.9722314830898235,-0.9977969408552483,-107.56688277754668,66.24722870262661,25.22063101559264
2.74,0.04134044863910505,-3.38443975836776,-0.9858119538389805,-109.31746369057488,71.17785189420377,26.054080440104823
2.75,-0.16719018304334077,-3.8518967854029342,-0.9588178395009164,-110.93591678507187,75.92156573003311,26.76470452387032
2.76,-0.39634571069016117,-4.354349621954818,-0.9207541450936342,-112.42792118890438,80.44805656168317,27.37018695481781
2.77,-0.6377116191902243,-4.875745299596811,-0.8748100486709707,-113.799800745137,84.73750961151396,27.88570964484295
2.78,-0.884654758210738,-5.403497282485262,-0.8235503959618851,-115.05827409685986,88.77845790573575,28.324301866192776
2.79,-1.132009477801276,-5.927869686845399,-0.769021952544587,-116.21025717713424,92.56600492934717,28.697141194004477
2.8,-1.3758143962721365,-6.44146128257667,-0.712842848169709,-117.26270890770157,96.10036118290363,29.01381284820399
2.81,-1.613092046409637,-6.938773953018164,-0.6562777550050413,-118.21540303098435,99.49283137417493,26.875189304572302
2.82,-1.8416647934460104,-7.415852560809023,-0.6003009687538888,-119.0768343905136,102.72366270227053,22.89014636797035
2.83,-2.0600013998731397,-7.869985111136259,-0.5456492422685707,-119.85493283155141,105.78025753624574,17.553704879509944
2.84,-2.2670894516708926,-8.299453765119045,-0.4928659478928026,-120.55707171872798,108.65569326012918,11.265980773040102
2.85,-2.4623295780211896,-8.70332867574463,-0.4423379108255301,-121.19008315236742,111.34750035716291,4.348176601320379
2.86,-2.6454480094765547,-9.081297831133835,-0.39432605571425067,-121.76027807574188,113.85665730087369,-2.9439419301731644
2.87,-2.8164245427864976,-9.433527124617227,-0.34899083764914224,-122.27346981276698,116.1867671437011,-10.408705541313953
2.88,-2.9754334269958838,-9.760545753618304,-0.30641328260477574,-122.73499986435233,118.34338608362052,-17.889013610135592
2.89,-3.241999128546884,-9.89641903592197,-0.16342636885823303,-123.14976503096688,120.33347888006475,-25.264343090793787
2.9,-3.5867479292883235,-9.883823642124433,0.05420228961737367,-123.52224512679727,122.16497989796636,-32.444058816754065
2.91,-3.985968965335858,-9.757753721214998,0.32557808611248856,-123.85653071381121,123.84644188201656,-39.36182470355562
2.92,-4.420657477851379,-9.54677470799973,0.6338637883335533,-124.15635041771546,125.38675738727349,-45.97094515277001
2.93,-4.875708769029647,-9.274083718069292,0.9655916730288442,-124.42509749699035,126.79494018993466,-52.240491431812735
2.94,-5.33924013619692,-8.958405292683969,1.3100842304826006,-124.6658554249197,128.0799560358794,-58.15208957620775
2.95,-5.802021383931287,-8.614747087425144,1.6589670443068423,-124.88142231622624,129.25059380799524,-63.697264959006944
2.96,-6.256997364478984,-8.25503652265784,2.005759854198733,-125.07433408744177,130.3153696521465,-68.87525454960308
2.97,-6.698888437640831,-7.888656347716342,2.3455338671753565,-122.62462067653739,131.18237977263502,-72.4591019619407
2.98,-7.123856830567233,-7.522894442718691,2.6746251448109692,-118.18992413261783,131.8844284778116,-74.76643665323138
2.99,-7.529228665298895,-7.163320930412384,2.9903954019880636,-112.30476701098226,132.44920908837162,-76.06038918791906
3.0,-7.913262950245029,-6.814103742390175,3.291032842608213,-105.40105658955844,132.90006911695082,-76.55825300060307
3.01,-8.274960137934334,-6.478272133710825,3.575386760542261,-97.82538677331895,133.25666401200442,-76.43883226342986
3.02,-8.613903966978734,-6.157936228101466,3.842830576452044,-89.8536178863025,133.53551536896725,-75.84866899179052
3.03,-8.930131258481811,-5.8544694686802154,4.093148785875909,-81.70314453708205,133.7504872771268,-74.90731476831992
3.04,-9.042678540125076,-5.4013050674251915,4.239692777686744,-73.54320173006825,133.91319254623136,-73.71178863209525
3.05,-8.997524762943746,-4.840609102910795,4.3044948842655595,-65.50350797579098,134.03333889997967,-72.34034222104674
3.06,-8.832336640368293,-4.206345159721479,4.305700827048316,-57.68150011742571,134.11902379738103,-70.85563569975888
3.07,-8.577828286515707,-3.5256661069715114,4.258197114068734,-50.14837689590503,134.17698531574487,-69.30741294596413
3.08,-8.258910823620514,-2.8200860961633873,4.174142316411417,-42.95413602480474,134.2128154733087,-67.73475155718432
3.09,-7.8956632219723115,-2.1064659770108642,4.063416450761106,-36.13176196685601,134.23114146154805,-66.16795217269379
3.1,-7.504151101617088,-1.3978404642689193,3.934000640329444,-29.700698032381887,134.2357794765821,-64.63012212561988
3.11,-7.097116336007354,-0.7041112206966657,3.792297462962555,-23.669716285169166,134.22986516814595,-63.1385003219911
3.12,-6.684556963337287,-0.03262645263827346,3.643400882432241,-15.35576592737866,131.28963597624724,-58.99798506105671
3.13,-6.274214053584622,0.6113354393539061,3.4913233616757156,-5.423823201455013,126.14876303282092,-52.894106297824806
3.14,-5.871979731217977,1.2241632247955139,3.339186644820318,5.591708326228015,119.40334835687233,-45.38240045882187
3.15,-5.482238457355734,1.8035785257618149,3.1893817421525865,17.26474485013802,111.53485352127305,-36.91019741866616
3.16,-5.108151881158771,2.3483590292241106,3.0437028363264704,29.25879244109821,102.92944567024747,-27.83499188138028
3.17,-4.751896035614866,2.8581100704808042,2.903459129735749,41.311207136659945,93.8942982894584,-18.43991264374921
3.18,-4.414858340813831,3.3330768197166973,2.7695680554751068,53.21999016706408,84.67130575901898,-8.946728217379341
3.19,-4.097800756656572,3.773990489917355,2.6426327633775046,64.83273046898188,75.44860354416662,0.4732369874566409
3.2,-3.6648954382134122,4.148801292259774,2.393810199687504,76.03736398968485,66.37022832429267,9.68995676948018
3.21,-3.150058343808283,4.46714566761163,2.05555554624223,86.75446835725923,57.544203072759615,18.607055528068823
3.22,-2.580536563032352,4.7372838039339635,1.6541146780381575,96.93085346122619,49.04928991029275,27.155427272487177
3.23,-1.9780455970783986,4.966293130119282,1.2105693777250683,106.53424436174424,40.94061745918073,35.28792408817486
3.24,-1.3597265200655535,5.160234940321802,0.7417182668959051,115.54888359242614,33.25435855974839,42.974946398808015
3.25,-0.7389502811015697,5.324297842815579,0.2608181934970785,123.9719060879103,26.011607831124437,50.20079256790515
3.26,-0.1259924062525576,5.462921223743383,-0.22179280322228997,131.81036229401676,19.221586025910405,56.96064690724663
3.27,0.47140206677641355,5.579901480645242,-0.6981729287852082,139.078784056598,12.884278893388561,63.258103527879214
3.28,1.0475465216458382,5.678483404200647,-1.1623391041570486,143.80439162393992,2.558539309217327,70.54032661980293
3.29,1.598419174254525,5.761438761232118,-1.60990137742366,146.50931945481202,-10.659504189745293,78.4627268054976
3.3,2.1213357180603243,5.831133850815086,-2.0377581276211645,147.62489986509203,-25.885435943798782,86.75147507570918
3.31,2.614677795066947,5.889587562358061,-2.4438425749970483,147.50620521257062,-42.41075195949913,95.19119690640696
3.32,3.077668450977221,5.938521254596306,-2.8269125335348804,146.44437331903748,-59.67270098777754,103.61463721574734
3.33,3.5101870711120053,5.979401593113145,-3.1863765559539257,144.67704309869123,-77.22891671274417,111.89399573046502
3.34,3.912617435416575,6.013477327397706,-3.522150658181727,142.39718025657157,-94.73611450666012,119.93367664438223
3.35,4.285723504408876,6.041810853218735,-3.834540694915798,139.76053248281477,-111.93223298158546,127.66423438090662
3.36,4.5455272055997185,6.039749601843917,-3.9564495715572616,136.89191886723825,-128.6214920017379,135.03732972010644
3.37,4.714524348611462,6.014449556231262,-3.9306164838053004,133.89052849176187,-144.66191707963995,142.02153829667964
3.38,4.811357140157774,5.971752621992959,-3.7920720965607466,130.834377634104,-159.95494702866432,148.59887718660787
3.39,4.8514260877454545,5.916403334498118,-3.569397876692874,127.7840531394268,-174.43679898918825,154.76193555254343
3.4,4.847409139996249,5.852231921658347,-3.2857910384082074,124.78585077413604,-188.0713138653833,160.51151260532936
3.41,4.809701693438322,5.7823087474269865,-2.959964020996382,121.87440132611441,-200.84404699144852,165.8546808862853
3.42,4.746789137582436,5.709074430477554,-2.6069032260873843,119.07486347800233,-212.75740450997583,170.803205446919
3.43,4.6655619286055465,5.634449306086933,-2.2385081452025677,116.40475072744773,-223.8266563677549,175.37226021292105
3.44,4.571581738473155,5.559925362317755,-1.8641289247563397,114.24513709456299,-229.31176084687087,177.6543917960645
3.45,4.469305987614399,5.486643321583264,-1.4910177727778786,112.51011831165806,-230.43579773171166,178.1499395113452
3.46,4.362277006681689,5.41545714474618,-1.1247073474697151,111.12728962925182,-228.20332916335988,177.2698910197422
3.47,4.253281161800682,5.34698789771863,-0.769327328913938,110.03571319070248,-223.43591842878806,175.35040243992518
3.48,4.144482496785525,5.281668632061308,-0.42786871581789077,109.18418263320841,-216.8021833909317,172.66508455162895
3.49,4.037534776746021,5.219781684416462,-0.10240396960657511,108.52974236835814,-208.8431959183396,169.43538669103293
3.5,3.93367524457912,5.16148958880687,0.20573008561156617,108.03642498795156,-199.99392122966222,165.83936194321674
3.51,3.833802911442288,5.106860615780669,0.49578073592527494,107.67417540001603,-190.60129030818015,162.0190560590572
3.52,3.7385437827681147,5.055889798685911,0.7674542379478757,107.41793474050263,-180.93941212910514,158.08672720932478
3.53,3.648014093896199,4.97592106686827,1.002728837340994,107.24686092711732,-171.22235836498353,154.1300734148527
3.54,3.5625199087615105,4.875000318025571,1.206459361292897,107.143666008633,-161.61488975862505,150.21661855010294
3.55,3.482216877818366,4.759615067848731,1.3828556630483715,107.09405328965855,-152.24143898565336,146.39738559818352
3.56,3.4071430591616094,4.634958328371952,1.5355680087197756,107.08623964091782,-143.19361828469607,142.7099668131486
3.57,3.33724588457813,4.505150866454231,1.667761195113198,107.11055049358636,-134.53648030607727,139.18108416815082
3.58,3.27240422146612,4.373428124260128,1.7821788816470185,107.15907681057341,-126.31372656766479,135.82871954669702
3.59,3.2124463353105797,4.2422971634512034,1.88119942474874,107.22538486872642,-118.55202879032296,132.6638822342293
3.6,3.157164432858516,4.1136682065279455,1.9668843339242965,107.30427100905096,-111.26460351094683,129.6920711007114
3.61,3.1063263601552404,3.988964673781577,2.041020321669265,106.02272649134552,-103.96470597656594,124.04557395003812
3.62,3.0596849394893697,3.8692150366198015,2.105155791635424,103.71962638417502,-96.76932027092172,116.43949683545955
3.63,3.016985352737541,3.7551293138456323,2.1606324984589613,100.67038371799487,-89.76637933580471,107.45196126593129
3.64,2.977970913619148,3.6471626149428213,2.2086130162073108,97.09752007173202,-83.02019988023382,97.54717681010604
3.65,2.9423875162688287,3.545567773361875,2.2501045686051513,93.17958510706622,-76.5760124864337,87.09488593283191
3.66,2.90998700085579,3.450438804442684,2.2859797014002927,89.05867264807104,-70.46372819295495,76.38672749659342
3.67,2.8805296374793112,3.3617466594195116,2.316994213987193,84.84674480215176,-64.70106165274535,65.64998543608905
3.68,2.85378589618358,3.2793685224577147,2.3438027124679888,80.63094467321119,-59.29611286957324,55.0591206329515
3.69,2.818860158376167,3.153452721932937,2.3343688329850356,76.47805170459714,-54.249494068870014,44.745425367534445
3.7,2.7782157941427394,2.9961708321259524,2.297334287240509,72.43821098324267,-49.55607507975551,34.80508951795679
3.71,2.7338281747430413,2.817331809740512,2.239746646166722,68.54804839996748,-45.20640936809354,25.305924718780815
3.72,2.6872681821597872,2.6247824674494633,2.1673228483732494,64.83326693152294,-41.18789328622588,16.29295595505576
3.73,2.6397724662419866,2.4247447449539816,2.08467173993179,61.31080508956504,-37.48570295344867,7.793058667906021
3.74,2.5923024577073894,2.2220993207784723,1.9954817703448633,57.99062642791656,-34.08354624626849,-0.18120737487902883
3.75,2.5455938502714104,2.020623709756934,1.902679078468234,54.877198617780756,-30.964261482235717,-7.628439089278848
3.76,2.5001980125427483,1.823191793353617,1.8085604381491236,51.9707117378677,-28.11028937411319,-14.555797150471227
3.77,2.4565165740857613,1.631940704336177,1.7149048785587246,48.57299970890509,-24.64052492611136,-20.94680885122053
3.78,2.4148302450470402,1.4484101095519468,1.6230672332698453,44.852282675653946,-20.753509537389473,-26.827320811931394
3.79,2.3753227705479096,1.2736581837085215,1.5340563918257057,40.942401139638946,-16.607771012627566,-32.22509840978922
3.8,2.3381007858447016,1.1083579251142033,1.4486006164727598,36.94878243019561,-12.328724751284426,-37.16894223612116
3.81,2.3032102227774844,0.9528769157980189,1.3672019350857736,32.95345273968124,-8.014474851954764,-41.68799545884216
3.82,2.2706498194482485,0.8073431599809713,1.2901813206631472,29.01924010569866,-3.7406823219686984,-45.811208169068514
3.83,2.240382200970423,0.6716992350588415,1.217716110860462,25.193292290529207,0.43535702633264384,-49.56693028831887
3.84,2.168695974308175,0.5439376326175415,1.1348614641230865,21.510015161875575,4.471303480089412,-52.982609265739946
3.85,2.0664187230463265,0.42420720836377207,1.0453470085878602,17.993521482720833,8.33692964812054,-56.08457272867577
3.86,1.9423183006263747,0.31249644278879596,0.9521323003095172,14.659666595825469,12.01175393851749,-58.89787957172545
3.87,1.8034485818888117,0.20867120910187986,0.8575410658415746,11.517736016861432,15.483076411813318,-61.44622577075215
3.88,1.6554409600133524,0.11250560504311789,0.7633739165482816,8.571840151453632,18.744353392745854,-63.75189356733897
3.89,1.5027497501397453,0.023706992481829545,0.6710028191745372,5.822062986509323,21.79385684076067,-65.83573465273608
3.9,1.3488584683593314,-0.05806378889293543,0.5814501224481619,3.265404469809628,24.63357268626013,-67.71717964541924
3.91,1.1964529328030875,-0.13317621855653775,0.49545452460377826,0.8965502074956486,27.26829933849784,-69.4142675516076
3.92,1.04756625819279,-0.20201721597778738,0.4135260118072381,-2.403846793455611,28.844679129453304,-69.26423690866419
3.93,0.9037000657850187,-0.2649810075037787,0.3359914940128989,-6.365887500536175,29.586131170505876,-67.70235035533777
3.94,0.7659255893199278,-0.32246125402361925,0.26303260548265645,-10.772592284073854,29.6767564648976,-65.08391609802008
3.95,0.6349678090682187,-0.3748450325462531,0.19471691574102304,-15.450888238906234,29.267676511152235,-61.69747554010466
3.96,0.511275277171313,-0.42250833121910947,0.13102360772413146,-20.264022809966868,28.482401601079186,-57.77594329201153
3.97,0.3950778968569429,-0.4658127734652165,0.0718645186530093,-25.10518796890443,27.42137234803765,-53.506005410002544
3.98,0.2864345760403635,-0.5051033343494982,0.01710130172897812,-29.892170841076872,26.165797258239632,-49.03603724393312
3.99,0.18527238391453915,-0.5407068523023154,-0.03344065031799853,-34.562873792567075,24.780891372953032,-44.48276414422477
4.0,0.12545402769454025,-0.6494066886677174,-0.11543169719274632,-39.0715701961679,23.318605751828088,-39.936855596882054
4.01,0.0982242076558764,-0.8123724588745453,-0.22021984718758844,-43.385781955234656,21.819924483281987,-35.4676153559965
4.02,0.09637045156915133,-1.0143392445192332,-0.34082471441508333,-47.483681849594596,20.316794692000098,-31.12690616600606
4.03,0.11397420938448445,-1.2430104515828342,-0.4716548047233985,-51.35193828668902,18.833745403487402,-26.95242714295078
4.04,0.1462000675652163,-1.4885542436849222,-0.6082693612918991,-54.983932444984916,17.38924289504038,-22.970444326190474
4.05,0.18911744230413263,-1.7431794869555062,-0.7471780473944715,-58.37828838735232,15.99682311677562,-19.198059898886637
4.06,0.23954992542761339,-2.0007791968508672,-0.8856727282012149,-61.537665759049986,14.666035737842044,-15.645092745187036
4.07,0.29494815585922185,-2.2566312372887083,-1.0216864568157338,-64.46777239114584,13.403229217442245,-12.31563205336723
4.08,0.3532826892231218,-2.507147530166294,-1.153675491898479,-67.99523271273259,13.787201924988613,-8.78767569473383
4.09,0.41295385243574634,-2.7496643242418477,-1.2805207923227921,-71.924925385311,15.425990405375854,-5.1628704092999165
4.1,0.4727160109511035,-2.9822671771396645,-1.4014459630801133,-76.10117575360836,17.999891141838336,-1.520552746869266
4.11,0.5316140540183129,-3.2036452492467484,-1.5159490787680603,-80.4009429456859,21.249520000351204,2.078261615724034
4.12,0.5889302267726089,-3.412970316184254,-1.623746197360894,-84.72809384359392,24.96572775139463,5.587537289963841
4.13,0.6441397148692947,-3.609796596867903,-1.7247247069497682,-89.0085986584986,28.98109422092171,8.973427473523008
4.14,0.6968736242734871,-3.7939780836902606,-1.8189049298076598,-93.18650717837095,33.16276398320148,12.2119461066617
4.15,0.7468882014067987,-3.965600564480968,-1.9064086484049885,-97.22058558923618,37.406421113959404,15.28703154286692
4.16,0.7778128901275091,-4.2049906268913375,-2.06477142282474,-101.08151159772305,41.63123018104032,18.188940227729248
4.17,0.7936386847710607,-4.4925247742541,-2.274911243508226,-104.74954082925639,45.775596057695395,20.9129181391437
4.18,0.797657110595482,-4.812426515605995,-2.5214094305392036,-108.21257050919198,49.793616899857945,23.458105647271264
4.19,0.7925727317642502,-5.152111231397196,-2.791892957632621,-111.46453756868652,53.65212324932837,25.82663819806782
4.2,0.780598461537772,-5.501634713309253,-3.076513955600509,-114.50409782410131,57.3282121536209,28.02291097605162
4.21,0.763536216184097,-5.853229696127714,-3.3675117516134154,-117.33354099115166,60.807198812319555,30.05298060331966
4.22,0.7428450874573129,-6.200917000221104,-3.6588449430668373,-119.95790321293785,64.08091989769322,31.924081105394883
4.23,0.7196988937843484,-6.540179873664149,-3.9458828405379434,-122.38424467629076,67.14633263653097,33.64423492564943
4.24,0.6950347002881045,-6.867691809992979,-4.225147186405854,-125.91059608297829,72.12459659850782,32.46623952356855
4.25,0.6695936662005412,-7.181089561088599,-4.4940964014233815,-130.22404336180188,78.48960190379466,29.087754801294608
4.26,0.6439553796928671,-7.4787842992541735,-4.750945762898936,-135.07271330399803,85.8168778421581,24.0773092670334
4.27,0.6185666700277279,-7.759804937861345,-4.994517902733361,-140.255402629992,93.76640354743391,17.895681947567265
4.28,0.5937657412211725,-8.023668521515877,-5.2241188550638835,-145.61284602598752,102.06812789135704,10.913956500670267
4.29,0.5698023466470727,-8.270273366477692,-5.439435602081566,-151.02037545376552,110.50978987512073,3.4287453850667786
4.3,0.5468546172599171,-8.499811288925368,-5.640451680234456,-156.38175935231797,118.92669064589104,-4.32499052195881
4.31,0.5250430648031899,-8.712695818784912,-5.827377932566598,-161.62404145664223,127.19311953842,-12.163163598869671
4.32,0.32922398456595825,-8.887424102290112,-5.7121946424370424,-166.69322559188043,135.2151804477247,-19.94351242964721
4.33,0.0032400640004847103,-9.030208880250497,-5.367508472768522,-171.55067559242406,142.92480241816537,-27.55802162149803
4.34,-0.4173078136824635,-9.1463058996225,-4.852494882354053,-176.17011898983364,150.2747504827502,-34.92658313367291
4.35,-0.9036851604446822,-9.24015608789759,-4.215121447781193,-180.5351597786342,157.23448027465497,-41.99170717996815
4.36,-1.4328635484275578,-9.315507136922307,-3.4940252174397664,-184.6372198078935,163.7867034235406,-48.71411935322595
4.37,-1.986543071282766,-9.375517422317444,-2.720095850187115,-188.4738405051718,169.92455081216332,-55.0691050584823
4.38,-2.550330032979992,-9.422844774849386,-1.9178087588501302,-192.04728701550718,175.64923789388754,-61.043483222530405
4.39,-3.1130463312641177,-9.459722267024633,-1.1063460208132179,-195.3634056872404,180.96815087999065,-66.63310907902769
4.4,-3.6661504607118998,-9.488022874049047,-0.3005372835535003,-198.430693378298,185.893285058726,-71.84082104604863
4.41,-4.203253021371735,-9.509314606395098,0.4883518478414943,-194.7429808077281,190.09216467902766,-75.38413456695451
4.42,-4.719712153417987,-9.524907485747619,1.2519605133182639,-185.94109167076473,193.6693981589613,-77.59777875378941
4.43,-5.212296486493743,-9.535893542037087,1.9842824366783178,-173.36119061792147,196.7147895395517,-78.75880666630694
4.44,-5.678905046403404,-9.543180842289381,2.6812079180527606,-158.08531014593333,199.30540507251075,-79.09578418266712
4.45,-6.118335146234186,-9.547522418384272,3.340143537885494,-140.9840060635372,201.50735447942455,-78.79658284077621
4.46,-6.530090642257218,-9.549540837294668,3.959697300915469,-122.7523199057099,203.3773259241019,-78.01498208150386
4.47,-6.914224090114582,-9.549749051190211,4.53941880228349,-103.94005506759665,204.9639084376189,-76.87625678016246
4.48,-7.271207322222338,-9.54856807352914,5.079585579857701,-84.977226315485,206.30873094894255,-75.48190058413292
4.49,-7.4312329948951135,-9.256906386358489,5.434004041127681,-66.19541626597005,207.44744310684752,-73.91361379992071
4.5,-7.4379626349899715,-8.747402619831607,5.640671159269889,-47.845664442654396,208.41055964794901,-72.23666589013447
4.51,-7.3272198495158785,-8.079074507649596,5.730986981608925,-30.11342207101187,209.22418709898065,-70.50272661717105
4.52,-7.128267594238591,-7.299589132578218,5.73081015837461,-13.131026660363501,209.91064903650516,-68.75224613291513
4.53,-6.864888592631939,-6.447178437092659,5.661352666236234,3.0119172424823315,210.48902390997696,-67.01645254132988
4.54,-6.556298160266971,-5.552253210281956,5.539937435282849,18.259922586184885,210.9756075176354,-65.31902537681415
4.55,-6.217914451733373,-4.6387610020943555,5.3806391735328685,32.58449051204801,211.38431056853588,-63.67749480746908
4.56,-5.8620075115790025,-3.725326764543,5.1948257516690886,45.978230291036226,211.72700033299816,-62.10440898394755
4.57,-5.498245393154891,-2.826209320721759,4.991614995059804,59.663543023526636,206.65113770996152,-57.1290869318147
4.58,-5.134152936968385,-1.9521018821598437,4.778259572108009,73.358258287097,197.50600626873094,-49.62666717421588
4.59,-4.77549651056046,-1.1108006576021296,4.560470817471354,86.84619243753218,185.38823356733985,-40.306663544582165
4.6,-4.426606051114386,-0.30776202227509664,4.342690742554676,99.96506082712267,171.18387259959763,-29.740697319634748
4.61,-4.090644073552323,0.4534343394952115,4.128320126719177,112.5963809249791,155.60391063055127,-18.385884204915094
4.62,-3.769829870832113,1.170701517420991,3.9199094188651356,124.65705748544762,139.21419105064777,-6.604529145131059
4.63,-3.465625905142701,1.8431281143107128,3.7193181828696176,136.09238701634624,122.46059016836779,5.319313418533766
4.64,-3.08201221414389,2.4044865695183013,3.3603694212032114,146.87025820381007,105.69016767774143,17.165937937300054
4.65,-2.643594416126927,2.8720372528878877,2.885786753346069,156.97635860977755,89.16890399464091,28.768338882335183
4.66,-2.1700675017682065,3.260460881516354,2.3300872302469124,166.41022669231864,73.09654726860082,40.002468638966214
4.67,-1.677059028247183,3.58223373966133,1.7209654199015123,175.18201271344665,57.61901550540448,50.779107489528
4.68,-1.1768382433912872,3.8479494007463693,1.0804596991698543,183.3098329997252,42.83873303818534,61.037094883090504
4.69,-0.6789114824330031,4.066594463127941,0.42593357393514963,190.8176198282865,28.823223976749038,70.7377087018635
4.7,-0.19052118916130123,4.245784769277456,-0.22909995279040785,197.73338437158677,15.612236883200168,79.86001128651995
4.71,0.28293664770549093,4.391967679153219,-0.8742870599273127,204.08782303174502,3.2236335946518135,88.39700835467067
4.72,0.7375640439362303,4.510595193290081,-1.501854453517641,208.60180231793265,-10.504103713684453,97.24553732318185
4.73,1.1706708309888865,4.606272052655959,-2.106126013399023,211.63614896957736,-25.04261961047809,106.19432463777349
4.74,1.5805336080918753,4.6828823660352095,-2.6831199574738465,213.4902402189682,-39.974723553172,115.08004744679252
4.75,1.9661960841849155,4.743697818996898,-3.230213946570604,214.41172825023668,-54.97485421940371,123.77864707484159
4.76,2.32730422862826,4.791470090498864,-3.7458674390576436,214.60479369214167,-69.79269080418419,132.19806489827224
4.77,2.663970648145379,4.828509734453513,-4.229392215507757,214.23714394153546,-84.23942978621636,140.27218074905082
4.78,2.9766634592109016,4.856753466005454,-4.680763369110067,213.44594114901608,-98.17631686955012,147.95576671684927
4.79,3.2661156511327722,4.877821518818573,-5.100464230944491,212.34281810241504,-111.50508473226581,155.2202972122442
4.8,3.493320069149005,4.9045460823970775,-5.316316105927964,211.01811740888587,-124.15999931884086,162.05048007258964
4.81,3.66931596623723,4.935183840724416,-5.37272341480706,209.54446977776377,-136.1012619504555,168.4413939176574
4.82,3.8033554035979455,4.968338923807465,-5.306174613561259,207.97981039178333,-147.30955257543457,174.39613439407398
4.83,3.9031775602710255,5.002903285483433,-5.146527365520548,206.36991793389547,-157.78153196681802,179.92388681517303
4.84,3.9752423902196172,5.038006557930918,-4.9180961074031195,204.75054847498296,-167.52614839198947,185.0383553748399
4.85,4.024929503926827,5.0729739453058516,-4.6405713299787905,203.14922583495647,-176.5616179145115,189.756489906853
4.86,4.056707317485052,5.107290930244382,-4.329795651482369,201.58674095688997,-184.91296762840318,194.09746034688095
4.87,4.074276794779864,5.140573747927876,-3.9984181218291344,200.0784050665439,-192.6100482745327,198.08183686585733
4.88,4.08069349154027,5.172544737280428,-3.6564450737847967,197.21978222758295,-195.36890613993603,199.4203933590446
4.89,4.078471079817138,5.203011811358469,-3.3117031608479635,193.37201192544748,-194.303830034699,198.71232894978104
4.9,4.069669075844473,5.231851402271992,-2.970227928117451,188.82704700778993,-190.3276962973347,196.4483839184733
4.91,4.0559671028678315,5.258994332779659,-2.636589297931317,183.81930753946162,-184.1849111500193,193.02859192702715
4.92,4.03872768445028,5.28441414937491,-2.314163670164881,178.5355022349687,-176.47926453488688,188.77728885659138
4.93,4.019049275279807,5.308117522246665,-2.0053608978098776,173.12289348254492,-167.69745283681854,183.95578672677976
4.94,3.9978109889574163,5.330136377691499,-1.7118131674472987,167.6962416020557,-158.22891805490968,178.77306191291183
4.95,3.9757102699143765,5.350521479865019,-1.4345317618970852,162.343629387274,-148.38255676790274,173.39475605677993
4.96,3.920361777679637,5.33054705059373,-1.154084955118061,157.1313383574056,-138.40077145803957,167.95074449416677
4.97,3.84042277928617,5.279984455517373,-0.8755966193791509,152.10792278207816,-128.47126752614372,162.5414896806947
4.98,3.7429057214648256,5.206792836544578,-0.6029591182762487,147.3076058449981,-118.73694002318996,157.2433651097443
4.99,3.633454165922471,5.117419490197522,-0.3390611233962728,142.7531037549681,-109.30414334087864,152.11310782714565
5.0,3.516575441117817,5.017053467366221,-0.08597771913822447,138.4579677523675,-100.2495936412828,147.1915342072319
5.01,3.3958365199217884,4.909839395708409,0.1548713359833786,134.42852041049568,-91.6261166268847,142.50663360437247
5.02,3.2740286815073008,4.799057506537453,0.38259020106111563,130.66545106421106,-83.46742146544108,138.07613735211487
5.03,3.1533057008226573,4.6872749741012925,0.5966981571196781,127.16512532933359,-75.7920545220633,133.90964593472836
5.04,3.035299610910623,4.576472926234524,0.79703982414702,123.9206552615472,-68.60666335413244,130.01038464743667
5.05,2.921217485651243,4.4681528438641145,0.9837113375875315,119.76011325243658,-63.157744095027056,124.64141296423777
5.06,2.81192217903623,4.363425517613893,1.1569998972906177,114.96321213214193,-59.1234505045397,118.2310844417224
5.07,2.7079995196116693,4.26308525974085,1.3173344992931273,109.75405014735162,-56.23526552893938,111.12362847226966
5.08,2.609814084745808,4.167671667623352,1.4652459992748437,104.31064409419417,-54.2696978518557,103.59348830077819
5.09,2.5175553598524796,4.077520891351776,1.6013349445846758,98.77294814577371,-53.041221038903274,95.85738897728038
5.1,2.43127581485833,3.9928080643414803,1.7262458567033807,93.24958799548658,-52.396274369003706,88.08447872995735
5.11,2.3509221973650227,3.9135823051563867,1.8406468541582734,87.82350619299353,-52.20817025659616,80.40483684169509
5.12,2.2763611433878808,3.839795484762231,1.945213682613453,82.55668565369426,-52.372775354024824,72.9165979453428
5.13,2.222772756071196,3.7532223334485453,2.0910553218586143,77.49409358995429,-52.80485148558701,65.6919056974271
5.14,2.1860788852182464,3.6582123530138713,2.26621921250165,72.66696695381033,-53.43495893810201,58.78187716859434
5.15,2.162893220264922,3.558227456227732,2.4610960160798863,68.09554238935932,-54.20683869177596,52.22073224544747
5.16,2.1504120514683933,3.455995903122286,2.6680205685682252,63.791318232367786,-55.07520224237358,46.02921922232803
5.17,2.1463215308043577,3.3536416217896434,2.8809359826832313,59.7589228897904,-56.003868019512794,40.21744801365334
5.18,2.148719014502137,3.2527926623038756,3.095111346885607,55.99765266047661,-56.96419228608012,34.78722555679845
5.19,2.1560464158566535,3.1546719798490868,3.3069048703079638,52.50273244333829,-57.933750016950725,29.733973588943943
5.2,2.167033794770945,3.060173270159497,3.5135655230796434,49.2663445826646,-58.895227779383674,25.04829671372809
5.21,2.1806516662089037,2.9699241757071624,3.7130672490598413,45.861745367732176,-58.19377749156853,20.117883188738947
5.22,2.1960707292440764,2.884338835021669,3.90397070724687,42.38155619742872,-56.23010807602931,15.077130877595092
5.23,2.212627906735942,2.803661451762125,4.0853082501205815,38.897871423330315,-53.33073447544413,10.030662188163152
5.24,2.229797747210402,2.7280023075202533,4.2564884899751325,35.46594290217168,-49.760265070692284,5.058667969876776
5.25,2.247168379023498,2.657367426655066,4.417217353457912,32.12726414531318,-45.73177652532459,0.2213806782219434
5.26,2.264421325583158,2.591682917451172,4.567432993414135,28.912146594822865,-41.41556220894426,-4.437189008798505
5.27,2.28131459208066,2.530814857006766,4.7072523272335225,25.84186680468461,-36.94649869782581,-8.886137878411061
5.28,2.29766852124155,2.4745854535882867,4.836927312075968,22.930451546536815,-32.43023913934722,-13.105080983608
5.29,2.303296318235957,2.418807918883697,4.8469834362197775,20.186157809102774,-27.94841166270975,-17.08200493940553
5.3,2.300623985962363,2.364247870142937,4.765299243201447,17.6126960756126,-23.562974803054342,-20.811493547134802
5.31,2.2916386224097307,2.3114724598548095,4.614652685371766,15.21023793472774,-19.31985946045795,-24.293266207003548
5.32,2.2656943187145946,2.2448366385427305,4.407461903824482,12.976242827882649,-15.252007706587928,-27.530978646481124
5.33,2.2271712062180904,2.16863012474844,4.160216806955086,10.90613340501871,-11.381902321490758,-30.531243222854876
5.34,2.175612569990797,2.0776055731754917,3.8882025795557813,8.99384441868509,-7.723666896627445,-33.302832645033924
5.35,2.114879214598169,1.9766582200465863,3.6014747088976296,7.232266219481457,-4.284804338581667,-35.8560365675611
5.36,2.0441167985225923,1.8612197899940401,3.310786328098456,5.613600626036777,-1.0676313591625295,-38.202145280627825
5.37,1.966781545612813,1.7364903546414026,3.0216076876725513,3.5401128806488695,2.562276583817163,-40.05827310343473
5.38,1.882878405953563,1.5996697501582675,2.749610561601584,1.1508001712011142,6.451467421663848,-41.5102573099051
5.39,1.7952577145589255,1.4557296662546444,2.495017987553475,-1.4429830152698409,10.478403119051718,-42.630131806891704
5.4,1.7061598459199228,1.308587794730704,2.2577287826173684,-4.152786048423074,14.547878854254122,-43.47823676853939
5.41,1.5998051364006876,1.15766769317752,2.0416927697347655,-6.909076104299409,18.586338747545746,-44.105016539667474
5.42,1.4808142316687622,1.0023246358449647,1.8309654665944168,-9.657890754825049,22.537951201041743,-44.552550777880114
5.43,1.3540079728635575,0.8460224882646494,1.6275952584620497,-12.3580318192146,26.361327138858336,-44.85585743248228
5.44,1.2296032282648295,0.6929862582693355,1.4264426106972365,-14.978717465087623,30.026781745329505,-45.04400067690454
5.45,1.1089809671147903,0.5448416875187149,1.2301307927101572,-17.49762184294216,33.51405510426322,-45.14103219721369
5.46,0.9985617208106231,0.405978677295291,1.0458527946777032,-19.89924205656607,36.810419799317735,-45.16679018624392
5.47,0.8976794584713291,0.27639159638524324,0.8736675337672666,-22.173541266113034,39.90911435022951,-45.137576909310134
5.48,0.8092050317041927,0.14803385324496848,0.7099778725426,-24.31482440676441,42.808050594674,-45.06673271432473
5.49,0.7316127669652258,0.022622911571242965,0.5553503057839866,-26.320809570594925,45.50875100691003,-44.9651217882527
5.5,0.6635645366656227,-0.09857233926600381,0.41007696083154843,-28.19186370273712,48.015478666170274,-44.84154275441236
5.51,0.5955775238320886,-0.21294357288723956,0.27772755671434496,-29.930376042928216,50.334528316757485,-44.70307531046566
5.52,0.5286996776965378,-0.32030311780213505,0.15734100423844943,-31.540246818341274,52.473651841163985,-44.55537248134294
5.53,0.4482101130349983,-0.41973351753694355,0.042947315557866156,-33.89381589923031,54.21737683889452,-43.19759418277488
5.54,0.36509613207483527,-0.5237017529973915,-0.07144282601879708,-36.78000447836051,55.631129136549234,-40.934567138827845
5.55,0.2812714883385411,-0.6295197652562128,-0.18404290588188615,-40.02888316428268,56.77015620605754,-38.01381882176171
5.56,0.1972490190976512,-0.7461471533097446,-0.30043639037265923,-43.50468273374993,57.68104947480519,-34.63513934741792
5.57,0.11438794078669404,-0.869228166767765,-0.41791555208633463,-47.09990923640845,58.403045095021284,-30.958648197570053
5.58,0.022016444255075387,-1.0064687525908156,-0.5254739485220183,-50.730396570687496,58.96913477151452,-27.111590157880748
5.59,-0.0761931615934307,-1.1524058768523573,-0.6237561590974322,-54.3311541145779,59.40701380864974,-23.194052125026737
5.6,-0.17733804479629584,-1.3027210207892819,-0.713400630333336,-57.85288795107871,59.73988971507124,-19.283764379169344
5.61,-0.2717758452985473,-1.4708835525411574,-0.7862221218993665,-61.259092170414036,59.98717141350222,-15.440125880322755
5.62,-0.3408947418502938,-1.6596377166552316,-0.846807074474931,-64.52362208567993,60.16505626990246,-11.707572562763293
5.63,-0.38954886980631387,-1.8612080654823318,-0.8970767870019267,-67.62867433196664,60.28702971824167,-8.118389982713655
5.64,-0.4495443760569181,-2.0439254096549186,-0.9688788202335027,-70.56311004659291,60.36429015965385,-4.69505660138325
5.65,-0.5172856952791476,-2.2093534636361976,-1.0560446297352797,-73.32106692112563,60.40611001074046,-1.452191096905545
5.66,-0.6040943194449304,-2.3541690914712983,-1.1652739740454638,-75.90081410754716,60.420142224685826,1.601833915849347
5.67,-0.7041449642055307,-2.4809405863533085,-1.2896890036884883,-78.30381095172072,60.41268027560203,4.463558786304665
5.68,-0.812770739659654,-2.591916237335577,-1.4237865888262962,-80.53393648942047,60.38887845090346,7.133339409211008
5.69,-0.920532274934535,-2.7030985132855077,-1.5469740901220195,-84.66568973719964,59.68684457807326,9.420306770354754
5.7,-1.0259483523335138,-2.8127017634145877,-1.6598837537684012,-90.18881805601183,58.47650857265525,11.378448862943642
5.71,-1.1164224529618956,-2.9412651617413115,-1.7337176875950309,-96.69091903360223,56.89591524705934,13.054238139098516
5.72,-1.1940429448029708,-3.082336120433001,-1.776480610562372,-103.84095062529484,55.05654043141467,14.487666832731176
5.73,-1.2578746191062475,-3.2572026494245607,-1.7705442451692055,-111.37533484978927,53.04777626894587,15.713140882032256
5.74,-1.3389388913211586,-3.486106966161465,-1.7146053990842935,-119.08626430526485,50.94071032785341,16.760251624746644
5.75,-1.4319302420588071,-3.752807334191884,-1.6212574481898407,-126.81187793046857,48.79130499283178,17.65444185550068
5.76,-1.58002083493515,-4.0548686263684255,-1.488653260033309,-134.42802141022662,46.643068017692855,18.41758059692954
5.77,-1.7679828695602386,-4.379283418404084,-1.3280654556629437,-141.84134956800656,44.529291770825665,19.068458999008985
5.78,-1.9835345699831932,-4.71574362764382,-1.1485618795721493,-148.98356399243175,42.47492727289882,19.623218103741547
5.79,-2.2395748785885305,-5.04447016866106,-0.9312617528843201,-155.80660986437553,40.49814934053453,20.09571776043145
5.8,-2.522613648011546,-5.362139267742054,-0.6884189566251333,-162.27868222157662,38.611660777622276,20.49785472007792
5.81,-2.7704758207258617,-5.615001667542471,-0.38378023829192576,-168.38091435097155,36.82377639699224,20.83983684980603
5.82,-2.908145846386418,-5.765771619459314,0.007091799780247543,-174.10464017893062,35.13932153686935,21.130419467100893
5.83,-2.959298915307994,-5.836021260466595,0.45787884768268894,-179.449138903791,33.56037451057419,21.377108979293823
5.84,-2.914559469399388,-5.811708887793004,0.9965951367379535,-184.4197840852655,32.08687796683923,21.586338309265066
5.85,-2.7971013706662458,-5.71537735421802,1.59421480903436,-188.78153136349962,33.89229669168529,20.962446103942035
5.86,-2.6514723205320236,-5.513801877665017,2.222492342370134,-192.60893888334294,38.17992525146297,19.710443538867494
5.87,-2.4865503396396975,-5.234798624090608,2.8644254641058025,-195.96743928317076,44.30100151986365,17.997106519687495
5.88,-2.3188362395871396,-4.816311373321286,3.454248987558021,-198.9144561004894,51.73016937348505,15.957331200007692
5.89,-2.1516049561158512,-4.297570550492878,3.9949601072705314,-201.50038366217882,60.044764099328226,13.699498045877723
5.9,-1.9873563178938358,-3.7101784119134273,4.48962093162432,-203.76944714437573,68.90734823162491,11.309993005280125
5.91,-1.807856261788014,-2.9874517368773876,4.89073851696356,-205.76045744880187,78.05100887617041,8.857012692865087
5.92,-1.6194840272415565,-2.1724021616642104,5.21396959766136,-207.50747375299062,87.26699902783541,6.393761942846307
5.93,-1.4081884878662756,-1.2469707656156186,5.412021400107154,-209.04038502099465,96.394366612269,3.9611361820062045
5.94,-1.1286884110341655,-0.24192391917817146,5.485306023853041,-210.3854203821072,105.31126742515926,1.5899674560191546
5.95,-0.8013364239121725,0.808374649487658,5.461920704160782,-211.56559707448858,113.92770304088523,-0.69709871631498
5.96,-0.464989302148269,1.8233577622241892,5.359395339018884,-212.60111358780418,122.1794631835366,-2.8840384620658805
5.97,-0.12701070420171362,2.7954433678783426,5.197880335409948,-213.509694706002,130.02308491488628,-4.960147978936634
5.98,0.1178369364792696,3.6640569195842048,4.9546450461560765,-214.3068943323409,137.43166908553079,-6.918963890619921
5.99,0.28755544361815877,4.439877593240502,4.652643214599893,-215.0063612598138,144.39141849609408,-8.7573703872115
6.0,0.39710135621483705,5.132531521614222,4.310367027711566,-215.62007241897564,150.89878270893013,-10.474863323864248
6.01,0.3711863618558121,5.726507505500129,3.8780903685671975,-208.99611584678743,157.17194018893068,-12.398336629678631
6.02,0.2419640323956865,6.235652313389337,3.383661420650928,-196.93431923922478,163.1677650534791,-14.449459385229039
6.03,0.10271020152159527,6.667960973907803,2.794858828954863,-180.89764192657174,168.85757237081333,-16.566264957678115
6.04,0.015866749734844227,6.993084776899945,2.119202472360144,-162.06826965709405,174.2241817642284,-18.700283849745716
6.05,-0.02949307662899398,7.231065113926741,1.3876058325866847,-141.39494925300812,179.25948947537074,-20.8141376444577
6.06,-0.04238325499147958,7.398607792057778,0.624611111000963,-119.63287668967658,183.96246765303647,-22.87952357096441
6.07,0.006812003058984245,7.46830129887595,-0.14996756819749524,-97.37726063822468,188.33752199760806,-24.87552963077479
6.08,0.10277274745607398,7.461990072863676,-0.921312423080729,-75.09151935448456,192.39314943333306,-26.787229135461256
6.09,0.25993508695609463,7.357092414309533,-1.6894339772400686,-53.1309281473322,196.1408464632892,-28.60451112912025
6.1,0.46149923615210897,7.178353544255431,-2.4430857924989366,-31.76241420517911,199.59422651023547,-30.321109684747913
6.11,0.7344300029404307,6.935534228991269,-3.1444405136737115,-11.18109244938723,202.76831105383127,-31.933800630701157
6.12,1.0291906524667953,6.640553187164155,-3.740716198421997,8.475952136287603,205.6789649066807,-33.4417390169669
6.13,1.3360591708156246,6.310244902215831,-4.247223938332059,27.118205691940403,208.34245067047667,-34.845914687436505
6.14,1.615378690007453,5.936134638705149,-4.626402568289262,44.69222465342551,210.77508140103174,-36.148706783773605
6.15,1.8692416392323299,5.534333958225015,-4.902170182345726,61.17378245747777,212.99295389159687,-37.35352095466023
6.16,2.109552355994621,5.105435469135147,-5.047411524633554,76.56140034718219,215.01174784700459,-38.46449555495374
6.17,2.335732289828335,4.6624917592204795,-5.090449294125273,89.62307033543742,207.62243762775415,-35.01884338088231
6.18,2.523999172141204,4.231234110079242,-5.010465972421663,100.6998478680791,193.1455056219569,-28.13836214790758
6.19,2.680297204347288,3.8156620019854945,-4.8375443671732485,110.08386746544416,173.46831524842528,-18.735597435975247
6.2,2.8096769289371446,3.4185924504451957,-4.596168788667849,118.0252439624042,150.1171331616835,-7.548627634089941
6.21,2.883152625436611,3.035184208633948,-4.266356364676717,124.73801282785169,124.31791338962053,4.8295777866361504
6.22,2.9126787426715675,2.6682261608623064,-3.8739877999854335,130.40524196189975,97.04752757367199,17.92641351833838
6.23,2.902126086450338,2.3054007467736692,-3.430552245768897,135.1834292838756,69.07688003374776,31.368812523573858
6.24,2.863879770180173,1.957858793068718,-2.962408567606722,139.2062847915778,41.00713597921596,44.86574592565143
6.25,2.8050280941267625,1.627448581746666,-2.482662477019952,142.58798226166888,13.300110906539807,58.19354264090377
6.26,2.7313199969276396,1.3153175202384282,-2.0015293220860193,145.4259540862438,-13.696285178892563,71.18359725662972
6.27,2.6490819381825665,1.0202156525174582,-1.528122354682133,147.8032926537114,-39.72678725713152,83.71209847403507
6.28,2.5615980972967676,0.7427627279730052,-1.0680277334716244,149.79081296858953,-64.61105014114054,95.69146503932924
6.29,2.449804858223316,0.4922476337440803,-0.6262409495218344,151.44882367890892,-88.22890703450463,107.06322278401807
6.3,2.3211465055229645,0.2662711141978084,-0.20537402197399784,152.82864718088925,-110.50814282732239,117.79209631067016
6.31,2.179161961962962,0.07775588651085322,0.1895551416481582,153.97392385926653,-131.41438378077157,127.86112295903396
6.32,2.029193062019164,-0.07913248916370394,0.5584549365831188,154.9217306777231,-150.94276554543154,137.26762579982758
6.33,1.8940753251556437,-0.20143058164635388,0.8856382961960869,155.91791502813948,-165.54601462235198,143.9953760091879
6.34,1.7538470527889543,-0.29943961211515846,1.164118520021702,156.93557304598733,-176.15028321839492,148.56708513808582
6.35,1.6118970934333803,-0.37732093837853764,1.4009591520128493,157.95377093393353,-183.5271406869529,151.4166423596157
6.36,1.4708469355918723,-0.4385750953867727,1.6022188366308707,158.95647281792463,-188.31774811308395,152.90315269548051
6.37,1.3087777532508449,-0.4852959953557843,1.770713972719186,159.93164335695027,-191.0534046094486,153.32285353551015
6.38,1.1331482112514513,-0.5201598563421248,1.9114910148380653,160.87049817031445,-192.17299466745516,152.91922052966547
6.39,0.9384426211073615,-0.5375116115294459,2.025567515603487,161.7668791497602,-192.03779026393744,151.89152931378962
6.4,0.7321742064484904,-0.5411845395395911,2.117418969070709,162.61673514730836,-190.94399641962016,150.40210120610672
6.41,0.5225877138745345,-0.5248733822420524,2.185801597989821,163.41769145562947,-189.13337306350817,148.5824281048166
6.42,0.3137356068433099,-0.4935167714635922,2.2351474295374247,164.16869399706863,-186.80221810236765,146.53834357250355
6.43,0.15045187479060185,-0.450002291782215,2.2554665282295367,164.86971627102878,-184.10895542739493,144.35438285913102
6.44,0.022118863144144116,-0.40404924809206355,2.2450234236620985,165.5215189296697,-181.1805362633159,142.09745383078126
6.45,-0.07744979988430234,-0.35694719514035284,2.2111911807329334,166.12545340379057,-178.1178319617036,139.81992295234502
6.46,-0.15343999814226444,-0.3097014015501313,2.1599802575413394,166.68330232298013,-175.00017035638004,137.5622052024119
6.47,-0.22502058746254378,-0.2541792564333971,2.1050698123236917,167.19715059981306,-171.88914552798576,135.35493371883163
6.48,-0.2921066232317804,-0.19318806319662568,2.0481848962613727,167.6692820055162,-168.8318117448716,133.22077377485877
6.49,-0.3606416408796056,-0.13641369551227528,1.9822492433970758,166.6610813941715,-163.5052310086612,129.10327983689737
6.5,-0.42921517562747796,-0.0837549343865652,1.910414364744769,164.53525471682676,-156.5244858979898,123.53163165256915
6.51,-0.4960506135496384,-0.036541712049903335,1.8227268738274596,161.58696162453427,-148.3863453304759,116.93370362624647
6.52,-0.5605110173720794,0.00576456305238314,1.7242723436903404,158.0550347628645,-139.48923231268438,109.65312272130805
6.53,-0.6168005294021971,0.053877905504877734,1.617585463683947,154.1314496537288,-130.15004840355206,101.96364478281915
6.54,-0.6464752569033466,0.1192225441715552,1.5251821420589906,149.96930721620726,-120.61832871681713,94.08125314580703
6.55,-0.6553093723822995,0.1967388840230496,1.4451584717202115,145.6895527997266,-111.08813194546043,86.17432432769138
6.56,-0.6480493612273993,0.2823629897839899,1.3758633417464554,141.3866228746129,-101.70801048074264,78.37215499307642
6.57,-0.6013553626677507,0.3663583052918349,1.31546817439551,137.13318248078187,-92.58935482055648,70.77210103387003
6.58,-0.5251993112288361,0.4477941514573438,1.2628307154175125,132.98409251549276,-83.81336291165525,63.44554250207341
6.59,-0.4477047982329666,0.49775504693629063,1.2150815403340844,128.9797253777637,-75.43684781090812,56.442856383946726
6.6,-0.3703963773731139,0.5228372943039797,1.171821038468115,125.14872989141236,-67.49706518985317,49.79755205313182
6.61,-0.3001062211308343,0.512110494721367,1.1187542630009177,121.51033138012129,-60.01571497701652,43.529701033396464
6.62,-0.2447425043026697,0.47330974981090784,1.0612512276744555,118.07623990459966,-53.00224817379758,37.64877287713977
6.63,-0.20167190072637695,0.41362115214804207,1.0012501658202195,114.85222868264404,-46.456590024867495,32.15597204067543
6.64,-0.16467611203942817,0.33800323906009727,0.9417987408721292,111.83943533016796,-40.37137378545434,27.046156196496863
6.65,-0.13290941270036694,0.25137097374182554,0.8836970601951205,107.80168049264459,-35.36813988675591,21.659716656477386
6.66,-0.10564258957045496,0.15765947414280773,0.827536616236237,103.0422794374682,-31.271474247334375,16.145650217142517
6.67,-0.06961179389957774,0.06600019360382835,0.7749895948265255,97.80473363838831,-27.93291033203766,10.620026721133902
6.68,-0.02743406293438147,-0.022655680458887578,0.7260301472655507,92.28294492286796,-25.226933110450524,5.171892720734591
6.69,0.026624591444196637,-0.10506499528098434,0.6813128023006552,86.62981067312788,-23.047560970322085,-0.1317862908326104
6.7,0.08893491133647993,-0.1814041426403868,0.6405420256509593,80.96444522140301,-21.305423535374963,-5.24199696701949
6.71,0.16330517326437682,-0.24967395635867323,0.5897088368777397,75.37823659084174,-19.925264819003342,-10.12423640711539
6.72,0.24791724609566698,-0.290630033168632,0.5244307105220287,69.93991691133635,-18.84381103898439,-14.755650378327637
6.73,0.3390486417618787,-0.3100340914579968,0.44911314955403087,64.69979845497542,-18.00795094117325,-19.122660256625643
6.74,0.43048591904129274,-0.2969681034067606,0.3544642802261257,59.6933046609651,-17.373183820330762,-23.21900122193778
6.75,0.5207286794733239,-0.25924639218930223,0.24649376651841515,54.94390621459836,-16.902296746243067,-27.044105973162104
6.76,0.608646844812327,-0.20323704466047782,0.130010908109099,50.465555744495724,-16.564237943484628,-30.60177823623757
6.77,0.6878095519498086,-0.14287688726090164,0.010215283575261636,46.26470060731565,-16.333157954755748,-33.89910887146351
6.78,0.7590319441027273,-0.08012876851339955,-0.11024487088932106,42.34194119592285,-16.187594245342144,-36.94559465669176
6.79,0.8104702295932007,-0.01744799371432139,-0.22086186616862152,38.69339194038894,-16.10977837023888,-39.75242601324633
6.8,0.8459575852094505,0.0442018337680091,-0.3222143021454512,35.31179341755222,-16.085047803827962,-42.33191520790144
6.81,0.860789176459244,0.10210995428154322,-0.4128426937191888,32.42421338573109,-15.66931584198479,-44.0375098224358
6.82,0.8683169232526915,0.15163453163906868,-0.4956482951784693,29.959984699091,-14.9607192486676,-45.04737898321311
6.83,0.8701350430906015,0.19396663724656366,-0.5711707354335673,27.85838795933388,-14.038969993648694,-45.50880413782053
6.84,0.8483307904182107,0.22844453627032443,-0.6465276078877272,26.067268752967742,-12.968428064124083,-45.54311708216339
6.85,0.8087813502406269,0.2563703412061675,-0.7205802663621976,24.541845145703547,-11.800693960829864,-45.24988610076709
6.86,0.7562637108821545,0.2788433584038259,-0.7924773132198046,23.24367947536528,-10.576792944857262,-44.71046103531107
6.87,0.6810555071407904,0.29038386597072335,-0.8592714848261006,22.139792001584965,-9.329012589739843,-43.99097214089456
6.88,0.5896499682272337,0.29337385042083663,-0.9211151086367632,21.201897013822144,-8.082446183638384,-43.14486389140546
6.89,0.48469557174299127,0.28635123147762903,-0.9631408657943523,20.405744632350263,-6.856286807347605,-42.21503313958714
6.9,0.371007743626259,0.2717724414823978,-0.9893369163400947,19.730553814780382,-5.664910303510171,-41.235630952420195
6.91,0.2588184573552255,0.24937957974413644,-1.0116648313463648,19.158524051097498,-4.518779694267289,-40.23357879423894
6.92,0.14952944978279012,0.22135395779227793,-1.0306823314082534,18.67441493435439,-3.425198763842782,-39.22984231697143
6.93,0.05402412445728816,0.18860599789488194,-1.063104255964883,18.265184267873664,-2.3889383833014746,-38.240499665360815
6.94,-0.03714362656469441,0.14809570050633059,-1.097202256704101,17.91967664403883,-1.4127556172104505,-37.27763576545018
6.95,-0.12356592615082646,0.10227533687280954,-1.1320507220090634,17.628355531352177,-0.49782263040309693,-36.350089408245935
6.96,-0.21832357855035214,0.04512889695225735,-1.1497810513517834,17.383072858649083,0.3559201662213316,-35.46407595650759
6.97,-0.31798239712888976,-0.01979615700179444,-1.154128271452432,16.312808439569384,2.229005726664701,-34.109642595699995
6.98,-0.41588703327294374,-0.09768947710721232,-1.1440193576005466,14.627640252468218,4.85325862877502,-32.41773826327387
6.99,-0.5109188635508453,-0.1842945428581227,-1.1230004179701885,12.498017120899073,8.011620075253623,-30.493893723396457
7.0,-0.6022663294893816,-0.2762163347165053,-1.0939569107849112,10.061383533902397,11.529558978412965,-28.422530033124744
7.01,-0.694316415450302,-0.3757277795031341,-1.0482784926151691,7.427767466765841,15.267831576481633,-26.270587050992887
7.02,-0.7809872247727205,-0.4725358891131603,-0.9964263835068484,4.6844869393212,19.116386650370433,-24.090574657626423
7.03,-0.8621852940231235,-0.5657616310159435,-0.9406577314784959,1.9001083176945026,22.989243071779505,-21.92313431492981
7.04,-0.927338389323852,-0.6478738141756377,-0.895880377089937,-0.872230116327414,26.820191830799274,-19.79918570388194
7.05,-0.9791890343302871,-0.7201941760607843,-0.8602178811191662,-3.5920324936828276,30.559196461442543,-17.74172214692526
7.06,-1.0200448245019282,-0.7838876691281499,-0.8320911751240578,-6.2291150405067715,34.16938442144375,-15.767309077584592
7.07,-1.0571120884692484,-0.8627910361777242,-0.7887656162352397,-8.761660802285936,37.62453793110963,-13.887331742033384
7.08,-1.090699586061896,-0.9521065978847777,-0.7344803974573126,-11.17459956048739,40.907006416148974,-12.109031411032719
7.09,-1.1287838953740497,-1.0590638467247908,-0.6619006143701917,-13.458262038477763,44.005974359129894,-10.436363479312948
7.1,-1.1697160088259477,-1.177856805262851,-0.5764481145945805,-15.607265138212929,46.916028325488256,-8.870705789725735
7.11,-1.2179185642996517,-1.2978935421863214,-0.49805515203833783,-17.61959147803809,49.63597543527062,-7.41144121817106
7.12,-1.2633974807670243,-1.409125082296692,-0.42801206895561555,-19.49583207449738,52.16787280939665,-6.056434886540589
7.13,-1.3060805030503717,-1.5118771507828088,-0.36545628551797477,-22.736456451872503,54.41287436444006,-4.586954478158813
7.14,-1.3399863247508976,-1.6048050289865106,-0.30661700936231273,-26.971052405614827,56.403143158700786,-3.0527904861452844
7.15,-1.3666423237911298,-1.6887592634083055,-0.2515425477843478,-31.900492285736057,58.16728423307696,-1.4930744377889065
7.16,-1.3873311773720713,-1.7645312668967374,-0.200211060829588,-37.28489954886425,59.7307315676294,0.06183434044939662
7.17,-1.3891946093735408,-1.8303662028973067,-0.16023820267938774,-42.933509851120775,61.1160938930269,1.588767102843576
7.18,-1.3766157118532045,-1.8875644007274721,-0.1295863706162752,-48.69614106923716,62.343463596955814,3.070422403694688
7.19,-1.3529825760664906,-1.9443933896798258,-0.10510097777707536,-54.45602843827569,63.43069254844895,4.494261283976091
7.2,-1.321255306853749,-2.000051750132724,-0.0857193492317962,-60.123816807722754,64.39363828399136,5.851586984754414
7.21,-1.2931590178181538,-2.0590253268836505,-0.07372850317007,-65.632532687335,65.24638365520366,7.13678031840103
7.22,-1.2816133587468677,-2.1205680914760214,-0.05734881629202856,-70.93338500629851,66.00143272605052,8.346666162624205
7.23,-1.2829196766649944,-2.183116284812743,-0.03786485577146513,-75.99226596915653,66.6698854251981,9.47999024394157
7.24,-1.2990244719981696,-2.234577084635971,-0.025269294501479612,-80.78684259745165,67.26159320383925,10.536988536763591
7.25,-1.3262077141751605,-2.2767450238031928,-0.018144469552561337,-85.30414595977992,67.78529771867639,11.519034299443518
7.26,-1.3614481540579322,-2.3111392424811723,-0.015319502489287009,-89.53857911281592,68.24875435161925,12.428350066191534
7.27,-1.3833056915610242,-2.343388827992732,-0.04206311360507248,-93.49027674384638,68.65884219009709,13.267773870948739
7.28,-1.3945754204061882,-2.3734925289626334,-0.09102729846551648,-97.16375971535646,69.02166192283642,14.0405706453574
7.29,-1.37024126873442,-2.428691057377673,-0.1506193728357702,-102.49894580736643,69.72434173504564,13.327312321930322
7.3,-1.3190281171617473,-2.502240336048912,-0.21741729894993683,-109.02301106832145,70.67624754853324,11.487437725526304
7.31,-1.2595778586582675,-2.617938575405814,-0.26907934708500286,-116.35537342329762,71.80409349091386,8.813745585693129
7.32,-1.1993746785750052,-2.781273124672727,-0.2940351128902096,-124.19202007908723,73.04902100162849,5.5434383288569
7.33,-1.1395357175960232,-2.978527121382196,-0.2981539474459115,-132.2923117986904,74.36413709574393,1.8674461739532728
7.34,-1.0671625956340522,-3.180325320091286,-0.26633714972377837,-140.46788971215705,75.71244263505507,-2.0617111036128364
7.35,-0.9863238367001361,-3.3824495766015072,-0.20750427100333618,-148.5733652129025,77.06509156929243,-6.123304845755438
7.36,-0.9002666800679169,-3.5816652796077464,-0.1289064689985705,-156.49852049920915,78.39993077567271,-10.222832853868438
7.37,-0.7887390807703129,-3.7351590166030273,-0.05018786326056911,-164.1617875699875,79.70027754656273,-14.28734915923826
7.38,-0.6594532925460487,-3.851248533730617,0.027393254621034605,-171.5048079277711,80.95389812823537,-18.261551562423932
7.39,-0.5438502782408143,-3.899373280691887,0.10760624714568379,-178.4879047028278,82.15215614969979,-22.104510471700088
7.4,-0.4405294348158566,-3.8947105513232985,0.188580940685717,-185.08632409774887,83.28930442941945,-25.786939847994333
7.41,-0.48126031352462556,-3.8168814530360464,0.1711613476040906,-191.287124570458,84.36189762124512,-29.2889258415947
7.42,-0.47830054388720455,-3.6388677144561807,0.1426966693446565,-197.08661054846252,85.36830655527969,-32.59804133917007
7.43,-0.4419363680103165,-3.3869315753175933,0.10622035834376699,-202.4882231480525,86.30831802734866,-35.707785433576674
7.44,-0.3951675869794129,-3.096905694175275,0.0754395208845896,-207.50081374542526,87.18280626334916,-38.6162960459571
7.45,-0.341163542331074,-2.782249008704199,0.0495002309410852,-209.91309689426652,90.2821363461722,-41.47841673284278
7.46,-0.2824638121732665,-2.453650874379403,0.027673052219635192,-210.29682772862517,95.03643393542465,-44.26029949728896
7.47,-0.35292711545598787,-2.1462231797498035,0.053836852070093213,-209.12145240292125,100.98353012195506,-46.937283184172934
7.48,-0.5211798771028215,-1.8598076607404253,0.11633493551700494,-206.77075166288355,107.75093935661184,-49.492125644690766
7.49,-0.714994993408947,-1.569892893674801,0.2623451879135935,-203.55692210155962,115.04065999944888,-51.913534315326444
7.5,-0.9253529263088096,-1.2818289330515136,0.4700130344685818,-199.73247562333412,122.6163734291296,-54.194948230104906
7.51,-1.1328557979616918,-0.9781289954953791,0.7881376039486732,-195.50028254432814,130.29267956389876,-56.33353156751178
7.52,-1.3349305309777784,-0.6672030746243485,1.18585990552017,-191.02203649095904,137.92605970514546,-58.32934487947154
7.53,-1.5052703182716916,-0.3216003840414603,1.6036685128870947,-186.4253787236771,145.4073030678946,-60.18466530769899
7.54,-1.6157665410705988,0.06708651006171129,1.9758292667635353,-181.8098847655444,152.65517228206352,-61.90343149012784
7.55,-1.678718531321784,0.4826865147647378,2.307225871032005,-177.25208644188743,159.61111645725435,-63.49079260651668
7.56,-1.7042858436809447,0.9123981196972935,2.602234351315177,-172.80967693718307,166.23486889674024,-64.95274420177506
7.57,-1.6648265227734125,1.361981815353511,2.7954075260426814,-168.5250246455003,172.50079090671008,-66.29583613874202
7.58,-1.5761977376602485,1.8197553352254041,2.9075947140990097,-164.42810291209477,178.39484396267588,-67.5269403383145
7.59,-1.450427218782041,2.2799647280144253,2.9054093625468393,-160.53892678945465,183.9120902717329,-68.65306792332602
7.6,-1.298185224347444,2.734848314243294,2.815691681474914,-156.86957427697308,189.05463694160883,-69.6812270442985
7.61,-1.145426037603027,3.1616587112897205,2.618340821256176,-146.9092953802767,191.85299868976998,-68.43847030810088
7.62,-0.9921544565392852,3.5382369416644885,2.3141277279440766,-132.28815532842668,192.8128694549282,-65.47646169276051
7.63,-0.8408854420289317,3.8704721345816626,1.9328515670028747,-114.32699876797236,192.3501475805192,-61.24443224206615
7.64,-0.6866324240127402,4.133340670806036,1.466564153672847,-94.08928513937495,190.8054832457292,-56.106168549471
7.65,-0.5325049817188945,4.338993039621478,0.9424757410659064,-72.42479678092732,188.45659209494107,-50.354354635617355
7.66,-0.38088192462331116,4.497625962001715,0.38232231983456255,-50.006441650538875,185.52866621238547,-44.22266342601664
7.67,-0.18356846021226592,4.5950671687928075,-0.20550538266810014,-27.36119407179554,182.20316570523534,-37.89593633700957
7.68,0.04564369941825727,4.64413594947985,-0.8053363989175122,-4.89606395569837,178.6252330715542,-31.518740013597768
7.69,0.3111079200819663,4.644623922982744,-1.3793557801253824,17.08014606999631,174.90993728839902,-25.20254687514814
7.7,0.6001797465263379,4.607909591399292,-1.9246440754231986,38.33864836982511,171.1475243405396,-19.031749817973456
7.71,0.9143900551083357,4.524307828290097,-2.414452347207102,58.71549159360301,167.40782501576382,-13.06869033954325
7.72,1.2429374780053601,4.406114152967588,-2.854130471741542,78.09892641190793,163.74394861061106,-7.357852749189762
7.73,1.588747513067061,4.267493383533672,-3.235770200342261,96.41891675073657,160.19537219712515,-1.929354379244283
7.74,1.9376200318945027,4.120054397818118,-3.5384355675468386,113.63845756092198,156.79051884621992,3.1981577380459165
7.75,2.2833861317484114,3.968167699413738,-3.775907042944924,129.74641137558078,153.5489042987109,8.015109878814258
7.76,2.621371284265491,3.815248950644545,-3.959753953125569,144.75161961843546,150.48291968735697,12.519024660358546
7.77,2.9257324122197317,3.6548446906393104,-4.058525760090038,155.950269341583,140.44071391167415,19.62063101403529
7.78,3.1995945037437643,3.4912156526565634,-4.090618631670804,164.05954379615565,125.2142482722971,28.600132378349745
7.79,3.4098418628208553,3.314211566503264,-4.029832414104971,169.6768078973729,106.25649720039439,38.87709240136628
7.8,3.5680990773826773,3.129732897940531,-3.8988854285607397,173.2983568202209,84.73819557971274,49.98684170959198
7.81,3.6552907248224678,2.9387066689168675,-3.704484854807176,175.33534960771044,61.59569590794533,61.560605481364895
7.82,3.6758307248182063,2.740800967493799,-3.4294061521707415,176.12733859176166,37.57127116068676,73.3087902678572
7.83,3.645019619739659,2.5407204465996718,-3.0968563618370535,175.95374671092958,13.247004164181192,85.00695075645513
7.84,3.5833101858554643,2.3309775876869856,-2.7145127354591194,175.04359435355923,-10.926762882583716,96.48402763434329
7.85,3.498908428883886,2.1171142333993513,-2.300019822521965,173.5837340119232,-34.607588295222726,107.6125080465648
7.86,3.3984516395012103,1.9034377397510163,-1.8673890638275508,171.72581381267182,-57.54099237216161,118.30021178331931
7.87,3.269918509512893,1.6922151471179,-1.4320085600798342,169.592159038047,-79.54381755025292,128.48345050703261
7.88,3.1218977614044485,1.4861716754594536,-1.0013256031467415,167.28073333500538,-100.49037411550638,138.12134510007826
7.89,2.9466383642369762,1.2951696006669013,-0.5823455329456746,164.86931779150467,-120.30093507772378,147.1911184900651
7.9,2.753262804464428,1.1186680027684333,-0.17887204899570652,162.41902589426968,-138.93220939133204,155.6842088747415
7.91,2.5187186289438137,0.9542610293341618,0.19775175979404572,159.9772550996012,-156.3694787034488,163.60307179621654
7.92,2.2626195316085966,0.8050591429652014,0.5300719452769178,157.58016094275186,-172.62013060329681,170.95855958303
7.93,1.9940189956549366,0.6698299308551349,0.8232796662672899,155.27058641730858,-183.42031523594144,175.6114556138242
7.94,1.751539897883307,0.5467008007887537,1.0833229422401172,153.06410621162064,-189.87873298224838,178.12247833093502
7.95,1.5328487621224764,0.4347596886943563,1.3139115138093111,150.97103384770924,-192.91207267891699,178.9543945623021
7.96,1.3357873337724269,0.333133482736234,1.5183458808887047,148.9974936183441,-193.27569106107083,178.48774619940656
7.97,1.167909922476726,0.24383570813179295,1.7097794762949794,147.14630674557478,-191.58962252457815,177.03417569969895
7.98,1.0249996087897562,0.16537216651070852,1.8882682059607994,145.41772145633618,-188.36060726187938,174.8477049780525
7.99,0.89209940598583,0.09032440548033593,2.049991042643055,143.81001214963263,-184.0007267754088,172.13427112900987
8.0,0.7689397599955455,0.01906447273082667,2.1963505731866095,142.3199689749747,-178.84315073458896,169.05977853944583
8.01,0.6366343629093035,-0.046601764416935525,2.3297173923029777,140.94329585726825,-173.15542616060833,165.75688929838202
8.02,0.4935201625946916,-0.10366004341417634,2.423796216434213,139.67493220687942,-167.1506773123949,162.33074151540532
8.03,0.3443666316882748,-0.15323631884309233,2.4863251877779056,138.50931117444298,-160.99703095497532,158.86375747038556
8.04,0.20818232471792011,-0.1904978528614328,2.5096078972788907,137.44056528750818,-154.82553566640445,155.41967978794256
8.05,0.08405545962002481,-0.21774870151826486,2.5024788952205994,136.4626885883314,-148.73680440380483,152.0469535031355
8.06,-0.028900444277114162,-0.236909324684929,2.4721773171568984,135.5696629344565,-142.80657577456753,148.78155448034366
8.07,-0.11115837938153128,-0.2557608904737042,2.4230131039963005,134.75555488798264,-137.09036054633012,145.64934975226325
8.08,-0.1686279018930142,-0.27408127849208364,2.3601753766702758,134.01458857290137,-131.62731519117443,142.66806260494758
8.09,-0.20805269409878996,-0.29557885246721655,2.288430517050815,132.1872926977157,-125.49190054127126,137.3524198733317
8.1,-0.23304597728604343,-0.3191730598471274,2.210987147700746,129.55682725112484,-118.93756900398179,130.33259306516752
8.11,-0.25129727258118995,-0.3397377645622603,2.1298372376092756,126.35253612402991,-112.16491565505731,122.11768511727355
8.12,-0.2641015569074554,-0.35766168278849864,2.0471174746078487,122.75897675915986,-105.33093237767675,113.11615110845983
8.13,-0.2789271565180734,-0.371247500136892,1.9624292580191336,118.92353326481937,-98.55677436253104,103.65300549064214
8.14,-0.2840212225243579,-0.37961086810461675,1.8745632287868497,114.96282603845212,-91.93426628277057,93.9843001349592
8.15,-0.2815849883334764,-0.3838451206407714,1.7856370934560877,110.96809981766388,-85.53134187353567,84.30928662615571
8.16,-0.27342143421337217,-0.38485185897875274,1.6972887852582215,107.00974540147189,-79.3965819059412,74.78061552369435
8.17,-0.2546165500555834,-0.38603105147222666,1.5952000526495707,103.14108743592689,-73.56299096347136,65.51287331206466
8.18,-0.2279582239026579,-0.38732385429578914,1.484186444048423,99.40155109612014,-68.05113241433864,56.58971325453466
8.19,-0.19358926756834532,-0.38593264310920744,1.3597237523999126,95.81930375632874,-62.87172301868486,48.06979828463614
8.2,-0.15385387494413186,-0.3825082213708994,1.2269088361002731,92.41345342185829,-58.02777327797049,39.99174150636016
8.21,-0.08798990442021636,-0.369155066893587,1.0921620902442948,89.19587345606283,-53.516346550267755,32.378202043205725
8.22,0.01804479026872234,-0.3324507600766825,0.9386433771632443,86.1727126782497,-49.32999879702242,25.239270203553023
8.23,0.15317840354199225,-0.27844173204379175,0.7731511065673894,83.34564097838887,-45.457951317240486,18.57525563563841
8.24,0.28284866364899586,-0.22894926164292553,0.6010312727273226,80.71287297414558,-41.88704072620056,12.378974831521933
8.25,0.406309946173905,-0.18368810052909162,0.42652658318215697,77.3408650806758,-40.90974912171373,6.074885265377726
8.26,0.5230883976980713,-0.1423737412305455,0.25292262426191836,73.45556427035244,-41.93346723512673,-0.21324398472295947
8.27,0.6128699559322286,-0.13562193893586882,0.08415039595951812,69.23798139572436,-44.47321281828469,-6.390901598320001
8.28,0.6805791808938143,-0.15543759125813406,-0.07828547252137451,64.83189479802904,-48.13398340822931,-12.387453465006487
8.29,0.7656424128035625,-0.18696053457896003,-0.23188908319391147,60.35033014044936,-52.59583922852708,-18.1516501212976
8.3,0.8761577870344077,-0.19817887345617116,-0.38738653381516774,55.88100204104539,-57.60130943112182,-23.647884246875208
8.31,1.004433155007486,-0.19367621301128327,-0.541904307981205,51.490875808047896,-62.94477392324714,-28.85308090166314
8.32,1.1331904499398822,-0.1612799540298647,-0.707908505264871,47.22998422640844,-68.46352366060486,-33.75412079514666
8.33,1.2603048874671874,-0.10803385021549947,-0.8801131796654142,43.1346143556781,-74.03024569919741,-38.34571191992082
8.34,1.4059620367073555,-0.03984319494800889,-1.060079615071058,39.22996219909272,-79.54671649906987,-42.62863771982727
8.35,1.5635400566458069,0.03872390353722621,-1.2431766731930187,35.53233848234621,-84.93851883804926,-46.60832091475834
8.36,1.727782836651093,0.12400785544721518,-1.4258097227990039,32.050996285425505,-90.15062497511083,-50.293651440334344
8.37,1.9058562488949669,0.19891649276193774,-1.5917816869848518,28.789640598948317,-95.14371204918749,-53.69603491397325
8.38,2.091736341880199,0.2647110823816169,-1.7424041957055034,25.74767076713065,-99.89109566763388,-56.82862480919721
8.39,2.260904204605139,0.323182298146971,-1.8999425665118537,22.921199008908836,-104.37618470882511,-59.705707278834346
8.4,2.414633518181966,0.3751329430587738,-2.060314357183718,20.303881584506055,-108.59037494803675,-62.3422124621685
8.41,2.484682687667631,0.4183839689590795,-2.2306125819608686,16.61392159418977,-113.1049834288701,-63.94668967343732
8.42,2.4721908691852863,0.4532091142740154,-2.3931108699627357,12.160375264194647,-117.77905886843203,-64.73595051216755
8.43,2.396698791453721,0.4810390518702317,-2.5470982956209975,7.191794804289092,-122.50219376952738,-64.88872911506776
8.44,2.3203430633240267,0.4917322532818625,-2.6921776481465263,1.9065254083568846,-127.18909083802964,-64.55181384049031
8.45,2.2445191611102917,0.48913805978011315,-2.8281698922965948,-3.538626619909288,-131.77501054925747,-63.84524099213429
8.46,2.170287186585553,0.4764112388212721,-2.955079940281857,-9.021108288114494,-136.21196447583412,-62.86668926460962
8.47,2.0972892656746502,0.45309390341807704,-3.065283618578669,-14.446506685832317,-140.46553906843448,-61.695193578464014
8.48,2.026376759576074,0.4220325387590983,-3.1609745501093744,-19.743428854618895,-144.51225175544982,-60.39427979409528
8.49,1.9403142196009755,0.36807859489895683,-3.2388606297171116,-24.8592220017427,-148.33735591026704,-59.014607056155235
8.5,1.8439971621262756,0.2974405504607398,-3.301897899577455,-29.756403973732134,-151.93302378020107,-57.59619188091746
8.51,1.7284567874639853,0.20422596096178083,-3.343634514008383,-34.40969329644698,-155.29684718405366,-56.1702772642367
8.52,1.6000038789340445,0.09518268211161256,-3.3684106795256814,-38.80354466389355,-158.43060492787745,-54.7609008035868
8.53,1.4635455133574642,-0.021957588916041465,-3.3806174362572743,-42.930109919221486,-161.33925368599446,-53.38620787584567
8.54,1.3093420848166843,-0.13724292784477593,-3.37599100881338,-46.78755666284411,-164.03010574008414,-52.05954910498378
8.55,1.1439620210148893,-0.24930675096451363,-3.35854896266394,-50.37868694057324,-166.51216262930774,-50.79039552877728
8.56,0.9726089093382823,-0.35715310380674226,-3.331567490414151,-53.70980726351315,-168.7955785815366,-49.585099891857034
8.57,0.8140993096274693,-0.47207518482959326,-3.2804469649351846,-58.22863670977162,-168.83880989525034,-47.7404188590297
8.58,0.667899736260949,-0.5906189627247511,-3.2116437350382387,-63.58619924347308,-167.1662243558241,-45.43503152359894
8.59,0.5463080982731294,-0.7124327463831572,-3.1287521412884174,-69.502204882659,-164.20610068726614,-42.81293760235353
8.6,0.44545678015318746,-0.8348467878343875,-3.036369325116079,-75.75333093636917,-160.30645757091293,-39.989335418863234
8.61,0.33951911815271335,-0.9563105103855734,-2.9326433982791933,-82.16335971286026,-155.7484268010345,-37.05557225620874
8.62,0.2362936719624642,-1.0748328056140504,-2.83084526057159,-88.5948916868478,-150.75753721470517,-34.083307143298136
8.63,0.13675766359864122,-1.1892511596856337,-2.7321136823177756,-94.94239435932501,-145.51322274681698,-31.128005617111917
8.64,0.041601631201360484,-1.2987396470266015,-2.6372726195559837,-101.12638236857592,-140.1568222675461,-28.23186842335822
8.65,-0.038378669090328846,-1.4061413225372394,-2.5386727493234247,-107.08855465114965,-134.7982996932989,-25.426281065275578
8.66,-0.1054903572966171,-1.5102671315604272,-2.438735665093443,-112.78774032607095,-129.5218793053081,-22.73385822759862
8.67,-0.1842877692467969,-1.6151014364131737,-2.327583355837778,-118.19652710333771,-124.3907624722322,-20.17014608269597
8.68,-0.27080085387667213,-1.718840147372102,-2.2095811447539444,-123.29846493119292,-119.45106737390483,-17.74503606421276
8.69,-0.34725812407959733,-1.8232757050223423,-2.101041980881104,-128.08575375359467,-114.73511227715568,-15.463935642808222
8.7,-0.4153730477649682,-1.9344354178323335,-1.9924016682146932,-132.5573380433461,-110.26414491750155,-13.328734763251495
8.71,-0.47603656671525263,-2.049006441423853,-1.885381418388618,-136.71734254575978,-106.05060515905541,-11.338600734165071
8.72,-0.5517367989316384,-2.175744702588862,-1.7803845955782067,-140.57379370314274,-102.09999496650983,-9.49062935667445
8.73,-0.6377666986140018,-2.3098182196903716,-1.6785775344330762,-144.49414234390247,-98.1477310071154,-6.053344452710155
8.74,-0.7303610327674676,-2.447412893413553,-1.5808033698933188,-148.40215704786067,-94.25595500684285,-1.452948956663894
8.75,-0.8265344755917231,-2.5855535358982764,-1.487644613137984,-152.2396658517058,-90.47129910027728,3.9660719068193977
8.76,-0.923945463447923,-2.7219537381772323,-1.3994751335418996,-155.96323250071686,-86.82779226399617,9.92718061625474
8.77,-1.0207819000339522,-2.8548901627630383,-1.3165032173895554,-159.54138145854225,-83.34928247896852,16.210183009162193
8.78,-1.1156653764821003,-2.983097500918374,-1.2388071219387051,-162.95228641908759,-80.05145027669784,22.6414633410888
8.79,-1.2075710635051808,-3.105680892616703,-1.1663643282038556,-166.18184980420688,-76.94347797688594,29.085780214890598
8.8,-1.2957608541399586,-3.2220430848136004,-1.0990755122474263,-169.2221116177481,-74.02942923207863,35.43938573991243
8.81,-1.3797276961237734,-3.3318240118891373,-1.036784098276919,-172.0699353247133,-71.30938522070929,41.62426530219614
8.82,-1.4591493611406978,-3.4348508308705776,-0.9792921235451725,-174.72592636090988,-68.78037677105605,47.5833253060978
8.83,-1.533850161526457,-3.5310967417958903,-0.9263730315857857,-177.19354564860868,-66.43714568036755,53.27638189805222
8.84,-1.603769349922953,-3.6206471776325215,-0.8777819138108522,-179.47838626499353,-64.27276336592841,58.67682561848526
8.85,-1.6689351293214743,-3.7036721647944346,-0.8332636374861243,-181.58758632652265,-62.27913061946832,63.768855676027975
8.86,-1.729443364652819,-3.7804038398903614,-0.7925592284642838,-183.529355337279,-60.44737852265562,68.54519355327119
8.87,-1.7854402266306793,-3.851118265512393,-0.7554108179871828,-185.31259480899433,-58.7681874247419,73.00519932564066
8.88,-1.8541604767913742,-3.94366261848063,-0.6737481940596025,-186.94659698563584,-57.23203820251513,77.1533257400229
8.89,-1.931548317120791,-4.051474504058177,-0.5592803539578676,-187.87643316797644,-51.40737663858345,82.78887065509645
8.9,-2.0143630961679886,-4.1692910335775775,-0.42148458022438506,-188.25261357058133,-42.39033314997039,89.47516497046375
8.91,-2.100038894248374,-4.292926485341218,-0.26798141626868155,-188.19902344803535,-31.070013554782726,96.86146594675334
8.92,-2.1865664756810386,-4.4190852455142995,-0.1048507686108979,-187.81722761283552,-18.163128184173694,104.66829857005703
8.93,-2.272394210282906,-4.545204683060654,0.063102004886638,-187.19011483881013,-4.243198475673438,112.67511897586678
8.94,-2.3563450663017904,-4.66932339800926,0.2321224563943352,-186.38497992059052,10.234844402329466,120.70994845881695
8.95,-2.437547205030283,-4.789970954797891,0.3993194043237544,-185.45612703131943,24.91397325576404,128.64067818078166
8.96,-2.5153760736656867,-4.906075788045469,0.5625077800146573,-184.44706589685686,39.51769717080357,136.3677888713362
8.97,-2.589406206313642,-5.016888460562436,0.7200772742152758,-183.39236190489555,53.83550599371191,143.81826763642735
8.98,-2.6593712108985823,-5.121917874511951,0.8708827889280106,-182.3191923500362,67.71069531134935,150.9405363528811
8.99,-2.725130648613636,-5.220878396527799,1.0141532956779482,-181.2486533728777,81.0302042371757,157.70023380215224
9.0,-2.7866427079796363,-5.313646165000436,1.1494162102884011,-180.19685560328952,93.71615303605562,164.0767173523418
9.01,-2.843941742369548,-5.400223110159167,1.276434829126273,-179.17584091089716,105.71881441275967,170.06017020557536
9.02,-2.8971198820998003,-5.4807074414500825,1.3951567430939207,-178.19434786655148,117.01079227284936,175.6492174806202
9.03,-2.9463120534229654,-5.555269547572033,1.5056714624895584,-177.25844941280948,127.58221591146724,180.84896912119171
9.04,-3.0367496368825297,-5.5619497765158386,1.8005562716754442,-176.3720827308381,137.4367867299174,185.66942017223565
9.05,-3.1573526517674693,-5.51655356466788,2.231991855713459,-175.47787888478442,148.73502414201334,189.46297775549996
9.06,-3.2991666529798844,-5.43199564364885,2.7612329457470413,-174.59164664507483,160.96203383030533,192.41104569025703
9.07,-3.455004471830329,-5.318775756561643,3.3570869842767053,-173.72536504521787,173.70908776618037,194.66572205139516
9.08,-3.619144310140352,-5.185380612439224,3.994631342146656,-172.88789380399587,186.65512786136313,196.35429117083848
9.09,-3.78707569712552,-5.038623086276134,4.654133220169795,-172.08556598174783,199.55123485827863,197.58305054086793
9.1,-3.9552860606434534,-4.8839280727094545,5.320141607716107,-171.32268121187437,212.20761015500648,198.44056870634563
9.11,-4.121081728639317,-4.72557302993638,5.980725160560689,-170.60191510350444,224.48268500476675,199.00045660325287
9.12,-4.28243808806366,-4.566890074845489,6.626833706323561,-169.92465806579148,236.27402865528998,199.32372307739666
9.13,-4.437874408746929,-4.4104354830595645,7.251764378761954,-169.2912948015145,247.51077586185792,199.4607752360787
9.14,-4.586349507258385,-4.2581315849256605,7.850716200179443,-168.70143400852876,258.14733599092,199.45311561950587
9.15,-4.727174996630307,-4.111385310027426,8.420419341574405,-168.1540963700158,268.15818163675,199.33478073151255
9.16,-4.859943355733336,-3.9711870009642873,8.958827350742823,-167.6478676722478,277.53354516813937,199.13355907146277
9.17,-4.984468468863259,-3.8381925768227543,9.464862399157035,-167.18102283064033,286.2758776504822,198.87202131499555
9.18,-5.100736641902368,-3.7127916649515376,9.938205101862339,-166.75162570455586,294.3969467908621,198.56839057465353
9.19,-5.208866404980712,-3.5951639251602696,10.379121747654487,-166.35760881576374,301.9154694797333,198.23727662385022
9.2,-5.333516436009745,-3.3404397818019507,10.758711730406999,-161.56550831003597,304.9526905465294,196.88295065176877
9.21,-5.468867140453696,-2.9847312692025825,11.085417393289282,-153.48100160549384,304.51145847975573,194.76638931921002
9.22,-5.610295693224007,-2.557264544412401,11.366528722788384,-143.0020668222429,301.41392998363597,192.09931280960708
9.23,-5.754167777482151,-2.0815371059884744,11.608339526267565,-130.8536313972189,296.3310734165499,189.05242118804222
9.24,-5.897662689219135,-1.5762932999140857,11.816282570708383,-117.61680384685333,289.80761967899105,185.76234130296845
9.25,-6.038626720248714,-1.0563454593272241,11.995046502066067,-103.7535015059976,282.2831376974383,182.33747790184998
9.26,-6.175450482751849,-0.5332640273259205,12.148676988542011,-89.62716850274873,274.10981349753956,178.86293436190223
9.27,-6.306966480875314,-0.015956586772954806,12.280664204929186,-75.52017660178086,265.567427664843,175.40464420847502
9.28,-6.432363784424914,0.48884721281873694,12.3940184923986,-61.64841448069952,256.87595379817157,172.0128338377499
9.29,-6.551117129573438,0.9761903529308331,12.49133578292364,-48.17349644298569,248.20613868465477,168.72491908769862
9.3,-6.662928173053191,1.4425504390646124,12.574854164998692,-35.21295775093938,239.68837191517076,165.56792309019534
9.31,-6.767676969263422,1.8855584981504028,12.6465027830718,-22.848749162483,231.42010726486,162.56048982507258
9.32,-6.865382032467139,2.303765660604361,12.707944103423527,-11.134296568782286,223.47205930970242,159.71455667169622
9.33,-6.9561675959751845,2.696450149661229,12.760610440826824,-0.1003517303429522,215.89336551107078,157.03673974689718
9.34,-7.040236893098919,3.0634581467569375,12.805735520388305,10.240173969873771,208.71587557913296,154.52947769905265
9.35,-7.117850466004609,3.405073079740262,12.844381745046496,19.88822992832292,201.95770563781912,152.19197269837397
9.36,-7.189308662979205,3.7219087146846785,12.877463749159073,29.863800382005508,188.40742365715977,150.95393029631728
9.37,-7.09725944405383,4.060191533397049,12.668906084352153,39.9342558327624,169.86865405232433,150.57700835886266
9.38,-6.881463128875749,4.409609183139379,12.278601761541353,49.92000674298623,147.80024188530464,150.86527118239172
9.39,-6.5742947605538475,4.7620922871117966,11.75524615874025,59.684878381392195,123.37426607172232,151.6583119819313
9.4,-6.201969169798738,5.111414830979557,11.138200600990341,69.1280632079625,97.52493646332768,152.8254321568611
9.41,-5.785575167973752,5.452859406269257,10.459065008322591,78.17740680630598,70.98974738091104,154.26072060084078
9.42,-5.341947445201907,5.782937340377476,9.743003226306305,86.78381972056418,44.34405946810907,155.8788989938746
9.43,-4.8844005879984325,6.099155222110683,9.00985829591405,94.91663862803429,18.03010976193086,157.61181846676183
9.44,-4.423346063139547,6.399820596842191,8.275089469583822,102.55978682862806,-7.618697415642002,159.40550971214793
9.45,-3.966809957182908,6.683880686920341,7.550558110837495,109.70860670363535,-32.357492232601814,161.21770292014438
9.46,-3.5208666423538735,6.950788917028295,6.845185615690503,116.36725614381851,-56.013015166952265,163.0157461743894
9.47,-3.0900012975261144,7.20039481325113,6.165503070723422,122.54657744733657,-78.4695405203307,164.77486144444592
9.48,-2.6774122944935157,7.4328535179646895,5.516109433627947,128.26236125085296,-99.65720014213089,166.47668630051348
9.49,-2.2852628188202213,7.648551736917811,4.900052517201288,133.5339400340006,-119.54232725660086,168.10805716999468
9.5,-1.9148896918387892,7.848047424289453,4.319144916855857,138.38305592994178,-138.11949780898254,169.65999653616004
9.51,-1.566976161933649,8.032020928303844,3.7742251928905133,142.83295624199138,-155.4049958286344,171.12687210500292
9.52,-1.302269675569813,8.100792330935114,3.340950994965633,145.95939616462326,-170.49139295573298,171.06851317950756
9.53,-1.105404620766723,8.08028757152882,2.9999253122580587,148.02371110281604,-183.6583785068595,169.84330845249536
9.54,-0.9635566784836268,7.991751137428237,2.73485592530604,149.2425816788884,-195.15008042089605,167.74388123255642
9.55,-0.8660475870718246,7.852511334172663,2.5320822864629937,149.79511406246115,-205.17958545787877,165.007930966782
9.56,-0.8040090079116663,7.676627385833666,2.380172167872802,149.8288479489081,-213.9328849946643,161.82739196694246
9.57,-0.7700968924935503,7.47543595060797,2.269578027579174,149.46484964401736,-221.5723193900991,158.35616063945685
9.58,-0.7582489776813436,7.258012086910047,2.192344466610941,148.80202510364762,-228.23958462425858,154.71660598810914
9.59,-0.7634790901269768,7.031557518033355,2.141859373578841,147.92076836018254,-234.0583568250329,151.00504683335686
9.6,-0.7817028466849307,6.801727168142867,2.11264240588897,146.8860440978392,-239.1365832314846,147.29635234247846
9.61,-0.8095901158201622,6.57290333513073,2.1001653617843976,145.74998883295387,-243.56848197655722,143.64779946129843
9.62,-0.8444402731921337,6.348425488994395,2.1006997754889527,144.55410288276113,-247.43628768799476,140.1023011388122
9.63,-0.8840768581614223,6.130782505405726,2.111187736364488,143.33109478210167,-250.8117752063142,136.69110237411473
9.64,-0.9267587301197617,5.921773135073687,2.1291325074041247,142.10643078656395,-253.75758961555385,133.4360266890477
9.65,-0.9711052456797441,5.722639646302693,2.1525060116781574,140.8996343714403,-256.32840720050996,130.3513432944019
9.66,-1.0160333396916097,5.5341788401139205,2.179670678830492,139.7253740165575,-258.571948817109,127.44531467515115
9.67,-1.0607047032367627,5.3568340066238616,2.209313507137272,138.59437190084168,-260.5298644326753,124.72147531548806
9.68,-1.0182379549629461,5.192716852754538,2.2283384615106305,137.51416128254607,-262.2385052097077,122.1796845976915
9.69,-0.9097196327695093,5.041291471624048,2.2389368412416295,137.08909133599872,-262.41053484822146,119.0633966325396
9.7,-0.7523261730781355,4.90194925057689,2.242918025078775,137.17225518417342,-261.4034086207051,115.55595121183673
9.71,-0.5599719590475817,4.774035421172396,2.241770712312234,137.64323609630446,-259.5092275305644,111.80382969892615
9.72,-0.3438564520703204,4.656870107703761,2.236714821095472,138.40378037127505,-256.9654916407603,107.92300495155827
9.73,-0.11292550997725598,4.549764834771467,2.2287454228030223,139.37413809162322,-253.9641862307422,104.00427967698664
9.74,0.12574020365614105,4.452035300264375,2.218669892504068,140.4899723917082,-250.65944955384174,100.1177668936898
9.75,0.36659869997458344,4.3630110894657514,2.2071392850485556,141.6997522872153,-247.17403482381104,96.31664356126427
9.76,0.6053726315312881,4.282042895425153,2.194674799886545,142.9625564683502,-243.60474806450924,92.64028907923121
9.77,0.8388197255117137,4.208507717246802,2.181690072186153,144.2462260528386,-240.02701688841083,89.11690378706166
9.78,1.0645408486293566,4.141812428997021,2.168509920162632,145.52581337451196,-236.49872250532908,85.7656884260715
9.79,1.280819882756468,4.081396045352704,2.155386086267083,146.78228166181637,-233.06340776663635,82.59865340865606
9.8,1.4864904575919682,4.026730954041387,2.1425104308428797,148.00141712144293,-229.75295736097104,79.6221163889371
9.81,1.6808253280505234,3.977323337974264,2.1300259691768044,149.17292064332196,-226.58983199786834,76.83793778963764
9.82,1.8634448174945653,3.932712970392025,2.1180360849453277,150.2896512203337,-223.58892620427616,74.24453639658589
9.83,2.034241288826807,3.892472533174498,2.1066122035033326,151.34699734616558,-220.75910892161534,71.83772069883399
9.84,2.202546660802636,3.827746096348977,2.0818789004695657,152.34235621834677,-218.10449717517793,69.61136616932342
9.85,2.366315013396589,3.745283916648985,2.047342029389501,150.68689103894883,-213.1251929134496,66.88858901127121
9.86,2.524050830017013,3.6505312803685377,2.0058389401346153,147.0277553384887,-206.44384757379123,63.82828167133637
9.87,2.6747033641480087,3.5478492732105624,1.95965082585924,141.89173339066002,-198.5637730547748,60.55737008808413
9.88,2.81757881427724,3.4407007478363223,1.910597428588105,135.70522075262465,-189.88904767217196,57.17632262453032
9.89,2.952267505559351,3.331806740161727,1.8601167583557034,128.81109043986905,-180.741460306239,53.76378124423865
9.9,3.0785836987978517,3.223277816470838,1.8093320927347132,121.48291113104258,-171.3747690369116,50.38044829301161
9.91,3.196516007702363,3.1167241746376444,1.7591081910446624,113.9369158612998,-161.98668089263106,47.0723426226501
9.92,3.3061867128370297,3.0133477586303923,1.7100983727031447,106.34206142257015,-152.7288996432189,43.87352199030065
9.93,3.4078185228176805,2.91401916264624,1.6627838653369333,98.82846878319012,-143.71553744221242,40.808354287559666
9.94,3.5017075566650897,2.819341688179526,1.6175066196137882,91.49449209392742,-135.03014235953228,37.89340785440548
9.95,3.5882015113816204,2.7297045641631428,1.5744966093005397,84.41262725224306,-126.7315563999876,35.13902061879672
9.96,3.6676821405961264,2.6453270385230505,1.533894482509138,77.63443968201217,-118.8587865809614,32.550598819365064
9.97,3.740551307641668,2.566294791727932,1.4957702997702658,71.1946642035227,-111.43504427294194,30.129688397622623
9.98,3.80721999322901,2.4925899029046708,1.4601389833019063,65.11460697462417,-104.47108462659982,27.87485559976321
9.99,3.868099736987615,2.424115411416476,1.4269730068917263,59.404959924770225,-97.96795795007851,25.7824077451558
10.0,3.890218466787365,2.3735307786924444,1.3792099623449992,53.60109013777627,-89.81270535477192,24.70393354795394
10.01,3.8823151901217465,2.3374334539710384,1.3210173350772705,47.81576653308126,-80.519969674697,24.41863409153449
10.02,3.85154980345398,2.3129919951379145,1.2557488183398333,42.13503803053225,-70.50154750284749,24.74506685003312
10.03,3.803761322982503,2.297856456419774,1.1860826443011732,36.6231515359161,-60.084059457168216,25.534756573726867
10.04,3.743686231324927,2.2900822555821385,1.1141380478606182,31.32665793010192,-49.52380985255177,26.66678850946541
10.05,3.6751428762851432,2.288065550947353,1.041573168587996,26.277832217367596,-39.01926232944618,28.04323820230483
10.06,3.6011869970158537,2.290488440352793,0.9696672115107072,21.49751513703401,-28.721495267545865,29.585313213974004
10.07,3.5242427144969306,2.296272536298321,0.8993892723185533,16.997467432762452,-18.742947106598034,31.230100188314868
10.08,3.4462126901543657,2.304539679501954,0.831455877119583,12.782314214917628,-9.16471573170676,32.92782621260217
10.09,3.3685706138584277,2.314578731650018,0.7663789827153779,8.851145107272096,-0.042636761372707,34.63955672787523
10.1,3.2924387177278125,2.3258175413938478,0.7045059232072305,5.198825851304859,8.587668040310751,36.33526364225812
10.11,3.218652614163313,2.337799309144689,0.6460525663461921,1.8170685014033041,16.706609731594792,37.992207066672236
10.12,3.1478154159004412,2.3501626889985405,0.5911307530253004,-1.3046999305745002,24.307180577552966,39.59358245307254
10.13,3.0803428044819854,2.3626250628085432,0.5397709310604724,-4.17863671551728,31.39211482559043,41.12739206995602
10.14,3.0165004644196993,2.374968504275443,0.4919407559458311,-6.8179221334341396,37.971562705719265,42.58550586928936
10.15,2.9564350874279537,2.387028021894235,0.44756031318703027,-9.236313763816826,44.06119371229103,43.96288203019631
10.16,2.9001999693025864,2.3986817303540247,0.406514516181276,-12.187171234518932,50.091908143693,46.16145305916888
10.17,2.8014415199674993,2.3390213394817696,0.37783575728341295,-15.499590716235875,55.98328465923993,48.95439873667648
10.18,2.6716692459458313,2.225693284915797,0.3590736175446832,-19.037074558234224,61.67592782490492,52.158772728257674
10.19,2.520179704180088,2.0730466761869146,0.3481970477830826,-22.691600116041798,67.12746822010304,55.628078179183
10.2,2.354429903387877,1.8926819026884436,0.34352781393774645,-26.37863377567507,72.3092339879875,59.246013880997964
10.21,2.180351932415905,1.6939136088741695,0.3436840284321337,-30.032946549836872,77.20348846671172,62.92121437330945
10.22,2.00261767444649,1.4841608744089572,0.34753228596014685,-33.6051087589633,81.80114438844258,66.58283321315247
10.23,1.8248611695254304,1.269275564046389,0.3541471349119046,-37.05855940721692,86.09987866619835,70.17684080595177
10.24,1.6498650771714094,1.053818208236823,0.3627767984075956,-40.36716135029833,90.10258333719577,73.66292716909574
10.25,1.479716739632059,0.8412894013164236,0.37281421579636537,-43.51316659812163,93.8160980800345,77.01191624136072
10.26,1.3159385321467427,0.6343235272474237,0.38377261011282404,-46.48552741914069,97.25017811626984,80.20361224604234
10.27,1.1595964899760047,0.43485061542510467,0.39526490247834983,-49.278498588059335,100.41665845469582,83.22501049578229
10.28,1.0113906062831581,0.24423126707012438,0.4069863934694813,-51.89048438007424,103.32878151919859,86.06881517924283
10.29,0.8717296858576482,0.06336885556287192,0.41870021636160565,-54.323090964897,106.00066037297103,88.73221534034164
10.3,0.7407932048153415,-0.10719742599053814,0.43022513988273825,-56.580350866325404,108.44685414581289,91.21587766149008
10.31,0.6185822551920857,-0.26721563489876554,0.4414253603929376,-58.668091277320194,110.6820360008666,93.52312097515856
10.32,0.459454149149404,-0.483490097423834,0.4187787735899194,-61.76975054077995,114.78300284300357,94.75143041882416
10.33,0.2745477218800165,-0.739456465647342,0.370572077856516,-65.59922799966664,120.24838370896775,95.1344887832115
10.34,0.07279393034751647,-1.0218124746677257,0.303549153344121,-69.92610567913196,126.67299748589397,94.86441650308288
10.35,-0.13870622145623385,-1.3199612397822735,0.22316728686831674,-74.56619793873617,133.731639370011,94.09851095262373
10.36,-0.3543637404707265,-1.6255427593265015,0.13381344711546161,-79.37359366970288,141.1654177442567,92.96495032879369
10.37,-0.5698345950213424,-1.9320402702380743,0.03898659406850283,-84.23396556263516,148.77025720665952,91.56761567416142
10.38,-0.7817958024894491,-2.2344500634322775,-0.058548865202895345,-89.05895401874527,156.38723969808262,89.99016238117483
10.39,-0.9877580425433208,-2.52900504473046,-0.15663410956376433,-93.78146158641168,163.8945038446709,88.29945346340111
10.4,-1.1859091631698266,-2.8129437640879673,-0.25360770119062087,-98.3517180431186,171.2004638812046,86.54845053473997
10.41,-1.3749837842249668,-3.0843178654071846,-0.3482149713238294,-102.7339969858611,178.23814483290687,84.77864442475348
10.42,-1.5541549193417936,-3.3418319607077227,-0.43953228796763233,-106.90388253599426,184.96046084541473,83.02209534953329
10.43,-1.7229441490508983,-3.5847108311611393,-0.5269039008985498,-110.84599993319003,191.3362893886565,81.30314227085637
10.44,-1.8811474007180116,-3.812589625240143,-0.6098894029722436,-114.55213675396195,197.3472161422532,79.63983226888723
10.45,-2.028773837139426,-4.025423379687504,-0.688220140450974,-118.0196925580848,202.98484423262795,78.04511321630325
10.46,-2.165995736319268,-4.223412748253647,-0.7617631560135807,-121.25040421189628,208.24857759506133,76.5278265945389
10.47,-2.293107569498846,-4.406943299995637,-0.8304914623659891,-124.24930219353482,213.14380197262656,75.09353178108589
10.48,-2.4690449016285405,-4.6011519521106665,-0.9189237053175833,-127.02386005145283,217.68039877775263,73.74518842733147
10.49,-2.6796152355773923,-4.800501514634506,-1.0210600209318104,-129.70252384811735,221.0714589132749,70.14856321231119
10.5,-2.913411300076085,-5.000672249775658,-1.1320926372468934,-132.2659146323118,223.53248222151421,64.88679446624393
10.51,-3.161336501019208,-5.198344027465356,-1.2482015991561461,-134.7009965353308,225.24299259467378,58.43236534087611
10.52,-3.4162054907878616,-5.391013919329886,-1.366382935631103,-136.99979379646518,226.3521647773323,51.165656067690186
10.53,-3.672408490910927,-5.576843775299137,-1.4843043505005058,-139.15832942145144,226.98360659253441,43.390587138724555
10.54,-3.9256296708346654,-5.754533137286545,-1.6001842407833222,-141.17575011212136,227.2394198167902,35.347790800317675
10.55,-4.172611313731986,-5.923213537288053,-1.712690465518864,-143.05360748291363,227.20364531947368,27.22568435684494
10.56,-4.410956722923185,-6.0823608195190815,-1.8208558178082808,-144.79527016550594,226.94518294934892,19.16976402736043
10.57,-4.638965868664521,-6.231722632172227,-1.9240076060016111,-146.40544531052964,226.52026365113858,11.290391196546341
10.58,-4.855498669799849,-6.3712586663571,-2.0217091374933545,-147.8897913229614,225.97454013139725,3.669302744883269
10.59,-5.0598615695784614,-6.501091588368064,-2.113711229768387,-149.25460649930818,225.34485280954223,-3.634957221935072
10.6,-5.251713718321799,-6.621466925714458,-2.1999121562013273,-150.506580642147,224.66071956609784,-10.582516318062629
10.61,-5.430989633479639,-6.7327204351560015,-2.280324675560902,-151.65259877272442,223.94559074586547,-17.14842069919056
10.62,-5.59783568362424,-6.835251709022871,-2.355049000139937,-152.69958779812396,223.2179048249709,-23.31952843319178
10.63,-5.752558148834572,-6.9295029701237105,-2.4242507330185745,-153.65439846134979,222.49197496639584,-29.091946425892843
10.64,-5.810532065185692,-6.872619607995858,-2.384771954550366,-154.52371614942348,221.77873224707437,-34.46892355427502
10.65,-5.7935270313734915,-6.700912602491786,-2.2627015154957943,-153.13360443952013,221.0797850049833,-39.66201665953208
10.66,-5.719381942495814,-6.443976666988797,-2.079304186915016,-150.03533759225786,220.4027037883045,-44.633181479814326
10.67,-5.602647515972346,-6.125801955947621,-1.8518190417998106,-145.6776748874437,219.75294314134254,-49.356758006595825
10.68,-5.455129603228248,-5.765712787245038,-1.5941336175428595,-140.42387570895403,219.1342523156788,-53.81696886293484
10.69,-5.286348051233106,-5.37915925515642,-1.3173524393220242,-134.56606265497047,218.5490163660975,-58.005849583211045
10.7,-5.103923737186308,-4.978383843789252,-1.0302757803822904,-128.3373298065304,217.99853861772908,-61.92154190680984
10.71,-4.913904563350693,-4.572981921902057,-0.7398022168130836,-121.92193544121642,217.48327383198247,-65.56689167164626
10.72,-4.721039624580445,-4.170372232927455,-0.45126654756770507,-115.4638688890039,217.00301998302052,-68.94830182485468
10.73,-4.529009411700406,-3.7761911236667824,-0.16872294849596686,-109.0740387335755,216.55707534892431,-72.07479867926652
10.74,-4.340618757906306,-3.3946222255817866,0.10481822811358227,-102.83629316561353,216.14436659236745,-74.95727602593705
10.75,-4.157958245502912,-3.0286715657107464,0.3671928441409935,-96.81245213442993,215.76355262887284,-77.6078872284514
10.76,-3.982538943108081,-2.6803965985327514,0.6169184588472774,-91.04650428032953,215.4131083344962,-80.0395601143069
10.77,-3.8154046187259745,-2.3510963799350244,0.8530577191872872,-85.56809882515375,215.09139151013756,-82.26561346262896
10.78,-3.657224954453331,-2.041469019134655,1.0751052510228059,-80.39544310439176,214.79669598039206,-84.29945726895947
10.79,-3.508372759081255,-1.751741617597893,1.2828943105371433,-75.53769976967725,214.52729324698706,-86.15436183522877
10.8,-3.380316394513865,-1.4061145973963427,1.4953814137506651,-66.91290107951023,213.33427713473966,-87.66992378697826
10.81,-3.2701827186026775,-1.023089853845213,1.7081453456836635,-55.53871311235878,211.45276040606996,-88.90199589398992
10.82,-3.175491939880008,-0.6174172399725476,1.9177967881685585,-42.23724566700283,209.07350909183737,-89.89776996195214
10.83,-3.094104172734839,-0.20074348497671718,2.1217894271309223,-27.66804029998027,206.35035553731808,-90.6970693739552
10.84,-3.024173207690337,0.21784249126972666,2.3182621596625617,-12.355866920541427,203.40645110436864,-91.333453824177
10.85,-2.9641065280829784,0.6313521060323208,2.50590757738737,3.285888634349897,200.33953278688597,-91.8351629997503
10.86,-2.912530733882298,1.034514043803177,2.683862622561249,18.935578111776852,197.22635256276823,-92.2259222123025
10.87,-2.8682616456054912,1.423454136099564,2.851617928669981,34.34681560056035,194.1263965073848,-92.52562974672057
10.88,-2.8302784585559753,1.7954284390124298,3.00894288289901,49.33468769977646,191.085002019554,-92.75094290984188
10.89,-2.7977014019312527,2.1486012109455235,3.155823896560314,63.76423517105479,188.13596552075302,-92.91577736426535
10.9,-2.7697724304227735,2.4818607361607743,3.292413752385994,77.54085366982953,185.30371930259673,-93.03173226899169
10.91,-2.7458385392612383,2.7946670017761885,3.4189902239965,90.60231375998785,182.60514449021778,-93.10845197309479
10.92,-2.725337348539731,3.086926142610237,3.5359224409483483,102.9121453796405,180.05107707933047,-93.15393348134411
10.93,-2.7077846501976435,3.3588873419580203,3.6436437095372893,114.45417033250519,177.64755545100533,-93.1747875973265
10.94,-2.6927636522451444,3.611058536115573,3.7426297009641765,125.2279991662218,175.39685046289696,-93.17646052054229
10.95,-2.6799156904964323,3.844137832640644,3.8333810896978218,135.24533677068888,173.29831298039372,-93.16342170362091
10.96,-2.6689322089935676,4.058958031032641,3.9164098702954906,145.15751172144198,166.5398495956585,-90.23541667654641
10.97,-2.6029497902024126,4.282016682441629,3.912357798092214,154.8342937818398,156.31923143241343,-85.12139072337145
10.98,-2.495889785343522,4.507897608013485,3.84169776159139,164.17965344086562,143.60759817567248,-78.41359915416919
10.99,-2.359052566227441,4.732409947779226,3.7211450654955804,173.12524657916873,129.1874007576103,-70.59039002846481
11.0,-2.201555248994388,4.952366458728322,3.564276937773858,181.62499358225753,113.6843994881938,-62.03542697865264
11.01,-2.0307009397222946,5.165398092756092,3.3820558722091976,189.65058109114963,97.59461091491876,-53.05388612834874
11.02,-1.8522897820026871,5.36979924860929,3.1832711677579857,197.18774043247092,81.30696625858444,-43.88608322532938
11.03,-1.6708805865298206,5.564398926549875,2.974910938291308,204.23317884328767,65.1223324864131,-34.7189203585594
11.04,-1.4900105370813788,5.748453727995793,2.762475076070081,210.7920584415179,49.26945132511921,-25.695484439336152
11.05,-1.312379365830519,5.92155925210289,2.5502381178683593,216.8759339551392,33.91826952467359,-16.923080650566224
11.06,-1.1400034477504775,6.083576961933279,2.3414696480284727,222.50107391158144,19.19106351300939,-8.479942145874151
11.07,-0.9743444565993444,6.234574037241963,2.138618746931865,227.68710164523907,5.1717015585632105,-0.4208214134399997
11.08,-0.8164165343648935,6.374774109943267,1.9434680297339642,232.45590239998882,-8.086664759037197,7.218361950664898
11.09,-0.6668753355546905,6.50451710138734,1.7572619957897282,236.83075123721926,-20.555231818465053,14.41666852707857
11.1,-0.5260918030975867,6.624226655752532,1.580813704241958,240.83562362451727,-32.22428746055099,21.164955272659686
11.11,-0.39421310163671697,6.734383898067248,1.414593188771916,244.49465666128424,-43.09888817932693,27.463253604859922
11.12,-0.24221490674266485,6.769116507057152,1.275049681790604,247.16017191347635,-52.40617796121277,34.592290552874786
11.13,-0.0771876964840521,6.7455594341422795,1.1581111267300588,249.02337643603786,-60.368068904200165,42.24597055131
11.14,0.0952363035027616,6.677742402783356,1.0603066529066716,250.24319923556095,-67.17548431517176,50.18174163524775
11.15,0.2706293456254352,6.577098481855691,0.978679904933974,250.95137317214017,-72.99263853114734,58.20949228333683
11.16,0.44555504435020976,6.452894034866452,0.9107146462527841,251.25675073026895,-77.96073098507945,66.1822311813529
11.17,0.6173897192433933,6.312591754595527,0.8542709224772983,251.24896578680085,-82.20113408285437,73.98827766293782
11.18,0.7841729122203089,6.1621567938475446,0.8075303070479841,251.00153744278933,-85.81814371891868,81.54473078691787
11.19,0.9444825769648175,6.006314545871003,0.7689489560622907,250.5744981881119,-88.90135196029732,88.79201941641949
11.2,1.0973311081447565,5.848767378734729,0.737217375525396,250.01661681831027,-91.52769338009819,95.68936509500011
11.21,1.2420789506396357,5.69237655735329,0.7112259564342517,249.3672763505198,-93.7632095549442,102.21101467555404
11.22,1.3783630183210331,5.5393146697744795,0.6900354643733091,248.65805845564083,-95.66457021138967,108.34312115636011
11.23,1.5060375698533368,5.391193089131727,0.6728517835083169,247.91407843525474,-97.28038428880278,114.08116953765912
11.24,1.6251255457162985,5.249168330684436,0.6590043124787399,247.15510835034576,-98.65232967168464,119.42786018056526
11.25,1.7357786749595614,5.114030588581285,0.6479274938392396,246.3965204048632,-99.8161264387085,124.39137551371894
11.26,1.8382449196151913,4.986277245586977,0.6391450312271341,245.65007797152714,-100.8023750972313,128.98396732326287
11.27,1.9328420456856708,4.866173729144664,0.6322564109268168,244.9245976089491,-101.63727834989359,133.22081156301897
11.28,1.9845664227445428,4.669806572350632,0.6942731327136549,244.22650196246047,-102.34326241287107,137.11908587841006
11.29,2.0026581579498584,4.4181183027372235,0.808076495758052,242.13074899932914,-99.01130867338708,140.1159039811562
11.3,1.9947172183734616,4.128007435334188,0.9597508284676989,238.9976607931922,-92.639870581073,142.37571938824067
11.31,1.9669690893481975,3.813012248801642,1.1380502108787147,235.11931729485,-84.04088100131575,144.03595749072343
11.32,1.924489645417164,3.483886805225136,1.3339484691171686,230.73098683057472,-73.87078152616856,145.21120299901924
11.33,1.8713952798228233,3.1490854686552305,1.5402599563760293,226.02076525901123,-62.6567088416626,145.99676284132354
11.34,1.8110034642924244,2.815169797396159,1.7513204551152188,221.13769302048587,-50.81856405443675,146.47169522306712
11.35,1.7459681607723938,2.4871496460041174,1.9627190954762357,216.1985799937948,-38.68758507586638,146.70138263685408
11.36,1.6783938633778017,2.1687685668757712,2.1710735217608232,211.2937343797064,-26.521951466088034,146.73971550620888
11.37,1.6099314971947891,1.8627421068106973,2.3738416837324476,206.49176296611205,-14.519873429443859,146.63094360139914
11.38,1.5418589278172514,1.5709563154044577,2.569164609558653,201.8435854156084,-2.830550097803103,146.41124416488233
11.39,1.4751484305154294,1.294632688930861,2.7557353557449873,197.38578406576013,8.436674735762523,146.11004864059785
11.4,1.4105231211669187,1.034464839147469,2.932690046485384,193.14339264063005,19.204680018714917,145.75116385418323
11.41,1.3485040543037319,0.79073137854538,3.099517527732166,189.13221180513,29.422220250682923,145.3537183012379
11.42,1.2894494397631087,0.5633888324821341,3.2559846848159184,185.3607262778701,39.058661611866505,144.9329597481823
11.43,1.2335872123841454,0.35214780764492815,3.402074919382918,181.83168693234504,48.09962975383727,144.50092653180877
11.44,1.2107157224786245,0.1813645572594903,3.4640552408579186,178.5434116844845,56.54342358512993,144.06701167033827
11.45,1.2134601329809813,0.04422527872595995,3.4606704675988116,173.82014764027124,62.79682163432072,142.71421726592587
11.46,1.2357738358190207,-0.06501253263136735,3.4072934307660763,168.0720212995412,67.27548856832115,140.67904312401754
11.47,1.2727216264947223,-0.15118144237945594,3.3164750833352934,161.62904923711446,70.3253978214102,138.1532215915562
11.48,1.3202963314418263,-0.21834183511815727,3.198409769156486,154.75475735748904,72.23375964297199,135.2912141121474
11.49,1.3752639128631743,-0.2698994508850043,3.061328266595267,147.65764705344006,73.23830605880879,132.21653313397275
11.5,1.4350327968754069,-0.30870560278641834,2.9118293932812818,140.50083374169256,73.53517276688996,129.02706589858946
11.51,1.4975437893710941,-0.3371425690424007,2.7551593903802423,133.41013552267194,73.28558365640694,125.79955086058368
11.52,1.5611774744166815,-0.35719629994084967,2.5954469601844425,126.48084883119253,72.62151413968702,122.59333539616388
11.53,1.6246764446169486,-0.3705182767233989,2.4359006783129016,119.78341294504122,71.65048414814073,119.4535245344024
11.54,1.6870801023543882,-0.37847809837373503,2.278974514406364,113.36813526744037,70.4596098866734,116.41361424126625
11.55,1.7476701043353282,-0.38220814778768397,2.126506349627822,107.26912368197344,69.1190247663832,113.49768891931409
11.56,1.805924807346746,-0.38264149581105616,1.9798336555063156,101.5075503793195,67.68476391231128,110.72225092408017
11.57,1.8614813173500697,-0.3805440357694027,1.8398898794522514,96.09435284479821,66.2011929004076,108.09773975704046
11.58,1.9141039528627695,-0.37654169861611486,1.707284552794417,91.03246171923037,64.70304959597499,105.62978992982192
11.59,1.9636581120386996,-0.3711434764422521,1.5823696846845998,86.31863161185453,63.217157869206645,103.32026909445426
11.6,1.9741821071571664,-0.3747650332709782,1.483192196839824,80.67564241070967,61.77862890856829,101.03250678152504
11.61,1.9546591954954118,-0.3852357715731126,1.4052695390080454,74.4094374846658,60.39883908075816,98.79714962347728
11.62,1.9124366663247652,-0.4007868091548544,1.3448376519335892,67.76399247121556,59.08558061757919,96.63684261773014
11.63,1.8534944695171642,-0.4199844659103308,1.2987413844557463,60.93202684417997,57.84377989393311,94.56775068180295
11.64,1.7826722490001392,-0.4416741020838935,1.2643410799109016,54.06400583529054,56.676092138423876,92.60082484520552
11.65,1.7038609825261646,-0.46493275943421664,1.2394330017451474,47.27569275293315,55.58339224532425,90.74285314460428
11.66,1.6201645287800566,-0.4890292821018981,1.2221815981222237,40.6544734437387,54.56517837021165,88.99733026219701
11.67,1.5340356106185042,-0.5133907872364996,1.2110618891277631,34.26464185632828,53.61990244441901,87.36517480125713
11.68,1.4473901012351515,-0.5375745210546086,1.204810504286258,28.151807611962045,52.745239572414974,85.84531870145538
11.69,1.3617029127817228,-0.56124427786762,1.202384108012508,22.346562493432238,51.938306427092904,84.43518955158443
11.7,1.278088301109852,-0.5841506810859003,1.2029241310527223,16.86752225434798,51.19583718415736,83.13110336572097
11.71,1.1973669843437347,-0.606114729157929,1.2057268810201878,11.723842629824905,50.51432419840738,81.92858267082988
11.72,1.1201221170643052,-0.6270140983199832,1.2102182383230882,6.9172934699584125,49.89012948746743,80.82261244082217
11.73,1.0467458574743622,-0.6467717700484312,1.2159322581593228,2.4439621527175284,49.319572123037354,79.80784444533467
11.74,0.9774780047027752,-0.6653466160585175,1.2224930974377006,-1.7043534519312353,48.79899581084812,78.87875891058118
11.75,0.912437961101048,-0.6827256291590755,1.2295997697377445,-5.539011470304019,48.32482024665873,78.02979097130773
11.76,0.8516510845762717,-0.6989175356085797,1.2370133036903135,-9.639624461397183,49.24326688897219,76.7162094088748
11.77,0.7270203027904857,-0.7395781899900973,1.2279788015025879,-13.879787150493556,51.21358917935324,75.06743275312343
11.78,0.5554563870046418,-0.7983374067823514,1.2064924357416327,-18.160540035106504,53.95846747699885,73.18778448929623
11.79,0.3506399766841576,-0.8700352226579466,1.1758083363974383,-22.405483024339752,57.25347649430565,71.16074465465827
11.8,0.1235648816468469,-0.9505188750836688,1.1385616613308296,-26.55668182821615,60.91819482795765,69.05253064603455
11.81,-0.11700397051682607,-1.0364716265489302,1.096872493524663,-30.57124525886814,64.80871063297312,66.91510850433772
11.82,-0.36414509216531277,-1.1252686452246938,1.0524334354617437,-34.41846967829125,68.81131331754789,64.78872110672081
11.83,-0.6124565276123524,-1.2148558525666897,1.0065833529532315,-38.077462285688775,72.83719185233875,62.70400698812786
11.84,-0.8577841183825492,-1.3036482479915508,0.9603693623927575,-41.53516815251361,76.81798660784521,60.683772631890626
11.85,-1.0969939594662539,-1.390444734363842,0.9145988483325078,-44.784737204418356,80.70206417678227,58.7444717555232
11.86,-1.327782244679305,-1.4743569077681924,0.8698830352499337,-47.824176990963885,84.45140393773748,56.897437150874346
11.87,-1.548516709222433,-1.55474965134702,0.8266734121828078,-50.65524531205399,88.03900163069167,55.149903826207655
11.88,-1.7581047413066648,-1.6311916948472627,0.785292116206683,-53.282543787387766,91.44670933888015,53.50585637722522
11.89,-1.9558839730382382,-1.7034145766701474,0.745957215909233,-55.71277943588725,94.66344334454196,51.96672854320391
11.9,-2.1415317915040015,-1.7712786803053227,0.7088036951204162,-57.954166425583935,97.68370164036833,50.53197866179378
11.91,-2.314990749524602,-1.8347452177712331,0.6739008167802218,-60.01594448917071,100.50634168497963,49.199561117248614
11.92,-2.5527842056728023,-2.0214084383658952,0.6125102877888196,-62.57955662396104,103.83904519280736,46.23654510474922
11.93,-2.8361182391976305,-2.2994775066592164,0.5317993782830769,-65.4873290299105,107.51019254735034,42.07139926541766
11.94,-3.149892183002614,-2.6431843479047403,0.4375574104070696,-68.6131651996232,111.38309929461997,37.05095318115729
11.95,-3.4820689652438888,-3.031774689672333,0.334428256714391,-71.85711524831537,115.34996390901982,31.454112316939856
11.96,-3.823145158440429,-3.448657237437016,0.22610624440727162,-75.14080951609039,119.32678275584128,25.5034198378212
11.97,-4.165705647630898,-3.8806872156093983,0.1155009811657697,-78.40362522866673,123.24908501737895,19.374789286030023
11.98,-4.504050043298118,-4.3175639767787315,0.0048758111657796616,-81.59947430191006,127.06836204547216,13.205684749720682
11.99,-4.833879861179301,-4.751325356786834,-0.10403608166492802,-84.69411690014465,130.74908417564552,7.1019845773944565
12.0,-5.152037114538655,-5.175924001530744,-0.20993449833742406,-87.66291950035324,134.26621392881506,1.1437299364354025
12.01,-5.456286353602243,-5.586873073263881,-0.3118710595657816,-90.48898831144493,137.60313811594773,-4.610070240805674
12.02,-5.745133374860268,-5.9809506114148165,-0.4091815664505275,-93.16161924007068,140.7499529761595,-10.117431841493286
12.03,-6.017674838403752,-6.35595342013327,-0.5014297738083716,-95.67501443167366,143.70204640075664,-15.350061381996406
12.04,-6.273473898954173,-6.710492720243754,-0.5883607798509652,-98.0272229622498,146.458929766452,-20.290589352350413
12.05,-6.51245769689193,-7.043824970012034,-0.6698625066671546,-100.21926969718699,149.0232791282117,-24.930281308522222
12.06,-6.734833187549089,-7.355712255459435,-0.7459339770941253,-102.25444182710473,151.40015168443068,-29.267150504520608
12.07,-6.9410183259030225,-7.646307501263548,-0.8166592907476791,-104.13770727302449,153.5963486777166,-33.30440744357374
12.08,-7.058492598613018,-7.770663931625078,-0.7784482607207487,-105.8752431414158,155.61990036511182,-37.04919160873045
12.09,-7.10621207930328,-7.765800699688983,-0.6574298899076183,-107.88585281969327,157.6016055263189,-42.40099221004215
12.1,-7.099779930467648,-7.6620796518052705,-0.4749030608490089,-110.07411885744176,159.52030779776933,-48.8995428858895
12.11,-7.05198844260181,-7.484291229959846,-0.24813580015024533,-112.36421138857041,161.36079375875843,-56.17453423324311
12.12,-6.973277952788874,-7.25257291901632,0.00895980257459314,-114.69648213289437,163.1126377639101,-63.93031622991629
12.13,-6.872124953513518,-6.983185135340553,0.28525842337056956,-117.02460384131592,164.76924270904328,-71.93301947377675
12.14,-6.755369923544675,-6.689165845724097,0.5719421889273238,-119.31317204243062,166.32704579658207,-79.99972955932967
12.15,-6.6284938861693945,-6.380882110772059,0.8620976471047245,-121.53569821137108,167.78486303865736,-87.98940253796658
12.16,-6.495851390582549,-6.066494093218592,1.1503774409107854,-123.67293397803846,169.14335022339222,-95.79525534132975
12.17,-6.360866489421017,-5.752344797072677,1.43271680740432,-125.71147497161131,170.40456147071436,-103.3384043729464
12.18,-6.226197323072017,-5.443286854756701,1.7060964816352397,-127.6426005765091,171.57158940271546,-110.5625591257006
12.19,-6.093874096913064,-5.142956010565459,1.9683448340677372,-129.46131243687603,172.64827342248637,-117.42960646568898
12.2,-5.965414531620848,-4.853999520316454,2.2179731377415597,-131.16554015126826,173.63896469664712,-123.91594582809118
12.21,-5.8419202623874185,-4.5782664649646145,2.454038774339618,-132.75548738336124,174.54833822379132,-130.00945659261646
12.22,-5.724157145905771,-4.31696593094579,2.6760319683859497,-134.2330956956924,175.3812438895144,-135.70699685619647
12.23,-5.612621991944732,-4.0707981169166,2.8837823049466422,-135.60160689270077,176.14258969780997,-141.01234813837183
12.24,-5.396929467944175,-3.7113853512236794,3.050298932861131,-133.76934818583683,175.01834529013297,-146.9845334772503
12.25,-5.104861653194621,-3.270885243877167,3.1826441802822063,-129.51512906361543,172.46801219222195,-153.37394824487208
12.26,-4.758882566070828,-2.775185454754413,3.2867590700220575,-123.4730686721707,168.86567889550534,-159.9829696881314
12.27,-4.3770335842718175,-2.244968718476766,3.367633297010036,-116.15659950259314,164.5141944043394,-166.65686153237476
12.28,-3.9736881047027026,-1.6966095810379938,3.4294502317819258,-107.9787309430323,159.6571329750977,-173.27614021730523
12.29,-3.5601866421466193,-1.1429282792327151,3.475710537595061,-99.26913267175865,154.48888078747362,-179.75017947268472
12.3,-3.1453704654685772,-0.5938234656750374,3.50933748208332,-90.28851631294356,149.16312711589467,-186.01186292644894
12.31,-2.7360292135515047,-0.056802288643767906,3.5327665882995913,-81.24072386146099,143.80000127178116,-192.01312266563642
12.32,-2.337275657965754,0.4625763982808566,3.548021894804243,-72.28287147108433,138.49206119938518,-197.72122581492624
12.33,-1.9528588316896984,0.9603322617343839,3.556780771740551,-63.53384588359151,133.3093092970916,-203.11569183836806
12.34,-1.5854250767019418,1.4337557156013911,3.560428962336465,-55.081406841861195,128.30338508600602,-208.1857409057162
12.35,-1.2367351380909728,1.8811524269120468,3.5601072807249547,-46.988111234257346,123.51106214179978,-212.92818872437778
12.36,-0.9078442141842783,2.301631839838767,3.5567511919798145,-39.296242562275374,118.95715771355127,-217.34571608984714
12.37,-0.599250831596586,2.6949327053633065,3.551124324159632,-32.03190183587863,114.65694721827425,-221.44545236825576
12.38,-0.3110195256841874,3.06127966950923,3.543846810919811,-25.208392516670518,110.61816192941725,-225.23782146628338
12.39,-0.04288154888119178,3.4012658815973715,3.535419233424951,-18.829012076703826,106.84263633436397,-228.7356067996751
12.4,0.21419133255987036,3.724547217702396,3.432929990758184,-10.106298613655833,101.03680210792686,-229.3555423861832
12.41,0.4587757365919356,4.029987612256205,3.260026180110844,0.27423679732866013,93.7672289953746,-227.76243776669435
12.42,0.6899770187947365,4.316996029769962,3.0359128378947418,11.761846271405403,85.49056787802404,-224.4998664991686
12.43,0.9073193283125882,4.585407958338777,2.7760939690434334,23.917565427004696,76.57217783695839,-220.0100875052947
12.44,1.1106548882823093,4.8353880136752325,2.4929977261878467,36.39487294571346,67.30181393306502,-214.65088039271478
12.45,1.3000894125047158,5.06735022770353,2.1965031226548533,48.923438624948076,57.90681947644253,-208.7097549878846
12.46,1.4759210417921094,5.281893122386078,1.894383127408423,61.295489994597276,48.56320154127152,-202.4159284750008
12.47,1.6385905854372687,5.479747117965122,1.5926768165571183,73.35439679331935,39.40491278557385,-195.95040621552727
12.48,1.788641195643136,5.661732206487122,1.2960013939278832,84.98513186119534,30.531614944718225,-189.45445318537523
12.49,1.9266858941500795,5.828724146035417,1.0078132985722519,96.10631771220672,22.015158551801917,-183.03670086251856
12.5,2.053381618098363,5.981627706845277,0.7306262521504051,106.66361141513407,13.904978523603464,-176.7790983362296
12.51,2.1694086627134808,6.121355734545869,0.46619293141882856,116.62421747807636,6.232575400082719,-170.741885537411
12.52,2.275454577142032,6.248812994276855,0.21565595255529607,125.9723500969216,-0.984773481989146,-164.9677400736685
12.53,2.372201721358547,6.364883927597815,-0.0203269992707725,134.7054931629606,-7.740950384169337,-159.48522656121457
12.54,2.4603178205030893,6.47042359642796,-0.24147979052400043,142.83132949222545,-14.0384772251484,-154.31165803509805
12.55,2.540448961715269,6.566251208556852,-0.4478227277253155,150.3652304085028,-19.88645125613005,-149.4554625223667
12.56,2.6132145704290424,6.653145720834335,-0.6396027620243643,158.05883847864482,-24.974564978973348,-142.06399312164476
12.57,2.7186317931875714,6.615513742408746,-0.8078502920029429,165.75450971236847,-29.40140887647879,-132.84694635981631
12.58,2.847400763843514,6.4831291692015185,-0.9554518807052461,173.3315156926824,-33.25279862806141,-122.37620828654428
12.59,2.992036401316916,6.2802681495709605,-1.0849401457944277,180.69927786991207,-36.603428334303395,-111.10921808534314
12.6,3.146560023736912,6.0266183040792685,-1.1985371433502943,187.79171647638617,-39.51831004167143,-99.40864407059003
12.61,3.3062397030313324,5.738046542623453,-1.2981924361141564,194.56254112077437,-42.054027160723955,-87.5589289175667
12.62,3.4673719933812586,5.427246623030353,-1.3856164971972045,200.981335940372,-44.25982581186224,-75.78017937982123
12.63,3.627098747033838,5.104284518607036,-1.4623100205702069,207.0303142563081,-46.178565032079646,-64.23980585280016
12.64,3.783253656126691,4.7770570243047,-1.5295896397062523,212.70163652544187,-47.84754407518235,-53.06225729534965
12.65,3.934233951273927,4.451676770474712,-1.5886104943618768,217.99520147328738,-49.29922268513313,-42.33714580143677
12.66,4.0788933655073745,4.132794876597461,-1.640386031608185,222.91683401971147,-50.56184817267149,-32.126011301387265
12.67,4.216453051943804,3.823870819150855,-1.685805379943512,227.47680531275944,-51.66000134012006,-22.467939413827686
12.68,4.346427639185074,3.527397668619065,-1.7256485938261292,231.6886301572374,-52.61507174425849,-13.38421346219883
12.69,4.468564031929405,3.2450896366709903,-1.7606000295514748,235.56809561383403,-53.445671432672945,-4.882154335761128
12.7,4.582790925875385,2.978037836637762,-1.7912600814419508,239.13248176632467,-54.16799510922974,3.0417214537890045
12.71,4.689177314585974,2.726839273539856,-1.8181554792730659,242.3999417929765,-54.796133656761825,10.399115066822871
12.72,4.781791966652112,2.5148783381439617,-1.7994336357488716,243.19331064474153,-54.07851889382918,16.90486775388282
12.73,4.86241552891131,2.3362706010729806,-1.7460786206170844,242.08005705242505,-52.34177448324278,22.65693047125867
12.74,4.932598669876769,2.185989652361245,-1.6670412555846679,239.5244402387386,-49.85189556758691,27.742073325636138
12.75,4.993691751711625,2.0597445408106787,-1.5695758002382136,235.90444559640463,-46.82430240454433,32.23715030280582
12.76,5.046870677620942,1.9538744469546092,-1.4595242359848624,231.52609909529886,-43.432327914018856,36.21022251497003
12.77,5.093159407182435,1.8652581962373902,-1.341555987791127,226.6355511164007,-39.81437357105374,39.72155557561183
12.78,5.133449568765728,1.7912365480908103,-1.2193697823335619,221.42926369323806,-36.07993394017336,42.82450501929678
12.79,5.168517542965973,1.7295454807896662,-1.0958633628061516,216.0625864990473,-32.314660879965366,45.56630217119155
12.8,5.199039342854192,1.6782589373748893,-0.973275942186632,210.6569652175724,-28.58461336699416,47.988751519186124
12.81,5.225603574911513,1.635739709801468,-0.8533075585531463,205.3059902017936,-24.939817406016296,50.12884943375719
12.82,5.248722727972407,1.6005973213499194,-0.7372188811063659,200.08046271780995,-21.417242101423614,52.0193330021982
12.83,5.268843005660084,1.57165192517061,-0.6259144892938876,195.0326298672942,-18.043282226010096,53.6891667811265
12.84,5.2863528900512735,1.5479033730150356,-0.5200121972922419,190.19971685881657,-14.835824161615214,55.163974412163384
12.85,5.3015906001312265,1.528504725692564,-0.41990061127079065,185.6068661201569,-11.805960578537645,56.46642127948594
12.86,5.31485058753414,1.5127395781223503,-0.32578677804701095,181.26957634961812,-8.95940938870423,57.61655370478781
12.87,5.326389193709276,1.5000026592307436,-0.2377355029530701,177.1957205979616,-6.297684112289519,58.632099566272245
12.88,5.328401920410406,1.495903320403877,-0.1398363782256299,172.21306984125644,-3.825618133279983,58.54435968574826
12.89,5.323089946784546,1.4984811809832468,-0.03592716744640802,166.6124768268844,-1.537386084768307,57.61328759463227
12.9,5.312252999058739,1.5061309932864635,0.07095993404778385,160.62628103733573,0.57434448494795,56.051087281205454
12.91,5.297355320345874,1.5175444903110127,0.17845687215977787,154.43839243225418,2.5179453198096473,54.030088802469216
12.92,5.279581420700933,1.5316612225593236,0.28474107677427674,148.19276852473462,4.302453063378609,51.6894010796482
12.93,5.259883131586823,1.5476270453344472,0.38843609160765435,142.000528899841,5.937272225433304,49.14052452499386
12.94,5.239019267552788,1.5647591120633004,0.4885285234080895,135.9459153604718,7.4319420178590345,46.472079592133596
12.95,5.217589008096217,1.5825163957765898,0.5842987833270463,130.09127512938488,8.795955733655937,43.753784571785374
12.96,5.196059949948277,1.6004749036855674,0.6752634700880125,124.48121821606232,10.038623176474566,41.03979643789712
12.97,5.174791640585819,1.6183068721832916,0.761127566669252,119.14607754467376,11.168968200250164,38.37151182854678
12.98,5.154055284346034,1.6357633344364977,0.8417448973850563,114.10478119400636,12.19565473094945,35.779910927191885
12.99,5.134050210282042,1.6526595424985384,0.9170855271927025,109.3672296568703,13.126935750845004,33.28751475385467
13.0,5.11491760341614,1.6688628026944987,0.9872089855267958,104.9362569853619,13.970620660595584,30.910015890614385
13.01,5.096751926231057,1.6842823487399292,1.0522423679149797,100.809242705842,14.734057221801567,28.657633700155195
13.02,5.079610393288868,1.6988609332319005,1.1123625143072615,96.97943116830578,15.424124944884248,26.53623743401995
13.03,5.063520807234866,1.7125678661518176,1.1677815871028012,93.43700628537484,16.047237343105607,24.54827408285359
13.04,4.998581220924226,1.728014848135007,1.186955430538405,89.39777463617185,16.91177279888281,23.00361035957226
13.05,4.897255534203202,1.7445526960887767,1.1780794289416265,85.04128830106065,17.94763941660469,21.822483284566673
13.06,4.769654953210492,1.7616673344269946,1.1478664522668802,80.50997394603705,19.098496039288555,20.93814406644417
13.07,4.623931415369035,1.7789561616792708,1.1017894318086074,75.91560867506529,20.319409749792005,20.294850851530935
13.08,4.4666094189690275,1.796108214393056,1.044286456273233,71.34475700392963,21.574884141430708,19.84615993930782
13.09,4.302865508928881,1.8128875482771565,0.9789339678746927,66.86332749002999,22.837202267194236,19.553472210585312
13.1,4.13676331985238,1.8291193422153402,0.908592828821518,62.52038415141886,24.085036406182027,19.384797664991748
13.11,3.971450920092991,1.8446783041021475,0.8355313344085951,58.3513277804288,25.302283834372957,19.31370625250618
13.12,3.809326209025756,1.8594790201701383,0.7615286537735666,54.38054512482033,26.477093821044562,19.31843772962651
13.13,3.6521752707238764,1.8734679430945356,0.6879616693221609,50.62360926154477,27.60105623551119,19.381147177271345
13.14,3.501287860606439,1.8866167599726749,0.6158777488933946,47.0891019715128,28.66852656478234,19.487266173479558
13.15,3.3575535800383007,1.8989169203954273,0.5460556106136613,43.780118234277175,29.67606591743084,19.624962495990854
13.16,3.2215417624152214,1.9103751382129186,0.4790561202024019,40.695503838045575,30.621977813717493,19.784683703913707
13.17,3.0935676401348133,1.9210097090698586,0.41526458660311893,37.83086931846129,31.505926315347622,19.95877207085599
13.18,2.9737469740117692,1.9308475100529867,0.35492588765049415,35.179416806303614,32.32862239760588,20.14114016318905
13.19,2.86204099566738,1.9399215684611162,0.29817355739535184,32.7326107140844,33.09156746999727,20.32699791883172
13.2,2.7259693716901543,1.9380960886726353,0.24288343645945615,30.1301715073215,34.86762595557822,21.274967201763893
13.21,2.573368919399932,1.9279541730740697,0.18957672767323203,27.44923880984175,37.39159848429523,22.791616102731275
13.22,2.410497964999607,1.9116034537396356,0.13862148613888492,24.75009910693004,40.44875563152707,24.719962697179252
13.23,2.242308516083739,1.8907545990345278,0.09026276236823035,22.07919372334248,43.86636417188384,26.933384922660057
13.24,2.072675054943719,1.8667876227910152,0.04464760256931932,19.47163813710603,47.5065431766588,29.330483455877236
13.25,1.904586544774896,1.8408078187484662,0.0018457208081324589,16.953327795501465,51.260249896304344,31.830754497623555
13.26,1.7403072706647829,1.8136928778604449,-0.0381334655529033,14.54269444340576,55.04222460515321,34.37095025618521
13.27,1.5815113065700903,1.786132518776484,-0.07532685096130717,12.25216743252927,58.7867486384101,36.90202281733109
13.28,1.4293946886449336,1.758661766996944,-0.10980621086834597,10.089386323693688,62.44409131014725,39.3865624216876
13.29,1.2847687672859085,1.7316888513064064,-0.14166890500235463,8.058204125933731,65.97753977272495,41.796654299684185
13.3,1.1481376905065626,1.705518543179176,-0.17103035980804324,6.159514566306051,69.36092159918718,44.11208945159276
13.31,1.0197625271832107,1.6803716425320905,-0.1980180305216479,4.391931707117575,72.57654331633502,46.31887437334162
13.32,0.8997141595265318,1.6564012085596018,-0.22276659043485073,2.752345897627686,75.6134796104586,48.40799294822213
13.33,0.7879167505467849,1.6337060449156713,-0.24541413489285208,1.2363763575865574,78.46615774798354,50.374380748549044
13.34,0.6841833163193728,1.6123418720489797,-0.26609922151080856,-0.1612624520947219,81.13319013846385,52.216077990228264
13.35,0.5882446976715202,1.5923305541971537,-0.2849585968665751,-1.4464661899429712,83.61641512276182,53.9335325035416
13.36,0.47202850999314055,1.507020974057519,-0.31562328117229366,-2.6255055175151782,85.92011217132182,55.529028451179286
13.37,0.3421031864582383,1.3730503740434623,-0.3548472694505423,-4.8527309008514745,88.02083159644866,56.797860841539716
13.38,0.20371188896341874,1.2039169713132711,-0.4000116000159117,-7.847673336517522,89.93332253761687,57.79676593976036
13.39,0.06100119417889416,1.0105047571711987,-0.449018312479774,-11.383603164816254,91.67181837479853,58.573400062776784
13.4,-0.08278668454955271,0.8015261438878745,-0.500201118702422,-15.278477562032217,93.24993521303452,59.167723062230344
13.41,-0.2251525966299331,0.5838947970945813,-0.5522502653619117,-19.387311482368936,94.68060380460528,59.61317781083963
13.42,-0.36420534811913163,0.3630391910013633,-0.6041494360018035,-23.59575763258972,95.97602813557968,59.93769507444925
13.43,-0.4985487617886878,0.143165880226847,-0.6551228567104426,-27.814712425218296,97.14766507436353,60.16454899386209
13.44,-0.6271874728514936,-0.07251984021343652,-0.7045910404293937,-31.975791728555514,98.20622046383298,60.313084822883454
13.45,-0.7494485411206496,-0.28162934742219364,-0.7521338367075063,-36.02754324628939,99.16165786414814,60.39933749162038
13.46,-0.864916397434212,-0.48243660532542654,-0.7974596520343815,-39.932282060706115,100.02321684463713,60.43655691781552
13.47,-0.9733790155893738,-0.6737498401993794,-0.840379875455983,-43.663452730170384,100.79943830087656,60.43565371415531
13.48,-1.0747835198708355,-0.8548049443966343,-0.8807876890841471,-47.20343574694506,101.49819475485867,60.40557698456928
13.49,-1.1691997103383478,-1.0251771812914603,-0.9186405668762704,-50.541728482492154,102.12672399689406,60.35363422309608
13.5,-1.2567902200660002,-1.1847082817063823,-0.9539458707034231,-53.673441272481455,102.69166476037593,60.28576188660729
13.51,-1.3377862162627028,-1.3334464635598948,-0.9867490428413459,-56.59805827930949,103.19909339553587,60.20675397450482
13.52,-1.5025688818466985,-1.570883329923367,-0.978541798965047,-59.318420436423,103.65456073502494,60.120454885949734
13.53,-1.7289259870305904,-1.8725201755778478,-0.9390641935134268,-62.91450376864391,105.3378942178365,57.682734444931775
13.54,-1.9988891927646548,-2.2185970546636558,-0.8762620550658828,-67.1248723234905,107.93501063096042,53.482796412825344
13.55,-2.2980201441428503,-2.5932908831096078,-0.7965833544565775,-71.73976599324037,111.19116215614966,47.99928456929346
13.56,-2.6148087296645492,-2.984039972339952,-0.705228515639194,-76.59226649049823,114.90101007143284,41.618716398944144
13.57,-2.940166619678591,-3.3809759160891226,-0.6063615528627725,-81.55086439479726,118.90025291170537,34.651035856036955
13.58,-3.267001666413114,-3.776446546208189,-0.5032879164735939,-86.51321503410749,123.05857557204362,27.34271741137306
13.59,-3.5898608636565283,-4.164616066983596,-0.39860407116822916,-91.40090213242146,127.27371992805192,19.88779054887456
13.6,-3.904631376176384,-4.541130527155648,-0.2943230947443057,-96.155054846249,131.46650676424497,12.43709984869798
13.61,-4.208290700196643,-4.902838543113068,-0.1919799550643595,-100.73268666080058,135.57666383001393,5.10606950248938
13.62,-4.49869834358408,-5.2475586874693265,-0.09271958319902007,-105.10364416474162,139.55933627364934,-2.0187985360529748
13.63,-4.774422549559086,-5.573886240375378,0.0026296012478651126,-109.24807043862239,143.38217404653193,-8.874497494686137
13.64,-5.0345965580468395,-5.881033097438209,0.09349445182051369,-113.15430207895889,147.0229065594181,-15.41699358028518
13.65,-5.278799727700793,-6.168695564604468,0.17950622098050226,-116.81713108360779,150.46732828710566,-21.61746721487999
13.66,-5.506959549346777,-6.436945569706689,0.26045841579079815,-120.23637324211072,153.70763048038043,-27.45919750988414
13.67,-5.71927118546094,-6.68614150221141,0.33627199594569973,-123.41569356280655,156.74102393335048,-32.93498789965476
13.68,-5.9027096852130185,-6.848621927063284,0.3790248933151447,-126.60992806517044,159.39688726557205,-38.63293702776578
13.69,-6.061175963379251,-6.942172034730136,0.39579769140557686,-129.7656713237745,161.72220623452964,-44.41194598479194
13.7,-6.198046848797471,-6.981485647869912,0.3924174010153519,-132.84263623545928,163.75811906647326,-50.16271935837772
13.71,-6.316245154058335,-6.978660169682085,0.37366021929447096,-135.81120889853887,165.54064418676646,-55.80201902942969
13.72,-6.418300416616523,-6.943616097793248,0.34342318611294537,-138.6504097984195,167.10131738532272,-61.267857589619005
13.73,-6.506401548628002,-6.884452228725337,0.30486934530032506,-141.3461979280403,168.46774968757165,-66.51548625930116
13.74,-6.582442469251978,-6.807746075396384,0.2605503524078451,-143.89006396590563,169.66411579886272,-71.51405378359998
13.75,-6.648061651147648,-6.718807644325837,0.21250989921816754,-146.27786674542898,170.71158176221272,-76.2438312508975
13.76,-6.704676389612338,-6.621893538594858,0.1623708350695368,-148.50887417435422,171.62867939411797,-80.6939135578769
13.77,-6.753512495786674,-6.5203873398540315,0.11140844478277989,-150.5849756719008,172.43163412176233,-84.86032172169118
13.78,-6.795630022454732,-6.416951354257868,0.06061198276975068,-152.51003822983645,173.1346520207125,-88.74444174208506
13.79,-6.7423489253341105,-6.2546080160005255,0.06933672306024784,-154.28938249716475,173.7501711305226,-92.35174552735404
13.8,-6.587111945892788,-6.03011655364724,0.11028196604734335,-155.92935894406978,174.28908149380652,-95.6907477609607
13.81,-6.356240571853451,-5.761550612882267,0.17525626198984862,-157.43700727148035,174.76091781110506,-98.7721597091758
13.82,-6.040416510919374,-5.4488169142828,0.24168428135223782,-158.8197848772872,175.1740281194882,-101.6082070334471
13.83,-5.664485300033606,-5.107153740131913,0.3081873699054384,-160.08535243677542,175.53572147872708,-104.21208382806971
13.84,-5.248408477636165,-4.74867992335808,0.37370882254921,-161.24140656143402,175.85239727753924,-106.59751948601405
13.85,-4.790996418650058,-4.3745628929631435,0.4248020937522663,-160.56250416372833,174.95387724416824,-109.12296988840872
13.86,-4.309084132572413,-3.994314605739471,0.4640504561772271,-158.48932102855167,173.13901227730344,-111.71615891698575
13.87,-3.8194421614727725,-3.610170735744168,0.48953986715606856,-155.3810351902359,170.6509279858397,-114.32069175266214
13.88,-3.331532806076598,-3.2290465581580112,0.5040968088874305,-151.52881581105297,167.68628646603403,-116.89321386509152
13.89,-2.873658037006455,-2.8576118040973912,0.5091289391366383,-147.16721324244332,164.40310334202604,-119.40103210952822
13.9,-2.4745918069839012,-2.498502026705707,0.521969696059678,-142.4837642095634,160.92733653861328,-121.8201267949637
13.91,-2.12678627451376,-2.1544396498479226,0.5405882959529479,-137.62708036861528,157.35843171195955,-124.13349415107892
13.92,-1.8415311281770301,-1.8297883667873074,0.5830550474969678,-132.71364931275477,153.7739822241784,-126.32976765574402
13.93,-1.6086232328852055,-1.5250713787129722,0.6431169971557179,-127.83354353072475,150.23363837846819,-128.40207440688224
13.94,-1.4194328875385709,-1.240377788176169,0.7157118024076404,-123.05520406431545,146.78238078755774,-130.3470893193649
13.95,-1.2779727186397636,-0.9702619799811767,0.8069735938910242,-118.4294409874659,143.45325576033633,-132.16425555986936
13.96,-1.175266281222868,-0.7155278458946797,0.9111013312159426,-113.9927717569488,140.2696560557397,-133.85514443838264
13.97,-1.09755481693145,-0.476280323767601,1.0211126561800843,-109.77020045925683,137.24721792166196,-135.42293207289464
13.98,-1.040194370568779,-0.2526279814551876,1.1339096759779415,-105.77752556791053,134.39539471085772,-136.8719736356789
13.99,-0.982944382407222,-0.03889693841200881,1.2402072118235206,-102.02325065784991,131.71875828835357,-138.20745896287812
14.0,-0.9156448698709171,0.17243923420561258,1.3190788687705495,-98.51016127893085,129.21807169474332,-139.43513583897004
14.01,-0.8417027451185756,0.37863970645651635,1.3757202175460785,-95.23662159383765,126.89116991690508,-140.56108941849402
14.02,-0.7644943254625863,0.5752412757352314,1.3957604030531856,-92.19763620065946,124.73367997892106,-141.59156807440309
14.03,-0.6859915303281167,0.7614217854058847,1.3874646950343585,-89.3857155839971,122.7396067611064,-142.5328475129209
14.04,-0.6083454132669115,0.9253613508505116,1.3392652827225322,-86.79157769649001,120.90180686369976,-143.39112630939675
14.05,-0.5325684109346308,1.0697111376620148,1.2612677126287504,-84.40471311548475,119.2123693506275,-144.17244713311422
14.06,-0.4594064652281248,1.1968070347886028,1.1616746400158746,-82.21383691884814,117.662919249203,-144.882638871068
14.07,-0.39449553077739163,1.2980682211075751,1.0347371369213936,-80.20724676956624,116.24485716765606,-145.5272756568284
14.08,-0.3369160101701523,1.3779675009282322,0.8888474527252848,-78.3731035963728,114.94954625885207,-146.1116494825383
14.09,-0.28584928329632614,1.4402631448389192,0.7307270311888063,-76.69964862632825,113.76845594962944,-146.64075363843278
14.1,-0.24056683173204785,1.4881076355699308,0.5657130829626149,-75.17536829572653,112.69327032304291,-147.119274700939
14.11,-0.20042050425733404,1.5241403919800813,0.39799962130564626,-73.78911667861385,111.71596774451504,-147.5515911909681
14.12,-0.16483380815548546,1.550566777481914,0.23083986751662888,-72.53020347678361,110.8288772274466,-147.94177736003778
14.13,-0.13329412195007817,1.5692253729835999,0.06671591746696517,-71.38845426793259,110.02471610926223,-148.29361084323114
14.14,-0.10534573529359323,1.5816452137117094,-0.09251930862522992,-70.35424857259457,109.2966128295701,-148.6105831531256
14.15,-0.08058363089575957,1.5890944478049227,-0.24552355502979756,-69.41854034377963,108.63811794621877,-148.89591218487092
14.16,-0.05864793173342192,1.5926216669105873,-0.3913665162609541,-68.57286467884661,108.04320597386824,-149.15255606566234
14.17,-0.03921894437892244,1.593090980492884,-0.5294478222619808,-67.8093338779003,107.50627016732068,-149.3832278171173
14.18,-0.02201273617971311,1.5912117521341282,-0.6594290905711735,-67.12062540720859,107.02211198469331,-149.59041041093255
14.19,-0.0067771902743854594,1.5875637842948602,-0.7811778102052246,-66.49996385297261,106.5859266419834,-149.77637189040152
14.2,0.006711511907418298,1.5826186247883136,-0.8947211610155883,-65.941098555933,106.19328590081514,-149.9431803060824
14.21,0.018652025891808387,1.5767575710287962,-1.0002081614639045,-65.43827828857559,105.84011900678296,-150.09271827580557
14.22,0.029220637756547548,1.5702868646968409,-1.097878784284273,-64.98622406374608,105.52269250968358,-150.2266970295654
14.23,0.0385737525005424,1.5634504979005492,-1.1880388895016758,-64.58010093748995,105.23758954300307,-150.3466698405758
14.24,0.04685010984359249,1.5564409905424426,-1.2710400030352862,-64.21548948242682,104.98168901315388,-150.45404477649666
14.25,0.05417275671805907,1.5494084459941664,-1.3472631211620303,-63.88835745460619,104.75214504478257,-150.5500967309283
14.26,0.060650802657602886,1.5424681471057338,-1.417105850334662,-63.5950320512028,104.54636694329855,-150.63597871586924
14.27,0.06638098153854108,1.5357069159707504,-1.480972301570979,-63.33217305404704,104.3619998664858,-150.71273241190423
14.28,0.07144904065771966,1.5291884278209855,-1.5392652517117378,-63.096747071005176,104.19690634101221,-150.781297985245
14.29,0.07593097591056391,1.522957641146619,-1.5923801627302603,-62.88600302037929,104.04914871461818,-150.84252319006458
14.3,0.07989412983992022,1.5170444819561413,-1.6407007170611563,-62.69744895005042,103.91697259886934,-150.8971717814098
14.31,0.08339816753833489,1.511466899420367,-1.684595583391668,-62.52883024073534,103.79879132901681,-150.94593126882398
14.32,0.08649594378339714,1.5062333924879718,-1.7244161750604712,-62.37810920952949,103.69317144539507,-150.98942004405006
14.33,0.08923427334940734,1.501345091985232,-1.7604952034465788,-62.243446104238615,103.59881918378788,-151.02819391814424
14.34,0.0916546151522994,1.4967974698505526,-1.7931458626258396,-62.12318145949656,103.51456794937319,-151.0627521042766
14.35,0.09379367973338396,1.4925817361872737,-1.8226615100814323,-62.01581977118629,103.43936673944049,-151.09354268265486
14.36,0.0956839685574427,1.4886859754733996,-1.8493157321945983,-61.920014435273956,103.372269473407,-151.1209675835592
14.37,0.09735425267965264,1.485096065310068,-1.8733627033094502,-61.83455389003991,103.31242518420314,-151.14538712357103
14.38,0.09882999751260005,1.4817964143207976,-1.8950377639550486,-61.75834889618823,103.25906902240325,-151.16712412883675
14.39,0.10013373968919104,1.4787705500583748,-1.9145581578250372,-61.690420886892596,103.21151402317516,-151.18646767773023
14.4,0.1012854213604999,1.4760015828877953,-1.932123878790731,-61.629891319042926,103.16914358590404,-151.2036764936373
14.41,0.10230268668133793,1.4734725676651985,-1.9479185889239852,-61.57597195742297,103.1314046169636,-151.21898201685306
14.42,0.10320114471320865,1.4711667815156293,-1.9621105765428206,-61.527956024972966,103.09780128735352,-151.2325911828018
14.43,0.10399460250771579,1.4690679330336835,-1.9748537299300102,-61.48521015442572,103.06788935863091,-151.244688932
14.44,0.10469527171745226,1.4671603157110424,-1.9862885078369206,-61.44716707925009,103.04127103259904,-151.2554404754174
14.45,0.10531395171057154,1.4654289162654102,-1.9965428923619468,-61.41331900483046,103.01759028247153,-151.26499333716794
14.46,0.1058601918348258,1.463859486748201,-2.0057333134457647,-61.383211604027466,102.99652862561655,-151.27347919480246
14.47,0.10634243518253883,1.4624385877936472,-2.0139655371904728,-61.356438584599736,102.9778013004367,-151.2810155358851
14.48,0.10676814594590443,1.4611536090972912,-2.021335512601414,-61.33263677934101,102.96115381240155,-151.28770714802826
14.49,0.10714392221870148,1.4599927721407484,-2.0279301732660184,-61.311481713137596,102.94635881668086,-151.29364745813746
14.5,0.1074755958928945,1.4589451192811962,-2.0338281920050747,-61.29268360443283,102.93321330719655,-151.2989197352814
14.51,0.10776832111387206,1.4580004925718328,-2.0391006877270854,-61.27598376176148,102.9215360841977,-151.30359817035597
14.52,0.10802665259377876,1.4571495050510417,-2.0438118846435143,-61.2611513390637,102.91116547464861,-151.3077488445481
14.53,0.10825461493630453,1.4563835067140132,-2.0480197247101,-61.24798041638785,102.9019572817962,-151.31143059753038
14.54,0.10845576399642107,1.4556945469448193,-2.0517764346874845,-61.236287375333085,102.89378294224052,-151.314695805321
14.55,0.1086332411831287,1.4550753348255174,-2.0551290495969274,-61.225908541160955,102.8865278706707,-151.3175910768276
14.56,0.10878982151071535,1.4545191984400283,-2.058119894612018,-61.21669806591728,102.88008997414582,-151.32015787724941
14.57,0.10892795611291894,1.4540200440442628,-2.0607870275983835,-61.20852602915388,102.87437831939793,-151.32243308574033
14.58,0.10904980985346671,1.453572315771813,-2.063164644609845,-61.201276734926374,102.869311938116,-151.32444949402648
14.59,0.1091572945946132,1.453170956379284,-2.0652834506872164,-61.194847185675215,102.86481875653895,-151.3262362520264
14.6,0.10925209862151262,1.452811369400953,-2.067170998298216,-61.18914571537862,102.8608346369481,-151.3278192659322
14.61,0.10933571266364638,1.4524893829737784,-2.068851995714478,-61.184090766005,102.85730251980904,-151.32922155367362
14.62,0.10940945290428554,1.4522012155065074,-2.070348587553265,-61.17960979279699,102.85417165637743,-151.3304635621995
14.63,0.10947448132439545,1.4519434432970888,-2.071680609624316,-61.175638285297154,102.85139692255672,-151.33156345056776
14.64,0.10953182368784843,1.4517129701477356,-2.072865820122085,-61.17211889228482,102.84893820568529,-151.3325373424346
14.65,0.10958238543974448,1.451506998984204,-2.073920109095032,-61.16900063994281,102.84675985674176,-151.33339955116958
14.66,0.10962696575854387,1.4513230054529966,-2.0748576880103347,-57.91014446799435,101.71826770119527,-150.74791281174527
14.67,0.1096662699751474,1.451158713445463,-2.0756912611172016,-52.209533579033895,99.74507422739883,-149.72265088919002
14.68,0.10970092054762282,1.4510120724796098,-2.07643218019719,-44.72852628000114,97.15598745484532,-148.37670580959008
14.69,0.1097314667586177,1.4508812368576345,-2.0770905841772254,-36.00129371855417,94.13581185625208,-146.80626807974653
14.7,0.10975839328330725,1.4507645465086592,-2.0776755249716707,-26.45628294934393,90.83277411895018,-145.088491254089
14.71,0.109782127758721,1.4506605094210272,-2.078195080814736,-16.43430153308384,87.36478002134483,-143.28474819609983
14.72,0.10980304747022965,1.4505677855661052,-2.0786564582443523,-6.203732924805271,83.82467861815722,-141.4433707267628
14.73,0.10982148525763112,1.4504851722152101,-2.079066083803834,4.02668261785809,80.284684143558,-139.60195093419597
14.74,0.10983773473145989,1.4504115905525685,-2.0794296864383774,14.097130726805693,76.80008394982487,-137.78927092216517
14.75,0.10985205487968097,1.4503460734897244,-2.07975237147985,23.88775301761236,73.41234188040694,-136.02691792979527
14.76,0.10986467413566772,1.4502877545902078,-2.080038687035355,33.31115519311103,70.15169028225247,-134.330633327359
14.77,0.10987579397016277,1.4502358580172932,-2.080292683522611,42.30616380883483,67.03929000738026,-132.71143678287876
14.78,0.10988559206266424,1.450189689422135,-2.0805179670281255,50.83263659573532,64.08902590619091,-131.1765607287786
14.79,0.10989422510125656,1.4501486276942464,-2.080717747102221,58.86716050139765,61.30899518955859,-129.730224988471
14.8,0.10990183125422166,1.450112117501109,-2.080894879547978,66.39949660883603,58.70273738792511,-128.37427692185312
14.81,0.10990853235173835,1.4500796625485335,-2.0810519047088234,73.42965243158048,56.27024725248815,-127.10871860644485
14.82,0.10991443581152865,1.450050819498147,-2.0811910817115202,79.96548028912575,54.00880564484909,-125.9321392929847
14.83,0.10991963633837547,1.4500251924830363,-2.0813144190774677,86.02071598804127,51.91365809142468,-124.84206857966389
14.84,0.10992421742395544,1.4500024281670447,-2.0814237020751856,91.61338525771032,49.9785661037806,-123.8352633682204
14.85,0.10992825267035332,1.4499822112975036,-2.0815205171503885,96.76451664764896,48.196252470994025,-122.90793963808053
14.86,0.10993180695790242,1.4499642607052374,-2.0816062737368664,101.49710917045121,46.558758416657525,-122.0559583503472
14.87,0.10993493747558997,1.4499483257095145,-2.08168222372125,105.83531111493338,45.057727696670874,-121.27497332770217
14.88,0.1099376946301384,1.449934182889203,-2.0817494788073985,109.80377336750672,43.68463032204561,-120.56054771149424
14.89,0.10994012284799365,1.4499216331847582,-2.0818090260013657,113.42714644576589,42.43093656144117,-119.90824454109293
14.9,0.10994226128278915,1.4499104992987808,-2.0818617414154756,116.72969542059298,41.28825015783089,-119.31369610529985
14.91,0.10994414443938588,1.4499006233657858,-2.0819084025697867,119.73501111349819,40.248408236975656,-118.77265595750046
14.92,0.10994580272428986,1.4498918648644963,-2.0819496993509032,122.46579951723032,39.30355415324313,-118.28103684500562
14.93,0.10994726293110242,1.4498840987484387,-2.0819862437715875,124.94373439638102,38.446188477365986,-117.83493726129853
14.94,0.10994854866864481,1.4498772137728877,-2.082018578659743,127.18936056328732,37.669202452438704,-117.430658872815
14.95,0.10994968073850314,1.44987111099828,-2.0820471853919287,129.2220374635236,36.9658975044094,-117.06471668674457
14.96,0.1099506774679493,1.4498657024521229,-2.082072490774509,131.05991450489944,36.329993770693065,-116.73384350230403
14.97,0.10995155500349482,1.449860909933157,-2.0820948731646958,132.71993107556375,35.755630087524416,-116.43498991574323
14.98,0.10995232756971723,1.449856663943118,-2.082114667913984,134.21783546442293,35.23735743810585,-116.16532092109912
14.99,0.10995300769745445,1.4498529027328833,-2.0821321722077517,135.56821795801164,34.770127496549364,-115.92220995768255
15.0,0.10995360642498053,1.449849571451096,-2.0821476493669215,136.78455427407155,34.349277596036586,-115.70323109572796
15.01,0.10995413347535236,1.449846621384554,-2.0821613326705526,137.87925623052257,33.97051319414342,-115.50614991867323
15.02,0.10995459741274093,1.4498440092807243,-2.082173428751918,138.86372716232847,33.62988869591048,-115.32891355001142
15.03,0.10995500578022996,1.4498416967437184,-2.0821841206149645,139.74842010758098,33.32378731920228,-115.1696401810358
15.04,0.10995536522127265,1.4498396496959527,-2.0821935703130006,140.54289720460898,33.04890054142253,-115.02660838008516
15.05,0.10995568158673857,1.4498378378985077,-2.082201921326919,141.255889088199,32.802207546850184,-114.8982464015435
15.06,0.10995596002925563,1.4498362345239246,-2.0822093006762175,141.89535335706955,32.5809549955862,-114.78312166169843
15.07,0.10995620508635064,1.4498348157758232,-2.082215820792458,142.46853141671932,32.38263735484367,-114.67993050679048
15.08,0.10995642075371477,1.449833560550311,-2.0822215811815727,142.98200319025244,32.204977968105744,-114.5874883646455
15.09,0.10995661054976363,1.4498324501346795,-2.0822266698985263,143.44173934201604,32.045910985007865,-114.50472034386814
15.1,0.1099567775725235,1.4498314679393574,-2.0822311648552794,143.85315078099103,31.9035642325578,-114.43065232258755
15.11,0.10995692454975334,1.4498305992595113,-2.08223513498068,144.22113530800328,31.776243074704507,-114.36440255125416
15.12,0.10995705388310503,1.4498298310630742,-2.0822386412488663,144.55012134730947,31.662415280805824,-114.30517378021369
15.13,0.1099571676870289,1.4498291518023165,-2.082241737590933,144.8441087626016,31.56069690296455,-114.25224591207001
15.14,0.1099572678230483,1.4498285512463878,-2.0822444717029693,145.10670680301897,31.46983914644601,-114.2049691706464
15.15,0.10995735592995301,1.44982802033253,-2.0822468857621383,145.34116925891635,31.388716205573278,-114.1627577722026
15.16,0.10995743345039642,1.4498275510339118,-2.082249017061156,145.55042693204223,31.316314028880512,-114.1250840800784
15.17,0.10995750165432346,1.4498271362422523,-2.0822508985703863,145.73711754221605,31.251719971273854,-114.09147322079457
15.18,0.10995756165960628,1.449826769663603,-2.0822525594357284,145.90361320403326,31.194113286992604,-114.06149813758047
15.19,0.10995761445021962,1.4498264457258307,-2.0822540254195725,146.05204561379904,31.142756414855512,-114.03477505609499
15.2,0.10995766089224825,1.4498261594965076,-2.0822553192912725,146.18432908981038,31.096987006268435,-114.01095933658118
15.21,0.10995770174798504,1.4498259066100492,-2.0822564611728667,146.30218160910326,31.056210646471012,-113.98974168669433
15.22,0.10995773768834627,1.4498256832030725,-2.0822574688451363,146.40714398154464,31.019894220275,-113.97084470964512
15.23,0.10995776930380492,1.4498254858570578,-2.0822583580185126,146.50059729823343,30.987559874901876,-113.95401976300361
15.24,0.10995779711401849,1.4498253115474988,-2.0822591425728394,146.58377878603838,30.95877953430524,-113.93904410443427
15.25,0.10995782157630672,1.449825157598813,-2.082259834769545,146.6577961941072,30.93316992143742,-113.92571830171033
15.26,0.10995784309311635,1.449825021644369,-2.082260445439374,146.72364083162694,30.910388047188036,-113.9138638855356
15.27,0.10995786201859378,1.4498249015910547,-2.0822609841484714,146.78219936923384,30.89012712710354,-113.90332122494033
15.28,0.1099578786643719,1.4498247955878758,-2.0822614593453044,146.83426450944484,30.872112889427854,-113.89394760628238
15.29,0.10995789330466497,1.4498247019981312,-2.082261878490609,146.8805446244588,30.856100240435097,-113.88561549814922
15.3,0.10995790618075396,1.4498246193747621,-2.0822622481723174,146.9216724527592,30.84187025541822,-113.87821098570119
15.31,0.10995791750493532,1.4498245464385144,-2.0822625742071827,146.95821293922734,30.82922746602376,-113.87163235920659
15.32,0.10995792746399705,1.4498244820585982,-2.0822628617306393,146.99067029700404,30.81799741686201,-113.86578884268405
15.33,0.10995793622227873,1.449824425235559,-2.0822631152762447,147.0194943631612,30.808024466459077,-113.86059944967954
15.34,0.10995794392436505,1.4498243750861142,-2.0822633388459075,147.04508631438836,30.79916980964341,-113.85599195425922
15.35,0.10995795069745666,1.449824330829725,-2.082263535971963,147.06780380338432,30.79130970036823,-113.85190196629274
15.36,0.10995795665345719,1.4498242917767126,-2.0822637097720373,147.087965571469,30.784333855761172,-113.84827210103258
15.37,0.10995796189080981,1.4498242573177387,-2.0822638629975314,147.10585558810462,30.778144023862623,-113.84505123386414
15.38,0.10995796649611402,1.4498242269144972,-2.0822639980764635,147.12172676352714,30.772652699067443,-113.84219383190917
15.39,0.14354606429554828,1.4009250750914763,-2.0571252265263262,143.7457261046549,32.443406939473206,-114.67801865178882
15.4,0.11301781004362221,1.3570014889286717,-2.0541692416437787,137.8255735829456,35.371431155729596,-116.14289978494998
15.41,0.015318821475059696,1.3312521887582638,-2.102549905692394,130.05005717440338,39.21630231886762,-118.06651339026163
15.42,-0.1439857451082938,1.3377059403659475,-2.212734790578172,120.97552023388819,43.703058313787864,-120.31128758198054
15.43,-0.3479679485063567,1.3687143136223625,-2.3685168932160616,111.04821033827675,48.61115182062074,-122.76687575092188
15.44,-0.5829692456625868,1.4180378132464557,-2.556775270341695,100.62311036603867,53.76514289896746,-125.34549980603445
15.45,-0.8375650943343476,1.4868415424391763,-2.7818801329794187,89.97978205344954,59.02686819490531,-127.97803221063572
15.46,-1.1031849613746902,1.5694847641267409,-3.031678322608623,85.59192475078834,62.84730054343733,-130.82726754836736
15.47,-1.342841094555973,1.661596921916802,-3.3042579940027226,86.06197271045727,65.50454872366595,-133.79789676712494
15.48,-1.5588741169204554,1.7595194814448676,-3.590020680007538,90.24400988722792,67.2297145222212,-136.81505209449986
15.49,-1.7263991322163803,1.8541774023109667,-3.8762920539798564,97.20269447745501,68.21429903170537,-139.82068592179473
15.5,-1.8425564856114418,1.932937116687965,-4.130472198833978,106.1785202968874,68.61649185878377,-142.77053557203934
15.51,-1.917570514216857,1.9982941461846049,-4.356110931631133,116.55847259150144,68.5665067910972,-145.63158406094476
15.52,-1.9364973874582396,2.032507807108835,-4.529087696872219,127.85127246407312,68.17110403941376,-148.3799402780607
15.53,-1.9121867999796383,2.0423427380178736,-4.659042381246297,139.6665212655097,67.5174190414153,-150.99907340869538
15.54,-1.8354629470666521,2.0165726267135766,-4.725885539888227,151.69715676558596,66.6762005266756,-153.4783461585767
15.55,-1.7198089980072306,1.9639450629538249,-4.743364512287702,163.70471902711955,65.70454570247372,-155.81179966772683
15.56,-1.576156287039748,1.8915770678416115,-4.7227759206515545,175.50699768005748,64.648207685468,-157.99715010961168
15.57,-1.4022885975952732,1.791138523648798,-4.644864297044948,186.96769546621218,63.54353938048756,-160.03496303996707
15.58,-1.201609982276921,1.6635180675691628,-4.512735439954812,197.9877969983273,62.41912864104179,-161.92797673602092
15.59,-0.9835398552007308,1.5170805298274237,-4.341161026870884,208.49837793700408,61.29717151801235,-163.68055017931184
15.6,-0.7365299789205112,1.3436185004653511,-4.146865647683643,218.4546293441628,60.19462352509898,-165.29821509402967
15.61,-0.47122263647283513,1.1521761889152435,-3.9382103941233546,227.25067138489115,57.12095978794502,-161.6220801522663
15.62,-0.18405852059144506,0.9436906974328916,-3.713150350083082,235.02098997255987,52.58618655499987,-153.95031930384957
15.63,0.11535274813948557,0.7254141071193269,-3.4790469515197,241.88457781354748,47.00360719610437,-143.33927863390787
15.64,0.41946244219692486,0.5030517784867644,-3.2416776002521153,247.94670636659197,40.70602907451087,-130.64364936107896
15.65,0.6963086854253249,0.2671026709636031,-2.9769125094339315,253.30049689366362,33.95942968337662,-116.55037614655245
15.66,0.9479556265622979,0.024437890657376365,-2.6953095100663544,258.02831314261437,26.974463998236697,-101.6072391831407
15.67,1.1638100404552572,-0.24903901755609992,-2.3556064557057663,262.20299570598894,19.916139208078995,-86.24691180204202
15.68,1.3488880754599406,-0.5418333845077286,-1.9767284069655382,265.8889558762915,12.911935177988273,-70.80717812273143
15.69,1.5075111010813396,-0.844842768822136,-1.5737769726649649,269.14314483673735,6.0586080427939955,-55.547894835091576
15.7,1.6444801972433272,-1.1693007698000084,-1.1399229374556983,272.0159122621297,-0.5721207332577789,-40.66519517994401
15.71,1.771943486535422,-1.4734128835205669,-0.7140674427258582,274.5517668337249,-6.928817503465267,-26.303359550535028
15.72,1.9072940597975663,-1.7095416442828606,-0.33612641640573293,276.79004977395056,-12.97638513216373,-12.56471412254167
15.73,2.0465684821420584,-1.8899311385495718,-0.0007752334980473119,278.76553126296784,-18.69278251769593,0.48213497268045913
15.74,2.1687929229660905,-1.9867631085576856,0.2676313476890564,280.5089384926378,-24.066308976655023,12.795470483511773
15.75,2.276053714800645,-2.018108349523934,0.4805896153527911,282.04742312953147,-29.093363531535346,24.354813788937125
15.76,2.3396887942552156,-1.9783704816774064,0.6416088262929507,283.4049750838792,-33.77660280743535,35.156267072951266
15.77,2.3689286395523834,-1.8848305128311993,0.760346271758183,282.7800543288661,-35.812339037305115,42.492359945509726
15.78,2.3713777611150215,-1.7515598724203345,0.8448564679462799,280.6470672925456,-35.78927236896626,47.06065980191371
15.79,2.3365737797939943,-1.5791851965991985,0.8876661889661309,277.39279493204174,-34.19029514837923,49.43848844506811
15.8,2.2737917037858013,-1.3795648479767788,0.8978800817943585,273.3308865008428,-31.409745430298855,50.102083993029005
15.81,2.1956127283453757,-1.1697503803131015,0.8783720609629335,268.7140990222554,-27.76800035817015,49.44285114704549
15.82,2.109943673268403,-0.9542043600657064,0.8307529034363279,263.74461957736423,-23.5238048598502,47.781128325166776
15.83,2.0198786049552773,-0.7376380264377678,0.7623552062138278,258.5827584620981,-18.88467380863883,45.37783853458515
15.84,1.9078109025756143,-0.5224110518407871,0.6847050598057601,253.35425921037722,-14.015656647420142,42.4443379365682
15.85,1.7806484913384408,-0.31157244547996144,0.6011842905276182,248.15643543624125,-9.046711326371145,39.1507306359526
15.86,1.6312625438078165,-0.11972506802432997,0.509157462634547,243.06331357110213,-4.078898278593458,35.63287925523202
15.87,1.4671958567326853,0.054584534528018036,0.41205610280024946,238.12993413418152,0.8104257935893564,31.998307428504827
15.88,1.3014783954293396,0.2073626906301592,0.31946670069586147,233.39594154756762,5.5632610552044905,28.33116169509643
15.89,1.1370863954403823,0.3412686743547648,0.2317784756363166,228.88857315238556,10.137334020266007,24.696375716469745
15.9,0.9776785455200807,0.4583392607321228,0.1404712802682851,224.62514153494328,14.503072211949574,21.14315870601385
15.91,0.8245774331510987,0.5606910181033481,0.047819985685444044,220.61509013198054,18.641089433520595,17.70791195260209
15.92,0.6696124184756108,0.6348855976828276,-0.0395247083808787,214.140986868275,22.930569955762145,15.537755689011801
15.93,0.5156416819510091,0.6863630477095725,-0.12144177558195583,205.8815017621837,27.26899143441955,14.370093023309677
15.94,0.3648379823938764,0.719643360265837,-0.19792336178931247,196.38413813779837,31.57709549722882,13.988209247642274
15.95,0.20951252519554228,0.7507211251875732,-0.25460350807636184,186.0874200794753,35.79467366254797,14.213904368652509
15.96,0.0531520575718874,0.7796269744997217,-0.29523754963869087,175.33958250232985,39.87704327876813,14.901250596165776
15.97,-0.08897847322703409,0.8037980939027772,-0.3202241041217445,164.41429150572898,43.79210682433093,15.93130866729053
15.98,-0.21799341910078596,0.8239665119785107,-0.33284013639593013,153.52384540667944,47.517903791647285,17.207660836319008
15.99,-0.32129618361192747,0.8362050115680799,-0.3405791589746671,142.83024065261526,51.04057795737938,18.65263892141395
16.0,-0.40937403169683373,0.8460825032605928,-0.35505993940253344,132.45443012758776,54.35269444430896,20.204143440917672
16.01,-0.4844190867665771,0.853998012474226,-0.3744761159894541,122.48405284862001,57.451850888297095,21.81296500364837
16.02,-0.5630794088236216,0.8529941677710042,-0.3947118587514799,112.97987254365066,60.33953547997087,23.440532090682055
16.03,-0.6432786021356772,0.8451771277986782,-0.4152588983856641,103.98112711416394,63.02019186297156,25.057020484025315
16.04,-0.7234028813568498,0.8322658764480116,-0.43572322719331036,95.50996065855438,65.50045701772252,26.639769121365852
16.05,-0.7873952219893593,0.7997656390631573,-0.4280918660117691,87.57508383068838,67.78854349530182,28.171955310558356
16.06,-0.8380366668175406,0.7527754004550166,-0.39906898220071757,80.17478619949897,69.89374182195938,29.64148921618139
16.07,-0.876850200095093,0.6807678052635491,-0.3555345089359951,73.29940541625241,71.82602268421346,31.040093499921195
16.08,-0.9060015271342331,0.5907314151128388,-0.301569826140567,66.93334191945031,73.59572172431089,32.36253909997321
16.09,-0.9339800974121024,0.4945289380425631,-0.260836352966871,60.2549754778448,75.47469879056814,34.201559354700954
16.1,-0.959772907509032,0.39497540187871827,-0.23471853205315266,53.44185156977425,77.40798282894372,36.407347387934685
16.11,-0.983489232309665,0.2944117350989196,-0.22019891085275653,46.632009037505014,79.35263807974778,38.859476563567775
16.12,-0.9856803367303111,0.17604415060971562,-0.19772406163912892,39.93108259815037,81.27561417677357,41.461896157981116
16.13,-0.9713569582909571,0.04589493513189202,-0.1695096604968339,33.41824701804836,83.15194567017186,44.138719048110374
16.14,-0.9446134817000307,-0.0912410100797525,-0.1373417649270013,27.15118155800076,84.96324720933349,46.830681603863866
16.15,-0.9050679530335396,-0.2452079367249217,-0.09369864542936376,21.170206743933054,86.69645860323327,49.49217355117726
16.16,-0.8563387521321082,-0.4096553503013024,-0.04195173135415123,15.501722812163514,88.34280080163727,52.08875062722693
16.17,-0.8215349615648856,-0.5728297083472611,0.025584042412091973,10.161059773587406,89.89690967538975,54.595055738152034
16.18,-0.7979366225124045,-0.7324797839082722,0.10415291541418299,5.1548324663402685,91.35611945880353,56.993085358420444
16.19,-0.8184463844485924,-0.8848170013861045,0.18350144450306233,0.4828798175676132,92.7198719733109,59.27074734333813
16.2,-0.8724059461739769,-1.029175042870912,0.26220707701637525,-3.860144535673445,93.98923138327262,61.42066438892607
16.21,-0.9792006895860061,-1.1919334645878599,0.3530427632059996,-7.883473407128733,95.16648733178593,63.43918426150237
16.22,-1.1237402323610595,-1.4018342333307126,0.49072029226983693,-11.599170911725302,96.25483194343228,65.32556380048263
16.23,-1.2949197067925682,-1.644548662003667,0.6621098958926213,-15.021280377561341,97.25809842823288,67.08129871625684
16.24,-1.4838206996105583,-1.9085936361125904,0.8566323440429933,-18.165141040817666,98.1805509333422,68.70957548432996
16.25,-1.667274276930417,-2.1720821376004755,1.05214438490745,-22.783172813610513,99.95202952423307,67.48537209606829
16.26,-1.8436907146138959,-2.4310275819021303,1.245359207055121,-28.45771009569237,102.34586435906775,64.09636676605437
16.27,-1.9931860854244674,-2.631657397353364,1.3914565989016952,-34.8524697632911,105.1787870238776,59.10288815766788
16.28,-2.091185508616554,-2.7746369217245683,1.4931578114263897,-41.69873157499495,108.30362189187457,52.959007798783404
16.29,-2.1482271059258617,-2.8712438869193253,1.5592791177120715,-48.78370187497142,111.6031264956242,46.03034923028149
16.3,-2.1951911709607086,-2.930365346413447,1.5880454128727954,-55.940730700344474,114.98480785637588,38.60910513517406
16.31,-2.2337058118317525,-2.9598631928009236,1.5877623042790874,-63.04110075882783,118.37656702544551,30.926682185245344
16.32,-2.290069836688774,-2.9756881034288205,1.564502060132669,-69.98714816674747,121.72304577949186,23.16433203318671
16.33,-2.3592191082716694,-2.9807974083872293,1.524013387893494,-76.70651030458052,124.98256798525404,15.462074338123275
16.34,-2.437076627010579,-2.97762274486496,1.4709668358995402,-83.14732649909988,128.1245840492711,7.9261727069321575
16.35,-2.5249982018730157,-2.982344100217208,1.422129134593239,-89.27424320273032,131.1275404725143,0.6353859001306432
16.36,-2.6192512950978033,-2.993037073842879,1.3772769236775826,-95.06509753515472,133.97710816417685,-6.353816325391308
16.37,-2.686452533737128,-2.9942271931212385,1.337205294637821,-100.50817201568037,136.66471311304073,-13.002911571097314
16.38,-2.715152395605718,-2.971520140801213,1.2988308865505376,-105.5999295083378,139.18632150962338,-19.287720297167578
16.39,-2.713926205542519,-2.930871614168674,1.262355513381359,-110.34315122133586,141.5414386646691,-25.19542202029688
16.4,-2.6779115880637794,-2.8580634044942514,1.2087142352771232,-114.74541238876665,143.73228725736553,-30.722093354875614
16.41,-2.615824809243123,-2.7617705657670486,1.1427684561773626,-120.82104365150636,145.5717292852524,-36.794355933617524
16.42,-2.5240032471891345,-2.642643664776424,1.060233305676337,-128.08291715498666,147.1133843802712,-43.18945770587903
16.43,-2.410850703629219,-2.507895792693345,0.9662865294227964,-136.1395406005421,148.40295799395324,-49.73180977048739
16.44,-2.283134635846952,-2.3632935501189043,0.8650706455814482,-144.678759729162,149.47938213577302,-56.28467608916429
16.45,-2.1529322615160456,-2.2126289495522404,0.7730936463032059,-153.45404087874346,150.37579458598236,-62.74320384738311
16.46,-2.022860720832757,-2.0596769905316346,0.689627308632314,-162.2729432451614,151.1203791402679,-69.02858914902903
16.47,-1.9130054987341025,-1.9065025845544263,0.6127678734056575,-170.98744775624448,151.73708632807606,-75.08320311202311
16.48,-1.8203448833970997,-1.7555512177194634,0.5421677765382852,-179.48585852635117,152.2462513573655,-80.8665294256901
16.49,-1.7262975234766271,-1.5895063865845782,0.4588053777407926,-187.68603485773986,152.66512371795642,-86.35178665918997
16.5,-1.614800817858193,-1.4101003223315478,0.36108630088426247,-195.52974769180713,153.00832087344077,-91.52312760891347
16.51,-1.4916865929650451,-1.223267783726391,0.25390225296466495,-202.9779851477054,153.28821674446095,-96.37332420153125
16.52,-1.34429300526615,-1.0307473747360931,0.15756469669865025,-210.00705805694463,153.5152741965786,-100.90186032398032
16.53,-1.1806135552268997,-0.8368803213726448,0.07103675992156634,-216.60537884594117,153.69832946153463,-105.11336677204318
16.54,-0.9906920769901785,-0.640848837994807,0.01554410895283699,-222.77080628054878,153.84483531343008,-109.01634258740314
16.55,-0.7836465690122172,-0.446223204814981,-0.015320078647484496,-228.50846493703665,153.9610688670152,-112.62211563998494
16.56,-0.5541997024507748,-0.23891751371144274,-0.030655408550113693,-233.82896220626898,154.0523090429317,-115.9440026233681
16.57,-0.3111869030138771,-0.025142804683554953,-0.03386184224821864,-237.36607795605207,154.03056617694696,-119.18257224153072
16.58,-0.04707496433541042,0.1878208913641022,-0.03215631738820182,-239.4825247964164,153.9226604017876,-122.30674935166256
16.59,0.2290642537830314,0.39683609784802565,-0.026716723083060806,-240.47820252112638,153.75047217702826,-125.29452943048753
16.6,0.5190714011896036,0.599000145033404,-0.02063608489501439,-240.60023392721482,153.53175814280584,-128.13119646848654
16.61,0.8151648202791728,0.7927599601435625,-0.014159657455806754,-240.05147312988856,153.28084019249798,-130.8078446621344
16.62,1.1259528470777622,0.9942652254600345,-0.001226976174916421,-238.99771143928115,153.0091867119107,-133.32015580005023
16.63,1.4431353699848422,1.1985520813201453,0.016446701308498308,-237.57377346617108,152.72590217658748,-135.66739151814124
16.64,1.760257702054562,1.4017766103174154,0.03747405279879242,-235.88866830759974,152.43813893584647,-137.85156580983372
16.65,2.0647148828258386,1.6124739432947406,0.061195071083567726,-234.02993679076232,152.15144298690655,-139.87676847363213
16.66,2.3547181636846934,1.8256004959915249,0.08660778709716807,-232.067315273328,151.87004380745395,-141.74861469320226
16.67,2.609615048034681,2.026464411400133,0.12267952612168759,-230.05581893539662,151.59709682931913,-143.47379978797937
16.68,2.8336508337395983,2.2148012464567213,0.16634845871668397,-228.0383324433023,151.33488586435155,-145.05974144198092
16.69,2.9985506878927444,2.3810126475710356,0.2342430405672799,-226.047782965866,151.08499170579276,-146.5142944982949
16.7,3.1066617842304227,2.534947741430885,0.33286257916277867,-224.10895947586218,150.84843219836813,-147.84552576799945
16.71,3.1696047519853576,2.6770785517074747,0.453464982475539,-222.24003281201766,150.62577827552167,-149.061538306242
16.72,3.1867508717979582,2.8031650072050596,0.5728787602856908,-220.45382288482392,150.4172497834123,-150.17033630729892
16.73,3.1685658717826373,2.9149974027078187,0.6895166564171245,-213.92666494236585,148.57123186315027,-151.0041764595566
16.74,3.1236146237743037,3.014169152347309,0.8022068010112358,-203.87170551857193,145.50035512946292,-151.61447325644826
16.75,3.0594862835214496,3.0996160364096172,0.8895144148253016,-191.272881826627,141.5396783157107,-152.04408378443645
16.76,2.9816774873353356,3.1732197127009214,0.9560243470450505,-176.92326867456563,136.95963389087365,-152.3286437232956
16.77,2.8922580263907274,3.2334830318504997,1.0011233053532167,-161.45742004760356,131.9769493329379,-152.49770305580816
16.78,2.7953463293176566,3.282591025701731,1.0291248155367625,-145.37860751996692,126.76384786931618,-152.57569068451608
16.79,2.6679996811004987,3.3032828643424907,1.0288767715282778,-129.08172595162063,121.45578817264774,-152.5827329833
16.8,2.494809330417042,3.2918461647964707,0.9803825382791524,-112.87252404848641,116.15796451156335,-152.53534772794237
16.81,2.289225994262254,3.2559897516316045,0.895707538787179,-96.9837206687667,110.95075630992743,-152.4470317710601
16.82,2.0661910807333967,3.1874935954330104,0.7689838745075872,-81.5884849613443,105.89428819758231,-152.32875818264927
16.83,1.833279723801406,3.0950778884148202,0.6120467585043438,-66.81168756095303,101.03223778035586,-152.18939630741835
16.84,1.5855699704659536,2.970508786347537,0.41339354846273,-52.73926944876357,96.39500794872379,-152.03606624189126
16.85,1.3304006597799674,2.823268633415593,0.1859054103298894,-39.42602326210658,92.00236309405669,-151.87443756294255
16.86,1.0735071459769472,2.6609715845549546,-0.06010496746447125,-26.90203755260191,87.86561368823256,-151.70898070620143
16.87,0.82419379719062,2.4802086161373573,-0.32298630409664636,-15.178016672627994,83.98942094489482,-151.54317816422463
16.88,0.5904338614449848,2.2801639588154883,-0.5918235570791452,-4.249656691513152,80.37328240788787,-151.37970162170762
16.89,0.37223450655465495,2.06848245619694,-0.8610202264395093,10.132676320457792,76.07650003724368,-148.36368518100386
16.9,0.17805183630182972,1.8445252048765373,-1.1277740166304207,26.934733480865894,71.32573695601229,-143.21081813763686
16.91,0.0052910444472943075,1.6146686655081577,-1.388489449485487,45.32685979928982,66.30162556638182,-136.50243839915845
16.92,-0.13761343751082333,1.3831268671556773,-1.6388854144919363,64.64900584309423,61.14673361859627,-128.70793768689904
16.93,-0.2554262996739005,1.153912632992752,-1.8774680999735625,84.38128970720862,55.9722579926574,-120.20366467771764
16.94,-0.3319111894601018,0.9361276625712507,-2.094258951358346,104.11926840462107,50.86363979478768,-111.2888515194738
16.95,-0.37555927399234806,0.7304961123646129,-2.290978072709846,123.55320129163027,45.885265849625114,-102.19901251520156
16.96,-0.3933846781812187,0.5373825174819586,-2.469256039483497,142.45069390368997,41.084397253334636,-93.11719808200563
16.97,-0.37969844579174117,0.3650449133142709,-2.614645091552644,160.64220110817803,36.49444476159138,-84.18343081155865
16.98,-0.3469359484030515,0.21530251460284952,-2.6954034893625742,178.0089459349239,32.13769292007559,-75.50260226369207
16.99,-0.30008009964603827,0.085199295048748,-2.725417192539512,194.472876678293,28.027559573913877,-67.15106787136153
17.0,-0.24727437013448067,-0.028977674532497666,-2.663772540400925,209.98834147121167,24.170464346791412,-59.18214204174345
17.01,-0.19073835269384315,-0.12917709382856862,-2.5329151576635556,224.53520788342735,20.56736854248216,-51.63066535903986
17.02,-0.13407974008001375,-0.2501657883860515,-2.3222894402917635,238.1131963727264,17.215039418206604,-44.51679000260992
17.03,-0.0782125563588004,-0.38518082346309235,-2.053882118549427,250.73723163214714,14.107083675898656,-37.84910746405247
17.04,-0.038502313254140164,-0.5356677905773409,-1.7648092609881152,262.43364589901387,11.234788112633215,-31.627223841343607
17.05,-0.011782700357538742,-0.6956490967964165,-1.4644311159647967,273.2234219642866,7.507721398373219,-24.477231242061137
17.06,0.01832924858450826,-0.8424107203579523,-1.1997459718693686,283.15046290544404,3.1844559390433265,-16.728373841953292
17.07,0.050567955609130064,-0.9767578740166601,-0.9665239869858475,292.2618622524951,-1.527723161678674,-8.642086475590201
17.08,0.11528659136846348,-1.079962228005098,-0.7777057175127479,300.6064203892609,-6.464036470642726,-0.42380253141236324
17.09,0.20386144388157088,-1.1577103079649163,-0.6258343281112692,308.23348200351495,-11.494822637339535,7.767130606027113
17.1,0.29346065215126915,-1.2047489581222002,-0.4894389623490235,315.1920375049983,-16.51933355188335,15.809139951785038
17.11,0.3824441451678934,-1.2275407221782113,-0.3670236047756007,321.5300405841809,-21.46053199345778,23.611473123509306
17.12,0.46358437974049793,-1.2219122333745602,-0.26964738405883004,327.29390191692727,-26.26073809726543,31.108392768680865
17.13,0.5374518034017031,-1.1946124336127872,-0.19296325594663333,332.5281256417342,-30.877993722098388,38.2543408131297
17.14,0.6045968027141616,-1.15114709576998,-0.13331970073656654,337.27506082726245,-35.283033267328335,45.01992078758069
17.15,0.6551641646453539,-1.0813511168626748,-0.09403176470485033,341.5747448626315,-39.456766133718006,51.38856927133878
17.16,0.6922491579263392,-0.99248630306079,-0.07094247360705432,345.46481967310734,-43.38819024808325,57.3538069499764
17.17,0.6890579628144947,-0.886455206508397,-0.072750587085194,348.9805050018606,-47.07266822239284,62.916976392214956
17.18,0.6602812358880122,-0.7711906293587776,-0.09560880541868855,352.15461580040824,-50.51050808987374,68.08538781842549
17.19,0.6123652225241738,-0.6506576776448693,-0.1342263506206033,355.0176131180399,-53.70579940888452,72.87080621008003
17.2,0.5505443806905449,-0.5279744540257072,-0.1843062313123724,353.83463279688226,-54.33850992798833,75.71541081915804
17.21,0.479043605213383,-0.4055618538481345,-0.24237946447775224,349.57243491354467,-52.999358420302364,77.02963292893405
17.22,0.40124883015722185,-0.28526914662080327,-0.3056652138625313,343.01930792609016,-50.171424290663076,77.15162121721671
17.23,0.3198507550336418,-0.16847905598392776,-0.37195295614365076,334.8145809524751,-46.24782743686638,76.3588994189141
17.24,0.23696574821975022,-0.0561955013403211,-0.43950335326288825,325.47354659841875,-41.546670010727254,74.87823898866814
17.25,0.15423738756193084,0.05088330614213276,-0.5069649955375718,315.40848056799405,-36.323648356171866,72.89401086256314
17.26,0.07292158975263274,0.15230412271241567,-0.5733045967238519,304.9463444420752,-30.782684115087715,70.55524228378644
17.27,-0.00604215528499602,0.247808339731657,-0.6377485789332874,294.34367240126113,-25.084872647459417,67.98157192997637
17.28,-0.08197130140310249,0.33729040682870653,-0.6997342906415539,283.79906930124315,-19.35600332618995,65.26826850393465
17.29,-0.15439068981535428,0.42076360809318647,-0.7588693622519211,273.46368465745996,-13.692868918871293,62.490453872997485
17.3,-0.22299136704011968,0.49833200268484795,-0.8148979270434222,263.4499732792907,-8.168549280160581,59.70665120442064
17.31,-0.28759645793032884,0.5701675235021381,-0.8676726262268619,253.83900723539094,-2.836827193020185,56.961760861222416
17.32,-0.3481329734879838,0.6364913828231549,-0.9171314798793881,244.68656443247718,2.264129236087621,54.28955167875468
17.33,-0.4046086030010636,0.6975590660091966,-0.9632788447089882,236.02818540473888,7.108703264059416,51.714742278447275
17.34,-0.4570926849251237,0.753648306792116,-1.0061697983330726,227.8833611271777,11.681288046974394,49.25473598323618
17.35,-0.4649085338212772,0.7849915800979119,-1.021443547227558,220.25899008455775,15.974184426909698,46.92106341372712
17.36,-0.4384031441664373,0.7968989834086321,-1.0153342214244678,213.15222184748063,19.985867867377202,44.72057873685726
17.37,-0.3860347029593499,0.7937397455776423,-0.9929489372717197,204.0109114339766,23.985893175432366,43.084104847740385
17.38,-0.31468311980143376,0.77909447371364,-0.9584521425724012,193.45473764185667,27.914492330420973,41.905021622514326
17.39,-0.22991243707425682,0.7558840394159878,-0.9152214850280417,181.98024929098585,31.72702147517129,41.09455129972384
17.4,-0.1361922981569767,0.7264785656659729,-0.8659794427670784,169.98196523655375,35.39111375044621,40.57896382915419
17.41,-0.03708460901473133,0.692789475362587,-0.8129043409927927,157.770123284933,38.88430760572784,40.297202096543764
17.42,0.06459936562565545,0.6563471331715166,-0.7577238514938429,145.58558609877127,42.19207620421334,40.19886572163041
17.43,0.16666699674680072,0.6183662441006734,-0.7017936196666181,133.61233751719791,45.306194706112976,40.242500892061905
17.44,0.2674335581247588,0.5798008564667361,-0.6461632762416083,121.98793878259958,48.22339175122186,40.39415122736005
17.45,0.36562951045905856,0.5413905463022101,-0.5916317589905599,110.81225944231963,50.944239602145515,40.626131136770184
17.46,0.46032302848908413,0.5036991284215229,-0.5387935854859985,100.15475087800654,53.472244353600416,40.915988690275285
17.47,0.5508554090356804,0.4671470408500354,-0.48807747474835,90.06049038536048,55.81310353278306,41.245629790767076
17.48,0.6367873502504857,0.4320383794148335,-0.43977850754689485,80.55518951778208,57.974103458520034,41.60057952722538
17.49,0.7178543935204073,0.3985834139501503,-0.39408483722786053,71.64933118920203,59.96363301949803,41.96936009846336
17.5,0.7537800455001845,0.32504348079828116,-0.31950585780816454,63.341575090926646,61.790794183067156,42.342967706153956
17.51,0.754582981461261,0.22196255571640816,-0.22397686016170726,55.621549701763826,63.465092649189344,42.71443339475841
17.52,0.7284825420961282,0.09787494814253025,-0.11390064539861174,48.47213103347098,64.99619469904556,43.078455025178094
17.53,0.6821920253619462,-0.04035703184594705,0.005593341613736605,41.96098031816128,66.47248857004413,44.50077691369976
17.54,0.6211667699660578,-0.18725842227703204,0.13043071695735114,36.04024023428103,67.88375283737048,46.711136157822594
17.55,0.5498137498978611,-0.3385019958527529,0.2574085400023474,30.664044853899565,69.2231778102083,49.49029963913817
17.56,0.47166842594099395,-0.49070687256146495,0.384041114833636,25.78876956495283,70.48667230800275,52.66152943515887
17.57,0.3895437650061895,-0.6412695457827997,0.5084307250195658,21.3731873974006,71.67229043431409,56.08338453781286
17.58,0.30565562202475804,-0.7882223651900279,0.6291594777397375,17.378551247284033,72.77975918048504,59.64365815487899
17.59,0.2217280653354628,-0.9301152524675929,0.7451989997014355,13.768618081612226,73.8100906083271,63.254279171775266
17.6,0.13908170059935454,-1.0659170528446724,0.8558352118330257,10.509628344119559,74.76526484826357,66.84703146327749
17.61,0.05870759790140673,-1.194933461682676,0.9606058240613834,7.570251383474867,75.64797226871082,70.36996625734517
17.62,-0.018670958818919052,-1.3167389237354805,1.0592485455477605,4.92150572011448,76.46140497704212,73.78440117378221
17.63,-0.09254701070137286,-1.4311202943112922,1.1516583081615843,2.536661294727394,77.20908934784201,77.06241532583897
17.64,-0.16258714400666763,-1.5380303859347841,1.2378520590977684,0.3911294488102912,77.89475257942564,80.1847633590412
17.65,-0.22859602506842971,-1.6375498094287892,1.3179398987348816,-1.5376547683576514,78.52221738830333,83.13914283197664
17.66,-0.2904870898646471,-1.729855761644062,1.392101527539314,-3.270354328871269,79.09531989215807,85.9187591966932
17.67,-0.4504686693201159,-1.9278839006581916,1.4862612663499057,-4.825853143500893,79.6178465296069,88.52114105098099
17.68,-0.6830510868825824,-2.2037613992681004,1.5942608122150477,-8.8173936868345,82.35809574375354,88.3609936886235
17.69,-0.9675844208463055,-2.534931727902748,1.711168967452187,-14.611660857717503,86.7534724117134,86.0882871973088
17.7,-1.2874468418365574,-2.9032610931401694,1.8330710868141813,-21.695605178272963,92.34737827606217,82.23366366181304
17.71,-1.629360244753523,-3.2942851994447553,1.9568919893442367,-29.656271936537728,98.77150327726572,77.22811338210826
17.72,-1.9828140337875508,-3.6965752152178792,2.0802472586353065,-38.163793893075784,105.7308878519799,71.41959653698885
17.73,-2.3395807154887978,-4.101204911431398,2.201318601395105,-46.957071830220926,112.99134015368327,65.08706649092885
17.74,-2.6933093512368025,-4.501303586478757,2.3187495731737773,-55.831736722250476,120.36885286664861,58.452284619868394
17.75,-3.0391849731182936,-4.891681656648162,2.431558526985983,-64.63004686267544,127.72071632084632,51.68975966202729
17.76,-3.373643824666337,-5.268517731361484,2.539066108389297,-73.232424300459,134.93806919482822,44.935095855836025
17.77,-3.694135791872396,-5.629097652136348,2.6408350205826268,-81.55037861531736,141.93966626717642,38.291992365848394
17.78,-3.998926676266529,-5.971597393789973,2.736620124909041,-89.52060344051645,148.66667534964338,31.838100734985236
17.79,-4.286934061564122,-6.294902939840562,2.8263272340822483,-97.10006311230146,155.07834348544398,25.629916490496488
17.8,-4.557591464970653,-6.598461280725536,2.90997920463545,-104.26191415613214,161.14839639433123,19.70685484252078
17.81,-4.810736266563611,-6.882157568579256,2.987688147642816,-110.99212967162543,166.86205556841162,14.094638020749992
17.82,-5.093180829243163,-7.03288679570821,3.0887772735759116,-117.28671461830584,172.21357486468548,8.808102656882513
17.83,-5.393644825212771,-7.079457972795875,3.2061873344688143,-123.149417020947,177.20421332800944,3.853519274282686
17.84,-5.703210199858052,-7.045555468178683,3.3342585789888677,-129.67758892264183,181.8996364588667,-3.2676229448059737
17.85,-6.014906858573064,-6.950570027640853,3.4684911790278328,-136.61325822358566,186.29566936438448,-11.936268925908134
17.86,-6.323365021361541,-6.810302111797189,3.6053436825103553,-143.75254788800225,190.39379361447803,-21.654274881347163
17.87,-6.624524051912694,-6.637556486982552,3.7420637291999372,-150.93618299219617,194.19979835885468,-32.02385322408412
17.88,-6.915389074492285,-6.442644266624743,3.8765461129278993,-158.04152577521657,197.72268028253598,-42.73026701424079
17.89,-7.193827981240842,-6.2338062499972855,4.007213998705122,-164.9759050188538,200.97375126656482,-53.52728272835697
17.9,-7.458402535138317,-6.01756938961068,4.132919723773541,-171.671040626969,203.96591901579686,-64.2249621699716
17.91,-7.708228216479536,-5.7990464904145185,4.252862142595087,-178.07839383276078,206.7131113548058,-74.679436036677
17.92,-7.942858265998914,-5.58218776305473,4.366517929777285,-184.1652987429332,209.22981951506566,-84.78435448092524
17.93,-8.162188065380954,-5.369991584872161,4.473584642935886,-189.91175253755065,211.53073966096673,-94.46375520416335
17.94,-8.366376582636253,-5.164680736187505,4.5739336789020655,-195.3077601062804,213.63049523109464,-103.66612828595247
17.95,-8.555782110181148,-4.967849449910386,4.667571539580828,-200.35114466505348,215.54342549211293,-112.35949000035426
17.96,-8.730909949861129,-4.780585817449616,4.754608065107054,-205.04574934809767,217.28342809051583,-120.52730610981259
17.97,-8.892370062274534,-4.603573414199189,4.835230497695774,-209.39996624061436,218.8638454066287,-128.16512923877582
17.98,-8.778090350493006,-4.302250723988718,4.890770289870015,-213.42553909206285,220.29738622042407,-135.2778355056574
17.99,-8.454482956308821,-3.910461137359003,4.9262383762242,-217.13659427376462,221.59607563691702,-141.87736313958771
18.0,-7.9756654208192295,-3.455529545449393,4.94578487396062,-217.17847100235247,222.0187273364676,-148.21219902900955
18.01,-7.385496644884711,-2.959363161870951,4.952835991384432,-214.41047865389075,221.76405872617872,-154.24539849076987
18.02,-6.719295962608521,-2.439378990664473,4.950210159546656,-209.53443017375773,220.99479595070474,-159.95338882101183
18.03,-6.005292737700055,-1.9092840784803808,4.940216442052942,-203.1205894753159,219.84356674837773,-165.32320356102503
18.04,-5.2658469914779475,-1.3797308632381793,4.92473783893974,-195.6295928706446,218.4178824567777,-170.35019925945664
18.05,-4.518475654659803,-0.8588666537052722,4.905301723447762,-187.4309455972143,216.80434480450927,-175.03617732138935
18.06,-3.7767139646793524,-0.3527934674424953,4.8831393268453445,-178.81860714416274,215.07219344879582,-179.38784534815983
18.07,-3.0508371869649547,0.13404794809373227,4.85923590871466,-170.0241041700426,213.27629334131527,-183.415562441341
18.08,-2.3484641198560414,0.5985581420496919,4.834373011884688,-161.22754559344995,211.4596465349424,-187.13232152141185
18.09,-1.6750606603530294,1.038713022702697,4.809163996938543,-152.56685942397354,209.65550064357973,-190.55292901206906
18.1,-1.0343589857280193,1.4533434465979245,4.784083876168236,-144.1455237875936,207.88911554482425,-193.69334845003993
18.11,-0.4287055788162458,1.8419531079146152,4.759494316888341,-136.03902427243403,206.1792408200767,-196.57017985645447
18.12,0.14065066364458462,2.204568596924041,4.73566455561329,-128.3002352175082,204.53934864300317,-199.20025118548352
18.13,0.6733206982842113,2.5416164307449445,4.7127888547056225,-120.96389306268206,202.9786601692593,-201.6003019657482
18.14,1.1695798857694846,2.853822656158684,4.691001039093415,-114.0503046619139,201.50299778827952,-203.78674246992352
18.15,1.4851704373477488,3.1503825059885986,4.561793210904483,-107.56841192285837,200.11549073427497,-205.77547447359024
18.16,1.6575054621912986,3.430329351858555,4.35236080790195,-101.51831574884932,198.8171574002047,-207.58176196899768
18.17,1.7174677396154023,3.693182697104951,4.084778846104667,-90.20365904142287,195.61566535692896,-208.01264217690346
18.18,1.6904577217117414,3.9388417474169577,3.776857096508237,-75.03511468665226,191.00709074009396,-207.38374367706717
18.19,1.5972815717275048,4.1674979930086975,3.4428614742155292,-57.15294610742707,185.3932275062657,-205.95327864317582
18.2,1.4549028542125815,4.379563712399112,3.094121724738057,-37.47256786540423,179.09740678808052,-203.93146524780317
18.21,1.2770780883931467,4.575613783301163,2.7395425614703357,-16.722941260333553,172.37783456965624,-201.48849159747405
18.22,1.0748934538064991,4.756338590971465,2.386032896445512,4.521115706991395,165.4388209247743,-198.7612385902303
18.23,0.8572174296103705,4.92250616886011,2.0388656545289203,25.811782530302814,158.44021952596194,-195.85894752858695
18.24,0.6310819981225475,5.074931999292665,1.7019788184595157,46.80546835548964,151.50534939990305,-192.8679912543821
18.25,0.4020031990440182,5.214455150728642,1.3782267749304478,67.24375176296877,144.72763087526576,-189.85588436859427
18.26,0.17425024038945644,5.341919639316677,1.0695896826202167,86.9374570161486,138.1761333974143,-186.8746482159037
18.27,-0.04892898171152768,5.458160081527567,0.7773474294042553,105.75338047536208,131.90020355659968,-183.96362928312647
18.28,-0.26511926141835107,5.563990856321412,0.5022237600763433,123.60325344451988,125.9333165916541,-181.15185508017007
18.29,-0.47258065898422597,5.660198123642928,0.24450531387096783,140.4345897420857,120.29627318737305,-178.45999909540393
18.3,-0.5903915468239704,5.726541951379043,-0.04673226703425665,156.22311927081444,114.99984506241768,-175.90201574620164
18.31,-0.6377229680321502,5.768984960874209,-0.35908234824240887,170.96655409326587,110.04695720014844,-173.48649712343425
18.32,-0.6303539941441605,5.792465734380286,-0.6827162174761128,184.679472112123,105.43448122434623,-171.2177955353243
18.33,-0.5812201704776659,5.801061658871184,-1.009932457710103,197.43616776543357,98.31587492686725,-163.57952709231319
18.34,-0.5008778496942925,5.798127059514665,-1.3347786969875313,209.26143230053958,89.3897408252526,-151.9495319704404
18.35,-0.3978968720680488,5.786410255952415,-1.6527346817938824,220.18880012740917,79.21918909393432,-137.44508978384343
18.36,-0.2791922505718928,5.7681526523508095,-1.9604472532582153,230.25797566474043,68.25479498567603,-120.96653097248256
18.37,-0.15030397394871248,5.7451725237753495,-2.255509202453436,239.5127668626231,56.85393396551459,-103.23401660171434
18.38,-0.015632715691141427,5.718935776525773,-2.5362751760176914,247.99943893814853,45.297041419367325,-84.81851304281815
18.39,0.12136189946998549,5.6906156297796,-2.801708824902548,255.7654155594391,33.80126368217071,-66.16783812986922
18.4,0.25799479389850477,5.661142882586756,-3.0512562619409147,262.8582663388735,22.53189849772064,-47.62852694448849
18.41,0.39221585691567573,5.631248187351816,-3.284741639330587,269.324929352208,11.611964254974167,-29.464155350298732
18.42,0.5224931573988898,5.601497542760193,-3.5022812932800145,275.21112574753903,1.1301870495124273,-11.87066518677378
18.43,0.6477154318719929,5.572322040764105,-3.704213445627545,280.56093056978403,-8.852348405442848,5.010845597593351
18.44,0.7671108540174625,5.54404274953641,-3.8910409146806924,285.4164698935375,-18.296674778682938,21.083473563787038
18.45,0.8801795388785648,5.5168914836036995,-4.063384681382622,289.81771939307475,-27.18136722415296,36.28566581034491
18.46,0.8705239923053687,5.4029170536926605,-4.118722538992184,293.80238372251614,-35.49876662421356,50.58389645520414
18.47,0.767058573955494,5.2242494893280735,-4.083613093427752,297.4058396509554,-43.25187292075662,63.96662164493692
18.48,0.5933866196883166,4.998842924590686,-3.9798035164576757,300.66112889849546,-50.45180002403557,76.43930788949893
18.49,0.3686764106448791,4.741173790266894,-3.8250174260203096,301.34203594897934,-53.373434899607965,86.97090662534332
18.5,0.10840113480467095,4.46282970632732,-3.633620975122634,300.0412924571783,-52.9738517434117,95.85180400707819
18.51,-0.1750368441168114,4.17300549039972,-3.41718528654281,297.24367188599973,-50.03770451845813,103.33011914298335
18.52,-0.4717800491642461,3.878920301792655,-3.1849607392466504,293.34371762234736,-45.20537772875215,109.61773357292662
18.53,-0.774073455385497,3.586167887049861,-2.944276355547299,288.6607259107643,-38.996793565871755,114.89547379939995
18.54,-1.0758928999082438,3.299010133777255,-2.700875603097057,283.4513928986029,-31.8315214791997,119.31756439780298
18.55,-1.3726335386849056,3.0206226330876467,-2.459198267578949,277.9204756565011,-24.045742577228918,123.01545308411464
18.56,-1.6608491443313356,2.7532996617301704,-2.2226166315169764,272.2297660702591,-15.906540940138335,126.1010951707577
18.57,-1.9380344026492065,2.498624892070069,-1.9936329784145759,266.5056328078198,-7.623925047051195,128.6697727969257
18.58,-2.2024435316324324,2.257613195110459,-1.7740444005953226,260.8453491255175,0.6390765124538218,130.80251392013363
18.59,-2.452939543953458,2.0308280959521565,-1.565079998818155,255.32239221054357,8.757951448442759,132.5681670782126
18.6,-2.6888693261374703,1.818478752909829,-1.3675148006009774,249.99087230360195,16.63962201742737,134.02518018239476
18.61,-2.909960435526207,1.6204997441288307,-1.1817640738315605,244.88922635448097,24.21653189028391,135.2231249155593
18.62,-3.0643676218468614,1.389919975778866,-0.9318164068701075,240.04329087227146,31.441720138404015,136.2040025407078
18.63,-3.165307317282255,1.1379830597643794,-0.6366233898703996,235.46885145820056,38.28472795120841,137.00336194838854
18.64,-3.223733782267443,0.8736310918819697,-0.3114017926382733,231.17375183714313,44.72820687114914,137.65125648007555
18.65,-3.248698141673799,0.6039043494113441,0.031728848877546456,224.7315075673157,51.01011729624206,139.28923416089722
18.66,-3.247653008380637,0.334277025497719,0.3832096861493842,216.74601574248976,57.07017199207503,141.6596508515123
18.67,-3.2267106874471128,0.06893874585294799,0.7355917539645509,207.70374831813098,62.865680040570986,144.5538033982096
18.68,-3.190861805991022,-0.18896982365403214,1.0831578566048419,197.9936725038855,68.36808974894178,147.80372007617768
18.69,-3.1441602279075926,-0.4371601999382196,1.421606015554364,187.92402582573058,73.56012088896095,151.27523871905672
18.7,-3.0898792661264114,-0.6740321099067659,1.7477849963820549,177.7364209342412,78.43339295102312,154.86217888752572
18.71,-3.0306434787294694,-0.8985371955091409,2.059473841134786,167.61768561209712,82.98647021805473,158.4814427213922
18.72,-2.9685397121485373,-1.110066039243629,2.355198537255865,157.70978379339152,87.2232565128437,162.06890336417447
18.73,-2.9052105203576906,-1.3083548096146647,2.6340799837039426,148.1181123416733,91.15168274615333,165.57596061623943
18.74,-2.8419326310122344,-1.4934083867797596,2.8957082945203787,138.9184246311129,94.78263914749735,168.9666612527229
18.75,-2.7796827371225534,-1.665437307003352,3.1400392310123313,130.162594592854,98.12911151497174,172.2152966579568
18.76,-2.719192556845727,-1.8248062723776124,3.367309194404415,121.88340292929864,101.20548716327288,175.3044034423084
18.77,-2.6609948163705672,-1.9719923197363802,3.57796575708891,114.09849989111879,104.0270016414523,178.22310383279154
18.78,-2.5539410179384827,-2.0764340541245563,3.764903160439712,106.81367569171361,106.60930187253572,180.9657321343678
18.79,-2.411154515733629,-2.146517771794807,3.9307596854982996,100.025549731361,108.96810525457559,183.53070167566267
18.8,-2.2432412012997003,-2.189201074826799,4.0778846549103696,93.33931970341351,109.99948438684713,184.9368393451593
18.81,-2.058713816790916,-2.210239008791499,4.208369449383511,86.83557609290038,109.99843902894804,185.43377546172454
18.82,-1.8643495252640194,-2.2143759893458554,4.324075285005393,80.57316963964969,109.20696000447924,185.22683951250536
18.83,-1.6654907938564891,-2.2055085371242558,4.426658076575187,74.59338704826011,107.82267206380033,184.48423488712652
18.84,-1.4662981745935912,-2.1868231199995267,4.517590681424323,68.9234224540984,106.00614429572114,183.3431121288345
18.85,-1.26996230711741,-2.1609127831384134,4.598182790114688,63.57925546084805,103.88706615616488,181.91470396812912
18.86,-1.0788813881572492,-2.129875716117586,4.669598704735206,58.568029865065,101.56945848437704,180.28866179871207
18.87,-0.8948094285134192,-2.095398450490428,4.732873222105053,53.89001292665196,99.13606425934609,178.53671300027224
18.88,-0.7189798277155897,-2.058825990080722,4.78892581787095,49.54020288120055,96.65204273925447,176.7157411389625
18.89,-0.5522081204216953,-2.0212208408595296,4.838573308099983,45.50964202013304,94.16807253263347,174.87037618047594
18.9,-0.3949771707682185,-1.983412619723624,4.882541147367523,41.78648382931366,91.72295364736688,173.03516908443976
18.91,-0.24750759727152183,-1.9460396751082647,4.921473506379116,38.35685515463454,89.34578528759454,171.23641421271765
18.92,-0.10981578948074597,-1.9095839413385636,4.955942257710193,35.20554796379217,87.05778480452518,169.4936736201067
18.93,0.018238481944703483,-1.874400067962721,4.986454985171328,32.31656983386923,84.8738034846045,167.8210492816998
18.94,0.1169876665994272,-1.727350413847424,4.948817339240456,29.673577674492776,82.80358654459326,166.22824245570544
18.95,0.191757188185084,-1.4969511721990338,4.859590151899001,27.260215276306226,80.8528175976379,164.7214335193081
18.96,0.24699900645871053,-1.2063373907463752,4.732258896717277,25.23318446712737,79.5369504414121,161.66666676301475
18.97,0.2864267734735385,-0.8741626925912713,4.577743765457563,23.53361113717594,78.72774039302968,157.4744755314305
18.98,0.3131308486337421,-0.5153581472445312,4.40483027800157,22.1113032730385,78.3190835998458,152.47694667394524
18.99,0.3296760960433707,-0.14177144616273757,4.2205323223243,20.923500341542045,78.22348565506678,146.94091758502765
19.0,0.33818497146569004,0.2372955506993035,4.030397788722573,19.93379966990348,78.36906710898495,141.0790997109341
19.01,0.3404080484067518,0.6146354771921271,3.838765477234961,19.111235113962962,78.69702682981315,135.05944070247287
19.02,0.33778382530839673,0.9847571790820681,3.6489806844204615,18.429486717790333,79.15949554060641,129.01299174751858
19.03,0.33148939160327495,1.3435692761683968,3.463575785477791,17.866203012630187,79.71772162323553,123.04050750470175
19.04,0.3224833034289899,1.6881160180599861,3.2844211943267183,17.402420144419604,80.3405396611354,117.21797256090915
19.05,0.3115418249294749,2.016357304538547,3.1128512855653234,17.02206421181432,81.00307938294723,111.60121965767871
19.06,0.2992895238137607,2.3269859566152804,2.949769179082922,16.7115250882288,81.68567883585087,106.2297803933667
19.07,0.28622506633745204,2.6192763627894156,2.7957337041341632,16.459291632855063,82.37297090392003,101.13008812235645
19.08,0.2727429337956305,2.8929595118479035,2.651031360749423,16.255639602446184,83.05311681691175,96.3181348348274
19.09,0.2591516771027417,3.148120180473185,2.515735670333772,16.092364788501165,83.7171641750318,91.8016684766438
19.1,0.22606775124251835,3.411749283319522,2.356984225010324,15.962554949879179,84.35851033710757,87.58200408558692
19.11,0.1785766868926205,3.6777428263843817,2.182754958668773,15.860395011717358,84.97245486217955,83.6555109567217
19.12,0.12079720501703278,3.941390494881159,1.9993978178968228,15.55240701200413,83.76153026634121,79.11631290561049
19.13,0.056043457877644795,4.199122608341486,1.811917103588661,15.091644215161127,81.17236094661591,74.17893761795331
19.14,-0.013038183805287332,4.448298560704213,1.6242086644529017,14.52111263296631,77.56842878078535,69.01385437243525
19.15,-0.08435396909682463,4.6870303279709224,1.4392588178575094,13.875453880458304,73.24388025099657,63.75513664739119
19.16,-0.15626596144352,4.9140355821599515,1.2593108600288885,13.1823643061872,68.43518088833021,58.50689748841385
19.17,-0.22751079993640366,5.128515767677177,1.0860041601283994,12.463790033601711,63.33093947178361,53.34868471844035
19.18,-0.2971316481585114,5.3300551945938475,0.9204900905150811,11.73693176187842,58.0801774423685,48.33999547707876
19.19,-0.3644213030760859,5.518537799661394,0.7635284108030862,11.015088213810925,52.79927872543555,43.524045956706935
19.2,-0.42887473726179,5.694078734796525,0.6155671808547918,10.308362868980954,47.57782064957383,38.93091199647372
19.21,-0.49014960504050425,5.856968376778164,0.47680881447477275,9.62425498201768,42.48345709696761,34.58013891760026
19.22,-0.5480334631048245,6.007626721783199,0.34726448998890236,8.968152771967397,37.56599971923835,30.48290421787526
19.23,-0.6024166440743067,6.1465664433998155,0.22679879639833125,8.343744005335658,32.86082140317629,26.643804131869004
19.24,-0.6532698819404056,6.274363160834415,0.11516620604932631,7.753356918299864,28.391687654891644,23.062324298335014
19.25,-0.7006259252763186,6.391631691982243,0.012040719593848684,7.198242477939648,24.17310574362853,19.73404559299907
19.26,-0.7435321939979347,6.464621415955077,-0.08885674221728027,6.6788073208210506,20.212267924948513,16.651628356210626
19.27,-0.7823611935817043,6.502569713747479,-0.1864718498192809,6.194805289264296,16.510653518069304,13.805611575603683
19.28,-0.8174618308633137,6.513096477467483,-0.28004866892363633,5.825338026208901,13.005188510957577,11.045604797082685
19.29,-0.8491594932998066,6.502464148480182,-0.36907153559847666,5.5493343712726,9.704673278778948,8.394574532323128
19.3,-0.877756477144937,6.475798019279276,-0.45321680015267507,5.34920134841086,6.612643268536264,5.868401758799044
19.31,-0.9035326760709753,6.4372726700585945,-0.5323128808245977,5.210283856713421,3.728547725248331,3.477294451588431
19.32,-0.9267464584351144,6.390269564091844,-0.6063073038261542,5.120405091871422,1.0487160010865022,1.2269576936992372
19.33,-0.9476356752696098,6.337510099147116,-0.6752396073144371,5.069475957978776,-1.4328538658668746,-0.8804401005237275
19.34,-0.9664187526074326,6.281167788499635,-0.7392191583083656,5.049163402998801,-3.7238549692238836,-2.8454721601550017
19.35,-0.9832958313097121,6.22296271021485,-0.7984070776895239,5.052609049920401,-5.833154970712471,-4.6708018283077735
19.36,-0.9984499254519307,6.164240904805955,-0.8530015928768244,5.074190731939744,-7.770382253559788,-6.360651076919931
19.37,-1.0120480768193802,6.106041008402176,-0.9032262436784011,5.109320602049245,-9.545597184902894,-7.920369234811739
19.38,-1.0242424883847812,6.0491500719617495,-0.9493204568908832,5.154274399444813,-11.169033676323352,-9.356085180153721
19.39,-1.035171623983529,5.994150228875146,-0.9915320817427697,5.206047238084469,-12.650898604499588,-10.674428869866274
19.4,-1.0449612649265776,5.941457626685791,-1.0301115432427645,5.262231954572886,-14.001218665064211,-11.882310306210787
19.41,-1.0537255171341215,5.891354827717601,-1.0653073255905299,5.320916628844129,-15.229725935417374,-12.986745932377511
