time,ax_filtered,ay_filtered,az_filtered,wx_filtered,wy_filtered,wz_filtered
0.0,-1.323515,-3.867115,7.592493,8.295,-4.97,-9.590001
0.01,-1.323515,-3.867115,7.592493,8.295,-4.97,-9.590001
0.02,-1.323515,-3.867115,7.592493,8.295,-4.97,-9.590001
0.03,-1.323515,-3.867115,7.592493,8.295,-4.97,-9.590001
0.04,-1.323515,-3.867115,7.592493,8.295,-4.97,-9.590001
0.05,-1.323515,-3.867115,7.592493,8.295,-4.97,-9.590001
0.06,-1.323515,-3.867115,7.592493,8.295,-4.97,-9.590001
0.07,-1.323515,-3.867115,7.592493,8.295,-4.97,-9.590001
0.08,-1.323515,-3.867115,7.592493,8.295,-4.97,-9.590001
0.09,-1.323515,-3.867115,7.592493,8.295,-4.97,-9.590001
0.1,-1.323515,-3.867115,7.592493,8.295,-4.97,-9.590001
0.11,-1.323515,-3.867115,7.592493,8.295,-4.97,-9.590001
0.12,-1.323515,-3.867115,7.592493,8.295,-4.97,-9.590001
0.13,-1.323515,-3.867115,7.592493,8.295,-4.97,-9.590001
0.14,-1.323515,-3.867115,7.592493,8.295,-4.97,-9.590001
0.15,-1.3033977187499999,-3.8624522812500004,7.604320359375,8.295,-4.97,-9.590001
0.16,-1.2681924765625,-3.8542925234375005,7.62501823828125,8.295,-4.97,-9.590001
0.17,-1.2219855961914061,-3.843582841308594,7.652184204345703,8.295,-4.97,-9.590001
0.18,-1.1680775690917968,-3.8310882121582033,7.683877831420898,8.295,-4.97,-9.590001
0.19,-1.1091156644515991,-3.8174222115249634,7.718542736034393,8.295,-4.97,-9.590001
0.2,-1.0472056645793915,-3.803072910860062,7.754940885878562,8.295,-4.97,-9.590001
0.21,-0.9840058730431794,-3.788424666431308,7.792097330511152,8.295,-4.97,-9.590001
0.22,-0.9208060815069674,-3.773776422002554,7.829253775143742,8.295,-4.97,-9.590001
0.23,-0.8585937867135088,-3.759357056392999,7.865829650328948,8.295,-4.97,-9.590001
0.24,-0.7981096112198685,-3.7453382287170434,7.901389528981231,8.295,-4.97,-9.590001
0.25,-0.7398935923072396,-3.7318451070789362,7.935615912184053,8.295,-4.97,-9.590001
0.26,-0.6843237560724574,-3.7189653091516517,7.968286550695838,8.295,-4.97,-9.590001
0.27,-0.6316481821415703,-3.70675633403308,7.999255593451801,8.295,-4.97,-9.590001
0.28,-0.5820115836297727,-3.6952517228636563,8.028437960664151,8.295,-4.97,-9.590001
0.29,-0.5354772725249625,-3.684466149892322,8.05579642992573,8.295,-4.97,-9.590001
0.3,-0.4920452488271396,-3.6743996151190768,8.081331001236537,8.295,-4.97,-9.590001
0.31,-0.47097747679557,-3.6907593991970753,7.955856329252052,8.295,-4.97,-9.590001
0.32,-0.4673615188839687,-3.7270962120193385,7.7167257471193675,8.295,-4.97,-9.590001
0.33,-0.477163605500337,-3.7781601747735816,7.3943137741252905,8.295,-4.97,-9.590001
0.34,-0.49708572485505115,-3.839701737276462,7.013177173330992,8.295,-4.97,-9.590001
0.35,-0.524444711160144,-3.9083036251727847,6.593034788764561,8.295,-4.97,-9.590001
0.36,-0.5570700645631035,-3.981239170200082,6.149593325756441,8.295,-4.97,-9.590001
0.37,-0.5932177091284458,-4.05635305357723,5.695242278675905,8.295,-4.97,-9.590001
0.38,-0.6314973009186541,-4.131961072825716,5.239637816400558,8.295,-4.97,-9.590001
0.39,-0.6708110461811784,-4.206766039549935,4.790192527839737,8.295,-4.97,-9.590001
0.4,-0.7103022879262175,-4.279787341580198,4.352485439287863,8.295,-4.97,-9.590001
0.41,-0.749312374763416,-4.350302067484927,3.930604583376461,7.483437484375,-4.13765625,-9.983204125
0.42,-0.7873445447674676,-4.4177959034512835,3.527432575204037,6.06320308203125,-2.6810546875000005,-10.67130959375
0.43,-0.824033744539828,-4.481922279371599,3.1448840912094616,4.199145428955077,-0.7692651367187504,-11.574448021484375
0.44,-0.8591214639821066,-4.542468469070409,2.784102812975967,2.02441150036621,1.4611560058593747,-12.628109520507813
0.45,-0.8924348044303808,-4.599327544479335,2.4456242591256983,-0.3542037340278634,3.900679130554199,-13.780551785064697
0.46,-0.9238691150168661,-4.6524752499568045,2.1295099560352475,-2.851749730141641,6.462178411483764,-14.990616162849426
0.47,-0.9511048822625052,-4.773881442432417,1.7183310684185702,-5.401327934507789,9.07704226076603,-16.225890215171336
0.48,-0.9747005808995961,-4.945651067258551,1.2407930283930115,-7.950906138873936,11.691906110048295,-17.461164267493245
0.49,-0.9951406692170626,-5.153296294590146,0.7199102941798023,-10.460647183796864,14.265912711685525,-18.677137162747627
0.5,-1.0128453670036062,-5.385164323412927,0.17398057120125449,-12.900673199694154,16.768419129943943,-19.859333033133833
0.51,-1.0281791455119973,-5.631954996677042,-0.38259560062921566,-15.249198239995296,19.17708155751767,-20.997196558380555
0.52,-1.0414580986588593,-5.886314715321801,-0.9386264571770879,-17.49097214210093,21.47625932929259,-22.083339014297877
0.53,-1.052956342495381,-6.142495113732291,-1.4855518245781605,-19.61598698680523,23.655688258787563,-23.112911550636174
0.54,-1.0629115707062273,-6.396066651363256,-2.016960092985573,-21.618404821238126,25.7093809038886,-24.08308567141649
0.55,-1.071529877137872,-6.6436787246844125,-2.5281848282820985,-23.495671541018968,27.634717758670824,-24.99262390964804
0.56,-1.0789899417943207,-6.882859144497729,-3.015968659551593,-25.247787146147754,29.43169882313423,-25.841526265330817
0.57,-1.085446664081378,-7.111846885534523,-3.4781839263118064,-26.876707122790922,31.10232965650255,-26.63074017412965
0.58,-1.0910343160811347,-7.329452923429341,-3.9136011473264727,-32.562337790489735,35.179963737417324,-28.05536116408298
0.59,-1.0958692790796805,-7.5349447505139775,-4.32169772048885,-41.26504960184524,41.03674664722055,-29.944205997577207
0.6,-1.1000524182648221,-7.727950825148872,-4.702500413683658,-52.14173429176047,48.16417814617583,-32.15895901075908
0.61,-1.1036711432930586,-7.9083817756482615,-5.056456187947125,-64.51291876854306,56.15308385402947,-34.58862995818333
0.62,-1.106801196153848,-8.076365663129852,-5.384326730930918,-77.83502988719624,64.67672910138569,-37.14488384045842
0.63,-1.015785780435486,-8.623371379121542,-5.70712243210709,-91.67703622980264,73.47660235168365,-39.75811131531812
0.64,-0.8541123562068105,-9.452018718253905,-6.020989024693423,-105.70080600414501,82.35046464719798,-42.37412751770573
0.65,-0.6408675414659994,-10.483350310429403,-6.323115103006499,-119.64461700318611,91.14232070708866,-44.95140358644459
0.66,-0.3914703310946598,-11.65374747771331,-6.611531630105471,-133.30933751802718,99.7340179918942,-47.458749301784586
0.67,-0.1182907742307488,-12.91232927020078,-6.8849452738202235,-146.5468681228582,108.0382234444501,-49.873377313501386
0.68,0.16882871109053854,-14.218762075852112,-7.142600246760891,-159.25049503713728,115.99256475274368,-52.179289770698595
0.69,0.46213471217885954,-15.541417800868725,-7.384164128437949,-171.34685776780196,123.55475474264433,-54.365936999323054
0.7,0.7555943581343105,-16.855827702820996,-7.6096338327151045,-182.78927819022016,130.6985446608082,-56.42710542437423
0.71,1.0445863314731043,-18.143386741771625,-7.819258468291128,-193.55223621378693,137.4103753065773,-58.359998383798185
0.72,1.3256422433813508,-19.390269978753018,-8.013476338211973,-203.6268096191148,143.686614780579,-60.164478987360305
0.73,1.5962306096332686,-20.58652825427388,-8.192863748960557,-213.01692334164528,149.53128852191497,-61.84244887153505
0.74,1.8545768180193734,-21.72533525812151,-8.358093661112433,-223.37198060824448,152.91547172197042,-71.3565593942386
0.75,2.099513464783432,-22.802362272659206,-8.50990252102383,-234.3040250059807,154.3629639888571,-86.72155711639853
0.76,2.3303562808249234,-23.81526043577933,-8.649063874377497,-245.507011982279,154.30506019336633,-106.32606226123349
0.77,2.546801588718801,-24.763233413234122,-8.77636758437675,-256.74239269878433,153.09549228442233,-128.87011988366598
0.78,2.74884184650132,-25.64668596764116,-8.892603665714041,-267.8270220489402,151.02308103719298,-153.3125214714086
0.79,3.098613718139477,-26.08516965823966,-8.781011248836123,-278.6230350506386,148.3224367848269,-178.82643013278326
0.8,3.556027421141512,-26.17612275481914,-8.496731269525903,-289.02938845739766,145.18299920434615,-204.76205657457348
0.81,4.088707312172109,-25.999576598218756,-8.084679249905173,-298.9748094648008,141.75666419422268,-230.61531652884142
0.82,4.67068975511472,-25.620984859599417,-7.581240074728284,-308.4119319007063,138.16420982406217,-256.00155745431465
0.83,5.28132598869399,-25.093617468162748,-7.0156988456908485,-317.3124332047479,134.50070241840706,-280.6335769214064
0.84,5.904359089579774,-24.460583833029006,-6.411447313370142,-325.66301362183054,130.84003733566476,-304.3032702802516
0.85,6.52714864979577,-23.756540630613657,-5.786999635290694,-333.46208304081836,127.23874629832042,-326.8663437537385
0.86,7.140020662308081,-23.009131403286066,-5.156846278084698,-340.7170413922181,123.73918368694241,-348.22961335447474
0.87,7.735723427164256,-22.240198332312033,-4.5321706565037845,-347.44205598325516,120.37218756749765,-368.3404820276248
0.88,8.308973131082823,-21.46680064778016,-3.921449482848026,-353.6562540297795,117.1592969828056,-387.1782489175736
0.89,8.856075183597307,-20.702069082313884,-3.3309547017233356,-359.3822613149344,114.11459486354441,-404.74695714710367
0.9,9.374609470935,-19.95592144496761,-2.765172233335317,-355.0566691064603,118.19482943061718,-415.22289063303907
0.91,9.863169464819563,-19.235660684421752,-2.2271504804548763,-343.1029084139338,127.66633998305389,-420.1047319951921
0.92,10.321146640374625,-18.546473638309738,-1.7187896152736812,-325.4956087366255,141.11755385940302,-420.6273178037906
0.93,10.748552952278118,-17.891845952406637,-1.2410810057556776,-303.8349323315516,157.40555287630465,-417.80418317593967
0.94,11.145875223074883,-17.273906334255724,-0.7943047265035235,-279.40933743811144,175.6109655318027,-412.4635928174922
0.95,11.269426067543112,-16.884047558886184,-0.5833127357244755,-253.2485017472258,194.99993843160897,-405.2790221396576
0.96,11.181440181783739,-16.674904722136283,-0.556139840663572,-226.16788537846605,214.99212194190426,-396.7949129466333
0.97,10.932871266408846,-16.60739038271626,-0.6701280172471995,-198.80619655897084,235.13376070850683,-387.44840878405796
0.98,10.565239858287304,-16.649365273117866,-0.8904115740495517,-171.6568380321859,255.07511304999153,-377.5876726004603
0.99,10.112195469908512,-16.774511997439127,-1.1886356007568284,-145.09425361273827,274.5515374669096,-367.4873015286361
1.0,9.600835587088678,-16.961381739537607,-1.5418730493177617,-119.39595850077465,293.3676823100671,-357.3612782935108
1.01,9.052817902006481,-17.19258832740148,-1.9317108138516363,-94.7609207509779,311.3842983413897,-347.3738342339069
1.02,8.485296863396574,-17.454127709869113,-2.3434794802314522,-71.32486188393074,328.5072655006619,-337.64854366899283
1.03,7.911711085970293,-17.734804085354188,-2.7656051079248822,-49.172959643786335,344.6784863804068,-328.2759220385275
1.04,7.3424442706600095,-18.02574665275129,-3.189064571191338,-28.350363293616613,359.86835118864263,-319.3197597739755
1.05,6.785378954709011,-18.32000329571546,-3.606928698204854,-8.870869833430161,374.0695236170007,-310.82238924683446
1.06,6.2463595572667,-18.612199517739345,-4.013979768915126,12.540240203797437,385.37503815407166,-290.94459946438536
1.07,5.729578744267639,-18.898252664011704,-4.4063919204133795,35.095695588490486,394.28691595348425,-262.66426665494174
1.08,5.23789904768605,-19.1751329375013,-4.781464709522771,58.17486138945094,401.2269175350113,-228.392617040603
1.09,4.773119888620677,-19.44066397599331,-5.137401536973355,81.29438101222611,406.54876386250845,-190.06936002274048
1.1,4.3361986279515525,-19.69335683396386,-5.4731258808500005,104.08355403572232,410.54855622477174,-149.24289197745918
1.11,3.927432965440011,-19.932272134066878,-5.788129349117276,126.26372461565344,413.4736542642425,-107.13781655251786
1.12,3.857180833744612,-19.73534461173846,-6.005795936554451,147.63106253441862,415.5302348059585,-64.71169915603909
1.13,4.047200813638063,-19.207801921022345,-6.145537934177375,168.04221079199795,416.88972256749173,-22.702692084421912
1.14,4.433522566780891,-18.43537484655185,-6.223435449010903,187.4023521487071,417.69425667292353,18.33057415922908
1.15,4.964101587674917,-17.487527338808004,-6.252766133039529,205.65531413823905,418.0613335400053,57.97564404641142
1.16,5.596837281989485,-16.420183679147748,-6.244454545295203,222.77538939368947,418.08774663292724,95.93842188118522
1.17,6.2979001841679905,-15.278028022858678,-6.207452961783215,238.76059706749226,417.8529263191811,132.0200264596654
1.18,7.040321997020784,-14.096440613780192,-6.149063750003986,253.62715287919298,417.421768245857,166.097582692257
1.19,7.802808885032754,-12.903125572239162,-6.075211966766702,267.4049509244139,416.8470259202517,198.10832759389342
1.2,8.568744238588282,-11.719477109618074,-5.990675586369926,280.13389071021726,416.17133225033126,228.03650218117926
1.21,9.325352083676291,-10.561724128711022,-5.8992796922166155,291.8609087070008,415.428905421012,255.90258114361404
1.22,10.062996557514357,-9.44188726631795,-5.804060043689602,296.2555645372413,410.32940827948613,278.0789138938592
1.23,10.774596505335463,-8.368577383137037,-5.707400640228458,294.96771408637477,401.9737088230134,295.5525295011741
1.24,11.455137363740132,-7.347660185340134,-5.611149227574949,289.3493174273305,391.25553727316685,309.15260205206874
1.25,12.101265155897766,-6.38280796850594,-5.516714111206248,280.5031337754477,378.8960694572974,319.5744920667839
1.26,12.710949697457552,-5.475956318609355,-5.425145145373864,269.3238973267335,365.4731008723771,327.4002440457566
1.27,12.99114106994149,-4.5355681754290105,-5.185938934886978,256.53309289995656,351.44562339529153,333.1160504664427
1.28,13.014686244656668,-3.5841972193154814,-4.837435556000347,242.70828805914363,337.1744981332215,337.1271203437423
1.29,12.841368780850216,-2.639282718239256,-4.410696897852765,228.3078392269721,322.9398163679926,339.77032833817884
1.3,12.520036444797617,-1.7140757296302827,-3.930727145554573,213.69166997691931,308.9554535576143,341.3249669536353
1.31,12.090401039932383,-0.8184136644510644,-3.417501864176979,199.1387174264583,295.3812468659557,342.02187840994355
1.32,11.584559151208493,0.04063334895882231,-2.8868344633694933,184.86155504522318,282.33316293224897,342.0512032685242
1.33,11.028275452791634,0.8582243537732852,-2.351104618011114,171.01862517450843,269.8917680465634,341.5689489373043
1.34,10.442064176616357,1.6313007425566508,-1.8198696173771813,157.72445034889074,258.1092662583578,340.70255201281867
1.35,9.84209914991003,2.3582163098664672,-1.300376529120308,145.05813758632578,247.0153310883511,339.5555833673091
1.36,9.240978361495655,3.038431942496382,-0.7979904220311345,133.07044285270067,236.62192247243422,338.21172338297663
1.37,8.648365205342529,3.6722645683771544,-0.3165516303217496,121.78962277769547,226.92725150911608,336.73811627961305
1.38,8.071525285704315,4.260681569936228,0.14132689192952558,110.38571952061812,218.70981195112066,329.87257150860637
1.39,7.515774874017177,4.80513321847464,0.5740127309667593,99.06576669065863,211.75177518091917,318.9860985978574
1.4,6.9848547170376944,5.307416836598196,0.9806497056832858,87.98696266942935,205.8666879946568,305.19120371934866
1.41,6.481240851271564,5.769567374902197,1.360989315924325,77.26589451771585,200.89503232088316,289.3850935042506
1.42,6.0064023313682515,6.19376992180835,1.715252200078803,66.98623458097089,196.70040476876142,272.28611701918726
1.43,5.361629287514649,6.4644444198801185,2.066593045758344,57.20514749532286,193.1662304277813,254.46446130376083
1.44,4.596824702571819,6.61334471653069,2.4102070050167685,47.95860973450917,190.1929370506593,236.3679676731412
1.45,3.7520710406222793,6.6666850730829905,2.742536098745613,39.265813453034475,187.69552587050873,218.3438089766802
1.46,2.85930564255744,6.646028907426425,3.0610325752138587,31.132800433576755,185.60148404710424,200.65665919381664
1.47,1.9437307183740873,6.569041907042078,3.3639619466471435,23.555449802529797,183.8489912909492,183.50389357578334
1.48,1.0249981089466127,6.450129533200281,3.65023948185939,16.52192429121994,182.3853797387219,167.02827779672998
1.49,0.1182030937764118,6.3009760511463995,3.9192948684772135,10.014663723323022,181.16581178875535,151.32853635969335
1.5,-0.7652835286785297,6.130999743774734,4.1709605571615285,4.012000699100021,180.15214547098793,136.46813217571696
1.51,-1.617120184484992,5.947736840571823,4.405379981979808,-1.5105382209941514,179.31196112658805,122.48253939148947
1.52,-2.431414886829237,5.757164870298159,4.622932432512869,-6.579192453238218,178.61772679842895,109.38524897244827
1.53,-3.2042431763298422,5.563974582583977,4.82417184881923,-11.221143498968235,178.0460828628317,97.17271021455035
1.54,-3.933248301473589,5.371798243824931,5.009777232415987,-17.068947604308903,177.1441042111583,84.77892724030741
1.55,-4.617310611326246,5.183400965027772,5.180512725600755,-23.748611019268022,176.0033064589215,72.44003202189785
1.56,-5.256275104630214,5.000840736495139,5.33719571685783,-30.960796977295033,174.69748779769452,60.33595547933587
1.57,-5.850727761931218,4.825602003142105,5.480671589588126,-38.46800510176423,173.28572841960366,48.600788181447236
1.58,-6.4018127220221235,4.658706894744593,5.611793951684944,-46.08378944547089,171.81491692044654,37.33142901304114
1.59,-6.814711273935127,4.398929250897363,5.616533964045242,-53.663705826660824,170.32187507077236,26.59478793077645
1.6,-7.115359317213285,4.0720974415315565,5.524438427195388,-61.09772460559279,168.8351418878848,16.43376915012417
1.61,-7.325367939141667,3.6990340337119303,5.359642165744791,-68.30388398937518,167.3764689839883,6.8722271125915775
1.62,-7.462699369381495,3.29640367407328,5.141759353606917,-75.22299228337458,165.9620714953177,-2.080941449153558
1.63,-7.542241521137278,2.877427216317544,4.886636570038748,-81.81421601966515,164.60367233218994,-10.428430809721654
1.64,-7.576295910432529,2.4524822843433465,4.6069882268375135,-88.05141527058035,163.30937187397979,-18.1817675106297
1.65,-7.574991631761198,2.029607503857737,4.312932007404732,-93.92010828658448,162.0843704313817,-25.359060195533836
1.66,-7.54663625228219,1.6149251015506647,4.01243938616081,-99.41496538810975,160.93156669515218,-31.98317398248335
1.67,-7.498012926551667,1.2129944013225835,3.7117140919871687,-104.53774722540084,159.8520518862397,-38.08025839776527
1.68,-7.434631693936865,0.8271068901897934,3.4155094903231755,-109.29561547230493,158.8455163311936,-43.67856900637541
1.69,-7.360941770623393,0.4595319380695356,3.1273942407628814,-114.36420824771112,159.6277701041865,-51.20393855036793
1.7,-7.280510661045526,0.11172089757012665,2.849974202181361,-119.59150272813599,161.7673429912563,-60.087128692637705
1.71,-7.1961750668211355,-0.21552385058676654,2.5850773726083007,-124.85862672520916,164.91268249868074,-69.87110038449055
1.72,-7.1101678451990065,-0.5219093319789696,2.3339076378944217,-130.0739463835119,168.7789161450107,-80.1918583925577
1.73,-7.024224646688329,-0.8075371641077037,2.097172237287008,-135.16811397528258,173.13667446571628,-90.76233158010041
1.74,-6.939673328349086,-1.072809486142083,1.8751871143643468,-140.0899281474932,177.80266639147968,-101.35882930837371
1.75,-6.643073532615149,-1.4809585219786845,1.7878005809647415,-144.80288088641237,182.6317435472754,-111.80968179863963
1.76,-6.188758493184242,-1.9921202131351654,1.8048315072530947,-149.2822842039222,187.5102285017553,-121.98573008339574
1.77,-5.62079139278895,-2.5741640670966093,1.9015409428917855,-153.51288556882935,192.35031497468907,-131.79238064385908
1.78,-4.974683919161477,-3.201382641737455,2.0577431523199743,-157.48689479244842,197.08537625904947,-141.1629821566535
1.79,-4.278845651553545,-3.8533878216697053,2.2570538571584313,-161.2023567637748,201.66604230084025,-150.05331796868904
1.8,-3.5558047177356977,-4.514182665341744,2.4862552740322745,-164.66181440176254,206.0569265781357,-158.43703885651797
1.81,-2.8232342571917886,-5.171382175882185,2.7347604951695565,-167.87121469644438,210.23390162515662,-166.3018870541289
1.82,-2.094814166194236,-5.81556026714155,2.994162297365764,-170.83901795805323,214.18183718263896,-173.64658509520402
1.83,-1.3809532658024501,-6.4397035515879155,3.2578536412758945,-173.57547656525293,217.89272788785766,-180.47828226578957
1.84,-0.6893933222868257,-7.038755448248603,3.520708988312153,-176.0920547556831,221.36414846079293,-186.81046787661617
1.85,-0.02571317299694409,-7.609236565250558,3.778817160444411,-178.40096546779867,224.59798376724663,-192.66127454933317
1.86,0.6062515065061987,-8.14892941162314,4.029257836601227,-178.6313664588278,222.614623521137,-202.49437243079876
1.87,1.222079596961633,-8.487606631320535,4.440752903711895,-177.26680842916528,216.66783793394154,-215.22276986456467
1.88,1.8159307975140493,-8.667089430286971,4.969125628473002,-174.7024311184992,207.77947334477722,-229.96899980815783
1.89,2.298165032350836,-8.780127566522415,5.502762314173333,-171.25951056629395,196.7778430289361,-246.0297229242189
1.9,2.687407617892269,-8.840527786975763,6.032091146753691,-167.19775097841347,184.33014411479314,-262.8459060767622
1.91,2.7514866346678617,-8.834631271588862,6.439609063155001,-162.72565774740474,170.96979422560878,-279.9777354579788
1.92,2.5656110594699895,-8.77806845087719,6.747498029412958,-158.0092792776105,157.11945140067687,-297.0835466489418
1.93,2.1912683056549,-8.68359803422486,6.974297815619628,-153.1795633354616,143.11036934095281,-313.9021593631332
1.94,1.7306349424893646,-8.574130120940655,7.078371107940053,-148.3385377026373,129.1986444617742,-330.238094919887
1.95,1.211132727839355,-8.45489018544274,7.086855783186316,-143.56449411340247,115.57882937518784,-345.94923178490336
1.96,0.7517067083754516,-8.367424903804604,6.923312209809449,-138.91632808237264,102.39531733428284,-360.9365206380424
1.97,0.3679229949050342,-8.30582040842846,6.493916158164512,-134.43716465107835,89.75184218836678,-375.1354369687576
1.98,0.048049542483854735,-8.264978147774405,5.867686116152538,-130.15738076382056,77.71938708933156,-388.5088975193246
1.99,-0.23945449987742104,-8.229071899027169,5.031403519672236,-126.09711846320411,66.34275132461192,-401.04140816711293
2.0,-0.49768346199968805,-8.197505819532767,4.047366351747126,-122.26836897580708,55.64598717155139,-412.7342460667148
2.01,-0.7686486601558036,-8.164547402114666,2.989997983308415,-118.67669569677174,45.63688666105893,-423.60150892630503
2.02,-1.045131207804145,-8.13103795124589,1.8930067952333332,-108.50312237849826,45.27285883800909,-425.9947803668303
2.03,-1.3215179363504668,-8.097630200561268,0.7828198731878278,-93.44924392578109,52.29902772601767,-421.86275726087575
2.04,-1.6593071826382682,-8.146697200809584,0.060725856728177874,-74.89409870532918,64.8735320820552,-412.7993683788031
2.05,-1.772856915223643,-8.35213313536205,-0.5767625442601194,-53.94822025989992,81.49950415023933,-400.1020180256724
2.06,-1.7129490555589515,-8.67407909876375,-1.13951401463772,-31.499216039807198,100.96760037197032,-384.82081202053064
2.07,-1.4331334121350634,-8.919770959824994,-1.634837640166856,-8.25014683942672,122.30750889529607,-367.8001103756481
2.08,-0.9893229911990387,-9.103241838452742,-2.070797390334994,15.248205405230628,144.74708764135335,-349.71355584479045
2.09,-0.3678586846824098,-9.090059826176288,-2.46099483358349,38.57025322683968,167.6779829837823,-331.0935601126527
2.1,0.3799114981925468,-8.926521413243124,-2.8100586755458776,61.39291097733975,190.62674735558284,-312.3560858940996
2.11,1.2300869116719269,-8.531707465634247,-3.0724584971179265,83.47661917729543,213.23061825968665,-293.8214402440495
2.12,2.1453823389972033,-7.965992154720664,-3.2644061808665588,104.64951118699126,235.21724461970854,-275.7316890550416
2.13,3.096233785871287,-7.278269789259942,-3.3994147640355656,124.79423311336788,256.38775208879235,-258.26521255009743
2.14,4.0092250219800185,-6.39962221587189,-3.519754761086281,143.8370010396036,276.6026293527973,-241.5488444205293
2.15,4.761211343032328,-5.358332445373665,-3.6024014031862612,161.738542185634,295.7699947837886,-225.6679712678829
2.16,5.378178489728122,-4.208789895376998,-3.6548977166192738,178.486619997663,313.8358688827696,-210.67491259995234
2.17,5.782991235015087,-3.095479257170534,-3.6007068828942477,191.63168551003423,326.23050902288367,-187.48491607919377
2.18,6.01904806757831,-2.02730415515042,-3.465680433903302,201.81280308184915,334.0894444110509,-158.3814827105006
2.19,6.115325203953615,-1.0736699339920452,-3.22739247398987,209.56556804961608,338.3529349830688,-125.20531540149328
2.2,6.103079180179184,-0.22263160944903881,-2.913768169150057,215.33798860228737,339.79704607753456,-89.42933878363624
2.21,6.010237502911584,0.5586181798018417,-2.5800063393641057,219.50401389101557,339.06000552364844,-52.22188279834512
2.22,5.857140429645585,1.2742290937626433,-2.2360417456316726,222.375048660651,336.66453699764736,-14.499816922132467
2.23,5.660302460588093,1.9284038232988405,-1.8896401075297835,224.20974639583045,333.03676375121455,23.026839872501164
2.24,5.407717586456761,2.5128002127359474,-1.5735267891778717,225.22233143689235,328.5221911601767,59.817532576634704
2.25,5.0844297674115735,3.021632757574733,-1.294874767483785,225.58966480525393,323.39920301766057,95.46989820047703
2.26,4.712061378339296,3.464661225379823,-1.049257988882316,225.45723777782368,317.8904434082707,129.69366394059887
2.27,4.302320918294281,3.849436361271535,-0.82255045543928,224.9442508696689,312.1724018884524,162.28891155505778
2.28,3.870369661098969,4.18359917841876,-0.6138626180307167,224.14791322327434,306.3834733047094,193.12802423558009
2.29,3.415831063229137,4.47988423875931,-0.42381132660805554,223.14707794363983,300.6307238217701,222.14073497167405
2.3,2.951101198247091,4.7425396874769294,-0.2509981921343297,222.00531221480026,294.99556067355456,249.3017831138136
2.31,2.4807532985226017,4.97333500465953,-0.07685158617578447,220.77348670030125,289.5384739870527,274.62076070523585
2.32,2.013453276881624,5.1761312318046535,0.09559491817022335,219.49195643607072,284.30299407102706,298.13379400639917
2.33,1.555788349736475,5.3543219645906905,0.26404530558872585,214.6891136332056,274.0711735560851,315.8777760181274
2.34,1.113138915676338,5.512365651183271,0.439721534931193,207.26531033674317,260.17390196564384,328.92757841744856
2.35,0.6977317409166027,5.663930651055976,0.6087070302882195,197.95083108887752,243.68741426412407,338.17949638853116
2.36,0.3096726580393584,5.808167203285767,0.7699295340726895,187.33434180396665,225.47615934789604,344.3790978759455
2.37,-0.07356010319539674,5.93918695103536,0.8949357708127885,175.88688372951978,206.2289303909731,348.14490078231046
2.38,-0.4471097000283281,6.058040399296215,0.9902607056479771,163.98208170799768,186.489271761595,349.9884859796475
2.39,-0.8307457397905986,6.1385156425069285,1.0754107697304187,151.91313825858234,166.68102883032748,350.3315672248017
2.4,-1.2161098992993589,6.1883501468009605,1.1514402286415002,139.90710126983336,147.1297798387269,349.5204644871103
2.41,-1.598296835496701,6.183053749357314,1.2482173889227737,128.1368213679813,128.08078009767763,347.8383631178293
2.42,-1.9720795392181552,6.135630511480814,1.3593673649362052,116.7309536092511,109.71395556003554,345.51568625513244
2.43,-2.3335873977046098,6.056694899489731,1.4797848096193607,105.78230558132874,92.15640304590278,342.73886060626864
2.44,-2.6890766425191672,5.948527151254531,1.613108449929599,95.35478903524242,75.49278618280263,339.6577151937594
2.45,-3.0344033667909502,5.819668669773604,1.7542302143869752,85.48919372596941,59.7739578160103,336.3917178592795
2.46,-3.363181649955426,5.672060821924556,1.8930607963248574,76.207969290339,45.02408983493476,333.03522448039206
2.47,-3.6442511222226743,5.500536425572559,2.0019938700534725,67.51917293664792,31.246548836377947,329.66189027655025
2.48,-3.884401825642557,5.313380990465989,2.086334584782358,59.41971677621806,18.428719761914483,326.32837066303773
2.49,-4.07303222629774,5.091437344986491,2.1240634353594365,50.65662195376054,12.283214442998478,317.2619513860823
2.5,-4.219270045138462,4.846326845400837,2.125515564155021,41.522352137289,11.34223052003156,303.9479436055057
2.51,-4.343112702608101,4.569735746571181,2.0834450445742183,32.24662443190783,14.40066116463452,287.5899072484158
2.52,-4.447874023130042,4.2733640498645515,2.008709849198694,23.007526275726818,20.47335560871125,269.1568808305123
2.53,-4.536389299418246,3.966478640669405,1.9101334988455787,13.940833526842493,28.758959923571382,249.4232061850782
2.54,-4.619284521897993,3.6527248017439113,1.7864833321870126,5.147805742121018,38.609360790830365,229.00206140677585
2.55,-4.676836449704392,3.3292293031643316,1.6448949181486259,-3.2983062452770016,49.5038965049688,208.37365269515726
2.56,-4.714085668654536,3.0033299635773982,1.4917848524294137,-11.346840325546157,61.0276208407159,187.90887642071243
2.57,-4.722465060215513,2.675508360400255,1.3365256950439324,-18.96522047566557,72.85300952213609,167.88914336026698
2.58,-4.7086100621885185,2.3513372367115015,1.1820470636856117,-26.135226833168474,84.72458827006506,148.52295483960924
2.59,-4.659044593977405,2.035914810188682,1.0296641261818098,-32.84991565636338,96.4460378697284,129.9597330528618
2.6,-4.582912757472374,1.73211908034795,0.8812666876838706,-39.111084979491295,107.86939719025614,112.30133301218231
2.61,-4.487630605187705,1.4419718484332031,0.7382393568388255,-44.927197664706554,118.88604115143744,95.61159962147173
2.62,-4.379175276013696,1.1668077982417062,0.6015583167099812,-50.311687100813444,129.41915860372566,79.92427871887345
2.63,-4.254178957177132,0.9005539192163148,0.46177198416274123,-55.281582339382574,139.4174961124506,65.24954426658924
2.64,-4.1119815262369945,0.6388956693497444,0.3064400891787179,-59.85639928235921,148.8501687033111,51.579364041143684
2.65,-3.9564276099509987,0.37692203008706177,0.13021929318815753,-64.05725289053883,157.70236858219945,38.89189221164406
2.66,-3.793078164514049,0.11880025893146004,-0.059241117698180204,-69.26021496726169,166.0740938397515,25.900517088876477
2.67,-3.620016195905852,-0.1449918511553516,-0.26411108669399846,-75.14912005776416,173.94714750819367,12.879456243493848
2.68,-3.4422221700041726,-0.4090035627662644,-0.4775779053518282,-81.47118612615256,181.31538927765416,0.03912134244318288
2.69,-3.2478021006418842,-0.6818737706751465,-0.6961493461156066,-88.02610878591628,188.18200565930903,-12.46221502464941
2.7,-3.0436905303388526,-0.9572626678135854,-0.9152138344173182,-94.65689160689296,194.5572742224618,-24.508672258444527
2.71,-2.8069215385390494,-1.2237699848756152,-1.1633951171105454,-101.2421488822205,200.45674104077472,-36.01863676153072
2.72,-2.5488487239026525,-1.4793131653625504,-1.4299911129676954,-107.68965601673347,205.89974297915842,-46.93800582230717
2.73,-2.2784975576356823,-1.7224690665890705,-1.7065203111557055,-113.9309559007085,210.90821708855907,-57.23458510599059
2.74,-1.9629605466244757,-1.9453104899251705,-1.9944063486565928,-119.91685804780332,215.50574842093522,-66.8934569152796
2.75,-1.6177583890280132,-2.1491167438867915,-2.2864892469204503,-125.61369158155085,219.71681526258362,-75.91316406746526
2.76,-1.1936915904146588,-2.3292405204529265,-2.5467490089205844,-131.00019393423958,223.5661973091178,-84.30257785480326
2.77,-0.6751326885010803,-2.4931955600042963,-2.720770529687553,-136.06493487716938,227.07851783991555,-92.07833869425261
2.78,-0.09233075284066738,-2.642209612785747,-2.826046810748395,-140.80419066351925,230.2778956394339,-99.26277523235832
2.79,0.5018194127874717,-2.8024369404967673,-2.868627794517659,-145.22019600520088,233.187686382199,-105.8822222813399
2.8,1.0953744706467115,-2.9687458798302555,-2.862542363426663,-149.3197126417196,235.83029655428163,-111.9656703925705
2.81,1.602614163841337,-3.12722947588511,-2.7057167151940775,-153.11286266590238,238.22705581799676,-117.54369044034752
2.82,2.035843035758451,-3.2772454873039027,-2.4359309889660965,-156.2671047521376,241.58157397587246,-125.26219520442136
2.83,2.4056381715112662,-3.4184345040572928,-2.0838756049952036,-158.8828979157843,245.61696194087304,-134.4989069424713
2.84,2.6749637883921515,-3.553885930883212,-1.6259105515644388,-161.04556935489217,250.11058791500045,-144.75367227406468
2.85,2.852535560872952,-3.674515774376756,-1.119260877038315,-162.82752773241393,254.88483945901987,-155.6276541799086
2.86,2.957083737289925,-3.7819130018268634,-0.5832534406505279,-164.29015957251008,259.79934727461256,-166.8058178081343
2.87,3.028092017089015,-3.8587004728148075,-0.0715673652809638,-165.48545340988824,264.7444496135099,-178.04221176086747
2.88,3.0723118091681774,-3.910852544777221,0.41350257313137373,-166.4573901227264,269.6357086602671,-189.14761965029027
2.89,3.0118213717105333,-3.9301135132362996,0.8009709232731419,-167.2431325259505,274.4093180138739,-199.97921933671878
2.9,2.8721073278490477,-3.9238912779434645,1.1076588644242902,-167.87404268582597,279.0182641750123,-210.43194087262938
2.91,2.6043299922699563,-3.882027577829521,1.4283415714865086,-168.3765514381396,283.4291252956493,-220.43126005055112
2.92,2.242688219837996,-3.8135300015261966,1.754728353901543,-168.77290116353376,287.61940785214256,-229.9272036859826
2.93,1.814832140634808,-3.725711138395117,2.0803825255333424,-169.08177991948347,291.57533678051794,-238.88937630239133
2.94,1.3622019684224482,-3.5769527566479606,2.46872558622748,-169.3188624838905,295.29002732285977,-247.30284653522938
2.95,0.8976764776907594,-3.3838619056751695,2.898996967286625,-169.4972716740789,298.76197768617055,-255.16475603325807
2.96,0.5749300632603921,-3.095794021247952,3.4194626657961793,-169.62797141853437,301.9938308754839,-262.48153450779165
2.97,0.46493686997369854,-2.7679657656513643,3.9371237839394917,-165.4577575288435,299.27268986612256,-269.71888805067215
2.98,0.5195515052702347,-2.4148182923719244,4.44454919026891,-158.05981623003575,292.0363055016721,-276.78234823114826
2.99,0.6112845775242979,-2.1225820660740413,4.84976337339192,-148.30623896641677,281.4560064491761,-283.60230474071363
3.0,0.7300031238199978,-1.881547204282318,5.170390617136225,-136.90152756198322,268.48083988634045,-290.129266931776
3.01,0.7444101651429555,-1.7233405569061186,5.357655919110205,-124.41086519668278,253.87483986344535,-296.3299215634991
3.02,0.6787286004504864,-1.631021240057058,5.439889964072936,-111.28393822642647,238.24845172304998,-302.1838617414824
3.03,0.552755471225776,-1.5905893999686045,5.4404245459338885,-97.87497940191108,222.0849912448871,-307.68088085054023
3.04,0.36747417742520416,-1.629168078651373,5.327617186015963,-84.45960492061161,205.7628888280923,-312.81874134262296
3.05,0.10089213721187262,-1.7611919564139396,5.033114813797301,-71.24893367835716,189.5743590272948,-317.60134194839526
3.06,-0.22377044259539491,-1.9626969416319366,4.604103797351806,-58.40140509165676,173.74104153875777,-322.037218569246
3.07,-0.512466113969781,-2.205989337476467,3.988151006677102,-46.032650234782125,158.4270790625535,-326.1383240669404
3.08,-0.7691137512100177,-2.4774737758968657,3.2386951824624517,-34.22371830944402,143.7500284313572,-329.9190406500668
3.09,-0.9326452742344173,-2.7613084744390948,2.3532912360721343,-23.027915377396962,129.7899423476076,-333.3953857738656
3.1,-1.0223295922650606,-3.050163923722378,1.3776364453034204,-12.476473751651607,116.59690859055542,-336.5843786065574
3.11,-1.0673307483781302,-3.3266648157717293,0.353999598538258,-2.583237526445764,104.19729042358493,-339.5035393283596
3.12,-1.0774182155837908,-3.589386423500581,-0.6903791841184798,6.651478372953174,92.59887510162963,-342.1704979539838
3.13,-1.060617273044628,-3.8374532415507865,-1.7343200929631934,15.237722211978094,81.79510594729464,-344.60269312119635
3.14,-1.1367198283967592,-4.133889379721244,-2.3610655373448775,28.45644477291939,81.44987507995545,-335.77300349732474
3.15,-1.1606495375195354,-4.494794120199856,-2.9792114160535905,45.0153663153132,89.11735682089957,-318.4588972306523
3.16,-1.144260509542918,-4.899418497750671,-3.5811147229391116,63.87289455378169,102.79976725035836,-294.9194423822523
3.17,-0.9686829645367123,-5.232169544660659,-4.103335696602414,84.19564466520629,120.87356979400087,-266.9815090079734
3.18,-0.67397011032045,-5.504693337690796,-4.556390181178968,105.32266230262191,142.02712876032092,-236.1125207212915
3.19,-0.29264917333736695,-5.7268474552030755,-4.949410096226971,126.73533761403976,165.2081018789047,-203.4817714592805
3.2,0.20124604674870228,-5.8069474130608665,-5.2659286078070515,148.0321465303747,189.57911125283752,-170.01202940775207
3.21,0.7736138395216505,-5.777035593091662,-5.518930130613565,168.90748259865654,214.48044511330426,-136.42289822130448
3.22,1.3956521521209133,-5.545011159160682,-5.6737044038464655,189.1339513915808,239.3987253172037,-103.26718990322267
3.23,2.0460001078278345,-5.16186963694539,-5.750855091105304,208.54759260191997,263.9406319371079,-70.96137891120344
3.24,2.669457665981136,-4.5967796177970355,-5.749888506489332,227.03557455043094,287.8109102408298,-39.811048856201154
3.25,3.2350354266613026,-3.909625624733498,-5.677447925978832,244.52597390865913,310.7940000164789,-10.03210780071188
3.26,3.747461814890472,-3.139753182782766,-5.551416951432062,260.97931160622977,332.73872529757773,18.231567598033216
3.27,4.157543833770767,-2.285713200933256,-5.3528590341785645,276.38156556833496,353.5455664300194,44.89349780022816
3.28,4.482860913323323,-1.380576821065143,-5.1018751438723156,290.7384233273165,373.15610811845096,69.9124991769051
3.29,4.738196756835073,-0.45046251739947596,-4.81467424123359,304.0705737157975,391.5443183311806,93.28271127503425
3.3,4.913219781448208,0.41189372317891726,-4.4925428432565395,308.9893204864189,401.86303675450205,115.45580023649195
3.31,5.024018569332512,1.208898380447079,-4.148701087879477,307.3896996938256,405.84232055119344,136.36588728141282
3.32,5.090678944910611,1.8978362527235295,-3.773634117545797,300.82444781053033,404.9057984025479,155.98226837390828
3.33,5.122504280198365,2.493270838486382,-3.38052076342242,290.55996668409284,400.2202454855763,174.3016498920078
3.34,5.1749208137749525,3.0573619926097164,-3.005321761618234,277.6236456859752,392.7375526509328,191.34177577474009
3.35,5.189660693954293,3.6043088919758675,-2.6851955139616197,262.843827301698,383.2302166423631,207.1362195947267
3.36,5.175324075748565,4.129583675990954,-2.412236316318874,246.88351589339678,372.3213153288899,221.73014990073636
3.37,5.062883804376233,4.581180656315146,-2.190093550681164,230.2687693793318,360.5097921618731,235.17690688657603
3.38,4.877089802788413,4.969311865370931,-2.010328096510399,213.41257640169871,348.19175418772164,247.53525372125677
3.39,4.55656453902917,5.249409980657846,-1.8343344035279325,196.63490399067186,335.67838515770376,258.8671873646646
3.4,4.1378938599161685,5.442418725476611,-1.6639783666581074,180.1795000198752,323.2109871791322,269.2362119453258
3.41,3.6506223265340862,5.565733909392906,-1.5006004733256149,164.22794851067346,310.9735888802394,278.7059932657488
3.42,3.1184418818113344,5.6337631609945555,-1.3451180007222123,148.91140203471159,299.1034934345209,287.33932613192036
3.43,2.6162514962921755,5.626054022986528,-1.1537704982489476,134.32035232601092,287.70008447710325,295.1973573242717
3.44,2.152485630874504,5.5906247607149675,-0.9919055745077147,120.51274623144305,276.83216062725063,302.3390164352239
3.45,1.6393912240566855,5.496633298027133,-0.8554477176666502,105.83797371792322,265.9523101542814,304.5128801696213
3.46,1.0965467528359074,5.359273767250086,-0.7405743004341687,90.72857023541705,255.23332602412873,302.849308947994
3.47,0.5380386146694381,5.164762567635626,-0.6421407887962662,75.52248684669487,244.80498931472857,298.27369488849826
3.48,-0.023735328843474846,4.9295338590614985,-0.5578321034985555,60.479977957724856,234.76212229792642,291.540042000939
3.49,-0.5547384835823695,4.600620600011596,-0.5138087647003308,45.797744996517736,225.17130031165718,283.2593539620118
3.5,-1.0538858288733612,4.2051193766763335,-0.5013167589844972,31.620758182522938,216.07643189542515,273.9236028859267
3.51,-1.5463803302856305,3.774895277924706,-0.49965135212417944,18.05211586895625,207.50338525025649,263.92594028258145
3.52,-2.026086021518686,3.324808729225417,-0.5063010819948083,5.1612473496793125,199.46381225238898,253.5777151443549
3.53,-2.488504878532765,2.866547594608377,-0.5192131863958397,-7.009280787730832,191.95829834382806,243.12278158314464
3.54,-2.9263214740820946,2.4227279197514497,-0.5277359196654443,-18.43813381812718,184.9789470803388,232.7495077224814
3.55,-3.2978280632670174,1.9738236074429987,-0.5259980760802129,-29.12056601611615,178.51149145547453,222.60083697412236
3.56,-3.6127612633731765,1.5280404994655439,-0.5164316321465167,-39.06460676119964,172.53700992307105,212.7827009640643
3.57,-3.840010037464249,1.0895818308661558,-0.5050944698824912,-48.28794091351045,167.03331295415165,203.3710389881751
3.58,-3.9965746607923474,0.6635818528624657,-0.49257874455718276,-56.815369484599806,161.97605568178912,194.41764091306968
3.59,-4.073604924578042,0.2291679813774144,-0.4878524275962875,-64.67675427364323,157.3396234469836,185.9549979819254
3.6,-4.088538096467433,-0.20490006056235016,-0.4891637251169101,-71.90536515472891,153.09782963522653,178.0003182536755
3.61,-4.029267960937944,-0.6783034511011957,-0.494362222826185,-78.53656146751752,149.22445889442457,170.55883972339547
3.62,-3.914112014033524,-1.1744260399340432,-0.5024556316531895,-87.17815615281633,146.52274593827272,158.60624155609673
3.63,-3.7579678044655536,-1.6801910995102225,-0.5126389972917837,-97.22393717511048,144.76029773843345,143.38657676306963
3.64,-3.5747544751953018,-2.2368773310683876,-0.5332084179011484,-108.18783303319333,143.74451237076846,125.90337134711031
3.65,-3.399717825047839,-2.833850268807164,-0.5691030146504876,-119.68334968964437,143.3162623803567,106.96031772634285
3.66,-3.233676392512315,-3.452340013813303,-0.6161700963077866,-131.406271072089,143.34453556925465,87.19555303659367
3.67,-3.0820558208442996,-4.0308111777427955,-0.671585110446847,-143.1201285512718,143.721892548735,67.11049025793267
3.68,-2.943845292210283,-4.569604503599082,-0.7325256507963331,-154.64401745640748,144.3606206025757,47.09402836086514
3.69,-2.8085455860340787,-5.025883229589066,-0.8082711168327158,-165.84240090789564,145.1894807593822,27.442846230909296
3.7,-2.6775885362111396,-5.411857359962818,-0.8941680811913101,-176.6165945050054,146.15095986757186,8.378381143428898
3.71,-2.552002536562153,-5.737973688530803,-0.9864951463847446,-186.89767096990184,147.19895224934874,-9.938996441414359
3.72,-2.4276915909471137,-5.971338304332373,-1.0642899283862062,-196.64056281068346,148.2968064752506,-27.39817613228788
3.73,-2.295935467102051,-6.079552786675256,-1.062360996975041,-205.819174363615,149.4156822032809,-43.92749837792092
3.74,-2.160537818109705,-6.090258346802225,-0.9994237370356324,-214.42234301564667,150.53317008562783,-59.4866278569537
3.75,-2.026980542816976,-5.995505113980651,-0.827397745253341,-222.45051368648896,151.63213465046178,-74.05984210094827
3.76,-1.896919136064465,-5.821490512070686,-0.5745385992754406,-229.91301136125122,152.69974597899932,-87.6505085205543
3.77,-1.7686686193935666,-5.552102636982264,-0.2659642750224319,-236.82581412222152,153.72667105898898,-100.2765575993065
3.78,-1.6438084797643855,-5.2139037851648435,0.08044550878100332,-240.80677540605467,157.17007208805936,-114.593976947112
3.79,-1.5234950372394753,-4.82830588634893,0.45041041343080523,-242.48084303889485,162.40978437456545,-129.98264197985196
3.8,-1.425347963474474,-4.3803919968437945,0.8001758808434536,-242.36253791343034,168.9429269630691,-145.95103159898332
3.81,-1.3457055638188562,-3.891766081490741,1.1290110686930834,-240.87379591247426,176.36427177359425,-162.11376676677165
3.82,-1.2960567958978542,-3.3426214575252664,1.470336586442127,-238.35907477248486,184.34968789769016,-178.17275500825374
3.83,-1.270147664272433,-2.7557225820278677,1.8158918018055803,-235.0981308719854,192.64219899429966,-193.90139031800953
3.84,-1.2907050062424632,-2.1128577776309863,2.132219329165012,-231.3168124189157,201.04025919335538,-209.1313392376974
3.85,-1.346517033590729,-1.43718882148914,2.4212267902813736,-227.19616529986365,209.38791073336125,-223.7415134381194
3.86,-1.44504149150439,-0.7423080922322709,2.6993006466004412,-222.88010478215406,217.5665360884695,-237.64888864722187
3.87,-1.5620850687897807,-0.052063563703851345,3.0837574327415957,-218.4818693266865,225.48795974959188,-250.80088064095312
3.88,-1.6914785409490676,0.6238463028835924,3.5436565122443295,-214.08944111348967,233.08869111905133,-263.1690324855137
3.89,-1.8283056283686925,1.2782201022570479,4.054130174484793,-209.77009076098759,240.32513102505854,-274.74380434329424
3.9,-1.9551599042310819,1.8777223533045833,4.579716585036322,-205.57418049483772,247.16959090582878,-285.5302888384185
3.91,-2.072396648184613,2.4258463524924685,5.108661405848644,-201.5383401427099,253.6069963941399,-295.54470200127275
3.92,-2.1638710670211507,2.8558681588629984,5.530013402941694,-197.68811332400722,259.6321664024697,-304.81152284468817
3.93,-2.2341919178956693,3.188748883133201,5.862406019420096,-194.04015666087537,265.2475753400586,-313.3611742428548
3.94,-2.281715867504353,3.391669720728619,6.061194631732933,-185.31906245533887,267.21691075571164,-319.04995166890654
3.95,-2.3627256122437457,3.4822571632512256,6.096380059414122,-172.8501144158603,266.36395026526304,-322.45948531277577
3.96,-2.4681071416185345,3.4854239213817957,6.005757026554187,-157.7065430978867,263.36349697936856,-324.070698972726
3.97,-2.5733990603333177,3.3979884405539234,5.78928481348089,-140.7518316341587,258.765751604553,-324.2798986815516
3.98,-2.6769771846566153,3.2425517999114284,5.479841700136008,-122.67538336295821,253.0169192456387,-323.4124127135969
3.99,-2.777624776956381,3.037480468795902,5.104052789916708,-104.02254985277412,246.4766114201318,-321.73414374260665
4.0,-2.8153140151709457,2.7472010985856414,4.622133393187608,-85.21987191758983,239.43252250028854,-319.461341987589
4.01,-2.8042118691919256,2.39621993860301,4.066487833298333,-66.59626118725201,232.11279006946654,-316.7688635972225
4.02,-2.6903878063456146,1.9773868795756355,3.3916371416128213,-48.400742703286305,224.69638889478307,-313.79714025776656
4.03,-2.4996957768797574,1.5131489768894326,2.636064562953401,-30.817287321761214,217.32185698143502,-310.658053181343
4.04,-2.2319440078062143,1.0272066455064113,1.7891444392461353,-13.977184243378545,210.094608282443,-307.43987647937274
4.05,-1.9823893251123106,0.5272769598302478,0.9730767595445393,2.0306631173109757,203.09304905536408,-304.21143079381153
4.06,-1.7506660785949109,0.024449607362087566,0.1933815397801214,17.151192079130908,196.3736826931417,-301.02556738152543
4.07,-1.5900466386269811,-0.5114556719863802,-0.5162206056610754,31.356109626787873,189.97536034248483,-297.92208513803257
4.08,-1.4863757292979884,-1.0643127191127637,-1.1610702075510375,44.63806034879417,183.92281109991185,-294.9301678869516
4.09,-1.4279258966976973,-1.6215100720827642,-1.7462678682550545,57.00583411488034,178.2295654751308,-292.0704162902341
4.1,-1.307836120227198,-2.1678155130741277,-2.2622672511650825,71.88638212149505,178.3428689268589,-278.60333412571237
4.11,-1.142429664488422,-2.697245811441357,-2.7172242122811183,88.45826434341107,182.90004114885605,-257.22543765403617
4.12,-0.83215641455579,-3.1371514490749957,-3.141785382318691,106.06613866419974,190.78834458212174,-230.12485361081474
4.13,-0.3321671385986844,-3.3698223677464534,-3.5016295377799778,124.19207139942543,201.10379060787014,-199.06628352130437
4.14,0.3052611373465792,-3.4401937216082494,-3.8063021640272137,142.4314249092166,213.11633883683578,-165.4626705227526
4.15,1.1471044245961313,-3.2368336843835586,-4.094393297184828,160.47262630094394,226.240534874062,-130.43556550006838
4.16,2.132299153512255,-2.8270755514399113,-4.365287800740114,178.08022370553294,240.01077070140616,-94.86589791238721
4.17,3.092043740440033,-2.143857003538683,-4.5761114706380654,195.08072434802244,254.06047080825704,-59.43660691693776
4.18,4.0173070532372375,-1.261945615246513,-4.737649288674964,211.35078370949063,268.10460918993573,-24.668374421719633
4.19,4.9017134012657655,-0.24168988647209377,-4.858928597973919,226.80737928765393,281.9250497135657,9.050481526521121
4.2,5.55868130208033,0.7661297947219474,-4.877798544187589,241.3996573508156,295.3582771814455,41.43905143179105
4.21,6.031251518296475,1.748680944468605,-4.817966478879498,255.10218797181727,308.28515047433086,72.3030496806416
4.22,6.27020030073858,2.5593857162360676,-4.6306998276455,267.909403666462,320.6223639567848,101.51754778240779
4.23,6.326549098221776,3.2258533428043425,-4.348792112987509,279.83103112538595,332.31535018621383,129.0126708012224
4.24,6.291693269760132,3.73415223903936,-4.002248814062054,290.88835466229045,343.33239701521086,154.76178597498324
4.25,6.187553521879185,4.1134110308593055,-3.6116336349775335,295.46469057863465,348.327207977799,176.79154948340977
4.26,6.069932566128472,4.445237667864275,-3.2173930973194236,295.0075150992945,348.6332006838775,195.62946931824555
4.27,5.887597294286075,4.726628957635825,-2.8315323716543173,290.70370082449824,345.3445357762832,211.72929134306912
4.28,5.65856411280852,4.965008945779108,-2.458116513384871,283.52205081997454,339.35509652240194,225.48119751296417
4.29,5.397356487727134,5.166733718798511,-2.1000633795006878,274.249271116199,331.3914618979865,237.22060707252504
4.3,5.03018011090346,5.294540252535264,-1.723948739815912,263.52035741930524,322.04076573401244,247.23577064043062
4.31,4.587608539414969,5.363756157231602,-1.3398825509976318,251.84423041044434,311.7742052063758,255.7743214402266
4.32,4.079973468440734,5.355504019307992,-0.9254796009492979,239.625332694122,300.9668510335544,263.0489257331919
4.33,3.564841672406699,5.284274991533541,-0.4927803329287097,227.18179643171706,289.9143166350887,269.24215528978726
4.34,3.0520191305617863,5.165942236026016,-0.05283387252343574,214.7607015365677,278.8467619763402,274.5106881020277
4.35,2.5864219792967473,5.047409403902661,0.3761292592325309,202.5508679209601,267.94063797235555,278.98892914418013
4.36,2.1642567231829397,4.930575463622237,0.7899807310576845,190.6935598727455,257.3285175009867,282.7921305335753
4.37,1.7846320001710725,4.84315184585094,1.1646621590010415,179.29142465031958,247.10730786664206,286.01907966711883
4.38,1.4435090091124387,4.77961150027837,1.5034996247857828,168.41593948548848,237.34509574243066,288.7544145870644
4.39,1.1371939533157902,4.735349602882521,1.8095997216399478,158.1136002267039,228.0868381513558,291.0706177665998
4.4,0.826729598825922,4.703684468893785,2.0772952220182934,148.4110498531547,219.35908102457418,293.0297325327035
4.41,0.5179394430629617,4.682158499607194,2.3114044610264286,139.31931519445058,211.17385952087304,294.68484031405313
4.42,0.2038763325090865,4.657738827815785,2.510342933688494,129.87534154646693,201.8355046427132,294.1907846417419
4.43,-0.1093166479541787,4.631485222415866,2.6792453747315053,120.30924701056591,191.76019381970468,292.05899532010136
4.44,-0.4270111697470821,4.609060474181304,2.836668206549881,110.7991238969766,181.2780778330309,288.70662538134377
4.45,-0.7678171603424756,4.5811763001551356,2.975851246433483,101.48044957724451,170.64828470521766,284.472129187899
4.46,-1.1209927756367226,4.549547943476426,3.0988947106188425,92.4539575265552,160.07151678384164,279.6284190837319
4.47,-1.4850745471020568,4.49595462440247,3.210385820532339,83.79220646389376,149.7006082849156,274.3939625495457
4.48,-1.8518175667067336,4.426381776605184,3.311290110614042,75.54505008054527,139.64935635159853,268.94212916322266
4.49,-2.2148677447367717,4.345661677875931,3.4025122372295016,67.74417956703556,129.99989228778395,263.40905152114374
4.5,-2.5649255100295076,4.249775372944535,3.470827127337752,60.40688527439475,120.80881993755428,257.9002255839092
4.51,-2.8995663067375474,4.143775664904177,3.520536244337228,53.539161749179215,112.11231424851039,252.49604276346545
4.52,-3.2071763025493665,4.03351512804665,3.537174876972183,47.13826152285514,103.93034406082819,247.25641768588403
4.53,-3.474312575865456,3.9304783400143766,3.5128971132556304,41.194786950781165,96.27015840055856,242.22465127201883
4.54,-3.70628715112519,3.834582184489443,3.4576720736405253,35.69439568543107,89.1291544200309,237.43064799777798
4.55,-3.9050164954470925,3.7403916562830184,3.3715063859095777,30.619183690312543,82.49722710025144,232.89358842847207
4.56,-4.075187313827188,3.648978725995552,3.262998103335734,25.948799761388788,76.35868546322885,228.62414293902737
4.57,-4.2175069667458995,3.5459893461505305,3.1091583385005137,21.767977678909837,73.29255699952049,222.05106526837392
4.58,-4.336279326531383,3.4357459561730836,2.9230154038844773,18.027301730153926,72.62665312887626,213.81697354758657
4.59,-4.43516747189009,3.3216712676563964,2.7150488382583795,14.682060726729027,73.80882596027558,204.4398256278027
4.6,-4.503611607057069,3.207987501953677,2.4652570639781115,11.691843994001697,76.38746106618638,194.33404324190874
4.61,-4.54767760730902,3.0963793453695057,2.1873458607951233,9.020164854976057,79.99497142749017,183.82830294267885
4.62,-4.562976832387717,2.991432610713351,1.8923002230332242,6.634111047675551,84.33384705680885,173.18049705822662
4.63,-4.556012444832535,2.893225819949837,1.588746121886876,4.504021225716171,89.16487928774333,162.5902941770331
4.64,-4.517128359910091,2.793991654834805,1.2828040737922206,2.603186483501705,94.29723403818156,152.20966551522815
4.65,-4.44111017989275,2.686321049436815,0.9739337858167467,0.9075757045640402,99.58009579963922,142.1516894379833
4.66,-4.337848992381148,2.5738736476565287,0.6676476624321379,-0.6044165590689223,104.8956447763859,132.4979001219992
4.67,-4.221250723936623,2.4567745330488635,0.35794477636529454,-1.9522010178024574,110.15316444957654,123.30440675316767
4.68,-4.096263100847274,2.337943624473481,0.05046503896465987,-3.1532047437421564,115.2841066923385,114.60697580276278
4.69,-3.9668053097187523,2.219643544088056,-0.2505082293415239,-4.223063787918767,120.23796711738532,106.42524000006586
4.7,-3.8379802616716225,2.096608755291589,-0.5420711186799845,-5.175798637555255,124.97884520660266,98.76617291675
4.71,-3.71165254892192,1.971871373942863,-0.8218735164753685,-6.023973793721391,129.48258247480652,91.62694699488708
4.72,-3.5794043540210234,1.8428162792548874,-1.0671207817175319,-6.778842697759191,133.73438790710622,84.99727486729067
4.73,-3.439238793018446,1.7142175305210485,-1.2514895507042267,-7.800479160260645,138.93109248953715,77.58819347479825
4.74,-3.2952015854849344,1.5879775271073115,-1.3863674589799115,-9.010396464984247,144.77003697468683,69.69814376062752
4.75,-3.1654231986938877,1.4491654068826176,-1.4780826784569217,-10.345561331647875,151.00946287777506,61.56313470195574
4.76,-3.0485895088274004,1.3028966991030455,-1.5353184140181182,-11.75575691188022,157.45801633673673,53.36768816169211
4.77,-2.943139957072943,1.1418000056608253,-1.576916095713126,-13.20136357624748,163.96592443286775,45.25402302677632
4.78,-2.8480540353066717,0.9718677715306752,-1.6058909286403489,-14.651494247774798,170.41758985907953,37.329747798063046
4.79,-2.7440604540277036,0.7969025645946122,-1.6360775049652483,-16.08243032054142,176.7253872188498,29.674291016734706
4.8,-2.6348718456418108,0.6208178192123981,-1.6667201570739174,-17.476312152494906,182.82447625650437,22.34426487139372
4.81,-2.506385179133208,0.4528616107289467,-1.6980961226403373,-18.82004492770156,188.6684747188258,15.3779282152515
4.82,-2.365131041038603,0.29375312906616446,-1.7295432818608723,-20.104386506723817,194.22585698343397,8.79889033452931
4.83,-2.216308903418693,0.143904758276438,-1.7605535868600184,-21.323188863995174,199.47696462378346,2.619175545624361
4.84,-2.0367196276875323,0.013832056292484324,-1.7900884987053018,-22.472768967781132,204.4115321980544,-3.15824945753137
4.85,-1.8081971255232447,-0.09896212266855026,-1.8097559859195766,-23.551388594620676,209.026646165886,-8.537399077798549
4.86,-1.5457807859674113,-0.19676502339389626,-1.8215614216630125,-24.558825674628753,213.3250673105401,-13.527569895225005
4.87,-1.2518968418392356,-0.2851588220212097,-1.8213499830655957,-25.49602241284386,217.3138576820637,-18.141957397704246
4.88,-0.9385124495873629,-0.36496762375116504,-1.8119414287790487,-26.364797690339117,221.0032621433542,-22.396535994950785
4.89,-0.6150946578697203,-0.4369565247045502,-1.7956383414537385,-27.144644407634875,221.8201771192898,-27.23939251479656
4.9,-0.2967069476816857,-0.4933983000484771,-1.7663689098850832,-27.844220091070145,220.42507803650165,-32.45697968600979
4.91,0.01285479836355452,-0.5370549046079137,-1.7276294558733771,-28.4714073941523,217.3582041131716,-37.87994521262601
4.92,0.28661923208001105,-0.5716927283392337,-1.6802303355226431,-29.03337254191595,213.05929748260374,-43.37541970624427
4.93,0.48455635739292285,-0.618511207003225,-1.6238637537615712,-29.536621271580053,207.88428622665953,-48.84054208876069
4.94,0.6213454321263566,-0.673923960870918,-1.561512187198226,-29.987051982235695,202.1193669177857,-54.19703359898794
4.95,0.6851195294671675,-0.7554210699122623,-1.4918332348731926,-30.39000591723399,195.99287612008877,-59.38665941777149
4.96,0.6919950644708013,-0.8556156210546625,-1.4176329864544452,-30.750314290635274,189.68528356997567,-64.36744078812497
4.97,0.6261649730756021,-0.9563650176940837,-1.333187015220491,-31.072342337604457,183.33759112426446,-69.1105009187374
4.98,0.5056982316468465,-1.0559650085946704,-1.2422161307566746,-31.36003032141517,177.0583798904502,-73.59744541063228
4.99,0.3452825978709735,-1.1531287358686404,-1.1476710296709922,-31.616931569623134,170.92971226002285,-77.81819285894815
5.0,0.14397415016958684,-1.258042531189826,-1.0443746705636574,-31.846247641381993,165.01206500766406,-81.76918401689393
5.01,-0.08549741369818714,-1.3672506943077678,-0.9359921351445469,-32.05086074880078,159.34844347058214,-85.4519087781822
5.02,-0.30255502644541743,-1.4567802458463832,-0.804032613727657,-32.233363569343275,153.9678044582759,-88.87169950513443
5.03,-0.5067166826668059,-1.5298444611517859,-0.656083829928356,-32.39608659492514,148.8878964260684,-92.0367471319395
5.04,-0.6542587837946376,-1.546444946914488,-0.4827498887393856,-32.54112316771555,144.11760911350223,-94.9573032035256
5.05,-0.7561461927238426,-1.5195560071560181,-0.29268877925502723,-32.67035235363765,139.65891090367026,-97.6450367395286
5.06,-0.7794597684239551,-1.4415393812916268,-0.05564658950520557,-32.767959849833666,133.4456277132728,-101.07939465397578
5.07,-0.7695614471877296,-1.3443653336565207,0.23969586185802047,-32.83983187270509,125.98607294697987,-105.03172501575602
5.08,-0.7343899286289359,-1.2340422294725093,0.5750597252164589,-32.89087717345501,117.68889704861529,-109.31887287062284
5.09,-0.6804181733475325,-1.1153756773711176,0.9358249217687561,-32.92517943225643,108.88006084442029,-113.79537868340176
5.1,-0.5689934048766528,-0.9985408534595659,1.389736682851472,-32.946126826772264,99.81712278426443,-118.34691627938247
5.11,-0.41532218518993785,-0.8849339905669783,1.9078714111358719,-32.95652210028013,90.70124639782846,-122.88478230943986
5.12,-0.21852209222370392,-0.760016064437232,2.4885611810546173,-32.95867597999272,81.68727467387237,-127.34127689011754
5.13,0.008223542894564312,-0.6283899481123132,3.1080713770696784,-32.95448638821028,72.89216701531421,-131.6658387270408
5.14,0.22970659879926086,-0.49760882861179234,3.724046490001996,-32.94550553843606,64.40205071399134,-135.82181827832517
5.15,0.4436998197450558,-0.3695181147971468,4.32769044380952,-32.932996707539615,56.27810148775991,-139.7837898366784
5.16,0.5399530073481634,-0.30435312898910344,4.832367995258883,-32.91798221657922,48.561435635055226,-143.53531821984453
5.17,0.4740880727419776,-0.27597952846436546,5.12589766753638,-32.90128393105361,41.277169019155465,-147.06710841602103
5.18,0.2851305904225232,-0.2762176698053572,5.253180843693584,-32.88355740102536,34.4377747348079,-150.3754773409683
5.19,0.004882836921339007,-0.2983579550538453,5.25119274663123,-32.86532059833145,28.045851364997926,-153.46109609067844
5.2,-0.33476703430490107,-0.26160603352450273,5.027769129401753,-32.84697806817,22.09639671678407,-156.3279589445084
5.21,-0.702067622676477,-0.16880893682977943,4.5752307329385316,-32.828841192449985,16.578667412420586,-158.98254208346404
5.22,-1.084799219669145,-0.03455220753491661,3.9543472460692137,-29.38716065959482,10.609801766698222,-158.92077696979783
5.23,-1.4312351733093258,0.13611929157419583,3.1437690569650605,-23.378105772571413,4.388798385337377,-156.78027280511904
5.24,-1.7444692132321313,0.33200410664876323,2.2006211456671143,-15.49729637824769,-1.9280447720379175,-153.08167943208187
5.25,-1.9526243342162772,0.598270182148842,1.1753878519285754,-6.306562586058469,-8.219564583590284,-148.24796453034898
5.26,-2.0770759841226347,0.914261502732514,0.10332720747362256,3.743476857743567,-14.393391211441468,-142.62069900354805
5.27,-2.0250786225802733,1.3032550840741925,-0.8960466016789761,14.294390324752257,-20.38064295446126,-136.47379730328566
5.28,-1.838799945421586,1.7420629966002559,-1.8241543367852002,25.06392744285653,-26.13149749279733,-130.02509449678342
5.29,-1.552622740324754,2.212153632806144,-2.6831973005886343,35.83257427636048,-31.61150331913592,-123.44608619966792
5.3,-1.1944322436049175,2.6988499381386815,-3.475940002553941,46.43227937894381,-36.79851550931491,-116.87010976594404
5.31,-0.7867032969974659,3.190655329125488,-4.2055349618312245,56.737018076563174,-41.68015738133765,-110.39920423440633
5.32,-0.34741723948555037,3.6786879045821763,-4.8753825093742815,66.6549115782317,-46.251724449271656,-104.10985151128517
5.33,0.10916588641397174,4.1562064091571065,-5.489019576877961,76.1216596407868,-50.514459759888766,-98.0577712934067
5.34,0.5718579689555751,4.618213851579208,-6.050032416421748,85.09508153804326,-54.47414051708172,-92.28191659075901
5.35,1.0319976576365593,5.061126770752704,-6.561989005815869,93.5505908728483,-58.13992511997818,-86.80779477793877
5.36,1.4829934871323665,5.4824999312019,-7.028387581979871,101.47745606867016,-61.52341759532112,-81.65022036221798
5.37,1.9199417396036507,5.880797758245787,-7.452618326511999,108.87572082689832,-64.63791309057866,-76.81558964764709
5.38,2.339307499470671,6.255205129603672,-7.83793571956766,111.73359972262145,-70.18841884334493,-74.82156638730926
5.39,2.7386590734396288,6.605471255649496,-8.187439493632656,111.07059133461851,-77.51726829712933,-75.03353982256141
5.4,3.116447417987118,6.931781332533806,-8.504062469188158,107.72226312607535,-86.09314887429038,-76.93116739294882
5.41,3.471823472125241,7.234651464327516,-8.790563849391773,102.37030455818956,-95.48978952126852,-80.08972347976184
5.42,3.804487365572784,7.514843042351958,-9.04952679908842,95.56794084905529,-105.36800208659133,-84.1643255231068
5.43,4.179256825156485,7.486849312365172,-9.06780309183916,87.76139763660788,-115.46057108056362,-88.87660959499424
5.44,4.580407586007185,7.223338607963333,-8.901518095791458,79.30800672963083,-125.55956032468985,-94.00348953136127
5.45,4.995488550002141,6.783627574781248,-8.596526566070693,70.49145728945105,-135.5056683659007,-99.36768692746475
5.46,5.414749185716994,6.215883649770256,-8.19010333915838,61.53462318229073,-145.1793187979856,-104.82976491936483
5.47,5.830658935159352,5.558985540781056,-7.7123718320042896,52.61033415989782,-154.49321808508205,-110.28143777379827
5.48,6.237504572464292,4.844092792636496,-7.187509477589373,43.85040448400484,-163.38615322543586,-115.63996180650827
5.49,6.631053535831134,4.095968098078371,-6.634763542528118,35.3531863339617,-171.8178355793718,-120.84344183457517
5.5,7.008273030661509,3.3340896428998326,-6.069305896269842,27.189875729491774,-179.76462623192634,-125.84691192114866
5.51,7.367096221536929,2.573585315608454,-5.502951121849135,19.409764817796177,-187.21600307166457,-130.61907017616355
5.52,7.706228129839409,1.8260159350946106,-4.944758777029387,12.044605403876169,-194.1716509478444,-135.13956533740676
5.53,8.024984963854754,1.100030644777846,-4.401537547760684,5.112223846283097,-200.63907433823448,-139.39674820558662
5.54,8.323161556087522,0.4019141936794193,-3.878266410543073,0.6631781874027292,-197.17016281934198,-141.48050158582453
5.55,8.600922391451867,-0.26395710784405474,-3.3784456740711035,-1.8150470856057197,-186.14794662801268,-141.86766436779067
5.56,8.858712399911258,-0.8947364776379012,-2.904388849677391,-2.7456407307902237,-169.5149536748385,-140.94982555448675
5.57,9.097184275139368,-1.4887926595482228,-2.4574646583497453,-2.4767883852160124,-148.84610027827014,-139.0471861262621
5.58,9.317139581561836,-2.045450522892872,-2.0382970797028017,-1.2938110208667568,-125.41024206404956,-136.42028746830474
5.59,9.519481338329635,-2.5647775194709177,-1.6469301510558796,0.5705592896641853,-100.22208107091114,-133.27992312911388
5.6,9.60944725619358,-2.9867157899842507,-1.3940814533253316,2.927490288513435,-74.08587827818155,-129.7955048205285
5.61,9.611969704930138,-3.3274980316275173,-1.2512365370421725,5.6247110174993695,-47.63220915127637,-126.10211422769703
5.62,9.547503834354533,-3.600820466141464,-1.194845217746595,8.540321997230798,-21.3488184423759,-122.30643845775268
5.63,9.432757311033296,-3.8182233227827433,-1.2055260480086278,11.577581591130942,4.393524872913144,-118.49175803298665
5.64,9.281307577380577,-3.9894158329802427,-1.267392104802862,14.66052122409932,29.319404663167052,-114.72213155100974
5.65,9.104123350406145,-4.122553663709887,-1.3674801935234027,17.73026370521418,53.230712695343215,-111.04589990776164
5.66,8.910004655528748,-4.2244756018668035,-1.4952681490512636,20.741937390673776,75.99162503723835,-107.49861480734104
5.67,8.705953613270605,-4.300905341989024,-1.642267128298356,23.6620947531245,97.51612642341996,-104.10548073346682
5.68,8.49748641508436,-4.356623403301521,-1.8016776885297494,26.466557471983265,117.75768033747431,-100.88338625919644
5.69,8.288895397487323,-4.395613490817315,-1.9681000754486324,29.138621749359768,136.70070331327415,-97.84258920453324
5.7,8.083468815303853,-4.4211870032775735,-2.1372905423795174,28.588114356267404,149.84074114922598,-91.93600103448588
5.71,7.883674794330511,-4.436088864328747,-2.305956719523796,25.578927205989388,158.33255539629494,-83.92758198187954
5.72,7.691314984611381,-4.442587400690916,-2.471586078282326,20.7343319158392,163.132888860515,-74.43508020751095
5.73,7.50765261491062,-4.4425506019574055,-2.6323024142336635,14.560199070007972,165.03192713998794,-63.95464793951763
5.74,7.3335189472504965,-4.437510762271477,-2.7867460243490054,7.464609858824563,164.6799888205221,-52.88158814153029
5.75,7.2046575931474255,-4.517831576226446,-2.8493188192131105,-0.22560080065686883,162.61014557873543,-41.527814450234814
5.76,7.112471312769333,-4.662251627907182,-2.8405753212307365,-8.250908964937077,159.25737268144974,-30.136521898301798
5.77,7.049804796342835,-4.853491095164195,-2.777366903693751,-16.40738071626197,154.97474384319273,-18.894492914817118
5.78,7.010718513510941,-5.077588560795904,-2.673446413646782,-24.536829717803496,150.04711012572733,-7.942400553792641
5.79,6.990296570194164,-5.323341408532746,-2.5399795007413397,-32.51856678589304,144.7026388244534,2.616582637519736
5.8,6.984483604682972,-5.581834269947942,-2.3859765283490275,-40.262497263244526,139.12253361215846,12.709607508407032
5.81,6.989946465390295,-5.846042253376015,-2.21865693185571,-47.70335815585356,133.4492103306802,22.28817952661126
5.82,7.003957023347615,-6.110497627354133,-2.043756163730268,-54.795917946197136,127.7931626412565,31.32320839169557
5.83,7.024292997043881,-6.37101029450372,-1.8657838855759412,-61.51098845839461,122.23871732214687,39.8009147041555
5.84,7.049154117576275,-6.624433816313503,-1.6882407994019106,-67.83212076525838,116.84884952592,47.71945677613021
5.85,7.07709134864676,-6.868469968694219,-1.5138004240592637,-73.7528764413688,111.66920307996631,55.08616150660881
5.86,7.106947207612493,-7.101505851474858,-1.3444611925616237,-80.83864468649445,110.12698628415853,57.57963601109073
5.87,7.137805518264188,-7.3224784671744905,-1.1816734498124675,-88.7056605509423,111.39377370167823,56.3030830846614
5.88,7.168949169884014,-7.5307624468949195,-1.026445249116825,-97.04789700105171,114.79141141662802,52.16004904591611
5.89,7.1998246661260055,-7.72607725251064,-0.8794302634417734,-105.62362676752528,119.76739330125164,45.88710031240931
5.9,7.230012426278061,-7.9084107403646975,-0.7410006296680344,-114.24412907673904,125.87404522383454,38.08145046468677
5.91,7.153840251608885,-8.081610117934762,-0.6205566189714523,-122.76421501540678,132.75094995793967,29.224289605263465
5.92,6.997426442071407,-8.245109952044112,-0.5157647886104527,-131.07429332758352,140.1101278643961,19.70045876593526
5.93,6.78202159661191,-8.398628888283394,-0.4245940311682741,-139.09373957710034,147.72355901364563,9.815018580106866
5.94,6.524817439984922,-8.542107466212165,-0.3452764507646018,-146.76536680599446,155.41269294020157,-0.19281875873216947
5.95,6.23962950069262,-8.675657042029316,-0.2762732962248433,-154.05082592177286,163.0396440880303,-10.137993959425616
5.96,5.937472539348628,-8.799518013482615,-0.21624529827682754,-160.926789777263,170.49981543421117,-19.879800098090513
5.97,5.627044873017312,-8.91402581954088,-0.16402684206230253,-167.3817968888529,177.71573081747138,-29.313686077723155
5.98,5.315135380466503,-9.019583423873913,-0.11860347961583334,-173.41364950727558,184.631889051257,-38.36441621716497
5.99,5.006964950537501,-9.116639192443362,-0.07909235087375799,-179.0272767697043,191.2104807450732,-46.98037500803192
6.0,4.706472403395961,-9.205669246622419,-0.04472513744820407,-184.23298731797462,197.42783256150946,-55.12883762903893
6.01,4.416553431312656,-9.287163518624784,-0.014833221896636162,-189.04504740465075,203.2714639746949,-62.79205376654368
6.02,4.1392598365721165,-9.361614859398083,0.011165232539667957,-192.0745146365645,206.5561744476854,-69.76932781296851
6.03,3.8759652587774513,-9.429510653749544,0.033776529959030986,-193.6918487885521,207.83038747469868,-76.11240753893489
6.04,3.627502656110013,-9.491326486085045,0.05344123376512094,-194.20274770509653,207.54540381608854,-81.87082161758204
6.05,3.394278012566037,-9.547521475121835,0.07054269083907855,-193.8585493489337,206.07111306471376,-87.09162584002155
6.06,3.176364066531336,-9.598534959304347,0.08541445186696674,-192.86504524266948,203.7092948634313,-91.81924745032646
6.07,3.030785247433966,-9.441237252517453,0.12126369934352228,-191.3899399231442,200.7048668677083,-96.09540703555481
6.08,2.9428626789463865,-9.126909066813152,0.17261369039051758,-189.56915719533356,197.25538493554996,-99.95910101431473
6.09,2.900456967464546,-8.69726579858934,0.2350290946235215,-187.51216493192643,193.51905673849825,-103.44663079470412
6.1,2.893562688869628,-8.186047596377527,0.30494121513592265,-185.30646524694401,189.6214919979665,-106.59166720789749
6.11,2.913964574181806,-7.620361369740708,0.37950063216673097,-183.02137549989584,185.66137997790364,-109.42534094287527
6.12,2.954946305527352,-7.021811909194696,0.45645314470333836,-180.71120726387622,181.7152569472633,-111.9763514752352
6.13,3.0110441419399208,-6.407453870507988,0.5340354879781888,-178.41793468842562,177.84150240900328,-114.27108845352272
6.14,3.0778387176004824,-5.79059173353679,0.6108878212983369,-176.1734302370896,174.0836824123823,-116.33376072668781
6.15,3.1517793190030923,-5.181450867206704,0.6859804230387887,-174.00133426283094,170.47334073665087,-118.18652920572534
6.16,3.230035774467542,-4.587739424747626,0.7585524083863411,-171.91861502843244,167.0323237390338,-119.84964058489898
6.17,3.3103737985814563,-4.0151178762282145,0.8280606095370242,-169.93686734852682,163.77471183868585,-121.34155963168975
6.18,3.3910502420658366,-3.4675904894519736,0.8941370352690001,-165.43018760377834,162.9150606050025,-122.23831706389379
6.19,3.4707252184512862,-2.947830935678727,0.956553563793966,-159.06077361789625,163.90478005726052,-122.66539205005166
6.2,3.5483885250830953,-2.457452372076105,1.0151927252616124,-151.36472582217564,166.29495957450087,-122.72619336679674
6.21,3.6232981578936507,-1.9972307941291585,1.0700236031780663,-142.77322476260557,169.72001977403644,-122.50561638482348
6.22,3.6949290461721436,-1.5672891204802593,1.121082031533194,-133.6303845019565,173.88389393033654,-122.07305565823734
6.23,3.907068553663925,-1.0957195872103167,1.1724826089998825,-124.20828204455401,178.5483619885923,-121.48495363853488
6.24,4.223470292936321,-0.5996469978753558,1.2233420103571928,-114.71958981865906,183.52321493962262,-120.78695441034806
6.25,4.61475402623962,-0.09256539044897388,1.2729923956095524,-105.32817561729169,188.65797424682358,-120.01572136985584
6.26,5.057255477889964,0.41502184633761496,1.3209413406369908,-96.15798075034962,193.8349312437927,-119.20046920807499
6.27,5.532056409967727,0.9150651550283218,1.3668384182261706,-87.30044123112287,198.96330589391295,-118.36425322158536
6.28,6.024167867184019,1.4015194670723266,1.4104473929706025,-78.8206775174786,203.97435383081884,-117.52505268159196
6.29,6.521843453690493,1.869968854933013,1.4516231487441422,-70.76264471300911,208.8172758789059,-116.69667960125963
6.3,7.016002895645597,2.3173137010305225,1.4902926000591314,-63.15340639844639,213.45580588636463,-115.88953962411053
6.31,7.499749048148011,2.7415106191203265,1.5264389518462462,-56.00667071388358,217.86537120635077,-115.111267803729
6.32,7.96796399228036,3.1413568279840773,1.5600887688106582,-49.325706350485746,222.03073597936594,-114.36725866306614
6.33,8.416971996502308,3.5163119280831356,1.5913013979113697,-43.105738223032944,225.9440508840281,-113.66110702938572
6.34,8.84425893728939,3.866351099595178,1.620160357724237,-37.128094809466994,236.9685572972221,-111.84380174689001
6.35,9.248239330434352,4.191844651227911,1.6467663682415221,-31.42938193330765,253.2653117964297,-109.20416484705906
6.36,9.628063454397926,4.4934596258962864,1.6712317455400447,-26.03326763854022,273.34399444744133,-105.9761746292657
6.37,9.983458182832571,4.772079831097131,1.6936759290101628,-20.953144668506713,296.0044864232558,-102.34816374956038
6.38,10.314596112683585,5.028741225218136,1.7142219455886885,-16.194329477879393,320.28760597625035,-98.47057472057412
6.39,10.621988400965087,5.264580070322997,1.7329936466317988,-11.755872043213486,345.4336260250079,-94.46248974962253
6.4,10.263224849790534,5.4449400756326085,1.6673543763893082,-7.6320394128721905,370.8473977025722,-90.41712015077488
6.41,9.40004141451954,5.580005969141021,1.5381135698538184,-3.813526283191008,396.06907653847964,-86.40641340867629
6.42,8.164148746663319,5.6782831537155705,1.3621972246961183,-0.2884376638539927,420.7495955606825,-82.48491270912149
6.43,6.662211395544284,5.746858402003655,1.1532936131738771,2.9569183050736276,444.63015599079597,-78.69298383431982
6.44,4.9800513549133925,5.791621617067912,0.9223982447713194,5.937395276517062,467.52511436712035,-75.05950727651354
6.45,3.186192068259845,5.817454318959797,0.6782731776385593,8.668504312832862,489.3077374463825,-71.6041188451226
6.46,1.3348420977241622,5.828389710737025,0.42783357658943744,11.166017445124133,509.8983753282178,-68.33906957975886
6.47,-0.5315968343691597,5.827748483961199,0.17647252927699353,13.445660070704571,529.2546708263695,-65.270765133156
6.48,-2.380425144341091,5.818253927774063,-0.07166648396654937,15.522876173559835,547.363480819855,-62.40103569539514
6.49,-4.186882379408022,5.802129393696818,-0.3134614552941596,17.412652968346524,564.234234567682,-59.72817977124392
6.5,-5.9326733659528905,5.781180728642415,-0.54662122310289,17.03814368672467,567.7359173501171,-52.057427770389964
6.51,-7.604738771808291,5.7568659112001,-0.7695265418454664,14.935892085377866,560.9471913811983,-40.68001708582381
6.52,-9.194232007981828,5.730353802358325,-0.9810979024164161,11.543685451762688,546.3859450552886,-26.642467888486856
6.53,-10.695670094927477,5.702573643989493,-1.180685898753293,7.2168602252172755,526.1013823049002,-10.787586848518139
6.54,-12.106230988136996,5.674256700176019,-1.3679805694056943,2.242074282624424,501.751851709995,6.210956367216005
6.55,-13.020937187810894,5.234876091628579,-1.4707891052269748,-3.1510755528392345,474.67054152467693,23.819513698524705
6.56,-13.541712353376678,4.487640186777749,-1.5073065606959712,-8.780267277602986,445.9208580620948,41.61997937876848
6.57,-13.75274695899147,3.516378131707929,-1.4924993225285472,-14.502222453162688,416.3430401132101,59.28924261241187
6.58,-13.723339032681054,2.388772024987162,-1.4386279788921048,-20.205794096119917,386.5933351037014,76.58197173485115
6.59,-13.510301791714,1.1590838491386501,-1.3556899192502643,-25.80617254000717,357.1768682041759,93.31621803586168
6.6,-13.160002063603068,-0.12954703313815807,-1.2517935623486949,-31.24003777767074,328.4751690279115,109.36140332826253
6.61,-12.710084177024337,-1.4431710674885556,-1.1334743896842323,-36.4615121974808,300.76917793939793,124.62832026575282
6.62,-12.19092610484649,-2.7554051083585698,-1.005961485774187,-41.43878935956224,274.2584319663266,139.06082991686642
6.63,-11.626867860447101,-4.046071278581572,-0.8734020205028369,-46.151333040537686,249.07702594059506,152.62898852604926
6.64,-11.037246331759333,-5.30005788893072,-0.7390500233341026,-50.587556655026106,225.30685528119753,165.32337589048535
6.65,-10.43726574992402,-6.506368170464744,-0.6054248688871952,-54.74290672463402,202.98857061570257,177.15043234309292
6.66,-9.838728714613795,-7.65732766460072,-0.4744440964374192,-54.816410454105174,173.68357765906265,190.07770316863474
6.67,-9.250649035788566,-8.74792547003919,-0.34753450352372484,-51.76360208363614,139.48727668196236,203.64533701680529
6.68,-8.679764515503802,-9.775268266858657,-0.22572486983161935,-46.364911142438956,102.08038520446428,217.49125452529825
6.69,-8.130965109106032,-10.738129216503893,-0.10972316794498203,-39.25450840398426,62.79986805443506,231.3338905001554
6.7,-7.6076496087529595,-11.636576549568154,1.930956111499682e-05,-30.944676363542634,22.698614329343386,244.9577228637155
6.71,-6.813232966158373,-12.144563749108476,-0.08455248593517187,-21.846372389399153,-17.40443374657592,258.20116133169563
6.72,-5.823667271575668,-12.345667608926718,-0.3165747123942795,-12.28655559061119,-56.88224549616138,270.9464319973102
6.73,-4.700152548042415,-12.308671663960578,-0.657863327770873,-2.522765172935859,-95.26451987481023,283.11114808508836
6.74,-3.491638016774105,-12.089958617596492,-1.0774763875471576,7.24463332142394,-132.20830041666935,294.64130338533903
6.75,-2.23692854725971,-11.735535806824045,-1.550500146007951,16.86217864802091,-167.47348754376978,305.5054644060725
6.76,-0.966455913611818,-11.282748064094765,-2.0570254744231216,26.214718497321392,-200.90248303883465,315.68997104060173
6.77,0.29623425767503375,-10.761724478816179,-2.5812859840781255,35.21823009292143,-232.4033162610119,325.1949843695287
6.78,1.5332364472903572,-10.19659882010576,-3.110933421406517,43.813837063100806,-261.93569972391305,334.0312448030895
6.79,2.7312431167256777,-9.60653759984144,-3.63642948402659,51.96283569553344,-289.4995453482606,342.2174247318613
6.8,3.880674986813256,-9.006604796829048,-4.150536274407168,59.642571715746975,-315.1255441020851,349.7779777127668
6.81,4.974956903180101,-8.408488013322232,-4.647890234629687,66.84303267316442,-338.86747261513693,356.74140142138566
6.82,6.009916481286278,-7.821107194491667,-5.124646653633963,71.81841633316894,-346.2239103577057,361.9510319417128
6.83,6.983286150753722,-7.2511239239105825,-5.578183761096082,75.01248481765414,-340.92026238939576,365.73651407537403
6.84,7.894292145334207,-6.703366639810837,-6.00685706585464,76.79282655081228,-326.0066057981992,368.37248444215567
6.85,8.743316482664044,-6.181184834174925,-6.409796001281433,77.46296590040504,-303.9683122393424,370.08717282543915
6.86,9.531620108390575,-5.686743344950946,-6.786736139322548,77.27263562274317,-276.81956683897795,371.06971268411814
6.87,10.152001554518847,-5.199091949373979,-6.852801383458361,76.42648219730295,-246.18233089433988,371.47634914335487
6.88,10.634124121796448,-4.724258772301395,-6.679820767508307,75.09143532161741,-213.35292618837732,371.43570586771807
6.89,11.002859069840293,-4.266658812162989,-6.32652348705423,73.40293950552041,-179.35810172305634,371.05324909625057
6.9,11.279020138345105,-3.8294030331169755,-5.840691530346354,71.47021709154738,-145.00217188674722,370.41506725409187
6.91,11.479989313632462,-3.4145553892674183,-5.260978836455225,69.38070747629385,-110.90658215446761,369.5910674959689
6.92,11.620249552311337,-3.0233459683627975,-4.618446714000217,67.20380624779827,-77.54305890390248,368.63767589215655
6.93,11.711837945169986,-2.656347209102029,-3.937858030964348,64.99400989710949,-45.26132910419008,367.60011540029774
6.94,11.764730887434107,-2.313619093275783,-3.2387664919061923,62.793556286471066,-14.31224944340731,366.51432498621364
6.95,11.787171173113917,-1.99482831563888,-2.536432009003758,60.63463779884991,15.132940585057748,365.40857401314594
6.96,11.785945514132617,-1.6993456684537684,-1.8425886235158981,58.54125274115793,42.96663401958478,364.3048180960606
6.97,11.766619767191736,-1.4263252250080773,-1.1660875373843194,56.53075085728192,69.13162391446353,363.21983582991624
6.98,11.733738105202754,-1.1747683507292188,-0.5134344786681994,52.14980805779432,91.47080956969158,358.071180097557
6.99,11.690991471723647,-0.9435750977543238,0.11076223001552066,46.02244866353359,110.53181407807412,349.8917221134451
7.0,11.641359885595524,-0.7315851369180084,0.7034189721325013,38.653729054435004,126.7851329504596,339.5196101863368
7.01,11.58723250112875,-0.5376100397633606,1.2626676657512441,30.44972927474335,140.6348594004038,327.63081183298306
7.02,11.530508761441238,-0.36045843350803086,1.787600061400731,21.734405610999065,152.427933426136,314.76656290880624
7.03,11.202952839470468,-0.26196038444523106,2.231655566485483,12.763776530772986,162.46211615792888,301.3564885307833
7.04,10.67315908921987,-0.22522049712456824,2.6068513349646603,3.7378453204315676,170.99286363761513,287.7380489518159
7.05,9.996805029040198,-0.23633826312711437,2.923463933722708,-5.189396408117825,178.2392505730372,274.1728678842969
7.06,9.21880876376138,-0.2839233298614526,3.190276721307421,-13.901590850161615,184.389074170891,260.86041881878555
7.07,8.375148876848515,-0.3586851570508451,3.414792578656538,-22.313011675317618,189.60325046970266,247.94947470895988
7.08,7.494397465355095,-0.45308603791380425,3.6034167885229476,-30.362724249650846,194.01960030051623,235.54766633254712
7.09,6.599009596159272,-0.5610480554821041,3.761614202506246,-38.00972718547393,197.7561087756623,223.72944325791002
7.1,5.706406124491231,-0.6777059118159259,3.8940442662980486,-45.228921133440444,200.91373076795128,212.54268741548614
7.11,4.829881386425212,-0.7991987406993843,4.00467698285274,-52.007773919642304,203.57880495317332,202.0141917327634
7.12,3.979362627805522,-0.9224950199898544,4.096892469232852,-58.34357092908369,205.82513043946557,192.15418422985437
7.13,3.1620440528028606,-1.045245561634279,4.173566396785862,-64.24115653117032,207.71575261741646,182.96005060684817
7.14,2.382914971116403,-1.165660295680256,4.237143288243856,-69.70288368696836,208.26051410338795,170.37415051100206
7.15,1.6451986121515152,-1.282405196814203,4.2896993725125725,-74.74556723301737,207.76633909884444,155.38808389838547
7.16,0.9507156871291556,-1.3945162430446594,4.332996462460299,-79.38862858494524,206.48444982819638,138.7985470871886
7.17,0.3001846556725184,-1.5013277590172798,4.368528117850585,-83.65318136087524,204.61949634241589,121.2405649178787
7.18,-0.30653115990635244,-1.6024128921991723,4.397559180292357,-87.56130487118297,202.33727421513993,103.21546024265893
7.19,-0.8702210162103887,-1.6975343083509467,4.421159615907271,-91.1354727951501,199.77124050495772,85.11435715940226
7.2,-1.2958917496898792,-1.9067685752741654,4.365014611676389,-94.39810959951319,197.02800782833452,67.2378975306682
7.21,-1.6092404870462098,-2.2001012081485958,4.248691770754676,-97.3712516903613,194.19197020360215,49.81275022850201
7.22,-1.8316966220995534,-2.55323833006576,4.088112818005948,-100.07629404600499,191.32919187836015,33.005406852960675
7.23,-1.981087231404464,-2.946645496376311,3.89615932577636,-102.53380625507587,188.49067111562235,16.933684348984325
7.24,-2.0722028192878414,-3.3647374284519467,3.683183975072826,-104.76340456741019,185.71507443609462,1.6762922389245514
7.25,-2.1172779128346795,-3.7951959478777937,3.45744150382992,-106.78366882892539,183.0310227058922,-12.719231411573157
7.26,-2.126398954568436,-4.228396721377617,3.225451432037228,-108.612095078696,180.45899838580144,-26.229956965679637
7.27,-2.1078501591057113,-4.656928271066895,2.992302885945366,-110.26507619057199,178.0129329315788,-38.852153890453664
7.28,-2.068406469468536,-5.075189140812327,2.7619103290008877,-111.75790428887436,175.7015245067587,-50.59684925644544
7.29,-2.0135814341296276,-5.479051195135981,2.537227709949633,-113.10478979712344,173.52932862671267,-61.48619662640093
7.3,-1.9478366971650007,-5.8655788118035295,2.320427428020553,-115.3147524394216,171.56601722438506,-73.74841254048559
7.31,-1.8747588251582552,-6.232795255630191,2.11304956485578,-118.15097784619016,169.79330974097195,-86.87013381001158
7.32,-1.797208363384993,-6.579488825815757,1.916126020169379,-121.42236966002562,168.19423193740613,-100.44488697246099
7.33,-1.7174453010369484,-6.90505248383571,1.7302834934537068,-124.97582025718049,166.75307494815405,-114.15438715976663
7.34,-1.6372345142230245,-7.209351620697303,1.5558286606018061,-128.68969944473375,165.45534416031802,-127.75284209755114
7.35,-1.3888314506588793,-7.4337528876585655,1.4011773251276665,-132.46837740950525,164.28770110150109,-141.05380215776816
7.36,-1.0155374730760356,-7.593476078181117,1.2641044694501584,-136.2376250948849,163.23790088300842,-153.9191652014067
7.37,-0.5524566078473578,-7.701184441578365,1.1426319007369077,-139.94075822752112,162.29472721755297,-166.2500029816705
7.38,-0.02786829528403645,-7.767386009779721,1.0350013106168108,-143.5354109505157,161.44792659528937,-177.97892551684635
7.39,0.5356149642610695,-7.800774538406077,0.9396502133277239,-146.99084191108165,160.68814284394242,-189.06374227788962
7.4,1.120072741658712,-7.808518887848035,0.8551904636325212,-150.28569010102927,160.0068530055058,-199.48221529372137
7.41,1.7114569815153646,-7.796508407141909,0.7803890855278733,-153.40611010425434,159.39630522286674,-209.22773023875317
7.42,2.298903915444437,-7.769560798364688,0.7141511697051294,-156.34422696446956,158.84945913580142,-218.3057379898126
7.43,2.874157491180063,-7.731598007295181,0.6555046221266984,-159.09685990487702,158.35992912952014,-226.73084167437668
7.44,3.431087189927964,-7.6857948858936025,0.6035865681662325,-161.66447182948778,157.92193065393727,-234.5244234379589
7.45,3.965285643814201,-7.634704685353431,0.5576312367251534,-160.05210479005711,161.95663606085134,-242.17756540635844
7.46,4.473733637511254,-7.580364849231215,0.5169591667667467,-155.2646345912734,169.35271310581913,-249.60360281331498
7.47,4.954521935224447,-7.524386070805905,0.4809675949741112,-148.12103025796597,179.2067766073442,-256.73973145593305
7.48,5.406620961048228,-7.468027145592686,0.4491218978989041,-139.28512954562174,190.7887662474596,-263.5423966908136
7.49,5.829690715803182,-7.412257778701429,0.42094797517102833,-129.29162536670785,203.51273074930637,-269.98346235984997
7.5,6.223924469978019,-7.357811188758101,0.3960254722204511,-118.56797953649709,216.91220780932488,-276.0470367102083
7.51,6.0874474775497225,-7.205585327883394,0.37055339227047085,-107.45287597060921,230.61950734263087,-281.7268509204794
7.52,5.5467775227600935,-6.980875741778019,0.3450585436795411,-96.21173606906055,244.34830690183963,-287.02410167646076
7.53,4.705095299206157,-6.70418189082581,0.31994461985711764,-85.04974240898328,257.8790549252676,-291.9456827446893
7.54,3.646101842122578,-6.392010928521372,0.2955147466203073,-74.12275124097124,271.0467518037474,-296.50274200404095
7.55,2.4372762446347975,-6.057555474123889,0.27199031638243204,-63.546418092946865,283.7307423856499,-300.7095102025439
7.56,1.132623314610797,-5.711264321942632,0.2495266851630833,-53.4038126969134,295.8462079813932,-304.582356054483
7.57,-0.22501221485462208,-5.3613222628985024,0.22822622243009624,-43.751758320311005,307.33709248467494,-308.13902939339755
7.58,-1.6019994918694802,-5.014052822960052,0.2081491302996828,-34.62609541759494,318.17023701867697,-311.39806013110723
7.59,-2.9722875243985207,-4.674255692023425,0.18932238585140243,-26.04603946992803,328.33053150535545,-314.3782858969926
7.6,-4.31603569735984,-4.345488877837204,0.17174710672925964,-18.017777221402927,337.8169205731975,-317.0984855787331
7.61,-5.618468225137103,-4.030304131384672,0.15540459448372437,-7.3655485432914745,342.6496728818078,-311.88147452914797
7.62,-6.868917953823803,-3.730442917204067,0.14026127113192824,5.129213359376535,343.8439727918094,-300.6690523110414
7.63,-8.06003007494606,-3.446999113890728,0.12627269120427292,18.839434107366472,342.2339216480323,-285.04158751419357
7.64,-9.187100713384256,-3.18055370019941,0.11338678327209507,33.26601833461867,338.50194627782747,-266.27803488044765
7.65,-10.24752911291687,-2.931285888151379,0.10154645089789492,48.01565297213021,333.20368478692336,-245.40659550647894
7.66,-11.240365354544704,-2.69906448692474,0.09069164250361832,62.782160038785456,326.7890208206542,-223.2474215872454
7.67,-11.69436247150125,-2.8334180471273953,0.07014737291263128,77.33085838608736,319.61984033365667,-200.44856299928156
7.68,-11.7287171786789,-3.2463312877961874,0.04250561380527195,91.48547352095775,311.9850015805858,-177.51617800225793
7.69,-11.44124637356993,-3.866065014436416,0.009861741772992594,105.11720283482795,304.11293757306925,-154.83988036387646
7.7,-10.911869641946346,-4.634462336169772,-0.026101812466924307,118.13560192146562,296.18224898023516,-132.71396676005506
7.71,-10.205555196766628,-5.50467401474422,-0.06404506786206499,130.48100756714967,288.3305929485304,-111.35515833275343
7.72,-9.374808977851428,-6.439240252797403,-0.1029111685886248,142.11825564638983,280.6621283469357,-90.91739618790136
7.73,-8.461775091840549,-7.408475352981912,-0.1418765399481999,153.03148858758323,273.2537394434188,-71.50415013656304
7.74,-7.50000586517846,-8.389109502295335,-0.18030908145868396,163.21987817400344,266.16022707286027,-53.17863118887334
7.75,-6.515951287496886,-9.36314864001506,-0.21773316665485637,172.69411597963762,259.41862817863796,-35.972239538472266
7.76,-5.530210340717291,-10.316919110456489,-0.2538004011541938,181.47354636239444,253.05180052245782,-19.891529594595312
7.77,-4.558580469890456,-11.240268718912324,-0.2882652462997147,189.58383621228023,247.0713887775315,-4.923930800148968
7.78,-3.6129361083216227,-12.125900017278319,-0.32096474889082105,196.75704521903216,237.89769246067334,14.07851064872634
7.79,-2.701962595427959,-12.968815245444809,-0.3518017313607178,203.10072031452924,226.42247664838078,35.87321535726015
7.8,-1.831767912190186,-13.765855431924704,-0.3807308940117213,208.71016358585467,213.36446021946335,59.46520436289916
7.81,-1.0063913123332942,-14.515318786699549,-0.4077473639474627,213.66981306568422,199.29864357514433,84.06461433029622
7.82,-0.22822506693765365,-15.216645764781859,-0.43287729618033555,218.05446965077743,184.68100827597596,109.05096519079873
7.83,0.7381185126142845,-15.402816111051411,-0.6653251302933111,221.930387041696,169.86928737073805,133.94315594038974
7.84,1.833436245199139,-15.19166074942886,-1.052868735625225,225.35623977784152,155.14040281249748,158.37431487460177
7.85,3.0103854741281815,-14.679602195226767,-1.5531021719633276,228.38398281367418,140.70507865364928,182.07075946681718
7.86,4.231443985743727,-13.945165549115373,-2.1317976127227602,231.0596146252699,126.72006361556785,204.83443144418808
7.87,5.467194627672133,-13.051946248981409,-2.7615234093554077,233.423854533753,113.29833235804351,226.52826701367223
7.88,6.694885328091192,-12.051115530926008,-3.4204798566311,235.5127437678455,100.51757979590701,247.06404290259493
7.89,7.897222468598109,-10.983532800994123,-4.091519826316691,237.358178747575,88.42727580621019,266.39230785032333
7.9,9.061361771976872,-9.88152404212449,-4.761326243321024,238.98838414224954,77.05450750462653,284.4940680938916
7.91,10.178066179689099,-8.770376741706732,-5.419722496288076,240.4283324265746,66.40880196896676,301.37394566953145
7.92,11.24100473903613,-7.669594421985218,-6.059095400961473,241.70011591884574,56.486093012462135,317.0545712404193
7.93,12.246170405738763,-6.593947514354915,-6.673913352962019,242.82327662513384,47.27197063931857,331.5720097206238
7.94,13.191397987968296,-5.554351889538669,-7.260324888822407,239.695489093618,44.95136173426617,342.74189231139553
7.95,14.075966293300777,-4.558601709764689,-7.815825082077664,233.36194099771336,47.94485859236252,351.17427300883963
7.96,14.900270959988134,-3.6119792954101624,-8.338979088131257,224.6729441586971,54.96019428696188,357.3789978708072
7.97,15.665556517920827,-2.717761301679194,-8.829193763263989,214.31632245134563,64.94513572053073,361.7812249077697
7.98,16.37369798387053,-1.8776375986401836,-9.286529658861488,202.8447476683524,77.04766683809859,364.7346297500102
7.99,16.7654107939903,-1.1597022853971883,-9.395391693633613,190.6987802928052,90.58237550876619,366.53263314875664
8.0,16.908737401832145,-0.5465351973611893,-9.235752459417995,178.22626182882678,105.0021152955466,367.4179385142226
8.01,16.85965384530743,-0.02316201749985891,-8.873036304168256,165.6986107887679,119.87414859643245,367.5906265516228
8.02,16.66402318726027,0.42328499547990744,-8.360506821177546,153.3244934176483,134.86009359872892,367.21501869663814
8.03,16.35924913364197,0.8038596773631674,-7.741284782306884,141.26127084573415,149.69909685675702,366.42549067178055
8.04,15.975674262377304,1.128054376346239,-7.050051599697989,129.62456495714775,164.19373841592295,365.3313913922524
8.05,15.537760872465647,1.4040176087497431,-6.314485403642772,118.49623443374335,178.19824927503555,364.0212000471097
8.06,15.065086950932262,1.6387416990469612,-5.556469965981078,107.93100896373463,191.60868333474622,362.5660349539987
8.07,14.573185027399946,1.8382245072581602,-4.7931108189278895,97.96199244820085,204.3547393127318,361.02261128967945
8.08,14.074247632392392,2.0076087899939505,-4.037587881044544,88.60521429649215,216.39297369724056,359.43573065153373
8.09,13.577719601333602,2.1513022597448845,-3.299869586711287,79.86338080070749,227.7011847619857,357.84037327777315
8.1,13.09079449003338,2.27308099033943,-2.5873098209450225,68.9836428148613,235.8533121434002,351.2349375810225
8.11,12.618829819037376,2.3761784561018247,-1.9051457999529604,56.63706760984061,241.46168596443002,340.89687060099436
8.12,12.165693683133602,2.4633621805745674,-1.256912333881648,43.36036039646788,245.03486762483678,327.86254009126975
8.13,11.734053396533312,2.5369997011775336,-0.6447855968288986,29.57896941440958,246.9940243238226,312.96754423083576
8.14,11.325615249034133,2.5991153231832804,-0.0698675544474357,15.62651415604604,247.68683133829893,296.8807107715842
8.15,10.739335007213915,2.6232098099816916,0.45193403353911293,1.7610949245482352,247.39926426597145,280.1327334235387
8.16,10.026055040707593,2.6178178887807615,0.9249151863172655,-11.821040173388338,246.3655915189399,263.14025493169856
8.17,9.226685909465134,2.5899346852240996,1.3531278628768313,-24.974064995661834,244.77683275138543,246.2260877280757
8.18,8.373894904147233,2.545267268669404,1.7403738517602982,-37.593036250282765,242.78791060511114,229.63616146705075
8.19,7.493527635948415,2.4884473674217555,2.090204001815448,-49.60595131631625,240.52369028054002,213.55369977553087
8.2,6.605803030047,2.42321103103806,2.405921554173056,-60.9671528150557,238.08407323078183,198.11105410896826
8.21,5.726316159434246,2.3525501792593233,2.6905885621628958,-71.65186734041784,235.54828707970475,183.39955892505364
8.22,4.8668782872551954,2.278840258690301,2.9470345751213216,-81.6516978623292,232.97849311904096,169.47771794166505
8.23,4.036219146254748,2.203947612337607,3.177866919806345,-90.97091671719369,230.42281495979773,156.37798472091964
8.24,3.24057277039105,2.129319639156051,3.385482044333842,-99.62342946986817,227.9178766822553,144.1123610875221
8.25,2.4841650174580456,2.056060368452109,3.5720774983574906,-107.63029985129288,225.49092578722662,132.67700297620954
8.26,1.7696182063459323,1.984993686687339,3.7396642131825106,-114.1006333800197,221.5587145584199,119.99646320385759
8.27,1.0982859727390655,1.9167161227316973,3.89007881963944,-119.29345691951337,216.5354791870144,106.56071465621535
8.28,0.4705294661847602,1.8516408140354765,4.024995802401159,-123.42704900569584,210.75541650910998,92.7566929610484
8.29,-0.11405567893001667,1.790034033720628,4.145939339165584,-126.68507963409027,204.48622140400954,78.88639997629483
8.3,-0.6564536075502362,1.7320454513901873,4.254294713576384,-129.2218517927971,197.9404904578544,65.18209136333827
8.31,-1.1341168090321194,1.740143998490472,4.277182114085021,-131.16677337066957,191.28531380442539,51.818994357116246
8.32,-1.5547539975255593,1.798713964262714,4.234275481441868,-132.62816994793644,184.65032991657466,38.925935878022564
8.33,-1.9251581887545126,1.8950109542404818,4.141665708301924,-133.6965333750949,178.13447773811745,26.594204684997358
8.34,-2.2513151759648906,2.018688056657203,4.012448995924438,-134.44728761815225,171.81164596495307,14.884922995259354
8.35,-2.538499194673385,2.161395602934736,3.8572241068241055,-134.9431417945844,165.7353896860467,3.835161732877765
8.36,-2.791357284080304,2.316443527382617,3.684512096312537,-135.2360903859999,159.9428592742895,-6.5370016825843535
8.37,-3.0139836762187215,2.4785169300476726,3.5011101336347337,-135.36911206714612,154.45806476725215,-16.228314193132157
8.38,-3.2099853877587803,2.6434368175561107,3.3123893319964983,-135.37761124384954,149.29458047643837,-25.246923471627632
8.39,-3.3825400514729065,2.8079591717804444,3.122545056804779,-135.29064007845295,144.45777876196473,-33.60957856810654
8.4,-3.53444690257477,2.9696065027993805,2.934806938973544,-135.13193335684537,139.94666842179015,-41.33935225809655
8.41,-3.6681717275969037,3.126526904629513,2.751614755962543,-134.92078389253885,135.7554016391285,-48.463798407337386
8.42,-3.7858864885107733,3.277376370020872,2.5747654321578306,-133.73270405435827,133.7606756236668,-55.425815046485255
8.43,-3.889504250952474,3.4212207518045554,2.4055356306173814,-131.8152256461519,133.47884372708415,-62.154690081981514
8.44,-3.9807099714007688,3.5574542979857418,2.2447837414595786,-129.36926205789777,134.51285001365235,-68.59992740475236
8.45,-4.060987632815857,3.6857321489996853,2.09303450223783,-126.55689518473605,136.5381385609678,-74.72729777054954
8.46,-4.131644160574036,3.805914579479116,1.9505489987362126,-123.50794402896011,139.29073245561608,-80.51556108544818
8.47,-4.193830499629923,3.918021103135569,1.8173823788875334,-120.32549789361666,142.55716022721217,-85.95375395020731
8.48,-4.048899157662869,4.0257039399485475,1.5692686171457708,-117.09057038540656,146.16595412691524,-91.03895236306653
8.49,-3.7476578933808606,4.128317347196788,1.2370252274193312,-113.86600756841123,149.98048468876735,-95.77443317348896
8.5,-3.331448739580872,4.225446137946272,0.8455613942315987,-110.69976401214277,153.89293034254837,-100.16816955688286
8.51,-2.833720563396805,4.316858131833436,0.4148735314123723,-107.62764369543498,157.81921027524714,-104.23160573234253
8.52,-2.281356388452803,4.402464890718398,-0.03911573123691625,-104.67558836396442,161.69473395379393,-107.97866462086097
8.53,-1.6957922171917266,4.482289410947222,-0.5038515459022009,-101.86158365137032,165.47084231777825,-111.42494935393196
8.54,-1.0939587389263443,4.556439646576365,-0.9695536923505876,-99.19724276748781,169.11183413836346,-114.58710567528425
8.55,-0.48907272058368684,4.6250869106271715,-1.4287190905321556,-96.68911857877326,172.59248685821208,-117.48231748889329
8.56,0.1086990547190303,4.68844834856252,-1.8757053314753538,-94.33978723774536,175.89599475531162,-120.12791222917375
8.57,0.6916838037051882,4.746772803410483,-2.3063827451431873,-92.1487399729311,179.01225883660172,-122.54105647987014
8.58,1.254238098964822,4.800329498475166,-2.71784437833976,-88.30295786435562,185.02303501076756,-127.45868158618659
8.59,1.7923604172266536,4.849399054095389,-3.1081648415943275,-83.25035973647196,193.15600362832,-134.21696195530095
8.6,2.303368841876702,4.894266431771882,-3.4762003393736944,-77.35273993955367,202.78669820069115,-142.27889587922755
8.61,2.785633685095072,4.935215464184012,-3.8214233558083084,-70.90030073660758,213.41360960452698,-151.21297183849592
8.62,3.238356335604526,4.972524684871672,-4.143786456581555,-64.12389728846748,224.63720402926805,-160.6751866067093
8.63,3.571669875282006,4.836950436884543,-4.367864620351985,-57.205340018977914,236.1422652290031,-170.39391054476783
8.64,3.8083527904212953,4.571130630818076,-4.51319215792072,-50.286048687353436,247.6830578470971,-180.1571692544569
8.65,3.967354713099481,4.209745003816905,-4.595955504529272,-43.47430926646354,259.07088244771444,-189.8019739813367
8.66,4.064397720882788,3.780838445584494,-4.629524965143174,-36.85134770568123,270.1636561505665,-199.20538730377064
8.67,4.112487137453089,3.306937839350547,-4.624905833970331,-30.476402968431,280.85720692071004,-208.2770569990127
8.68,4.12234506361702,2.805993362087829,-4.591120736135337,-24.390954623217063,291.0780159022151,-216.95299064069783
8.69,4.102777974842265,2.292170678525938,-4.535533337228305,-18.622237083549873,300.7771818114578,-225.1903774032271
8.7,4.060988094767183,1.7765165976968977,-4.464122104670916,-13.186152778436714,309.9254152761677,-232.96329254323817
8.71,4.00283685697896,1.2675174483481495,-4.381711549983683,-8.089679610796379,318.5088999401461,-240.25914479819605
8.72,3.933067567782056,0.7715665926225744,-4.292167304207775,-3.3328536135280533,326.52588185568976,-247.07574809030135
8.73,3.8554933531190816,0.29335506882295337,-4.198560455032348,1.089604612716884,333.9838697620327,-253.4189169687835
8.74,3.7731555895002566,-0.1638027239114902,-4.103305782147532,7.956883620111962,341.59953466279484,-253.23128192310918
8.75,3.688457261268652,-0.5976981632876814,-4.00827784849904,16.588677303584568,349.21692624833463,-248.04643192059117
8.76,3.603275037134007,-1.0070037471337079,-3.914908323541615,26.43655575962477,356.7166180833833,-239.1166024980291
8.77,3.5190533024507005,-1.3910873230918577,-3.824267416565749,37.06162601878641,364.0090133620396,-227.4590517917233
8.78,3.436882907108002,-1.7498589933865059,-3.737131871903512,48.11571702941352,371.0287535384789,-213.89523870733726
8.79,3.1469894808751855,-1.9487415691841818,-3.5314051443979944,59.325556880840296,377.73005871202656,-199.08387806917705
8.8,2.702587693902011,-2.0221015167607748,-3.238096522645364,70.4794881908258,384.0828541931486,-183.54879134512976
8.81,2.146834221158455,-1.9982119529247164,-2.8823159603246724,81.4163343470518,390.06955951161467,-167.7023375666384
8.82,1.514510762008569,-1.9002390063482855,-2.48426438979282,92.01608646123964,395.6824347786963,-151.86509422737723
8.83,0.8334434610655537,-1.7470767971515135,-2.0600686343888572,102.19212982270784,400.92139523663855,-136.2823595578276
8.84,0.12569833282690834,-1.5540534682797427,-1.6224842961203727,111.88477049285213,405.7922184116781,-121.13796331773761
8.85,-0.591413489306225,-1.333527459170422,-1.1814865793816833,121.05585846698052,410.3050798673853,-106.56580112895408
8.86,-1.3044918142314954,-1.0953904293965606,-0.7447660840757855,129.684334408626,414.4733634214832,-92.65944566990179
8.87,-2.0033401440300387,-0.8474908530166267,-0.3181440941685233,137.76255307631354,418.3127000891288,-79.48013529234765
8.88,-2.6803741286565788,-0.595990257772355,0.09408025895060751,145.29325885194442,421.8401971614023,-67.06339552996484
8.89,-3.330127849251015,-0.3456623292607665,0.4888404158863387,152.28710779185016,425.0738249017148,-55.42451045360979
8.9,-3.948842715811583,-0.10014359759938204,0.8640614201670338,160.52650621784286,420.3133394856772,-41.170762091187804
8.91,-4.534126039962461,0.13785686254135582,1.2184599325043313,169.59078786871473,409.5067437689347,-25.137723843533664
8.92,-5.084668287516064,0.36638238885939944,1.5513787476921945,179.14499133783983,394.23994791128916,-7.9929330001182475
8.93,-5.600009675681853,0.5840829576207236,1.8626503132627117,188.92500676985998,375.7968550060404,9.735156067498526
8.94,-6.080348196688756,0.7900940968657886,2.1524845851329086,198.72509674484635,355.21008300036493,27.632831446337953
8.95,-5.974339264386405,0.9201355300867635,1.9128555653908266,208.38742988593208,333.30372499601395,45.38069516691286
8.96,-5.42106445271138,0.9899807597389667,1.2716004164415635,217.79331899573313,310.72934580524503,62.73654896599501
8.97,-4.533996621074073,1.0126469393205135,0.3328698740203845,226.85590112674123,287.99623756848064,79.52108495332362
8.98,-3.4052289433974776,0.9988374996357523,-0.8189476018023991,235.51403600631397,265.49680722207535,95.60594736622639
8.99,-2.1090468160607485,0.9573171864452983,-2.115912612951055,243.7272326015132,243.52784010963887,110.9037962235078
9.0,-0.7049408464426159,0.8952294906206493,-3.5037411275343846,251.471442125939,222.3082740218416,125.36005893887156
9.01,0.7598551591469329,0.8183650127139546,-4.939452191394522,258.7355801504847,201.99402381365556,138.94610315940207
9.02,2.2482295359397604,0.731388068492986,-6.389390346671899,265.51866127630115,182.69031623529975,151.65360440388008
9.03,3.7314002535477107,0.638027782003604,-7.827565835139392,271.8274475714372,164.4619257888195,163.48991647537292
9.04,5.187412377129614,0.5412390035663646,-9.234264039823264,277.674527100972,147.34164362215776,174.47428196018194
9.05,6.599881012729359,0.44333761064462873,-10.594882789662115,283.0767517704444,131.33726126608616,184.634745128861
9.06,7.956941842911518,0.34611408152260237,-11.898962288919016,284.16897459909603,121.46035522368624,195.21916628724244
9.07,9.25037699659924,0.2509286595147603,-13.139377682273219,281.9442862866715,116.4291248908537,205.9627987008901
9.08,10.474888817444539,0.15879093548508807,-14.311668754024513,277.21484863674226,115.1864779971092,216.66045797538766
9.09,11.627498214381651,0.07042625715791578,-15.413485094052465,270.6416097385661,116.86388165663122,227.15576813905943
9.1,12.707047796186915,-0.013668984954417936,-16.444128337291794,262.7594173674849,120.75073958881792,237.33216554344781
9.11,13.251646213566149,-0.039595670556760644,-16.902453518251722,253.99821674950888,126.26847879332308,247.1053891570663
9.12,13.378163295410154,-0.020581950618604898,-16.915436351826482,244.70091920215992,132.9486467968767,256.4172262181638
9.13,13.182610025331186,0.0325421779374613,-16.58725109390987,235.13844271743713,140.4144217246462,265.2303167459078
9.14,12.743527161906178,0.11095202358292665,-16.00298691060012,225.52235230386128,148.36502422052212,273.523849919557
9.15,12.124852623316622,0.20749609253675283,-15.231791427900468,216.01546513871943,156.56259465923148,281.2900105381391
9.16,11.37834499809467,0.3164156751336392,-14.329526598522602,206.7407318226152,164.82116289106784,288.5310552845826
9.17,10.545629347563883,0.4331083918854172,-13.341009688553257,197.78865900524457,172.99739242964463,295.25691686725673
9.18,9.659921859695563,0.5539290907752876,-12.301901606099333,189.22349926998822,180.9828278196543,301.48324975294076
9.19,8.74748167586364,0.6760224525694807,-11.240295721000246,181.08840048408902,188.69741401169836,307.22984452865296
9.2,7.828831149556953,0.7971824881217617,-10.178052547705628,173.40967803107105,196.08409087729927,312.51934927054737
9.21,6.9197797442665685,0.9157348202145743,-9.131919000219035,166.2003487462437,203.10429533881717,317.37624594370794
9.22,6.032281594211953,1.0304382491572812,-8.11446522167119,155.96140361026266,211.2840724524978,321.5504130224761
9.23,5.175152313791826,1.1404026205484585,-7.134867106506885,143.56289235599186,220.22383836058927,325.13664389493175
9.24,4.354666844192169,1.2450204576987591,-6.199558454170043,129.7046900307534,229.6057868470876,328.21670125204736
9.25,3.5750568777144296,1.343910200865415,-5.312773119503241,114.94544614063716,239.17968842507713,330.86109361527576
9.26,2.8389236240406217,1.4368692198388637,-4.476994470781733,99.72695548819446,248.75096187658352,333.13061133688376
9.27,2.147579310695978,1.5238350434304282,-3.6933268573733637,84.39464294979,258.1706720210715,335.0776544466011
9.28,1.5475141440618607,1.4547494701891195,-2.877146639961122,69.21475291335861,267.32715853761584,336.7473803830003
9.29,1.026710592356648,1.2672665083295374,-2.048826776005482,54.388747136819596,276.13904436219485,338.1786958908216
9.3,0.5747292700767719,0.9920649670881457,-1.2241549930393598,40.06534033701911,284.54940956597886,339.40511410945317
9.31,0.1825021753612921,0.6540039125894531,-0.41516176868968246,26.350539110030937,292.5209485881576,340.45549505638274
9.32,-0.15784704052026727,0.2730982472296813,0.3691870400888156,13.315995293898885,300.0319560178232,341.3546852648697
9.33,-0.453159298921457,-0.1346586722993578,1.1224120180584656,1.0059383050806119,307.0730094558824,342.124070217229
9.34,-0.7093758827142201,-0.5566023814341009,1.8400386727843152,-10.557088816125265,313.64423790914833,342.78205138048486
9.35,-0.9316564565131447,-0.9828149809054807,2.519197444796539,-21.367498896171558,319.75308116384963,343.3444580620326
9.36,-1.1244816386949283,-1.4056363776741079,3.1582923882934515,-31.43277389657932,325.41246007504515,343.8249029266233
9.37,-1.2917421431982483,-1.81925480054893,3.75672760459119,-40.770284929757466,330.6392900527567,344.23508882409703
9.38,-1.43681624597113,-2.2193644086788886,4.314682166997409,-50.27314048750702,328.2859365817427,341.75663607647385
9.39,-1.5626371020633187,-2.6028796178927807,4.832925688730336,-59.75410582879172,320.1657763057829,337.10529519037993
9.4,-1.6717512402891614,-2.967697315292592,5.3126678899206965,-69.07017138963796,307.7572820740984,330.86301402461464
9.41,-1.766369389238804,-3.3124994536878756,5.755436545677055,-78.11442203169777,292.2594148799321,323.500204850441
9.42,-1.8484106378215177,-3.6365896463078915,6.1629790704643135,-86.80924796027952,274.63840068627457,315.3945353131761
9.43,-1.9305064744266969,-3.7973173774340303,6.568216518028553,-95.10068893747055,255.6671804179075,306.8467643969393
9.44,-2.01136135753962,-3.830459353180074,6.965357305725728,-102.95373454598447,235.95863394028416,298.09406853299333
9.45,-2.090002778086395,-3.7654006415921994,7.350093763404413,-110.34842986272193,215.99351812241184,289.32123787883165
9.46,-2.1657207441599198,-3.626173571132855,7.719321648761461,-117.27665862299402,196.14392133806567,280.6700670048824
9.47,-2.2380173471824634,-3.4323367738884683,8.070906597726054,-123.73949535159306,176.69291876351835,272.2472164450637
9.48,-2.3065648346968723,-3.1997181045312275,8.403490158687601,-129.74503448205806,157.8510117960756,264.13078066574843
9.49,-2.3711708511579532,-2.9410417310462895,8.716329163819292,-135.30661859003817,139.76984844918854,256.3757630118078
9.5,-2.4317497098366254,-2.6664567461742856,9.009163133938566,-140.4413998822411,122.55364761408458,249.01862826095004
9.51,-2.4882987311712865,-2.3839821210976844,9.282105218343345,-145.16917931092394,106.26868684011303,242.08107783824724
9.52,-2.540878829831085,-2.0998806562562606,9.53555285767914,-149.51147638427605,90.95115925003931,235.5731708921428
9.53,-2.5895986580263823,-1.8189727276080414,9.770114943144371,-153.49079013755696,76.61365905998225,229.49589577884183
9.54,-2.634601719331745,-1.5448990364928727,9.986552743842058,-153.9893148683883,63.80996889790759,223.78804613305138
9.55,-2.6760559581541044,-1.2803402099126209,10.185732298378692,-151.8150710549875,52.38065969728937,218.45222301153913
9.56,-2.7141454072813156,-1.0271999331572306,10.368586327658635,-147.6284613844933,42.182193876545895,213.484604933951
9.57,-2.749063541655566,-0.7867573004358032,10.536084032456426,-141.96654988076352,33.08544354696814,208.87651287557964
9.58,-2.7810080423224837,-0.5597932175641509,10.6892073996851,-135.26357777820846,24.9743308642138,204.6156843640831
9.59,-2.8662646749843033,-0.25470896321610237,10.752334737099476,-127.86827759378023,17.744583140476667,200.68730495115477
9.6,-2.9910062738193792,0.10541910594437393,10.745572499540177,-120.05846528704954,11.302595271670477,197.0748378076447
9.61,-3.1440294623990566,0.5020630947399828,10.685406716103525,-112.05332045397371,5.564392102245887,193.76068579452541
9.62,-3.3163147558053865,0.9204670221813086,10.58529393322072,-104.02370454343169,0.45468351780759253,190.72671492831645
9.63,-3.500655640510149,1.3489933412819908,10.456160991119498,-96.10081571280683,-4.093994703368721,187.9546635474953
9.64,-3.6913462609792616,1.7785738927609192,10.306827191837009,-88.38343494072208,-8.1420609554667,185.42645757549948
9.65,-3.8839188569481244,2.2022493947875845,10.144360451888899,-80.9439803505209,-11.743595133550048,183.124448962948
9.66,-4.074923393596971,2.614783913608194,9.974377347055363,-73.83355447129624,-14.946979220933393,181.0315915882922
9.67,-4.261742938943791,3.012342765305095,9.801295511369446,-67.08614160327585,-17.79547676875918,179.13156652662929
9.68,-4.4424392949289535,3.392224014802643,9.62854561355727,-60.72208889802155,-20.327756535551437,177.40886659619002
9.69,-4.615624203496829,3.7526352055929113,9.45874907283299,-54.75098464090465,-22.57836519238377,175.84884840575702
9.7,-4.78035214593947,4.092508207829321,9.293866767077947,-48.083561293410376,-23.871591114140024,174.0412743317418
9.71,-4.936031349591813,4.41134614379424,9.13532320849865,-40.98719713215054,-24.41161422432622,172.0724086292654
9.72,-5.082350125050766,4.709097264395595,8.984109996328586,-33.67330585037113,-24.36652857080743,170.01081755034966
9.73,-5.219216091807609,4.986051430724826,8.840871787068245,-26.307149918221718,-23.87417348341324,167.91044596570558
9.74,-5.346706221171322,5.242755520090569,8.705977536430355,-19.016075049572613,-23.047070783948733,165.8132013623733
9.75,-5.497865441759614,5.5114852678848,8.497680773653997,-11.896407164988569,-21.97660042367202,163.75112030103492
9.76,-5.66478444749503,5.785223258104058,8.236439849440004,-5.019217563275962,-20.73652779746529,161.74818134311906
9.77,-5.841161429269099,6.058518527832802,7.938745441066165,1.564868515586439,-19.38597957119036,159.8218189793535
9.78,-6.0220237836075405,6.327204601096484,7.617792809013285,7.821670864784426,-17.97195077964877,157.9841849824181
9.79,-6.203494277029042,6.588163538421858,7.284047984331966,13.73013407175188,-16.531413880192726,156.24319667253914
9.8,-6.382594900476301,6.8391289038987555,6.945723900055145,19.279580385340214,-15.093090099668682,154.60340565915465
9.81,-6.557082644983166,7.078521607093588,6.609180133967342,24.46744429128534,-13.678934547397638,153.06671556048283
9.82,-6.725312283043372,7.305313479741294,6.279257920338129,29.297411292848242,-12.305378975387033,151.6329728824297
9.83,-6.886121970260664,7.518914218491236,5.959560367397979,33.777895242594084,-10.98436956907599,150.3004515526323
9.84,-7.038738106251081,7.719077983807736,5.652686344562584,37.92079866907771,-9.724231592852286,149.0662484633713
9.85,-7.182696427458572,7.905826507506185,5.360425243570444,41.7405091413999,-8.530387961167694,147.92660470029065
9.86,-7.317776760454016,8.079386041158026,5.0839187405675474,45.2399670789372,-8.521032915640935,145.850680480115
9.87,-7.443949253521559,8.240135886592123,4.823794765759588,48.4395526392558,-9.41869811647762,143.0903528509162
9.88,-7.5613302364401225,8.388566598149602,4.5802781012072495,51.35955488638636,-10.996774674673244,139.8491589808903
9.89,-7.670146141542771,8.525246242964709,4.353281356453003,54.01987612424591,-13.071133732124999,136.29044554945034
9.9,-7.77070416042538,8.650793357854951,4.142479499430954,56.43981157004078,-15.493047217797047,132.54423610116893
9.91,-7.848370063000731,8.77989506522631,3.9913865073448394,58.63789015244559,-18.14321466436163,128.71300953762272
9.92,-7.907295659300598,8.909701043288344,3.888368942976645,60.63176459596731,-20.926730183381984,124.8765546602573
9.93,-7.950952496166111,9.03801801019071,3.823768777398236,62.43814095747664,-23.768847890391605,121.09604146258287
9.94,-7.982237051013675,9.163190000316103,3.789591310355419,64.07273946929664,-26.611424808408472,117.41742913213554
9.95,-8.00356025627175,9.283998305250918,3.779240244801459,65.55027996320106,-29.40993804550876,113.87431297082217
9.96,-8.01692362816822,9.39957803394709,3.7872930032866856,66.88448634192162,-32.13098825757759,110.49029725402254
9.97,-8.023983949961325,9.509348700699674,3.8093103652005826,68.08810556403702,-34.75021443154314,107.28096806062871
9.98,-8.026108181491026,9.612956637733689,3.841675355334651,69.17293744403105,-37.25055616736765,104.25552900536422
9.99,-8.024420027795156,9.710227360810768,3.881457045353943,70.1498722670885,-39.62080916561817,101.41815332234354
10.0,-8.019839394062455,9.801126299403988,3.9262955573163083,71.0289337993186,-41.854427771065936,98.76909765374423
10.01,-8.01311577770363,9.885726544586234,3.974305096829427,71.8193257568179,-43.94853537881398,96.30561599100811
10.02,-8.004856496777286,9.964182473794732,4.023992305256199,72.05971450932805,-45.70459379132711,92.77692509311626
10.03,-7.995550523930909,10.036708287191946,4.074187616313317,71.87525098376037,-47.174394876042996,88.48781916983789
10.04,-7.9855885834089815,10.103560639836813,4.123987641711528,71.36839217537636,-48.40206455221542,83.68353777279917
10.05,-7.9752800729561155,10.16502468108309,4.17270690113029,70.62261914746709,-49.42517003003157,78.55989205049141
10.06,-7.9648672903757,10.221402920770347,4.21983746066762,69.70558012379489,-50.27567002039032,73.2717899810606
10.07,-7.93583484292545,10.236773074268866,4.255097241240456,68.67174430686156,-50.98072987206514,67.94040261569857
10.08,-7.893000346550641,10.220506253130718,4.280717522597151,67.56463962972727,-51.563420557377654,62.65917787322297
10.09,-7.840267945473824,10.180271542366658,4.298557245470291,66.41873699208185,-52.04331780773602,57.49887802549598
