time,ax_filtered,ay_filtered,az_filtered,wx_filtered,wy_filtered,wz_filtered
0.0,-2.032198,-2.020706,7.029376,8.925001,-29.574999,2.205
0.01,-2.032198,-2.020706,7.029376,8.925001,-29.574999,2.205
0.02,-1.3435777500000001,-1.884476,6.85938775,8.925001,-29.574999,2.205
0.03,-0.7410350312500001,-1.7652747500000001,6.71064803125,8.925001,-29.574999,2.205
0.04,-0.46975990234375015,-1.68798015625,6.463663652343749,8.925001,-29.574999,2.205
0.05,-0.23239416455078138,-1.6203473867187501,6.24755232080078,8.925001,-29.574999,2.205
0.06,-0.1044816439819337,-1.5260314633789063,5.904172655700683,8.925001,-29.574999,2.205
0.07,0.007441811515808014,-1.4435050304565429,5.603715448738098,8.925001,-29.574999,2.205
0.08,0.10355871007633201,-1.409503901649475,5.306693142645835,8.925001,-29.574999,2.205
0.09,0.1876609963167905,-1.3797529139432905,5.046798624815105,8.925001,-29.574999,2.205
0.1,0.1829437467771917,-1.351727299700379,4.738941921713217,8.925001,-29.574999,2.205
0.11,0.17881615343004273,-1.3272048872378317,4.469567306499065,8.925001,-29.574999,2.205
0.12,0.052225134251287386,-1.2675217763331028,4.182434018186681,8.925001,-29.574999,2.205
0.13,-0.058542007530123535,-1.215299054291465,3.931192390913346,8.925001,-29.574999,2.205
0.14,-0.13748850658885808,-1.1833159225050318,3.6623107170491775,8.925001,-29.574999,2.205
0.15,-0.20656669326525084,-1.155330682191903,3.42703925241803,8.925001,-29.574999,2.205
0.16,-0.1784099816070945,-1.184429846917915,3.1431544708657766,8.925001,-29.574999,2.205
0.17,-0.1537728589062077,-1.2098916160531756,2.8947552870075546,8.925001,-29.574999,2.205
0.18,-0.08001012654293174,-1.2295499140465287,2.52257187613161,8.925001,-29.574999,2.205
0.19,-0.015467735725065275,-1.2467509247907125,2.1969113916151586,8.925001,-29.574999,2.205
0.2,-0.05106476875943212,-1.2455793091918734,1.7634309676632638,8.925001,-29.574999,2.205
0.21,-0.0822121726645031,-1.2445541455428892,1.3841355967053557,8.925001,-29.574999,2.205
0.22,-0.11488877608144021,-1.4293980023500281,0.9997495221171862,8.925001,-29.574999,2.205
0.23,-0.14348080407126018,-1.5911363770562745,0.6634117068525378,8.925001,-29.574999,2.205
0.24,-0.16849882856235268,-1.7326574549242402,0.36911611849597065,8.925001,-29.574999,2.205
0.25,-0.35202672499205856,-2.34362114805871,0.051409478683974275,8.925001,-29.574999,2.205
0.26,-0.8490217593680512,-3.2176423795513713,-0.47226383115152254,8.925001,-29.574999,2.205
0.27,-1.283892414447045,-3.98241095710745,-0.9304779772575822,8.925001,-29.574999,2.205
0.28,-2.0805347376411643,-4.640370587469018,-2.063542355100384,8.925001,-29.574999,2.205
0.29,-2.777596770436019,-5.2160852640353905,-3.0549736857128362,8.925001,-29.574999,2.205
0.3,-3.6536322991315164,-5.7589888560309666,-4.441139974998731,8.925001,-29.574999,2.205
0.31,-4.420163386740077,-6.234029499027096,-5.65403547812389,8.925001,-29.574999,2.205
0.32,-4.972884213397567,-6.753796311648709,-6.922912293358404,8.925001,-29.574999,2.205
0.33,-5.456514936722871,-7.208592272692621,-8.033179506688603,8.925001,-29.574999,2.205
0.34,-5.235588194632513,-7.7673957386060435,-8.593495943352528,8.925001,-29.574999,2.205
0.35,-5.042277295303449,-8.256348771280289,-9.083772825433462,8.925001,-29.574999,2.205
0.36,-4.370536508390518,-8.737211674870252,-9.005942097254279,8.925001,-29.574999,2.205
0.37,-3.782763319841703,-9.15796671551147,-8.937840210097495,8.925001,-29.574999,2.205
0.38,-3.11035602986149,-9.588901376072538,-8.415810433835308,-54.87562775,-5.661249124999998,-19.215000375
0.39,-2.521999651128804,-9.965969204063471,-7.959034379605894,-110.70117790625,15.263282015625004,-37.957500703125
0.4,-2.115574319737703,-10.737095678555537,-7.3000150821551575,-159.54853429296875,33.57224676367188,-54.35718849023438
0.41,-1.7599521547704902,-11.411831343736095,-6.723373196885763,-202.28997113134767,49.59259091821289,-68.70691530395509
0.42,-1.949449510424179,-12.725801300769083,-5.731217672275044,-239.68872836492923,63.610392053436286,-81.2629262659607
0.43,-2.1152596966211563,-13.875525013172949,-4.8630815882406635,-272.41264094431307,75.87596804675675,-92.24943585771561
0.44,-1.990500484543512,-15.17476588652633,-3.590565014710581,-301.04606445127393,86.60834704091216,-101.86263175050115
0.45,-1.881336173975573,-16.31160165071054,-2.4771130128717584,-326.10031001986465,95.99917866079815,-110.2741781566885
0.46,-0.8674841522286264,-17.22536331937172,-1.3022565112627889,-348.02277489238156,104.21615632819838,-117.63428126210243
0.47,0.019636366799951843,-18.024904779450253,-0.27425707235494035,-367.20493165583383,111.40601178717358,-124.07437147933963
0.48,1.3488135709499578,-18.59029593201897,0.9911338116894272,-383.9893188238546,117.69713531377688,-129.70945041942218
0.49,2.5118436245812132,-19.0850131905166,2.0983508352282487,-398.67565759587274,123.20186839955477,-134.64014449199442
0.5,4.058522296508562,-18.868956666702026,3.4123118558247176,-411.52620402138865,128.01850984961044,-138.9545018054951
0.51,5.411866134444991,-18.679907208364273,4.562027748846628,-422.770432143715,132.23307111840916,-142.72956445480824
0.52,6.487032992639367,-18.11720593231874,5.5137460302407995,-432.60913175075063,135.920812228608,-146.03274427295722
0.53,7.427803993559446,-17.6248423157789,6.3464995264607005,-441.21799390690677,139.147585700032,-148.92302661383758
0.54,5.680265869364516,-16.21228627630654,6.718810335653113,-430.5726199185434,204.73476136252802,-182.2301486621079
0.55,4.151170010693951,-14.976299741768221,7.044582293696474,-421.2579176787255,262.12354006721205,-211.3738804543444
0.56,2.551813509357207,-11.703545399047194,8.710200006984415,-413.10755321888485,312.3387214338105,-236.87464577255136
0.57,1.1523765706875564,-8.839885349166295,10.167615506111364,-405.97598431652426,356.2770051295842,-259.1878154259824
0.58,1.587904374351612,-5.802691805520508,11.154840317847444,-399.73586152695873,394.72300336338617,-278.7118388727346
0.59,1.9689912025576604,-3.1451474548304446,12.018662028116514,-394.2757540860889,428.3632518179629,-295.79535938864274
0.6,0.7425840522379528,-0.9840556479766391,11.20717264960195,-389.4981600753278,457.79846921571755,-310.74343984006236
0.61,-0.33052220429179135,0.9068996830204408,10.497119443401708,-385.31776531591186,483.55428443875286,-323.82301023505454
0.62,-3.7877398037553176,2.961111722642886,9.791763262976493,-381.6599199014229,506.09062275890875,-335.26763433067276
0.63,-6.812805203285903,4.758547257312525,9.174576605104432,-378.45930516374506,525.8099187890451,-345.28168041433867
0.64,-9.173509802875165,6.48484672514846,8.546221404466378,-375.65876726827696,543.0643028154145,-354.0439707375464
0.65,-11.23912632751577,7.995358759504903,7.99641060390808,-373.2082966097423,558.1618888384877,-361.7109747703531
0.66,-13.046540786576298,9.31705678956679,7.515326153419569,-371.06413478352454,571.3722766086768,-368.41960329905896
0.67,-11.78242293825426,9.219232440870941,6.467550884242123,-369.187993185584,582.9313659075922,-374.28965326167656
0.68,-10.556292945972478,8.156284760762073,4.683691773711858,-367.546369287386,593.0455690441431,-379.425946978967
0.69,-9.483429202725919,7.226205540666814,3.1228150519978755,-366.1099483764628,601.8954967886252,-383.92020398159616
0.7,-8.40699267738518,5.524202598083463,1.253981670498141,-267.70620332940496,551.053560440047,-288.3520539838966
0.71,-7.465110717712033,4.03495002332303,-0.3812475383141267,-181.60292641322934,506.56686613504115,-204.72992273590953
0.72,-6.640964002998029,2.731854020407651,-1.8120730960248608,-106.26255911157567,467.64100861816104,-131.56055789392084
0.73,-4.987761752623275,0.5011383928566944,-3.256048084021753,-40.33973772262871,433.58088329089094,-67.53736365718073
0.74,-2.0552635335453657,-1.4720045312503924,-4.567065073519034,17.34273099269987,403.77827362952956,-11.517068700033143
0.75,0.5106724081478051,-3.1985045898440934,-5.714204939329155,67.81489111861238,377.7009901758384,37.500689387471
0.76,3.1741694821293294,-3.433815391113582,-6.587671071913011,111.97803122878582,354.8833671538586,80.39122771403713
0.77,5.504729421863163,-3.6397123422243842,-7.351953937923885,150.62077882518759,334.9179470096263,117.9204487497825
0.78,6.660681119130269,-2.397105424446336,-8.1029846956834,184.4331829720391,317.448204383423,150.75851715605967
0.79,7.672138854238986,-1.309824371390544,-8.760136608722975,214.0190366005342,302.1621795854951,179.4918270115522
0.8,7.4399283724591125,0.17043580003327397,-8.898188907632603,239.90665852546744,288.7869078873082,204.63347313510818
0.81,7.2367442009017235,1.4656634500291146,-9.018984669178527,262.558327709784,277.0835451513947,226.63241349321964
0.82,6.820941050789008,2.509739393775475,-8.472968210531212,282.378538246061,266.8431027574703,245.88148630656718
0.83,6.457113294440382,3.4233058445535405,-7.99520380921481,299.72122246530336,257.88271566278655,262.7244250182463
0.84,7.355662257635334,4.444089238984348,-7.683309958062959,314.8960711571404,250.04237695493825,277.4619963909655
0.85,8.141892600430918,5.337274709111305,-7.41040283830509,328.17406376249784,243.182080585571,290.35737134209484
0.86,9.004656900377054,6.657945370472391,-7.036980858516953,323.6529322921856,212.32057051237462,291.38144992433297
0.87,9.75957566282992,7.813532199163342,-6.710236626202334,319.6969422556624,185.31674919832778,292.27751868379136
0.88,10.082336829976182,8.526942674267925,-6.260129672927042,316.23545097370464,161.68840554853682,293.0615788483174
0.89,10.36475285122916,9.151176839984434,-5.866286088811162,313.20664610199157,141.0136048549697,293.7476314922778
0.9,10.376587619825514,9.73477223498638,-5.656543452709766,310.5564418392426,122.9231542480985,294.34792755574307
0.91,10.386943042347324,10.245418205613083,-5.473018646121044,308.23751310933727,107.09400996708618,294.87318661127523
0.92,10.253989037053909,10.913203054911449,-5.009485940355914,306.20845047067013,93.2435087212004,295.33278828486584
0.93,10.13765428242217,11.497514798047519,-4.603894822811425,304.4330206618364,81.12432013105034,295.73493974925765
0.94,9.4762093721194,11.69618844829158,-3.9736037199599963,302.87951957910684,70.52003011466904,296.0868222806005
0.95,8.897445075604475,11.870027892255132,-3.4220990049649966,301.5202061317185,61.24127635033541,296.39471949552546
0.96,7.973711191153916,11.53407440572324,-2.642598879344372,300.3308068652537,53.12236680654349,296.6641295585848
0.97,7.165444042259676,11.240115105007835,-1.9605362694263253,299.290082507097,46.01832095572556,296.8998633637617
0.98,6.603916911977215,10.614237591881857,-1.0251494857480346,298.3794486937099,39.80228083625986,297.10613044329153
0.99,6.112580672980063,10.066594767896625,-0.20668605002953022,297.58264410699616,34.36324573172738,297.2866141378801
1.0,5.963708213857555,9.667648296909547,0.728620456224161,296.88544009362164,29.60409001526146,297.44453737064515
1.01,5.833444812125361,9.318570134795854,1.547013649196141,296.27538658191895,25.439828763353777,297.5827201993145
1.02,5.342878460609691,9.120414992946372,2.324224943046623,267.22096350917906,52.79297454293456,275.31675454940023
1.03,4.91363290303348,8.947029243828077,3.0042848251657954,241.79834332053167,76.72697710006774,255.8340346057252
1.04,3.507021415154295,8.662556838349566,3.3326753470200705,219.5535506554652,97.66922933755927,238.78665465500956
1.05,2.2762363632600078,8.41364348355587,3.6200170536425613,200.08935707353203,115.99370004536436,223.87019719813338
1.06,0.27584119285250686,8.086763298111386,3.567131796937241,183.0581876893405,132.0276119146938,210.81829692336672
1.07,-1.4745045812540565,7.800743135847463,3.520857197320086,168.15591447817295,146.05728480035708,199.3978841829459
1.08,-3.7266278835972995,7.42059386886653,3.638187797655075,155.11642541840132,158.33324857531244,189.40502303507765
1.09,-5.6972357731476375,7.087963260258213,3.740852072948191,143.70687249110114,169.0747168783984,180.66126953069295
1.1,-7.786805551504182,6.4734579777259365,3.785515188829667,133.72351367971348,178.47350164359858,173.01048521435632
1.11,-9.61517910756616,5.935765855510194,3.824595415225959,124.98807471974929,186.69743831314875,166.3160489375618
1.12,-11.215005969120389,5.465285248571419,3.8587906133227143,117.34456562978063,193.89338289900516,160.45841719536656
1.13,-11.80575209798034,4.6847185924999915,3.895193661657375,110.65649517605806,200.1898344116295,155.33298942094575
1.14,-10.845782085732797,3.9567998934374926,4.178595578950203,104.8044335290508,205.6992294851758,150.84824011832754
1.15,-10.005808325016197,3.319871031757806,4.426572256581428,99.68387958791945,210.51995017452884,146.9240844785366
1.16,-8.720923534389172,2.8199939027880805,4.712870474508749,95.20339488942952,214.73808077771275,143.49044829371954
1.17,-7.596649342590526,2.3826014149395705,4.963381415195156,91.28297077825083,218.42894505549867,140.4860166320046
1.18,-6.40522067476671,1.949105738072124,4.973953238295761,74.46947455596947,191.16907692356133,134.49276455300404
1.19,-5.362720590420871,1.5697970208131085,4.98320358350879,59.757665361473286,167.31669230811616,129.24866898387853
1.2,-4.445511766618262,1.2657542682114697,4.574203135570191,46.88483231628912,146.44585576960162,124.6600853608937
1.21,-3.6429540457909795,0.999716859685036,4.216327743623917,35.621103401752976,128.1838737984014,120.64507469078198
1.22,-3.2958294150671072,0.8610420022244064,3.5295281506709273,25.765340601533854,112.20463957360123,117.13194035443424
1.23,-2.992095363183719,0.7397015019463555,2.9285785068370616,17.14154815134212,98.22280962690108,114.05794781012995
1.24,-2.751126567785754,0.6618885642030611,2.2489091934824286,9.595729757424357,85.98870842353845,111.3682043338637
1.25,-2.540278871812535,0.5938022436776784,1.6541985442971248,2.993138662746313,75.28386987059615,109.01467879213074
1.26,-2.188399512835968,0.5303390882179686,0.9755613512599843,-2.7841285450969755,65.91713613677163,106.95534394311439
1.27,-1.880505073731472,0.47480882719072254,0.38175380735248626,-7.839237351959853,57.72124411967518,105.15342595022508
1.28,-1.616050939515038,0.29071034879188223,-0.07170691856657452,-12.262457557964872,50.54983860471578,103.57674770644695
1.29,-1.3846535720756583,0.12962418019289695,-0.46848505374575267,-16.132775238219264,44.27485877912631,102.19715424314109
1.3,-1.1258098755662012,-0.15828034233121516,-0.8628467970275335,-19.519303208441855,38.78425143173553,100.99000996274845
1.31,-0.899321641120426,-0.41019679953981325,-1.2079133223990919,-22.482515182386624,33.97997000276859,99.93375871740488
1.32,-0.6467101859803728,-0.8731644495973366,-1.6062492820992054,-25.075325659588295,29.776223752422514,99.00953887772927
1.33,-0.42567516273282613,-1.2782611433976696,-1.9547932468368046,-27.344034827139758,26.0979457833697,98.20084651801311
1.34,-0.3733151423912228,-1.9862072504729609,-2.3210895909822042,-53.52290672374729,33.96132768544848,73.31699032826147
1.35,-0.32750012459232,-2.6056600941638406,-2.6415988921094287,-76.42941963327888,40.841786849767416,51.54361616222879
1.36,-0.45579385901827996,-3.49702908239336,-2.9435675305957503,-96.47261842911902,46.86218861854649,32.49191376695019
1.37,-0.568050876640995,-4.27697694709419,-3.2077900892712816,-114.01041737547914,52.13004016622818,15.821674171081419
1.38,-0.44975189206087063,-5.422784203707416,-3.5158188281123715,-129.35599145354425,56.73941027044965,1.235214524696243
1.39,-0.34624028055326184,-6.4253655532439895,-3.785343974598325,-142.78336877185123,60.77260911164345,-11.527937665890787
1.4,-0.2270583704841041,-7.620634609088491,-4.106348227773534,-154.53232392536984,64.30165809768802,-22.695695832654437
1.41,-0.1227741991735911,-8.66649503295243,-4.3872269493018425,-164.81265968469862,67.38957596047702,-32.46748422857263
1.42,-0.1542055492768922,-9.793174528833376,-4.6170953306391125,-173.8079534741113,70.09150409041739,-41.01779907500105
1.43,-0.1817079806172807,-10.779019087729203,-4.818230164309224,-181.67883553984737,72.45569120411521,-48.49932456562592
1.44,-0.2057726080401206,-11.641633076763052,-4.99422314377057,-188.56585734736646,74.52435492860081,-55.04565936992268
1.45,-0.18299703203510553,-12.75145156716767,-5.05792425079925,-194.59200142894565,76.33443568752571,-60.77370232368234
1.46,-0.06527465303071735,-14.298182246271713,-4.900889094449344,-199.86487750032745,77.918256351585,-65.78573990822204
1.47,0.037732428598122314,-15.65157159048775,-4.763483332643176,-204.47864406278651,79.30409943263687,-70.17127279469429
1.48,0.09237412502335703,-17.37626451667678,-4.302088291062779,-208.5156898049382,80.51671212855726,-74.00861407035751
1.49,0.1401856093954374,-18.88537082709218,-3.8983676296799312,-212.04810482932095,81.5777482374876,-77.36628768656283
1.5,0.34324978322100774,-19.60272859870566,-2.5532011759699396,-263.11959210065584,103.74678133280165,-123.36737647574247
1.51,0.5209309353183817,-20.230416648867454,-1.3761805289736972,-307.8071434630739,123.14468529120143,-163.61832916627466
1.52,0.734277443403584,-19.666522817759024,2.0039510371480147,-346.90875090518966,140.11785125480125,-198.83791277049033
1.53,0.9209556379781361,-19.173115715539147,4.961566157504513,-381.12265741704095,154.96937147295108,-229.65504842417906
1.54,1.222536808230869,-16.019802126096753,7.167149637816449,-411.05982561491084,167.9644516638322,-256.62004212115664
1.55,1.4864203322020104,-13.26065273533466,9.097035183089393,-437.25484778804696,179.33514683085315,-280.21441160601205
1.56,0.24677779067675898,-9.074469643417826,9.68398853520322,-460.1754921895411,189.2845051019965,-300.8594849052605
1.57,-0.8379094331578361,-5.411559437990597,10.197572718302819,-480.23105604084844,197.99019358924693,-318.92392404210295
1.58,-0.8251816290131065,-2.0619680082417724,11.406348253514967,-497.77967441074236,205.60767101559105,-334.7303082868401
1.59,-0.8140448003864683,0.8689244927884492,12.464026846825597,-513.1347154843995,212.27296376364217,-348.5608945009851
1.6,0.1641214246618402,2.849266181189893,13.101814865972399,-526.5703764238496,218.1050949181869,-360.662657438362
1.61,1.0200168715791103,4.582065158541156,13.65987938272585,-538.3265797458683,223.2082096784135,-371.2517000085668
1.62,0.2964646376317215,5.474810888723512,12.806652959885119,-548.6132576526347,227.6734350936118,-380.5171122574959
1.63,-0.3366435670722437,6.255963402633073,12.06007983989948,-557.6141008210554,231.58050733191033,-388.624347975309
1.64,-1.661088496188213,6.556588477303939,10.614920859912043,-565.4898385934235,234.99919554042154,-395.71817922839534
1.65,-2.819977809164686,6.819635417640947,9.350406752423037,-572.3811091442456,237.99054772286883,-401.92528157484594
1.66,-3.9059447080191,6.722186365435828,7.632218033370157,-467.9553440012148,258.3967303825102,-357.2846213779902
1.67,-4.856165744516713,6.636918444756349,6.128802904198888,-376.58279950106294,276.25214020969645,-318.22404370574145
1.68,-5.569904776452123,6.259994389161806,4.202058666174027,-296.63182306343003,291.8756238084844,-284.04603824252376
1.69,-6.194426429395608,5.930185840516581,2.516157457902274,-226.67471868050126,305.5461719574239,-254.1402834622083
1.7,-6.917503375721157,5.050916610452008,1.0868537756644898,-165.4622523454386,317.5079015877459,-227.97274802943224
1.71,-7.550195703756013,4.281556034145507,-0.16378694629357138,-111.90134430225876,327.97441501427767,-205.0761545257532
1.72,-7.3048949907865115,2.686903154877319,-1.300418328006875,-65.03554976447643,337.13261426249295,-185.04163521003403
1.73,-7.090256866938198,1.291581885517654,-2.2949707870060156,-24.027979543916878,345.14603860468134,-167.51143080877978
1.74,-5.688954258570923,-0.42659510017205293,-3.8457346886302637,11.853644399072731,352.15778490409616,-152.1725019576823
1.75,-4.462814476249557,-1.9299999626505464,-5.202653102551481,43.25006534918864,358.2930629160842,-138.750939212972
1.76,-2.723210416718363,-3.2832079673192283,-6.591770839732545,70.72193368054006,363.66143117657367,-127.0070718113505
1.77,-1.2010568646285675,-4.467264971404324,-7.807248859765977,94.75981847047255,368.35875340450195,-116.73118783493169
1.78,0.22487686845000332,-5.338131099978783,-8.827299627295229,115.79296766166348,372.46891035393924,-107.73978935556522
1.79,1.4725688848937528,-6.100138962481435,-9.719844048883324,134.19697320395554,376.0652976846968,-99.87231568611956
1.8,1.8322141492820336,-5.708192467171256,-10.327641667772909,150.3004780534611,379.2121365991097,-92.98827622535461
1.81,2.1469037556217794,-5.365239283774849,-10.859464584301294,164.39104479677846,381.965620649221,-86.96474169718527
1.82,2.3048946611690573,-4.123621998302993,-10.819714511263633,204.36591157218115,331.0786679430684,-47.05727311003712
1.83,2.4431367035229252,-3.0372068735151188,-10.784933197355679,239.3439200006585,286.55258432518485,-12.138238096282485
1.84,3.6086514905825595,-1.7798853893257292,-10.749776047686218,269.9496773755762,247.59226115953675,18.415917540752826
1.85,4.628476929259739,-0.679729090660013,-10.71901354172544,296.72971507862917,213.50197838959465,45.150803723158724
1.86,5.415066563102272,1.2668854206724887,-10.81233734900976,320.1622480688005,183.67298096589533,68.54382913276388
1.87,6.103332492714488,2.9701731180884274,-10.893995680383538,340.66571443520047,157.57260822015843,89.01272636616838
1.88,7.176413681125177,4.981736228327374,-9.732857595335595,358.6062475058004,134.73478206763863,106.92301144539732
1.89,8.11535972098453,6.741853949786452,-8.716861770918646,374.3042139425753,114.7516841841838,122.59451088972264
1.9,8.936937505861465,8.281956956063144,-7.827865424553815,388.0399345747534,97.26647353616083,136.3070729035073
1.91,9.655818067628783,9.629547086555252,-7.049993621484589,400.05869012790924,81.96691421914073,148.30556466556888
1.92,10.284838559175185,10.808688450735847,-6.3693557937990155,410.57510123692055,68.57979981674814,158.80424495737276
1.93,10.835231489278287,11.840437144393867,-5.773797694574139,419.7769609573055,56.866074714654616,167.99059021270116
1.94,11.316825303118502,12.743217251344635,-5.252684357752371,427.82858821264233,46.61656525032279,176.02864231111352
1.95,11.73821989022869,13.533149844926555,-4.796710188033325,434.87376206106205,37.64824446903245,183.0619378972243
1.96,12.106940153950104,14.224340864310737,-4.39773278952916,441.0382891784293,29.800963785403397,189.21607153507128
1.97,12.429570384706341,14.829133006271896,-4.048627565838015,446.4322504061256,22.934593187227975,194.60093846818737
1.98,12.71187183661805,15.35832613048791,-3.7431604951082633,408.8850944803599,48.483394788824484,201.99457078466395
1.99,12.958885607040795,15.821370114176922,-3.47587680821973,376.0313330453149,70.83859619022142,208.46399906158098
2.0,13.175022656160696,16.22653359990481,-3.2420035821922637,347.2842917896505,90.39939741644375,214.12474880388334
2.01,13.36414257414061,16.581051649916706,-3.0373645094182304,322.1306306909442,107.51509848938828,219.0779048283979
2.02,13.529622502373034,16.89125494367712,-2.8583053207409512,300.1211772295762,122.49133692821475,223.41191634984813
2.03,13.674417439576406,17.16268282571748,-2.7016285306483323,280.86290545087917,135.5955455621879,227.2041764311171
2.04,13.115005884629355,17.216665472502793,-0.9150315893172909,264.01191764451926,147.06172811691442,230.52240400222746
2.05,12.625520774050685,17.26390028843994,0.6482407343473704,249.26730331395436,157.09463785230014,233.42585312694905
2.06,12.197221302294349,17.30523075238495,2.016104017553949,236.36576577471004,165.87343387076263,235.96637111108043
2.07,11.822459264507554,17.34139490833683,3.212984390359705,225.07692042787127,173.5548803869173,238.1893243471954
2.08,11.494542481444109,17.373038544794724,4.2602547165647415,215.19918074938735,180.27614608855262,240.13440842879595
2.09,11.207615296263594,17.400726726695382,5.176616251994149,206.55615853071393,186.15725357748354,241.83635700019647
2.1,10.956554009230643,17.424953885858457,5.978432595494881,198.99351408937468,191.3032226302981,243.32556200017189
2.11,10.736875383076812,17.44615265012615,6.680021896058021,192.37620020320284,195.80594555151086,244.6286163751504
2.12,10.544656585192211,17.464701568860384,7.293912534050768,186.58605055280248,199.745828107572,245.7687889532566
2.13,10.376465137043184,17.480931872752834,7.831066842294422,181.51966960870215,203.19322534412552,246.7664399590995
2.14,10.229297619912785,17.49513338865873,8.30107686200762,164.72283615761438,194.13469705110984,228.96688533921207
2.15,10.100526042423686,17.50755971507639,8.712335629256668,150.02560688791257,186.2084847947211,213.39227504681057
2.16,9.987850912120726,17.518432750691844,9.072187050599585,137.1655312769235,179.27304907038098,199.76449104095926
2.17,9.889260173105635,17.527946656855363,9.387057044274638,125.91296511730806,173.20454281158337,187.84018003583935
2.18,9.80299327646743,17.53627132474844,9.662568288740307,116.06696972764455,167.89459983513544,177.40640790635945
2.19,9.727509741909,17.543555409154884,9.903640627647768,107.45172376168898,163.2483997307435,168.27685729306452
2.2,7.746683774170374,17.772541108010522,10.741779549191795,99.91338354147786,159.18297463940056,160.28850050643146
2.21,6.0134610523990775,17.972903594509205,11.475151105542821,93.31733584879312,155.6257276844755,153.29868831812752
2.22,4.496891170849192,18.148220770195554,12.116851217349968,87.54579411769397,152.51313659891605,147.18260265336158
2.23,3.169892524493043,18.30162329892111,12.678338815181222,82.49569510298222,149.78961939905156,141.8310276966914
2.24,2.0087687089314126,18.435850511555973,13.169640463283569,78.07685846510944,147.4065418491701,137.14839960960495
2.25,0.9927853703149859,18.553299322611476,13.599529405373122,74.21037640697075,145.32134899302386,133.05110003340434
2.26,0.10379994902561263,18.65606703228504,13.975682229701482,70.8272046060994,143.49680524389586,129.4659629042288
2.27,-0.6740622946025889,18.74598877824941,14.304815950988797,67.86692928033698,141.90032946340887,126.3289679162002
2.28,-1.3546917577772652,18.824670305968233,14.592807957115197,65.27668837029485,140.50341315548275,123.58409730167517
2.29,-1.950242538055107,18.893516642722204,14.844800962475796,63.01022757400799,139.2811113860474,121.18233551396577
2.3,-2.4713494707982187,18.953757187381928,15.06529484216632,53.17832400225699,134.94784771279149,109.55204357472005
2.31,-2.9273180369484413,19.006467663959185,15.25822698689553,44.57540837697487,131.15624199869256,99.37553812788003
2.32,-3.326290532329886,19.052589330964285,15.427042613533589,37.04785720485302,127.83858699885599,90.47109586189502
2.33,-3.6753914657886506,19.09294578959375,15.57475628684189,30.46124992924639,124.93563887399898,82.67970887915814
2.34,-3.9808547825650695,19.12825769089453,15.704005750986653,24.69796856309059,122.39555926474911,75.86224526926337
2.35,-4.248135184744436,19.15915560453271,15.81709903211332,19.655097367704265,120.17298960665548,69.89696461060545
2.36,-4.575391411651382,17.83366777896612,14.075089653099155,15.242585071741232,118.22824115582354,64.67734403427977
2.37,-4.86174061019496,16.673865931595355,12.55083144646176,11.381636812773579,116.5265862613456,60.1101760299948
2.38,-5.11229615892059,15.659039315145936,11.21710551565404,8.003307086176882,115.0376382286774,56.11390402624544
2.39,-5.331532264055516,14.771066025752695,10.050095326197285,5.047268575404772,113.73480870009271,52.61716602296476
2.4,-5.523363856048577,13.994089397533607,9.028961410422625,2.460734878479175,112.59483286258113,49.557520270094166
2.41,-5.691216499042505,13.314234847841906,8.135469234119796,0.19751789366927808,111.59735400475849,46.88033023633239
2.42,-5.838087561662192,12.719362116861667,7.353663579854821,-1.7827969680393818,110.72456000416368,44.53778895679084
2.43,-5.966599741454418,12.198848477253957,6.669583632372968,-3.515572472034459,109.96086525364322,42.48806533719198
2.44,-6.079047898772616,11.743399042597211,6.071013678326347,-5.031751038030151,109.29263234693782,40.694557170042984
2.45,-6.17744003642604,11.344880787272558,5.547264968535554,-6.3584072832763825,108.7079285535706,39.12523752378761
2.46,-6.263533156872785,10.996177313863488,5.088984847468609,-7.519231497866834,108.19631273437427,37.752082833314155
2.47,-6.338864637263687,10.691061774630551,4.6879897415350325,-48.28620431063348,111.94427364257749,18.289321979149886
2.48,-6.404779682605726,10.424085677801731,4.337119023843153,-83.9573055218043,115.22373943725529,1.2594062317561487
2.49,-6.46245534728001,10.190481593076516,4.030107145862759,-115.16951908157876,118.09327200759839,-13.64177004721337
2.5,-6.512921553870009,9.986078018941953,3.7614717526299146,-142.4802059463814,120.60411300664859,-26.680299291311698
2.51,-6.557079484636258,9.807224891574208,3.526415783551175,-166.37705695308372,122.8010988808175,-38.08901237989774
2.52,-6.2617361740567254,5.6530507801274315,3.0357325606072783,-187.28680158394826,124.72346152071532,-48.07163633241052
2.53,-6.003310777299635,2.0181484326115027,2.6063847405313685,-205.5828281359547,126.40552883062591,-56.806432290859206
2.54,-5.777188555137181,-1.1623911214649352,2.2307053979649476,-221.59185136896036,127.87733772679766,-64.44937875450181
2.55,-5.579331610745034,-3.945363231281818,1.9019859732193292,-235.59974669784032,129.16517051094795,-71.13695691018908
2.56,-5.406206784401904,-6.380463827371591,1.614356476566913,-247.85665511061026,130.29202419707946,-76.98858779641544
2.57,-5.254722561351667,-8.511176848950141,1.3626806669960487,-258.58144997178397,131.27802117244454,-82.10876482186352
2.58,-5.122173866182708,-10.375550742831374,1.1424643336215425,-267.96564547531096,132.14076852588897,-86.58891971913059
2.59,-5.00619375790987,-12.006877899977452,0.9497750419188498,-276.1768165408971,132.89567246015287,-90.50905525423927
2.6,-4.904711163171136,-13.43428916248027,0.7811719116789936,-283.36159122328496,133.55621340263377,-93.93917384745937
2.61,-4.815913892774744,-14.683274017170238,0.6336441727191194,-289.64826907037434,134.13418672730455,-96.94052761652695
2.62,-4.738216281177901,-15.776135765023959,0.5045574011292295,-295.14911218657755,134.6399133863915,-99.56671216446108
2.63,-4.670230871030664,-16.732389794395964,0.39160647598807585,-299.96234991325537,135.08242421309257,-101.86462364390346
2.64,-4.610743637151831,-17.569112070096466,0.29277441648956637,-322.60580629909845,150.860871936456,-131.08779606341554
2.65,-4.558692307507853,-18.30124406133441,0.20629636442837057,-342.41883063671116,164.66701369439897,-156.6580719304886
2.66,-4.513147394069371,-18.941859553667605,0.13062806887482425,-359.75522693212224,176.7473877325991,-179.03206331417752
2.67,-4.4732955948107,-19.502398109459154,0.06441831026547122,-374.92457369060696,187.3177150160242,-198.60930577490532
2.68,-4.893091895459362,-16.70511922077676,3.0578155214822873,-388.1977521042811,196.56675138902116,-215.73939292804215
2.69,-5.260413658526941,-14.257500193179663,5.677038081297002,-399.811783216246,204.6596582153935,-230.72821918703687
2.7,-5.581820201211073,-12.115833544032204,7.968857821134877,-409.97406043921524,211.74095168846932,-243.84344216365727
2.71,-5.863050926059689,-10.24187522602818,9.974200093493018,-418.8660530093133,217.93708347741065,-255.3192622682001
2.72,-6.109127810302228,-8.602161697774656,11.72887458180639,-426.64654650814913,223.35869879273432,-265.3606048596751
2.73,-6.3244450840144495,-7.167412360552825,13.264214759080591,-433.4544783196305,228.10261219364253,-274.1467796272157
2.74,-6.512847698512643,-5.912006690483722,14.607637414195517,-439.41141865467665,232.2535364194372,-281.83468254881376
2.75,-6.677699986198562,-4.813526729173256,15.783132237421077,-444.62374144784206,235.88559511700754,-288.56159760521206
2.76,-6.821945737923742,-3.8523567630265996,16.811690207743442,-449.18452389186183,239.06364647738158,-294.44764827956055
2.77,-6.948160770683274,-3.0113330426482747,17.711678431775514,-453.1752085303791,241.84444141770888,-299.5979426196155
2.78,-7.058598924347865,-2.2754372873172404,18.499168127803575,-456.6670575890817,244.27763699049527,-304.1044501671636
2.79,-7.155232308804382,-1.6315285014025853,19.188221611828126,-361.5693013904465,215.97418249168337,-295.07139477126816
2.8,-7.239786520203834,-1.0681083137272622,19.791143410349612,-278.35876471664074,191.20865980522294,-287.1674712998596
2.81,-7.313771455178355,-0.5751156495113544,20.31869998405591,-205.54954512706064,169.53882745457008,-280.25153826237715
2.82,-7.37850827328106,-0.1437470683224351,20.780311986048922,-141.84147798617806,150.57772414774882,-274.20009685458
2.83,-7.435152989120928,0.2337004402178693,21.184222487792805,-86.09691923790581,133.98675875428023,-268.9050856227575
2.84,-7.168497115480812,-1.6191358648093646,17.114771801818705,-37.320430333167586,119.4696640349952,-264.2719507949128
2.85,-6.935173226045711,-3.240367631708194,13.554002451591368,5.358997458478356,106.76720615562081,-260.2179578205487
2.86,-6.731014822789997,-4.65894542774467,10.438329270142447,42.703496776168556,95.65255551116822,-256.6707139679801
2.87,-6.552376219941248,-5.900200999276587,7.712115236374641,75.37993367914748,85.9272361972722,-253.56687559698256
2.88,-6.396067442448592,-6.986299624367014,5.32667795682781,103.97181596925404,77.41758179761317,-250.85101702235974
2.89,-6.2592972621425185,-7.9366359213211375,3.2394203372243338,128.98971297309728,69.97163419791153,-248.4746407695648
2.9,-6.139623354374704,-8.768180181155994,1.413069920071292,150.88037285146012,63.45643004817259,-246.3953115483692
2.91,-6.034908685077866,-9.495781408511494,-0.18498669493761954,170.0347002450276,57.75562641715102,-244.57589847982305
2.92,-5.943283349443133,-10.132432482447557,-1.5832862330704172,186.79473671439916,52.76742324000715,-242.98391204484517
2.93,-5.863111180762742,-10.689502172141612,-2.806798328936615,201.45976862509926,48.40274546000626,-241.59092391423954
2.94,-5.792960533167399,-11.17693815062391,-3.877371412819538,234.99417304696186,63.88615315250547,-200.56393329995961
2.95,-5.731578716521474,-11.60344463179592,-4.814122861217095,264.33677691609165,77.43413488344228,-164.66531651246464
2.96,-5.67786962695629,-11.976637802821429,-5.633780378564959,290.0115553015802,89.28861889801199,-133.25402682340655
2.97,-5.630874173586754,-12.30318182746875,-6.350980706244339,312.47698638888266,99.66129241076048,-105.76914834548073
2.98,-5.58975315188841,-12.588907849035156,-6.978530992963797,332.13423859027233,108.73738173441542,-81.71987967729564
2.99,-5.553772257902359,-12.838918117905761,-7.527637493843322,349.3343342664883,116.67895989261349,-60.676769592633676
3.0,-2.8377617256645644,-9.11290260316754,-7.660374807112907,364.3844179831773,123.6278407810368,-42.26404826855447
3.01,-0.4612525099564939,-5.852639027771598,-7.776519956223794,377.55324123528015,129.7081115584072,-26.15291710998516
3.02,1.618193053788068,-2.999908399300148,-7.87814696169582,389.07596158087017,135.02834848860633,-12.055677346237015
3.03,3.4377079220645594,-0.5037690993876298,-7.967070591483843,399.1583418832614,139.68355580253055,0.2794074470426118
3.04,5.029783431806489,1.6803527880358238,-8.044878767548362,407.98042464785374,143.75686220221422,11.072606641162285
3.05,6.422849502830678,3.591459439531346,-8.112960921604817,415.699747066872,147.32100530193745,20.516655936017
3.06,7.641782314976843,5.263677759589928,-8.172532806404215,422.454154183513,150.43963051419527,28.780199069014873
3.07,8.708348525604737,6.726868789641188,-8.224658205603689,428.36426041057393,153.16842757492088,36.01079931038801
3.08,9.641593959904146,8.00716094093604,-8.270267929903227,433.5356033592522,155.5561250030558,42.33757452158951
3.09,10.458183714916128,9.127416573319035,-8.310176438665323,438.0605284393457,157.64536025267384,47.87350283139082
3.1,11.172699750551612,10.107640251654155,-8.345096383832157,442.0198378844275,159.47344109608963,52.717440102466966
3.11,11.79790128173266,10.965335970197385,-8.375651335853137,407.60548327387403,186.05426308407843,74.98963621465859
3.12,12.344952621516077,11.715819723922712,-8.402386918871494,377.49292298963974,209.31248232356862,94.47780781282626
3.13,12.823622543826568,12.372493008432373,-8.425780554012558,351.14443274093475,229.66342415812252,111.52995796122296
3.14,13.242458725848246,12.947082132378327,-8.446249984760987,328.08950377331786,247.4704982633572,126.45058934107008
3.15,13.608940385117215,13.449847615831036,-8.464160736665864,307.9164409266531,263.05168810543756,139.50614179843632
3.16,13.116084836977562,14.238625038852156,-6.6770202695826315,290.2650109358214,276.68522921725787,150.92975019863178
3.17,12.684836232355366,14.928805283995636,-5.113272360884802,274.8200096938437,288.61457769010065,160.9254075488028
3.18,12.307493703310945,15.53271299849618,-3.7449929407742024,261.30563360711324,299.0527576038381,169.67160773020245
3.19,11.977318990397077,16.061132248684157,-2.547748448177427,249.4805545312241,308.18616502835835,177.32453288892717
3.2,11.688416116597441,16.523499092598637,-1.5001595171552489,239.1336103398211,316.1778965248136,184.02084240281127
3.21,11.435626102022761,16.928070081023808,-0.5835192025108428,230.08003417234346,323.1706615842119,189.88011322745987
3.22,11.214434839269915,17.28206969589583,0.2185410728030126,222.15815502580054,329.2893310111855,195.0069751990274
3.23,11.020892484361175,17.591819358908854,0.9203438137026361,215.22651077257547,334.64316675978733,199.49297942414898
3.24,10.851542923816028,17.862850314045247,1.5344212119898066,209.16132205100354,339.32777303981396,203.41823312113038
3.25,10.703362058339025,18.10000239978959,2.071738935491081,203.8542819196281,343.42680353483723,206.85283010598909
3.26,10.573703801046646,18.307510474815892,2.541891943554696,172.18624667967458,308.92032821798256,188.02247646774043
3.27,10.460252825915815,18.489080040463904,2.953275825610359,144.47671584471524,278.72716231573474,171.54591703427286
3.28,10.360983222676337,18.647953410405915,3.313236722409064,120.23087636412583,252.30814215126787,157.12892752998874
3.29,10.274122319841794,18.786967609105176,3.6282025071079307,99.0157668186101,229.19149950735937,144.51406171374015
3.3,10.19811902986157,18.908605032967028,3.9037975687194395,80.45254596628384,208.96443719393943,133.47605412452262
3.31,10.131616151128872,19.01503777884615,4.144943247629509,64.20972772049835,191.265757669697,123.81779748395729
3.32,8.094301632237764,17.767096181490384,4.590081466675821,49.99726175543606,175.77941308598486,115.36682292346264
3.33,6.311651428208044,16.675147283804087,4.979577408341344,37.56135403600655,162.22886157523675,107.9722201830298
3.34,4.751832499682038,15.719691998328576,5.320386357298676,26.67993478150573,150.37212900333213,101.50194278515109
3.35,3.3869909372217837,14.883668623537504,5.618594187636342,17.158692933817512,139.9974880029156,95.8404500620072
3.36,2.192754570069061,14.152148170595316,5.879526039181799,8.827606317090321,130.91967712755115,90.88664392925631
3.37,1.1477977488104285,13.512067774270902,6.107841409284075,1.537905527454031,122.97659261160726,86.55206356309928
3.38,0.23346053020912483,12.951997427487038,6.307617358123565,-4.840582663477723,116.02639366015636,82.75930574271187
3.39,-0.5665845360670158,12.461935874051157,6.482421313358119,-10.421759830543007,109.94496957763681,79.4406426498729
3.4,-1.2666239690586387,12.033132014794761,6.635374774188355,-15.305289851725131,104.62372350543221,76.5368124436388
3.41,-1.8791584729263089,11.657928637945416,6.76920905241481,-19.57837862025949,99.96763319225319,73.99596101318394
3.42,-2.4151261638105206,11.329625683202238,6.886314045862959,-23.317331292727054,95.89355416822154,71.77271601153596
3.43,-2.8840978933342054,11.042360597801958,6.988780915130089,-50.27079188113618,93.84685977219385,60.36862651009397
3.44,-3.2944481566674293,10.791003648076712,7.078439425738828,-73.85506989599415,92.05600217566962,50.39004819633222
3.45,-3.6535046370840005,10.571066317067123,7.156890622521474,-94.49131315899488,90.48900177871091,41.6587921717907
3.46,-3.9676790574485006,10.378621152433732,7.22553541970629,-112.54802601412052,89.11787643137205,34.018943150316865
3.47,-4.242581675267438,10.210231633379514,7.285599617243004,-128.34764976235545,87.91814175245055,27.334075256527257
3.48,-4.483121465859008,10.062890804207074,7.338155790087629,-142.17232054206102,86.86837390839423,21.48481584946135
3.49,-4.640696032626632,8.34300607868119,6.421037066326676,-154.26890747430338,85.94982704484495,16.36671386827868
3.5,-4.778573778548303,6.838106943846041,5.618558183035842,-164.85342104001546,85.14609853923933,11.888374634743844
3.51,-4.899216806229765,5.5213202008652855,4.916389160156362,-174.1148704100135,84.44283609683441,7.969827805400864
3.52,-5.004779455451044,4.369131800757125,4.301991265136817,-182.2186386087618,83.82748145973011,4.541099329725756
3.53,-5.097146773519664,3.360966950662484,3.7643931069947145,-189.30943578266658,83.28904615226385,1.5409619135100363
3.54,-5.177968176829706,2.478822706829674,3.2939947186203753,-195.51388330983326,82.81791525823087,-1.0841583256787184
3.55,-5.248686904725993,1.7069464934759646,2.8823961287928284,-200.94277489610408,82.40567572595201,-3.381138534968879
3.56,-5.310565791635244,1.031554806791469,2.522247362693725,-205.69305503409106,82.044966135208,-5.390996218097769
3.57,-5.364709817680839,0.4405870809425354,2.207117192357009,-209.84955015482967,81.729345243307,-7.149621690835548
3.58,-5.412085840470734,-0.07650967917528151,1.931378293312383,-213.486483385476,81.45317696289362,-8.688418979481105
3.59,-5.453539860411892,-0.5289693442783714,1.6901067566483352,-249.80067133729148,98.23903084253192,-45.44611573204597
3.6,-5.4898121278604055,-0.924871551243575,1.4789941620672933,-281.57558579513005,112.92665298721542,-77.60910039054022
3.61,-5.521550361877855,-1.2712859823381282,1.2942706418088816,-309.3786359457388,125.77832236381349,-105.7517119667227
3.62,-5.549321316643123,-1.5743986095458622,1.1326375615827713,-333.7063048275214,137.0235330683368,-130.37649709588237
3.63,-5.573620902062733,-1.8396221583526293,0.9912086163849249,-354.9930150990813,146.8630924347947,-151.92318408389707
3.64,-5.226474539304891,-5.096299263558551,2.368592664336809,-373.61888658669614,155.47270688044537,-170.77653519840993
3.65,-4.92272147189178,-7.945891730613733,3.573803706294708,-389.91652413835914,163.0061195203897,-187.27321742360868
3.66,-4.656937537905308,-10.439285139287016,4.62836336800787,-404.1769569960643,169.59785558034096,-201.70781437065762
3.67,-4.424376595667145,-12.621004371876138,5.551103072006886,-416.6548357465563,175.36562463279833,-214.3380866993254
3.68,-4.220885771208751,-14.53000870039162,6.358500313006025,-427.57297965323676,180.41242255369855,-225.38957498690974
3.69,-4.042831299807657,-16.20038748784267,7.064972898880272,-437.12635557158217,184.82837073448624,-235.059627238546
3.7,-3.8870336373317,-17.661968926862336,7.683136411520238,-445.4855595001344,188.69232539267546,-243.52092295872774
3.71,-3.7507106826652374,-18.940852686004547,8.224029485080209,-452.7998629376176,192.07328571859102,-250.92455671388677
3.72,-3.631428097332083,-20.05987597525398,8.697310924445183,-459.19987844541544,195.03162600376714,-257.4027362496509
3.73,-3.5270558351655725,-21.03902135334723,9.111432183889535,-464.79989201473853,197.62017375329626,-263.07114334344453
3.74,-3.435730105769876,-21.895773559178828,9.473788285903344,-407.58365551289626,196.6301529091342,-264.99475167551395
3.75,-3.355820092548641,-22.645431739281477,9.790849875165428,-357.51944857378425,195.76388467049242,-266.6779089660747
3.76,-3.285898830980061,-23.30138264687129,10.06827876576975,-313.7132675020612,195.00589996168085,-268.1506715953154
3.77,-3.2247177271075538,-23.87533969101238,10.311029045048532,-275.3828590643036,194.34266334147074,-269.43933889590096
3.78,-3.1711842612191097,-24.377552104635832,10.523435539417466,-241.84375168126564,193.76233129878688,-270.56692278391336
3.79,-3.124342478566721,-24.816987966556354,10.709291221990284,-212.49703272110744,193.2545407614385,-271.55355868592414
3.8,-2.6703555437458806,-21.95123109573681,11.0402031942415,-186.818653630969,192.8102240412587,-272.4168651001836
3.81,-2.2731169757776453,-19.443693833769707,11.329751169961312,-164.35007192709787,192.42144691110136,-273.1722582126606
3.82,-1.9255332288054396,-17.24959872954849,11.583105648716149,-144.69006293621064,192.08126692221367,-273.83322718607803
3.83,-1.6213974502047597,-15.32976551335493,11.80479081762663,-127.48755506918431,191.78360943193695,-274.41157503781824
3.84,-1.3552786439291646,-13.649911449185565,11.998765340423303,-112.43536068553628,191.52315912794484,-274.917629408091
3.85,-1.1224246884380191,-12.18003914303737,12.16849304787039,-99.26469059984426,191.29526511195172,-275.3604269820796
3.86,-0.9186774773832668,-10.8939008751577,12.317004791886593,-87.74035427486373,191.09585784795775,-275.74787485931967
3.87,-0.7403986677103584,-9.768529890762988,12.44695256790077,-77.65655999050577,190.92137649196303,-276.0868917519047
3.88,-0.5844047092465636,-8.783830279417614,12.560656871913174,-68.83323999169255,190.76870530546765,-276.38353153291666
3.89,-0.4479099955907431,-7.922218119490412,12.660148137924027,-61.11283499273098,190.63511801728419,-276.6430913413021
3.9,-0.3284771211419002,-7.168307479554111,12.747202995683525,9.211273006360393,203.27135351512368,-241.35832992363936
3.91,-0.22397335599916263,-6.508635669609847,12.823375996223085,70.74486750556534,214.32805957573322,-210.48416368318445
3.92,-0.1325325614992673,-5.931422835908616,12.890027371695199,124.58676269236966,224.00267737876658,-183.46926822278638
3.93,-0.05252186631185887,-5.426361606420039,12.9483473252333,171.69842098082344,232.46796795642075,-159.83123469493808
3.94,0.017487491977123487,-4.9844330306175335,12.999377284579138,212.92112198322053,239.87509721186814,-139.14795535807082
3.95,0.07874568047998305,-4.597745526790342,13.044028499006746,248.99098536031798,246.35633531038462,-121.05008593831197
3.96,0.5312209704199852,-4.9047632109415495,8.527009061630903,280.5521158152782,252.02741864658657,-105.21445019602297
3.97,0.9271368491174871,-5.173403684573856,4.574617053927039,308.1681049633684,256.98961656576324,-91.3582689215201
3.98,1.2735632429778012,-5.408464099002124,1.1162740471861583,332.33209546794734,261.33153974504285,-79.23411030633008
3.99,1.5766863376055762,-5.614141961626858,-1.9097760837121116,353.4755871594539,265.1307225269125,-68.62547151803882
4.0,1.8419190454048793,-5.7941100914235015,-4.557569948248098,371.9761423895221,268.45500746104847,-59.34291257828397
4.01,2.0739976647292693,-5.951582204995564,-6.874389579717086,388.16412821583185,271.36375677841744,-51.22067350599848
4.02,2.2770664566381105,-6.089370304371119,-8.90160675725245,402.3286158138529,273.90891243111525,-44.113714317748666
4.03,2.4547516495583466,-6.20993489132473,-10.675421787595894,414.7225424621212,276.13592362722585,-37.89512502803009
4.04,2.610226193363553,-6.3154289049091386,-12.227509939146408,425.5672282793561,278.0845584238226,-32.45385939952633
4.05,2.746266419193109,-6.407736166795496,-13.585587071753107,435.0563283694365,279.7896138708448,-27.69275197458554
4.06,2.86530161679397,-6.488505020946059,-14.773904562783969,412.261788073257,281.32528813698923,11.018218897237656
4.07,2.9694574146947237,-6.559177768327801,-15.813682367435973,392.3165653140999,282.6690031198656,44.890318410082955
4.08,3.060593737857883,-6.621016422286827,-16.723487946506477,374.8644953998374,283.8447537298824,74.52840548382258
4.09,3.1403380206256477,-6.675125244500974,-17.519567828193168,359.5939342248577,284.8735355136471,100.46173167334476
4.1,3.2101142680474415,-6.722470463938352,-18.21613772466902,346.23219319675053,285.7737195744412,123.15339208917666
4.11,3.271168484541511,-6.763897530946059,-18.825636384085392,334.54066979715674,286.561380627636,143.0085949530296
4.12,4.3030537989738225,-3.250847589577801,-16.77554308607472,324.31058682251216,287.2505840491815,160.38189745890088
4.13,5.205953449102095,-0.17692889088057573,-14.98171145031538,315.35926421969816,287.8536370430338,175.58353715153828
4.14,5.995990642964333,2.512749970479496,-13.41210876902596,307.5268569422359,288.38130841265456,188.884971882596
4.15,6.687273187593792,4.866218974169559,-12.038706422897715,300.6735005744564,288.8430208610728,200.52372727227151
4.16,7.292145414144569,6.925504352398365,-10.8369793700355,294.67681375264937,289.2470192534387,210.70763823823756
4.17,7.821408612376498,8.72737905834857,-9.785468198781064,289.4297127835682,289.60051784675886,219.61856033345788
4.18,8.284513910829435,10.304019426055,-8.865395923933432,284.83849943562217,289.909829115914,227.41561716677563
4.19,8.689731046975757,11.683579747798126,-8.060332683441754,280.82118775616937,290.1804764764248,234.2380418959287
4.2,9.044296041103786,12.89069502932336,-7.355902348011534,277.3060400366482,290.4172929168717,240.2076635339376
4.21,9.354540410965813,13.946920900657942,-6.739525804510092,274.23028578206714,290.6245073022627,245.43108246719538
4.22,9.626004234595086,14.871118538075699,-6.20019632894633,271.53900080930873,290.80581988947984,250.00157403379595
4.23,9.863535080270701,15.679791470816236,-5.728283037828038,241.02662570814516,270.4238424032949,232.18262752957145
4.24,10.071374570236863,16.387380286964206,-5.315358908099533,214.328297494627,252.58961210288302,216.59104933837503
4.25,10.253234123957256,17.006520501093682,-4.954050294587091,190.96726030779865,236.98466059002266,202.94841842107815
4.26,10.4123612334626,17.548268188456973,-4.6379052577637045,170.52635276932384,223.33032801626982,191.01111636844337
4.27,10.551597454279774,18.022297414899853,-4.361278350543241,152.64055867315835,211.3827870142361,180.56597707238797
4.28,8.868546022494803,17.288729488037372,-3.036283431725336,136.99048883901355,200.9286886374566,171.42648018833947
4.29,7.3958760196829525,16.6468575520327,-1.8769128777596689,123.29667773413686,191.7813525577745,163.42942041479705
4.3,6.107289767222584,16.085219608028613,-0.8624636430397103,111.31459301736976,183.7774334880527,156.43199311294742
4.31,4.9797767963197614,15.593786407025036,0.025179437340253408,100.83026889019854,176.7740043020461,150.309244223829
4.32,3.993202946779791,15.163782356146907,0.8018671326727217,91.65648527892372,170.64600376429036,144.9518389458504
4.33,3.129950828432317,14.787528811628544,1.4814688660886315,83.62942461905827,165.28400329375407,140.2641093276191
4.34,2.374605224878277,14.458306960174976,2.0761203828275523,76.605746541676,160.5922528820348,136.16234591166673
4.35,1.7136778217684925,14.170237840153103,2.596440459974108,70.4600282239665,156.48697127178048,132.5733029227084
4.36,1.1353663440474309,13.918177360133964,3.0517205274773445,65.08252469597069,152.89484986280792,129.43289030736983
4.37,0.629343801041502,13.697624440117217,3.4500905865426765,60.377209108974355,149.75174362995693,126.68502926894861
4.38,0.18657407591131425,13.504640635102565,3.798664388224842,56.26005797035256,147.0015256762123,124.28065086033004
4.39,-0.20084943357760005,13.335779805714743,4.103666464696737,42.04380022405849,146.25321071668577,114.36744437778879
4.4,-0.5398450043804001,13.1880265800004,4.370543281609645,29.604574696051174,145.59843512710006,105.69338870556518
4.41,-0.8364661288328501,13.058742507500352,4.604060496408438,18.72025235904478,145.02550648621255,98.10358999236954
4.42,-1.0960096127287438,12.945618944062808,4.808388059357384,9.196470314164182,144.52419392543598,91.46251611832335
4.43,-1.3231101611376508,12.846635826054957,4.987174676937711,0.8631610248936585,144.08554543475648,85.65157647853293
4.44,-2.2714111409954443,12.217240347798088,4.771210092320497,-6.428484603218049,143.70172800541192,80.56700429371632
4.45,-3.101174498371014,11.666519304323327,4.5822410807804355,-12.808674527815793,143.36588775473544,76.11800363200179
4.46,-3.827217436074637,11.18463839128291,4.416893195682881,-18.39134071183882,143.07202753539352,72.22512805300157
4.47,-4.462505006565308,10.762992592372546,4.2722137962225215,-23.27617362285897,142.81489984346933,68.81886192137637
4.48,-5.018381630744644,10.394052518325978,4.145619321694706,-27.550402420001596,142.58991311303566,65.83837905620432
4.49,-5.504773676901563,10.07122995353523,4.034849156482868,-31.290352617501398,142.39304972390622,63.23045654917878
4.5,-5.930366717288868,9.788760209343325,3.9379252619225094,-34.562809040313724,142.22079425841795,60.94852435553143
4.51,-6.302760627627759,9.541599183175409,3.8531168541821956,-37.42620841027451,142.07007072611572,58.95183368609
4.52,-6.628605299174288,9.325333285278482,3.778909497409421,-39.9316828589902,141.93818763535126,57.20472935032875
4.53,-6.913719386777502,9.136100624618672,3.713978060233243,-42.12397300161643,141.82278993093234,55.676013056537656
4.54,-7.163194213430314,8.970522046541339,3.6571630527040875,-44.042226876414375,141.7218169395658,54.33838629947044
4.55,-7.3814846867515245,8.825640790723671,3.607449921116076,-66.85632326686257,131.61033969712008,41.97671288703663
4.56,-7.572488850907583,8.698869691883212,3.5639509309765667,-86.81865760850476,122.76279710998008,31.160248651157055
4.57,-7.739617494544135,8.587944980397811,3.5258893146044956,-104.28570015744168,115.02119734623258,21.695842444762423
4.58,-7.885855057726118,8.490885857848085,3.4925854002789336,-119.56936238776149,108.24729755295351,13.414487014167118
4.59,-8.013812925510354,8.405959125617073,3.4634444752440667,-132.94256683929132,102.32013523383432,6.1683010123962285
4.6,-7.61214255982156,5.863067109914939,2.0336632908385583,-144.6441207343799,97.13386820460504,-0.17211173915329958
4.61,-7.2606809898438645,3.6380365961755725,0.7826047544837387,-154.88298039258243,92.59588455402941,-5.719972896759137
4.62,-6.953152116113381,1.6911348966536257,-0.31207146482672865,-163.84198259350964,88.62514885977573,-10.574351409664244
4.63,-6.684064351599209,-0.012404090428077552,-1.2699131567233874,-171.68110951932096,85.15075512730377,-14.821932608456212
4.64,-6.448612557649307,-1.5030007041245679,-2.108024637132964,-178.54034557940585,82.1106606113908,-18.538566157399185
4.65,-6.2425922379431436,-2.8072727411089966,-2.8413721824913436,-184.54217713198014,79.45057790996695,-21.79062051272429
4.66,-6.0623244582002505,-3.948510773470372,-3.4830512846799255,-189.79377974048262,77.1230055462211,-24.636168073633755
4.67,-5.904590150925219,-4.947094051786576,-4.044520499094935,-194.3889320229223,75.08637972794347,-27.126022189429534
4.68,-5.7665726320595665,-5.820854420313253,-4.535806061708067,-198.409690270057,73.30433213695053,-29.304644540750843
4.69,-5.645807303052121,-6.585394742774096,-4.9656809289945585,-201.92785373629988,71.74504049483173,-31.210939098156988
4.7,-5.540137640170605,-7.254367524927334,-5.341821437870239,-205.00624676926242,70.38066030797776,-32.87894683588736
4.71,-5.447676685149279,-7.839718709311417,-5.67094438313646,-244.2704664231046,87.56620339448054,-68.38907973140144
4.72,-5.366773349505619,-8.35190099564749,-5.958926960244403,-278.6266586202165,102.60355359517047,-99.46044601497626
4.73,-5.2959829308174164,-8.800060496191554,-6.210911715213852,-308.68832679268945,115.76123502077415,-126.64789151310423
4.74,-5.234041314465239,-9.19220005916761,-6.431398375812121,-334.99228644360323,127.27420626817738,-150.43690632396618
4.75,-5.179842400157084,-9.53532217677166,-6.624324203835606,-358.00825113815284,137.3480561096552,-171.2522942834704
4.76,-4.1126661001374485,-9.360911529675203,-3.182266178356155,-378.1472202458837,146.1626747209483,-189.46575874803662
4.77,-3.1788868376202672,-9.208302213465803,-0.17046540606163552,-395.76881821514826,153.87546600582976,-205.40254015453203
4.78,-2.3618299829177336,-9.074769061782579,2.464860269696069,-411.1877164382547,160.62415838010105,-219.34722388521553
4.79,-1.646905235053017,-8.957927554059758,4.7707702359840605,-424.67925238347283,166.52926420758843,-231.5488221495636
4.8,-1.0213460806713897,-8.855691234802288,6.788441456486053,-436.4843463355387,171.6962318066399,-242.22522063086814
4.81,-0.4739818205874659,-8.766234455452002,8.553903774425297,-446.81380354359635,176.21732845580993,-251.56706930200963
4.82,0.004961906985967324,-8.687959773520502,10.098683302622135,-455.8520786006468,180.17328802383372,-259.7411868892584
4.83,0.4240376686127214,-8.619469426830438,11.450365389794367,-463.76056927556596,183.63475264585452,-266.8935397781011
4.84,0.7907289600361312,-8.559540373476633,12.63308721607007,-470.6804986161202,186.66353419012273,-273.15184855583846
4.85,1.111583840031615,-8.507102451792054,13.667968814061311,-476.73543678910517,189.3137180413574,-278.62786873635866
4.86,1.392331860027663,-8.461219270318047,14.573490212303646,-400.107256565467,218.28513016118774,-275.7587588943138
4.87,1.6379863775242052,-8.421071486528291,15.365821435765689,-333.05759886978365,243.6351157660393,-273.2482877825246
4.88,1.8529340803336796,-8.385942175712255,16.059111256294976,-274.3891483860607,265.8163531702844,-271.051625559709
4.89,2.04101332029197,-8.355204028748222,16.665739849258102,-223.0542542128031,285.22493589899887,-269.1295461147454
4.9,2.2055826552554736,-8.328308150154694,17.19653986810084,-178.13622181120272,302.207445786624,-267.44772660040223
4.91,2.3495808233485396,-8.304774256385357,17.660989884588233,-138.83294345980238,317.06714193829606,-265.97613452535194
4.92,0.7477810954299722,-8.805406224337188,14.856370524014704,-104.44257490232707,330.06937607100906,-264.68849145968295
4.93,-0.6537936664987744,-9.24345919629504,12.402328583512865,-74.35100241453617,341.4463309371329,-263.56180377722256
4.94,-1.8801715831864274,-9.626755546758162,10.255041885573757,-48.02087648771914,351.4011664449913,-262.57595205506976
4.95,-2.953252260288124,-9.962139853413392,8.376166024877037,-24.98201630175425,360.1116475143674,-261.71333179818606
4.96,-3.8921978527521084,-10.255601121736719,6.732149646767407,-4.8230136390349685,367.7333184500715,-260.9585390734128
4.97,-4.713775246158095,-10.51237973151963,5.293635315921481,12.816113690844404,374.4022805188126,-260.2980954392362
4.98,-5.432655465388333,-10.737061015079677,4.0349352764312965,28.250350104488852,380.23762232896104,-259.7202072593317
4.99,-6.06167565721479,-10.933657138194718,2.9335727418773843,41.755306966427746,385.3435464128409,-259.2145551019152
5.0,-6.612068325062941,-11.105678745920379,1.9698805241427113,53.57214422062428,389.8112299862358,-258.7721094641758
5.01,-7.0936619094300735,-11.256197652680331,1.1266498336248723,63.911876818046245,393.7204531129563,-258.38496953115384
5.02,-7.5150562957513145,-11.387901696095291,0.38882297942176314,72.95914284079046,397.14102334883677,-258.0462220897596
5.03,-7.883776383782401,-11.50314273408338,-0.25677551800595727,122.63049936069166,367.0371453052322,-196.62231957853967
5.04,-8.2064064608096,-11.603978642322957,-0.8216742032552127,166.09293631560521,340.69625201707817,-142.87640488122221
5.05,-8.488707778208399,-11.692210062032588,-1.3159605528483111,204.12256865115458,317.6479703899434,-95.84872952106943
5.06,-8.73572143093235,-11.769412554278516,-1.7484611087422723,237.39849694476027,297.48072396620046,-54.699513580935744
5.07,-8.951858377065806,-11.836964734993701,-2.126899095149488,266.51493420166526,279.8343833454254,-18.693949633318777
5.08,-6.45211607993258,-9.29587889311949,-3.5417195832558024,291.9918168014571,264.3938353022472,12.81091882084607
5.09,-4.264841569941007,-7.0724287814795535,-4.779687510348827,314.28408907627494,250.88335576446633,40.37767871824031
5.1,-2.3509763736983813,-5.126909933794609,-5.862909446555223,333.78982731674057,239.06168616890804,64.49859362846027
5.11,-0.6763443269860838,-3.4245809420702833,-6.810728640735821,350.857348277148,228.71772527279455,85.60439417490274
5.12,0.7889587138871766,-1.9350430743114981,-7.640070435643844,365.7914291175045,219.66675948869525,104.0719696530399
5.13,2.0710988746512795,-0.631697440022561,-8.365744506188364,378.85874985281646,211.74716442760834,120.23109819640992
5.14,3.1929715153198694,0.5087299899802591,-9.000709317914819,390.2926554962144,204.8175187491573,134.37033567185867
5.15,4.174610075904885,1.5066039912327267,-9.556303528175466,400.2973229341876,198.75407878051266,146.74216846287632
5.16,5.033543816416774,2.379743742328636,-10.042448462153533,409.05140694241413,193.4485688079486,157.56752215501677
5.17,5.785110839364677,3.1437410245375563,-10.467825279384343,416.71123044961234,188.80624758195503,167.03970663563967
5.18,6.442731984444093,3.812238646470362,-10.8400299944613,423.4135760184108,184.74421650921067,175.3278680561847
5.19,7.018150486388581,4.3971740656615665,-11.165709120153638,401.2081307661095,186.04619019555935,186.4081356741616
5.2,7.5216416755900095,4.908992557453871,-11.450678355134434,381.7783661703458,187.18541717111444,196.1033698398914
5.21,7.962196466141258,5.356833737772137,-11.70002643574263,364.7773221490526,188.18224077472513,204.58669973490498
5.22,8.3476819078736,5.748694770550619,-11.918206006274803,349.9014086304211,189.0544614278845,212.0096133930419
5.23,8.6849816693894,6.091573174231792,-12.109113130490453,336.8849843016185,189.81765449939894,218.50466284391166
5.24,8.677391335715724,7.029958652452818,-11.077389489179145,325.49561301391617,190.48544843697408,224.1878311134227
5.25,8.670749793751257,7.851045945896216,-10.174631303031752,315.52991313717666,191.06976813235232,229.16060334924487
5.26,8.66493844453235,8.569497327659189,-9.384717890152782,306.8099257450296,191.5810478658083,233.51177905558927
5.27,8.659853513965805,9.19814228670179,-8.693543653883683,299.17993677690095,192.02841763258226,237.31905779864064
5.28,8.65540419972008,9.748206625864066,-8.088766197148223,292.50369642978836,192.4198661785095,240.65042669881058
5.29,8.651511049755069,10.229512922631057,-7.559585922504695,286.66198612606485,192.76238365619582,243.56537448645923
5.3,8.648104543535684,10.650655932302175,-7.096553182191609,281.5504896103067,193.06208644917135,246.11595380065182
5.31,8.645123850593723,11.019156065764404,-6.691399534417658,277.0779301590184,193.32432639302493,248.34771070057036
5.32,8.642515744269508,11.341593682543854,-6.336890092615452,273.1644406391411,193.55378634389683,250.30049798799905
5.33,8.64023365123582,11.623726597225872,-6.026694331038521,269.7401373092485,193.75456380090975,252.00918686449916
5.34,8.638236819831342,11.870592897572639,-5.755273039658706,242.83887014559244,182.85711832579605,240.07303850643677
5.35,8.636489592352424,12.08660091037606,-5.517779409701369,219.30026137739338,173.32185353507154,229.6289086931322
5.36,8.634960768308371,12.275607921579052,-5.309972483488698,198.7039787052192,164.9784968431876,220.49029510649066
5.37,8.633623047269824,12.440989056381671,-5.128141423052611,180.6822313670668,157.67805973778914,212.49400821817932
5.38,8.632452541361095,12.585697549333963,-4.969039245171035,164.91320244618345,151.2901772705655,205.4972571909069
5.39,8.631428348690958,12.712317480667219,-4.829824839524656,151.1153021404105,145.70078011174482,199.37510004204353
5.4,6.863483055104588,12.990953670583815,-2.749897859584075,139.0421393728592,140.8100575977767,194.0182125367881
5.41,5.316530923216515,13.234760336760838,-0.9299617521360657,128.4781219512518,136.53067539805463,189.3309359696896
5.42,3.96294780781445,13.448091169665732,0.6624823418809425,119.23460670734534,132.7862159732978,185.2295689734784
5.43,2.778562581837644,13.634755648457515,2.0558709241458244,111.14653086892716,129.50981397663557,181.6408728517936
5.44,1.7422255091079384,13.798087067400326,3.2750859336275964,104.06946451031126,126.64296222955613,178.5007637453194
5.45,0.835430570469446,13.941002058975284,4.341899066924147,97.87703144652235,124.13446695086162,175.7531682771545
5.46,0.04198499916076526,14.066052676603373,5.275360558558629,92.45865251570706,121.93953358200392,173.34902224251016
5.47,-0.6522798757343303,14.175471967027951,6.0921393637387995,87.71757095124367,120.01896688425343,171.24539446219637
5.48,-1.259761641267539,14.271213846149458,6.806820818271449,83.5691245823382,118.33847102372175,169.40472015442182
5.49,-1.7913081861090965,14.354987990380774,7.432167090987518,79.93923400954593,116.86803714575655,167.7941301351191
5.5,-2.256411412845459,14.428290366583177,7.9793450796140775,67.7243297583527,117.84328187753698,149.60236386822922
5.51,-2.6633767362397767,14.492429945760279,8.458125819662317,57.03628853855861,118.69662101784485,133.68456838470055
5.52,-3.0194713942098046,14.548552077540243,8.877058967204528,47.68425247123878,119.44329276561425,119.75649733661298
5.53,-3.331054219933579,14.597658942847712,9.243625471303963,39.501220912333935,120.09663054491246,107.56943516953636
5.54,-3.6036891924418817,14.640627449991747,9.564371162390968,32.3410682982922,120.66830110179839,96.90575577334431
5.55,-3.8422447933866466,14.67822489374278,9.845023642092096,26.075934761005673,121.16851283907359,87.57503630167628
5.56,-3.8758280692133154,14.115645032024933,9.152751061830584,20.593942915879964,121.60619810918938,79.41065676396674
5.57,-3.9052134355616506,13.623387653021817,8.54701255410176,15.79720005139497,121.98917272054071,72.2668246684709
5.58,-3.9309256311164447,13.19266244639409,8.01699135983904,11.6000500449706,122.32427550547311,66.01597158491204
5.59,-3.9534238022268893,12.815777890594829,7.55322281485916,7.927543789349274,122.61749044228897,60.54647513679803
5.6,-3.9731097019485277,12.486003904270476,7.1474253380017645,4.714100815680615,122.87405351200285,55.76066574469827
5.61,-3.9903348642049616,12.197451666236667,6.792352545751544,1.9023382137205376,123.09854619800248,51.57308252661099
5.62,-4.005406881179342,11.944968457957083,6.481663852532601,-0.5579540629945297,123.29497729825216,47.90894721078462
5.63,-4.018594896031924,11.724045650712448,6.209811245966026,-2.7107098051202136,123.46685451097063,44.70282880943654
5.64,-4.030134409027934,11.530738194373393,5.971940215220274,-4.594371079480187,123.6172470720993,41.89747520825697
5.65,-4.040231482899442,11.36159417007672,5.76380306331774,-6.242574694545164,123.74884056308689,39.442790807224846
5.66,-4.049066422537011,11.21359314881713,5.581683055403023,-16.13287810772702,117.03461024270102,30.78056708132174
5.67,-4.056796994719885,11.08409225521499,5.422328048477645,-24.786893594261144,111.1596587123634,23.20112132115652
5.68,-4.0635612453798995,10.970778973313118,5.28289241741794,-32.359157144978504,106.01907612331797,16.56910628101196
5.69,-4.069479964707412,10.87162985164898,5.160886240240697,-38.98488775185619,101.52106635790322,10.766093120885465
5.7,-4.074658844118986,10.784874370192858,5.05413083521061,-44.78240203287417,97.58530781316531,5.688456605774781
5.71,-4.079190363604113,10.708963323918752,4.960719855809284,-49.855227028764894,94.14151908651965,1.2455246550529333
5.72,-4.001451693153599,9.161552033428908,3.963749998833123,-54.29394890016928,91.12820395070469,-2.642040801828683
5.73,-3.9334303565093993,7.807567154250295,3.0914013739789823,-58.17783053764812,88.4915532068666,-6.0436605766000975
5.74,-3.873911686945725,6.622830384969008,2.3280963272316093,-61.57622697044211,86.18448380600827,-9.020077879525086
5.75,-3.8218328510775095,5.586185711847882,1.6602044113276582,-64.54982384913684,84.16579808025723,-11.62444301958445
5.76,-3.776263869692821,4.679121622866897,1.075798984911701,-67.15172111799474,82.39944807022508,-13.903262517136394
5.77,-3.736391010981219,3.885440545008535,0.5644442367977383,-69.4283812282454,80.85389181144694,-15.897229577494343
5.78,-3.7015022596085663,3.1909696018824683,0.117008832198021,-71.42045882471473,79.50153008501607,-17.64195075530755
5.79,-3.6709746021574956,2.5833075266471597,-0.2744971468267316,-73.16352672162539,78.31821357438906,-19.16858178589411
5.8,-3.6442629018878083,2.0516032108162645,-0.6170648784733901,-74.68871113142221,77.28281162759042,-20.504383937657344
5.81,-3.6208901641518327,1.5863619344642315,-0.9168116436642163,-76.02324748999443,76.37683492414162,-21.673210820450176
5.82,-3.600439018632854,1.1792758176562024,-1.1790900632061891,-77.19096680374513,75.58410530862392,-22.695934342893903
5.83,-3.5825442663037474,0.823075465449177,-1.4085836803054155,-109.58146970327698,82.52046777004593,-42.99394242503216
5.84,-3.566886358015779,0.5114001572680298,-1.6093905952672385,-137.92315974036737,88.58978492379019,-60.754699496903136
5.85,-3.553185688263807,0.23868426260952608,-1.7850966458588335,-162.72213852282144,93.90043743331643,-76.29536193479024
5.86,-3.541197602230831,5.785478333533711e-05,-1.9388394401264792,-184.42124495746876,98.54725837915187,-89.89344156794147
5.87,-3.5307080269519773,-0.20874025206458158,-2.0733643851106693,-203.40796308778516,102.61322670675789,-101.7917612469488
5.88,-1.52524289858298,-2.401511345556509,-1.0773325869718358,-220.02134145181202,106.17094899341315,-112.20279096608019
5.89,0.2295390887398927,-4.3201860523619455,-0.20580476360035627,-234.55804752033552,109.2839559942365,-121.31244197032015
5.9,1.7649733276474062,-5.999026420816702,0.5567820818496882,-247.2776653302936,112.00783711995695,-129.28338659903014
5.91,3.1084782866914806,-7.468011743214614,1.2240455716184773,-258.4073309140069,114.39123310496232,-136.25796314915138
5.92,4.284045125855046,-8.753373900312788,1.8079011251661676,-268.145788299756,116.47670459184204,-142.36071763050745
5.93,5.312666110123166,-9.87806578777369,2.318774734520397,-276.6669385122865,118.30149214286179,-147.70062780169403
5.94,6.21270947135777,-10.862171189301979,2.7657891427053474,-284.1229449482507,119.89818125000407,-152.37304920148227
5.95,7.000247412438049,-11.72326341563923,3.156926749867179,-290.6469505797193,121.29528421875357,-156.461417926297
5.96,7.689343110883293,-12.476719113684329,3.4991721561337816,-296.3554555072544,122.51774931640938,-160.0387405605099
5.97,8.29230184702288,-13.135992849473787,3.798636886617059,-301.3503973188476,123.5874062768582,-163.16889786544616
5.98,8.81989074114502,-13.712857368289566,4.060668525789927,-305.72097140399165,124.52335611725093,-165.9077855072654
5.99,9.281531023501893,-14.21761382225337,4.289946210066185,-304.96897647849266,152.49793710259456,-199.37993631885723
6.0,9.685466270564156,-14.659275719471697,4.490564183807912,-304.3109809186811,176.97569546477024,-228.66806827900007
6.01,10.038909611743637,-15.045729879537735,4.666104910831923,-303.7352348038459,198.39373403167394,-254.29518374412504
6.02,10.348172535275683,-15.38387726959552,4.819703046977933,-303.2314569533652,217.1345177777147,-276.7189097761094
6.03,10.618777593366223,-15.679756235896079,4.954101416105692,-302.79065133419454,233.53270355550035,-296.33967005409573
6.04,7.0965177691954455,-14.679651956409069,5.62870186409248,-302.4049464174202,247.8811161110628,-313.50783529733377
6.05,4.014540423046014,-13.804560711857935,6.21897725608092,-302.06745461524264,260.43597709717994,-328.52997988516705
6.06,1.3178102451652625,-13.038855872875693,6.735468224070805,-301.7721492883373,271.42148046003246,-341.6743563995212
6.07,-1.0418286604803955,-12.36886413876623,7.187397821061953,-301.5137571272951,281.0337959025284,-353.17568584958104
6.08,-3.1065127029203463,-11.782621371420452,7.582836218429209,-301.28766398638317,289.44457191471236,-363.2393491183834
6.09,-4.9131112400553025,-11.269658949992897,7.928844816125558,-301.0898324880853,296.8040009253733,-372.0450544785855
6.1,-6.4938849600483906,-10.820816831243784,8.231602339109862,-300.9167299270746,303.2435013097017,-379.7500466687623
6.11,-7.877061965042342,-10.42807997733831,8.49651517172113,-300.7652651861902,308.878064145989,-386.491914835167
6.12,-9.08734184441205,-10.084435230171021,8.728313900255989,-300.6327335379164,313.8083066277404,-392.39104948077113
6.13,-10.146336738860544,-9.783746076399643,8.93113778772399,-300.51676834567684,318.1222687992729,-397.55279229567475
6.14,-11.072957271502977,-9.520643066849688,9.108608689258492,-207.28029755246726,304.20011069936373,-315.7111921337154
6.15,-11.883750237565106,-9.290427933493477,9.263895728101181,-125.69838560840884,292.01822236194323,-244.09979199200095
6.16,-12.593194082869468,-9.088989691806793,9.399771887088534,-54.31421265735773,281.3590700667003,-181.43981686800083
6.17,-13.213957447510785,-8.912731230330944,9.518663526202467,8.146938674811992,272.0323118083628,-126.61233863450073
6.18,-13.757125391571938,-8.758505076539576,9.622693710427159,62.8004460904605,263.8713983323174,-78.63829518018815
6.19,-14.232397342625447,-8.623557191972129,9.713720121623764,110.62226507915294,256.73059904077775,-36.661007157664635
6.2,-12.192881049797267,-9.231441792975613,6.221259981420793,152.46635669425882,250.48239966068053,0.06911986204344345
6.21,-10.408304293572609,-9.76334081885366,3.165357358743194,189.07993685747647,245.01522520309544,32.20798100428801
6.22,-8.846799631876033,-10.228752466496951,0.4914425639002946,221.1168195002919,240.23144755270852,60.329484503752006
6.23,-7.480483052891529,-10.635987658184831,-1.8482328815872424,249.14909181275542,236.04564210861997,84.93580006578301
6.24,-6.2849560462800875,-10.992318450911727,-3.8954488963888374,273.67733008616096,232.38306234504245,106.46632618256012
6.25,-5.238869915495076,-11.30410789454776,-5.686762909340233,295.1395385753908,229.17830505191216,125.3055365347401
6.26,-4.323544551058192,-11.57692365772929,-7.254162670672704,313.91897100346694,226.37414242042314,141.7898455928976
6.27,-3.5226348571759183,-11.815637450513128,-8.625637461838616,330.3509743780336,223.92050011787023,156.2136160187854
6.28,-2.8218388750289285,-12.024512019198987,-9.82567790410879,344.72897733077934,221.77356310313644,168.8344151414372
6.29,-2.2086423906503128,-12.207277266799112,-10.875713291095192,357.30972991443195,219.89499321524437,179.87761437375755
6.3,-1.6720954668190235,-12.367196858449223,-11.794494254708292,342.632265300128,217.46374418833884,198.56603732703786
6.31,-1.2026169084666456,-12.50712650114307,-12.598427597869755,329.789483762612,215.3364012897965,214.9184074111581
6.32,-0.7918231699083149,-12.629564938500186,-13.301869273136035,318.55204991728556,213.47497625357195,229.22673123476335
6.33,-0.43237864866977554,-12.736698571187663,-13.91738073899403,308.7192953026249,211.84622934687548,241.74651458041794
6.34,-0.11786469258605359,-12.830440499789205,-14.455953271619777,300.1156350147968,210.42107580351603,252.7013250078657
6.35,0.15733501898720312,-12.912464687315554,-14.927204237667304,292.58743226294723,209.17406645307653,262.2867841318825
6.36,2.0976392666138026,-9.67299247640111,-13.996848082958891,286.0002548550789,208.08293327144196,270.67406086539717
6.37,3.7954054832870776,-6.838454291850971,-13.182786447589029,280.23647462319406,207.1281917375117,278.0129280072225
6.38,5.280950922876193,-4.3582333803696,-12.4704825166404,275.1931669202948,206.29279289532275,284.4344367563197
6.39,6.580803182516669,-2.1880400828233997,-11.84721657706035,270.78027268025795,205.56181890840742,290.0532569117797
6.4,7.718173909702085,-0.2891209474704748,-11.301858879927805,266.91899022022574,204.92221666985648,294.96972454780723
6.41,8.713373295989324,1.3724332959633347,-10.824670894936828,263.54036806769756,204.36256471112443,299.2716337293313
6.42,9.584172758990658,2.826293258967918,-10.407131408069723,260.58407368423536,203.8728692472339,303.0358042631649
6.43,10.346122289116824,4.098420726596928,-10.041784357061008,257.99731609870594,203.44438571632966,306.32945348026925
6.44,11.012828127977222,5.211532260772312,-9.722105687428382,255.73390321136768,203.06946262678846,309.2113965452356
6.45,11.596195736980068,6.185504853175773,-9.442386851499833,253.7534169349467,202.74140492343992,311.73309672708115
6.46,12.106642394857559,7.037730871528801,-9.197632870062353,233.46611531807835,185.32185455800993,294.523335636196
6.47,12.553283220500365,7.783428637587701,-8.983473136304559,215.71472640331854,170.0797479882587,279.4647946816715
6.48,12.944093942937819,8.435914182889238,-8.796083369266489,200.1822611029037,156.74290473972636,266.28857134646256
6.49,13.28605332507059,9.006839035028085,-8.632117323108178,186.59135396504072,145.07316689726056,254.75937592815475
6.5,13.585267784436766,9.506398280649574,-8.488647032719655,174.69931021941062,134.862146285103,244.67132993713543
6.51,13.847080436382171,9.943512620568377,-8.363110528629697,164.2937719419843,125.92750324946512,235.8442896949935
6.52,12.2711145068344,10.25229604299733,-6.628678462550985,155.18892594923625,118.10969059328198,228.12062948311933
6.53,10.8921443184801,10.522481537622664,-5.1110504047321115,147.2221857055817,111.26910451912173,221.36242679772943
6.54,9.685545403670087,10.75889384541983,-3.7831258541405974,140.25128799238396,105.28359170423151,215.44899944801327
6.55,8.629771353211325,10.965754614742352,-2.6211918723730228,134.15175249333598,100.04626799120257,210.27475051701163
6.56,7.7059690590599095,11.146757787899558,-1.604499638326395,128.814658931669,95.46360974230225,205.74728270238518
6.57,6.897642051677421,11.305135564412113,-0.7148939335355956,124.14470206521037,91.45378377451448,201.78574836458702
6.58,6.190355920217743,11.4437161188606,0.06351105815635383,120.05848980705908,87.94518605270017,198.31940581901364
6.59,5.571480555190526,11.564974104003024,0.7446154258868096,116.48305408117669,84.87516304611265,195.28635609163695
6.6,5.02996461079171,11.671074841002646,1.3405817476509583,113.35454782102961,82.18889291534856,192.63243758018234
6.61,4.556138159442747,11.763912985877315,1.8620522791945886,110.61710484340091,79.83840655092999,190.31025888265955
6.62,4.141540014512404,11.845146362642652,2.318338994295265,108.22184223797579,77.78173098206373,188.2783525223271
6.63,3.7787666376983533,11.91622556731232,2.717589870008357,96.32161195822881,84.72339035930577,164.0960584570362
6.64,3.4613399329860592,11.97841987139828,3.0669343862573126,85.90891046345021,90.79734231439255,142.93655114990668
6.65,3.183591566362802,12.032839887473497,3.3726108379751487,76.79779665551894,96.11205027509348,124.42198225616835
6.66,2.940561745567452,12.08045740153931,3.6400777332282552,68.82557207357907,100.7624197407068,108.22173447414731
6.67,2.727910652371521,12.122122726346896,3.8741112665747233,61.84987556438168,104.83149302311845,94.0465176648789
6.68,1.6202140708250807,12.002182510553533,4.257834733252883,55.74614111883397,108.39193214522865,81.64320295676904
6.69,0.6509795619719455,11.89723482173434,4.593592766596273,50.40537347897972,111.50731637707507,70.79030258717292
6.7,-0.19710063327454774,11.805405594017547,4.887381045771739,45.732201794107254,114.23327757994069,61.2940147637763
6.71,-0.9391708041152294,11.725055019765353,5.144445790050272,41.643176569843845,116.61849363244811,52.98476291830426
6.72,-1.5884822036008257,11.654748267294684,5.369377441293988,38.065279498613364,118.7055576783921,45.714167553516226
6.73,-2.1566296781507224,11.593229858882848,5.566192636132239,34.934619561286695,120.53173871859309,39.352396609326696
6.74,-2.6537587183818823,11.539401251522492,5.738405931615709,32.195292116125856,122.12964712876897,33.785847033160856
6.75,-3.088746628584147,11.49230122008218,5.889092565163746,29.798380601610123,123.52781698767285,28.91511615401575
6.76,-3.4693610500111287,11.451088692571906,6.020943369518278,27.70108302640886,124.75121561421375,24.65322663476378
6.77,-3.8023986687597375,11.415027731000418,6.136312823328494,25.865947648107753,125.82168941243704,20.924073305418307
6.78,-4.093806585164771,11.383474389625365,6.237261095412432,8.943329192094284,120.25710336088241,8.753564017241018
6.79,-4.3487885120191745,11.355865215922194,6.325590833485878,-5.863961956917501,115.3880905657721,-1.8956316099141084
6.8,-4.571897698016778,11.331707188931919,6.402879354300143,-18.820341712302813,111.1277043700506,-11.213677783674845
6.81,-4.767118235764681,11.310568915315429,6.470506810012626,-30.15717399826496,107.39986644879426,-19.36696818571549
6.82,-4.937936206294095,11.292072925901,6.529680833761049,-40.07690224848184,104.13800826769497,-26.501097287501054
6.83,-5.087401930507333,11.275888935163374,6.581458104540918,-48.75666446742161,101.2838823592331,-32.74346025156342
6.84,-5.129246939193917,10.280443568267952,5.284316591473304,-56.351456408993904,98.78652218932896,-38.20552784511799
6.85,-5.165861321794677,9.409428872234457,4.149317767539141,-62.996899357869665,96.60133204066284,-42.98483698947824
6.86,-5.197898906570342,8.64729101320515,3.1561937965967477,-68.81166193813596,94.68929066057999,-47.16673249079346
6.87,-5.225931793249049,7.980420386554506,2.2872103220221547,-73.89957919586897,93.01625445300749,-50.82589105444428
6.88,-5.250460569092918,7.396908588235193,1.5268497817693854,-78.35150679638535,91.55234777138156,-54.02765479763874
6.89,-5.271923247956304,6.886335764705794,0.8615343090482122,-82.24694344683718,90.27142942495885,-56.8291980729339
6.9,-5.290703091961766,6.43958454411757,0.2793832704171857,-85.65545051598254,89.150625871839,-59.28054843881716
6.91,-5.307135455466545,6.048677226102873,-0.22999888838496252,-88.63789420148471,88.16992276285913,-61.42548000896502
6.92,-5.321513773533227,5.7066333228400135,-0.6757082773368421,-91.24753242629912,87.31180754250173,-63.30229513284439
6.93,-5.334094801841574,5.407344907485012,-1.065703992669737,-93.53096587301172,86.56095672468902,-64.94450836623884
6.94,-5.345103201611377,5.145467544049385,-1.40695024358602,-134.82084663888526,94.64958750910289,-81.99144519545898
6.95,-5.354735551409955,4.916324851043212,-1.7055407131377673,-170.9494923090246,101.72713944546503,-96.90751492102662
6.96,-5.004470232483711,2.3068106196628104,-2.705097748995547,-202.5620572703965,107.9199973897819,-109.9590759308983
6.97,-4.697988078423247,0.023485667204958816,-3.579710155371103,-230.22305161159693,113.33874809105916,-121.37919181453601
6.98,-4.429816193620341,-1.9744236661956611,-4.344996010949715,-254.4264216601473,118.08015495467676,-131.371793212719
6.99,-4.118182294417799,-3.7021228329212033,-4.710779634581001,-275.60437045262887,122.22888596034215,-140.11531943612914
7.0,-3.688387257615574,-5.053830478806052,-4.8205676802583755,-294.13507564605027,125.85902559029938,-147.765904881613
7.01,-3.3123166004136273,-6.236574668955296,-4.916632220226078,-310.349442690294,129.03539776651198,-154.46016714641138
7.02,-2.953091150361924,-7.041938460335883,-4.604063817697819,-324.5370138540072,131.814723420698,-160.31764662810997
7.03,-2.6387688815666834,-7.7466317777938976,-4.3305664654855915,-336.9511386222563,134.24663336811074,-165.44294117459623
7.04,-2.354689396370848,-7.811858805569661,-3.6604711572998925,-347.81349779447424,136.3745545720969,-169.9275739027717
7.05,-2.1061198468244924,-7.868932454873453,-3.074137762637406,-357.31806207016496,138.2364856255848,-173.85162753992526
7.06,-1.6888897409714307,-7.347523648014271,-1.9624431673077303,-365.6345558113943,139.8656752973867,-177.28517447243462
7.07,-1.3238133983500018,-6.891290942012487,-0.989710396394264,-372.91148783497,141.29121626021336,-180.2895280383803
7.08,-0.7162569735562516,-6.018010199260926,0.6144892781550191,-379.2788033555987,142.5385646026867,-182.91833740858277
7.09,-0.18464510186172012,-5.25388954935331,2.0181639933856417,-384.85020443614883,143.62999440235086,-185.21854560750992
7.1,0.3436522858709949,-4.043934730684146,3.234234494212436,-372.1858043816302,159.42499522705702,-199.91872940657117
7.11,0.8059125001371206,-2.985224264348628,4.298296182435881,-361.1044543339264,173.2456209486749,-212.78139023074976
7.12,0.6329006876199805,-1.2309692313050495,5.466476534631396,-351.4082730421856,185.33866845509056,-224.03621845190605
7.13,0.48151535166748294,0.30400392260808173,6.488634342802472,-342.9241144119124,195.92008502320425,-233.88419314541778
7.14,1.1605375577090475,1.8008836822820715,7.689560424952163,-335.50047561042334,205.17882452030375,-242.50117100224054
7.15,1.7546819879954165,3.1106534719968124,8.740370746833143,-329.0047916591204,213.2802215802658,-250.0410266269605
7.16,2.2557633644959894,3.5877226629972108,9.063498403479,-323.3210682017303,220.36894400773258,-256.63840029859045
7.17,2.694209568933991,4.00515820512256,9.346235103044126,-318.34781017651403,226.571576131766,-262.41110226126665
7.18,1.9028234978172418,3.73060430448224,8.93819646516361,-313.99620940444976,231.99887924029525,-267.4622164786083
7.19,1.2103606855900866,3.49036964142196,8.581162657018158,-310.1885587288935,236.74776946025833,-271.8819414187823
7.2,-0.5529590251086742,3.189935186244215,7.963959949890889,-306.8568643877818,240.90304840272603,-275.7492007414345
7.21,-2.09586377197009,2.9270550379636884,7.423907581154527,-303.9416318393091,244.53891747738527,-279.1330526487552
7.22,-3.4424081754738287,2.664116283218227,6.827712133510212,-301.3908033593954,247.7203029177121,-282.0939230676608
7.23,-4.6206345285396,2.4340448728159485,6.306041116821436,-299.158828439471,250.5040151779981,-284.6846846842032
7.24,-4.715764462472151,2.003130013713955,5.367107977218756,-297.2058503845371,252.93976340574835,-286.9516010986778
7.25,-4.799003154663133,1.6260795119997105,4.545541480066412,-295.49699458646995,255.0710431050298,-288.9351529613431
7.26,-5.106241635330242,0.6934931979997466,3.28267692005811,-218.68612063816119,260.23903671690107,-251.67638384117518
7.27,-5.3750753059139615,-0.12251982675022166,2.1776704300508465,-151.47660593339106,264.76103112728845,-219.07496086102827
7.28,-5.530635517674717,-1.3375794734064441,0.7253162512944908,-92.66828056671717,268.7177762363774,-190.54871575339973
7.29,-5.666750702965377,-2.400756664230639,-0.5454936551173204,-41.210995870877525,272.17992820683025,-165.58825128422475
7.3,-5.785851490094705,-3.331036706201809,-1.6574523232276552,3.8141282379821675,275.20931118097644,-143.74784487369666
7.31,-5.463847178832867,-4.462551617926583,-3.042018532824198,43.2111118332344,277.8600212833544,-124.63748926448459
7.32,-4.532028031478759,-5.477757790685761,-4.584471966221173,77.68347247908011,280.1793926229351,-107.91592810642402
7.33,-3.716686277543914,-6.366063191850041,-5.934118720443527,107.8467880441951,282.2088425450682,-93.28456209312102
7.34,-2.5241507428509244,-6.719310292868786,-7.194754130388086,134.2396891636707,283.9846112269347,-80.4821168314809
7.35,-1.4806821499945588,-7.028401506260188,-8.297810114089575,157.33347764321186,285.53840882356786,-69.27997722754579
7.36,-0.226495756245239,-6.699869317977664,-8.89650172482838,177.5405425628104,286.8979817206219,-59.478105074102565
7.37,0.8709173382854158,-6.412403653230456,-9.420356884224832,195.2217243674591,288.08760800554415,-50.90146693983974
7.38,1.6053624209997388,-5.330212946576649,-9.800064773696729,210.69275844652674,289.12853100485114,-43.39690857235978
7.39,2.2480018683747716,-4.383296078254567,-10.132309176984638,224.22991326571088,290.03933862924475,-36.830420000814804
7.4,2.480040884827925,-2.921102443472746,-10.128810779861558,236.07492373249704,290.83629530058914,-31.084742500712956
7.41,2.683075024224434,-1.6416830130386524,-10.125749682378864,246.4393078909349,291.53363238801546,-26.057274688123837
7.42,2.91613939619638,-0.12924188640882095,-9.972216722081505,266.60751902956804,247.08130321451353,5.676760147891642
7.43,3.1200707216718326,1.1941440993922816,-9.837875381821318,284.25470377587203,208.18551518769934,33.44404062940519
7.44,3.2365356314628535,2.7514604619682466,-9.618796834093652,299.695990428888,174.15170066423693,57.740411050729534
7.45,3.338442427529997,4.114112279222216,-9.427103104831945,313.20711625027707,144.37211295620733,78.99973516938834
7.46,3.478347874088747,5.405409369319439,-8.658126466727952,325.0293513439924,118.31497371168142,97.60164377321479
7.47,3.6007651398276534,6.53529432315451,-7.985271908386958,335.3738070509934,95.51497687272123,113.87831380156294
7.48,3.956765497349197,7.012714907760196,-7.206424044838588,344.42520579461916,75.56497963863107,128.12040007636756
7.49,4.268265810180547,7.430457919290171,-6.524932164233765,352.3451796952918,58.10873205880219,140.58222556682162
7.5,4.380088208907979,7.766959929378899,-6.308298768704544,359.27515685838034,42.834515426451915,151.4863228709689
7.51,4.477932807794481,8.061399188206536,-6.118744547616476,365.3388868760828,29.469575873145427,161.0274080120978
7.52,4.397126206820171,8.333404164680719,-6.008822354164417,370.6446506415724,17.775253764002247,169.37585751058558
7.53,4.32642043096765,8.571408519095629,-5.9126404348938655,375.28719393637584,7.542721918501966,176.6807508217624
7.54,4.865717877096693,8.461477079208676,-5.560548630532132,379.34941931932883,-1.4107434463107804,183.0725324690421
7.55,5.337603142459606,8.365287069307591,-5.2524683017156155,382.90386652941277,-9.245025640521934,188.66534141041186
7.56,5.669276499652156,8.214756810644142,-4.481726764001164,386.0140078382361,-16.100022560456694,193.55904923411038
7.57,5.959490687195636,8.083042834313623,-3.8073279185010183,388.73538148345665,-22.098144865399608,197.8410435798466
7.58,5.6344117262961815,7.7808662300244205,-2.9668870536883913,352.55095929802457,3.4316231177753416,204.00716450736576
7.59,5.349967635509159,7.516461701271368,-2.2315012969773425,320.8895898857715,25.770170103053424,209.40252031894502
7.6,4.7848699310705145,7.131495863612447,-1.3154605098551748,293.1858916500501,45.316398715171744,214.12345665407688
7.61,4.2904094396867,6.794650755660891,-0.513924821123278,268.9451556937939,62.41934875077527,218.25427594731727
7.62,3.6567435097258625,6.16728991120328,0.30277040651713183,247.73451173206965,77.38443003192836,221.8687428289026
7.63,3.1022858210101294,5.61834917230287,1.0173787307024904,229.17519826556094,90.47887615293732,225.03140135028977
7.64,2.6801827183838633,4.816622775765011,2.067975514364679,212.9357989823658,101.93651650882015,227.79872755650354
7.65,2.31084250358588,4.1151121787943845,2.9872477000690942,198.72632460957007,111.96195182021762,230.22013798694059
7.66,2.169788940637645,3.5154309064450864,3.8711339875604573,186.2930345333738,120.73420771769042,232.338872113573
7.67,2.0463670730579397,2.9907097931394504,4.6445344891154,175.41390571670206,128.40993162797912,234.19276447437636
7.68,1.9383729389256972,2.5315788189970188,5.321259927975975,165.8946680021143,135.12619004948172,235.8149202900793
7.69,1.707296946559985,2.2196813416223913,5.880526811978978,157.56533500185,141.0029161682965,237.23430662881938
7.7,1.1123669532399867,1.8843300489195924,6.167377835481606,150.27716862661876,146.14505152225945,238.47626967521694
7.71,0.5918032090849884,1.5908976678046434,6.418372481046406,143.90002304829142,150.644419956977,239.56298734081483
7.72,-0.15058681705063515,1.3284843343290629,6.404879045915606,138.320020667255,154.5813673373549,240.51386529821298
7.73,-0.8001780899193058,1.09887266753793,6.393072290176155,133.43751858384812,158.0261962951855,241.34588351093635
7.74,-1.5935389536793925,0.8498599590956887,6.194574378904136,112.6365788858671,162.32667263328733,225.7201486970693
7.75,-2.2877297094694686,0.6319738392087276,6.020888706541119,94.43575665013371,166.08958942912642,212.04763073493564
7.76,-2.8852612457857854,0.4203192343076366,5.754293118223479,78.51003719386699,169.38214162548562,200.08417751806869
7.77,-3.4081013400625624,0.23512145501918205,5.521021978445543,64.57503266963361,172.2631247972999,189.6161559533101
7.78,-3.767177297554742,-0.06344022685821571,5.15123248113985,52.38190371092941,174.7839850726374,180.45663708414634
7.79,-4.081368760360399,-0.32468169850093875,4.827666670997369,41.712915872063235,176.98973781355772,172.44205807362806
7.8,-4.551455665315349,-0.4407758611883214,4.4716203371226975,32.37755151305532,178.919771461863,165.42930143942456
7.81,-4.96278170715093,-0.5423582535397813,4.1600797949823605,24.209107698923408,180.6085509041301,159.2931393844965
7.82,-5.222408368757064,-0.5517833468473086,3.6852494456095655,17.06171936155798,182.08623291611383,153.92399758643444
7.83,-5.44958169766243,-0.5600303034913949,3.26977288990837,10.807754566363233,183.37920467659958,149.22599851313015
7.84,-5.4484214854546265,-0.5630552655549705,2.7102077786698233,5.335535370567829,184.51055496702463,145.11524932398888
7.85,-5.4474062997727986,-0.5657021073605992,2.2205883063360954,0.5473435742468507,185.50048647114653,141.51834378349025
7.86,-5.246585387301199,-0.6915577189405243,1.7368670180440835,-3.642324247534006,186.3666765372532,138.37105143555397
7.87,-5.07086708888855,-0.8016813790729588,1.313610890788573,-7.3082835915922555,187.12459284509654,135.61717063110973
7.88,-4.768659577777481,-1.139326331688839,0.9045249044400016,-10.515998017643224,187.78776961445948,133.20752492722102
7.89,-4.504228005555296,-1.434765665227734,0.5465746663850014,-13.32274814043782,188.36804928765204,131.09908493631838
7.9,-4.263023379860884,-1.8863045820742672,0.3321445830868762,-34.061779247883095,176.90579350169554,114.43607431927857
7.91,-4.051969332378273,-2.281401134314984,0.1445182602010167,-52.20843146689771,166.87631968898359,99.85594002936875
7.92,-3.824719540830989,-2.959423242525611,-0.2937785223241104,-68.08675215853549,158.10053010286063,87.09832252569765
7.93,-3.625875973227115,-3.5526925872099095,-0.6772882070335966,-81.98028276371855,150.42171421500305,75.93540720998544
7.94,-3.264117976573726,-4.463827763808671,-1.128968056154397,-94.13712204325373,143.70275031312767,66.16785630873726
7.95,-2.9475797295020105,-5.261071043332587,-1.5241879241350975,-104.77435641284701,137.8236568989867,57.6212492701451
7.96,-2.813203888314259,-6.025676162916014,-1.9360773086182104,-114.08193648624113,132.67945016161337,50.142968111376966
7.97,-2.6956250272749767,-6.694705642551512,-2.2964805200409337,-122.22606905046099,128.1782692664117,43.59947209745485
7.98,-2.4006011488656043,-7.211854687232574,-2.546656830035817,-129.35218504415337,124.23973598311022,37.873913085272996
7.99,-2.1424552552574037,-7.664360101328502,-2.7655611012813397,-135.5875365386342,120.79351936022144,32.864048949613874
8.0,-1.7343727233502284,-7.9391424636624395,-3.1201998386211725,-141.04346909630493,117.77807981519375,28.48041783091214
8.01,-1.37730050793145,-8.179577030704634,-3.430508733793526,-145.8174100842668,115.13957021329452,24.64474060204812
8.02,-0.9523778194400188,-8.243709151866554,-3.399395892069335,-149.99460844873346,112.8308743116327,21.288523026792102
8.03,-0.5805704670100165,-8.299824757883234,-3.372172155560668,-153.64965701764177,110.81076539767861,18.35183264844309
8.04,-0.009867658633764431,-8.31213266314783,-2.470584386115584,-156.84782451543654,109.04317009796878,15.782228567387703
8.05,0.4894972986954561,-8.322902080254352,-1.681695087851136,-159.64622107600698,107.49652421072268,13.53382499646424
8.06,1.3159507613585242,-7.914072695222558,-0.4939077018697441,-196.49106844150612,123.72195943438234,-22.899779878093792
8.07,2.039097541188709,-7.556346983319738,0.545406260863974,-228.73030988631785,137.91921525508454,-54.779184143332074
8.08,2.94036259854012,-7.02509298540477,1.1867466032559775,-256.9396461505281,150.34181409819897,-82.67366287541557
8.09,3.728969523722605,-6.560245737229174,1.7479194028489804,-281.62281538171214,161.2115880859241,-107.08133176598862
8.1,4.419000583257279,-6.153504395075527,2.238945602492858,-303.2205884589981,170.72264032518356,-128.43804204524005
8.11,3.8515837603501195,-6.272078720691086,2.739534777181251,-322.1186399016234,179.0448110345356,-147.12516353958506
8.12,2.1674659153063542,-5.537000255604701,3.446429680033594,-338.65443491392045,186.32671040521865,-163.47639484713693
8.13,0.6938628008930599,-4.893806598654113,4.064962720029395,-353.1232555496804,192.69837235456632,-177.78372224124485
8.14,0.0816964507814274,-2.8226948988223493,5.06644888002572,-365.78347360597036,198.27357656024552,-190.30263371108924
8.15,-0.453949105566251,-1.0104721614695558,5.942749270022506,-376.86116440522403,203.1518802402148,-201.25668124720312
8.16,-0.8726189673704696,0.6192521087141387,6.305358236269693,-386.55414385457107,207.42039596018796,-210.84147284130273
8.17,-1.238955096449161,2.0452608451248713,6.622641081735981,-395.0355008727497,211.15534721516445,-219.22816548613991
8.18,-4.821566334393015,3.4211368644842626,6.720592821518984,-402.456688263656,214.42342956326888,-226.56652155037244
8.19,-7.956351167593889,4.62502838142373,6.8063005938291115,-408.95022723069906,217.28300161786026,-232.98758310657587
8.2,-9.146142771644653,5.566407833745764,6.872112269600472,-414.63207382686164,219.78512716562773,-238.60601196825388
8.21,-10.187210425189072,6.3901148545275435,6.929697485900413,-419.60368959850393,221.97448701992425,-243.52213722222217
8.22,-8.301073372040436,6.3961118727116,6.836029800162862,-366.43572839869097,262.0883035174337,-234.58937081944438
8.23,-6.650703450535382,6.40135926362265,6.754070575142505,-319.9137623488546,297.1878929527545,-226.77320021701382
8.24,-5.8149605192184595,6.350582730669819,6.291300003249692,-279.2070420552478,327.9000337086602,-219.9340509398871
8.25,-5.083685454316152,6.306153264336092,5.886375752843481,-243.58866179834186,354.77315687007774,-213.9497953224012
8.26,-5.294403022526633,5.727862231294081,4.883315908738046,-212.42257907354912,378.287139636318,-208.71357165710103
8.27,-5.4787808947108045,5.221857577382321,4.00563854514579,-185.15225668935548,398.8618745567783,-204.1318759499634
8.28,-4.606329532871954,3.9012920052095303,2.7682297270025664,-161.29072460318605,416.864767612181,-200.12289220621795
8.29,-3.84293459126296,2.745797129558339,1.6854970111272456,-140.4118840277878,432.61729903565845,-196.6150314304407
8.3,-2.26031076735509,1.2740649883635466,0.5263165097363398,-122.14289852431433,446.4007640312011,-193.5456532516356
8.31,-0.8755149214357039,-0.013700635181896681,-0.48796642898070264,-106.15753620877504,458.461295902301,-190.85994734518115
8.32,0.07335269374375908,-1.2293920557841596,-1.5839211253581147,-92.17034418267816,469.01426128951334,-188.5099546770335
8.33,0.9036118570257892,-2.2931220488111395,-2.5428814846883503,-79.9315511598434,478.2481060033242,-186.45371109240432
8.34,1.1861514998975655,-3.2854262927097473,-3.3940720491023066,-69.22260726486297,486.3277201279087,-184.65449795585377
8.35,1.4333736874103697,-4.153692506121029,-4.138863792964519,-59.8522813567551,493.39738248692015,-183.08018646137205
8.36,1.8533501014840734,-4.949011192855901,-4.922101568843954,-51.65324618716071,499.5833370510552,-181.70266390370054
8.37,2.220829463798564,-5.644915043748913,-5.6074346227384595,-44.47909041376562,504.9960472946733,-180.49733166573796
8.38,2.5423739058237436,-6.253830913280299,-6.207101044896152,8.413921512955085,423.18154150783914,-120.46328920752072
8.39,2.9531320425957754,-6.526359549120262,-6.866254539284133,54.6953069488357,351.59384894435925,-67.93350205658064
8.4,4.132176537271303,-5.949434855480229,-7.546499846873616,95.19151920523123,288.95461795131433,-21.96993829950805
8.41,5.16384047011239,-5.4446257485452,-8.141714491014415,130.62570492957732,234.14529083240004,18.248179987930456
8.42,6.066546411348342,-5.00291777997705,-8.662527304637614,161.63061743838017,186.18712960335003,53.439033489439154
8.43,6.451966484929799,-3.6320375574799186,-8.772944141557911,188.75991588358266,144.22373852793126,84.23103030325926
8.44,6.267411174313574,-2.3129909877949286,-8.348635998863172,212.49805202313485,107.50577133693986,111.17402751535187
8.45,6.105925277524378,-1.1588252393205625,-7.977366374005275,233.268921145243,75.37755004482237,134.74915007593287
8.46,5.66522086783383,0.009419040594507821,-7.511579077254616,251.44343162708765,47.26535641421958,155.37738231644127
8.47,5.279604509354601,1.0316327855201943,-7.104015192597789,267.3461282987017,22.667186987442133,173.42708552688612
8.48,5.160916945685276,2.22920181233017,-6.755562918523066,281.260987886364,1.143788739011864,189.22057583602538
8.49,5.057065327474617,3.2770747107888987,-6.450667178707683,293.43649002556845,-17.68918472836462,203.03987985652222
8.5,4.993693786540289,4.670621871940286,-6.051792156369222,304.09005439737234,-34.16803651231904,215.13177087445695
8.51,4.938243688222753,5.88997563794775,-5.702776511823069,313.4119232227008,-48.58703182327916,225.71217551514985
8.52,4.971818227194909,6.894112558204282,-5.038408072845186,321.5685584448632,-61.20365272036926,234.97002957575614
8.53,5.001195948795545,7.772732363428746,-4.457085688739538,328.70561426425525,-72.2431960053231,243.07065187878663
8.54,5.341333705196102,7.959534318000153,-3.8678646026470953,327.43866185622335,-67.74967150465771,229.78869539393833
8.55,5.63895424204659,8.122986028250134,-3.3522961523162085,326.3300784991954,-63.8178375665755,218.16698346969605
8.56,5.596660336790767,8.190908399718868,-2.7902748832766826,325.36006806179597,-60.37748287075356,207.99798553598404
8.57,5.559653169691921,8.25034047475401,-2.298506272867097,324.51130892907145,-57.36717251190937,199.10011234398604
8.58,5.6492605234804305,8.012182540409759,-1.7016781137587098,323.76864468793747,-54.7331509479207,191.3144733009878
8.59,5.727666958045377,7.803794347858538,-1.179453474538871,323.11881347694526,-52.42838207943061,184.50203913836432
8.6,5.673836338289705,7.549737179376221,-0.8277450402215121,322.55021116732706,-50.41170931950179,178.5411592460688
8.61,5.626734546003492,7.327437156954193,-0.5200001601938231,322.05268414641114,-48.64712065456407,173.3253893403102
8.62,5.299865977753056,7.058312512334919,-0.3329983901695952,321.6173480031097,-47.103105572743566,168.76159067277143
8.63,5.013855980533924,6.822828448293054,-0.16937184139839578,321.236428877721,-45.75209237615062,164.768266838675
8.64,4.664599982967183,6.520698267256423,0.1541052637764037,320.90312464300587,-44.56995582913179,161.27410848384062
8.65,4.359000985096285,6.2563343588493705,0.43714773080435326,320.6114834376301,-43.53558635049032,158.21671992336056
8.66,3.6583016119592493,5.863635313993199,0.8460518894538092,320.3562973829263,-42.63051305667903,155.54150493294048
8.67,3.0451896604643434,5.520023649744049,1.203843028272083,320.1330095850605,-41.83857392459415,153.20069181632294
8.68,2.3165025779063004,4.902553568526043,1.4268343997380726,319.93763276192794,-41.14562718401989,151.1524803392826
8.69,1.678901380668013,4.362267247460288,1.6219518497708134,319.76667804168693,-40.539298786017405,149.36029529687227
8.7,1.7747932080845115,3.851307591527752,1.4582143685494617,293.043343536476,-12.223136562765227,152.06650850976325
8.71,1.8586985570739474,3.4042178925867828,1.314944072480779,269.66042584441647,12.553505382580429,154.43444507104283
8.72,2.127862612439704,3.298960531013435,1.3807394384206817,249.2003728638644,34.23306708475788,156.5063895621625
8.73,2.363381160884741,3.206860339636756,1.4383103836180966,231.29782650588135,53.202683574163146,158.3193409918922
8.74,1.8409211407741481,2.8206437971821616,2.0165424606658346,215.63309844264617,69.80109800239276,159.9056734929057
8.75,1.3837686231773796,2.4827043225343917,2.5224955280826054,201.9264613873154,84.32471062709367,161.29371443129247
8.76,0.3614247952802071,1.9355609072175926,2.9807155870722797,189.933153963901,97.03287167370696,162.5082502523809
8.77,-0.5331260541298188,1.4568104188153934,3.3816581386882447,179.43900996841336,108.1525125894936,163.57096909583328
8.78,-1.1682495473635914,1.1381766164634692,3.4142524963522143,170.2566339723617,117.88219839080689,164.50084808385412
8.79,-1.7239826039431425,0.8593720394055355,3.4427725593081875,162.2220549758165,126.39567346695603,165.31449219837236
8.8,-1.7292012784502497,0.8249234094798437,3.557429489394664,155.19179835383943,133.84496415858652,166.0264307985758
8.81,-1.7337676186439686,0.7947808582948632,3.657754303220331,149.0403238096095,140.3630935137632,166.64937707375384
8.82,-2.0149217913134727,0.7734440010080054,3.9714866403177895,143.6577835834083,146.0664566995428,167.19445506453462
8.83,-2.2609316923992884,0.7547742508820047,4.246002435278066,138.94806088548225,151.05689948709994,167.67139830646778
8.84,-2.5966424808493773,0.5559602195217541,4.428499755868308,134.82705352479695,155.42353692621242,168.0887236431593
8.85,-2.8903894207432055,0.3819979420815348,4.5881849113847695,131.22117208419732,159.24434468543586,168.4538833127644
8.86,-3.195656243150305,0.34213282432134295,4.5957944224616725,110.11102557367266,150.3288013497564,157.81402302366882
8.87,-3.462764712756517,0.30725084628117505,4.602452744653963,91.63964737696358,142.52770093103686,148.5041452707102
8.88,-3.669952873661952,0.38839786549602817,4.546640026572218,75.47719145484314,135.70173806465726,140.3580022368714
8.89,-3.851242514454208,0.4594015073090247,4.497803898250691,61.33504252298775,129.7290205565751,133.23012708226247
8.9,-3.9560844501474324,0.4147798188953966,4.3779885359693544,48.96066220761428,124.50289273700322,126.99323632197967
8.91,-4.047821143879004,0.37573584153347206,4.273150093973185,38.133079431662495,119.93003089487782,121.53595690673221
8.92,-4.304849250894128,0.21666786134178806,4.023981457226537,28.65894450270468,115.92877678301808,116.7608374183907
8.93,-4.529748844532362,0.07748337867406455,3.8059589000732195,20.369076439866596,112.42767943514082,112.58260786609186
8.94,-4.560048488965816,-0.07575241866019353,3.3446312875640674,13.115441884883271,109.36421925574821,108.92665700783039
8.95,-4.58656067784509,-0.20983374132766935,2.940969626618559,6.768511649272863,106.68369159877967,105.72770000685159
8.96,-4.319509218114454,-0.3336395236617107,2.3449832982912393,1.2149476931137553,104.33822989893221,102.92861263099515
8.97,-4.085839190850147,-0.4419695832039968,1.8234952610048343,-3.644420768525464,102.28595091156568,100.47941117712075
8.98,-4.000886416993879,-0.5486498853034972,1.3305057283792299,-7.8963681724597805,100.49020679761996,98.33635990498067
8.99,-3.926552739869644,-0.64199514964056,0.8991398873318261,-11.616822150902308,98.91893069791746,96.46119004185809
9.0,-3.7002197723859385,-0.87444338093549,0.44206652641534794,-14.87221938203952,97.54406411067778,94.82041641162583
9.01,-3.502178425837696,-1.0778355833185538,0.04212733561342946,-17.72069195928458,96.34105584684305,93.3847394851726
9.02,-3.1797481226079842,-1.3409866354037345,-0.3772682063382492,-38.828730964374,92.39217411598767,79.58539704952602
9.03,-2.8976216072819865,-1.5712438059782678,-0.7442393055459681,-57.298265093827254,88.93690260148921,67.51097241833527
9.04,-2.527136031371738,-1.9088602052309844,-1.130235267352722,-73.45910745709885,85.91354002630305,56.945850866043365
9.05,-2.202961152450271,-2.204274554577111,-1.4679817339336318,-87.5998445249615,83.26809777301517,47.701369507787945
9.06,-1.868531633393987,-2.6458954852549725,-1.8448756421919277,-99.9729894593413,80.95333580138828,39.61244831931445
9.07,-1.5759058042197387,-3.032313799598101,-2.1746578119179367,-110.79949127692365,78.92791907621475,32.534642279400146
9.08,-1.3941588286922715,-3.6349706996483384,-2.619050085428195,-120.2726803673082,77.15567944168791,26.34156199447513
9.09,-1.2351302251057377,-4.162295487192296,-3.0078933247496704,-128.56172082139466,75.60496976147692,20.92261674516574
9.1,-1.0959801969675205,-4.623704676293259,-3.3481311591559617,-135.81463121872034,74.2480987912923,16.181039652020026
9.11,-0.9410086723465804,-5.239070466756601,-3.6740192642614664,-142.16092781638028,73.06083669238078,12.032159695517523
9.12,-0.8054085883032578,-5.777515533412026,-3.959171356228783,-147.71393733933274,72.02198235583317,8.401889733577832
9.13,-0.5548415147653506,-6.3269817167355225,-4.3044859367001855,-152.57282067191616,71.11298481135402,5.225403516880602
9.14,-0.25328545041968176,-6.866355502143582,-4.7165608196126625,-156.82434358792665,70.31761195993477,2.4459780772705266
9.15,0.010576105882778464,-7.338307564375635,-5.07712634216108,-160.5444261394358,69.62166071494292,0.013980817611710439
9.16,0.20052146764743115,-7.85655724382868,-5.407058799390945,-163.79949837200633,69.01270337557506,-2.1140167845897535
9.17,0.36672365919150224,-8.310025713350095,-5.695749699467076,-166.64768657550553,68.47986570362818,-3.9760146865160344
9.18,0.3920154517925645,-8.972763499181333,-5.640517987033691,-169.13985125356734,68.01363274067465,-5.60526285070153
9.19,0.4141457703184939,-9.552659061783666,-5.59219023865448,-207.58924722187143,87.62130414809032,-35.783354119363835
9.2,0.3247122990286822,-10.397328429060707,-5.2102604588226695,-241.2324686941375,104.77801662957903,-62.18918397944336
9.21,0.24645801165009695,-11.136414125428118,-4.876071901469836,-270.6702874823703,119.79014005088165,-85.29428510701294
9.22,-0.00458098980616517,-11.704566359749602,-4.197978538786106,-296.42837892207405,132.92574804452144,-105.51124859363632
9.23,-0.2242401160803945,-12.201699564780903,-3.604646846437843,-318.9667089318148,144.41940503895626,-123.20109164443178
9.24,-0.11549772657034518,-11.728939494183289,-2.5892336156331126,-338.68774769033797,154.47635490908672,-138.6797043138778
9.25,-0.020348135749052032,-11.315274432410376,-1.7007470386789736,-355.94365660404577,163.27618604545088,-152.22349039964308
9.26,0.5105221312195795,-10.28744987835908,-0.16360115884410198,-371.04257690354007,170.97603828976952,-164.0743032246877
9.27,0.9750336148171319,-9.388103393564196,1.1814014860114108,-384.2541321655976,177.71340900354832,-174.44376444660173
9.28,1.3814811629649904,-8.601175219368672,2.358278800259985,-395.8142430198979,183.60860837810478,-183.5170430157765
9.29,1.7717576425943666,-7.361244066947588,4.269958575227487,-405.9293400174107,188.7669078308417,-191.45616176380446
9.3,2.484764812270071,-5.209364933579139,5.546875378324051,-414.7800498902344,193.28041985198647,-198.4028906683289
9.31,3.108646085736312,-3.326470691881747,6.664177581033544,-422.52442102895515,197.22974287048817,-204.4812784597878
9.32,3.1317403250192735,-1.2960867303965289,6.878655758404352,-429.30074577533577,200.68540051167713,-209.79986777731432
9.33,3.151947784391864,0.4804992359030371,7.0663241636038086,-435.23002992841884,203.7091009477175,-214.45363343015003
9.34,2.9326289363428812,2.0298074564151576,7.930351768153333,-393.76752606236647,220.9892140792528,-217.21755362638126
9.35,2.7407249443000214,3.385452149363263,8.686375922134166,-357.48783517957065,236.1093130693462,-219.6359837980836
9.36,3.602336076262519,4.500200630692855,9.400419931867395,-325.7431056571243,249.33939968567793,-221.75211019832315
9.37,4.356245816729705,5.475605551856248,10.025208440383972,-297.96646732498374,260.91572547496816,-223.60372079853275
9.38,4.822481714638492,5.810090857874217,9.880093885335976,-273.6619087843608,271.0450105405971,-225.22388007371615
9.39,5.23043812530868,6.10276550063994,9.753118649668979,-252.3954200613157,279.90813497302247,-226.64151943950162
9.4,4.3428112346450956,5.692748188059947,8.891528818460356,-233.78724242865124,287.66336885139464,-227.8819538845639
9.41,3.5661377053144583,5.333983039552454,8.137637716152812,-217.50508700006984,294.4491984949703,-228.9673340239934
9.42,1.6143469921501512,4.646152659608397,6.80744362663371,-203.25820100006112,300.386799433099,-229.91704164599423
9.43,-0.09346988186861771,4.044301077157347,5.643523798304496,-190.7921757500535,305.5822002539616,-230.74803581524495
9.44,-2.440370771635041,3.557810442512679,4.527280323516434,-179.88440365629683,310.1281759722164,-231.47515571333932
9.45,-4.493909050180661,3.132131137198594,3.5505672830768797,-170.34010307425973,314.10590472568936,-232.1113856241719
9.46,-5.571956418908078,2.68594162004877,2.6121857476922696,-161.98884006497727,317.5864173849782,-232.66808679615042
9.47,-6.515247866544568,2.2955257925426737,1.791101904230736,-154.68148493185512,320.6318659618559,-233.1552003216316
9.48,-6.880271383226496,1.2247989434748396,1.161988916201894,-148.28754919037326,323.2966334666239,-233.58142465642766
9.49,-7.199666960323183,0.2879129505404847,0.6115150516766572,-142.6928554165766,325.62830503329593,-233.95437094937418
9.5,-6.9719890902827855,-1.2856199182770758,-0.254058454782925,-70.54499873950454,315.47976840413395,-185.5694495807024
9.51,-6.772770953997438,-2.6624611784924412,-1.0114352729350593,-7.415624147066467,306.5997988536172,-143.2326433831146
9.52,-5.819001084747758,-4.455838406180886,-2.4088716138181767,47.82257862131684,298.829825496915,-106.18793796022528
9.53,-4.984452449154288,-6.025043480408275,-3.6316284120909046,96.15600604365224,292.03109880980065,-73.77382071519712
9.54,-3.472402393010002,-7.584340170357241,-4.886621110579542,138.4477550381957,286.08221295857555,-45.411468125797484
9.55,-2.1493585938837523,-8.948724774062587,-5.9847397217571,175.45303540842124,280.8769378387536,-20.594409610072802
9.56,-0.3305656446482832,-9.405460677304763,-7.146330381537462,207.83265573236858,276.32232210890936,1.1205165911862984
9.57,1.2608781859327522,-9.80510459264167,-8.16272220884528,236.16482351582252,272.3370333452957,20.121077017288012
9.58,2.362281162691158,-8.47239914356146,-8.935884807739619,260.9554703263447,268.84990567713373,36.74656739012701
9.59,3.3260087673547636,-7.306281875616278,-9.612402081772167,282.6472862855516,265.798668967492,51.29387146636114
9.6,3.771900296435418,-5.544550141164244,-9.980687196550647,301.62762524985766,263.1288368465555,64.022762533066
9.61,4.162055384380991,-4.003034873518714,-10.302936671981817,318.23542184362543,260.792733740736,75.16054221643276
9.62,4.1711798363333665,-2.1355653893288746,-10.34204558798409,332.76724386317227,258.74864352314404,84.90609943937866
9.63,4.179163731791696,-0.5015295906627653,-10.37626588948608,345.48258813027576,256.96006458275104,93.43346200945633
9.64,4.379548640317734,1.3390966081700806,-9.70913890330032,356.6085143639913,255.39505800990716,100.8949042582743
9.65,4.554885435278017,2.9496445321488203,-9.12540279038778,366.3436998184924,254.02567725866876,107.42366622599
9.66,5.027266505868265,4.3348838406302175,-7.906621941589306,354.62323846618085,229.53934235133516,138.08258457274127
9.67,5.440599942634732,5.54696823555144,-6.840188698890643,344.3678347829083,208.11379930741828,164.9091381261486
9.68,5.4198599498053905,6.30966495610751,-5.422292611529312,335.3943565600448,189.366449143991,188.38237248538002
9.69,5.401712456079716,6.977024586594071,-4.181633535088148,327.54256311503923,172.9625177509921,208.9214525497075
9.7,5.273359399069752,6.979094638269813,-3.2304185932021294,320.67224385065936,158.6090777821181,226.89314760599407
9.71,5.161050474186032,6.980905933486087,-2.398105519051863,314.66071449432695,146.04981780935333,242.61838078024482
9.72,5.216291289912778,6.973090566800326,-1.76343457917038,309.4006263075361,135.06046533318417,256.3779598077142
9.73,5.264627003673682,6.966252120950285,-1.2080975067740827,304.7980491440941,125.44478191653614,268.41759145674996
9.74,5.007871378214472,6.9386224808315,-0.6411974434273223,300.77079412608236,117.03105892696912,278.9522691496562
9.75,4.783210205937663,6.914446545727563,-0.145159887998907,297.2469459853221,109.66905131109799,288.1701121309492
9.76,3.753390680195455,6.350448477511617,0.48509872300095636,294.1635788621569,103.22729464721074,296.2357247395805
9.77,2.8522985951710234,5.8569501678226645,1.0365750076258369,291.4656326293873,97.59075756630939,303.293135772133
9.78,2.080794770774645,4.9599786468448315,1.4000458816726074,289.1049296757139,92.65878762052071,309.46837042561634
9.79,1.4057289244278144,4.175128565989228,1.7180828964635313,287.03931459124965,88.34331391795563,314.8717007474143
9.8,0.8150463088743376,3.4883847452405745,1.9963652844055897,285.23190139234345,84.56727442821118,319.59961477898753
9.81,1.1782220202650455,3.0523749020855027,2.107256248854891,283.6504148433005,81.26323987468479,323.7365395566141
9.82,1.2648440177319147,3.070451039324815,2.3639572177480295,268.3103639878879,76.19783514034918,325.03322386203735
9.83,1.3406382655154254,3.086267659409213,2.5885705655295257,254.88781948940192,71.76560599780554,326.1678226292827
9.84,1.2227511073259973,3.0228160769830614,3.025132369838335,243.1430930532267,67.88740549807984,327.16059655062236
9.85,1.1195998439102477,2.967295942360179,3.4071239486085427,232.86645742157336,64.49398006081987,328.02927373179455
9.86,0.7397612384214668,2.9552846995651567,3.747836080032475,223.8744012438767,61.52473280321738,328.7893662653202
9.87,0.40740245861878344,2.9447748621195124,4.0459591950284155,216.0063520883921,58.92664145281521,329.4544472321552
9.88,0.003197026291435534,2.973932004354573,4.289247670649863,209.1218090773431,56.65331152121331,330.0363930781358
9.89,-0.3504827269949939,2.9994445038102517,4.50212508681863,203.0978339426752,54.66414783106165,330.5455956933688
9.9,-0.7104430111206197,3.0517321908339703,4.704025450966301,197.82685569984082,52.92362960217894,330.9911479816977
9.91,-1.0254082597305423,3.097483916979724,4.880688269595514,193.21474973736073,51.40067615190657,331.38100623398543
9.92,-1.2932719772642245,3.191655052357259,5.059745360896074,189.17915702019064,50.06809188291825,331.72213220473725
9.93,-1.5276527301061966,3.2740547958126016,5.216420315784065,185.64801339266683,48.902080647553476,332.0206174291451
9.94,-1.546746513842922,3.550116071336026,5.325687401311058,182.55826271858348,47.88182081660929,332.2817920005019
9.95,-1.5634535746125566,3.7916696874190228,5.421296101147176,179.85473087876053,46.98909346453313,332.5103197504392
9.96,-1.556173502785987,4.122384476491645,5.366815713503779,177.48914051891546,46.207957031466485,332.7102815316343
9.97,-1.5498034399377387,4.411759916930189,5.319145374315807,175.41924895405103,45.524462652533174,332.88524809017997
9.98,-1.7876785099455215,4.8406534273139155,4.8721969525263304,164.33309308479465,50.00140469596653,311.38646657890746
9.99,-1.9958191962023313,5.215935248899676,4.481117083460539,154.63270669919532,53.91872898397071,292.57503275654403
10.0,-2.3976011716770396,5.318306717787216,4.264603323027972,146.1448686117959,57.346387735974375,276.11502816197606
10.01,-2.7491604002174097,5.407881753063814,4.075153782649475,138.7180102853214,60.34558914397758,261.71252414172903
10.02,-2.8513449751902336,5.614311658930837,3.7882273098182906,132.21950924965623,62.969890375980384,249.1103331240129
10.03,-2.9407564782914544,5.794937826564482,3.5371666460910043,126.5333208434492,65.26615395398284,238.0834159835113
10.04,-2.8455496685050226,5.801162973243922,3.3792975653296287,121.55790598801805,67.27538458473498,228.43486348557238
10.05,-2.762243709941895,5.806609976588431,3.241162119663425,117.20441798951579,69.03346138664311,219.99238004987583
10.06,-2.747161496199158,5.645385729514877,3.086661979705497,113.39511599082631,70.57177858831272,212.60520704364134
10.07,-2.733964559174263,5.504314513325517,2.95147435724231,110.06197674197303,71.91780613977363,206.14143066318618
10.08,-2.72241723927748,5.380877199159827,2.8331851875870213,107.1454798992264,73.09558024730192,200.48562633028791
10.09,-2.645076584367795,5.212142799264849,2.743957164138644,104.5935451618231,74.12613259138918,195.53679753900192
10.1,-1.9355981363218204,5.297237449356743,2.7124973936213137,102.36060226659521,75.02786589246554,191.20657234662667
10.11,-1.3148044942815929,5.37169526818715,2.6849700944186496,100.40677723327082,75.81688253090735,187.41762530329834
10.12,-1.9901313074963938,4.839652859663755,2.4623467076163186,98.69718032911197,76.50727208954393,184.10229664038604
10.13,-2.5810422690593446,4.374115752205785,2.2675512441642787,97.20128303797298,77.11136295335095,181.20138406033777
10.14,-2.6552996104269266,4.158674533180062,1.807791588643744,85.03362265822636,71.68119270918207,163.88433630279556
10.15,-2.720274784123561,3.9701634665325547,1.405501890063276,74.38691982594807,66.92979374553431,148.7319195149461
10.16,-2.712833936108116,3.7746252832159852,1.0925922788053666,65.07105484770456,62.772319652342524,135.47355482557782
10.17,-2.706323194094602,3.6035293728139868,0.8187963689546958,56.91967299174149,59.13452982079971,123.87248572238059
10.18,-2.609686794832777,3.3302277012122383,0.6095423228353588,49.78721386777381,55.951463718199754,113.72155025708301
10.19,-2.52512994547868,3.0910887385607086,0.42644503248093896,43.546312134302084,53.166280878424786,104.83948172494763
10.2,-2.451142702293845,2.8818421462406203,0.26623490342082157,38.08552311751433,50.72924589362169,97.06767175932917
10.21,-2.407026114507114,2.6855895029605423,0.11271604049321887,33.30733272782504,48.59684028191898,90.26733803941302
10.22,-2.133291225193725,2.4674259400904743,0.05774103543156652,29.126416136846913,46.73098537167911,84.31704603448638
10.23,-1.8937731970445093,2.276532822579165,0.00963790600262071,25.468114119741053,45.09836232521922,79.11054053017558
10.24,-1.6962439224139456,2.0330824697567693,-0.03385208224770688,22.267099854773424,43.66981715956682,74.55484821390363
10.25,-1.5234058071122025,1.8200634110371732,-0.07190582196674353,19.466212372926748,42.419840139620966,70.56861743716567
10.26,-1.4296957062231772,1.7006264846575265,-0.13361659422090058,17.015435826310906,41.326110247168344,67.08066550751995
10.27,-1.3476993679452802,1.5961191740753358,-0.187613519943288,14.871006348022043,40.3690965912723,64.02870756907996
10.28,-1.2525393219521201,1.465343902315919,-0.323671704950377,12.994630554519288,39.53170964236327,61.35824437294496
10.29,-1.169274281708105,1.3509155395264292,-0.4427226168315799,11.352801735204377,38.798996062067864,59.02158907632684
10.3,-1.0298027464945918,1.3119813470856254,-0.5576069147276324,10.340576518303829,31.58224655430938,53.31951544178598
10.31,-0.9077651531827678,1.2779139286999222,-0.6581306753866784,9.454879453515849,25.267590735020704,48.33020101156273
10.32,-0.8326846340349219,1.1749530626124318,-0.7017489659633436,8.679894521826368,19.742266893143118,43.96455088511738
10.33,-0.7669891797805566,1.0848623047858779,-0.7399149702179256,8.001782706598071,14.907608531500227,40.14460702447771
10.34,-0.7054189073079871,0.9597218916876431,-0.687799473940685,7.4084348682733125,10.677282465062698,36.80215614641799
10.35,-0.6515449188944887,0.8502240302266877,-0.6421984146980994,6.889255509739149,6.9757471569298595,33.87751162811574
10.36,-0.6008964290326776,0.7925425264483518,-0.629896362860837,6.4349735710217555,3.7369037623136276,31.318447674601273
10.37,-0.5565790004035929,0.7420712106423079,-0.6191320675032324,6.037476874644036,0.9029157920244244,29.079266715276116
10.38,-0.5178012503531437,0.6979088093120194,-0.6097133090653284,5.689667265313532,-1.5768236819786285,27.119983375866603
10.39,-0.4796270940590007,0.671813458148017,-0.6151711454321623,5.385333857149341,-3.7465957217312997,25.405610453883277
10.4,-0.4462247073016256,0.6489800258795149,-0.619946752253142,5.119042125005674,-5.645146256514887,23.90553414714787
10.41,-0.4169976188889224,0.6290007726445754,-0.6241254082214992,4.886036859379964,-7.306377974450527,22.592967378754384
10.42,-0.39142391652780706,0.6115189260640035,-0.6277817321938117,4.682157251957469,-8.759955727644211,21.444471456410085
10.43,-0.36904692696183117,0.596222310306003,-0.6309810156695852,4.503762595462786,-10.031836261688685,20.439537524358823
10.44,-0.34946706109160225,0.5828377715177526,-0.633780388710887,4.3476672710299376,-11.1447317289776,19.56022033381397
10.45,-0.33233467845515197,0.5711263000780336,-0.6362298401220261,4.211083862151195,-12.1185152628554,18.790817792087225
10.46,-0.31734384364825796,0.5608787625682794,-0.6383731101067728,3.1028233793822957,-14.147450854998475,16.92759056807632
10.47,-0.3042268631922257,0.5519121672472445,-0.6402484713434261,2.1330954569595084,-15.922769498123664,15.29726674706678
10.48,-0.2927495052931975,0.5440663963413389,-0.6418894124254978,1.2845835248395696,-17.476173310858204,13.870733403683433
10.49,-0.28270681713154777,0.5372013467986716,-0.6433252358723105,0.5421355842346235,-18.83540164700093,12.622516728223005
10.5,-0.2739194649901043,0.5311944284488377,-0.6445815813882716,-0.10750636379470446,-20.02472644112581,11.53032713719513
10.51,-0.26623053186634127,0.525938374892733,-0.6456808837147376,-0.6759430683203664,-21.065385635985084,10.57466124504574
10.52,-0.2595027153830486,0.5213393280311414,-0.6466427732503954,-1.1733251847803206,-21.97596243148695,9.738453589415021
10.53,-0.2536158759601675,0.5173151620272487,-0.647484426594096,-1.6085345366827806,-22.77271712755108,9.006771890738145
