time,ax_filtered,ay_filtered,az_filtered,wx_filtered,wy_filtered,wz_filtered
0.0,1.476744,-1.078348,6.89147,20.3,-4.62,7.98
0.01,1.476744,-1.078348,6.89147,20.3,-4.62,7.98
0.02,1.476744,-1.078348,6.89147,20.3,-4.62,7.98
0.03,1.476744,-1.078348,6.89147,20.3,-4.62,7.98
0.04,1.476744,-1.078348,6.89147,20.3,-4.62,7.98
0.05,1.476744,-1.078348,6.89147,20.3,-4.62,7.98
0.06,1.476744,-1.078348,6.89147,20.3,-4.62,7.98
0.07,1.476744,-1.078348,6.89147,20.3,-4.62,7.98
0.08,1.476744,-1.078348,6.89147,20.3,-4.62,7.98
0.09,1.476744,-1.078348,6.89147,20.3,-4.62,7.98
0.1,1.476744,-1.078348,6.89147,20.3,-4.62,7.98
0.11,1.476744,-1.078348,6.89147,20.3,-4.62,7.98
0.12,1.476744,-1.078348,6.89147,20.3,-4.62,7.98
0.13,1.476744,-1.078348,6.89147,20.3,-4.62,7.98
0.14,1.476744,-1.078348,6.89147,20.3,-4.62,7.98
0.15,1.476744,-1.078348,6.89147,20.3,-4.62,7.98
0.16,1.361056125,-1.4361376250000002,6.52716825,20.3,-4.62,7.98
0.17,1.259829234375,-1.749203546875,6.208404218749999,20.3,-4.62,7.98
0.18,1.171255705078125,-2.023136228515625,5.929485691406249,20.3,-4.62,7.98
0.19,1.0937538669433593,-2.262827324951172,5.685431979980468,20.3,-4.62,7.98
0.2,1.0259397585754393,-2.4725570343322754,5.471884982482909,20.3,-4.62,7.98
0.21,0.9666024137535094,-2.656070530040741,5.285031359672545,20.3,-4.62,7.98
0.22,0.9146822370343207,-2.816644838785648,5.121534439713477,20.3,-4.62,7.98
0.23,0.8692520824050306,-2.957147358937442,4.978474634749292,20.3,-4.62,7.98
0.24,0.8295006971044018,-3.080087064070262,4.85329730540563,20.3,-4.62,7.98
0.25,0.7947182349663515,-3.187659306061479,4.743767142229926,20.3,-4.62,7.98
0.26,0.7642835805955576,-3.2817850178037937,4.647928249451184,20.3,-4.62,7.98
0.27,0.7376532580211129,-3.3641450155783192,4.564069218269786,20.3,-4.62,7.98
0.28,0.7143517257684738,-3.436210013631029,4.490692565986063,20.3,-4.62,7.98
0.29,0.6939628850474147,-3.4992668869271504,4.426487995237805,20.3,-4.62,7.98
0.3,0.6761226494164878,-3.5544416510612566,4.370308995833079,20.3,-4.62,7.98
0.31,0.6605124432394268,-3.6027195696785994,4.321152371353944,20.3,-4.62,7.98
0.32,-0.7088776121655016,-4.644187498468774,2.671803324934701,20.3,-4.62,7.98
0.33,-1.907093910644814,-5.555471936160178,1.2286229093178636,20.3,-4.62,7.98
0.34,-2.955533171814212,-6.352845819140156,-0.03415995434686936,20.3,-4.62,7.98
0.35,-3.8729175253374355,-7.0505479667476365,-1.1390949600535107,20.3,-4.62,7.98
0.36,-4.675628834670256,-7.661037345904182,-2.1059130900468217,20.3,-4.62,7.98
0.37,-5.378001230336475,-8.19521555266616,-2.9518789537909687,20.3,-4.62,7.98
0.38,-5.992577076544416,-8.662621483582889,-3.692099084567098,20.3,-4.62,7.98
0.39,-6.530330941976365,-9.071601673135028,-4.339791698996211,20.3,-4.62,7.98
0.4,-7.000865574229319,-9.42945933899315,-4.906522736621684,-24.806251,18.851875749999998,-17.981250625
0.41,-7.4125833774506535,-9.742584796619004,-5.402412394543974,-64.274220625,39.389767031249995,-40.697344921875
0.42,-7.7728364552693225,-10.016569572041629,-5.836315845225978,-98.80869404687499,57.360421902343745,-60.57392743164063
0.43,-8.088057898360658,-10.256306250536424,-6.215981364572731,-129.0263582910156,73.08474491455077,-77.96593712768555
0.44,-8.363876661065575,-10.46607584421937,-6.54818869400114,-155.46681450463865,86.84352755023193,-93.18394561172487
0.45,-8.605218078432378,-10.649624238691947,-6.838870107250997,-178.6022136915588,98.88246235645293,-106.49970303525926
0.46,-8.81639181862833,-10.810229083855454,-7.093216343844623,-198.84568798011395,109.41653031189631,-118.15099078085186
0.47,-9.001168841299789,-10.95075832337352,-7.315769300864045,-216.5587279825997,118.63383977290927,-128.34586755824537
0.48,-7.301128986137315,-14.69347090795183,-7.268550763256039,-232.05763798477471,126.6989855512956,-137.2663847384647
0.49,-5.813594112870151,-17.96834441945785,-7.227234542849034,-245.61918423667785,133.75598810738364,-145.0718372711566
0.5,-4.512001098761382,-20.83385874202562,-7.191082849992905,-257.4855372070931,139.93086534396068,-151.90160823726202
0.51,-3.373107211416209,-23.341183774272416,-7.159450118743792,-267.86859605620646,145.33388292596558,-157.87765783260426
0.52,-2.3765750599891833,-25.535093177488363,-7.131771478900818,-276.95377254918066,150.06152331021988,-163.10670122852872
0.53,-1.5046094274905355,-27.45476390530232,-7.107552669038216,-284.90330198053306,154.1982086464424,-167.68211419996263
0.54,-0.7416394990542186,-29.13447579213953,-7.086361210408439,-291.8591402329664,157.81780831563708,-171.6856005499673
0.55,-0.07404081167244125,-30.604223693122087,-7.067818684107384,-297.9454987038456,160.98495802618243,-175.18865110622136
0.56,0.5101080397866139,-31.890253106481826,-7.051593973593961,-327.3991837408649,173.7749626479096,-213.82257346794367
0.57,1.021238284813287,-33.015528843171595,-7.0373973518947155,-353.1711581482568,184.9662166919209,-247.6272555344507
0.58,1.468477249211626,-34.000145112775144,-7.024975307907876,-375.7216357547247,194.75856398043078,-277.2063523426444
0.59,1.8598113430601728,-34.86168434867825,-7.014106019419391,-395.4533036603841,203.32686785787692,-303.08806204981386
0.6,2.2022286751776514,-35.61553118009347,-7.004595391991967,-412.71851307783606,210.8241337506423,-325.7345580435871
0.61,2.5018438407804453,-36.275147157581785,-6.996273592992971,-427.82557131810654,217.384241406812,-345.5502420381387
0.62,2.76400711068289,-36.85231113788406,-6.988992018868849,-441.0442472783432,223.1243356059605,-362.8889655333714
0.63,2.993399971847529,-37.35732962064856,-6.982620641510243,-452.6105887435503,228.14691803021543,-378.06034859169995
0.64,2.8888009753665873,-34.34368216806749,-3.6942454363214625,-462.7311375256065,232.5416776514385,-391.33530876773744
0.65,2.797276853445764,-31.706740647059053,-0.8169171317812798,-471.5866177099057,236.3870923200087,-402.95089892177026
0.66,2.717193246765043,-29.39941681617667,1.70074513469138,-479.3351628711675,239.7518301550076,-413.114540306549
0.67,2.6471200909194126,-27.380508464154588,3.9036996178549574,-486.11513988727154,242.69597576063165,-422.00772651823036
0.68,2.585806079554486,-25.613963656135265,5.831284790623087,-492.0476197763626,245.2721031655527,-429.78926445345155
0.69,2.532156319610175,-24.068236949118358,7.5179218167952016,-497.2385396793172,247.5262146448586,-436.5981101467701
0.7,2.485212779658903,-22.715726080478564,8.9937292146958,-501.7805945944026,249.4985621892513,-442.55585012842386
0.71,2.44413718220154,-21.532279070418745,10.285060687858826,-505.75489264510225,251.22436629059487,-447.76887261237084
0.72,2.4081960344263473,-20.496762936616403,11.414975726876472,-400.38240393946444,267.17631975427054,-401.7683882858245
0.73,2.376747530123054,-19.590686319539355,12.403651386016913,-308.18147632203136,281.1342790349867,-361.51796450009647
0.74,2.349230088857672,-18.797869279596938,13.268742587764798,-227.50566465677744,293.34749340561336,-326.29884368758445
0.75,2.3251523277504624,-18.104154369647322,14.0256973892942,-156.91432944968025,304.03405597991167,-295.4821129766364
0.76,2.3040842867816544,-17.49715382344141,14.688032840632426,-95.14691114347022,313.3847982324227,-268.51747360455687
0.77,2.2856497509339473,-16.966028345511234,15.267576360553372,-41.100420125536445,321.56669770336987,-244.92341415398727
0.78,2.269519532067204,-16.50129355232233,15.7746769404842,6.19025951515561,328.72585974044864,-224.27861213473886
0.79,2.2554055905588033,-16.09465060828204,16.218389947923676,47.569604200761155,334.9901265228925,-206.2144103678965
0.8,3.094627766738953,-17.770950657246786,12.543958329433217,83.77653080066601,340.4713599575309,-190.40823382190945
0.81,3.8289471708965834,-19.237713200090937,9.328830663254063,115.45759157558275,345.2674392128396,-176.57782934417077
0.82,4.471476649534511,-20.521130425079573,6.515593955347304,143.1785197536349,349.4640085612346,-164.47622542614943
0.83,5.033689943342697,-21.644120496944627,4.0540118359288915,167.43433190943054,353.1360067410803,-153.88732199788075
0.84,5.525626575424861,-22.62673680982655,1.9001274814377802,188.65816754575172,356.34900514844526,-144.62203149814567
0.85,5.956071128496753,-23.486526083598232,0.015478671258057686,207.22902372753276,359.1603787548896,-136.51490231087746
0.86,6.332710112434659,-24.238841698148455,-1.6335890376491995,223.47852288659115,361.6203306605284,-129.4211642720178
0.87,6.662269223380327,-24.8971178608799,-3.0765232829430493,237.69683465076724,363.77278857796233,-123.21414348801557
0.88,6.950633445457786,-25.473109503269914,-4.3390907475751685,263.74848131942133,337.33681450571703,-69.03237480201362
0.89,7.202952139775563,-25.977102190361176,-5.443837279128273,286.54367215449366,314.2053371925024,-21.623327201761917
0.9,7.423730997303618,-26.41809579156603,-6.410490494237239,306.48946413518195,293.9652945434396,19.859589448458323
0.91,7.616912497640666,-26.80396519262028,-7.256312057457585,323.9420321182842,276.25525722550964,56.15714151740103
0.92,7.785946310435582,-27.141600918542746,-7.996405925275386,339.2130291034987,260.75897457232094,87.91749957772589
0.93,7.933850896631134,-27.437032178724905,-8.643988059615964,352.57515146556136,247.19972725078082,115.70781288051015
0.94,8.063267409552243,-27.695534531384293,-9.210622427163969,364.2670085323662,235.33538584443323,140.02433702044638
0.95,8.176506858358213,-27.92172408996126,-9.706427498768473,374.49738346582046,224.9540871138791,161.30129564289058
0.96,9.178073126063437,-23.7327715787161,-9.463671186422413,383.44896153259293,215.87045072464423,179.91863443752925
0.97,10.054443610305507,-20.067438131376587,-9.25125941311961,391.28159234101884,207.9222688840637,196.20880588283808
0.98,10.821267784017317,-16.860271364954514,-9.065399111479659,398.1351442983915,200.96760977355575,210.46270589748332
0.99,11.492238936015152,-14.0540004443352,-8.902771347544702,404.13200226109257,194.8822830518613,222.9348684102979
1.0,12.079338694013257,-11.5985133887933,-8.760472054101614,409.379252978456,189.55762217037864,233.84801060901066
1.01,12.5930509822616,-9.44996221519414,-8.635960172338912,413.970597356149,184.89854389908132,243.39701003288434
1.02,13.0425492344789,-7.569979938294872,-8.527012275796547,417.9880236866304,180.82185041169618,251.7523845287738
1.03,13.435860205169037,-5.924995446008013,-8.431682866321978,421.50327172580165,177.25474361023416,259.0633372126771
1.04,13.780007304522908,-4.485634015257011,-8.34826963303173,383.22223813507645,164.37727615895488,258.1629203110924
1.05,14.081136016457544,-3.2261927633498844,-8.275283053902763,349.7263337431919,153.10949213908555,257.37505552220586
1.06,14.34462363940035,-2.1241816679311487,-8.211419797164918,320.41741740029295,143.25018112169988,256.6856738319301
1.07,14.575175309475306,-1.159921959439755,-8.155539447519303,294.77211560025637,134.62328398148742,256.0824648529388
1.08,14.776908020790893,-0.31619471450978553,-8.10664414157939,272.33247652522437,127.07474898380148,255.55465699632146
1.09,14.95342414319203,0.4220666248039377,-8.063860748881966,252.69779233457132,120.4697808608263,255.0928251217813
1.1,15.107875750293028,1.0680452967034455,-8.02642528027172,235.51744366774992,114.69043375322302,254.68872223155864
1.11,15.243020906506398,1.6332766346155148,-7.993669245237754,220.48463858428119,109.63350503407014,254.3351322026138
1.12,13.437665418193099,3.0566389302885755,-6.263269339583035,207.33093413624604,105.20869240481137,254.02574092728707
1.13,11.857979365918963,4.302080939002503,-4.7491694221351555,195.8214427442153,101.33698135420995,253.75502356137616
1.14,10.475754070179093,5.39184269662719,-3.424331994368261,185.75063777618837,97.94923418493372,253.51814586620412
1.15,9.266306936406707,6.345384234548791,-2.2650992450722285,176.93868342916483,94.984955411817,253.3108778829286
1.16,8.20804069435587,7.179733080230193,-1.2507705894382,169.2282233755192,92.39121148533987,253.1295183975625
1.17,7.282057732561385,7.909788320201419,-0.3632330157584249,162.4815708285793,90.12168554967238,252.97082884786715
1.18,6.471822640991212,8.54858665517624,0.41336236121137815,156.57824985000687,88.13585035596333,252.83197549188378
1.19,5.76286693586731,9.10753519827921,1.0928833160599558,151.412843993756,86.3982445614679,252.71047880539828
1.2,5.142530693883896,9.596615173494309,1.6874641515524613,146.8931138695365,84.87783949128442,252.60416920472352
1.21,4.599736482148408,10.024560151807519,2.2077223826084036,127.59959963584443,99.94935955487387,221.70239805413308
1.22,4.124791546879857,10.399012007831578,2.662948334782353,110.71777468136386,113.13693961051464,194.66334829736647
1.23,3.7092147285198753,10.72665738185263,3.0612710429345587,95.94617784619338,124.67607215920032,171.00417976019568
1.24,3.345585012454891,11.013347084121051,3.4098034125677392,83.0210306154192,134.77281313930027,150.30240729017123
1.25,3.02740901089803,11.264200573605919,3.714769235996772,71.7115267884918,143.60746149688774,132.18835637889984
1.26,2.7490050095357765,11.483697376905178,3.981614331497175,61.81571093993032,151.33777880977678,116.33856183153736
1.27,2.505401508343805,11.67575707979203,4.215103790060028,53.15687207243903,158.10180645855468,102.46999160259519
1.28,2.2922484448008293,11.843809319818025,4.419407066302525,45.580388063384156,164.02033065123535,90.33499265227078
1.29,0.7452216392007256,11.655773779840771,4.463186933014709,38.95096455546114,169.19903931983094,79.71686857073693
1.3,-0.6084268156993651,11.491242682360674,4.501494316387871,33.1502189860285,173.73040940485208,70.42600999939482
1.31,-1.7928692137369444,11.347277972065589,4.535013276839387,28.074566612774934,177.69535822924558,62.29650874947047
1.32,-2.8292563120198264,11.22130885055739,4.564342367234464,23.633370786178066,181.1646884505899,55.183195155786656
1.33,-3.736095023017348,11.111085869237716,4.590005321330156,19.747324437905807,184.20035239426616,48.95904576131332
1.34,-4.52957889514018,11.014640760583001,4.612460406163887,16.34703388316758,186.8565583449829,43.51291504114916
1.35,-5.223877283247657,10.930251290510125,4.632108605393401,13.371779647771632,189.18073855186003,38.74755066100551
1.36,-5.831388372841699,10.856410504196358,4.649300779719226,10.768432191800178,191.21439623287753,34.57785682837982
1.37,-6.362960576236487,10.791799816171812,4.664343932254323,-2.8188720821748436,181.48759645376785,31.008124724832346
1.38,-6.8280862542069265,10.735265464150334,4.677506690722533,-14.707763321902988,172.9766466470469,27.884609134228302
1.39,-7.235071222431062,10.685797906131542,4.6890241043822165,-25.110543156665116,165.52956556616604,25.151532992449766
1.4,-7.59118306962718,10.642513792865099,4.69910184133444,-34.212975512081975,159.0133696203953,22.760091368393546
1.41,-7.902780935923783,10.60464019375696,4.707919861167635,-42.17760382307173,153.31169816784592,20.667579947344354
1.42,-8.17542906893331,10.57150079453734,4.715635628521681,-49.146653595187765,148.3227356468652,18.83663245392631
1.43,-8.413996185316647,10.54250382022017,4.722386924956471,-55.24457214578929,143.95739344100707,17.234553397185522
1.44,-7.652143412152065,8.208009717692649,3.4469075593369123,-60.58025087756563,140.1377190108812,15.832734222537331
1.45,-6.985522235633057,6.165327377981068,2.330863114419798,-65.24896976786994,136.79550388452105,14.606142444720165
1.46,-6.402228706178924,4.377980330733434,1.354324225117323,-69.3340987968862,133.87106564895592,13.532874639130144
1.47,-5.891846867906558,2.814051664391755,0.49985269697765755,-72.90858669727541,131.31218219283645,12.593765309238876
1.48,-5.445262759418238,1.4456140813427856,-0.24780989014454968,-76.03626361011598,129.0731591687319,11.772044645584016
1.49,-5.0545016644909575,0.24823119617493727,-0.902014653876481,-78.77298090885148,127.11401402264042,11.053039064886013
1.5,-4.7125857064295875,-0.79947882834693,-1.474443822141921,-81.16760854524506,125.39976201981037,10.423909181775262
1.51,-4.413409243125889,-1.7162250998035637,-1.9753193443741808,-83.26290772708944,123.89979151733407,9.873420534053354
1.52,-4.151629837735152,-2.5183780873281183,-2.4135854263274084,-116.67067026120327,131.4729435776673,-27.773882032703316
1.53,-3.9225728580182584,-3.2202619514121036,-2.7970682480364824,-145.90246247855288,138.09945163045887,-60.7152717786154
1.54,-3.722148000765976,-3.8344103324855903,-3.132615717031922,-171.48028066873377,143.8976461766515,-89.53898780628847
1.55,-3.546776250670229,-4.3717901659248914,-3.426219752402932,-193.86087158514206,148.97106640457008,-114.75973933050241
1.56,-3.3933259693364506,-4.84199752018428,-3.6831232833525656,-213.4438886369993,153.41030910399883,-136.8278969141896
1.57,-3.259056973169394,-5.253428955161245,-3.907913872933495,-230.5790285573744,157.294646465999,-156.1375347999159
1.58,-3.14157160152322,-5.613431460766089,-4.104605638816809,-245.5722759877026,160.69344165774913,-173.0334679499264
1.59,-3.0387719013328174,-5.928433653170328,-4.276710933964708,-258.6913674892398,163.6673874505305,-187.8174094561856
1.6,-0.9826640386662151,-8.786138946524037,-1.5038949422191195,-270.1705725530848,166.2695900192142,-200.75335827416242
1.61,0.8164303411670617,-11.286631078208533,0.9223190505582703,-280.2148769839492,168.54651726681243,-212.07231348989214
1.62,2.390637923521179,-13.474561693432467,3.045256294238486,-289.00364336095555,170.5388286084609,-221.97639930365563
1.63,3.7680695580810317,-15.389000981753409,4.9028263824586755,-296.6938139408361,172.28210103240332,-230.64247439069868
1.64,4.973322238320903,-17.064135359034232,6.528200209651341,-303.4227131982316,173.80746440335292,-238.22529009186135
1.65,6.02791833353079,-18.529877939154954,7.950402308444923,-309.31050004845264,175.1421573529338,-244.8602538303787
1.66,6.950689916839441,-19.812402696760586,9.194829144889308,-314.4623135423961,176.3100136838171,-250.66584710158136
1.67,7.758115052234511,-20.934611859665512,10.283702626778144,-318.97015034959657,177.33188797333997,-255.7457412138837
1.68,8.464612045705197,-21.916544877207322,11.236466923430877,-303.861382305897,208.0460277266725,-279.59377481214824
1.69,9.082796914992047,-22.775736267556407,12.070135683002016,-290.6412102676599,234.92090001083844,-300.4608042106297
1.7,9.62370867561804,-23.527528734111858,12.799595847626764,-279.07355973420243,258.43641325948363,-318.719454934301
1.71,10.097006466165784,-24.185347142347876,13.437873491673418,-268.9518655174271,279.01248735204814,-334.6957743175133
1.72,10.51114203289506,-24.760938249554393,13.996366430214241,-260.09538307774875,297.0165521830421,-348.67505377782413
1.73,10.873510653783176,-25.264580468360094,14.485047751437461,-252.34596094303015,312.7701089101618,-360.9069233055961
1.74,11.19058319706028,-25.705267409815082,14.912643907507778,-245.5652165751514,326.55447104639154,-371.60980914239656
1.75,11.468021672427744,-26.090868483588196,15.286790544069307,-239.63206525325745,338.6157879155926,-380.974834249597
1.76,7.382957213374277,-24.75921629813967,13.063696101060644,-234.44055784660026,349.1694401761435,-389.1692312183974
1.77,3.8085258117024923,-23.59402063587221,11.118488463428065,-229.89798886577523,358.40388590412556,-396.3393285660977
1.78,0.6808983352396809,-22.574474431388182,9.416431780499558,-225.92324100755332,366.48402591610983,-402.6131637453355
1.79,-2.055775706665279,-21.682371502464658,7.927132182937114,-222.44533663160917,373.5541484265961,-408.10276952716856
1.8,-4.450365493332119,-20.901781439656574,6.623995035069974,-219.40217030265802,379.7405056232716,-412.90617458627247
1.81,-6.5456315566656045,-20.2187651346995,5.4837500306862275,-216.73939976482575,385.15356817036263,-417.1091540129884
1.82,-8.378989362082404,-19.62112586786206,4.486035651850449,-214.40947554422252,389.8899978990673,-420.7867610113649
1.83,-9.983177441822104,-19.0981915093793,3.613035570369143,-212.37079185119472,394.0343739116839,-424.00466713494427
1.84,-11.38684201159434,-18.64062394570689,2.849160499073,-126.60882011979538,361.1338279227234,-334.30658386807625
1.85,-12.615048510145048,-18.240252327493526,2.180769811688875,-51.56709485482096,332.345850182383,-255.8207610095667
1.86,-13.689729196376916,-17.889927161556834,1.5959279602277654,14.09441475203166,307.15636965958515,-187.14566600837085
1.87,-14.630074796829803,-17.583392641362227,1.0841913401992946,71.5482356580277,285.11557420213705,-127.05495788232449
1.88,-15.452877197226076,-17.315174936191948,0.6364217976743827,121.82032895077424,265.82987817686995,-74.47558827203392
1.89,-16.172829297572818,-17.080484444167954,0.24462344796508478,165.80841058192746,248.9548941547612,-28.468639863029672
1.9,-16.802787385376217,-16.87513026364696,-0.09820010803055085,204.2979820091865,234.18928313541605,11.787439994849034
1.91,-17.35400071220419,-16.69544535569109,-0.398170719526732,237.9763570080382,221.26937349348904,47.0115098704929
1.92,-13.298106248178666,-14.353276561229702,-2.1702287545858905,267.44493513203344,209.9644525568029,77.8325710116813
1.93,-9.749198592156333,-12.303878866075989,-3.720779535262654,293.22994099052926,200.07264673720255,104.80099951022115
1.94,-6.643904393136792,-10.51065588281649,-5.077511468354823,315.79182111671315,191.4173166450522,128.3983744464435
1.95,-3.9267719689946925,-8.941585772464428,-6.26465190981047,335.53346622712405,183.84390281442066,149.04607751563807
1.96,-1.549281097870356,-7.568649425906375,-7.303399796084162,352.8074056987336,177.21716571261805,167.11281770118333
1.97,0.5310234143634385,-6.367330122668078,-8.21230419657364,367.92210273639193,171.4187707485408,182.92121536353542
1.98,2.3512898625680085,-5.316175732334568,-9.007595547001936,381.14746264434297,166.3451751549732,196.7535633180935
1.99,3.9440230047470073,-4.396415640792747,-9.703475478626693,392.71965256380014,161.90577901060152,208.85686777833183
2.0,5.337664504153631,-3.591625560693654,-10.312370418798356,402.84531874332515,158.02130738427633,219.44725918104035
2.01,6.557100816134428,-2.887434240606947,-10.845153491448562,392.3765277754095,158.3105192112418,233.0363505334103
2.02,7.624107589117624,-2.2712668355310788,-11.311338680017492,383.2163356784833,158.56357955983657,244.92680546673404
2.03,8.55773851547792,-1.7321203560896938,-11.719250720015307,375.2011675936729,158.785007364857,255.3309535333923
2.04,9.37466557604318,-1.260367186578482,-12.076173755013393,368.1878955194638,158.97875669424988,264.43458309171825
2.05,10.089476754037781,-0.8475831632561719,-12.388481410636718,362.0512824545308,159.14828735746866,272.4002589552535
2.06,10.714936534783059,-0.4863971428491505,-12.661750609307129,356.68174602271444,159.29662668778508,279.3702253358468
2.07,11.262213842935175,-0.17035937499300668,-12.900861158143737,351.98340164487513,159.42642360181193,285.4689459188659
2.08,11.741081487568277,0.10617367188111915,-13.11008288837577,347.87235031426576,159.53999590158546,290.80532642900766
2.09,11.863925176622242,1.9004892128959794,-11.722347777328798,344.27518039998256,159.6393716638873,295.4746593753817
2.1,11.971413404544462,3.470515311283982,-10.508079555162698,341.1276567249847,159.7263254559014,299.560325703459
2.11,12.065465603976405,4.844288147373485,-9.445594860767361,338.3735735093616,159.80241002391372,303.13528374052663
2.12,12.147761278479354,6.046339378951799,-8.515920753171441,335.96375069569143,159.8689840209245,306.2633720229608
2.13,12.219769993669436,7.098134206582825,-7.70245590902501,333.85515573373,159.92723626830895,309.0004492700907
2.14,12.282777619460758,8.018454680759971,-6.9906741703968835,332.0101351420137,159.97820698477034,311.39539186132936
2.15,12.337909292028163,8.823735095664976,-6.367865149097272,330.39574212426203,160.02280636167404,313.4909666286632
2.16,12.386149505524644,9.528355458706855,-5.822907255460113,291.2662743587293,160.75308019146476,278.80209567508035
2.17,12.428359692334064,10.144898276368497,-5.3460690985275985,257.0279900638881,161.39206979253166,248.4493335906953
2.18,12.465293605792306,10.684373241822435,-4.928835711211648,227.0694913059021,161.9511856934652,221.89066676685837
2.19,12.497610780068268,11.15641383659463,-4.563756497310192,200.8558048926643,162.44041210678202,198.65183329600106
2.2,12.525888307559734,11.569449357020304,-4.244312185146418,177.91882928108126,162.86848521843424,178.3178540090009
2.21,12.550631144114767,11.930855437392765,-3.9647984120031157,157.84897562094608,163.24304919112996,160.52562213287578
2.22,12.572281126100423,12.247085757718668,-3.7202238605027262,140.2878536683278,163.5707926672387,144.9574192412663
2.23,12.59122486033787,12.523787288003835,-3.5062211279398854,124.92187195978684,163.85756820883384,131.335241711108
2.24,9.515543377795636,13.234214002003355,-2.1391792369474,111.47663796481349,164.1084968077296,119.41583637221952
2.25,6.824322080571181,13.855837376752936,-0.943017582328975,99.71205821921181,164.3280593317634,108.98635670069208
2.26,4.469503445499784,14.39975782965882,0.10362386546214686,89.41805094181034,164.52017654029297,99.86056198810557
2.27,2.4090371398123116,14.875688225951466,1.0194351322793784,80.41079457408405,164.68827909775632,91.87549161459238
2.28,0.6061291223357725,15.292127322707532,1.8207699907444561,72.52944525232354,164.83536883553677,84.88855503776833
2.29,-0.971415392956199,15.656511532369091,2.521937991901399,65.6332645957831,164.96407235609465,78.77498553304729
2.3,-2.351766843836674,15.975347715822954,3.135459992913724,59.59910652131022,165.0766879365828,73.42561221641638
2.31,-3.5595743633570898,16.254329376345087,3.6722917437995086,54.319218206146445,165.17522656950993,68.74491056436433
2.32,-4.616405942937454,16.49843832930195,4.14201952582457,49.69931593037814,165.26144787332117,64.6492966188188
2.33,-5.541133575070272,16.71203366313921,4.553031335096499,43.320651439080876,162.37939226415602,61.38500979146645
2.34,-6.350270253186488,16.898929580246808,4.912666668209436,37.73932000919577,159.85759360613653,58.528758817533145
2.35,-7.058264846538177,17.062463507715957,5.227347584683256,32.855655008046305,157.65101978036947,56.02953921534151
2.36,-7.677760115720904,17.205555694251462,5.50269338659785,28.582448132040515,155.72026768282328,53.84272206342382
2.37,-8.219818476255792,17.33076135747003,5.743620963273118,24.843392115535448,154.03085959747037,51.929257055495846
2.38,-8.694119541723818,17.440316312786276,5.954432592863979,21.571718101093516,152.55262752278657,50.25497517355887
2.39,-9.109132974008341,17.53617689868799,6.138892768755982,18.709003338456824,151.25917445743823,48.78997852686401
2.4,-9.472269727257299,17.620054911351993,6.300295422661485,16.20412792114972,150.12740302525845,47.508106461006015
2.41,-9.406819386350136,17.015607422432993,5.955536869828799,14.012361931006005,149.13710302210114,46.38646840338026
2.42,-9.34955033805637,16.486715869628867,5.653873136100199,12.094566689630254,148.2705905193385,45.40503510295773
2.43,-9.299439920799323,16.02393576092526,5.389917369087673,10.416495853426472,147.5123920794212,44.546280965088016
2.44,-9.255593305699406,15.619003165809602,5.158956072951714,8.948183871748164,146.84896844449355,43.79487109445201
2.45,-9.21722751748698,15.264687145083402,4.95686493883275,7.663410887779643,146.26847276393187,43.13738745764552
2.46,-9.183657452801109,14.954660626947977,4.780035196478655,6.5392345268071885,145.7605390434404,42.56208927543983
2.47,-9.15428364620097,14.68338742357948,4.625309171918823,5.55558021095629,145.31609703801033,42.05870336600986
2.48,-9.128581565425849,14.446023370632046,4.48992390042897,4.694882684586753,144.92721028325903,41.61824069525863
2.49,-9.106092244747618,14.23832982430304,4.371461787875348,-13.313227150986588,133.11568412285166,27.495335733351297
2.5,-9.086414089154166,14.05659797126516,4.267807439390929,-29.070323257113262,122.7805987324952,15.137793891682387
2.51,-9.069195703009896,13.897582599857015,4.177109884467063,-42.8577823499741,113.7373990159333,4.324944780222088
2.52,-9.05412961513366,13.758444149874888,4.097749523908679,-54.92180905622733,105.82459926394165,-5.136298192305673
2.53,-9.040946788241952,13.636698006140527,4.028309208420095,-65.47783242419891,98.90089948094894,-13.414885793267462
2.54,-9.029411814711708,13.53017013037296,3.967548932367583,-74.71435287117404,92.84266217083032,-20.65864994410903
2.55,-9.019318712872744,13.43695823907634,3.914383690821635,-82.7963082622773,87.54170452447653,-26.996943576095404
2.56,-7.814485248763651,10.620275959191796,2.490509729468931,-89.86801922949263,82.90336658391698,-32.54295050408348
2.57,-6.760255967668194,8.15567896429282,1.2446200132853145,-96.05576632580606,78.84482088592736,-37.395706566073045
2.58,-5.83780534670967,5.999156593756218,0.1544665116246503,-101.4700450350803,75.29359340018644,-41.641868120313916
2.59,-5.030661053370961,4.1121995195366905,-0.799417802328431,-106.20753890569527,72.18626935016314,-45.35725948027468
2.6,-4.324409796699591,2.4611120795946038,-1.634066577037377,-110.35284604248336,69.46736080639275,-48.60822692024034
2.61,-3.706439947112142,1.0164105696452783,-2.364384254907705,-113.97998978717294,67.08831583059364,-51.4528234302103
2.62,-3.1657163287231245,-0.24770325156038153,-3.0034122230442417,-117.15374056377632,65.00665147676943,-53.94184537643402
2.63,-2.692583162632734,-1.3538028451153339,-3.562561695163711,-119.93077249330429,63.185195167173255,-56.11973957937977
2.64,-2.2785916423036423,-2.3216399894759174,-4.051817483268247,-164.34755068164125,74.3270467712766,-102.94789788195729
2.65,-1.916349062015687,-3.1684974907914274,-4.479916297859717,-203.21223159643608,84.07616692486702,-143.92253639671264
2.66,-1.5993868042637263,-3.9094978044424993,-4.854502760627252,-237.21882739688158,92.60664705925865,-179.77534509712356
2.67,-1.3220448287307605,-4.557873078887187,-5.182265915548845,-266.97459872227137,100.07081717685132,-211.1465527099831
2.68,-1.0793706001394154,-5.125201444026289,-5.469058676105239,-293.01089863198746,106.60196602974491,-238.59635937123522
2.69,-0.8670306501219885,-5.621613763523003,-5.7200023415920835,-315.79266105298905,112.3167212760268,-262.6149401998308
2.7,-0.68123319385674,-6.055974543082628,-5.939578048893073,-335.72670317136544,117.31713211652345,-283.63119842485196
2.71,-0.5186604196246475,-6.436040225197299,-6.131706792781438,-353.1689900249448,121.69249160195803,-302.0204243717455
2.72,1.1475787578284335,-10.194976822047636,-3.708646818683759,-368.4309910218267,125.52093115171327,-318.11099707527734
2.73,2.6055380380998794,-13.48404634429168,-1.5884693413482889,-381.78524189409836,128.8708157577491,-332.1902481908677
2.74,3.8812524083373945,-16.36198217625522,0.2666859513202471,-393.4702114073361,131.80196478803046,-344.50959291700923
2.75,4.99750248229522,-18.880176029223318,1.8899468324052162,-403.6945597314191,134.36672018952666,-355.2890195523831
2.76,5.9742212970083175,-21.083595650570402,3.310300103354564,-412.64086451499173,136.61088116583582,-364.7210178583352
2.77,6.828850259882278,-23.0115878192491,4.553109215435243,-420.4688812006178,138.57452202010634,-372.9740163760433
2.78,7.576650602396993,-24.698580966842965,5.6405671885058375,-427.31839580054054,140.29270776759304,-380.1953900790379
2.79,8.230975902097368,-26.174699970987593,6.592092914942607,-433.311721075473,141.79612029664392,-386.5140920691582
2.8,8.803510539335196,-27.466304099614142,7.424677925574781,-438.55588069103885,143.11160625956342,-392.04295631051343
2.81,9.304478346918298,-28.596457712162373,8.153189809877933,-382.98827060465896,175.583279477118,-388.85258664669925
2.82,9.74282517855351,-29.585342123142077,8.790637708643192,-334.36661177907655,203.99599354247826,-386.06101319086184
2.83,10.12637865623432,-30.450615982749316,9.348404620062794,-291.82266030669194,228.85711834966847,-383.6183864170041
2.84,10.461987949205028,-31.20773060990565,9.836450667554946,-254.59670276835547,250.6106025559599,-381.4810879898786
2.85,10.7556460805544,-31.870205908667444,10.263490959110579,-222.02398992231105,269.6449012364649,-379.61095186614375
2.86,11.0125969454851,-32.449871795084015,10.637151214221756,-193.52286618202217,286.29991258190677,-377.9745827578758
2.87,11.237428952299464,-32.95707944569851,10.964103937444037,-168.5843829092694,300.87304750916843,-376.5427597881413
2.88,11.43415695826203,-33.4008861399862,11.250187570263533,-146.76321004561075,313.6245405705224,-375.2899146896237
2.89,8.852545963479274,-31.242006872487924,10.25843699898059,-127.6696837899094,324.78209699920717,-374.1936752284207
2.9,6.593636343044365,-29.352987513426932,9.390655249108017,-110.96284831617072,334.5449588743063,-373.2344656998681
2.91,4.61709042516382,-27.700095574248564,8.631346217969513,-96.34436727664938,343.087463015018,-372.3951573623846
2.92,2.887612747018342,-26.253815127467494,7.966950815723324,-83.55319636706821,350.5621541381407,-371.6607625670866
2.93,1.3743197786410495,-24.988319736534056,7.385604838757909,-72.36092182118468,357.1025088708732,-371.01816712120075
2.94,0.05018843131091821,-23.881011269467297,6.876927108913171,-62.56768159353659,362.8253192620141,-370.45589610605066
2.95,-1.1084264976029465,-22.912116360783884,6.431834095299025,-53.99859639434452,367.83277835426236,-369.96390896779434
2.96,-2.122214560402578,-22.064333315685897,6.042377708386647,-46.50064684505145,372.21430505997955,-369.53342022182005
2.97,-3.009279115352256,-21.32252315122516,5.701603369838317,24.621936510579978,345.5106418024821,-278.85674106909255
2.98,-3.7854606009332237,-20.673439257322013,5.4034258236085275,86.85419694675747,322.14493645217186,-199.514646810456
2.99,-4.464619400816571,-20.105490850156762,5.142520470657462,141.30742482841276,301.6999442706504,-130.09031433414899
3.0,-5.0588833507145,-19.608535993887166,4.91422828682528,188.95399922486115,283.8105761118191,-69.34402341738036
3.01,-5.578864306875187,-19.17370049465127,4.71447262597212,230.64475182175352,268.15737897284174,-16.19101886520781
3.02,-6.033847643515788,-18.793219432819864,4.539686422725605,267.1241603440343,254.4608314762365,30.31786011794317
3.03,-6.431958063076315,-18.460298503717382,4.3867484948849045,299.04364280103,242.47635241670693,71.01312922820028
3.04,-3.3104815551917754,-14.87929669075271,2.0889831830242915,326.97318995090126,231.98993323961855,106.62148969967525
3.05,-0.5791896107928038,-11.745920104408622,0.0784385351462551,351.4115437070386,222.81431645966623,137.77880511221585
3.06,1.8106908405562965,-9.004215591357545,-1.6807880317470267,372.7951032436588,214.78565177720793,165.04145609818886
3.07,3.9018362354867593,-6.6052241424378515,-3.2201112777786483,391.50571783820146,207.76057018005693,188.89627571091523
3.08,5.731588456050915,-4.50610662463312,-4.567019118056317,407.8775056084263,201.6136237825498,209.76924287205082
3.09,7.33262164904455,-2.66937879655398,-5.745563478299277,422.202819907373,196.23504568473106,228.03308913804446
3.1,8.733525692913982,-1.0622419469847328,-6.776789793511868,434.7374699189514,191.52878984913966,244.0139546207889
3.11,9.959316731299733,0.34400279638835873,-7.679112819322884,445.70528867908246,187.4108159929972,257.9972119181903
3.12,11.031883889887265,1.5744669468398138,-8.468645466907525,413.20150309419716,185.86821424387253,262.63318430341656
3.13,11.970380153651355,2.6511230784848374,-9.159486533544085,384.76069070742255,184.51843771338847,266.6896601404895
3.14,12.791564384444936,3.593197193674233,-9.763972466851074,359.8749798689948,183.3373832492149,270.2390764979283
3.15,13.510100586389317,4.417512044464954,-10.29289765849469,338.0999828853705,182.30396059306304,273.3448158106873
3.16,14.138819763090652,5.1387875389068345,-10.755707201182853,319.0468605246992,181.39971576893015,276.06233770935137
3.17,14.68894904270432,5.769903596543481,-11.160665551034995,302.3753784591118,180.6085015478139,278.44016937068244
3.18,15.17031216236628,6.322130146975546,-11.51500410715562,287.78783165172285,179.91618910433715,280.5207720743471
3.19,15.591504892070493,6.805328378603603,-11.825050343761168,275.0237281952575,179.31041571629498,282.3412994400537
3.2,14.663849030561682,8.139649456278153,-10.442334800791023,263.8551376708503,178.7803640017581,283.934260885047
3.21,13.852150151741473,9.307180399243386,-9.232458700692145,254.082620961994,178.31656875153834,285.32810214941617
3.22,13.14191363277379,10.328769974337963,-8.173817113105628,245.53166884174473,177.91074790759603,286.54771325573915
3.23,12.520456678677066,11.222660852545719,-7.247505723967424,238.04958573652664,177.55565466914652,287.61487297377175
3.24,11.976681843842433,12.004815370977504,-6.436983258471496,231.5027630194608,177.2449480855032,288.5486377270503
3.25,11.50087886336213,12.689200574605316,-5.727776101162559,225.77429314202817,176.9730798248153,289.365681886169
3.26,11.084551255441864,13.288037627779651,-5.1072198385172385,220.76188199927464,176.73519509671337,290.0805955253979
3.27,10.720264598511632,13.812020049307193,-4.564233108702584,216.3760222493653,176.5270459596242,290.70614495972313
3.28,10.401513773697678,14.270504668143793,-4.089119720114761,190.99589446819465,180.09428971467116,258.18725208975775
3.29,10.12260680198547,14.67167870962582,-3.673395505100416,168.78828265967033,183.2156280003373,229.73322082853804
3.3,9.878563201737286,15.022705995922593,-3.309636816962864,149.35662232721154,185.94679900029513,204.8359434749708
3.31,9.665025051520127,15.329854871432268,-2.9913479648425056,132.35391953631012,188.33657362525824,183.05082579059945
3.32,9.47817917008011,15.598610137503233,-2.7128452192371926,117.47655459427136,190.42762642210096,163.98884781677452
3.33,9.314689023820097,15.83377099531533,-2.4691553168325435,104.45886026998744,192.25729761933835,147.30961708967772
3.34,9.171635145842586,16.039536745900914,-2.2559266522284753,93.06837773623901,193.85825991692107,132.71529020346802
3.35,9.046463002612263,16.2195817776633,-2.069351570699916,83.10170551920915,195.25910192730595,119.9452541780345
3.36,6.18261662728573,16.415133430455388,-1.0176806243624266,74.380867329308,196.48483868639272,108.7714726557802
3.37,3.6767510488750137,16.586241126648464,-0.0974685463171232,66.75013391314451,197.55735835059363,98.99441382380769
3.38,1.4841186677656373,16.735960360817405,0.7077170219725172,60.07324217400144,198.49581305676944,90.43948734583174
3.39,-0.4344346657050673,16.86696469071523,1.4122543942259527,54.23096190225126,199.31696092467325,82.95392667760277
3.4,-2.113168832491934,16.981593479375825,2.0287245949477084,49.11896666446985,200.0354653090891,76.40406109290242
3.41,-3.582061228430442,17.081893669453848,2.568136020579245,44.64597083141112,200.66415664545298,70.67292870628961
3.42,-4.867342074876637,17.169656335772117,3.040121018006839,40.73209947748473,201.21426156477136,65.65818786800341
3.43,-5.9919628155170575,17.246448668800603,3.4531078907559842,37.30746204279914,201.69560336917496,61.27028963450298
3.44,-6.976005963577426,17.313641960200528,3.8144714044114862,24.222154162449243,190.2955283230281,58.21837855519011
3.45,-7.837043718130247,17.372436090175462,4.130664478860051,12.772509767143088,180.32046265764959,55.547956360791346
3.46,-8.590451753363967,17.42388095390353,4.407333419002544,2.754070921250202,171.59228020044338,53.21133694069243
3.47,-9.24968378419347,17.46889520966559,4.649418741627226,-6.012063068906073,163.95512055038796,51.16679494810588
3.48,-9.826511811169286,17.50828268345739,4.861243398923822,-13.682430310292814,157.27260585658945,49.37782070459265
3.49,-10.331236334773125,17.542746723025218,5.046589974058344,-20.39400164650621,151.42540549951576,47.81246824151857
3.5,-10.772870292926484,17.572902757647064,5.208768227301052,-26.266626565692935,146.30910518707628,46.442784836328755
3.51,-11.159300006310673,17.599289287941183,5.35067419888842,-31.405173369981316,141.83234241369175,45.24431185678766
3.52,-10.89775125552184,16.692951751948534,5.295172549027368,-35.90140182373365,137.91517498698028,44.19564799968921
3.53,-10.668896098581609,15.899906407954969,5.246608605398946,-39.835601720766945,134.48765348860775,43.27806712472806
3.54,-10.468647836258906,15.205991731960598,5.204115154724078,-43.27802663067108,131.48857217753178,42.475183859137054
3.55,-10.293430606726542,14.598816390465524,5.166933385383568,-46.29014842683719,128.8643760303403,41.77266100174492
3.56,-10.140115530885723,14.067537966657333,5.134399337210622,-48.925754998482546,126.56820440154777,41.157953501526805
3.57,-10.005964839525006,13.602669345825166,5.105932045059294,-51.23191074867223,124.5590542263543,40.62008443883596
3.58,-9.888582984584382,13.195909302597022,5.081023164426883,-53.249797030088196,122.80104782306002,40.14944900898146
3.59,-9.785873861511334,12.839994264772395,5.059227893873523,-55.01544752632717,121.26279222017752,39.73764300785878
3.6,-9.696003378822418,12.528568606675845,5.040157032139332,-57.20351633553627,114.98181819265533,36.769812631876434
3.61,-9.617366706469618,12.256071155841365,5.023470028121915,-59.118076543594235,109.48596591857341,34.17296105289188
3.62,-9.548559618160915,12.017635886361195,5.008868899606676,-60.79331672564496,104.67709517875174,31.900715921280394
3.63,-9.488353415890803,11.809005025566046,4.9960929121558415,-62.259151884939335,100.46933328140777,29.912501431120347
3.64,-9.435672988904454,11.62645302237029,4.984913923136361,-63.541757649321916,96.7875416212318,28.172813752230304
3.65,-9.389577615291397,11.466720019574005,4.975132307744316,-64.66403769315667,93.56597391857782,26.650587033201518
3.66,-9.349244163379971,11.326953642127254,4.966573394276276,-65.6460327315121,90.7471021787556,25.318638654051327
3.67,-9.313952392957475,11.204658061861348,4.959084344991742,-66.50527839007309,88.28058940641115,24.153183822294913
3.68,-9.283072093837792,11.09764942912868,4.952531426867774,-67.25711834131396,86.12239073060975,23.13341084450805
3.69,-8.629307957108068,10.210916375487594,4.019439873509302,-67.91497829864971,84.23396688928354,22.241109488944545
3.7,-8.05726433746956,9.435024953551643,3.2029847643206395,-68.4906057613185,82.58159602812309,21.460345802826478
3.71,-7.556726170285865,8.756119959357687,2.4885865437805594,-68.99427979115369,81.1357715246077,20.777177577473168
3.72,-7.118755274000132,8.162078089437975,1.8634881008079893,-69.43499456725948,79.87067508403175,20.179405380289023
3.73,-6.735530739750116,7.642291453258228,1.3165269632069907,-69.82061999635205,78.76371569852778,19.656354707752897
3.74,-6.4002092722813515,7.18747814660095,0.8379359678061168,-70.15804224680805,77.7951262362118,19.198685369283787
3.75,-6.106802988246183,6.789516503275831,0.41916884683035216,-70.45328671595705,76.94761045668533,18.798224698123313
3.76,-5.85007248971541,6.4413000653663515,0.05274761597655814,-70.71162562646242,76.20603414959966,18.4478216108579
3.77,-5.6254333035009845,6.136610682195558,-0.26787096102051167,-92.33142292315462,79.45528038089971,-4.893156215499335
3.78,-5.428874015563362,5.870007471921113,-0.5484122158929478,-111.24874555776029,82.29837083328725,-25.316511813561917
3.79,-5.256884638617942,5.636729662930974,-0.7938858139063293,-127.80140286304027,84.78607497912635,-43.18694796186668
3.8,-5.1063939337907,5.432611580064602,-1.008675212168038,-142.28497800516024,86.96281610673556,-58.82357959163335
3.81,-4.974714567066862,5.254008257556527,-1.1966159356470332,-154.9581062545152,88.86746459339362,-72.50563226767918
3.82,-4.859495121183505,5.097730350361961,-1.361064068691154,-166.0470934727008,90.53403201921942,-84.47742835921927
3.83,-4.758678106035567,4.960987181566716,-1.50495618510476,-175.7499572886132,91.992278516817,-94.95274993931686
3.84,-2.6195407177811205,2.1016347838708764,-1.965254786966665,-184.23996312753656,93.26824420221487,-104.11865632190225
3.85,-0.7477955030584804,-0.40029856411298304,-2.368016063595832,-191.6687182365945,94.38471417693802,-112.13882440666447
3.86,0.8899815598238296,-2.58949024359886,-2.720432180646353,-198.16887895702018,95.36162540482077,-119.1564714808314
3.87,2.323036489845851,-4.505032963149002,-3.0287962830655593,-203.85651958739265,96.21642272921818,-125.29691267072747
3.88,3.5769595536151195,-6.1811328427553764,-3.2986148726823643,-208.8332051389686,96.96437038806592,-130.66979871188653
3.89,4.67414223441323,-7.6477202374109545,-3.534706138597069,-213.18780499659752,97.61882458955768,-135.3710739979007
3.9,5.634177080111576,-8.930984207734586,-3.741285996272435,-216.99807987202283,98.19147201586297,-139.48468987316312
3.91,6.474207570097629,-10.053840181767763,-3.922043371738381,-220.33207038801999,98.69253851388011,-143.08410376401773
3.92,7.2092342488354255,-11.036339159046792,-4.080206075271083,-242.39431183951748,116.1934715746451,-189.7910886685155
3.93,7.852382592730997,-11.896025764165943,-4.2185984408621975,-261.6987731095778,131.50678800281446,-230.65970045995107
3.94,8.415137393639622,-12.6482515436452,-4.339691760754422,-278.5901767208806,144.90593987746266,-266.41973577745716
3.95,8.907547844434669,-13.30644910068955,-4.445648415660119,-293.37015488077054,156.63019776777983,-297.70976668027504
3.96,9.338406988880335,-13.882371963103356,-4.538360488702604,-306.30263577067427,166.88892342180733,-325.08854372024064
3.97,9.715408740270293,-14.386304467715437,-4.619483552614778,-317.61855654934,175.86530836908142,-349.04497363021056
3.98,10.045285272736507,-14.827245409251008,-4.69046623353793,-327.5199872306725,183.71964519794622,-370.0068498014342
3.99,10.333927238644444,-15.213068733094632,-4.752576079345689,-336.18373907683844,190.59218992320294,-388.3484914512549
4.0,6.966686833813888,-13.897098266457803,-2.5679469444274776,-343.76452194223367,196.60566655780255,-404.397427894848
4.01,4.020351479587152,-12.745624108150578,-0.6563964513740432,-350.39770694945446,201.86745861307722,-418.440247282992
4.02,1.4423080446387582,-11.738084219631755,1.016210230047712,-356.20174383077267,206.47152666144257,-430.727714247618
4.03,-0.8134799609410863,-10.856486817177785,2.479741076291748,-361.2802761019261,210.50008620376224,-441.47924784166577
4.04,-2.78729446582345,-10.085089090030563,3.760330566755279,-365.7239918391854,214.02507580329194,-450.88683973645755
4.05,-4.514382157595518,-9.410116078776742,4.880846370910869,-369.61224310928725,217.10944170288045,-459.11848264440033
4.06,-6.025583887896078,-8.81951469392965,5.861297699547011,-373.01446297062637,219.80826186502037,-466.32117018885026
4.07,-7.347885401909068,-8.302738482188444,6.719192612103635,-375.9914053492981,222.16972950689282,-472.62352179024396
4.08,-8.504899226670434,-7.850559296914888,7.469850660590681,-278.5618530556358,237.92976431853123,-407.20620631646347
4.09,-9.517286323336629,-7.454902509800527,8.126676453016845,-193.31099479868135,251.71979477871483,-349.96605527690554
4.1,-10.403125032919549,-7.108702821075461,8.70139902138974,-118.71649382384618,263.7860714313755,-299.88092311729235
4.11,-11.178233903804605,-6.805778093441028,9.204281268716022,-53.44630547086541,274.34406350245354,-256.05643247763084
4.12,-11.856454165829028,-6.5407189567609,9.64430323512652,3.6651093379927673,283.58230656464684,-217.710003167927
4.13,-12.449896895100398,-6.308792212165788,10.029322455735706,53.637597295743674,291.665769244066,-184.15687752193614
4.14,-12.969159283212848,-6.1058563106450645,10.366214273768742,97.36352425877573,298.7387990885577,-154.79789258169413
4.15,-13.423513872811242,-5.928287396814431,10.660994614547649,135.62371035142877,304.927700202488,-129.10878075898236
4.16,-10.930848513709837,-6.9998867222126275,6.843595412729194,169.10137318250017,310.342988677177,-106.63080791410957
4.17,-8.749766324496107,-7.937536131936049,3.5033711111380446,198.39432815968766,315.0813660925299,-86.96258167484586
4.18,-6.841319408934094,-8.757979365444044,0.5806748472457892,224.02566376472672,319.22744633096363,-69.75288371549013
4.19,-5.171428357817332,-9.475867194763538,-1.9766843836599342,246.45308241913588,322.8552665395932,-54.694398001053855
4.2,-3.7102736880901652,-10.104019045418095,-4.214373710702442,266.0770737417439,326.029609222144,-41.51822300092212
4.21,-2.4317633520788946,-10.653651914740832,-6.172351871864636,283.24806614902593,328.807159069376,-29.98906987580685
4.22,-1.3130668080690326,-11.134580675398228,-7.8855827628815565,298.2726845053977,331.23751518570396,-19.901060891330996
4.23,-0.33420733206040354,-11.555393340973449,-9.384659792521362,311.419225567223,333.36407678749094,-11.074053029914623
4.24,0.5222947094471468,-11.923604423351767,-10.69635219345619,317.5236967463202,313.1223175640546,32.336453223824705
4.25,1.2717339957662535,-12.245789120432796,-11.844083044274166,322.86510902803013,295.4107782435478,70.32064619584662
4.26,1.9274933712954718,-12.527700730378697,-12.848347538739894,327.5388447745264,279.9131813381043,103.55681504636578
4.27,2.5012828248835377,-12.77437338908136,-13.727078971397408,331.62836355271065,266.3527840458413,132.63846279057006
4.28,3.0033485967730953,-12.99021196544619,-14.495968974972731,335.20669248362185,254.48743641511112,158.0849045667488
4.29,3.4426561471764585,-13.179070719765415,-15.16874772810114,338.33773029816916,244.10525723822224,180.3505411209052
4.3,3.8270502537794013,-13.344322129794737,-15.757429137088497,341.0773883858981,235.02085045844444,199.83297310579204
4.31,4.163395097056976,-13.488917113570395,-16.272525369952437,343.4745892126608,227.0719945261389,216.88010109256803
4.32,5.845715459924854,-9.636469099374096,-14.825671698708382,345.5721399360782,220.11674558537152,231.796338080997
4.33,7.317745777434247,-6.265577086952335,-13.559674736369834,347.40749681906846,214.03090276220007,244.84804544587237
4.34,8.605772305254966,-3.316046576083293,-12.451927394323604,349.01343409168487,208.70579029192504,256.2682893901383
4.35,9.732795517098095,-0.7352073790728815,-11.482648470033153,350.4186292052243,204.0463168804344,266.261002841371
4.36,10.718940827460834,1.5230269183112286,-10.634529411279008,351.64817492957127,199.9692776453801,275.0046271111996
4.37,11.58181797402823,3.498981928522325,-9.892425234869132,352.72402743837483,196.40186831470757,282.65529834729966
4.38,12.3368354772747,5.227942562457034,-9.243084080510489,353.665398383578,193.2803851503691,289.3496356788872
4.39,12.997475792615361,6.740783117149905,-8.674910570446677,354.4890979606307,190.54908738157297,295.2071808440263
4.4,13.57553606853844,8.064518602506167,-8.177758749140843,355.2098350905519,188.15920183387635,300.332532863523
4.41,14.081338809971136,9.222787152192897,-7.742750905498237,316.95985570423295,176.9155514796418,281.34096600558263
4.42,14.523916208724746,10.236272133168786,-7.362119042310957,283.49112374120386,167.07735741968656,264.7233450048848
4.43,14.911171432634152,11.123071491522687,-7.029066162022088,254.2059832735534,158.46893761722575,250.1829266292742
4.44,15.250019753554884,11.89902093008235,-6.737644891769326,228.58148536435922,150.93657029007252,237.46006055061494
4.45,15.546512034360525,12.577976688822059,-6.48265128029816,206.16004969381433,144.34574887881345,226.32755273178807
4.46,15.805942780065461,13.1720629777193,-6.259531870260891,186.54129348208755,138.57878014396178,216.58660839031458
4.47,16.03294468255728,13.691888480504389,-6.064302386478279,169.37488179682663,133.53268250096656,208.06328209152528
4.48,16.23157134723762,14.14673579544134,-5.893476588168494,154.3542715722233,129.11734706334573,200.60537158008464
4.49,13.516031178832916,13.766934821011173,-3.967140389647432,141.2112376256954,125.25392855542752,194.07969988257406
4.5,11.139933531478801,13.434608968384776,-2.2815962159415033,129.71108292248346,121.87343736099909,188.36973714725232
4.51,9.060848090043951,13.143823847336678,-0.8067450639488154,119.64844755717303,118.91550756587421,183.37351975384578
4.52,7.241648328788457,12.889386866419594,0.4837496940447865,110.8436416125264,116.32731899513993,179.00182953461507
4.53,5.6498485376899,12.666754508117144,1.612932607289188,103.1394364109606,114.06265399574745,175.1766005927882
4.54,4.257023720478663,12.4719511946025,2.6009676563780397,96.39825685959053,112.08107212127902,171.82952526868968
4.55,3.0383020054188297,12.301498295277188,3.4654983243307846,90.49972475214172,110.34718798111915,168.9008343601035
4.56,1.971920504741476,12.15235200836754,4.221962658789437,85.33850915812401,108.83003935847925,166.33822981509056
4.57,1.0388366916487914,12.021849007321597,4.883868951440757,66.90119538835852,106.97753443866935,145.79970108820424
4.58,0.2223883551926925,11.907658881406398,5.463036957510662,50.7685458398137,105.35659263383567,127.8284884521787
4.59,-0.49200393920639407,11.807742521230598,5.969808962821829,36.652477484836986,103.93826855460621,112.10367739565636
4.6,-1.1170971968055947,11.720315706076773,6.4132344674691,24.300917674232362,102.69723498528043,98.34446772119931
4.61,-1.6640537972048954,11.643817242817176,6.801231784035462,13.49330283995332,101.61133061212038,86.3051592560494
4.62,-2.1426408225542835,11.57688108746503,7.1407294360310285,4.036639859959155,100.66116428560534,75.77076434904322
4.63,-2.561404469734998,11.518311951531901,7.4377898815271495,-4.2379402475357395,99.82976874990467,66.55316880541281
4.64,-3.4872165360181233,11.333965582590414,7.252928396336255,-11.478197841593772,99.10229765616658,58.4877727047362
4.65,-4.2973020940158575,11.172662509766614,7.091174596794223,-17.813423236394552,98.46576044914576,51.430551116644175
4.66,-5.006126957263875,11.031522321045788,6.949640022194944,-23.356745456845232,97.90879039300253,45.25548222706365
4.67,-5.626348712605891,10.908024655915066,6.825797269420576,-28.207152399739577,97.42144159387722,39.85229694868069
4.68,-6.169042748530154,10.799964198925682,6.717434860743004,-32.45125847477213,96.99501139464256,35.1245098300956
4.69,-6.643900029963885,10.705411299059973,6.622617753150128,-36.16485129042562,96.62188497031224,30.987696101333647
4.7,-7.059400151218399,10.622677511677477,6.539652784006361,-39.414245004122414,96.2953993490232,27.36798408866694
4.71,-7.422962757316099,10.550285447717792,6.467058436005566,-42.25746450360712,96.0097244303953,24.200736077583574
4.72,-7.741080037651586,10.486942391753068,6.40353838150487,-43.61215656565623,92.08913412659588,32.52001881788563
4.73,-8.019432657945138,10.431517217783934,6.34795833381676,-44.797512119949204,88.65861761077139,39.799391215649926
4.74,-8.262991200701997,10.383020190560943,6.299325792089665,-45.834698229955556,85.65691565942495,46.16884206369369
4.75,-8.476104925614248,10.340585291740826,6.256772318078457,-46.742236076211114,83.03042645199683,51.74211155573198
4.76,-8.662579434912466,10.303454755273224,6.21953802831865,-47.53633169168473,80.73224839549722,56.61872236126548
4.77,-8.825744630548408,10.270965535864072,6.186958024778818,-48.23116535522414,78.72134259606007,60.885756816107296
4.78,-8.968514176729858,10.242537468881064,6.158450521681465,-48.839144810821125,76.96180002155256,64.61941196409389
4.79,-9.093437529638626,10.217662910270931,6.133506456471282,-49.371126834468484,75.42220026885849,67.88636021858215
4.8,-8.313098963433797,9.424788546487065,5.138144899412372,-49.836611105159925,74.07505048525118,70.74493994125939
4.81,-7.630302718004573,8.731023478176182,4.267203536985825,-50.243909842014936,72.89629442459479,73.24619719860196
4.82,-7.032856003254001,8.123979043404159,3.505129844862597,-50.60029623676307,71.86488287152044,75.43479729877672
4.83,-6.510090127847251,7.5928151629786385,2.8383153642547723,-50.91213433216769,70.96239776258038,77.34982238642962
4.84,-6.052669986866345,7.128046767606309,2.254852693722926,-51.18499266564673,70.17272329225783,79.02546933812592
4.85,-5.6524273635080515,6.72137442165552,1.7443228570075602,-51.42374370744089,69.4817581307256,80.49166042086017
4.86,-5.302215068069545,6.36553611894858,1.2976092498816152,-51.63265086901078,68.8771636143849,81.77457761825265
4.87,-4.995779309560852,6.0541776040800075,0.9067348436464133,-51.81544463538444,68.34814341258678,82.89713016597106
4.88,-4.727648020865746,5.781738903570006,0.5647197381906117,-82.63101568096138,81.62712598601344,46.162487895224686
4.89,-4.493033143257528,5.543355040623755,0.26545652091678523,-109.59464034584121,93.24623573776176,14.019675908321602
4.9,-4.287745125350337,5.334769160545786,0.0036012058021870907,-133.18781192761105,103.41295677054156,-14.105284580218598
4.91,-4.108118109681545,5.152256515477562,-0.22552219492308628,-153.83183706165966,112.30883767422387,-38.714625007691275
4.92,-3.950944470971352,4.992557951042867,-0.4260051705577005,-171.8953590539522,120.09273346494588,-60.247797881729866
4.93,-3.8134175370999333,4.852821707162509,-0.6014277742379879,-187.70094079720818,126.90364228182764,-79.08932414651363
4.94,-3.6930814699624417,4.730552493767195,-0.7549225524582395,-201.53082482255715,132.86318749659918,-95.57565962819943
4.95,-3.5877874112171364,4.623566932046296,-0.8892304834009594,-213.6319733447375,138.0777895595243,-110.0012031746745
4.96,-2.9960642348149946,1.4166330655405095,-2.3254707979758393,-224.2204783016453,142.64056636458375,-122.62355377784019
4.97,-2.4783064554631205,-1.3894340676520542,-3.5821810732288597,-233.48542013893965,146.63299606901077,-133.66811055561016
4.98,-2.0252683985302307,-3.8447428091955476,-4.6818025640752525,-241.5922442465722,150.12637206038443,-143.3320977361589
4.99,-1.6288600987139519,-5.993137958046104,-5.643971368565846,-248.68571534075068,153.18307605283636,-151.78808651913903
5.0,-1.2820028363747078,-7.87298371329034,-6.485869072495116,-254.89250254815684,155.8576920462318,-159.18707670424664
5.01,-0.9785027318278692,-9.517848749129048,-7.222529563433227,-260.3234413546372,158.19798104045282,-165.6611931162158
5.02,-0.7129401403493856,-10.957105655487917,-7.867107493004074,-265.0755128103076,160.2457339103962,-171.32604497668882
5.03,-0.4805728728057124,-12.216455448551926,-8.431113181378565,-269.2335753340192,162.03751767159667,-176.28279035460272
5.04,-0.27725151370499834,-13.318386517482935,-8.924618158706245,-279.9418805422668,158.00532808764711,-209.9236910602774
5.05,-0.09934532449187355,-14.282576202797568,-9.356435013867964,-289.3116475994835,154.47716220169124,-239.35947917774274
5.06,0.056322591069610656,-15.126242177447871,-9.734274762134469,-297.51019377454804,151.39001705147984,-265.1157937805249
5.07,0.19253201718590934,-15.864449905266888,-10.06488454186766,-304.68392167772953,148.68876504504487,-287.6525690579593
5.08,0.31171526503767066,-16.510381667108526,-10.354168099134203,-310.96093359301335,146.32516953941428,-307.37224742571436
5.09,0.41600060690796187,-17.07557195871996,-10.607291211742428,-316.45331901888665,144.2570234719875,-324.62696599750006
5.1,0.5072502810444666,-17.570113463879963,-10.828773935274626,-321.2591562665258,142.44739566298907,-339.72484474781254
5.11,0.5870937459139083,-18.00283728089497,-11.022571318365298,-325.4642638582101,140.86397133011545,-352.935488654336
5.12,0.9041189026746699,-16.5120469957831,-6.776848653569636,-329.1437330009338,139.47847503885103,-364.49480207254396
5.13,1.1815159148403362,-15.207605496310212,-3.0618413218734313,-332.36326850081707,138.26616578399467,-374.6092013134759
5.14,1.4242383004852943,-14.066219184271436,0.1887900933607476,-335.18036206321494,137.20539518599534,-383.45930064929144
5.15,1.6366203879246326,-13.067506161237507,3.033092581690654,-337.64531893031307,136.27722091274592,-391.20313756813
5.16,1.8224547144340535,-12.193632266082819,5.521857258979322,-339.80215618902395,135.4650684236527,-397.97899487211373
5.17,1.9850597501297969,-11.428992607822467,7.699526351606907,-341.6893887903959,134.7544349956961,-403.9078700130995
5.18,2.1273391563635724,-10.759932906844659,9.604986807656044,-343.3407173165964,134.1326307462341,-409.09563576146206
5.19,2.2518336368181258,-10.174505668489077,11.272264706699037,-344.7856297770218,133.58855202795485,-413.63493079127926
5.2,2.36076630721586,-9.662256834927943,12.731132868361659,-249.3580513048941,169.9543578994605,-381.16744044236935
5.21,2.456082393813877,-9.21403910556195,14.007642509816453,-165.85892014178233,201.77443803702792,-352.7583863870732
5.22,2.5394839695871423,-8.821848592366706,15.124588446089398,-92.79718037405954,229.61700815739943,-327.90046408868903
5.23,2.6124603483887494,-8.478681893320868,16.10191614032822,-28.8681580773021,253.9792570127245,-306.1497820776029
5.24,2.6763146798401554,-8.17841103165576,16.957077872787192,27.069736432360664,275.29622476113394,-287.1179353179025
5.25,2.732187219860136,-7.91567402769879,17.705344388688793,76.01539412831558,293.9485715409922,-270.4650694031647
5.26,2.7810756923776188,-7.685779149236441,18.360077590102694,118.84284461227612,310.26937497336814,-255.8938117277691
5.27,2.823853105830416,-7.484621130581886,18.932969141339857,156.3168637857416,324.55007797669714,-243.14396126179795
5.28,2.861283342601614,-7.308607864259151,19.434249248672373,189.1066305625239,337.04569310461,-231.9878421040732
5.29,2.5003966747764124,-9.171111756226757,14.500111717588329,217.7976764922084,347.97935634153373,-222.22623784106403
5.3,2.184620840429361,-10.800802661698413,10.182741377889787,242.90234168068235,357.546311673842,-213.68483411093104
5.31,1.908316985375691,-12.226782203986112,6.405042330653564,264.8689237205971,365.91739758961177,-206.21110584706466
5.32,1.6665511122037295,-13.474514303487847,3.0995556643218682,284.08968300552243,373.2420977659103,-199.67159361618158
5.33,1.4550059731782634,-14.566279890551867,0.20725483128163447,300.9078473798321,379.6512104201715,-193.94952041415888
5.34,1.2699039765309805,-15.521574779232884,-2.32350839762857,315.6237412073531,385.25918399265004,-188.942706362389
5.35,1.107939729464608,-16.357457806828773,-4.537926222924999,328.5001483064339,390.1661608685688,-184.5617440670904
5.36,0.9662210132815321,-17.088855455975175,-6.475541820059375,323.9732541431297,368.27539188499765,-120.7034019337041
5.37,0.8422171366213406,-17.728828398978276,-8.170955467551952,320.0122217502385,349.1209690243729,-64.8273525669911
5.38,0.733713744543673,-18.28880472410599,-9.654442409107958,316.5463184064587,332.36084902132626,-15.935809371117209
5.39,0.6387732764757139,-18.77878400859274,-10.952493482969462,313.51365298065133,317.69574401866043,26.844290925272446
5.4,0.5557003669162497,-19.20751588251865,-12.08828817259828,310.8600707330699,304.86377714132783,64.2768786846134
5.41,0.4830115710517185,-19.58265627220382,-13.082108526023493,308.5381862664362,293.63580612366184,97.03039297403672
5.42,0.4194088746702537,-19.910904113178344,-13.951701335270556,306.50653735813165,283.81133148320407,125.68971797728213
5.43,0.36375651533647196,-20.198120974031053,-14.712595043361738,304.7288445633652,275.21491617280356,150.76662735512187
5.44,2.396027700919413,-15.732857852277172,-13.456447037941519,303.17336336794455,267.6930527762031,172.70892306073162
5.45,4.174264988304486,-11.825752620742525,-12.35731753319883,301.81231732195147,261.1114223041777,191.90843180314016
5.46,5.730222614766426,-8.40703554314971,-11.395579216548976,300.62140203170753,255.3524956411555,208.70800195274765
5.47,7.091685537920622,-5.415658100255997,-10.554058189480353,299.5793511527441,250.3134348110111,223.40762583365418
5.48,8.282965595680544,-2.7982028377239976,-9.817727290795307,298.6675566336511,245.9042565846347,236.2697967294474
5.49,9.325335646220475,-0.5079294830084977,-9.173437754445894,297.8697364294447,242.04622563655536,247.52419626326648
5.5,10.237409440442915,1.4960597023675646,-8.609684410140156,297.1716437507641,238.67044855698595,257.3717958553582
5.51,11.035474010387551,3.249550239571619,-8.116400233872637,296.5608126569186,235.7166436123627,265.9884454984384
5.52,11.733780509089108,4.783854459625167,-7.684776579638557,260.75071107480375,228.23206266081735,258.2111405611336
5.53,12.344798695452969,6.126370652172021,-7.307105882183738,229.41687219045326,221.68305432821518,251.40599874099192
5.54,12.879439608521349,7.301072320650518,-6.97664402191077,201.9997631666466,215.95267203718828,245.45149964836793
5.55,13.34725040745618,8.328936280569204,-6.687489894171923,178.00979277081578,210.93858753253974,240.24131294232194
5.56,13.756584856524157,9.228317245498054,-6.434480032400433,157.0185686744638,206.55126359097227,235.6823995745317
5.57,14.114752499458637,10.015275589810797,-6.213096403350379,138.65124759015583,202.71235514210073,231.69335037771523
5.58,14.428149187026309,10.703864141084447,-6.019385727931581,122.57984164138635,199.35331024933814,228.20293233050083
5.59,14.70237128864802,11.30637912344889,-5.849888886940134,108.51736143621306,196.41414596817086,225.14881653918823
5.6,12.102638252567017,11.343726608017779,-3.8827164010726167,96.21269125668644,193.84237722214948,222.4764652217897
5.61,9.827871845996139,11.376405657015557,-2.1614404759385395,85.44610484960064,191.5920795693808,220.13815781906598
5.62,7.837451240246621,11.404999824888613,-0.655324041446222,76.02534174340057,189.62306912320818,218.09213884168273
5.63,6.095833210215794,11.430019721777535,0.6625278387345558,67.78217402547551,187.90018498280716,216.30187223647238
5.64,4.57191743393882,11.451912131555343,1.8156482338927364,60.56940227229107,186.39266135995626,214.73538895691334
5.65,3.238491129696467,11.471067990110924,2.8246285796561446,54.258226988254684,185.07357818996172,213.36471608729917
5.66,2.0717431134844086,11.487829366347059,3.7074863821991264,48.735948614722844,183.9193804162165,212.16537732638676
5.67,1.0508385992988574,11.502495570553677,4.479986959424236,43.90395503788249,182.90945736418945,211.1159559105884
5.68,0.15754714938650016,11.515328499234467,5.155924964496206,34.552835533147174,172.96077494366577,194.03208617176486
5.69,-0.6240828692868123,11.526557311830159,5.74737071893418,26.370605966503778,164.25567782570755,179.08370015029425
5.7,-1.3080091356259609,11.536382522851389,6.264885754067407,19.211155095690806,156.6387178474941,166.00386238150747
5.71,-1.9064446186727158,11.544979582494966,6.717711409808981,12.946635583729456,149.97387786655733,154.55900433381902
5.72,-2.4300756663386265,11.552502009683096,7.1139338585828575,7.465181010763274,144.14214288323765,144.54475354209163
5.73,-2.888252833046298,11.559084133472709,7.46062850126,2.668908259417865,139.03937477283296,135.78228409933018
5.74,-3.289157853915511,11.56484349178862,7.7639863136025,-1.527830398009368,134.57445267622884,128.1151233369139
5.75,-3.6399497471760722,11.569882930315043,8.029424399402187,-5.199976723258197,130.66764584170025,121.40635766979966
5.76,-4.573339028779063,12.125964689025661,7.805720974476913,-8.413104757850922,127.24918986148771,115.53618771107469
5.77,-5.390054650181681,12.612536227897452,7.6099804776673,-11.224591788119557,124.25804087880175,110.39978899719034
5.78,-6.104680818908971,13.03828632441027,7.438707542958888,-13.684642939604613,121.64078551895153,105.90544012254153
5.79,-6.729978716545349,13.410817658858987,7.288843725089027,-15.837187697154036,119.35068707908258,101.97288485722385
5.8,-7.277114376977181,13.736782576501612,7.157712884452899,-17.72066436000978,117.34685094419726,98.53189900007087
5.81,-7.755858079855034,14.02200187943891,7.0429733988962875,-19.36870644000856,115.59349432617259,95.52103637506201
5.82,-8.174758819873155,14.271568769509047,6.942576349034252,-20.810743260007488,114.05930728540102,92.88653157817924
5.83,-8.54129696738901,14.489939798320416,6.8547289304049706,-22.072525477506552,112.71689362472588,90.58133988090682
5.84,-8.862017846465385,14.681014448530362,6.777862439104349,-23.19408466781823,106.94415742163514,87.98242227079346
5.85,-9.142648615657212,14.848204767464066,6.710604259216306,-24.17544895934095,101.89301324393074,85.70836936194428
5.86,-9.38820053870006,14.994496296531057,6.651753351814269,-25.034142714423332,97.4732620884394,83.71857306670124
5.87,-9.603058471362552,15.122501384464675,6.600258807837485,-25.785499750120415,93.60597982738447,81.97750130836359
5.88,-9.791059162442233,15.23450583640659,6.5552010818578,-26.442937156355363,90.22210784896141,80.45406351981813
5.89,-9.955559767136952,15.332509731855767,6.515775571625575,-27.018194886810942,87.26121986784123,79.12105545484086
5.9,-10.099497796244833,15.418263140373796,6.4812782501723785,-27.521545400959575,84.67044288436108,77.95467339798574
5.91,-10.225443571714228,15.49329737282707,6.451093093900831,-27.961977100839626,82.40351302381593,76.93408909823752
5.92,-9.808733125249951,14.814442201223686,5.588493457163228,-28.347354838234672,80.41994939583894,76.04107783595782
5.93,-9.444111484593709,14.220443926070725,4.833718775017825,-28.684560358455336,78.68433122135907,75.25969298146309
5.94,-9.125067549019496,13.700695435311884,4.173290928140597,-28.979615188648417,77.16566531868918,74.5759812337802
5.95,-8.845904105392059,13.245915505897898,3.5954165621230225,-29.237788165067364,75.83683265385302,73.97773345455767
5.96,-8.601636092218051,12.84798306766066,3.0897764918576445,-29.46368951943394,74.6741040721214,73.45426664773795
5.97,-8.387901580690794,12.499792184203077,2.647341430375439,-29.661353204504696,73.65671656310622,72.9962331917707
5.98,-8.200883883104446,12.195125161177693,2.260210751578509,-29.834308928941606,72.76650249271793,72.59545391779936
5.99,-8.03724339771639,11.928541516030482,1.9214714076311954,-29.985645187823906,71.98756518112819,72.24477205307444
6.0,-7.894057973001841,11.695280826526671,1.625074481677296,-38.37806491434592,70.49224453348717,62.83792554644014
6.01,-7.76877072637661,11.491177723210837,1.365727171467634,-45.721432175052676,69.18383896680128,54.60693485313512
6.02,-7.659144385579534,11.312587507809482,1.1387982750341796,-52.146878528171094,68.03898409595112,47.404817996493236
6.03,-7.563221337382092,11.156321069333297,0.9402354906549072,-57.769144087149705,67.03723608395723,41.10296574693158
6.04,-7.47928867020933,11.019587935666634,0.7664930543230438,-62.68862645125599,66.16070657346258,35.58884502856513
6.05,-7.405847586433164,10.899946443708304,0.6144684225326634,-66.993173519849,65.39374325177975,30.763989399994493
6.06,-7.3415866381290185,10.795260138244766,0.48144686971608047,-70.75965220486788,64.72265034530729,26.54224072499518
6.07,-7.285358308362891,10.703659620964169,0.3650530110015704,-74.0553210542594,64.13544405214388,22.848210634370787
6.08,-6.5385767698175306,9.180593043343647,-0.679159490373626,-76.93903129747697,63.62163854562589,19.61593430507444
6.09,-5.885142923590339,7.8479097879256905,-1.5928454290769227,-79.46227776029235,63.17205872742265,16.787692516940137
6.1,-5.313388308141548,6.681811939434979,-2.3923206254423075,-81.6701184152558,62.778676386494816,14.312980952322619
6.11,-4.8131030196238545,5.661476322005607,-3.091861422262019,-83.60197898834882,62.43446683818296,12.14760833328229
6.12,-4.375353392170873,4.768682656754906,-3.7039596194792663,-85.29235698980521,62.13328348341009,10.252907291622003
6.13,-3.992322468149514,3.9874881996605427,-4.2395455420443575,-86.77143774107957,61.869748047983826,8.595043880169252
6.14,-3.6571704096308246,3.303943049702975,-4.708183224288813,-88.06563339844462,61.639154541985846,7.144413395148096
6.15,-3.3639123584269712,2.705841043490103,-5.118241196252711,-89.19805459863905,61.437385224237616,5.875111720754584
6.16,-3.1073115636235995,2.18250178805384,-5.477041921721122,-114.04142414880917,74.95458769620791,-37.90490186933974
6.17,-2.8827858681706493,1.72457993954711,-5.790992556505982,-135.77937250520802,86.78213985918192,-76.21241376067228
6.18,-2.686325884649318,1.323898322103721,-6.065699361942734,-154.800077317057,97.13124800178419,-109.73148666558825
6.19,-2.514423399068153,0.9733019068407559,-6.306067816699892,-171.44319402742488,106.18671762656116,-139.06067545738972
6.2,-2.3640087241846337,0.6665300434856615,-6.5163902146124055,-186.00592114899678,114.11025354824102,-164.723715650216
6.21,-2.2323958836615545,0.39810466304995384,-6.700422312785855,-198.74830738037218,121.0433474797109,-187.178875818939
6.22,-2.11723464820386,0.16323245516870963,-6.861450398687623,-209.89789533282567,127.10980466974705,-206.82714096657162
6.23,-2.0164685671783777,-0.04228072672737909,-7.00234997385167,-219.65378479122248,132.41795471102867,-224.01937297075017
6.24,0.10052550371891966,-4.0574647608864565,-4.445767477120211,-228.19018806731967,137.06258599715008,-239.0625759744064
6.25,1.9528953157540547,-7.57075079077565,-2.208757792480185,-235.6595409339047,141.1266383725063,-252.2253786026056
6.26,3.573718901284798,-10.644876066928694,-0.2513743184201618,-242.19522469216662,144.68268420094302,-263.7428309022799
6.27,4.991939538624198,-13.334735683562608,1.4613362213823584,-247.9139479806458,147.79422430082514,-273.8206016644949
6.28,6.232882596296173,-15.688362848117281,2.9599579437095636,-252.91783085806506,150.51682188822198,-282.63865108143307
6.29,7.318707771759152,-17.74778661710262,4.271251950745868,-257.2962283758069,152.89909477719422,-290.35444432125394
6.3,8.268804800289258,-19.549782414964792,5.4186342069026345,-261.127326203831,154.98358355504493,-297.1057634060972
6.31,9.1001397002531,-21.126528738094194,6.422593681039805,-264.4795368033521,156.8075112356643,-303.01316760533507
6.32,9.827557737721463,-22.50618177083242,7.301058220909829,-257.5427204529331,164.64219745620625,-310.1202705296682
6.33,10.46404852050628,-23.713378174478365,8.0697146932961,-251.4730061463165,171.49754789918046,-316.33898558845965
6.34,11.020977955442994,-24.76967502766857,8.742289106634088,-246.16200612802692,177.4959795367829,-321.7803612649022
6.35,11.50829121101262,-25.69393477421,9.330791718304827,-241.51488111202355,182.74460721968504,-326.5415649817894
6.36,11.934690309636043,-26.50266205243375,9.845731503516724,-237.4486467230206,187.3371564422244,-330.7076182340657
6.37,12.307789520931538,-27.210298420879532,10.296303815577133,-233.89069163264304,191.35563701194636,-334.3529148298075
6.38,12.634251330815095,-27.829480243269593,10.690554588629992,-230.77748092856268,194.87180751045307,-337.54254935108156
6.39,12.919905414463209,-28.371264337860893,11.035524015051243,-228.05342156249236,197.94845669664645,-340.33347955719637
6.4,7.640233987655307,-25.45118429562828,10.695135513169838,-225.66986961718084,200.64052473456564,-342.7755434875468
6.41,3.020521489198394,-22.896114258674746,10.397295574023607,-223.58426166503324,202.99608426774495,-344.9123494266035
6.42,-1.0217269469514054,-20.660427976340404,10.136685627270657,-221.7593547069041,205.05719885927684,-346.78205462327804
6.43,-4.5586943285824795,-18.704202479297855,9.908651923861825,-220.16256111854108,206.86067412686722,-348.4180466703683
6.44,-7.6535407875096695,-16.992505169385623,9.709122433379097,-218.76536672872345,208.43871498600882,-349.8495397115723
6.45,-10.36153143907096,-15.494770023212421,9.53453412920671,-217.54282163763304,209.81950073775772,-351.10209612262577
6.46,-12.73102325918709,-14.184251770310869,9.381769363055872,-216.4730946829289,211.02768827053802,-352.19808298229754
6.47,-14.804328601788704,-13.03754829902201,9.248100192673888,-215.5370835975628,212.08485236172078,-353.15707148451037
6.48,-16.618470776565115,-12.03418276164426,9.131139668589652,-214.71807389786744,213.00987094150568,-353.9961864239466
6.49,-18.205845179494474,-11.156237916438727,9.028799210015945,-129.546436410634,217.04801382381748,-303.7047878709533
6.5,-19.594797782057665,-10.388036176883887,8.939251308763952,-55.021253609304736,220.5813888458403,-259.69981413708416
6.51,-20.810131309300456,-9.7158596547734,8.860896895168459,10.188281341858357,223.67309199011027,-221.19546211994864
6.52,-21.873548145637898,-9.127705197926726,8.792336783272402,67.24662442412607,226.3783322413465,-187.50415410495506
6.53,-22.80403787743316,-8.613070048185886,8.732346685363352,117.1726746211103,228.7454174611782,-158.0242595918357
6.54,-23.618216392754015,-8.162764292162649,8.679855349692932,160.85796854347151,230.8166170285309,-132.22935189285622
6.55,-24.33062259365976,-7.768746755642318,8.633925430981316,199.0826007255376,232.62891664996457,-109.65880765624918
6.56,-24.95397801945229,-7.423981411187028,8.593736752108653,232.5291538848454,234.214678818719,-89.90958144921802
6.57,-21.389455892020756,-6.806946484788649,5.387457908095071,261.7948878992397,235.60222071637912,-72.62900851806577
6.58,-18.270499030518163,-6.267040924190068,2.5819639195831865,287.40240516183474,236.81631987683173,-57.508507203307545
6.59,-15.541411776703391,-5.794623558666309,0.12715667963528787,309.80898276660537,237.87865664222775,-44.2780685528941
6.6,-13.153460429615466,-5.3812583638330205,-2.020799655319123,329.4147381707797,238.8082013119493,-32.701434733782335
6.61,-11.064003000913532,-5.019563818353893,-3.900261448404233,346.5697741494322,239.62155289795564,-22.571880142059545
6.62,-9.23572775079934,-4.703081091059656,-5.544790517353704,361.58043063075314,240.3332355357112,-13.708519874302102
6.63,-7.635986906949422,-4.426158704677198,-6.983753452684491,374.714755051909,240.9559578437473,-5.953079640014339
6.64,-6.236213668580745,-4.183851616592548,-8.24284602109893,386.20728892042035,241.5008398632789,0.8329305649874534
6.65,-5.011412085008152,-3.9718329145184796,-9.344552018461565,377.67387855536776,229.74511000536904,30.15944024436402
6.66,-3.9397106993821325,-3.7863165502036695,-10.308544766153869,370.20714448594674,219.45884637969792,55.820136213818515
6.67,-3.001971986959366,-3.623989731428211,-11.152038420384635,363.6737521752034,210.45836570723569,78.2732451870912
6.68,-2.1814506135894454,-3.4819537649996843,-11.890095367836556,357.95703390330294,202.58294511883122,97.9197155387048
6.69,-1.4634944118907647,-3.3576722943747237,-12.535895196856988,352.95490541539004,195.69195210397731,115.1103770963667
6.7,-0.8352827354044192,-3.248926007577883,-13.100970047249865,348.5780429884663,189.66233321598017,130.15220595932087
6.71,-0.2855975184788668,-3.1537730066306477,-13.595410541343632,344.748288364908,184.38641668898265,143.31380621440576
6.72,1.0242590463309917,-1.318254505801817,-12.805800973675678,341.39725306929444,179.76998972785984,154.83020643760503
6.73,2.1703835405396177,0.28782418242341024,-12.114892601966218,338.4650971856326,175.73061613687736,164.90705663290439
6.74,3.1732424729721656,1.6931430346204839,-11.51034777672044,335.8994607874285,172.1961642447677,173.72430055379132
6.75,4.050744038850645,2.9227970302929234,-10.981371054630385,333.65452893899993,169.10351883917173,181.4393889845674
6.76,4.818557908994315,3.998744276506308,-10.518516422801586,331.6902135716249,166.39745410927526,188.19009136149646
6.77,5.490395045370025,4.940198116943019,-10.113518619951387,329.97143762517175,164.02964747061586,194.0969559413094
6.78,6.078252539698773,5.763970227325141,-9.759145542457462,328.46750867202525,161.95781666178888,199.2654624486457
6.79,6.592627847236426,6.484770823909499,-9.449069099650279,327.15157083802205,160.14496470406527,203.787905642565
6.8,7.042706241331873,7.115471345920811,-9.177752212193994,290.7419997332693,152.0880942410571,207.25504231224437
6.81,7.436524836165389,7.66733430268071,-8.940349935669744,258.88362501661067,145.03833258592493,210.28878689821383
6.82,7.781116106644715,8.150214389845623,-8.732622943711025,231.00754713953432,138.8697911376843,212.9433134109371
6.83,8.082633468314125,8.57273446611492,-8.550861825747146,206.61597899709253,133.47231737047377,215.26602410956994
6.84,8.346461159774858,8.942439532850553,-8.391820847528752,185.27335687245596,128.74952782416455,217.29839597087368
6.85,8.577310389803,9.265931466244233,-8.252659991587658,166.59856251339897,124.61708697114398,219.0767213495145
6.86,8.779303466077625,9.548986907963702,-8.1308942426392,150.2581174492241,121.00120122475099,220.63275605582518
6.87,8.956047407817923,9.796660419468239,-8.0243492123093,135.9602280180711,117.83730119665711,221.99428642384703
6.88,7.8462321068406835,10.48000711703471,-5.895089185770637,123.4495747658122,115.06888867207496,223.18562549586616
6.89,6.875143718485599,11.07793547740537,-4.031986662549307,112.50275317008567,112.64652771306558,224.2280471838829
6.9,6.025441378674899,11.601122792729699,-2.401771954730643,102.92428427382495,110.52696187393238,225.14016616089754
6.91,5.281951831340537,12.058911693638487,-0.9753340853893129,94.54312398959684,108.67234176469083,225.93827026578535
6.92,4.63139847742297,12.459476981933676,0.27279905028435125,87.20960874089724,107.04954916910447,226.63661135756217
6.93,4.062164292745099,12.809971609191967,1.3649155439988074,80.79278289828508,105.6296056479664,227.24765981286689
6.94,3.5640843811519622,13.116654408042972,2.3205174759989564,75.17806028599945,104.38715506697059,227.78232721125852
6.95,3.1282644585079673,13.3850018570376,3.1566691664990874,70.26517800024952,103.30001080859927,228.2501611848512
6.96,2.7469220261944716,13.619805874907902,3.888301895686702,59.63140575021833,105.93188445752436,209.8426409117448
6.97,2.4132473979201627,13.825259390544415,4.5284805337258645,50.326855031441035,108.23477390033382,193.7360606727767
6.98,2.1212820981801426,14.005031216726364,5.088636842010131,42.185373152510905,110.2498021627921,179.6428029636796
6.99,1.8658124609076248,14.162331564635569,5.578773611758865,35.06157650844704,112.01295189244308,167.31120246821965
7.0,1.6422765282941716,14.299969369056123,6.007643285289007,28.828254444891158,113.5557079058877,156.5210520346922
7.01,1.4466825872574,14.420402447924108,6.382904249627882,23.37409763927976,114.90561941765174,147.07967040535564
7.02,1.2755378888502251,14.525781391933595,6.7112575934243965,18.60171043436979,116.08679199044528,138.81846147968616
7.03,1.125786277743947,14.617987967941897,6.998566769246347,14.425871630073566,117.12031799163962,131.58990366972537
7.04,0.12276249302595355,14.38100809694916,6.797748673090553,10.772012676314368,118.02465324268468,125.2649155860097
7.05,-0.7548833186022906,14.173650709830515,6.622032838954234,7.574886091775071,118.81594658734909,119.7305510127585
7.06,-1.5228234037770043,13.992212996101701,6.4682814840849545,4.777400330303188,119.50832826393045,114.88798201116369
7.07,-2.194770978304879,13.833454996588989,6.333749048574335,2.329600289015289,120.11416223093914,110.65073413476823
7.08,-2.7827251060167693,13.694541747015366,6.216033167502543,0.18777525288837804,120.64426695207175,106.9431422429222
7.09,-3.297184967764673,13.572992653638446,6.113031771564724,-1.6863216537226693,121.10810858306277,103.69899933755693
7.1,-3.747337346794089,13.46663719693364,6.022905550119134,-3.3261564470073357,121.51397001017993,100.86037429536232
7.11,-4.141220678444828,13.373576172316934,5.944045106354242,-4.761011891131419,121.86909875890744,98.37657738344203
7.12,-4.485868593639225,13.292147775777318,5.875042218059962,-12.080260404739992,119.04733666404401,86.32450521051177
7.13,-4.787435519434322,13.220897928805153,5.814664690802466,-18.484602854147493,116.5782948310385,75.7789420591978
7.14,-5.051306579505031,13.158554312704508,5.761834354452158,-24.088402497379057,114.41788322715868,66.55157430179808
7.15,-5.282193757066902,13.104003648616445,5.715607810145638,-28.991727185206674,112.52752307376385,58.47762751407332
7.16,-5.4842200374335395,13.05627181753939,5.6751595838774325,-33.282136287055835,110.87345793954336,51.41292407481415
7.17,-5.660993032754347,13.014506465346965,5.639767385892753,-37.036244251173855,109.42615094710042,45.23130856546238
7.18,-5.815669403660054,12.977961782178594,5.608799212656159,-40.32108871977712,108.15975732871287,39.82239499477958
7.19,-5.951011228202547,12.94598518440627,5.581702061074139,-43.195327629804986,107.05166291262375,35.08959562043213
7.2,-5.658033824677228,12.160615911355487,5.024556928439871,-45.71028667607936,106.08208029854578,30.948396167878112
7.21,-5.401678596592575,11.473417797436051,4.537054937384887,-47.91087584156944,105.23369551122755,27.32484664689335
7.22,-5.177367772018503,10.872119447756544,4.110490695211777,-49.83639136137326,104.4913588223241,24.15424081603168
7.23,-4.98109580051619,10.345983391786977,3.7372469833103046,-51.5212174412016,103.84181421953359,21.37996071402772
7.24,-4.8093578254516665,9.885614342813605,3.4106587353965168,-52.9954402610514,103.27346269209188,18.952465624774256
7.25,-4.659087097270207,9.482791424961905,3.1248940184719523,-54.285385228419976,102.77615510558039,16.828407421677475
7.26,-4.527600210111431,9.130321371841667,2.8748498911629583,-55.41408707486748,102.34101096738283,14.969856493967791
7.27,-4.412549183847502,8.821910075361458,2.6560612797675884,-56.401701190509044,101.96025984645998,13.343624432221816
7.28,-4.311879535866564,8.552050190941276,2.46462124479664,-57.26586354169542,101.62710261565248,11.920671378194088
7.29,-4.223793593883244,8.315922792073618,2.29711121419706,-65.42013097398349,103.58871491369592,-1.810662794080173
7.3,-4.146718394647838,8.109311318064416,2.150539937422428,-72.55511497723556,105.30512567448395,-13.825580194820152
7.31,-4.079277595316858,7.928526278306364,2.0222900702446243,-78.79822598008111,106.80698509017346,-24.33863292046763
7.32,-4.0202668959022505,7.770339368518069,1.9100714364640463,-84.26094810757097,108.12111207890177,-33.537554055409174
7.33,-3.9686325339144695,7.6319258224533115,1.8118801319060407,-89.0408299691246,109.27097319403906,-41.586610048483024
7.34,-3.923452467175161,7.510813969646648,1.7259627404177857,-93.22322659798402,110.27710166978419,-48.62953404242265
7.35,-3.883919908778266,7.4048410984408175,1.6507850228655627,-96.88282364823603,111.15746408606117,-54.79209253711982
7.36,-3.849328920180983,7.312114836135715,1.5850045200073675,-100.08497106720652,111.92778120030353,-60.184331219979846
7.37,-3.02235305515836,6.1862103566187505,-1.3535977949935534,-102.8868500588057,112.60180867526559,-64.90254006748236
7.38,-2.298749173263565,5.2010439370414066,-3.924874820619359,-105.33849417645499,113.1915827158574,-69.03097280904706
7.39,-1.6655957766056195,4.339023319911231,-6.174742218041939,-107.48368277939811,113.70763500137522,-72.64335145791617
7.4,-1.111586554529917,3.584755279922327,-8.143376190786697,-109.36072280697334,114.15918075120332,-75.80418277567665
7.41,-0.6268284852136774,2.924770744932036,-9.86593091693836,-111.00313283110167,114.55428328230292,-78.56991017871707
7.42,-0.20266517456196775,2.3472842768155315,-11.373166302321064,-112.44024160221396,114.89999799701506,-80.98992165637745
7.43,0.16847772225827823,1.84198361721359,-12.69199726453093,-113.69771177693721,115.20249837238819,-83.10743169933028
7.44,0.49322775697599347,1.3998455400618912,-13.845974356464563,-114.79799817982006,115.46718620083968,-84.96025298691399
7.45,0.7773840373539943,1.0129747225541548,-14.855704311906493,-135.06324753234253,124.51003767573471,-111.06834786354975
7.46,1.026020782684745,0.6744627572348854,-15.73921802291818,-152.7953407157997,132.42253271626788,-133.91293088060604
7.47,1.243577934849152,0.3782647875805246,-16.512292520053407,-168.31092225132474,139.3459658767344,-153.90194102053027
7.48,1.4339404429930078,0.11909156413295904,-17.188732705046732,-181.88705609490916,145.40396989214258,-171.39232489296398
7.49,1.600507637618882,-0.10768500638366085,-17.78061786691589,-193.7661732080455,150.70472340562475,-186.69641078134347
7.5,1.7462539329165216,-0.30611450558570324,-18.298517383551403,-204.1604006820398,155.34288272992166,-200.08748593367554
7.51,1.8737819413019565,-0.47974031738749034,-18.751679460607477,-213.25534972178482,159.40127213868143,-211.8046766919661
7.52,1.896095698639212,-1.9432060277140542,-14.370264653031542,-221.21343013156172,162.95236287134625,-222.05721860547035
7.53,1.9156202363093104,-3.2237385242497973,-10.5365266964026,-228.1767504901165,166.05956726242798,-231.02819277978656
7.54,1.9327042067706466,-4.344204458718573,-7.1820059843522746,-234.26965580385192,168.77837110462448,-238.87779518231324
7.55,1.9476526809243158,-5.324612151378751,-4.246800361308241,-239.60094795337042,171.1573244665464,-245.74619728452407
7.56,1.9607325958087762,-6.182468882456408,-1.6784954411447108,-244.2658285841991,173.2389086582281,-251.75604912395858
7.57,1.972177521332679,-6.933093522149357,0.568771363998378,-248.3475991361742,175.06029482594957,-257.01466948346376
7.58,1.9821918311660942,-7.589890081880688,2.5351298184985804,-251.91914836915242,176.65400772270587,-261.6159622980308
7.59,1.9909543522703324,-8.164587071645602,4.2556934661862575,-255.04425394800836,178.04850650736762,-265.64209351077693
7.6,1.9986215582365408,-8.667446937689903,5.761186657912975,-243.50747307950732,181.25056806894668,-272.9580833219298
7.61,2.0053303634569732,-9.107449320478665,7.0784932006738535,-233.41278981956893,184.05237193532835,-279.3595744066886
7.62,2.0112005680248517,-9.492451405418832,8.231136425589622,-224.57994196712283,186.5039503184123,-284.9608791058525
7.63,2.0163369970217455,-9.829328229741478,9.239699247390918,-216.8512000962325,188.64908140361078,-289.8620207176209
7.64,2.0208313723940274,-10.124095451023793,10.122191716467054,-210.08855095920345,190.52607110315944,-294.1505196279183
7.65,2.024763950844774,-10.38201676964582,10.894372626908671,-204.17123296430302,192.16843709026452,-297.90295617442854
7.66,2.0282049569891774,-10.607697923440092,11.570030923545087,-198.99357971876515,193.60550732898147,-301.18633815262496
7.67,2.0312158373655302,-10.80516893301008,12.16123193310195,-194.4631331289195,194.8629437878588,-304.05929738354683
7.68,1.3806407326948391,-11.59814944138382,10.484488441464206,-190.4989923628046,195.96320068937646,-306.5731367106035
7.69,0.8113875161079842,-12.292007386210841,9.01733788628118,-187.03036919245403,196.92592547820442,-308.772746121778
7.7,0.3132909515944861,-12.899133087934485,7.733581150496032,-183.99532391839728,197.76830966842888,-310.69740435655575
7.71,-0.12254354235482467,-13.430368076942674,6.610294006684028,-181.3396593035976,198.5053958348753,-312.3814803119863
7.72,-0.5038987245604716,-13.89519869232484,5.6274177558485245,-179.0159527656479,199.15034623051588,-313.85504677298803
7.73,-0.8375845089904126,-14.301925480784234,4.767401036367459,-176.98270954494194,199.7146778267014,-315.14441742636456
7.74,-1.129559570366611,-14.657811420686205,4.014886406821526,-175.20362172682422,200.20846797336372,-316.27261674806897
7.75,-1.3850377490707846,-14.969211618100429,3.356436105968836,-173.64691988597122,200.64053435169328,-317.25979115456033
7.76,-1.6085811554369365,-15.241686790837875,2.7802920927227315,-89.4748016502248,216.44921743273161,-266.4373168852403
7.77,-1.8041816360073193,-15.48010256698314,2.27616608113239,-15.824198193946707,230.28181512864018,-221.96765189958526
7.78,-1.9753320565064043,-15.688716371110248,1.8350558209908414,48.62007983029663,242.38533811256016,-183.0566950371371
7.79,-2.125088674443104,-15.871253449721467,1.4490843433669862,105.00882310150956,252.97592072349013,-149.00960778249495
7.8,-2.256125715137716,-16.030973393506283,1.111359300446113,154.34897346382087,262.24268050805387,-119.21840643468309
7.81,-2.3707831257455014,-16.170728344317997,0.8158498878903491,197.52160503084326,270.35109531954714,-93.1511052553477
7.82,-2.471108360027314,-16.29301392627825,0.5572791519040554,235.29765765198786,277.44595827960376,-70.34221672342923
7.83,-2.5588929400238993,-16.40001381049347,0.3310297579160485,268.3517036954894,283.6539633696533,-50.384439258000576
7.84,-0.7073278225209119,-13.912047209181784,-1.1751763368234576,297.2739939835532,289.0859678234466,-32.92138397575051
7.85,0.9127916552942023,-11.735076433034061,-2.4931066697205253,322.5809979856091,293.8389717205158,-17.641210603781694
7.86,2.3303961983824273,-9.830227003904803,-3.6462957110054597,344.724626487408,297.9978501304513,-4.271058903308981
7.87,3.570800173584624,-8.1634837534167,-4.655336122129777,364.100301426482,301.6368687391449,7.4278238346046415
7.88,4.656153651886546,-6.705083409239614,-5.538246481863554,381.0540169981718,304.8210100217518,17.66434623027906
7.89,5.605837945400728,-5.428983108084663,-6.310793046630611,395.88851812340033,307.60713364403284,26.62130332649418
7.9,6.436811702225636,-4.31239534457408,-6.986771290801785,408.8687066079753,310.0449918135288,34.458640785682405
7.91,7.163913739447431,-3.33538105150232,-7.578252254451563,420.22637153197843,312.1781177118377,41.3163110624721
7.92,7.800128022016502,-2.48049354506453,-8.095798097645117,430.1643283404811,314.0446028728579,47.31677255466309
7.93,8.35681551926444,-1.7324669769314638,-8.548650710439478,395.018162672921,308.0827777637507,77.60092523533021
7.94,8.925915829356384,-0.3725771048150308,-8.047874246634544,364.2652677138059,302.8661807932819,104.09955883091394
7.95,9.423878600686836,0.817326533286848,-7.6096948408052265,337.35648462458016,298.3016584441217,127.2858632270497
7.96,9.85959602560098,1.8584922166259918,-7.2262878607045735,313.81129942150767,294.3077013886065,147.57387957366848
7.97,9.142626397400859,2.4960743145477426,-6.376456378116502,293.2092623688192,290.81298896503074,165.32589387695992
7.98,8.515277972725752,3.053958650229275,-5.632853830851939,275.18247994771684,287.7551155944019,180.85890639233992
7.99,7.637957726135032,3.0032523189506155,-4.415577101995447,259.40904532925225,285.07947639510166,194.4502923432974
8.0,6.870302510368153,2.9588842790817886,-3.3504599642460158,245.60729003809573,282.738292095714,206.34275505038522
8.01,6.059911696572133,2.893837744196565,-2.0913572187152636,233.53075415833376,280.68975583374976,216.74865991908706
8.02,5.350819734500616,2.8369220261719943,-0.9896423163758556,222.96378526354204,278.897286604531,225.85382667920118
8.03,4.951485892688039,3.052008897900495,-0.21812165182887377,213.7176874805993,277.32887602896466,233.82084759430103
8.04,4.514646281102034,3.608940410662933,0.28501842964973545,205.62735192052438,275.9565167753441,240.79199089501338
8.05,4.132411620964279,4.096255484330067,0.7252660009435186,198.54830830545882,274.7557024284261,246.8917412831367
8.06,2.8708939183437443,4.156841173788809,1.1158641258255788,192.35414514227648,273.70498987487287,252.2290228727446
8.07,1.7670659285507764,4.209853652065208,1.4576374850973814,186.9342523744919,272.7856163905138,256.8991442636515
8.08,0.8012164374819293,4.2562395705570575,1.756689174460209,182.1918462026804,271.98116459169955,260.98550048069507
8.09,-0.4589824922033118,4.1365743742374255,2.1418957776526826,159.18599042734536,248.2341440177371,244.1385626706082
8.1,-1.0195980556778979,4.357605827457747,2.367809305446097,139.0558666239272,227.45550101551999,229.39749208678217
8.11,-1.5101366737181605,4.551008349025529,2.5654836422653347,121.44200829593629,209.27418838858,216.4990553259344
8.12,-1.5088235895033903,4.762714555397338,2.614818936982168,106.02988225894426,193.3655398400075,205.2129231601926
8.13,-1.5076746408154666,4.947957485972671,2.657987319859397,92.54427197657623,179.4454723600066,195.33755751516853
8.14,-1.8275905607135332,4.935253800226087,2.723030154876972,80.74436297950419,167.2654133150058,186.69661257577246
8.15,-2.1075169906243416,4.924138075197826,2.7799426355173504,70.41944260706616,156.60786165063007,179.13578575380092
8.16,-2.352452616796299,4.914411815798098,2.8297410560776814,61.385137281182885,147.2825039443013,172.5200622845758
8.17,-2.7586252896967616,4.595840588823336,2.7766181740679716,53.48012012103502,139.12281595126365,166.73130424900384
8.18,-3.1140263784846662,4.317090765220419,2.7301356523094755,46.56323010590564,131.98308895735568,161.66614096787836
8.19,-3.402272456174083,4.143086169567867,2.559194445770791,40.51095134266743,125.73582783768622,157.23412309689357
8.2,-3.3724627741523228,3.9538581483718835,2.318094890049442,35.215207424834,120.26947435797544,153.35610745978187
8.21,-3.3463793023832826,3.7882836298253983,2.107132778793262,30.58143149672975,115.4864150632285,149.96284377730913
8.22,-3.0165333895853723,3.4747236760972235,1.8598546814441042,26.526877559638532,111.30123818032494,146.99373805514549
8.23,-2.727918215887201,3.2003587165850704,1.643486346263591,22.979142864683716,107.63920840778432,144.3957705482523
8.24,-2.328402688901301,2.8169640020119364,1.402817802980642,13.52674975659825,99.84555748181128,133.90192447972075
8.25,-1.9788266027886385,2.4814936267604444,1.1922328276080616,5.255905787023468,93.02611292158487,124.71980916975566
8.26,-1.8069964024400587,2.252382923415389,1.009271474157054,-1.9810826863544655,87.05909893138676,116.68545827353621
8.27,-1.6566449771350513,2.051911057988465,0.8491802898874223,-8.313447600560158,81.83796168996341,109.65540123934419
8.28,-1.5250874799931697,1.8764981757399068,0.7091005036514946,-13.854266900490138,77.26946660371797,103.50410133442617
8.29,-1.5914340449940236,1.7321752787724183,0.5473484406950577,-18.702483787928873,73.27203340325322,98.1217139176229
8.3,-1.6268211643697705,1.550016368925866,0.27606801060817554,-22.944673564437764,69.77427935284656,93.41212492792005
8.31,-1.657784893823549,1.3906273228101327,0.03869763428215359,-26.656589618883043,66.71374455874074,89.29123456193004
8.32,-1.4974752820956054,1.2021514074588662,-0.22635194500311562,-29.904516166522665,64.03577661389815,85.68545549168878
8.33,-1.3572043718336548,1.037234981526508,-0.4582703268777262,-32.74645189570733,61.69255466216088,82.53039880522769
8.34,-1.313191200354448,0.8362469838356946,-0.5394851610180104,-35.233145658743915,59.64223545439077,79.76972420457423
8.35,-1.274679675310142,0.6603824858562328,-0.610548140890759,-37.40900270140092,57.84820614759193,77.35413392900246
8.36,-1.2807374658963742,0.4506176751242037,-0.8028064982794141,-39.3128776137258,56.27843050414294,75.24049243787715
8.37,-1.2860380326593275,0.2670734657336782,-0.9710325609944872,-40.97876816201008,54.904876816125075,73.39105613314251
8.38,-1.2906760285769117,0.10647228251696841,-1.1182303658701762,-42.43642239175882,53.703017339109444,71.77279936649971
8.39,-1.2343619000047978,-0.02465150279765263,-1.302009820136404,-43.711869842788964,52.65139029672076,70.35682469568725
8.4,-1.1850870375041982,-0.13938481494794605,-1.4628168426193535,-44.82788636244034,51.73121663463067,69.11784685872635
8.41,-1.1693302828161733,-0.2976163380794528,-1.6539723622919342,-52.0562760671353,59.62793905530184,55.96311587638556
8.42,-1.1721629974641519,-0.4832985458195212,-1.8632689420054425,-58.38111705874339,66.53757117338911,44.45272626683736
8.43,-1.1746416227811327,-0.6457704775920811,-2.046403449254762,-63.91535292640047,72.58349927671547,34.38113535848269
8.44,-1.0699172949334912,-0.841997667893071,-2.1962212680979167,-68.75780931060041,77.87368636712604,25.568493313672352
8.45,-0.9782835080668048,-1.013696459406437,-2.327311859585677,-72.99495864677536,82.50260007123528,17.85743152446331
8.46,-0.8049280695584542,-1.2268167769806324,-2.420029252137468,-76.70246431592844,86.55289956233086,11.110252458905395
8.47,-0.6532420608636474,-1.4132970548580535,-2.5011569706202845,-79.94653177643738,90.09691161703951,5.20647077654222
8.48,-0.5205168032556916,-1.5764672980007968,-2.572143724292749,-82.7850908043827,93.19792216490957,0.040661804474442675
8.49,-0.46774745284873015,-1.8315582607506973,-2.699267633756155,-85.26882995383487,95.91130639429588,-4.4794210460848625
8.5,-0.42157427124263885,-2.05476285315686,-2.8105010545366356,-87.44210170960551,98.28551759500888,-8.434493540324254
8.51,-0.295155987337309,-2.4577149965122524,-3.064225922719556,-89.34371449590482,100.36295239563277,-11.895181972783723
8.52,-0.15379448892014538,-3.1624463719482208,-3.4874871823796116,-91.00762568391671,102.18070784617868,-14.923284351185758
8.53,-0.030103177805127196,-3.779086325454693,-3.8578407845821605,-92.46354797342713,103.77124386540635,-17.57287393228754
8.54,0.010785844420513706,-4.7569454097728565,-4.70370806150939,-93.73747997674873,105.16296288223054,-19.891264815751597
8.55,0.0465637388679495,-5.61257210855125,-5.443841928820717,-94.85217047965513,106.38071702195172,-21.91985683878265
8.56,0.1654938965094558,-6.512926594982344,-6.4861604377181274,-95.82752466969824,107.44625189420776,-23.694874858934817
8.57,0.26955778444577383,-7.30073677060955,-7.398189133003362,-115.05158408598595,120.7860962824318,-55.66301612656797
8.58,0.3606136863900521,-7.9900706742833565,-8.196214241377941,-131.87263607523772,132.45846012212783,-83.63513973574698
8.59,0.40001460059129557,-8.568776089997936,-9.195163836205698,-146.59105656583301,142.67177848186185,-108.11074789377861
8.6,0.8279610255173837,-9.225322828748194,-9.699744231679986,-159.4696744951039,151.60843204662913,-129.52690503205628
8.61,1.2024141473277108,-9.79980122515467,-10.141252077719988,-170.7384651832159,159.4280039158005,-148.26604252804924
8.62,1.739252878911747,-10.642400947010337,-9.535737068004991,-180.59865703531392,166.27012930132545,-164.66278783704308
8.63,2.2089867690477787,-11.379675703634044,-9.005911434504368,-189.22632490589967,172.2569890136598,-179.00993998241267
8.64,2.476111547916806,-12.605109240679788,-8.146763005191321,-196.7755342926622,177.49549126195234,-191.5636981096111
8.65,2.7098457294272054,-13.677363585594815,-7.395008129542407,-203.38109250607943,182.0791807292083,-202.5482364709097
8.66,2.612022513248805,-15.378876762395462,-5.907943613349606,-209.1609559428195,186.08990901305728,-212.159707537046
8.67,2.5264271990927045,-16.86770079209603,-4.606762161680905,-214.21833644996707,189.59929626142514,-220.56974471991524
8.68,2.4515312992061165,-18.170421818084026,-3.4682283914707916,-218.64354439372119,192.67001010374702,-227.92852725492583
8.69,2.877469011805352,-18.965408840823525,-0.3419003425369427,-222.51560134450602,195.35688471577865,-234.36746197306007
8.7,3.551883260329683,-17.486984235720584,2.516355200280175,-225.9036511764428,197.7079000013063,-240.00152985142756
8.71,4.141995727788473,-16.19336270625551,5.017328800245153,-228.86819477938747,199.76503837614302,-244.9313392449991
8.72,3.5364606368149136,-13.177124992973571,7.077843075214508,-249.74529593196402,194.69628382912515,-265.87867346437423
8.73,3.0066174322130492,-10.537916993851875,8.880793065812695,-268.0127594404685,190.2611236004845,-284.2075909063274
8.74,3.020966753186418,-7.02593649462039,10.670702182586108,-283.99679001041,186.38035840042392,-300.2453936680365
8.75,3.033522409038116,-3.952953557792841,12.236872659762845,-297.98281675910874,182.9846888503709,-314.27847108453193
8.76,4.176981607908351,-1.5486156130687359,12.84698682729249,-310.2205901642202,180.01347799407452,-326.5574138239655
8.77,5.177508406919807,0.5551800885648561,13.380836723880929,-320.92864189369266,177.4136684948152,-337.3014887209698
8.78,6.052969356054831,2.396001327494249,13.847955383395812,-330.29818715698104,175.13883518296328,-346.7025542558486
8.79,5.101888811547977,3.5322599115574675,13.287889335471334,-338.4965392623584,173.14835603509286,-354.92848659886755
8.8,3.2764448351044795,4.345397547612784,12.226063418537418,-345.6700973545636,171.40668678070625,-362.1261773990091
8.81,1.6791813557164197,5.056892979161185,11.29696574122024,-351.9469606852432,169.88272618311797,-368.424156849133
8.82,0.4927811862518672,5.497709981766038,10.313416273567709,-357.43921609958784,168.5492606602282,-373.9348888679914
8.83,-0.5453189620296163,5.883424859045284,9.452810489371744,-362.24493958713936,167.3824783276997,-378.75677938449246
8.84,-0.45079184177591425,5.560778626664623,8.464907303200276,-366.44994763874695,166.36154378673723,-382.9759335864309
8.85,-0.36808061155392496,5.278463173331546,7.600492015300241,-370.1293296839036,165.46822606339506,-386.66769351312706
8.86,-0.3768769101096844,4.358710026665102,6.324393888387711,-373.3487889734157,164.68657305547066,-389.89798344898617
8.87,-0.38457367134597387,3.553926023331965,5.207808027339246,-376.1658158517388,164.0026266735368,-392.7244871428629
8.88,-0.39130833742772714,2.8497400204154695,4.23079539892184,-378.63071437027145,163.4041735893447,-395.19767787500507
8.89,-0.9579752952492613,1.5452793928635358,2.63115822405661,-282.8924995739875,173.6299010156766,-361.75359401562946
8.9,-1.4538088833431035,0.4038763437555938,1.2314756960495337,-199.12156162723903,182.57741251371704,-332.4900206386758
8.91,-2.1828141479252157,-1.1684744492138555,-0.663985890956658,-125.82199092383414,190.4064850745024,-306.88439393384135
8.92,-2.203521129434564,-2.7089320180621232,-2.5148200295870757,-61.68486655835486,197.2569235651896,-284.4794705671112
8.93,-2.2216397382552433,-4.056832390804358,-4.134299900888691,-5.564882738560499,203.2510572445409,-264.87516262122233
8.94,-1.175611270973338,-5.164938091953813,-5.528257538277605,43.54010310375956,208.4959242139733,-247.72139316856953
8.95,-0.26033636210167066,-6.134530580459586,-6.747970470992904,86.50696571578962,213.08518281222663,-232.71184489749834
8.96,0.5405291831610382,-6.982924007902138,-7.815219287118791,124.10297050131592,217.1007840856983,-219.57849016031105
8.97,1.0239361602659083,-6.7409477569143705,-9.027712751228941,156.99947468865145,220.61443519998602,-208.08680476527218
8.98,1.4469172652326696,-6.529218537300074,-10.088644532325324,185.78391585257003,223.68887992498776,-198.03158004461318
8.99,1.1935142320785859,-5.0853198451375645,-10.78761559078466,210.97030187099878,226.37901905936428,-189.23325841403653
9.0,1.4081525780687625,-3.161920489495369,-10.906648391936578,233.00838963712394,228.73289080194374,-181.53472698728197
9.01,1.595961130810167,-1.4789460533084478,-11.010802092944505,252.29171643248347,230.79252857670076,-174.79851198887172
9.02,2.6272523644588963,0.6011348283551083,-10.556090956326443,269.164627378423,232.59471162961316,-168.90432386526277
9.03,3.5296321939015343,2.42120559981072,-10.158218711785638,283.9284244561201,234.1716218009115,-163.74690925710493
9.04,4.112082669663843,4.300792024834379,-9.047073997812433,296.8467468991051,235.55141820079757,-159.23417147496681
9.05,4.6217268359558625,5.945430146730082,-8.074822373085878,308.72777841171694,236.32999205069788,-106.46927591559596
9.06,5.12964873146138,6.740224378388822,-6.795895951450143,319.12368098525235,237.01124416936065,-60.29999230114646
9.07,5.5740803900287075,7.435669331090219,-5.676835332518876,328.2200957370958,237.60733977319057,-19.90186913850315
9.08,5.962958091275119,8.044183664703942,-4.697657290954017,336.1794586449588,238.12892342654175,15.446488628809742
9.09,6.44953832986573,8.370792581615948,-3.9352532545847643,343.143901189339,238.58530912322402,46.37630167520852
9.1,6.555164663632514,8.752631133913955,-3.5083720977616686,349.2377884156716,238.98464660782102,73.43988809080746
9.11,6.6475877056784505,9.08673986717471,-3.13485108554146,354.56993973871266,239.3340669068434,97.12052620445652
9.12,6.105082117468645,9.133670133777871,-2.4878390748487775,359.2355721463736,239.63980966848797,117.84108455389946
9.13,5.630389727785064,9.174734117055637,-1.9217035654926802,363.3180005030769,239.90733458492699,135.97157310966202
9.14,4.621522886811931,8.770363977423683,-1.1491211198060949,366.89012531519234,240.14141888681112,151.83575059595427
9.15,3.7387644009604397,8.416540105245723,-0.47311147983033297,370.0157345257933,240.34624265095974,165.71690589646
9.16,3.3184993508403844,7.7207057170900075,0.31071945514845867,372.75064258506916,240.52546344458978,177.8629167844025
9.17,2.9507674319853363,7.111850627453757,0.9965715232549013,375.1436871369355,240.68228163901605,188.49067631135222
9.18,2.629002002987169,6.579102424022038,1.5966920828480387,377.2376011198186,240.81949755913905,197.7899658974332
9.19,3.165716752613773,6.176015871019283,2.046291072492034,379.0697758548413,240.93956148924667,205.92684428525405
9.2,3.0380214085370514,6.013830387141873,2.4537445634305297,380.67292874798613,241.04461742809085,213.04661287459732
9.21,2.92628798246992,5.871918088749139,2.8102663680017135,351.05256365448787,220.0796657495795,214.26266214027265
9.22,1.9944077346611802,5.5230702026554965,3.002503697001499,325.13474419767687,201.73533303088206,215.32670524773857
9.23,1.1790125178285327,5.21782830232356,3.1707113598763117,302.45665217296727,185.68404190202182,216.25774296677125
9.24,0.39416757809996616,5.010901014533115,3.341827689891773,282.6133216513464,171.6391621642691,217.07240097092483
9.25,-0.29257174416252957,4.829839637716475,3.4915544786553014,265.2504074449281,159.34989239373547,217.78522672455924
9.26,-0.8934686511422134,4.671410933001916,3.6225654188233887,250.0578575143121,148.59678134451855,218.40894925898934
9.27,-1.3439533197494367,4.6855399413766765,3.717322241470465,236.76437632502308,139.18780917645373,218.95470647661566
9.28,-1.7381274047807571,4.697902823704592,3.800234461286657,225.1325802843952,130.954958529397,219.4322440420387
9.29,-2.0845601041831623,4.666681470741517,3.9368467786258248,214.9547587488458,123.75121421322238,219.85008941178384
9.3,-2.387688716160267,4.639362786898828,4.056382556297597,206.04916490524008,117.44793793656959,220.21570411031087
9.31,-2.579451376640234,4.569377938536475,4.157879236760397,198.25677029208506,111.9325711944984,220.535616971522
9.32,-2.721743329560205,4.533286196219415,4.2358314571653475,191.43842500557443,107.10662529518609,220.81554072508175
9.33,-2.8462487883651795,4.501705921691989,4.304039650019679,185.47237287987764,102.88392263328784,221.06047400944652
9.34,-2.936466564819532,4.50400543148049,4.3416284437672195,180.25207726989294,99.18905780412686,221.2747906332657
9.35,-3.01540711921709,4.506017502545428,4.374518638296317,175.68431861115633,95.95605107861101,221.46231767910749
9.36,-3.1269614793149536,4.457742939727249,4.393763058509278,171.68752978476178,93.12717019378464,221.62640384421906
9.37,-3.2245715444005842,4.415502697261343,4.410601926195619,154.84221356166654,88.11877391956156,206.68935361369168
9.38,-3.3099803513505113,4.378542485103675,4.425335935421167,140.10256186645822,83.73642717961636,193.61943466198022
9.39,-3.637049307431697,4.240573174465715,4.378167693493521,127.20536663315093,79.9018737821643,182.1832555792327
9.4,-4.008266519002735,4.043726402657501,4.314943731806831,115.92032080400706,76.54663955939375,172.17659888182862
9.41,-4.333081579127393,3.871485477325313,4.259622765330977,106.04590570350618,73.61080961446953,163.42077427160007
9.42,-4.393467131736469,3.654129667659649,4.111773919664604,97.4057924905679,71.04195841266085,155.75942773765007
9.43,-4.44630449026941,3.463943334202193,3.982406179706529,89.84569342924691,68.79421361107825,149.0557495204438
9.44,-4.2998281789857336,3.301914667426919,3.763318782243213,83.23060675059104,66.82743690969346,143.19003108038834
9.45,-4.171661406612516,3.160139583998554,3.571617309462811,77.44240590676715,65.10650729598177,138.05752744533982
9.46,-3.9898636057859522,2.8935475109987348,3.2717607707799594,72.37773016842125,63.60069388398405,133.56658676467234
9.47,-3.8307905300627083,2.6602794471238926,3.0093862994324647,67.9461388973686,62.283107148486046,129.6370136690883
9.48,-3.69160158880487,2.4561698912334062,2.7798086370034065,64.06849653519753,61.13021875492529,126.19863721045226
9.49,-3.621828765204261,2.3222784048292304,2.4729946823779807,60.675559468297834,60.121441410559626,123.19005780914573
9.5,-3.6026310445537284,2.2100017292255765,2.181316597080733,57.70673953476061,59.238761234239675,120.55755083300251
9.51,-3.5858330389845126,2.1117596380723795,1.9260982724456415,55.10902209291553,58.466416079959714,118.25410722887719
9.52,-3.5711347841114485,2.025797808313332,1.7027822383899365,47.06976933130109,61.55748944496475,108.55609370026754
9.53,-3.416740436097517,1.7856927072741657,1.4900050835911944,40.035423164888456,64.26217863934416,100.0703318627341
9.54,-3.1779953815853275,1.605777368864895,1.3076416981422951,33.8803702692774,66.62878168442614,92.64529025489233
9.55,-2.9690934588871616,1.4483514477567832,1.1480737358745083,28.494698985617724,68.69955934887288,86.14837884803079
9.56,-2.7723374015262663,1.3438430167871853,1.0127020188901947,23.782236612415506,70.51148980526378,80.46358136702693
9.57,-2.600175851335483,1.2523981396887873,0.8942517665289204,19.658832035863565,72.09692895460581,75.48938357114857
9.58,-2.449534494918548,1.172383872227689,0.7906077957128054,16.05085303138062,73.4841882102801,71.13696049975499
9.59,-2.295536433053729,1.0264910131992278,0.6810535712487047,12.893871402458041,74.69804005899509,67.32859031228561
9.6,-2.165783628922013,0.8137096365493243,0.46858687484261663,10.131512477150785,75.76016042662071,63.996266398249915
9.61,-2.052249925306761,0.6275259319806586,0.2826785154872895,7.714448417506938,76.68951574829313,61.080482973468676
9.62,-1.9063865596434162,0.5179010654830764,0.11842120105137832,5.5995173653185715,77.50270165475649,58.52917247678509
9.63,-1.7787561146879893,0.4219793072976918,-0.025303949080043964,3.7489526946537506,78.21423932291194,56.296775792186956
9.64,-1.7557974753519905,0.2801198938854803,-0.20165395544503847,2.1297086078220318,78.83683478254795,54.34342869316359
9.65,-1.7357086659329917,0.15599290714979527,-0.35596021101440867,0.7128700318442778,79.38160580972946,52.634249981518145
9.66,-1.7864717076913679,0.02162979375607088,-0.6202755596376076,-0.526863722136257,79.85828045851329,51.13871860882838
9.67,-1.830889369229947,-0.09593793046343797,-0.8515514896829066,-1.611630756869225,80.27537077619914,49.830128657724835
9.68,-1.8697548230762036,-0.19880968915550823,-1.0539179284725433,-9.079552162260573,82.73157417917425,44.19198757550923
9.69,-1.7819819701916781,-0.34581597801106967,-1.3440031874134752,-15.613983391978001,84.88075215677746,39.25861412857058
9.7,-1.6008134739177184,-0.638075480759686,-1.7229554139867909,-21.33161071798075,86.76128288718027,34.94191236249926
9.71,-1.4422910396780038,-0.8938025456647253,-2.054538612238442,-26.334534628233158,88.40674727628273,31.16479831718685
9.72,-1.1176182847182532,-1.2726483524566348,-2.465366160708637,-30.712093049704016,89.84652861674738,27.85982352753849
9.73,-0.8335296241284715,-1.6041384333995554,-2.8248402656200575,-34.54245666849101,91.10633728965395,24.96797058659618
9.74,-0.4826270461124125,-2.1530535042246113,-3.3862898574175504,-37.89402483492964,92.2086698784472,22.437599263271657
9.75,-0.17558729034836096,-2.633354191196535,-3.8775582502403565,-40.82664698056344,93.1732108936413,20.2235243553627
9.76,-0.005351004054815811,-3.340912042296968,-4.340703468960312,-43.39269135799301,94.01718428193612,18.28620881094236
9.77,0.14360574645203616,-3.960025162009847,-4.745955535340273,-45.63798018824389,94.7556609966941,16.591057709574564
9.78,0.27394290314553166,-4.501749141758616,-5.100551093422739,-47.6026079147134,95.40182812210733,15.107800495877743
9.79,0.44380341525234024,-5.210621249038789,-5.855478331744897,-49.32165717537423,95.96722435684391,13.809950433893025
9.8,0.4965439883457977,-6.168891842908941,-6.763067790276785,-50.82582527845245,96.46194606223843,12.674331629656397
9.81,0.542691989802573,-7.007378612545324,-7.557208566492187,-52.141972368645895,96.89482755445862,11.680665175949347
9.82,0.35169624107725145,-8.148169285977158,-7.922500870680663,-53.29360107256516,97.27359886015128,10.811207028955678
9.83,0.184574960942595,-9.146361125230012,-8.24213163684558,-54.30127618849452,97.60502375263236,10.050431150336218
9.84,0.5102125908247707,-9.99879035957626,-8.276579182239882,-75.7104919149327,116.72064578355331,-21.46774649345581
9.85,0.7951455169716743,-10.744665939629227,-8.306720784459896,-94.44355567556612,133.44681506060914,-49.046151931773835
9.86,1.2926699523502152,-11.799022447175574,-8.039227811402409,-110.83498646612036,148.082213178033,-73.1772566903021
9.87,1.7280038333064383,-12.721584391278627,-7.805171459977107,-125.17748840785532,160.88818653077885,-94.29197335401435
9.88,2.1089209791431336,-13.5288260923688,-7.600372152479968,-137.7271776068734,172.09341321443148,-112.76735043476256
9.89,1.2306051067502417,-15.0200525808227,-6.909788508419972,-148.7081556560142,181.89798656262755,-128.93330538041724
9.9,0.2778427184064616,-16.489270758219863,-5.273449069867476,-158.31651144901244,190.47698824229911,-143.07851595786508
9.91,-0.555824371394346,-17.77483666344238,-3.8416520611340412,-166.72382276788588,197.98361471201173,-155.45557521313194
9.92,-0.4915110749700528,-18.363718330512082,-1.2170493034922862,-174.08022017190015,204.55191287301025,-166.28550206149046
9.93,-0.4352369405987962,-18.878989789198073,1.0794781094442494,-180.51706790041263,210.29917376388397,-175.76168805380416
9.94,0.3893206769760533,-18.993478690548315,4.303679845763718,-186.14930966286104,215.32802704339846,-184.05335079707865
9.95,1.1108085923540467,-19.093656479229775,7.124856365043254,-191.07752120500342,219.72827366297366,-191.30855569744384
9.96,0.9057325183097908,-17.262128919326056,8.152301444412846,-195.389706304378,223.57848945510196,-197.65685998526337
9.97,0.726290953521067,-15.659542304410298,9.05131588886124,-199.16286826633075,226.9474282732142,-203.21162623710546
9.98,-0.022011415669066392,-12.151872766359011,9.822810902753584,-202.4643849830394,229.89524973906242,-208.07204670746728
9.99,-0.6767759887104331,-9.082661920564135,10.497869039909386,-205.35321211015946,232.47459352167962,-212.32491461903388
10.0,-1.4251283651216289,-5.635263805493619,11.393662284920712,-207.88093584638955,234.73151933146966,-216.04617404165464
10.01,-2.0799366944814253,-2.618790454806916,12.177481374305623,-215.50457061559086,233.51257904003594,-265.3797805364478
10.02,-2.863869732671247,0.12635460204394855,12.24526507751742,-222.17525103864202,232.44600628503144,-308.5466862193918
10.03,-3.549811141087341,2.5283565267884547,12.304575817827743,-228.01209640881177,231.5127551244025,-346.31772869196783
10.04,-3.2260768734514236,4.244950585939899,11.466025215599275,-233.1193361077103,230.69616035885218,-379.36739085547185
10.05,-2.942809389269996,5.746970387697411,10.732293438649366,-237.58817084424652,229.98163993899564,-408.28584524853784
10.06,-2.2555578406112464,6.518240589235235,9.627635633818196,-241.4984012387157,229.35643457162118,-433.5894928424706
10.07,-1.6542127355348406,7.193102015580831,8.661060054590921,-244.91985283387623,228.80937987516853,-455.73018448716175
10.08,-1.1280357685929854,7.783605763633227,7.815306422767057,-247.91362297964173,228.33070701577245,-475.1032896762665
10.09,-1.7033174225188623,8.012184543179075,6.7891941199211745,-250.53317185718652,227.91186826380087,-492.0547567167332
10.1,-2.2066888697040046,8.21219097528169,5.891345854931028,-252.8252771250382,227.54538435582575,-506.88729037714154
10.11,-2.580496135991004,7.897175478371479,4.93720049806465,-254.83086923440845,227.22471093634752,-519.8657573299988
10.12,-1.9609866189921283,7.039420293575044,3.838932060806569,-256.5857623301074,226.94412169430407,-531.221915913749
10.13,-1.4189157916181123,6.288884506878164,2.8779471782057477,-258.12129378884396,226.69860610751604,-541.1585546745304
10.14,-0.9209145676658483,4.797286818518393,1.5232665309300293,-259.46488381523847,226.48377996907652,-549.8531135902141
10.15,-0.48516349670761727,3.492138841203594,0.3379209645637755,-260.6405250883337,226.29580709794195,-557.4608526414373
10.16,-0.3882751846191651,1.7217352360531448,-1.1696877810066963,-261.669211202292,226.1313308356992,-564.1176243112577
10.17,-0.30349791154176947,0.17263208154650167,-2.488845433380859,-182.5111855520055,217.79303985623682,-496.7660463973505
10.18,-0.2293177975990483,-1.182833178646811,-3.6431083792082517,-113.24791310800481,210.49703524920722,-437.8334157226817
10.19,0.19465405210083273,-2.6297701563159595,-4.97197270680722,-52.64254971950421,204.1130312180563,-386.2673638823465
10.2,0.5656294205882286,-3.8958400117764644,-6.134728993456317,0.38714324543381196,198.5270276907993,-341.1470685220532
10.21,1.5356568680147,-4.533858260304406,-7.377081119274277,46.78812458975458,193.63927460444938,-301.66681008179654
10.22,2.3659055095128627,-4.356201977766355,-8.334521354364991,87.38898326603525,189.36249065389322,-267.121583946572
10.23,3.0923730708237547,-4.200752730545561,-9.172281560069367,122.91473460778084,185.62030469715657,-236.8945110782505
10.24,3.5080286869707855,-3.3505405142273665,-9.798993865060696,153.99976703180823,182.345891985012,-210.44582231846917
10.25,3.8717273510994374,-2.606604824948946,-10.34736713192811,181.1991704028322,179.4807808618855,-187.3032196536605
10.26,4.4518604322120074,-1.2420903468303277,-10.624097115437095,204.9986483524782,176.97380862914983,-167.05344232195293
10.27,4.959476878185506,-0.04814017847653673,-10.866235851007458,225.82319155841844,174.78020792550612,-149.33488715670882
10.28,5.403641268412318,0.9965662188330304,-11.078107244631525,244.04466686361616,172.86080730981786,-133.8311513871202
10.29,5.838038984860779,2.6874423164789016,-10.746915089052585,259.9884577556641,171.18133177109064,-120.26538258873018
10.3,6.465429986753181,4.161323776919039,-9.790312202921013,273.9392747862061,169.7117906747043,-108.3953348901389
10.31,7.014397113409034,5.450970054804158,-8.953284677555887,286.14623968793035,168.42594221536626,-98.00904315387153
10.32,7.515167349232905,6.207392672953638,-8.072664967861401,296.82733397693903,167.30082481344547,-88.92103788463758
10.33,7.953341305578792,6.869262463834433,-7.302122721878726,310.1020436048217,160.2438469617648,-49.140908774057884
10.34,7.806725892381443,7.295393905855129,-6.322095131643886,321.717414529219,154.0689913415442,-14.333295802300647
10.35,7.678437405833762,7.6682589176232385,-5.464570990188401,331.88086408806663,148.66599267385118,16.123365547986936
10.36,7.7572414801045415,7.9025184279203335,-4.6376678664148505,340.77388245205833,143.93836883961978,42.77294422948857
10.37,7.826195045091474,8.107495499430291,-3.914127633112994,348.55527352055105,139.8016979846673,66.0913255758025
10.38,7.8865294144550395,8.286850437001505,-3.28102992897387,355.3639907054822,136.1821109865839,86.49490925382719
10.39,7.825692237648159,8.560766507376316,-2.1668621878521366,361.32161824229695,133.0149723632609,104.34804497209879
10.4,7.77245970794214,8.800443068954277,-1.1919654143706198,366.53454233700984,130.2437260678533,119.96953872558643
10.41,7.5751224944493725,8.712053185334991,-0.2640209875742924,371.0958509198836,127.81888555937164,133.63834575988813
10.42,6.711067807643201,8.505402037168116,0.4069847608724942,375.0869959298982,125.69715011445018,145.59855191490212
10.43,5.955019956687801,8.324582282522101,0.9941147907634325,378.57924781366097,123.84063160014391,156.06373230053936
10.44,4.934540212101826,8.132109497206839,1.8504740669180033,381.6349682119534,122.21617790012593,165.22076513797194
10.45,4.041620435589098,7.963695810055984,2.599788433553253,384.3087235604592,120.7947809126102,173.23316887072545
10.46,2.9192956311404608,7.481274583798986,3.0911567543590963,386.6482594904018,119.55105854853392,180.24402213688478
10.47,1.9372614272479032,7.059156010824113,3.521104035064209,388.6953534291016,118.46280147996718,186.3785187447742
10.48,1.0779814988419152,6.689802259471099,3.897307905681183,356.6546836254639,133.6193259199713,190.79245440167742
10.49,0.18497668648667587,6.159143477037212,3.971759417471035,328.61909754728094,146.88128480497488,194.65464810146776
10.5,-0.2086827743241586,5.65213904240756,4.040460865287156,304.0879597288708,158.48549882935302,198.0340675887843
10.51,-0.5531348025336388,5.208510162106615,4.1005746321262615,282.623214137762,168.6391861006839,200.99105964018628
10.52,-0.564465827216934,4.748603641843288,4.332711303110479,263.8415617455417,177.52366246309842,203.578427685163
10.53,-0.5743804738148173,4.346185436612877,4.535830890221669,247.407615902349,185.29757928021112,205.84237472451764
10.54,-0.8707854145879651,3.971639757036267,4.693187528943961,233.02791328955539,192.09975649518475,207.82332838395294
10.55,-1.1301397377644693,3.643912287406734,4.830874587825965,220.44567350336098,198.05166155828667,209.55666283595883
10.56,-1.5570915205439104,3.401216876480892,4.861789764347719,209.43621369044087,203.25957848850084,211.07333048146398
10.57,-1.9306743304759215,3.188858391920781,4.888840543804254,199.80293635413577,207.81650580243823,212.400414671281
10.58,-2.2575592891664313,3.003044717930683,4.912509975828722,191.3738186848688,211.80381720213344,213.5616133373709
10.59,-2.493386128020627,2.9391568781893476,4.713370728850132,183.9983407242602,215.29271467686678,214.57766217019952
10.6,-2.6516757370180484,2.932047393415679,4.499474012743866,177.54479750872767,218.34549996725843,215.46670489892458
10.61,-2.790179144890792,2.925826594238719,4.312314386150883,171.8979471951367,221.01668709635112,216.24461728655902
10.62,-2.944030376779443,2.902674769958879,4.204218212882022,166.9569531707446,223.35397583430722,216.92529062573914
10.63,-3.0786502046820123,2.882416923714019,4.10963406127177,162.63358339940154,225.39910348001882,217.52087979752176
10.64,-3.2915240540967607,2.873987558249767,3.9536130536127985,142.12501047447637,214.33046529501647,203.32889469783154
10.65,-3.4777886723346656,2.8666118634685462,3.8170946719111987,124.18000916516684,204.6454068831394,190.9109077356026
10.66,-3.9086110882928327,2.902789880534978,3.481255212922299,108.47813301952098,196.17098077274696,180.04516914365226
10.67,-4.285580702256229,2.934445645468106,3.1873956863070116,94.73899139208086,188.75585792615357,170.53764787569574
10.68,-4.6154291144742,2.9621444397845926,2.930268600518635,82.71724246807076,182.26762543538436,162.21856676623378
10.69,-5.016565475164925,3.0061211348115187,2.674868150453806,72.19821215956193,176.5904220059613,154.93937079545455
10.7,-5.021830415769309,3.000537867960079,2.57909313164708,62.99406063961669,171.62286900521613,148.57007432102273
10.71,-5.026437238798145,2.995652509465069,2.495289990191195,54.940428059664605,167.2762601295641,142.9969399058949
10.72,-4.527393083948377,2.7873363207819355,2.4570849914172954,47.89349955220653,163.47297736336859,138.120447292658
10.73,-4.09072944845483,2.6050596556841934,2.4236556174901334,41.72743710818071,160.1451049429475,133.85351625607575
10.74,-3.7570168923979765,2.4468159487236694,2.3123697903038667,36.33213246965812,157.23321657507907,130.11995159906627
10.75,-3.4650184058482294,2.308352705133211,2.2149946915158836,31.611240910950855,154.68531425319418,126.85308252418298
10.76,-3.3772617301172008,2.29162561699156,1.877894355076398,27.480460797081996,152.4558997215449,123.9945720836601
10.77,-3.3004746388525508,2.276989414867615,1.5829315606918484,23.866028197446745,150.50516200635178,121.49337544820258
10.78,-3.2332859339959823,2.264182738009163,1.3248391156053674,20.7033996727659,148.7982665055578,119.30482839217726
10.79,-3.3070135672464844,2.2328506457580177,0.9889491011546964,17.936099713670163,147.30473294236305,117.3898497181551
10.8,-3.3647723713406736,2.0480760650382654,0.7314965885103594,12.644712124461392,142.96601619956766,108.33799337838572
10.81,-3.4153113249230893,1.8863983069084822,0.5062256399465644,8.014747983903717,139.1696390496217,100.41761908108751
10.82,-3.180712909307703,1.6470552685449218,0.4007631849532439,3.9635293609157527,135.84780904341898,93.48729157095157
10.83,-2.97543929564424,1.4376301099768065,0.30848353683408847,0.4187130658012834,132.9412077879916,87.42325499958262
10.84,-2.67284650868871,1.2158268462297057,0.1746447197298274,-2.6830011924238772,130.39793168949265,82.1172229996348
10.85,-2.4080778201026214,1.0217489904509924,0.057535754763598984,-5.397001168370893,128.17256510330606,77.47444499968046
10.86,-2.2362792175897934,0.8361692416446184,-0.2174150895818509,-7.771751147324531,126.2253693403928,73.4120142497204
10.87,-2.085955440391069,0.6737869614390412,-0.4579970783841195,-9.849657378908965,124.5215730478437,69.85738734350535
10.88,-1.9544221353421856,0.5317024662591611,-0.6685063185861047,-11.667825331545345,123.03075129186324,66.74708880056718
10.89,-2.0067002434244126,0.40745865797676595,-1.0931580287628415,-13.258722290102178,121.72628225538034,64.02557757549629
10.9,-2.104457837996361,0.1992105757296702,-1.5316370251674862,-14.650757128839405,120.58487184845781,61.64425525355925
10.91,-2.1899957332468163,0.0169935037634614,-1.9153061470215507,-15.86878761273448,119.58613774240058,59.56059822186434
10.92,-2.1587305165909645,-0.22351080920697128,-2.180763503643857,-16.93456428614267,118.71224539960052,57.7373983191313
10.93,-2.131373452017094,-0.4339520830560999,-2.413038690688375,-17.867118875374835,117.94758959965046,56.14209840423989
10.94,-1.8741067705149572,-0.6944316976740874,-2.5430781043523285,-18.68310414095298,117.27851577469416,54.7462109787099
10.95,-1.6489984242005875,-0.9223513604648266,-2.6568625913082875,-19.397091248333858,116.69307617785739,53.524809481371165
10.96,-1.313488746175514,-1.2132624404067232,-2.748380517394752,-20.021829967292128,116.18081653062522,52.456083171199765
10.97,-1.0199177779035749,-1.4678096353558827,-2.8284587027204084,-37.98535159638061,114.92758921429707,36.95657252479979
10.98,-0.7630431806656279,-1.6905384309363973,-2.8985271148803573,-53.703433021833035,113.83101531250993,23.39450070919981
10.99,-0.5349455330824244,-2.0218180020693475,-3.0750277255203127,-67.45675426910391,112.87151314844618,11.527687870549835
11.0,-0.33536009144712137,-2.311687626810679,-3.2294657598302736,-79.49091036046593,112.03194875489041,1.144226636731105
11.01,-0.22270058001623116,-2.744347923459344,-3.5984882898514896,-90.02079694040769,111.2973299105291,-7.941301942860283
11.02,-0.36931188251420227,-3.3784330580269257,-4.294045128620054,-99.23444769785674,110.65453842171296,-15.891139450002747
11.03,-0.497596772199927,-3.9332575507735603,-4.902657362542547,-107.29639211062465,110.09209586899884,-22.847247268752405
11.04,-0.34367630067493615,-4.850823481926865,-5.177628442224728,-114.35059347179657,109.59995863537398,-28.933841610158353
11.05,-0.20899588809056918,-5.653693671686007,-5.418228136946637,-120.523019662822,109.16933855595224,-34.25961165888856
11.06,-0.09115052707924805,-6.356205087725256,-5.628752869828308,-125.92389257996925,108.79254598645821,-38.91966045152749
11.07,0.011964163805657957,-6.970902576759599,-5.81296201109977,-130.6496563824731,108.46285248815093,-42.99720314508656
11.08,0.35336176832995075,-7.778456879664649,-6.415700384712299,-134.78469970966398,108.17437067713206,-46.56505300195074
11.09,0.6520846722887069,-8.485066894706568,-6.943096461623262,-138.402862620956,107.92194909249055,-49.6869216267069
11.1,0.8360299632526186,-9.648872907868247,-7.623282903920354,-141.5687551683365,107.70108020592923,-52.418556673368535
11.11,0.9969820928460412,-10.667203169384717,-8.21844604093031,-144.33891114729443,107.50781993018808,-54.80873733919747
11.12,1.116806331240286,-12.058584773211626,-8.38386978581402,-191.61092100388262,122.26621768891457,-102.64514617179779
11.13,1.2216525398352502,-13.276043676560173,-8.528615562587268,-232.9739296283973,135.17981572780025,-144.50200390032307
11.14,1.6925868473558439,-14.841193716990151,-7.456647367263859,-269.1665621748476,146.4792140118252,-181.1267544127827
11.15,2.104654366436363,-16.210700002366384,-6.5186751963558764,-300.8351156529917,156.36618751034706,-213.17341111118486
11.16,3.3297693206318177,-18.211621127070586,-3.2603939218113918,-328.54509994636777,165.01728932155368,-241.21423572228676
11.17,4.401744905552841,-19.962427111186763,-0.40939780658496794,-352.7913362030718,172.58700340635949,-265.7499572570009
11.18,5.339723542358736,-21.494382347288415,2.0852237942381526,-374.00679292768785,179.21050323056454,-287.2187135998758
11.19,6.2279312245638945,-21.581196553877362,5.636750069958383,-392.5703175617269,185.006065576744,-306.0038753998913
11.2,6.304920696493408,-18.724994859642692,7.838008186213585,-408.81340161651104,190.077182629651,-322.44089197490484
11.21,6.372286484431731,-16.225818377187355,9.764109037936887,-423.0261001644472,194.51441005094463,-336.82328147804174
11.22,5.443712548877764,-12.079970455038936,10.020729408194775,-435.4622113938913,198.39698404457656,-349.4078722932865
11.23,4.631210355268044,-8.452353523159069,10.245272232170429,-446.34380871965493,201.7942362890045,-360.4193892566257
11.24,4.137975310859538,-4.947539332764185,9.870747828149124,-455.86520637969807,204.76683200287894,-370.0544665995475
11.25,3.706394647002096,-1.8808269161686617,9.543038974630484,-464.1964293322358,207.36785325251907,-378.48515927460403
11.26,4.127332816126834,-0.255969926647579,9.284559477801672,-471.48624941570637,209.64374684595418,-385.8620153652785
11.27,4.495653714110979,1.1657799391833683,9.058389918076461,-477.8648419887431,211.63515374020992,-392.3167644446187
11.28,4.817934499847107,2.4098110717854473,8.860491553316903,-407.4042364901502,232.23825964768366,-378.47842026404135
11.29,3.866042687366219,3.0175986878122663,8.07954973415229,-345.75120667888143,250.2659773167232,-366.36986910603616
11.3,2.2923906014454416,3.559864476835733,7.151097142383254,-291.8048055940213,266.0402302771328,-355.7748868427816
11.31,0.9154450262647615,4.034347042231266,6.338701124585348,-244.60170464476863,279.84270161749123,-346.50427736243387
11.32,-0.6401653520183337,4.270893536952357,5.524168109012179,-203.29899131417255,291.91986404030484,-338.39249406712963
11.33,-2.001324433016042,4.4778717198333124,4.811451720385657,-167.159117149901,302.48738116026675,-331.2946836837384
11.34,-3.530186378889037,4.125343004854148,3.9640965053374497,-135.53672725616337,311.7339586402334,-325.0840995982711
11.35,-4.8679405815279075,3.8168803792473796,3.222660692170268,-107.86713609914294,319.8247139352042,-319.64983852348723
11.36,-6.038475508836919,3.546975581841457,2.5739043556489847,-83.65624383675006,326.90412481830367,-314.8948600830513
11.37,-7.062693570232304,3.3108088841112746,2.0062425611928614,-62.47171310715631,333.0986093410157,-310.7342539476699
11.38,-7.958884373953266,3.104163023597365,1.5095384910437537,-43.93524871876178,338.5187832983887,-307.0937235792112
11.39,-8.743051327209107,2.9233478956476944,1.0749224296632844,-27.715842378916555,343.2614355110901,-303.9082595068098
11.4,-9.42919741130797,2.7651346586917325,0.6946333759553739,-13.523861831551985,347.41125619720384,-301.1209784434586
11.41,-10.029575234894473,2.626698076355266,0.36188045396095214,-1.1058788526079866,351.04234929755336,-298.68210751302627
11.42,-10.554905830532663,2.5055660668108577,0.07072164721583313,9.759856253968012,354.2195557603592,-296.5480954488979
11.43,-11.01457010171608,2.3995755584595004,-0.18404230868614602,19.26737447222201,356.9996114153143,-294.6808348927857
11.44,-11.41677633900157,2.306833863652063,-0.4069607701003778,76.14020666319425,333.9652858634,-245.5607302811875
11.45,-11.768706796626374,2.225684880695555,-0.6020144238378305,125.90393483029496,313.81025100547504,-202.58063874603906
11.46,-12.076645947048076,2.1546795206086107,-0.7726863708581018,169.44719697650808,296.17459550479066,-164.97305865278418
11.47,-12.346092703667066,2.0925498305325343,-0.922024324500839,207.54755135444455,280.7433969416918,-132.06642607118616
11.48,-12.581858615708683,2.0381863517159675,-1.0526950339382342,240.88536143513898,267.24109819898035,-103.2731225622879
11.49,-12.788153788745097,1.9906183077514714,-1.1670319046959547,270.0559452557466,255.4265867991078,-78.07898199200191
11.5,-10.491115065151961,3.0857418942825374,-4.41702416660896,295.5802060987783,245.08888932421934,-56.03410899300168
11.51,-8.481206182007966,4.043975032497221,-7.26076739578284,317.913934336431,236.04340403369193,-36.74484511887647
11.52,-6.722535909256971,4.882429028435068,-9.749042721309984,337.4559465443771,228.12860440448043,-19.86673922901691
11.53,-5.18369942059985,5.616076274880684,-11.926283631146234,354.55520722632997,221.20315472892037,-5.098396575389799
11.54,-3.837217493024869,6.258017615520599,-13.831369427252955,369.5170603230387,215.14338626280534,7.823903246533925
11.55,-2.65904580639676,6.819716288580524,-15.498319498846335,382.6086817826589,209.84108885495468,19.130915590717184
11.56,-1.6281455805971647,7.311202627507958,-16.95690081149054,394.0638505598265,205.20157862308534,29.024551391877534
11.57,-0.7261078830225192,7.741253174069463,-18.233159460054225,404.0871232398482,201.14200717019966,37.68148271789284
11.58,0.06317510235529566,8.11754740231078,-19.349885777547446,412.8574868348672,197.58988214892472,45.25629762815623
11.59,0.7537977145608836,8.446804852021934,-20.327021305354013,420.53155498050876,194.48177275530912,51.88426067463671
11.6,1.358092500240773,8.734905120519192,-21.18201489218476,427.24636460794517,191.7621770358955,57.68372834030711
11.61,1.8868504377106765,8.986992855454293,-21.930134280661665,398.056193656952,198.37752953140856,82.02138692276873
11.62,2.3495136329968416,9.207569623522506,-22.584738745578957,372.514794074833,204.1659629649825,103.31683818242264
11.63,2.7543439288722364,9.400574295582192,-23.157517652381586,350.16606944047885,209.2308422193597,121.95035803461981
11.64,3.1085704377632064,9.569453383634418,-23.658699195833886,330.61093538541894,213.66261156693974,138.25468790529231
11.65,3.4185186330428055,9.717222585680116,-24.09723304635465,313.50019308724154,217.5404097460723,152.52097654213077
11.66,4.093503178912455,10.7018082624701,-21.511003790560316,298.52829357633635,220.93348315281327,165.00397909936441
11.67,4.684114656548398,11.563320729661339,-19.248053191740276,285.4278815042943,223.9024223837116,175.92660633694385
11.68,5.200899699479849,12.31714413845367,-17.267971417772742,273.9650209412575,226.50024421074767,185.48390516982585
11.69,5.653086612044868,12.976739621146962,-15.535399865551149,263.93501794860026,228.7733383094042,193.84654164859762
11.7,6.04875016053926,13.553885668503591,-14.019399757357256,255.15876533002523,230.7622956457287,201.1638485675229
11.71,6.394955765471853,14.058888459940642,-12.692899662687598,247.47954428877208,232.50263331501262,207.56649212158254
11.72,6.697885669787872,14.50076590244806,-11.532212079851648,240.76022587767557,234.02542877563604,213.16880523138474
11.73,6.962949336064388,14.887408664642052,-10.516610444870192,234.88082226796612,235.35787480368154,218.07082920246165
11.74,7.194880044056339,15.225721081561796,-9.627959014261418,229.73634410947037,236.52376507822134,222.36010017715392
11.75,7.397819413549297,15.52174444636657,-8.85038901247874,225.23492572078658,237.54391906844367,226.1132122800097
11.76,7.575391361855635,15.78076489057075,-8.170015260918897,221.29618463068826,238.4365538098882,229.39718537000846
11.77,7.730766816623681,16.007407779249405,-7.574688228304034,194.35166155185223,219.61760958365218,219.12816219875742
11.78,7.866720339545721,16.20572030684323,-7.05377707476603,170.7752038578707,203.15103338569565,210.14276692391275
11.79,7.985679672102506,16.379243768487825,-6.597979815420276,150.14580337563686,188.7427792124837,202.28054605842362
11.8,8.089769088089692,16.53107679742685,-6.199157213492741,132.09507795368225,176.13555681092325,195.40110280112066
11.81,8.18084732707848,16.66393069774849,-5.850187436806149,116.30069320947197,165.10423720955785,189.38158995098058
11.82,7.00578578619367,16.256054235529927,-4.28553738220538,102.48060655828797,155.45183255836312,184.114516207108
11.83,5.977606937919461,15.899162331088686,-2.9164685844297074,90.38803073850198,147.00597848856773,179.5058266812195
11.84,5.077950445679528,15.5868819147026,-1.7185333863759937,79.80702689618923,139.61585617749677,175.47322334606707
11.85,4.2907510149695876,15.313636550364775,-0.6703400880789946,70.54864853416558,133.14949915530968,171.9446954278087
11.86,3.6019515130983892,15.074546856569178,0.24682904793087967,62.44756746739488,127.49143676089597,168.8572334993326
11.87,2.9992519489610907,14.86534337449803,1.0493520419395197,55.35912153397052,122.54063216578396,166.15570431191605
11.88,2.471889830340954,14.682290327685777,1.7515596616970797,49.156731342224205,118.20867814506096,163.79186627292654
11.89,2.0104479765483347,14.522118911725055,2.365991328984945,43.72963992444618,114.41821837692834,161.7235079888107
11.9,1.606686354479793,14.381968922759423,2.903619037861827,38.98093493389041,111.1015660798123,159.91369449020937
11.91,1.2533949351698188,14.259337682414495,3.3740432831290987,34.82581806715411,108.19949531983576,158.3301076789332
11.92,0.9442649432735915,14.152035347112683,3.7856644977379617,31.190090808759848,105.6601834048563,156.94446921906655
11.93,0.6737762003643926,14.058145803723598,4.145833060520716,28.713204457664865,110.65703560424926,148.31641031668323
11.94,0.4370985503188435,13.975992453258149,4.460980552955626,26.545928900456758,115.0292812787181,140.76685877709784
11.95,0.23000560652898802,13.904108271600881,4.736734608836173,24.64956278789966,118.85499624387833,134.1610011799606
11.96,0.04879928071286452,13.841209612650772,4.978019407731651,22.990242439412203,122.20249683839354,128.38087578246552
11.97,-0.10975625437624356,13.786173286069426,5.189143606765194,21.538337134485676,125.13155985859434,123.32326605965733
11.98,-0.9245300975792131,13.900748000310747,4.915827530919545,20.267919992674965,127.69449000127005,118.89785755220016
11.99,-1.6374572103818115,14.001000875271904,4.676675964554602,19.156304993590595,129.9370538761113,115.02562510817513
12.0,-2.261268434084085,14.088722140862917,4.467418343985276,18.18364186939177,131.8992972665974,111.63742171965323
12.01,-2.8071032548235744,14.165478248255052,4.284317925987117,17.3325616357178,133.61626023327273,108.67274375469657
12.02,-3.2847087229706275,14.23263984222317,4.124105060238727,16.587866431253076,135.11860282911363,106.0786505353595
12.03,-3.702613507599299,14.291406236945274,3.983918802708886,15.936258127346441,136.43315260047444,103.80881896843955
12.04,-4.068280194149387,14.342826832327114,3.8612558273702753,15.366100861428137,137.58338365041516,101.8227163473846
12.05,-4.388238544880713,14.387819853286224,3.7539257239489907,14.86721325374962,138.58983581911326,100.08487655396152
12.06,-4.668202101770624,14.427188746625445,3.6600118834553665,14.430686597030917,139.4704814667241,98.56426673471633
12.07,-4.913170214049296,14.461636528297264,3.5778372730234453,14.048725772402053,140.24104640838357,97.23373314287679
12.08,-5.127517312293134,14.491778337260106,3.5059344888955146,13.714510050851796,140.91529073233562,96.06951625001719
12.09,-5.3150710232564915,14.518152420102593,3.443019552783575,13.352071294495321,132.33962989079367,88.54520196876504
12.1,-5.47918052034943,14.541229742589769,3.387968983685628,13.034937382683406,124.83592665444446,81.96142697266941
12.11,-5.622776330305751,14.561422399766048,3.3397997357249243,12.75744520984798,118.2701863226389,76.20062385108574
12.12,-5.748422664017531,14.579090974795292,3.2976516437593086,12.514639558616981,112.52516353230905,71.15992111970002
12.13,-5.85836320601534,14.59455097794588,3.260772063289395,12.302184613789859,107.49826859077042,66.74930622973751
12.14,-5.954561180263422,14.608078480702645,3.2285024303782204,12.116286537066125,103.09973551692413,62.890018201020325
12.15,-5.688921657730494,14.058894295614815,2.3992792515809427,11.953625719932859,99.25101907730861,59.513141175892784
12.16,-5.456487075514182,13.578358133662963,1.6737089701333248,11.811297504941251,95.88339219264505,56.55837377890619
12.17,-5.253106816074909,13.157888991955094,1.0388349738666594,11.686760316823595,92.93671866856442,53.972952306542915
12.18,-5.075149089065545,12.789978492960708,0.4833202271333269,11.577790277220645,90.35837933499387,51.71070851822505
12.19,-4.919436077932351,12.46805680634062,-0.0027551762583389316,11.482441492568064,88.10233241811964,49.73124520344692
12.2,-4.783187193190807,12.186375330548042,-0.4280711542260465,11.399011305997057,86.1282913658547,47.99921480301605
12.21,-4.6639694190419565,11.939904039229537,-0.8002226349477907,11.326009892747425,84.40100544512286,46.483688202639044
12.22,-4.559653866661712,11.724241659325846,-1.1258551805793169,11.262133656153997,82.8896302644825,45.157602427309165
12.23,-4.468377758328998,11.535537076910117,-1.4107836580069022,11.206241949134748,81.5671769814222,43.99727737389552
12.24,-4.388511163537873,11.370420567296353,-1.6600960757560395,11.157336705492904,80.41003035874442,42.98199295215858
12.25,-4.318627893095639,11.22594362138431,-1.8782444412865344,-11.95483038269371,81.27877631390137,17.269869333138754
12.26,-4.257480031458685,11.099526293711271,-2.0691242611257175,-32.177976584857,82.0389290246637,-5.2282388335035925
12.27,-4.203975652526349,10.988911131997362,-2.2361441034850027,-49.87322951174988,82.70406264658074,-24.914083479315643
12.28,-4.157159320960556,10.892122865497694,-2.3822864655493774,-65.35657582278114,83.28605456575815,-42.139197544401185
12.29,-4.116195030840487,10.807433132310482,-2.5101610323557053,-78.9045038449335,83.79529749503838,-57.21117235135104
12.3,-3.935055151985426,7.9307734907716725,-4.216691153311242,-90.75894086431681,84.24088505815858,-70.39915030743217
12.31,-3.7765577579872476,5.413696304425214,-5.709905009147336,-101.1315732562772,84.63077417588876,-81.93863101900315
12.32,-3.6378725382388417,3.211253766372062,-7.016467133003919,-110.20762659924256,84.97192715390267,-92.03567664162776
12.33,-3.5165229709589862,1.2841165455755543,-8.15970899137843,-118.14917327433724,85.27043600966483,-100.87059156142429
12.34,-3.410342099589113,-0.40212852262139,-9.160045617456127,-125.09802661504509,85.53163125845673,-108.60114211624627
12.35,-3.3174338371404737,-1.8775929572937162,-10.035340165274112,-131.17827328816446,85.76017710114964,-115.36537385171549
12.36,-3.2361391074979142,-3.168624337632002,-10.801222894614849,-136.4984891271439,85.96015471350593,-121.28407662025106
12.37,-3.1650062190606754,-4.298276795428001,-11.471370282787992,-141.1536779862509,86.13513512431769,-126.46294154271968
12.38,-3.1027649416780907,-5.286722695999501,-12.057749247439494,-145.22696823796954,86.28824298377798,-130.99444834987972
12.39,-3.0483038239683298,-6.151612858999563,-12.570830841509558,-148.79109720822333,86.42221236080573,-134.95951680614476
12.4,-3.0006503459722884,-6.908391751624618,-13.019777236320863,-151.9097100571954,86.53943556570502,-138.42895170537668
12.41,-2.9589535527257524,-7.57057328267154,-13.412605331780755,-208.11412542504598,84.11325636999189,-164.4072067422046
12.42,-2.9224688586350336,-8.149982122337597,-13.75632991530816,-257.2929888719152,81.9903495737429,-187.13817989942902
12.43,-2.8905447513056544,-8.656964857045399,-14.057088925894641,-300.3244943879258,80.13280612702503,-207.02778141200042
12.44,-2.8626111573924478,-9.100574749914724,-14.32025306015781,-337.9770617144351,78.50745561114691,-224.43118273550039
12.45,-2.8381692627183916,-9.488733406175383,-14.550521677638084,-370.9230581251307,77.08527390975354,-239.65915889356285
12.46,-1.9245849798785928,-8.86697560540346,-11.506747467933323,-399.7508049844893,75.84086492103434,-252.98363803186749
12.47,-1.1251987323937689,-8.322937529728028,-8.843445034441658,-424.97508348642816,74.75200705590504,-264.64255727788407
12.48,-0.42573576584454775,-7.846904213512024,-6.51305540513645,-447.04632717562464,73.7992564239169,-274.8441116181486
12.49,0.18629432988602074,-7.430375061823021,-4.473964479494394,-466.3586654036715,72.96559962092729,-283.77047166588
12.5,0.7218206636502682,-7.0659120540951434,-2.689759919557595,-483.25696135321255,72.23614991831138,-291.581036707645
12.51,1.1904062056939848,-6.7470069223332505,-1.1285809296128957,-498.042970309061,71.59788142852246,-298.4152811191894
12.52,1.6004185549822365,-6.467964932041594,0.23745068658871615,-510.9807281454284,71.03939649995715,-304.39524497929074
12.53,1.9591793606094567,-6.223803190536395,1.4327283507651265,-522.3012662522499,70.55072218746251,-309.62771335687944
12.54,2.2730950655332745,-6.010161666719346,2.478596306919486,-532.2067370957187,70.1231321640297,-314.20612318726955
12.55,2.5477713073416153,-5.823225333379427,3.3937307685545504,-540.8740240837539,69.74899089352598,-318.2122317888609
12.56,2.788113018923913,-5.659656041706999,4.194473422485231,-548.4579001982846,69.42161728183524,-321.7175768152533
12.57,2.998412016558424,-5.516532911493624,4.895123244674577,-470.131287673499,103.26891537160583,-313.1385059633467
12.58,3.1824236394886207,-5.391300172556921,5.508191839090255,-401.5955017143116,132.8853012001551,-305.6318189679283
12.59,3.343433809552543,-5.281721525987305,6.044626859203973,-341.6266890000226,158.7996388001357,-299.06346784693733
12.6,3.484317708358475,-5.185840210238892,6.514007501803476,-289.1539778750198,181.47468420011876,-293.3161606160702
12.61,3.6075911198136654,-5.10194405895903,6.924715564078042,-243.24035564064232,201.31534892510393,-288.2872667890614
12.62,2.697966229836957,-6.106304801589152,5.801769868568287,-203.06593618556204,218.67593055946594,-283.8869846904287
12.63,1.9020444511073373,-6.985120451390507,4.819192384997251,-167.91331916236678,233.8664394895327,-280.03673785412514
12.64,1.2056128947189202,-7.7540841449666935,3.9594370868725948,-137.15477926707092,247.1581348033411,-276.6677718723595
12.65,0.5962352828790553,-8.426927376845857,3.2071512010135206,-110.24105685868706,258.7883682029235,-273.7199266383145
12.66,0.06302987251917336,-9.015665204740126,2.5489010508868306,-86.69154975135118,268.96482242755803,-271.14056205852523
12.67,-0.4035248615457233,-9.53081080414761,1.972932169525977,-66.08573103243228,277.8692198741133,-268.8836180512096
12.68,-0.8117602538525079,-9.98156320362916,1.4689593983352298,-48.05563965337825,285.66056763984915,-266.9087920448084
12.69,-1.1689662221209445,-10.375971553175514,1.0279832235433262,-32.279309696705965,292.477996934868,-265.18081928920736
12.7,-1.4815214443558262,-10.721078859028575,0.6421290706004104,-18.475020984617718,298.4432475680095,-263.66884312805644
12.71,-1.7550072638113479,-11.023047751650003,0.304506686775359,-6.396268361540503,303.6628418720083,-262.34586398704937
12.72,-1.9943073558349296,-11.287270532693753,0.009087100928439118,4.17264018365206,308.22998688800726,-261.1882572386682
12.73,-2.2036949363555633,-11.518465466107035,-0.24940503668761577,60.93293678569555,296.86561465200634,-217.19535033383465
12.74,-2.386909069311118,-11.720761032843656,-0.4755856571016638,110.59819631248361,286.92178894550557,-178.70155679210535
12.75,-2.5472214356472285,-11.8977696537382,-0.6734936999639558,154.05529839842316,278.2209414523174,-145.0194874430922
12.76,-2.687494756191325,-12.052652197020926,-0.8466632374684613,192.08026272362025,270.6076998957777,-115.54767676270568
12.77,-2.8102339116674098,-12.18817442239331,-0.9981865827849037,225.3521065081677,263.9461135338055,-89.75984241736747
12.78,-0.8576221727089834,-9.997851994594146,-1.8313170099367908,254.46496981964674,258.1172254670798,-67.19548736519653
12.79,0.8509130988796395,-8.081319870269878,-2.560306133694692,279.9387252171909,253.0169484086948,-47.45167669454696
12.8,2.3458814615196846,-6.404354261486143,-3.1981716169828553,302.228261190042,248.55420598260793,-30.17584235772859
12.81,3.6539787788297238,-4.937009353800375,-3.7563039148599984,321.7316051662868,244.64930635978192,-15.059487313012518
12.82,4.798563931476008,-3.6530825595753282,-4.244669675502498,338.7970311455009,241.23251918980918,-1.832676648885954
12.83,5.8000759400415065,-2.5296466146284122,-4.671989716064686,353.7292788773133,238.24283041608302,9.74078268222479
12.84,6.676398947536318,-1.5466401627998607,-5.0458947515566,366.7949956426491,235.62685273907263,19.86755959694669
12.85,7.4431815790942775,-0.6865095174498781,-5.373061657612024,378.22749781231795,233.33787227168855,28.728489397328353
12.86,8.114116381707493,0.06610479723135665,-5.659332700410521,388.2309372107782,231.33501436272746,36.48180297266231
12.87,8.701184333994057,0.7246423225774371,-5.909819862859205,396.9839466844309,229.58251369238653,43.26595235107952
12.88,9.2148687922448,1.3008626572552575,-6.128996130001804,404.64282997387704,228.0490756058382,49.20208305719458
12.89,9.6643426932142,1.8050554500983504,-6.3207753637515784,376.8781016021424,234.87544140510843,82.58432242504526
12.9,10.057632356562426,2.2462241438360566,-6.488582193282631,352.5839642768746,240.8485114794699,111.7937818719146
12.91,10.401760811992123,2.6322467508565497,-6.635413169122302,331.3265941172653,246.07494779453617,137.3520588879253
12.92,10.702873210493108,2.970016531999481,-6.763890272982014,312.72639522760716,250.64807957021915,159.71555127693463
12.93,10.966346559181469,3.265565090499546,-6.876307738859262,296.4512211991563,254.64956987394177,179.2836071173178
12.94,11.196885739283784,3.524170079187103,-6.974673021501855,282.21044392426177,258.150873889699,196.40565597765308
12.95,11.147772896873311,4.011893319288715,-5.393854768814123,269.7497638087291,261.21451490348664,211.38744873044644
12.96,11.104799159764148,4.4386511543776255,-4.010638797712358,258.84666870763795,263.8952007905508,224.49651738914062
12.97,11.06719713979363,4.812064260080422,-2.800324822998313,249.3064604941832,266.24080094173195,235.96695246549805
12.98,11.034295372319425,5.13880072757037,-1.7413000951235238,240.95877830741028,268.2932010740154,246.0035831573108
12.99,11.005506325779498,5.424695136624074,-0.8146534582330833,233.654556393984,270.0890511897635,254.78563501264694
13.0,10.980315910057062,5.674852744546064,-0.0038376509539479464,227.263362219736,271.66042004104304,262.46993038606604
13.01,10.95827429629993,5.893740651477806,0.7056261804152955,221.671067317269,273.0353677859127,269.19368883780777
13.02,10.938987884262438,6.08526757004308,1.3264070328633835,216.77780927761037,274.2384470626736,275.0769774830818
13.03,10.922112273729633,6.252853623787695,1.8695902787554606,212.49620849290906,275.2911414298394,280.22485504769656
13.04,10.907346114513429,6.3994914208142335,2.3448756189110282,208.74980780629542,276.21224900110946,284.7292479167345
13.05,10.89442572519925,6.527799493212454,2.76075029154715,188.9823319555085,256.1407187509708,268.7118414271427
13.06,10.883120384549343,6.640069056560897,3.124640630103756,171.68579058606994,238.57812978209944,254.69661074874986
13.07,10.873228211480676,6.738304924490785,3.4430446763407865,156.5513168878112,223.210864434337,242.43328390515612
13.08,10.864572560045591,6.824261308929437,3.7216482167981884,143.3086524018348,209.76450725504486,231.7028729170116
13.09,10.856998865039893,6.899473145313257,3.965426314698415,131.72132097660543,197.99894472316424,222.31376330238515
13.1,8.671614631909906,8.0404212521491,4.319690525361112,121.58240597952975,187.70407750776872,214.098292389587
13.11,6.759403427921168,9.038750845630462,4.629671709690974,112.71085535708853,178.69606869429762,206.9097553408886
13.12,5.086218624431021,9.912289239926654,4.900905245979602,104.94824856245246,170.81406098251043,200.61978542327753
13.13,3.622181921377144,10.676635334935822,5.138234590232152,98.1559676171459,163.91730423469662,195.11606174536783
13.14,2.3411498062050007,11.345438168068844,5.345897766453133,92.21272179000266,157.88264208035955,190.30030352719683
13.15,1.2202467054293757,11.930640647060239,5.527603045646491,87.01238169125233,152.6023126953146,186.08651508629723
13.16,0.23945649225070387,12.442692816177708,5.686595164940679,82.46208410484579,147.98202448340027,182.39945020051007
13.17,-0.6187349442806341,12.890738464155493,5.825713269323095,78.48057371674007,143.93927229797524,179.1732684254463
13.18,-1.369652451245555,13.282778406136057,5.947441610657708,74.99675212714756,140.40186413572835,176.3503593722655
13.19,-2.0267052698398604,13.625813355369049,6.053953909325495,71.94840823625411,137.3066319937623,173.8803139507323
13.2,-2.601626486109878,13.925968935947918,6.147152170659808,69.28110733172234,134.598303869542,171.71902420689077
13.21,-3.1046825503461433,14.188605068954427,6.228700649327332,54.504718915257044,126.01601576084926,155.81039618102943
13.22,-3.5448566065528753,14.418411685335123,6.300055568161416,41.57537905084991,118.50651366574309,141.89034665840077
13.23,-3.9300089057337657,14.619492474668233,6.362491122141239,30.262206669493672,111.93569933252519,129.71030332610067
13.24,-4.267017167517045,14.795438165334703,6.417122231873584,20.36318083580696,106.18623679095953,119.0527654103381
13.25,-4.561899396577414,14.949390644667865,6.464924452889386,11.70153323133109,101.15545706708957,109.72741973404584
13.26,-4.918349972005237,14.332193189084382,6.1552823962782135,4.1225915774147035,96.75352480870336,101.56774226729011
13.27,-5.230244225504583,13.792145415448834,5.8843455967434375,-2.5089823697621343,92.90183408261544,94.42802448387886
13.28,-5.503151697316509,13.31960361351773,5.647275897150508,-8.311609573541867,89.53160469728851,88.180771423394
13.29,-5.741945735151946,12.906129536828013,5.439839910006695,-13.388908376849134,86.58265398512745,82.71442499546976
13.3,-5.950890518257953,12.54433971972451,5.258333421255858,-17.83154482974299,84.00232211198653,77.93137187103605
13.31,-6.13371720347571,12.227773629758946,5.099515243598876,-21.718851726025118,81.7445317229882,73.74620038715655
13.32,-6.293690553041246,11.950778301039078,4.9605493381490176,-25.12024526027198,79.76896513261468,70.08417533876198
13.33,-6.433667233911091,11.708407388409192,4.838954170880391,-28.09646460273798,78.04034436603786,66.87990342141674
13.34,-6.556146829672205,11.496332839858042,4.732558399520342,-30.700656527395736,76.52780119528313,64.07616549373965
13.35,-6.66331647596318,11.310767609875786,4.6394620995802995,-32.97932446147127,75.20432592087275,61.62289480702219
13.36,-6.757089916467782,11.148398033641312,4.558002837132762,-34.973158903787365,74.04628505576366,59.476282956144416
13.37,-6.839141676909309,11.006324654436147,4.486725982491167,-37.54463916581395,74.45924942379321,52.33487258662637
13.38,-6.910936967295646,10.882010447631629,4.424358734679772,-39.79468439508721,74.82059324581907,46.086138513298074
13.39,-6.973757846383689,10.773235516677675,4.369787392844801,-41.76347397070131,75.13676909009169,40.61849619913582
13.4,-7.028726115585728,10.678057452092965,4.322037468739201,-43.486164849363654,75.41342295383023,35.83430917424384
13.41,-7.076823351137513,10.594776645581344,4.280256285146801,-44.9935193681932,75.65549508460145,31.64814552746336
13.42,-6.670926807245324,9.560293314883676,3.1051588745034504,-46.31245457216905,75.86730819902628,27.98525233653044
13.43,-6.315767331339658,8.655120400523217,2.076948640190519,-47.466522875647925,76.052644674148,24.780220794464135
13.44,-6.005002789922201,7.863094100457815,1.1772646851667041,-48.47633264119194,76.2148140898795,21.97581819515612
13.45,-5.733083816181925,7.170071087900588,0.390041224520866,-49.359916186042945,76.35671232864456,19.521965920761605
13.46,-5.4951547141591846,6.563675951913015,-0.2987793035442423,-50.13305178778758,76.480873287564,17.374845180666405
13.47,-5.286966749889286,6.033080207923889,-0.9014972656012121,-50.809545439314135,76.5895141266185,15.496114533083105
13.48,-5.104802281153125,5.568808931933403,-1.4288754824010605,-51.40147738439987,76.68457486079119,13.852225216447717
13.49,-4.945408371008984,5.162571565441728,-1.890331422100928,-51.919417836349886,76.7677530031923,12.413822064391752
13.5,-4.805938699632861,4.807113869761512,-2.294105369338312,-52.37261573180615,76.84053387779326,11.155219306342783
13.51,-4.683902737178753,4.496088386041324,-2.647407573171023,-52.76916389033038,76.9042171430691,10.053941893049934
13.52,-4.577121270031409,4.223941087786159,-2.956547001524645,-53.116143529039086,76.95994000018547,9.090324156418692
13.53,-4.483687486277482,3.9858122018128888,-3.2270440013340647,-92.83850171290919,91.45057337516228,-40.350341363133644
13.54,-4.401932925492797,3.7774494265862777,-3.4637288761673064,-127.59556512379555,104.12987757826698,-83.61092369274195
13.55,-4.330397684806197,3.595131998262993,-3.6708281416463935,-158.00799560832112,115.2242687559836,-121.46393323114921
13.56,-4.267804349205423,3.435604248480119,-3.8520399989405947,-184.618872282281,124.93186103648564,-154.58531657725555
13.57,-4.213035180554745,3.296017467420104,-4.010600374073021,-207.90338937199587,133.42600428192495,-183.5665270050986
13.58,-3.323337657985402,-0.678903341007409,-4.905985202313893,-228.2773418254964,140.85837962168432,-208.92508612946128
13.59,-2.544852325737227,-4.1569590483814824,-5.689446927024656,-246.10455022230934,147.36170804397378,-231.1138253632786
13.6,-1.8636776600200735,-7.200257792333797,-6.3749759361465745,-261.7033575695207,153.05212041347707,-250.52897219286876
13.61,-1.2676498275175643,-9.863144193292072,-6.9748138191282525,-275.3523139983306,158.03123123679245,-267.51722566876015
13.62,-0.7461254740778687,-12.193169794130563,-7.499671966737221,-287.2951508735393,162.38795320719342,-282.3819474601651
13.63,-0.28979166481813506,-14.231942194864242,-7.958922845895068,-297.7451331393469,166.20008493129424,-295.3885790276445
13.64,0.10950041828413182,-16.01586804550621,-8.360767365158186,-306.8888676219285,169.53570018988248,-306.7693816491889
13.65,0.45888099099861535,-17.57680316481793,-8.712381319513412,-314.8896352941874,172.4543635411472,-316.7275839430403
13.66,0.7645889921237885,-18.942621394215692,-9.020043529574234,-321.890307007414,175.0081939735038,-325.44101095016026
13.67,1.032083493108315,-20.137712344938734,-9.289247963377456,-328.0158947564872,177.24279560181586,-333.0652595813902
13.68,1.2661411814697756,-21.183416926821394,-9.524801842955274,-333.3757840369263,179.19807202658887,-339.7364771337164
13.69,1.4709416587860538,-22.09840843596872,-9.730911487585864,-305.8744360323105,206.60331477326528,-342.4456683670018
13.7,1.6501420764377972,-22.89902600647263,-9.91125742663763,-281.81075652827167,230.58290217660712,-344.8162106961266
13.71,1.8069424418830726,-23.599566380663553,-10.069060123307924,-260.7550369622377,251.56504115453123,-346.8904352341107
13.72,1.9441427616476885,-24.212539208080607,-10.207137482894435,-242.33128234195797,269.92441276021486,-348.7053817048469
13.73,2.0641930414417273,-24.74889043207053,-10.32795517253263,-226.21049704921322,285.988862915188,-350.29345986674105
13.74,2.1692370362615114,-25.218197753061716,-10.43367065096605,-212.10480991806156,300.0452568007895,-351.6830282583984
13.75,1.6306879067288225,-21.605795408929005,-7.519115694595294,-199.76233367830386,312.3446014506908,-352.8989006010986
13.76,1.1594574183877198,-18.444943357812882,-4.968880107770882,-188.9626669685159,323.1065280193544,-353.96278890096124
13.77,0.7471307410892547,-15.67919781308627,-2.7374239692995217,-179.51295859745142,332.5232137669351,-354.8936911633411
13.78,0.38634489845309794,-13.259170461450486,-0.7848998481370817,-171.24446377277,340.76281379606826,-355.70823064292347
13.79,0.07065728614646072,-11.141646528769176,0.9235587578800535,-164.00953080117375,347.9724638215597,-356.42095268755804
13.8,-0.20556937462184685,-9.288813087673029,2.4184600381450467,-157.67896445102704,354.28090759386475,-357.0445844766133
13.81,-0.447267702794116,-7.6675838267139,3.726498658376916,-152.13971889464867,359.8007958946316,-357.59026229203664
13.82,-0.6587537399448515,-6.249008223374662,4.8710324510798015,-147.29287903281758,364.6306981578026,-358.06773038053205
13.83,-0.8438040224517451,-5.007754570452829,5.872499519694827,-143.05189415371538,368.85686263807725,-358.48551495796556
13.84,-1.005723019645277,-3.921657624146225,6.748783204732973,-139.34103238450095,372.55475655831754,-358.85107646321984
13.85,-1.1474021421896174,-2.971322796127947,7.515531429141351,-75.05402708643832,337.60541223852783,-302.9303165303174
13.86,-1.2713713744159152,-2.1397798216119535,8.186436125498682,-18.802897450633537,307.02473595871186,-253.99965158902774
13.87,-1.3798444526139257,-1.4121797189104595,8.773477734811348,30.416840980695657,280.26664421387284,-211.18531976539927
13.88,-1.474758396037185,-0.775529629046652,9.287139142959928,73.4841121081087,256.8533139371387,-173.72277941972436
13.89,-1.557808096532537,-0.21846080041582056,9.736592875089936,111.16797434459512,236.36664994499637,-140.94305661725883
13.9,-1.88225845946597,-2.001535075363843,7.793553890703694,144.14135380152072,218.44081895187182,-112.26079916510147
13.91,-2.1661525270327235,-3.5617250659433624,6.093394779365733,172.99306082633063,202.75571683288786,-87.16382389446379
13.92,-2.414559836153633,-4.926891307700442,4.605755556945017,198.2383044730393,189.03125247877688,-65.20397053265582
13.93,-2.6319162316344293,-6.121411769237887,3.30407123732689,220.32789266390938,177.02234616892977,-45.98909884107384
13.94,-2.8221030776801257,-7.166617173083151,2.165097457661029,239.6562823309207,166.51455314781356,-29.176086110939615
13.95,-2.98851656797011,-8.081171901447757,1.1684954004534003,256.5686232895556,157.32023425433687,-14.464699972072163
13.96,-3.134128371973846,-8.881407288766788,0.2964686003967253,271.3669216283612,149.27520522254477,-1.5922371005631426
13.97,-3.2615387004771152,-9.58161325267094,-0.4665548496528653,284.31543267481607,142.23580481972667,9.671167912007249
13.98,-3.373022737917476,-10.194293471087072,-1.1342003684462572,295.64537984046405,136.07632946726082,19.526647298006342
13.99,-3.470571270677792,-10.73038866220119,-1.718390197390475,305.55908361040605,130.68678853385322,28.150191760755547
14.0,-3.555926236843068,-11.199471954426041,-2.2295562977166656,314.2335744091053,125.97094021712157,35.6957931656611
14.01,-3.630611832237685,-11.609919835122785,-2.676826635502082,316.35937710796713,129.55769806498137,59.58819501995346
14.02,-3.6959617282079744,-11.969061730732438,-3.068188181064322,318.2194544694712,132.6961111818587,80.49404664245928
14.03,-3.753142887181977,-12.283310889390883,-3.4106295334312815,319.84702216078733,135.44222265912637,98.78666681215188
14.04,-3.8031764012842304,-12.558278903217023,-3.710265716752371,321.2711438906889,137.84507020173558,114.79270946063289
14.05,-3.846955726123702,-12.798875915314895,-3.9724473771583244,322.5172504043528,139.94756180151865,128.79799677805377
14.06,-1.8823466353582392,-10.110904675900533,-4.152910330013534,323.6075936038087,141.7872419513288,141.05262318079704
14.07,-0.16331368093845944,-7.758929841412968,-4.310815413761842,324.56164390333265,143.3969620824127,151.7754212831974
14.08,1.340840154178848,-5.700951861236348,-4.448982362041612,325.3964379154161,144.8054671971111,161.15786962279773
14.09,2.656974759906492,-3.9002211285818045,-4.56987844178641,326.1268826759891,146.03790917247224,169.36751191994802
14.1,3.8085925399181804,-2.324581737509079,-4.675662511563109,326.76602184149044,147.1162959009132,176.55094892995453
14.11,4.816258097428408,-0.9458972703204442,-4.76822357261772,327.3252686113042,148.05988428829906,182.83645631371022
14.12,5.697965460249857,0.26045163846961117,-4.849214501040505,327.81460953489113,148.88552412726168,188.33627527449644
14.13,6.469459402718625,1.3160069336609097,-4.920081563410442,328.2427828430298,149.60795898635396,193.14861686518438
14.14,7.144516602378797,2.239617816953296,-4.982090242984136,328.61743448765105,150.24008948805974,197.35941575703634
14.15,7.735191652081447,3.047777339834134,-5.036347837611119,328.94525467669473,150.79320367705228,201.0438647874068
14.16,8.252032320571265,3.7549169223548673,-5.0838232329097295,329.23209734210786,151.27717859242074,204.26775768898094
14.17,8.704267905499856,4.373664057060509,-5.125364203796013,299.4443352993444,147.11128176836814,211.52928760285832
14.18,9.099974042312374,4.915067799927945,-5.161712553321512,273.3800435119264,143.46612204732213,217.88312627750102
14.19,9.446216912023326,5.388796074936952,-5.193517359156322,250.57378819793556,140.27660729140686,223.44273511781338
14.2,9.74917942302041,5.803308315569833,-5.221346564261782,230.6183147981936,137.485781879981,228.30739285308672
14.21,10.014271620142859,6.166006526123603,-5.245697118729059,213.1572755734194,135.04380964498338,232.5639683714509
14.22,9.676540542625,6.2030170853581525,-4.106163478887926,197.87886625174198,132.90708393936046,236.28847195001953
14.23,9.381025849796874,6.235401324688383,-3.1090715440269356,184.51025809527422,131.0374489469404,239.54741258126708
14.24,9.122450493572265,6.263737534102336,-2.236616101023569,172.81272595836495,129.40151832857285,242.3989856336087
14.25,8.896197056875732,6.288531717339544,-1.473217588395623,162.57738533856931,127.97007903750125,244.89411205440763
14.26,8.698225299766264,6.310226627672101,-0.8052438898461699,153.62146229624815,126.7175696578136,247.07734767260666
14.27,8.52500001229548,6.3292096742130886,-0.22076690361539864,145.78502963421712,125.62162395058691,248.98767883853083
14.28,8.373427885758545,6.3458198399364525,0.2906504593365262,138.92815105493997,124.66267145676355,250.65921860871447
14.29,8.240802275038726,6.360353734944396,0.7381406519194604,132.92838229807248,123.82358802466811,252.12181590762515
14.3,8.124754865658886,6.373070893076346,1.1296945704295278,127.67858463581342,123.0893900215846,253.401588544172
14.31,8.023213382451525,6.384198406441803,1.4723042491258367,123.08501168133674,122.44696676888654,254.5213896011505
14.32,7.934364584645085,6.393934980636578,1.772087717985107,119.06563534616964,121.88484642277572,255.5012155260067
14.33,7.85662188656445,6.402454483057006,2.0343982532369687,106.18618092789843,116.96111611992876,239.86481408525586
14.34,7.788597025743894,6.40990904767488,2.2639199715823475,94.91665831191112,112.65285210493766,226.1829628245989
14.35,7.7290752725259075,6.41643179171552,2.464751475134554,85.05582602292223,108.88312109182046,214.21134297152403
14.36,7.67699373846017,6.4221391927510805,2.6404790407427345,76.42759777005695,105.5846064553429,203.73617560008353
14.37,7.631422396152649,6.427133168657195,2.794240660649893,68.87789804879982,102.69840614842504,194.5704041500731
14.38,5.966469721633568,7.3030486475750465,3.224427453068656,62.27191079269984,100.1729808798719,186.55035413131398
14.39,4.509636131429373,8.069474691628166,3.6008408964350735,56.49167194361236,97.9632337698879,179.53281036489975
14.4,3.2349067400007008,8.740097480174645,3.930202659380689,51.43396295066081,96.02970504865192,173.3924595692873
14.41,2.1195185225006132,9.326892420152815,4.218394201958103,47.008467581828214,94.33786741757042,168.0196526231264
14.42,1.1435538321880365,9.840337992633712,4.47056180171334,43.136159134099685,92.85750949037411,163.31844654523562
14.43,0.28958472816453196,10.289602868554498,4.691208451499173,39.74788924233722,91.56219630407735,159.20489122708116
14.44,-0.4576382378560345,10.682709634985185,4.884274270061776,36.783153087045065,90.42879726606768,155.60553032369603
14.45,-1.1114583331240302,11.026678055612036,5.053206861304054,34.189008951164425,89.43707310780921,152.45608953323404
14.46,-1.6835509164835263,11.32765042366053,5.201022878641047,31.919132832268872,88.56931446933307,149.7003288415798
14.47,-2.1841319269230857,11.591001245702964,5.330361893810916,29.932991228235263,87.81002566066643,147.2890382363823
14.48,-2.6221403110577,11.821433214990092,5.443533532084551,28.195117324705855,87.14564795308313,145.17915895683453
14.49,-3.0053976471754877,12.02306118811633,5.542558715573982,17.758227409117623,88.21369208394773,127.84113908723022
14.5,-3.3407478162785518,12.199485664601788,5.629205751127234,8.625948732977921,89.14823069845426,112.67037170132645
14.51,-3.634179214243733,12.353857081526565,5.70502190723633,0.6352048913556816,89.96595198614747,99.39595023866065
14.52,-3.8909316874632665,12.488932071335743,5.771361043831789,-6.356695970063779,90.68145811287903,87.78083145882808
14.53,-4.115590101530358,12.607122687418775,5.829407788352815,-12.474609223805807,91.30752597376915,77.61760252647457
14.54,-4.312166213839063,12.710539476491427,5.880198689808712,-17.827783320830083,91.855335352048,68.72477721066525
14.55,-4.840438062109181,12.244182916929999,5.491259353582623,-22.511810655726322,92.33466855804201,60.9435550593321
14.56,-5.302675929345534,11.836120927313749,5.150937434384796,-26.610334573760532,92.75408511328675,54.13498567691559
14.57,-5.707134063177342,11.47906668639953,4.853155755086696,-30.196543002040467,93.1210745991259,48.17748746730115
14.58,-6.061034930280175,11.166644225599589,4.592596785700859,-33.334475376785406,93.44219039923516,42.96467653388851
14.59,-6.370698188995154,10.89327457239964,4.364607687488252,-36.08016620468723,93.72316672433075,38.40346696715245
14.6,-6.6416535403707595,10.654076125849686,4.16511722655222,-38.482645679101324,93.96902100878941,34.412408596258395
14.61,-6.878739472824415,10.444777485118475,3.9905630732331927,-40.58481521921366,94.18414350769072,30.920232521726096
14.62,-7.086189663721363,10.261641174478665,3.8378281890790436,-42.42421356681195,94.37237569422939,27.864578456510333
14.63,-7.267708580756193,10.101396902668832,3.704185165444163,-44.03368712096046,94.53707885745072,25.19088114944654
14.64,-7.4265376331616695,9.961183164835228,3.587247519763643,-45.4419764808404,94.68119412526937,22.85139600576572
14.65,-7.565513054016461,9.838496144230824,3.4849270797931875,-53.58672979573535,98.1235456096107,11.791846005045008
14.66,-7.687116547264403,9.731145001201972,3.395396694819039,-60.71338894626844,101.13560315840937,2.114739754414382
14.67,-7.793519603856353,9.637212751051726,3.3170576079666594,-66.94921570298489,103.7711535136082,-6.352728214887416
14.68,-7.886622278374309,9.55502203217026,3.248510906970827,-72.40556411511177,106.07726007440718,-13.76176268802649
14.69,-7.968087118577521,9.483105153148978,3.1885325435994734,-77.1798689757228,108.09510331510629,-20.244667852023177
14.7,-7.145717728755331,6.857508259005355,0.7588239756495394,-81.35738572875745,109.860716150718,-25.91720987052028
14.71,-6.426144512660915,4.5601109766296855,-1.367171021306653,-85.01271288766277,111.40562738187826,-30.88068413670525
14.72,-5.796517948578302,2.5498883545509745,-3.2274166436433216,-88.21112415170492,112.75742470914348,-35.223724119617096
14.73,-5.245594705006015,0.7909435602321029,-4.855131563187906,-91.00973400774181,113.94024737050054,-39.02388410466496
14.74,-4.763536866880264,-0.74813313479691,-6.279382117789418,-93.45851763177409,114.97521719918798,-42.34902409158184
14.75,-4.34173625852023,-2.094825242947296,-7.525601353065741,-95.60120330280233,115.88081579928948,-45.25852158013411
14.76,-3.9726607262052016,-3.2731808375788845,-8.616043183932524,-97.47605326495204,116.67321457437829,-47.80433188261734
14.77,-3.6497196354295514,-4.304241982881524,-9.570179785940958,-99.11654698183304,117.366563502581,-50.03191589729017
14.78,-3.3671461810008574,-5.206420485021333,-10.405049312698338,-100.55197898410391,117.97324381475838,-51.9810519101289
14.79,-3.11989440837575,-5.995826674393666,-11.135560148611045,-101.80798198609092,118.50408908791358,-53.686545921362786
14.8,-2.9035491073287814,-6.686557090094458,-11.774757130034665,-102.90698461282956,118.96857870192439,-55.17885318119244
14.81,-2.7142469689126836,-7.29094620383265,-12.334054488780332,-156.01861491122588,127.32000611418384,-107.91274990854339
14.82,-2.5486075977985982,-7.819786678353569,-12.823439677682789,-202.49129142232263,134.62750509991088,-154.05490954497546
14.83,-2.4036731480737736,-8.282522093559374,-13.25165171797244,-243.1548833695323,141.02156671242201,-194.42929922685352
14.84,-2.2768555045645518,-8.687415581864453,-13.626337253225884,-278.73552632334076,146.61637062336928,-229.75689019849682
14.85,-2.165890066493983,-9.041697384131396,-13.95418709657265,-309.86858890792314,151.51182404544812,-260.6685322986847
14.86,-1.620588308182235,-10.979013586114972,-10.674959834501069,-337.11001866943275,155.7953457897671,-287.7162191363491
14.87,-1.1434492696594556,-12.6741652628506,-7.805635980188435,-360.94626971075365,159.54342731604623,-311.3829451193054
14.88,-0.7259526109520236,-14.157422979994275,-5.2949776076648805,-381.80298937190946,162.82299865154044,-332.0913303543922
14.89,-0.3606430345830206,-15.45527348249499,-3.09815153170677,-400.0526190754208,165.69262357009788,-350.2111674350932
14.9,-0.040997155260143026,-16.590892672183116,-1.1759287152434237,-416.02104506599323,168.20354537383565,-366.06602488070655
14.91,0.23869298914737486,-17.584559463160225,0.5060162491620044,-429.9934178077441,170.4006019521062,-379.9390251456182
14.92,0.48342186550395305,-18.454017905265196,1.9777180930167537,-442.21924395677604,172.32302645809293,-392.077900377416
14.93,0.697559632315959,-19.214794042107044,3.2654572063896596,-452.91684183717905,174.0051479008313,-402.699416205239
14.94,0.8849301782764641,-19.880473161843668,4.392228930590952,-462.2772399825317,175.47700416322738,-411.9932425545842
14.95,1.0488794059919062,-20.46294239161321,5.378154189267083,-470.46758835971525,176.76487839282396,-420.1253406102612
14.96,1.192334980242918,-20.972602967661558,6.240838790608698,-477.63414318975083,177.89176834372097,-427.24092640897857
14.97,1.3178586077125531,-21.418555971703867,6.995687816782611,-413.664250166032,193.94967155075585,-406.8933114828563
14.98,1.427691781748484,-21.808764850240884,7.656180714684784,-357.690593770278,208.0003368569114,-389.08914842249925
14.99,1.5237958090299235,-22.150197618960775,8.234112000349185,-308.71364442399323,220.29466899979747,-373.51050574468684
15.0,1.607886832901183,-22.44895129159068,8.739801875305536,-265.8588137459941,231.05220962482278,-359.879193401601
15.01,1.6814664787885352,-22.71036075514185,9.182280515892344,-228.36083690274484,240.46505767171993,-347.95179510140093
15.02,0.9645347939399683,-20.05205428574912,8.6457120764058,-195.55010716490176,248.70129971275495,-337.51532158872584
15.03,0.33721956969747224,-17.72603612503048,8.176214691855076,-166.84071864428904,255.90801149866058,-328.38340726513513
15.04,-0.21168125151471184,-15.69077023440167,7.765404480373191,-141.7200036887529,262.213884311328,-320.39298223199324
15.05,-0.6919694700753729,-13.909912580101462,7.405945545326542,-119.73937810265879,267.731523022412,-313.4013603279941
15.06,-1.1122216613159512,-12.35166213258878,7.091418977160724,-100.50633071482645,272.5594568946105,-307.28369116199485
15.07,-1.4799423286514575,-10.988192991015183,6.816208230015634,-83.67741425047315,276.7838990327842,-301.9307306417455
15.08,-1.8016979125700252,-9.795157492138285,6.5753988262636796,-68.95211234416401,280.48028590368614,-297.24689018652737
15.09,-2.083234048498772,-8.751251430621,6.36469059798072,-56.06747317614351,283.7146244157254,-293.1485297882115
15.1,-2.3295781674364258,-7.837833626793375,6.18032089823313,-44.79341390412557,286.5446706137597,-289.5624644396851
15.11,-2.5451292715068723,-7.038593048444203,6.018997410953989,-34.92861204110987,289.02096103703974,-286.4246572597244
15.12,-2.733736487568513,-6.339257542388677,5.8778393595847405,-26.296910410971137,291.18771515740974,-283.6790759772589
15.13,-2.8987678016224487,-5.727338974590092,5.754326064636648,29.958330640400256,274.99300151273354,-228.41794198010152
15.14,-3.0431702014196427,-5.19191022776633,5.6462519315570665,79.18166656035022,260.82262707364185,-180.06444973258883
15.15,-3.1695223012421874,-4.723410074295539,5.551687065112433,122.25208549030646,248.42354943943664,-137.7551440160152
15.16,-3.2800803885869136,-4.313472440008597,5.468942806973379,159.93870205401817,237.57435650950708,-100.7345015140133
15.17,-3.3768187150135494,-3.9547770100075224,5.396541581101706,192.9144915472659,228.0813126958187,-68.34143932476164
15.18,-2.6385027506368557,-3.833227758756582,3.0619117584639928,221.76830735385767,219.77489935884137,-39.99750990916644
15.19,-1.9924762818072486,-3.726872163912009,1.0191106636559937,247.01539618462547,212.5067876889862,-15.196571670520637
15.2,-1.4272031215813423,-3.6338110184230077,-0.7683402943010056,269.1065989115473,206.14718997786295,6.504249288294444
15.21,-0.9325891063836744,-3.5523825161201317,-2.33235988251338,288.4364012976039,200.58254198063008,25.49246762725764
15.22,-0.4998018430857151,-3.481132576605115,-3.7008770221992076,305.3499783854034,195.71347498305133,42.107158673850435
15.23,-0.12111298770000073,-3.418788879529475,-4.898329519424307,320.14935833722797,191.45304136016992,56.645013339619126
15.24,0.21023976076249937,-3.3642381445882905,-5.946100454496268,333.0988157950745,187.7251619401487,69.36563617216673
15.25,0.500173415667187,-3.316506251514754,-6.862900022684235,344.42959107069015,184.46326744763013,80.4961811506459
15.26,0.7538653637087886,-3.2747408450754096,-7.665099644848706,354.3440194368539,181.60910976667637,90.23540800681515
15.27,0.9758458182451901,-3.238196114440983,-8.367024314242617,363.01914425724715,179.11172179584185,98.75723150596325
15.28,1.1700787159645414,-3.2062194751358604,-8.98120839996229,370.60987847509125,176.92650732136164,106.21382706771784
15.29,1.3400325014689738,-3.1782399157438777,-9.518619474967004,358.3561447907049,174.48069440619145,132.61834968425313
15.3,1.4887420637853521,-3.153757801275893,-9.988854165596127,347.6341278168668,172.34060810541752,155.7223069737215
15.31,1.6188629308121831,-3.132335951116406,-10.400309519896611,338.2523629647585,170.46803259224032,175.9382696020063
15.32,1.7327186894606603,-3.113591832226855,-10.760332954909535,330.0433187191637,168.82952901821028,193.6272369017555
15.33,1.8323424782780777,-3.097190728198498,-11.075353460545843,322.8604050042683,167.395838390934,209.10508328903606
15.34,1.9195132934933181,-3.0828397621736854,-11.350996402977612,316.5753555037347,166.14135909206726,222.64819887790657
15.35,3.0271740068066535,-1.3712571669019749,-10.39179460260541,311.07593719076795,165.04368970555885,234.49842501816826
15.36,3.996377130955822,0.12637760396077202,-9.552493027279732,306.263946166922,164.083228992364,244.86737289089723
15.37,4.844429864586345,1.4368080284656755,-8.818104148869764,302.0534540210567,163.2428258683185,253.94020227953507
15.38,5.586476006513052,2.583434649907466,-8.175513880261043,298.3692733934247,162.5074731347787,261.8789279945932
15.39,6.23576638069892,3.5867329436690327,-7.613247395228413,295.1456153442466,161.8640394929314,268.8253129952691
15.4,6.803895458111556,4.4646189507104035,-7.1212642208248615,292.3249145512158,161.30103505631496,274.9033998708604
15.41,7.3010084008476115,5.232769206871604,-6.690778943221754,289.85680135731377,160.8084061742756,280.2217258870029
15.42,7.73598222574166,5.904900681012654,-6.314104325319035,287.69720231264955,160.37735590249116,284.8752611511276
15.43,8.116584322523952,6.493015720886072,-5.984514034654156,285.80755314856833,160.00018691467977,288.94710450723665
15.44,8.449611157208459,7.007616380775314,-5.696122530322387,284.1541101299973,159.6701640503448,292.50996744383207
15.45,8.7410096375574,7.457891958178399,-5.443779964032089,262.2017211137477,158.8345179190517,278.21934713835304
15.46,8.995983307862726,7.851883088406099,-5.222980218528078,242.99338072452923,158.10332755417025,265.7150543710589
15.47,9.219085269379885,8.196625327355337,-5.029780441212068,226.18608288396308,157.46353598489898,254.77379819967655
15.48,9.4142994857074,8.49827478643592,-4.86073063606056,211.4796972734677,156.90371836178662,245.20019904971699
15.49,9.585111924993974,8.76221806313143,-4.71281205655299,198.61160986428425,156.4138779415633,236.82329979350237
15.5,8.148960184369727,9.218973680240001,-3.5474150494838663,187.35203338124873,155.9852675738679,229.49351294431457
15.51,6.892327411323511,9.618634845210002,-2.527692668298383,177.49990395859265,155.6102335021344,223.07994945127527
15.52,5.792773734908072,9.968338364558752,-1.635435584761085,168.87929071376857,155.2820786893676,217.46808139486586
15.53,4.830664268044562,10.274328943988909,-0.8547106366659495,161.3362541245475,154.99494322819666,212.55769684550765
15.54,3.9888184845389913,10.542070700990296,-0.17157630708270588,154.7360971089791,154.74369969967208,208.2611103648192
15.55,3.2522034239716175,10.77634473836651,0.4261662313026323,148.96095972035673,154.52386161221307,204.5015971942168
15.56,2.6076652459751655,10.981334521070696,0.9491909523898032,143.90771450531216,154.33150328568644,201.2120231699397
15.57,2.04369434022827,11.16070058093686,1.4068375833410778,139.48612494214814,154.16318974997563,198.33364589869726
15.58,1.550219797699736,11.317645883319752,1.807278385423443,135.61723407437964,154.0159154062287,195.8150657863601
15.59,1.118429572987269,11.454973022904783,2.1576640872455126,132.2319545650822,153.8870503554501,193.6113081880651
15.6,0.7406131263638605,11.575134270041685,2.4642515763398234,129.2698349944469,153.77429343601884,191.68302028955696
15.61,0.4100237355683779,11.680275361286474,2.7325156292973456,114.98798062014104,151.3875075065165,179.51326787836234
15.62,0.12075801862233065,11.772273816125665,2.9672466756351774,102.49135804262342,149.29906981820193,168.86473451856705
15.63,-0.13234948370546068,11.852772464109957,3.1726363411807803,91.55681328729548,147.47168684092668,159.54726782874616
15.64,-0.3538185482422781,11.923208781096212,3.352352298533183,81.98908662638355,145.87272673581086,151.3944844751529
15.65,-0.5476039797119934,11.984840558459187,3.509603761216535,73.6173257980856,144.4736366438345,144.26079904075877
15.66,-1.2271732322479942,11.96897911365179,3.751966791064468,66.2920350733249,143.24943281335518,138.01882428566392
15.67,-1.8217963282169949,11.955100349445317,3.9640344421814095,59.882405689159285,142.17825446168578,132.55709637495593
15.68,-2.3420915371898707,11.942956430764653,4.149593636908733,54.273979978014374,141.24097340397506,127.77808445308645
15.69,-2.797349845041137,11.932330501919072,4.311957932295142,49.366607480762575,140.42085247847817,123.59644902145065
15.7,-3.195700864410995,11.923032814179189,4.4540266907582495,45.07265654566725,139.70324666866838,119.93751801876932
15.71,-3.544258006359621,11.91489733740679,4.578336854413468,41.31544947745884,139.07534158508483,116.73595339142317
15.72,-3.8492455055646686,11.907778795230943,4.687108247611786,38.02789329277648,138.5259246369492,113.93458434249527
15.73,-4.116109567369085,11.901550070827076,4.782283216660312,35.15128163117942,138.04518480733057,111.48338642468336
15.74,-4.349615621447949,11.896099936973693,4.865561314577773,32.634246427281994,137.62453745641426,109.33858824659795
15.75,-4.553933418766955,11.891331069851981,4.938429650255552,30.431840623871743,137.25647102436247,107.46188984077321
15.76,-4.732711491421085,11.887158311120483,5.002189443973608,28.504735545887776,136.93441289631716,105.81977873567656
15.77,-4.88914230499345,11.883507147230423,5.057979263476907,24.534768602651805,133.7301115342775,95.121056518717
15.78,-5.026019266869269,11.880312378826622,5.106795355542294,21.06104752732033,130.92634784249282,85.75967457887738
15.79,-5.14578660851061,11.877516956473295,5.149509436099507,18.021541586405288,128.47305461218122,77.56846538151771
15.8,-5.250583032446784,11.875070961914133,5.186884256587069,15.361973888104627,126.32642303565856,70.401157333828
15.81,-5.342279903390936,11.872930716674867,5.219587224513685,13.034852152091549,124.44812040620124,64.1297627920995
15.82,-5.1711571654670685,10.985635627090508,4.143295696449473,10.998620633080106,122.80460560542608,58.642292568087065
15.83,-5.021424769783685,10.209252423704195,3.201540609393289,9.216918053945093,121.3665301547478,53.840756122076186
15.84,-4.890408923560725,9.52991712074117,2.377504908219128,7.6579282972019564,120.10821413540432,49.639411731816665
15.85,-4.775770058115634,8.935498730648522,1.6564736696917373,6.293812260051712,119.00718761847878,45.963235390339584
15.86,-4.67546105085118,8.415382639317457,1.02557133598027,5.100210727545248,118.04378941616892,42.746581091547135
15.87,-4.587690669494782,7.960281059402774,0.47353179398273626,4.055809386602092,117.2008159891478,39.93200858010375
15.88,-4.510891585807934,7.562067176977427,-0.009502805265105774,3.1419582132768302,116.46321424050433,37.46925763259078
15.89,-4.443692387581942,7.213630029855248,-0.43215807960696756,2.3423384366172266,115.81781271044127,35.31435055351694
15.9,-4.3848930891341995,6.908747526123342,-0.8019814446560967,1.6426711320400735,115.2530863716361,33.428806859327324
15.91,-4.333443702992425,6.641975335357924,-1.1255768890740847,1.0304622405350643,114.75895082518159,31.77895612691141
15.92,-4.288425490118372,6.408549668438183,-1.4087229029398243,-26.79647016453182,115.09220634703388,4.015336986047487
15.93,-4.249034553853575,6.2043022098834095,-1.656475665072346,-51.14503601896534,115.38380492865464,-20.277829762208448
15.94,-4.214567484621878,6.025585683647983,-1.8732593319383026,-72.45003114159468,115.63895368757281,-41.53435066693239
15.95,-4.184408799044144,5.869208723191985,-2.0629450404460146,-91.09190187389535,115.8622088516262,-60.13380645856584
15.96,-4.158019949163626,5.732378882792986,-2.2289200353902627,-107.40353876465844,116.05755712017293,-76.40833027624511
15.97,-4.134929705518173,5.612652772443862,-2.3741481559664797,-121.67622104407613,116.2284868551513,-90.64853861671446
15.98,-3.7563406173284015,1.449587425888379,-3.6020627614706697,-134.1648180385666,116.37805037325738,-103.10872091462517
15.99,-3.4250751651623514,-2.1930947523476685,-4.676488041286836,-145.09234040874577,116.50891845160021,-114.01138042529703
16.0,-3.1352178945170577,-5.3804416583042105,-5.6166101611259815,-154.65392248265255,116.62342802015017,-123.5512074971349
16.01,-2.8815927827024255,-8.169370201016186,-6.439217015985234,-163.02030679732098,116.7236238926314,-131.89855618499303
16.02,-2.6596708098646222,-10.609682675889163,-7.1589980139870795,-170.34089307265586,116.81129528105247,-139.2024862868689
16.03,-2.4654890836315446,-12.744956091403019,-7.788806387238695,-176.74640606357386,116.8880077459209,-145.5934251260103
16.04,-2.2955800731776015,-14.61332032997764,-8.339888713833858,-182.3512299306271,116.95513115268078,-151.185496610259
16.05,-2.1469096890304016,-16.248139038730436,-8.822085749604625,-187.2554508142987,117.01386413359567,-156.07855915897665
16.06,-2.0168231029016015,-17.67860540888913,-9.244008155904046,-191.54664408751137,117.06525549189621,-160.35998888910459
16.07,-1.9029973400389015,-18.93026348277799,-9.61319026141604,-195.30143820157244,117.11022293040918,-164.1062399029665
16.08,-1.803399797534039,-20.025464297430737,-9.936224603739035,-198.58688305137588,117.14956943910802,-167.3842095400957
16.09,-1.716251947842284,-20.983765010251894,-10.218879653271655,-231.13727566995388,121.82149800921951,-211.01868334758373
16.1,-1.6399975793619985,-21.822278133970407,-10.466202821612697,-259.61886921120964,125.90943550806706,-249.19884792913578
16.11,-1.5732750069417487,-22.555977117224106,-10.68261059391111,-284.54026355980847,129.4863808195587,-282.60649193799384
16.12,-1.5148927560740302,-23.197963727571093,-10.87196739467222,-306.34648361483244,132.61620796711387,-311.8381804457446
16.13,-1.4638082865647766,-23.759702011624704,-11.037654595338191,-325.4269261629784,135.35480672122463,-337.4159078900266
16.14,-1.1673567507441793,-21.291856635171616,-7.824847645920917,-342.12231339260615,137.75108063107157,-359.79641940377326
16.15,-0.9079616569011568,-19.132491930775164,-5.0136415651808015,-356.7307772185304,139.84782030218764,-379.3793669783016
16.16,-0.6809909497885123,-17.24304781442827,-2.553836244533201,-369.51318306621414,141.68246751441418,-396.5144461060139
16.17,-0.4823915810649482,-15.589784212624735,-0.40150658896655056,-380.6977881829374,143.28778382511243,-411.50764034276216
16.18,-0.30861713343182967,-14.143178561046643,1.4817818596542685,-390.48431766007025,144.69243559697338,-424.6266852999169
16.19,-0.15656449175285098,-12.877398615915812,3.129659252197485,-399.0475309525615,145.92150589735172,-436.1058496374273
16.2,-0.02351843028374459,-11.769841163926335,4.571551970672799,-406.54034258349134,146.99694241018275,-446.1501184327489
16.21,0.09289687350172349,-10.800728393435543,5.8332080993387,-413.09655276055497,147.93794935890992,-454.9388536286553
16.22,0.19476026431400806,-9.952754719256099,6.937157211921363,-418.83323666548563,148.7613304390462,-462.6289969250734
16.23,0.28389073127475706,-9.210777754349087,7.903112685431193,-423.8528350822999,149.48178888416544,-469.35787230943924
16.24,0.3618798898654124,-8.56154791005545,8.748323724752293,-428.24498369701246,150.11219002364479,-475.24563827075934
16.25,0.43012040363223586,-7.993471796298519,9.487883384158255,-324.2531109848859,168.32566639568918,-411.74493323691445
16.26,0.4898308531782064,-7.496405196761204,10.134998086138474,-233.26022236177513,184.26245822122803,-356.1818163323002
16.27,0.5420774965309306,-7.061471922166054,10.701223450371165,-153.64144481655325,198.20715106857455,-307.56408904076267
16.28,0.5877933094645643,-6.680905306895297,11.19667064407477,-83.97501446448408,210.40875731000273,-265.02357766066734
16.29,0.6277946457814938,-6.347909518533385,11.630186938565423,-23.01688790642357,221.08516277125239,-227.80063020308393
16.3,0.0030036900588070736,-7.357680203716711,9.058113446244745,30.321472831879376,230.42701754984586,-195.23055117769843
16.31,-0.5436883961985438,-8.241229553252122,6.807549140464151,76.99253847789446,238.60114048111512,-166.7317320304861
16.32,-1.022043971673726,-9.014335234095606,4.838305372906132,117.82972091815765,245.75349804597573,-141.79526527667537
16.33,-1.4406051002145102,-9.690802704833656,3.115217076292865,153.56225555338796,252.01181091522878,-119.97585686709095
16.34,-1.8068460876876964,-10.282711741729448,1.6075148167562567,184.82822335921446,257.4878346758252,-100.8838745087046
16.35,-2.1273069517267347,-10.800632149013268,0.2882753396617246,212.18594518931266,262.27935546634706,-84.17838994511652
16.36,-2.4077102077608927,-11.253812505386609,-0.866059202795991,236.1239517906486,266.47193615805367,-69.56109095197695
16.37,-2.6530630567907814,-11.650345317213283,-1.876101927446492,257.0697075668175,270.14044426329696,-56.770954332979834
16.38,-2.8677467996919335,-11.997311527561623,-2.7598893115156806,275.3972438709653,273.35038885538484,-45.579584791357355
16.39,-3.0555950747304417,-12.30090696161642,-3.5332032725762206,291.43383813709465,276.1590903734617,-35.787136442437685
16.4,-3.219962315389137,-12.566552966414367,-4.209852988504193,305.46585811995783,278.616704201779,-27.218744137132973
16.41,-3.3637836509654946,-12.798993220612571,-4.801921489941169,302.4401264799631,268.2327406765566,16.87547538000865
16.42,-1.1252654445948078,-9.857270193036,-5.076928303698523,299.79261129496774,259.14677259198703,55.45791745750756
16.43,0.8334379859795431,-7.283262543906499,-5.317559265736207,297.4760355080968,251.19655051798867,89.21755427531912
16.44,2.5473034877321004,-5.031005850918186,-5.528111357519181,295.44903169458473,244.2401062032401,118.75723649090423
16.45,3.8154868017655876,-3.543171494553413,-5.232034437829284,293.67540335776164,238.1532174278351,144.6044584295412
16.46,4.925147201544889,-2.2413164327342363,-4.972967133100623,292.12347856304143,232.82718974935574,167.22077762584857
16.47,5.608708176351778,-1.2560283786424566,-4.692195491463044,290.7655443676613,228.16691553068628,187.0100569226175
16.48,6.206824029307805,-0.39390133131214955,-4.446520305030163,289.57735194670363,224.0891755893505,204.32567630729034
16.49,6.89985440064433,0.6678690851018693,-4.422916141901393,288.53768357836566,220.5211531406817,219.47684326887904
16.5,7.506255975563788,1.5969181994641357,-4.402262499163719,287.62797375606993,217.3991334980965,232.73411436026916
16.51,7.878113478618315,2.525519049531119,-3.7510240617682538,286.8319776615612,214.66736631083444,244.33422656523553
16.52,8.203488793791024,3.338044793339729,-3.1811904290472217,286.13548107886606,212.27707002198014,254.4843247445811
16.53,7.102804944567146,3.414910819172263,-2.4734126254163193,285.5260465690078,210.18556076923264,263.36566065150845
16.54,6.139706576496253,3.48216859177573,-1.8541070472392795,284.9927913728818,208.35549017307858,271.1368295700699
16.55,4.900003004434222,3.209957267803764,-1.1767187913343695,284.52619307627157,206.75417840144377,277.9366023738111
16.56,3.8152623788799436,2.9717723593282934,-0.5840040674175733,284.1179195667376,205.3530306012633,283.8864035770847
16.57,3.9441003315199508,3.2110254394122566,0.11077394100962334,258.4294296208954,195.28515177610538,269.0812291299491
16.58,3.6871664150799566,3.3983046344857244,0.7621826983834205,235.95200091828346,186.4757578040922,256.12670148870546
16.59,3.462349238194962,3.5621739301750086,1.3321653610854929,216.28425080349803,178.76753807858069,244.79148980261726
16.6,2.371110458420592,3.3599000639031327,1.664809065949806,199.07496945306076,172.0228458187581,234.8731795772901
16.61,1.416276526118018,3.182910430915241,1.9558723077060804,184.01684827142816,166.12124009141334,226.19465813012883
16.62,0.5807968353532657,3.0280445020508355,2.2105526442428203,170.84099223749962,160.95733507998668,218.60095186386272
16.63,-0.15407064406589255,2.840345939294481,2.4633308137124676,159.31211820781215,156.43891819498833,211.95645888087986
16.64,-0.7970796885576559,2.676109696882671,2.684511711998409,149.22435343183562,152.4853034206148,206.14252752076987
16.65,-1.2792132274879489,2.6864959847723373,2.818194247998608,140.39755925285615,149.02589049303793,201.05533758067364
16.66,-2.0010780740519554,2.6929233616757955,2.905002966998782,132.67411434624913,145.9989041814082,196.6040463830894
16.67,-2.632709814795461,2.698547316466321,2.9809605961239343,125.91610005296799,143.35029115873218,192.70916658520323
16.68,-3.2982538379460284,2.683143901908031,2.9842671466084423,120.002837546347,141.03275476389067,189.3011467620528
16.69,-3.880604858202775,2.6696659141695274,2.987160378282387,114.82873285305362,139.00491041840434,186.3191294167962
16.7,-4.205840125927428,2.731156174898336,2.9267170809970886,110.30139124642191,137.2305466161038,183.70986423969666
16.71,-4.4904209851865,2.784960153036044,2.8738291958724522,106.33996734061918,135.67797828909082,181.42675720973457
16.72,-4.632433737038188,2.8190790089065385,2.8248170463883957,102.87372142304179,134.31948100295446,179.42903855851773
16.73,-4.7566948949084145,2.8489330077932213,2.7819314155898462,87.82700624516156,140.38017087758516,166.253534113703
16.74,-4.865423408044863,2.875055256819069,2.7444064886411157,74.66113046451636,145.683274517887,154.72496772449014
16.75,-5.102652982039255,2.8255345997166854,2.650965427560976,63.14098915645181,150.32349020315115,144.63747213392887
16.76,-5.361174484284349,2.7104155247521,2.493185749115854,53.06086551189533,154.38367892775727,135.81091349218775
16.77,-5.587380798748805,2.6096863341580874,2.3551285304763727,44.240757322908415,157.93634406178762,128.0876746806643
16.78,-5.8751489489052044,2.4705819173883263,2.2477337141668263,36.523162657544866,161.04492605406418,121.32984072058125
16.79,-6.126946080292054,2.3488655527147855,2.153763249895973,29.770267325351757,163.76493529730615,115.41673600550858
16.8,-6.347268570255547,2.2423637336254374,2.071539093658976,23.861483909682786,166.14494338514288,110.24276937982
16.81,-6.399794623973603,2.150299891922258,1.841765331951604,18.691298420972437,168.22745046200004,105.7155485823425
16.82,-6.445754920976903,2.0697440304319756,1.6407132904576536,14.167386118350883,170.04964415425005,101.75423038454969
16.83,-6.14464018085479,1.9319232766279788,1.2379742541504468,10.208962853557022,171.6440636349688,98.28807696148097
16.84,-5.88116478324794,1.8113301170494815,0.8855775973816409,6.745342496862394,173.0391806805977,95.25519271629584
16.85,-5.361997435341948,1.6179458524182964,0.6723058977089358,3.714674684754595,174.259908095523,92.60141900175886
16.86,-4.7912677559242045,1.2944059958660092,0.5337414104953188,1.0628403491602705,175.32804458358262,90.279367001539
16.87,-4.291879286433679,1.011308621382758,0.41249748418340393,-1.2575146944847633,176.2626640106348,88.24757150134663
16.88,-3.820645250629469,0.7715771687099132,0.33287667366047846,-3.287825357674168,177.08045600930546,86.46975043867829
16.89,-3.4083154693007853,0.561812147621174,0.2632084644529187,-7.938722187964896,158.97039913314228,83.9604065088435
16.9,-3.056503285638187,0.48760150416852727,0.14154103139630386,-12.008256914469284,143.12409936649948,81.76473057023806
16.91,-2.7486676249334137,0.4226671911474614,0.03508202747176588,-15.569099800160622,129.25858707068704,79.8435141239583
16.92,-2.4793114218167367,0.3658496672540287,-0.05806960096220485,-18.684837325140546,117.12626381185116,78.1624497334635
16.93,-2.3077879940896446,0.2819757088472751,-0.2621242758419292,-21.41110765949798,106.51048096036978,76.69151839178056
16.94,-2.157704994828439,0.20858599524136567,-0.440672116361688,-23.79659420206073,97.22167096532355,75.40445346780798
16.95,-2.022885745474884,0.17330699583619497,-0.580496101816477,-25.88389492680314,89.09396221965811,74.27827165933198
16.96,-1.9049189022905235,0.14243787135667058,-0.7028420890894174,-27.710283060952747,81.98221706720085,73.29286257691548
16.97,-1.715821789504208,0.14336526243708675,-0.8587804529532402,-29.308372678333654,75.75944005880075,72.43062962980105
16.98,-1.550361815816182,0.1441767296324509,-0.9952265213340852,-30.706701093541948,70.31451017645067,71.67617580107591
16.99,-1.3895558388391593,0.13515488842839452,-1.1182910811673246,-31.930238456849207,65.55019652939434,71.01602870094142
17.0,-1.1838342339842645,0.023467777374845206,-1.197069196021409,-33.00083364974306,61.38142208822005,70.43839998832374
17.01,-1.0038278297362315,-0.07425844479701044,-1.2660000465187329,-33.937604443525174,57.73374445219254,69.93297486478328
17.02,-0.8463222260192026,-0.15976888919738413,-1.3263145407038912,-34.75727888808453,54.54202652066847,69.49072788168537
17.03,-0.5710186977668024,-0.32911715304771116,-1.3085617231159048,-35.47449402707396,51.74927333058491,69.10376177147471
17.04,-0.3301281105459521,-0.4772968839167473,-1.2930280077264167,-36.10205727368972,49.3056142892618,68.76516642504038
17.05,-0.08908684672770809,-0.7026867734271539,-1.1950015067606146,-46.6042996144785,46.72116250310407,51.58577087191033
17.06,0.17237000911325545,-1.0382593017487596,-1.0998598184155377,-55.793761662668686,44.459767190216056,36.553799762921535
17.07,0.40114475797409854,-1.3318852640301646,-1.0166108411135955,-63.834540954835106,42.48104629143905,23.40082504255634
17.08,0.5795100382273363,-1.680578981026394,-1.061729360974396,-70.87022283548072,40.74966550500917,11.891972162236799
17.09,0.7355796584489193,-1.9856859833980949,-1.1012080658525967,-77.02644448104563,39.234707316883025,1.8217258919571986
17.1,0.7972295761428044,-2.424951985473333,-1.403700557621022,-82.41313842091493,37.909118902272645,-6.989739594537452
17.11,0.8511732541249539,-2.8093097372891664,-1.6683814879183942,-87.12649561830057,36.74922903948856,-14.699771895220271
17.12,0.8983739723593347,-3.145622770128021,-1.899977301928595,-91.25068316601299,35.73432540955249,-21.44605015831774
17.13,0.9558814758144178,-3.6981627988620183,-2.3457130141875204,-94.85934727026137,34.84628473335843,-27.349043638528023
17.14,1.0062005413376156,-4.181635324004266,-2.7357317624140802,-98.01692836147869,34.06924914168863,-32.51416293371202
17.15,1.1469923486704137,-4.960924533503733,-3.1735469171123203,-100.77981181629386,33.389342998977554,-37.03364231699802
17.16,1.270185180086612,-5.642802591815766,-3.5566351774732805,-103.19733483925712,32.79442512410536,-40.98818677737327
17.17,1.4822040325757855,-6.382948767838795,-3.95566878028912,-105.31266748434999,32.27387198359219,-44.44841318020162
17.18,1.8851759035038125,-6.967969171858945,-4.5605925577529804,-107.16358354880624,31.818387985643163,-47.47611128267642
17.19,2.237776290565836,-7.479862025376576,-5.089900863033858,-108.78313510520546,31.419839487437766,-50.12534712234187
17.2,2.6426937542451063,-7.981111397204504,-5.694693630154625,-135.54461934205477,54.630485551508045,-92.15530435704915
17.21,2.996996534964468,-8.419704597553942,-6.2238873013852976,-158.9609180492979,74.93980085756954,-128.931516937418
17.22,3.3070114680939096,-8.803473647859699,-6.686931763712136,-179.45017941813563,92.71045175037335,-161.11070294524075
17.23,3.6391076595821708,-9.507557566877237,-6.766556918248119,-197.37828311586867,108.25977128157669,-189.26749070208564
17.24,3.9296918271343997,-10.123630996017582,-6.836228928467104,-213.06537385138506,121.8654258713796,-213.90467998932496
17.25,4.4581533487426,-11.540790871515384,-6.084179062408716,-226.7915782449619,133.77037363745717,-235.46222061565936
17.26,4.920557180149776,-12.78080576257596,-5.426135429607627,-238.80200708934166,144.18720293277502,-254.32506866370193
17.27,5.670695157631053,-15.031094667253965,-3.854453750906674,-249.31113232817393,153.30192856617816,-270.8300607057392
17.28,5.904626137927172,-16.94447058384722,-1.3339216570433399,-258.5066169121522,161.2773134954059,-285.27192874252177
17.29,6.109315745686276,-18.618674510866317,0.8715439250870776,-266.5526659231332,168.25577530848017,-297.9085632747065
17.3,5.422306652475491,-17.670996197008026,3.002426809451193,-273.5929588077415,174.36192939492014,-308.96561849036823
17.31,4.8211736959160545,-16.841777672382023,4.866949333269794,-279.7532150817738,179.70481422055514,-318.6405418040722
17.32,4.125185733926548,-13.43937508833427,6.22114791661107,-285.1434393215521,184.37983844298574,-327.1060997035632
17.33,3.5161962671857294,-10.462272827292486,7.406071677034686,-289.8598855313581,188.47048463761251,-334.5134628656178
17.34,2.983330483787513,-7.857308348880926,8.44287996740535,-293.9867759649383,192.04980005791094,-340.99490563241557
17.35,2.813229298314074,-5.10405643027081,9.120139971479682,-297.597805094321,195.18170105067207,-346.6661680533636
17.36,1.651302886024815,-3.385324626486959,9.449776100044723,-300.7574555825309,197.92211441933807,-351.6285226716932
17.37,0.634617275271713,-1.8814342981760892,9.738207712539133,-281.62527350971453,207.07935149192082,-360.4943333377315
17.38,-1.661369634137251,-0.3476063859040781,9.541510373471741,-264.8846141960002,215.0919339304307,-368.25191767051507
17.39,-3.670358179870094,0.9944930373339317,9.369400201787775,-250.23653729650016,222.10294356412686,-375.03980396170067
17.4,-5.046661532386333,2.29313028266719,8.532974801564304,-237.41947000943765,228.237576993611,-380.97920446648806
17.41,-6.250926965838041,3.4294378723337915,7.801102576368765,-226.20453613325793,233.6053812444096,-386.176179908177
17.42,-6.317062595108286,4.048137638292067,7.03103625432267,-216.39146899160068,238.3022099638584,-390.72353341965487
17.43,-6.374931270719751,4.589499933505558,6.357228222532336,-207.80503524265058,242.4119350933761,-394.702467742198
17.44,-6.425566361879782,5.063191941817363,5.767646194715794,-200.29190571231925,246.00794458170407,-398.18403527442325
17.45,-6.035573066644809,4.856154324090193,4.87747479537632,-193.71791737327933,249.15445288399104,-401.2304068651203
17.46,-5.694328933314208,4.674996408578919,4.09857482095428,-187.9656775766194,251.90764764849214,-403.89598200698026
17.47,-5.821628191649932,4.031239857506554,2.700537593334995,-182.932467754542,254.3166930674306,-406.2283602561077
17.48,-5.74652216769369,3.1496691253182343,1.0268778941681207,-178.52840916022424,256.42460780900177,-408.2691912240942
17.49,-5.680804396731978,2.378294734653455,-0.4375743426028943,-174.6748578901962,258.26903320787653,-410.05491832108237
17.5,-5.6233013471404805,1.703342142821773,-1.7189700497775324,-171.30300052892167,259.88290543189197,-411.61742953094705
17.51,-4.91574230374792,0.8191057499690514,-3.245264668555341,-168.35262533780644,261.2950436279055,-412.98462683957865
17.52,-3.82206901577943,-0.03126646877708006,-4.537799959985923,-165.77104704558064,262.53066454941734,-414.1809244846313
17.53,-2.8651048888070014,-0.7753421601799451,-5.6687683399876825,-86.18404278988307,253.46183198074016,-351.7858091740524
17.54,-2.0277612777061265,-1.426408390157452,-6.658365672489222,-16.545414066147686,245.52660348314765,-297.1900832772959
17.55,-1.0406549929928608,-1.6597468413877705,-7.29667333842807,44.38838606712078,238.5832785477542,-249.41882311763393
17.56,0.004820256131246814,-1.1224664862142992,-8.015970171124561,97.70546118373068,232.50786922928492,-207.61897047792968
17.57,0.919611099114841,-0.6523461754375118,-8.64535489973399,144.35790191076433,227.1918860756243,-171.04409941818847
17.58,1.6557268367254858,0.13597409649217718,-8.974895787267242,185.17878754691878,222.54040081617126,-139.0410872409149
17.59,2.2998281071348003,0.825754334430655,-9.263244063858837,220.89706247855395,218.47035121414984,-111.03845158580053
17.6,2.95081934374295,1.619314042626823,-9.237816430876482,252.1505530437347,214.90905781238112,-86.53614538757546
17.61,3.5204366757750813,2.3136787872984703,-9.215567252016921,279.49735728826784,211.79292608583347,-65.09662746412852
17.62,4.386612716303196,3.6150576888861616,-9.014853970514805,303.42581100223435,209.0663108251043,-46.337049281112456
17.63,5.1445167517652965,4.753764227775392,-8.839229849200454,324.36320800195506,206.68052247196627,-29.9224183709734
17.64,5.807682782794634,5.750132449303468,-8.685558743050397,342.68343037671065,204.5929576629705,-15.559616324601727
17.65,5.945944684945305,6.790817393140535,-7.8077894001690975,358.7136249546218,202.76633845509917,-2.992164534026511
17.66,5.347483099327142,6.934611218997968,-6.51979460014796,372.74004521029406,201.16804664821177,8.004355782726803
17.67,4.8238292119112485,7.060430816623222,-5.3927991501294645,385.0131629340073,199.76954131718531,17.62631105988595
17.68,4.7865463104223425,7.062494589545318,-4.601242256363282,374.94026769225644,193.29584815253716,48.90927105240021
17.69,4.753923771619549,7.0643003908521536,-3.908629974317872,366.1264843557244,187.63136663347,76.28186104585018
17.7,5.307037300167106,7.0287783419956344,-3.650260602528138,358.41442393625886,182.67494530428627,100.2328772901189
17.71,5.791011637646218,6.9976965492461805,-3.4241874022121204,351.6663710692265,178.3380766412505,121.19001650385404
17.72,5.44488643294044,6.937466355590408,-2.6370871019356055,345.7618248105732,174.54331656109417,139.52751331587228
17.73,5.142026878822885,6.8847649361416074,-1.9483743391936548,340.5953468342516,171.2229014909574,155.57282302638825
17.74,4.877024768970025,6.838651194123907,-1.3457506717944479,336.0746786049702,168.31753830458774,169.61246902308972
17.75,4.151091172848772,6.323919669858419,-0.6637788378201418,332.1190939043489,165.77534551651428,181.8971592702035
17.76,3.674911651242675,5.865604086126116,-0.527258358092624,328.6579572913053,163.55092682695,192.64626323642807
17.77,3.258254569837341,5.4645779503603515,-0.407802938331046,325.6294627548922,161.60456047358124,202.05172920687457
17.78,3.2131438736076734,5.5933627065653075,-0.18996944603966529,322.9795300355307,159.9014899143836,210.28151193101525
17.79,3.1736720144067143,5.706049368244644,0.0006348597152928681,320.66083890608934,158.41130317508566,217.48257181463833
17.8,2.836138262605875,5.579550697214064,0.5977988772508813,318.6319841678282,157.10738977819994,223.78349921280855
17.81,2.5407962297801405,5.468864360062306,1.1203173925945213,316.8567362718497,155.96646555592497,229.2968106862075
17.82,1.8438902010576228,4.902475190054518,1.770276343520206,315.3033943628685,154.96815686143435,234.12095822543156
17.83,1.23409742592542,4.406884666297703,2.3389904255801803,313.94422019251,154.09463675375505,238.3420873222526
17.84,0.7005287476847426,3.97324295801049,2.8366152473826576,295.11931754344624,144.42718240953567,234.36182703197102
17.85,0.4004971542241498,3.6129794632591787,3.2818707164598253,278.64752772551543,135.9681598583437,230.87909927797466
17.86,0.13796950994613108,3.2977489053517814,3.671469251902347,264.234711634826,128.56651512605075,227.83171249322783
17.87,0.10996532120286469,3.1576890421828088,3.9498454704145534,251.62349755547274,122.0900759852944,225.16524905657434
17.88,0.011717031052506599,3.1624247869099573,4.230795036612735,240.58868523603863,116.4231917371326,222.83209354950253
17.89,-0.07425022282905672,3.166568563546212,4.476625907036143,230.9332244565338,111.46466801999102,220.7905824808147
17.9,-0.19721444497542462,3.1875096181029354,4.713484043656625,222.48469627446707,107.12595976749215,219.00426029571287
17.91,-0.3048081393534965,3.2058330408400684,4.920734913199547,215.09223411515867,103.32959004655562,217.44122838374875
17.92,-0.39895262193430947,3.2218660357350597,5.102079424049603,208.62382972576384,100.00776654073617,216.07357546078015
17.93,-0.7163267941925209,3.208566656268177,5.170900371043403,202.96397588504334,97.10117097314415,214.87687915318264
17.94,-0.9940291949184558,3.196929699234655,5.231118699662978,198.01160377441292,94.55789985150113,213.82976988403482
17.95,-1.3551062955536488,3.289144111830323,5.249274987205105,193.6782781776113,92.33253762006349,212.91354927353046
17.96,-1.6710487586094427,3.3698317228515324,5.265161738804467,189.8866182804099,90.38534566755555,212.11185623933915
17.97,-1.8896971637832625,3.515168007495091,5.294051646453909,186.56891587035864,88.6815527091111,211.41037483442176
17.98,-2.1061207683103547,3.7138565065582045,5.15151694064717,183.6659262615638,87.19073387047222,210.796578605119
17.99,-2.29549142227156,3.887708943238429,5.0267990730662735,181.12581035386833,85.88626738666319,210.2595069044791
18.0,-2.549510494487615,3.9715892003336255,4.5933205639329895,178.9032089346348,84.74485921333029,209.7895691664192
18.01,-2.7717771826766633,4.044984425291922,4.2140268684413655,165.98593269280545,87.994252061664,202.5314983956168
18.02,-3.08096953484208,4.193476372130432,3.859930009886195,154.68331598120477,90.837470803956,196.1806864711647
18.03,-3.35151284298682,4.323406825614128,3.5500952586504204,144.79352635855417,93.3252872034615,190.6237260372691
18.04,-3.588238237613467,4.4370959724123615,3.278989851319118,136.1399604387349,95.50212655302882,185.76138565761048
18.05,-3.2909840829117836,4.185484475860816,3.3192058699042284,128.56809025889305,97.40686098390022,181.50683782540918
18.06,-3.0308866975478104,3.965324416378214,3.3543948861662,121.9427038515314,99.0735036109127,177.78410847223304
18.07,-2.915501360354334,3.7123186143309375,3.328925525395425,116.14549074508997,100.53181590954861,174.5267202882039
18.08,-2.8145391903100423,3.4909385375395705,3.3066398347209964,111.07292927695372,101.80783917085503,171.67650562717841
18.09,-2.894008166521287,3.4038433453471244,3.188741480380872,106.63443799233451,102.92435952449816,169.18256779878112
18.1,-2.8382607707061256,3.202474552178734,2.8069457953332626,102.75075811829271,103.90131483393588,167.0003721989335
18.11,-2.7894817993678602,3.026276858156392,2.4728745709166047,99.35253822850612,104.7561507296939,165.0909510490668
18.12,-2.746800199446878,2.8721038758868427,2.180562249552029,96.37909582494285,105.50413213848216,163.42020754293344
18.13,-2.6463376745160185,2.7213500164009874,2.0270138433580254,93.77733372182499,106.15861587117189,161.95830697506676
18.14,-2.3262202152015163,2.515706264350864,2.0184922379382724,91.50079188159685,106.73128913727541,160.67914397818342
18.15,-2.046117438301327,2.335767981307006,2.0110358331959883,89.50881777139725,107.23237824511598,159.5598763559105
18.16,-1.6631412585136611,2.04104423364363,1.9900169790464899,87.7658404249726,107.67083121447648,158.58051718642167
18.17,-1.3280371011994534,1.7831609544381763,1.9716254816656786,78.25636037185103,97.85635243766691,151.10857803811896
18.18,-0.8328140885495219,1.5317274601334043,1.8757025464574688,69.93556532536965,89.26868350795854,144.5706312833541
18.19,-0.3994939524808316,1.311723152616729,1.7917699781502854,62.65486965969844,81.75447319446373,138.84992787293484
18.2,-0.6208078334207277,1.237694008539638,1.6183122308815,56.28426095223614,75.17953917015576,133.844312388818
18.21,-0.8144574792431367,1.1729185074721833,1.4665367020213125,50.70997833320662,69.42647189888629,129.46439884021575
18.22,-1.0426570443377448,1.0719164440381606,1.2759857392686484,45.832481041555795,64.39253803652551,125.63197448518878
18.23,-1.2423316637955266,0.9835396385333904,1.1092536468600673,41.56467091136132,59.98784590695982,122.2786031745402
18.24,-0.9852115808210857,0.8640474337167167,0.9276998160025589,37.830337047441155,56.13374029358984,119.34440327772268
18.25,-0.76023150821845,0.759491754502127,0.7688402140022391,34.56279491651101,52.761397881891114,116.77697836800735
18.26,-0.8322578196911438,0.7147206601893611,0.6149541872519593,31.703695551947135,49.810598271654726,114.53048157200644
18.27,-0.8952808422297508,0.675545952665691,0.48030391384546445,29.201983607953743,47.22864861269788,112.56479687550564
18.28,-1.007036986951032,0.6503885835824796,0.4836955496147814,27.012985656959525,44.96944266111065,110.84482276606744
18.29,-1.104823613582153,0.6283758856346697,0.48666323091293373,25.097612449839584,42.992637453471815,109.33984542030902
18.3,-1.169835036884384,0.651845399930336,0.400199077048817,23.421660893609637,41.26293289678783,108.02299024277039
18.31,-1.2267200322738359,0.672381224939044,0.3245429424177149,21.95520328190843,39.749441409689354,106.87074196242409
18.32,-1.3993955282396064,0.7041838218216635,0.15836469961550054,20.672052871669877,38.425136358478184,105.86252471712109
18.33,-1.5504865872096556,0.7320110940939556,0.012958737163562967,19.54929626271114,37.266369438668406,104.98033462748094
18.34,-1.5104673888084486,0.6788415823322111,-0.09130422998188241,18.566884229872247,36.25244838383486,104.20841829904583
18.35,-1.4754505902073924,0.6323182595406848,-0.18253432623414712,17.707273701138217,35.365267460855506,103.5329915116651
