time,ax_filtered,ay_filtered,az_filtered,wx_filtered,wy_filtered,wz_filtered
0.0,2.055183,-3.424666,8.454405,56.524999,71.785001,1.05
0.01,2.055183,-3.424666,8.454405,56.524999,71.785001,1.05
0.02,2.055183,-3.424666,8.454405,56.524999,71.785001,1.05
0.03,2.055183,-3.424666,8.454405,56.524999,71.785001,1.05
0.04,2.055183,-3.424666,8.454405,56.524999,71.785001,1.05
0.05,2.055183,-3.424666,8.454405,56.524999,71.785001,1.05
0.06,2.055183,-3.424666,8.454405,56.524999,71.785001,1.05
0.07,2.055183,-3.424666,8.454405,56.524999,71.785001,1.05
0.08,2.055183,-3.424666,8.454405,56.524999,71.785001,1.05
0.09,2.055183,-3.424666,8.454405,56.524999,71.785001,1.05
0.1,2.055183,-3.424666,8.454405,56.524999,71.785001,1.05
0.11,2.055183,-3.424666,8.454405,56.524999,71.785001,1.05
0.12,2.055183,-3.424666,8.454405,56.524999,71.785001,1.05
0.13,2.055183,-3.424666,8.454405,56.524999,71.785001,1.05
0.14,2.055183,-3.424666,8.454405,56.524999,71.785001,1.05
0.15,2.055183,-3.424666,8.454405,56.524999,71.785001,1.05
0.16,1.72966725,-3.633775625,7.304278374999999,56.524999,71.785001,1.05
0.17,1.4448409687500001,-3.8167465468750006,6.297917578124999,56.524999,71.785001,1.05
0.18,1.1956179726562501,-3.9768461035156255,5.417351880859374,56.524999,71.785001,1.05
0.19,0.9775478510742188,-4.116933215576172,4.646856895751952,56.524999,71.785001,1.05
0.2,0.7867364946899416,-4.239509438629151,3.9726737837829584,56.524999,71.785001,1.05
0.21,0.6197765578536989,-4.346763633800507,3.3827635608100888,56.524999,71.785001,1.05
0.22,0.4736866131219865,-4.440611054575444,2.8665921157088277,56.524999,71.785001,1.05
0.23,0.3458579114817382,-4.522727547753513,2.4149421012452246,56.524999,71.785001,1.05
0.24,0.23400779754652096,-4.594579479284325,2.019748338589572,34.79874875,79.35375049999999,-8.238125125
0.25,0.13613894785320585,-4.657449919373784,1.6739537962658753,15.788279781249999,85.97640631249999,-16.365234609375
0.26,0.05050370437155513,-4.712461554452061,1.3713835717326408,-0.845880566406251,91.7712301484375,-23.476455408203126
0.27,-0.02442713367488926,-4.760596735145554,1.1066346252660606,-15.40077087060547,96.8417010048828,-29.698773607177735
0.28,-0.0899916169655281,-4.80271501825236,0.874979297107803,-28.13629988677979,101.27836300427245,-35.14330203128051
0.29,-0.14736053984483707,-4.839568515970815,0.6722808849693276,-39.279887775932316,105.16044225373838,-39.907264402370444
0.3,-0.19755834736423245,-4.871815326474463,0.4949197743481616,-49.03052717894078,108.55726159702107,-44.075731477074136
0.31,-0.2414814289437034,-4.900031285665156,0.3397288025546414,-57.56233665657319,111.52947852239342,-47.723140167439865
0.32,-0.5288343753257405,-7.006411499957011,-1.1466420477646888,-65.02766994950154,114.13016833209423,-50.91462277150988
0.33,-0.780268203410023,-8.849494187462385,-2.447216541794103,-71.55983658081385,116.40577191558245,-53.70717005007115
0.34,-1.0002728029837702,-10.462191539029588,-3.5852192240698404,-77.27548238321212,118.39692505113464,-56.15064891881225
0.35,-1.1927768276107988,-11.87330172165089,-4.58097157106111,-82.2766724603106,120.13918404474282,-58.28869292896072
0.36,-1.3612178491594489,-13.10802313144453,-5.452254874678471,-86.65271377777178,121.66366066414997,-60.15948143784063
0.37,-1.5086037430145178,-14.188404365013964,-6.2146277653436615,-90.48174993055031,122.99757770613121,-61.796421383110555
0.38,-1.637566400137703,-15.133737944387219,-6.881704044675703,-93.83215656423151,124.16475511786481,-63.228743835221735
0.39,-1.75040872512049,-15.960904826338817,-7.46539578909124,-96.76376236870257,125.1860353531317,-64.48202598081902
0.4,-1.8491457594804288,-16.684675848046464,-7.976126065454835,-99.32891744761474,126.07965555899023,-65.57864785821664
0.41,-1.9355406645453752,-17.317975492040656,-8.42301505727298,-172.9690540166629,139.10282273911645,-92.41194325093956
0.42,-2.0111362064772034,-17.872112680535572,-8.814042925113858,-237.40417351458004,150.4980940217269,-115.89107671957211
0.43,-2.077282305667553,-18.356982720468626,-9.156192309474626,-293.78490307525755,160.46895639401103,-136.4353185046256
0.44,-2.135160142459109,-18.781244005410045,-9.455573020790299,-343.11804144085033,169.19346096975966,-154.4115300665474
0.45,-2.1858032496517206,-19.15247262973379,-9.717531143191511,-386.28453751074403,176.8274024735397,-170.140715183229
0.46,-2.2301159684452556,-19.477297676017066,-9.946744500292573,-424.05522157190103,183.50710128934725,-183.90375216032535
0.47,-2.268889597389599,-19.761519591514933,-10.147306187756001,-457.10457012541343,189.35183775317884,-195.94640951528467
0.48,-2.302816522715899,-20.010213767575564,-10.322797664286501,-486.02275010973676,194.46598215903148,-206.4837347008741
0.49,-1.3129902073764113,-23.394099421628617,-7.161061331250689,-511.32615759601964,198.94085851415255,-215.70389423826484
0.5,-0.4468921814543597,-26.35499936892504,-4.394542039844353,-533.4666391465172,202.8563753248835,-223.77153383348173
0.51,0.31094359122743526,-28.94578682280941,-1.973837659863809,-552.8395605032026,206.28245253427306,-230.8307184792965
0.52,0.9740498923240059,-31.212725844958236,0.14427867261916716,-569.7908666903022,209.28027009248893,-237.00750504438443
0.53,1.5542679057835052,-33.196297489338455,1.9976304635417712,-584.6232596040145,211.9033604559278,-242.41219328883636
0.54,2.061958667560567,-34.93192267817115,3.6193132805990498,-597.6016034035126,214.19856452393682,-247.14129550273182
0.55,2.506188084115496,-36.450594718399756,5.038285745524169,-608.9576542280736,216.20686808344473,-251.27925993989035
0.56,2.8948888236010593,-37.779432753599785,6.279886652333648,-618.8941986995644,217.96413369801414,-254.89997882240405
0.57,3.235001970650927,-38.94216603439981,7.366287445791942,-548.3792987371189,234.07486836076237,-263.2437314696035
0.58,3.5326009743195614,-39.959557655099836,8.316888140067949,-486.6787612699791,248.17176119066707,-270.5445150359031
0.59,3.7930001025296165,-40.849775323212356,9.148663747559455,-432.6907909862317,260.50654241683367,-276.9327006564152
0.6,4.020849339713414,-41.62871578281081,9.876467404114523,-385.4513169879528,271.29947598972944,-282.5223630743633
0.61,4.220217422249237,-42.31028868495946,10.513295603600207,-344.1167772394587,280.74329286601323,-287.41331769006786
0.62,4.394664494468082,-42.90666497433953,11.07052027815018,-307.9490549595264,289.0066326327616,-291.6929029788094
0.63,4.547305682659572,-43.428494227547084,11.558091868381407,-276.3022979645856,296.2370549286664,-295.43754010645824
0.64,1.6997515973271256,-40.16565932410369,10.69729113483373,-248.61138559401238,302.5636744375831,-298.714097593151
0.65,-0.7918582273387651,-37.31067878359073,9.944090492979512,-224.38183726976084,308.0994665078852,-301.5810853940071
0.66,-2.9720168239214195,-34.81257081064189,9.285039931357073,-203.18098248604073,312.94328456939957,-304.08969971975625
0.67,-4.879655595931242,-32.62672633431165,8.708370689937437,-184.63023455028565,317.1816253732246,-306.28473725478676
0.68,-6.548839521439836,-30.714112417522692,8.203785103695257,-168.39833010649994,320.89017357657156,-308.20539509793844
0.69,-8.009375456259857,-29.040575240332355,7.76227271573335,-154.19541371818744,324.1351532545001,-309.88597071069614
0.7,-9.287344399227374,-27.576230210290813,7.375949376266681,-141.767861878414,326.9745104726876,-311.3564743718591
0.71,-10.405567224323951,-26.29492830900446,7.037916454233346,-130.89375401861227,329.45894803860165,-312.64316507537677
0.72,-11.384012196283457,-25.173789145378905,6.742137647454178,-44.47953139128573,310.6678299087764,-231.3833938159547
0.73,-12.240151546748024,-24.19279237720654,6.483331191522406,31.132913407624983,294.2256015451794,-160.28109396396036
0.74,-12.98927347840452,-23.334420205055725,6.256875542582105,97.29380260667186,279.838651727032,-98.06658159346532
0.75,-13.644755168603954,-22.58334455442376,6.058726849759342,155.18458065583786,267.25007063615305,-43.62888326928215
0.76,-14.21830164752846,-21.92615336012079,5.885346743539425,205.83901144885812,256.2350621816339,4.004102764378118
0.77,-14.720154816587401,-21.35111106510569,5.733639150596997,250.16163839275083,246.59692978392965,45.68296554383085
0.78,-15.159276339513976,-20.84794905696748,5.600895006772372,288.943936968657,238.16356393593844,82.151970475852
0.79,-15.543507672074728,-20.407682299846545,5.4847438809258255,322.8784482225749,230.78436881894615,114.06234979137051
0.8,-10.567483338065388,-18.683577137365727,2.631261145810097,352.57114556975307,224.32757309157788,141.9839316924492
0.81,-6.213462045807216,-17.174985120195014,0.13446375258383503,378.552255748534,218.67787683013063,166.41531585589306
0.82,-2.4036934150813134,-15.854967105170637,-2.0502339664891442,401.2857271549673,213.7343926013643,187.79277699890642
0.83,0.9298541368038507,-14.699951342024308,-3.961844470678001,421.17751463559637,209.40884390119376,206.49805549904312
0.84,3.846708244703369,-13.68931254927127,-5.634503661843251,438.58282868114685,205.62398878854455,222.86517418666273
0.85,6.398955589115448,-12.805003605612361,-7.098080454112845,453.8124784710035,202.3122405649765,237.1864030383299
0.86,8.632172015476018,-12.031233279910817,-8.37871014734874,467.13842203712807,199.41446086935443,249.71747828353867
0.87,10.586236388541515,-11.354184244921964,-9.499261128930147,478.79862265748704,196.87890363568513,260.68216912309634
0.88,12.296042714973824,-10.761766339306718,-10.47974323781388,446.07379482530115,202.7277911812245,264.9825218577093
0.89,13.792123250602096,-10.243400671893378,-11.337665083087145,417.4395704721385,207.84556778357143,268.74533050049564
0.9,15.101193719276834,-9.789830712906705,-12.088346697701253,392.3846241631212,212.323622310625,272.0377880629337
0.91,16.24663037936723,-9.392956998793366,-12.745193110488596,370.46154614273104,216.2419200217969,274.918688430067
0.92,17.248887456946324,-9.045692498944195,-13.319933721677522,351.27885287488965,219.67043051907228,277.43947625130863
0.93,18.125862399828033,-8.741836061576171,-13.822831756467831,334.49399626552844,222.67037720418824,279.64516559489505
0.94,18.89321547484953,-8.47596167887915,-14.262867536909352,319.8072467323374,225.2953305536647,281.5751437705332
0.95,19.56464941549334,-8.243321594019257,-14.647898844795684,306.9563408907952,227.59216473445662,283.26387467421654
0.96,19.40044836355667,-5.49646939476685,-12.544882364196223,295.7117982794458,229.60189464264954,284.74151421493946
0.97,19.256772443112084,-3.0929737204209937,-10.704742943671695,285.8728234945151,231.36040831231836,286.03444881307206
0.98,19.13105601272307,-0.9899150053683696,-9.094620950712734,277.2637205577007,232.89910777327856,287.16576658643805
0.99,19.02105413613269,0.8502613703026766,-7.6857642068736425,269.7307554879881,234.24546980161875,288.1556696381333
1.0,18.9248024941161,2.460415699014842,-6.453014556014438,263.1394110519896,235.4235365764164,289.02183480836663
1.01,18.84058230735159,3.8693007366379866,-5.374358611512633,257.3719846704909,236.45434500436437,289.7797293323208
1.02,18.766889643932643,5.102075144558238,-4.430534660073555,252.32548658667955,237.35630237881884,290.4428870407807
1.03,18.70240856344106,6.180752751488458,-3.6046887025643604,247.9098007633446,238.1455150814665,291.0231500356831
1.04,18.645987618010928,7.124595657552401,-2.8820734897438154,218.8854506679265,231.66545157128317,258.6483815312227
1.05,18.596619290759563,7.950458200358351,-2.2497851785258383,193.48914433443568,225.99539599987276,230.32045908981988
1.06,18.553422004414614,8.673087925313556,-1.6965329062101084,171.2673762926312,221.03409737488866,205.5335269535924
1.07,18.51562437886279,9.305388934649361,-1.2124371679338448,151.8233292560523,216.69296107802757,183.84496133439336
1.08,18.482551456504943,9.85865231781819,-0.7888533969421143,134.80978809904573,212.8944668182741,164.86746641759422
1.09,18.453612649441823,10.342757778090917,-0.41821759732435004,119.92293958666502,209.57078434098983,148.26215836539495
1.1,18.428291193261593,10.766350055829552,-0.09391127265880628,106.8969471383319,206.6625621733661,133.7325138197206
1.11,18.40613491910389,11.136993298850857,0.1898567614235445,95.49920374604041,204.11786777669533,121.01907484225552
1.12,14.883611054215905,11.1544106364945,0.8182956662456013,85.52617827778536,201.89126017960842,109.89481573697357
1.13,11.801402672438916,11.169650806932687,1.368179707964901,76.7997809930622,199.94297853215735,100.16108901985187
1.14,9.104470338384052,11.182985956066101,1.8493282444692882,69.16418336892943,198.23823209063767,91.64407814237039
1.15,6.744654546086045,11.194654211557838,2.2703332139106274,62.48303544781324,196.74657895430795,84.19169362457409
1.16,4.679815727825289,11.204863935113108,2.638712562171799,56.63703101683659,195.44138246001944,77.67085717150232
1.17,2.8730817618471285,11.213797443223969,2.9610444919003243,51.52177713973201,194.299335527517,71.96512527506452
1.18,1.2921895416162374,11.221614262820973,3.243084930412784,47.0459299972655,193.30004446157736,66.97260986568146
1.19,-0.09109115108579213,11.22845397996835,3.4898703141111858,43.129563747607314,192.4256647788802,62.60415888247128
1.2,-1.3014617572000682,11.234438732472306,3.7058075248472875,39.702743279156394,191.66058255652015,58.78176427216238
1.21,-2.3605360375500597,11.239675390913266,3.8947525842413766,30.623025244261846,178.71925961195512,57.44529361314208
1.22,-3.287226032856302,11.244257467049108,4.060079511211204,22.678271963729117,167.39560203546074,56.27588178649931
1.23,-4.098079778749264,11.248266783667969,4.204740572309803,15.726612843262977,157.48740165602814,55.25264643818689
1.24,-4.807576806405606,11.251774935709472,4.331319000771078,9.643911112855104,148.81772632402462,54.35731550841353
1.25,-5.428386705604906,11.254844568745787,4.442075125674693,4.321547098748216,141.23176040852155,53.57390094486183
1.26,-5.9715953674042925,11.257530497652564,4.5389867349653565,-0.3355214135953113,134.59404023245636,52.8884132017541
1.27,-6.446902946478756,11.259880685445992,4.623784393094687,-4.410456361895897,128.78603507839932,52.288611426534835
1.28,-6.862797078168912,11.261937099765243,4.697982343957851,-7.97602444165891,123.7040305685994,51.76378487321798
1.29,-6.301442068397798,9.212991962294588,2.62421492596312,-11.095896511451546,119.25727662252449,51.30456163906573
1.3,-5.810256434848074,7.420164967007765,0.8096684352177299,-13.825784572520103,115.36636691970892,50.90274130918251
1.31,-5.380469005492065,5.851441346131795,-0.7780597441844862,-16.214436625955088,111.9618209297453,50.551148520534696
1.32,-5.004405004805557,4.478808177865321,-2.1673219011614253,-18.3045071727107,108.98284318852714,50.243504830467856
1.33,-4.675349004204863,3.2777541556321554,-3.3829262885162468,-20.13331890112186,106.37623766496125,49.974316601659375
1.34,-4.3874250036792555,2.226831886178136,-4.446580127451716,-21.733529163481627,104.09545783184109,49.73877690145195
1.35,-4.135491503219349,1.307274900405869,-5.377277236520251,-23.133713143046425,102.09977547786096,49.53267966377045
1.36,-3.9150496903169305,0.5026625378551355,-6.191637206955219,-24.35887412516562,100.35355341812834,49.35234458079914
1.37,-3.722163104027314,-0.20137327937675642,-6.904202181085816,-84.07339248451991,113.72686036586231,4.184550383199252
1.38,-3.5533873410238996,-0.8174046194546618,-7.527696533450089,-136.32359604895493,125.42850394512952,-35.33726953970066
1.39,-3.4057085483959124,-1.356432042022829,-8.073254091768828,-182.04252416783555,135.66744207698832,-69.91886197223808
1.4,-3.2764896048464234,-1.8280810367699754,-8.550616955297723,-222.04658627185609,144.6265129423648,-100.17775535070831
1.41,-3.1634230292406205,-2.2407739071737285,-8.968309460885507,-257.0501406128741,152.4656999495692,-126.65428705686976
1.42,-3.0644897755855434,-2.6018801687770123,-9.333790403274818,-287.6782506612648,159.32498858087305,-149.82125229976106
1.43,-2.977923178637351,-2.917848147679886,-9.653586227865466,-314.47784695360673,165.32686613326393,-170.09234688729094
1.44,-2.237863656307682,-8.350801379219899,-5.544891699382283,-337.9274937094059,170.57850899160593,-187.82955465137957
1.45,-1.5903115742692218,-13.10463545681741,-1.9497839869594982,-358.44593462073016,175.17369649265518,-203.34961144495713
1.46,-1.023703502485569,-17.264240274715235,1.195935261410439,-376.3995704181389,179.1944855560733,-216.9296611393375
1.47,-0.5279214396748728,-20.90389449037583,3.9484396037341343,-392.1090017408716,182.71267598656414,-228.81220462192033
1.48,-0.09411213471551372,-24.088591929078852,6.356880903267367,-405.85475414826266,185.79109261324362,-239.20943016918028
1.49,0.28547100712392554,-26.875202187943994,8.464267040358946,-417.88228750472985,188.48470716158818,-248.30700252303274
1.5,0.6176062562334349,-29.313486164450996,10.308229910314077,-428.4063791916386,190.84161989138966,-256.26737833265366
1.51,0.9082245992042556,-31.44698464389462,11.921697421524817,-437.6149594176838,192.90391852996595,-263.232707166072
1.52,1.1625156493037236,-33.31379581340779,13.333481493834215,-411.35496536547333,214.54030421372022,-284.02299327031295
1.53,1.385020318140758,-34.94725558673181,14.568792557104938,-388.3774705697892,233.4721416870052,-302.21449361152384
1.54,1.5797119033731635,-36.37653288839034,15.64968973746682,-368.2721626235655,250.03749947612954,-318.13205641008335
1.55,1.7500670404515182,-37.62715052734154,16.595474770283467,-350.6800181706198,264.5321875416133,-332.0599238588229
1.56,1.8991277853950783,-38.72144096142385,17.423036673998034,-335.2868917742923,277.21503959891163,-344.24680787647003
1.57,2.0295559372206933,-39.678945091245865,18.14715333974828,-321.8179061775058,288.3125351490477,-354.91033139191126
1.58,2.1436805700681067,-40.51676120484014,18.780755422279743,-310.03254378031755,298.0228437554167,-364.2409144679223
1.59,2.2435396238095935,-41.249850304235125,19.335157244494773,-299.72035168277785,306.5193637859896,-372.405174659432
1.6,0.4231545458333945,-37.78977114120573,17.516513088932925,-290.69718359743064,313.95381881274085,-379.548902327003
1.61,-1.1696823973957797,-34.762201873555014,15.92519945281631,-282.8019115227518,320.45896696114823,-385.79966403612764
1.62,-2.563414722721307,-32.11307876436064,14.532800021214271,-275.89354845740786,326.1509715910047,-391.2690805316117
1.63,-3.7829305073811437,-29.79509604381556,13.314450518562488,-269.8487307752319,331.1314756421291,-396.0548199651602
1.64,-4.850006818958501,-27.766861163338614,12.248394703742177,-264.55951530332794,335.48941668686297,-400.24234196951517
1.65,-5.7836985915886885,-25.99215564292129,11.315595865774405,-259.93145176541196,339.3026151010051,-403.90642372332576
1.66,-6.6006788926401025,-24.43928831255613,10.499396882552604,-255.88189616973546,342.63916371337945,-407.11249525791004
1.67,-7.31553665606009,-23.080529398486615,9.78522277223353,-252.33853502351852,345.558643749207,-409.91780785067124
1.68,-7.9410371990525785,-21.89161534867579,9.16032042570434,-151.45684114557872,338.45318728055616,-327.4012078693373
1.69,-8.488350174171005,-20.851315555091315,8.613530872491298,-63.18535900238139,332.2359128704867,-255.19918288567018
1.7,-8.96724902739963,-19.941053235704903,8.135090013429886,14.052187872916285,326.7957977616759,-192.02241102496143
1.71,-9.386285523974676,-19.14457370624179,7.71645426175115,81.63504138880175,322.0356970414664,-136.74273564684125
1.72,-9.752942458477841,-18.447654117961566,7.350147979032256,140.77003821520154,317.8706089112831,-88.3730196909861
1.73,-10.07376727616811,-17.83784947821637,7.0296299816532235,192.51316043830133,314.22615679737277,-46.049518229612836
1.74,-10.354488991647097,-17.304270418439323,6.7491767339465705,237.78839238351367,311.0372611977012,-9.016454450911233
1.75,-10.60012049269121,-16.837388741134408,6.503780142203249,277.40422033557445,308.24697754798854,23.38747635545267
1.76,-6.523107931104809,-13.507490148492607,3.1886269994278433,312.06806979362767,305.80547935449,51.74091581102108
1.77,-2.9557219397167076,-10.593828879931031,0.28786799949936315,342.3989380694242,303.6691684351788,76.55017533464346
1.78,0.1657408027478806,-8.044375269939652,-2.250296125438057,368.9384478107462,301.79989638078143,98.25827741781302
1.79,2.8970207024043955,-5.813603361197195,-4.471189734758299,392.1605188344029,300.1642833331838,117.2528667405864
1.8,5.286890614603846,-3.861677941047546,-6.414471642913512,412.4798309801026,298.7331219165358,133.8731323980131
1.81,7.3780267877783645,-2.1537431984166027,-8.114843312549322,430.25922910758976,297.4808556769689,148.41586484826146
1.82,9.20777093930607,-0.6593002986145273,-9.602668523480656,445.81620246914105,296.38512271734777,161.14075574222878
1.83,10.80879707189281,0.6483372387122885,-10.904515583045573,459.42855416049844,295.4263563776793,172.27503527445018
1.84,12.209694937906209,1.7925200838732525,-12.043631760164876,434.46248401543613,298.7524374554694,191.1612816151439
1.85,13.435480570667933,2.793680073389096,-13.040358415144267,412.61717263850664,301.66275839853574,207.6867471632509
1.86,14.50804299933444,3.6696950642154587,-13.912494238251233,393.50252518369336,304.2092892237188,222.14652951784456
1.87,15.446535124417636,4.436208181188526,-14.675613083469829,376.77720866073173,306.437503695754,234.79883907811399
1.88,16.26771573386543,5.10690715853996,-15.3433420730361,362.14255670314026,308.3871913587848,245.86960994334973
1.89,16.986248767132253,5.693768763722465,-15.927604938906587,349.33723624024776,310.09316806393673,255.556534450431
1.9,17.61496517124072,6.207272668257157,-16.438834946543263,338.1325808352168,311.58589768094464,264.03259339412716
1.91,18.16509202483563,6.656588584725013,-16.886161203225356,328.32850735581474,312.8920360958266,271.44914496986127
1.92,16.730640271731176,7.991261386634386,-13.957005427822187,319.74994306133794,314.0349072088483,277.9386275986286
1.93,15.475494987764778,9.159100088305088,-11.393994124344415,312.2436993036707,315.0349194327423,283.61692489880005
1.94,14.37724286429418,10.180958952266952,-9.151359233801363,305.6757360157119,315.90993012864953,288.58543503645
1.95,13.416272256257407,11.075085458233584,-7.189053704576193,299.92876813874796,316.67556448756835,292.9328814068938
1.96,12.575422974225232,11.857446150954384,-5.4720363665041685,294.9001712464045,317.3454945516223,296.73689698103203
1.97,11.839679852447077,12.542011757085085,-3.9696461956911473,290.50014896560396,317.93168335766956,300.065410608403
1.98,11.195904620891191,13.141006662449449,-2.655054796229754,286.65012946990345,318.4445985629609,302.9778600323526
1.99,10.632601293279793,13.665127204643266,-1.5047873217010346,283.2813624111655,318.8933993675908,305.52625327830856
2.0,10.139710881619818,14.123732679062858,-0.4983032814884053,280.33369123476984,319.28610007164195,307.75609736852
2.01,9.70843177141734,14.525012469180002,0.3823702536976454,247.7463549554236,292.4084629376867,282.472835697455
2.02,9.331062549990172,14.876132285532503,1.1529595969854398,219.23243571099567,268.89053044547586,260.3499817352731
2.03,9.000864481241399,15.18336212484094,1.8272252723622597,194.28275637212124,248.31233951479138,240.99248451836397
2.04,8.711941171086224,15.452188234235823,2.417207738316977,172.4517869506061,230.30642245044245,224.05467445356848
2.05,8.459133274700445,15.687411079956345,2.933442396027355,153.34968870678034,214.55124501913716,209.23409064687243
2.06,8.237926365362888,15.8932310699618,3.385147721523935,136.6353527434328,200.765464766745,196.2660798160134
2.07,8.044370319692527,16.073323561216576,3.780389881333443,122.0103087755037,188.70290704590187,184.9190703390117
2.08,7.875008779730962,16.230904491064504,4.126226771166763,109.21339530356573,178.14816904016413,174.99043704663524
2.09,5.523790807264591,16.32712992968144,4.227567924770918,98.01609601562002,168.9127732851436,166.30288291580584
2.1,3.4664750813565175,16.41132718847126,4.316241434174554,88.21845913866751,160.83180199950064,158.7012730513301
2.11,1.6663238211869529,16.484999789912354,4.3938307549027344,79.64552687133407,153.76095212456306,152.04986441991383
2.12,0.09119146853858373,16.54946331617331,4.461721410539893,72.14421113741732,147.57395848399267,146.2298818674246
2.13,-1.2870493400287393,16.605868901651647,4.521125734222406,65.58055987024015,142.1603390484936,141.13739713399653
2.14,-2.493010047525147,16.65522378894519,4.573104517444605,59.83736501146013,137.4234220424319,136.68147299224697
2.15,-3.5482256665845036,16.69840931532704,4.61858595276403,54.81206951002761,133.2786196621279,132.78253936821608
2.16,-4.471539333261441,16.73619665091116,4.6583822086685265,47.212435821274156,127.63504207936192,119.96472194718908
2.17,-5.279438791603761,16.769260569547267,4.693203932584961,40.562756343614886,122.69691169444168,108.74913170379044
2.18,-5.986350817653291,16.79819149835386,4.7236729410118405,34.744286800663026,118.37604760763647,98.93549024081663
2.19,-6.60489884044663,16.823506061059625,4.750333323385361,29.653125950580147,114.59529153168191,90.34855396071455
2.2,-7.146128360390801,16.845656303427173,4.773661157962191,25.198360206757627,111.28712996522167,82.83498471562524
2.21,-7.619704190341951,16.865037765498776,4.794073013216917,21.300440180912922,108.39248859456896,76.26061162617208
2.22,-8.034083041549207,16.88199654481143,4.811933386564803,17.889760158298806,105.85967739524784,70.50803517290058
2.23,-8.396664536355557,16.89683547671,4.827561213244203,14.905415138511456,103.64346759584186,65.474530776288
2.24,-8.006725594311112,15.52257229212125,3.496529436588678,12.294113246197524,101.70428402136162,61.070214429252005
2.25,-7.665529020022222,14.320092005606094,2.331876632015093,10.009224090422833,100.0074983936914,57.2164376255955
2.26,-7.366982017519445,13.267921754905332,1.3128054280132064,8.00994607911998,98.52281096947998,53.844382922396065
2.27,-7.105753390329514,12.347272785542167,0.4211181245115556,6.260577819229982,97.22370947329497,50.89383505709656
2.28,-6.8771783415383245,11.541704937349396,-0.3591082660523889,4.729880591826235,96.0869956641331,48.31210567495949
2.29,-6.677175173846034,10.836833070180722,-1.0418063577958403,3.390520517847955,95.09237108111645,46.05309246558956
2.3,-6.50217240211528,10.220070186408133,-1.6391671880713603,2.218580453116961,94.2220745709769,44.076455907390866
2.31,-6.34904497685087,9.680402663107117,-2.1618579145624404,1.193132896477341,93.46056512460478,42.34689891896701
2.32,-6.215058479744511,9.208193580218728,-2.6192123002421352,-63.18975784058233,104.5717444840292,-3.515840570903869
2.33,-6.097820294776446,8.795010632691387,-3.0193973877118685,-119.52478723550954,114.29402642352555,-43.645737624540885
2.34,-5.99523688292939,8.433475553604964,-3.3695593392478846,-168.81793795607086,122.80102312058486,-78.75939754647328
2.35,-5.905476397563216,8.117132359404344,-3.6759510468418988,-211.949444836562,130.24464523051174,-109.48384997816412
2.36,-5.826935972867814,7.840332064478801,-3.9440437909866617,-249.68951335699177,136.75781457669777,-136.3677458558936
2.37,-5.7582131012593365,7.598131806418951,-4.178624942113329,-282.7120733123678,142.45683775461055,-159.8911547489069
2.38,-5.698080588601919,7.386206580616582,-4.383883449349162,-311.6068132733218,147.44348303528423,-180.47413753029355
2.39,-5.645464640026679,7.200772008039509,-4.563484643180517,-336.8897107391566,151.80679765587368,-198.48424746400684
2.4,-3.8075969350233443,1.0608277570345708,-3.955020187782952,-359.01224602176205,155.62469794888946,-214.243093656006
2.41,-2.199462693145426,-4.311623462594751,-3.4226137893100828,-378.36946439404176,158.96536070527827,-228.03208407400524
2.42,-0.7923452315022477,-9.012518279770408,-2.956758190646322,-395.3070304697866,161.88844061711848,-240.09745068975457
2.43,0.43888254743553334,-13.125801244799106,-2.5491345418155316,-410.1274007860633,164.44613553997866,-250.65464647853526
2.44,1.5162068540060918,-16.724923839199217,-2.1924638490885897,-423.0952248128053,166.6841185974813,-259.8921927937184
2.45,2.4588656222553302,-19.874156109299314,-1.880376992952516,-434.4420708362047,168.64235377279613,-267.9750458195036
2.46,3.2836920444734137,-22.629734345636898,-1.6073009938334515,-444.37056110667913,170.35580955119661,-275.04754221706565
2.47,4.005415163914237,-25.040865302432284,-1.36835949460427,-453.0579900933443,171.85508335729702,-281.23597656493246
2.48,4.636922893424957,-27.150604889628248,-1.1592856827787363,-460.6594904566763,173.1669479376349,-286.6508566193159
2.49,5.189492156746837,-28.996627028424715,-0.9763460974313942,-419.69767914959175,195.13982857043052,-306.53949979190145
2.5,5.6729902621534825,-30.611896399871625,-0.81627396025247,-383.8560942558928,214.3660991241267,-323.94206256791375
2.51,6.096051104384297,-32.025257099887675,-0.6762108402209113,-352.4947074739062,231.18908585861084,-339.16930499692455
2.52,6.46622934133626,-33.261947712401714,-0.5536556101932975,-325.05349403966795,245.9091992512845,-352.493142122309
2.53,6.790135298669227,-34.3440519983515,-0.4464197839191352,-301.0424322847095,258.7892984698739,-364.15149960702036
2.54,7.073553011335574,-35.290893248557566,-0.3525884359292433,-280.03275324912084,270.0593852861397,-374.3525624061428
2.55,7.321543509918627,-36.119379342487875,-0.2704860064380879,-261.64928409298074,279.9207112503722,-383.27849235537496
2.56,7.538535196178798,-36.84430467467689,-0.19864638063332693,-245.56374858135814,288.5493714690757,-391.0886810609531
2.57,5.084540671656448,-32.64469346534228,1.5988681669458389,-231.48890500868836,296.0994491604413,-397.92259617833395
2.58,2.9372954626993923,-28.970033657174493,3.1716933960776093,-219.1734168826023,302.7057671403861,-403.9022719060422
2.59,1.0584559048619684,-25.75470632502768,4.547915471567908,-208.397364772277,308.48629537283784,-409.1344881677869
2.6,-0.5855287082457776,-22.94129490939922,5.75210978762192,-198.96831917574238,313.5442575762331,-413.71267739681355
2.61,-2.0240152447150552,-20.479559920724313,6.805779814169179,-190.71790427877457,317.969974504204,-417.71859297221187
2.62,-3.282690964125673,-18.325541805633772,7.727741087398032,-183.49879124392774,321.84247681617853,-421.2237691006854
2.63,-4.384032218609963,-16.44077595492955,8.534457201473279,-177.18206733843675,325.23091633915624,-424.2907982130997
2.64,-5.347705816283717,-14.791605835563356,9.240333801289118,-171.65493392113214,328.1958009217617,-426.97444868646227
2.65,-6.190920214248252,-13.348581981117936,9.857975826127978,-79.96618943099062,322.8450759315415,-338.0601413506545
2.66,-6.928732812467221,-12.085936108478196,10.39841259786198,0.26146199788320246,318.1631915650988,-260.26012243182265
2.67,-7.5743188359088185,-10.981120969918422,10.871294773129234,70.4606569981478,314.06654274446146,-192.18510587784482
2.68,-8.139206606420217,-10.01440772367862,11.28506667648808,131.88495262337932,310.4819750264038,-132.61946639311424
2.69,-8.633483405617689,-9.168533633218793,11.64711709192707,185.6312112954569,307.34547827310337,-80.49953184397496
2.7,-9.065975604915478,-8.428393804066443,11.963911205436187,232.65918763352477,304.60104361396543,-34.89458911347809
2.71,-9.444406279301042,-7.780771453558138,12.241106054756663,273.8086669293342,302.1996632872198,5.009735775706673
2.72,-7.240365119388413,-6.936113271863371,7.87342117291208,309.8144613131674,300.0984555013173,39.92602005374334
2.73,-5.311829104464861,-6.197037362880449,4.05169690129807,341.31953139902146,298.2598986886526,70.47776879702542
2.74,-3.6243600914067535,-5.5503459425203925,0.7076881636358112,368.8864677241438,296.651161477571,97.21054894739724
2.75,-2.147824704980909,-4.984490949705343,-2.218319481818665,393.00753700862583,295.2435164178746,120.60173157897259
2.76,-0.8558562418582956,-4.489367830992174,-4.778576171591332,414.11347263254754,294.0118269906403,141.06901638160102
2.77,0.2746161633739913,-4.056135102118152,-7.018800775142416,432.5811663034791,292.9340987418103,158.9778905839009
2.78,1.2637795179522424,-3.6770564643533836,-8.978997303249614,448.7403982655442,291.99108652408404,174.64815551091328
2.79,2.129297453208212,-3.3453626563092107,-10.694169265343412,462.8797262323511,291.16595083357356,188.35963732204914
2.8,2.8866256465571856,-3.0551305742705597,-12.194944732175484,430.77538607830724,290.5358334793769,201.967182406793
2.81,3.5492878157375376,-2.80117750248674,-13.508123265653548,402.6840884435188,289.9844807944548,213.87378435594388
2.82,4.129117213770345,-2.5789685646758973,-14.657154482446854,378.104203013079,289.50204719514795,224.2920610614509
2.83,4.636467937049052,-2.3845357440914103,-15.662556797140997,356.5968032614441,289.07991779575445,233.40805317876953
2.84,5.08039981991792,-2.2144070260799844,-16.542283822498373,337.7778284787636,288.7105545712852,241.38454628142335
2.85,5.46884021742818,-2.0655443978199863,-17.312044969686077,321.3112255439181,288.3873617498745,248.36397774624544
2.86,5.808725565249657,-1.935289598092488,-17.985585973475317,306.9029479759283,288.1045680311402,254.47098027796477
2.87,6.106125244593449,-1.8213166483309269,-18.5749343517909,294.2957051039373,287.8571235272477,259.81460749321917
2.88,6.681193714019268,0.703466307710439,-15.86194968281704,283.2643675909451,287.6406095863418,264.49028130656677
2.89,7.18437862476686,2.9126513942466343,-13.488088097464908,273.61194726707697,287.45115988804906,268.5814958932459
2.9,7.624665421671003,4.845688344965805,-11.410959210281794,265.16607948369233,287.28539140204293,272.16130865659017
2.91,8.009916368962127,6.537095676845079,-9.59347143399657,257.7759451732308,287.14034397678756,275.2936448245164
2.92,8.347010947841861,8.017077092239445,-8.003169629746997,251.30957765157694,287.01342747968914,278.03443897145183
2.93,8.641968704361629,9.312060830709514,-6.611655551028623,245.6515060701298,286.902375544728,280.43263385002035
2.94,8.900056741316424,10.445171601870825,-5.394080732150045,240.70069343636357,286.805205101637,282.5310543687678
2.95,9.125883773651871,11.436643526636972,-4.32870276563129,236.36873238181812,286.72018096393236,284.3671723226718
2.96,9.323482426945388,12.304181460807351,-3.3964970449273784,207.32139083409086,265.5845328434408,255.53252578233784
2.97,9.496381248577213,13.063277153206432,-2.580817039311456,181.9049669798295,247.0908407380107,230.30221005954562
2.98,9.647667717505062,13.727485884055628,-1.8670970343975242,159.6655961073508,230.90886014575938,208.22568380210242
2.99,9.780043377816929,14.308668523548675,-1.2425920300978337,140.20614659393195,216.74962712753947,188.90872332683963
3.0,9.895872080589813,14.817203333105091,-0.6961501513356045,123.17912826969045,204.36029823659703,172.00638291098468
3.01,9.997222195516086,15.262171291466956,-0.21801350741865394,108.28048723597915,193.51963545702242,157.2168350471116
3.02,10.085903546076574,15.651518255033587,0.2003560560086778,95.24417633148175,184.03405552489463,144.27598066622267
3.03,10.163499727817001,15.99219684815439,0.5664294240075931,83.83740429004654,175.7341730842828,132.95273308294483
3.04,7.503687261839876,16.27786436713509,1.512415371006644,73.85647875379073,168.47177594874745,123.04489144757673
3.05,5.176351354109891,16.527823446243204,2.3401530746308135,65.12316890956689,162.117178455154,114.37553001662965
3.06,3.1399324348461546,16.746537640462805,3.064423565301962,57.48152279587103,156.55690564825974,106.78983876455095
3.07,1.3580658804903851,16.937912560404953,3.6981602446392166,50.795082446387156,151.69166694222727,100.15235891898209
3.08,-0.20106735457091296,17.105365615354334,4.252679839059315,44.944447140588764,147.43458307444885,94.34456405410933
3.09,-1.5653089352495488,17.251887038435044,4.737884484176901,39.82514124801517,143.70963469014274,89.26274354734565
3.1,-2.7590203183433553,17.380093283630664,5.162438548654787,35.34574859201328,140.4503048538749,84.81615060392744
3.11,-3.803517778550436,17.49227374817683,5.533923355072938,31.42628001801162,137.59839124714054,80.9253817784365
3.12,-4.717453056231632,17.59043165465473,5.858972560688821,29.869245015760168,123.78046746624797,80.60095943113194
3.13,-5.517146424202678,17.676319822822887,6.143390615602719,28.506839388790148,111.68978415796697,80.31708987724045
3.14,-6.216878121177343,17.751471969970027,6.39225641365238,27.31473446519138,101.11043626322109,80.06870401758539
3.15,-6.829143356030175,17.817230098723773,6.610013986945832,26.271642657042456,91.85350685531844,79.85136639038723
3.16,-7.364875436526404,17.8747684613833,6.800551863577603,25.358937324912148,83.75369362340363,79.66119596658882
3.17,-7.833641006960604,17.925114528710388,6.967272505630403,24.56032015929813,76.66635704547818,79.49479684576522
3.18,-8.243810881090528,17.969167337621588,7.113153067426602,23.861530139385863,70.4649375397934,79.34919761504457
3.19,-8.602709520954212,18.00771354541889,7.240798558998277,23.250088871962628,65.03869547231922,79.22179828816401
3.2,-7.914864205834935,17.139420977241528,5.850036614123492,22.7150777629673,60.29073366327932,79.11032387714351
3.21,-7.312999555105568,16.379664980086336,4.6331199123580555,22.24694304259639,56.13626708036941,79.01278376750058
3.22,-6.786367985717372,15.714878482575545,3.5683177983132985,21.83732516227184,52.50110882032323,78.92743617156302
3.23,-6.325565362502701,15.133190297253602,2.636615948524136,21.47890951698786,49.32034534278283,78.85275702511764
3.24,-5.922363067189863,14.624213135096902,1.8213768299586193,21.165295827364375,46.537177299934974,78.78741277197794
3.25,-5.56956105879113,14.178858118209789,1.1080426012137918,20.890883848943826,44.101905262443104,78.7302365504807
3.26,-5.260859301442239,13.789172478433565,0.48387515106206785,20.65077336782585,41.97104222963772,78.68020735667062
3.27,-4.990745263761959,13.44819754362937,-0.06227136782069065,20.440676696847618,40.106537075933005,78.6364318120868
3.28,-4.754395480791715,13.1498444756757,-0.5401495718431043,20.256842109741665,38.475095066441376,78.59812821057595
3.29,-4.54758942069275,12.888785541216237,-0.9582930003627163,-16.312763028976043,60.91320768313621,51.15086280925395
3.3,-4.366634118106156,12.660358973564207,-1.3241685003173767,-48.31116752535404,80.54655622274419,27.134505583097205
3.31,-4.208298228342887,12.460485726868683,-1.6443095627777045,-76.30977145968478,97.72573619490117,6.1201930102100555
3.32,-4.069754324800026,12.285596636010098,-1.9244329924304913,-100.8085499022242,112.75751867053853,-12.267330491066202
3.33,-3.9485284092000223,12.132568681508836,-2.16954099337668,-122.24498103944617,125.91032833672122,-28.356413554682927
3.34,-3.8424557330500195,11.998669221320231,-2.384010494204595,-141.0018582845154,137.41903679463107,-42.434361235347566
3.35,-3.749642141418767,11.881507193655203,-2.5716713074290207,-157.41412587395098,147.48915669530217,-54.752565455929116
3.36,-3.668430248741421,11.778990419448302,-2.7358745190003932,-171.77486001470712,156.3005116083894,-65.53099414893798
3.37,-3.2718318426487434,5.278808867017264,-3.439628204125344,-184.34050238786872,164.01044715734074,-74.96211925532073
3.38,-2.9248082373176505,-0.40884999135989375,-4.055412678609676,-195.33543946438513,170.75664076267316,-83.21435372340564
3.39,-2.6211625826529446,-5.385551492439907,-4.594224093783466,-204.956009406337,176.659560167339,-90.43505888297993
3.4,-2.355472634821327,-9.740165305884918,-5.065684082060533,-213.37400810554487,181.82461464642165,-96.75317589760745
3.41,-2.1229939304686614,-13.550452392649305,-5.478211571802966,-220.73975696735178,186.34403731561895,-102.28152828540652
3.42,-1.9195750641600786,-16.884453593568143,-5.839173125327595,-227.18478722143283,190.29853215116657,-107.11883662473072
3.43,-1.7415835561400688,-19.801704644372126,-6.1550144846616455,-232.82418869375374,193.75871513227077,-111.35148142163938
3.44,-1.58584098662256,-22.35429931382561,-6.431375674078939,-237.75866498203453,196.78637524073693,-115.05504561893446
3.45,-1.4495662382947399,-24.58781964959741,-6.6731917148190725,-282.1644569842802,213.2124553356448,-150.90691479156766
3.46,-1.3303258335078973,-26.542149943397735,-6.884780750466689,-321.0195249862452,227.5852754186892,-182.2773003176217
3.47,-1.22599047931941,-28.25218895047302,-7.069921156658353,-355.0177094879645,240.16149299135304,-209.726387652919
3.48,-1.1346970444044837,-29.748473081663892,-7.231919012076059,-384.76612092696894,251.16568336743393,-233.74433907130413
3.49,-1.0548152888539233,-31.057721696455907,-7.373667135566551,-410.7959809360978,260.79434994650467,-254.7600465623911
3.5,-0.9849187527471829,-32.20331423439892,-7.4976967436207325,-433.5721084440856,269.2194332031916,-273.14879061709223
3.51,-0.923759283653785,-33.20570770509905,-7.6062226506681405,-453.5012200135749,276.59138105279266,-289.2389416649557
3.52,-1.2629526231970618,-29.41123861696167,-4.1777418193346225,-470.93919263687803,283.0418354211936,-303.3178238318362
3.53,-1.559746795297429,-26.09107816484146,-1.177821091917795,-486.1974186822683,288.68598299354437,-315.6368457278567
3.54,-1.8194416958852506,-23.185937769236276,1.4471095445719295,-499.54836647198476,293.62461211935135,-326.4159898868746
3.55,-2.0466747338995943,-20.643939923081742,3.7439238515004383,-511.23044578798664,297.94591260443246,-335.8477410260153
3.56,-2.245503642162145,-18.419691807696523,5.753636370062884,-521.4522651894883,301.7270505288784,-344.1005232727634
3.57,-2.4194789368918768,-16.473474706734457,7.512134823805023,-530.3963571658023,305.0355462127686,-351.32170773866795
3.58,-2.571707319780392,-14.770534743392648,9.050820970829395,-538.222437645077,307.93047993617256,-357.64024414633445
3.59,-2.704907154807843,-13.280462275468567,10.397171349475721,-545.0702580644424,310.463546944151,-363.1689635030427
3.6,-2.8214570104568626,-11.976648866034996,11.575227930791256,-431.44960155638717,313.86122757613214,-334.78284356516235
3.61,-2.923438134149755,-10.835812132780621,12.606027439442348,-332.0315271118387,316.83419812911563,-309.94498861951706
3.62,-3.0126716173810353,-9.837579991183043,13.507977009512055,-245.04071197285887,319.4355473629762,-288.2118655420774
3.63,-3.090750915208406,-8.964126867285161,14.297182883323048,-168.92374872625152,321.71172794260417,-269.19538284931775
3.64,-3.159070300807355,-8.199855383874516,14.987738022907667,-102.32140588547009,323.70338594977864,-252.555960493153
3.65,-3.2188497632064355,-7.531117835890202,15.59197377004421,-44.044355899786325,325.4460867060563,-237.99646593150888
3.66,-3.271156792805631,-6.945972481403927,16.120680048788685,6.948062837686962,326.9709498677993,-225.25690819007025
3.67,-3.316925443704927,-6.433970296228436,16.5832980426901,51.56642923297609,328.30520513432435,-214.10979516631147
3.68,-1.944201638241811,-8.553369259199881,11.831516287353837,90.60749982885409,329.4726784925338,-204.35607127052253
3.69,-0.7430683084615847,-10.407843351799896,7.6737072514346085,124.76843660024733,330.4942176809671,-195.8215628617072
3.7,0.30792335509611335,-12.030508182824908,4.035624345005283,154.65925627521642,331.3880644708462,-188.3538680039938
3.71,1.227541060709099,-13.450339909971795,0.8523018018796233,180.81372349081437,332.17018041199043,-181.81963500349457
3.72,2.032206553120462,-14.69269267122532,-1.9331054233553293,203.69888230446256,332.85453186049165,-176.10218112805774
3.73,2.736288858980404,-15.779751337322155,-4.370336745435913,223.72339626640473,333.4533393779302,-171.0994089870505
3.74,3.3523608766078534,-16.730927670156888,-6.502914152256423,241.24484598310414,333.97729595568893,-166.72198336366918
3.75,3.8914238920318716,-17.563206961387277,-8.36891938322437,256.5761144852161,334.4357579612278,-162.89173594321053
3.76,4.363104030527888,-18.291451341213865,-10.001673960321323,278.2903509245641,320.40378846607433,-98.92464395030922
3.77,4.775824151711902,-18.92866517356213,-11.430334215281157,297.2903078089936,308.12581515781505,-42.95343845652056
3.78,5.136954257747914,-19.486227276866863,-12.68041193837101,313.9152700828694,297.3825885130882,6.021366350544511
3.79,5.452943100529424,-19.974094117258506,-13.774229946074634,328.46211207251076,287.9822651989522,48.87432055672645
3.8,5.729433337963246,-20.40097760260119,-14.731320702815305,341.19059881344697,279.7569822990832,86.37065548713565
3.81,5.9713622957178405,-20.774500652276043,-15.56877511496339,352.32802471176615,272.5598597616978,119.1799485512437
3.82,6.1830501337531105,-21.10133332074154,-16.301547725592968,362.0732723727954,266.2623775414856,147.88807998233824
3.83,6.368276992033971,-21.387311905648847,-16.94272375989385,370.600364076196,260.75208059879986,173.00769498454596
3.84,7.703663368029725,-15.76498016744274,-15.864491289907116,378.0615693166715,255.93057077394988,194.98735811147773
3.85,8.872126447026009,-10.845439896512397,-14.921037878668725,384.5901239020876,251.71174967720614,214.21956334754302
3.86,9.894531641147758,-6.5408421594483475,-14.095516143835134,390.30260916432667,248.02028121755538,231.04774292910014
3.87,10.789136186004288,-2.774319139517304,-13.37318462585574,395.3010337687858,244.79024631536097,245.77240006296262
3.88,11.571915162753752,0.5213885029223588,-12.741144547623772,399.67465529768765,241.96396577594086,258.6564750550923
3.89,12.256846767409533,3.405132690057064,-12.1881094791708,403.50157413547674,239.49097030394827,269.9300406732058
3.9,12.856161921483341,5.928408853799931,-11.704203794274449,406.85012811854216,237.32709926595476,279.794410589055
3.91,13.380562681297924,8.13627549707494,-11.280786319990142,409.7801128537244,235.43371210771042,288.4257342654231
3.92,13.839413346135682,10.068158809940574,-10.910296029991374,365.0063487470089,214.69324834424663,274.6368919822452
3.93,14.240907677868721,11.758556708698002,-10.586117026242452,325.8293051536328,196.5453425512158,262.5716549844645
3.94,14.59221521813513,13.237654870110752,-10.302460397962145,291.5493920094287,180.66592498231384,252.01457261140644
3.95,14.89960931586824,14.531865761346907,-10.054260848216876,261.5544680082501,166.77143460952462,242.77712553498063
3.96,15.168579151384709,15.664300291178543,-9.837086242189766,235.30890950721886,154.61375553333403,234.69435934310806
3.97,15.40392775746162,16.655180504781224,-9.647058461916044,212.34404581881648,143.9757863416673,227.62193892521955
3.98,15.609857787778918,17.522200691683572,-9.480784154176538,192.2497900914644,134.66756329895887,221.4335710595671
3.99,15.790046564306552,18.280843355223126,-9.335294134904471,174.66731633003135,126.52286813658901,216.0187491771212
4.0,12.597867743768234,18.422388685820234,-7.242964118041412,159.28265178877743,119.39625986951538,211.28078002998106
4.01,9.804711275797205,18.546240850092705,-5.412175353286235,145.82107031518024,113.16047763582596,207.13505702623343
4.02,7.360699366322555,18.654611493831116,-3.810235184125456,134.0421865257827,107.70416818134771,203.50754939795425
4.03,5.222188945532235,18.749435807102227,-2.408537536109774,123.73566321005988,102.92989740867924,200.33348022320996
4.04,3.350992327340705,18.83240708121445,-1.1820520940960524,114.7174553088024,98.75241048259433,197.5561696953087
4.05,1.7136952864231167,18.90500694606264,-0.10887733233404584,106.8265233952021,95.09710942227004,195.12602298339513
4.06,0.281060375620227,18.96853182780481,0.8301505842077099,99.92195797080184,91.89872099448628,192.99964461047074
4.07,-0.9724951713323013,19.02411609932921,1.6518000111817464,93.88046322445162,89.10013112017549,191.1390635341619
4.08,-2.069356274915764,19.07275233691306,2.370743259784028,88.59415532139516,86.65136498015355,189.51105509239167
4.09,-3.0291097405512932,19.115309044798927,2.9998186023110245,80.58238590622076,89.81556973263436,170.2671732058427
4.1,-3.868894022982382,19.152546164199062,3.5502595270221464,73.57208766794317,92.58424889105507,153.42877655511236
4.11,-4.603705270109584,19.18512864367418,4.031895336144379,67.43807670945027,95.00684315467319,138.69517948572332
4.12,-5.2466651113458855,19.213638313214908,4.453326669126331,62.070817120768986,97.12661313533904,125.80328205000791
4.13,-5.8092549724276505,19.238584274063044,4.82207908548554,57.37446498067286,98.98141186842166,114.5228717937569
4.14,-6.301521100874194,19.260411989805164,5.144737449799847,53.26515685808875,100.60436075986895,104.6525128195373
4.15,-6.7322539632649185,19.27951124107952,5.427063518574866,49.66951225082766,102.02444103988533,96.01594871709514
4.16,-7.109145217856804,19.29622308594458,5.674098828753007,46.5233232194742,103.26701128489967,88.45895512745824
4.17,-7.412873440624704,19.103961450201506,5.591207100158881,43.770407817039924,104.35426024928721,81.84658573652595
4.18,-7.678635635546616,18.93573251892632,5.5186768376390205,41.36160683990993,105.30560309312631,76.06076251946021
4.19,-7.91117755610329,18.788532204060527,5.455212857934143,39.25390598492119,106.13802808148552,70.99816720452768
4.2,-8.114651736590378,18.65973192855296,5.399681875692375,37.40966773680604,106.86639994629982,66.56839630396172
4.21,-8.292691644516582,18.54703168748384,5.351092266230828,35.795959269705286,107.50372532801235,62.692346765966505
4.22,-8.44847656395201,18.44841897654836,5.308576357951974,34.383964360992124,108.06138503701081,59.300803420220696
4.23,-8.584788368458009,18.362132854479814,5.271374938207977,33.14846881586811,108.54933728238446,56.33320299269311
4.24,-8.704061197400758,18.286632497669835,5.23882369593198,32.06741021388459,108.9762954970864,53.736552618606474
4.25,-8.808424922725663,18.220569685461104,5.210341358940482,21.12023406214902,105.2373834349506,46.813858541280666
4.26,-8.899743182384956,18.162764724778466,5.185419314072922,11.541454929380393,101.96583538058178,40.75650122362059
4.27,-8.979646659586837,18.112185384181156,5.163612524813806,3.160023188207844,99.10323083300906,35.456313570668016
4.28,-9.049562202138484,18.067928461158512,5.14453158421208,-4.173729585318137,96.59845185388292,30.818649374334512
4.29,-9.110738301871173,18.029203653513697,5.12783576118557,-10.59076326215337,94.40677024714756,26.760693202542697
4.3,-9.164267389137276,17.995319446824485,5.113226916037373,-16.2056677293842,92.48904884125412,23.209981552224857
4.31,-9.211105340495116,17.965670765971424,5.100444176532701,-21.118709138211173,90.81104261109735,20.103108858196748
4.32,-8.671961672933225,14.942119420224996,3.7494065294661127,-25.417620370934777,89.34278715971018,17.384595250922153
4.33,-8.200210963816572,12.296511992696871,2.5672485882828484,-29.17916769956793,88.05806363974642,15.005895844556884
4.34,-7.7874290933395,9.981605493609761,1.5328603897474924,-32.47052161212194,86.9339305597781,12.924533863987273
4.35,-7.426244956672063,7.9560623069085405,0.6277707160290559,-35.3504562856067,85.95031411480585,11.103342130988864
4.36,-7.110208837088055,6.1837120185449725,-0.16418274847457603,-37.87039912490586,85.0896497254551,9.509799364615256
4.37,-6.8336772324520485,4.632905516226851,-0.857142029915254,-40.075349109292624,84.33656838477322,8.11544944403835
4.38,-6.591712078395543,3.2759498266984943,-1.4634814011758472,-42.004680345631044,83.67762221167655,6.895393263533555
4.39,-6.3799925685961,2.0886135983611824,-1.994028351028866,-43.69284517742716,83.10104431021699,5.82784410559186
4.4,-6.194737997521587,1.0496943985660347,-2.458256932150258,-102.42561253024877,93.07028889643986,-35.41313853260712
4.41,-6.032640247831389,0.14064009874528038,-2.864456940631476,-153.81678396396768,101.79337790938489,-71.49899834103122
4.42,-5.8908047168524655,-0.6547824135978797,-3.2198819480525414,-198.7840589684717,109.42608079571178,-103.07412567340232
4.43,-5.7666986272459075,-1.3507771118981449,-3.5308788295459737,-238.13042459741274,116.10469582124782,-130.70236208922702
4.44,-5.658105798840169,-1.9597724729108768,-3.803001100852727,-272.55849452273617,121.94848396859184,-154.87706895307366
4.45,-5.563087073985148,-2.4926434137970173,-4.041108088246136,-302.68305570739415,127.06179859751786,-176.02993745893946
4.46,-5.479945689737005,-2.95890548707239,-4.249451702215369,-329.0420467439699,131.53594889782812,-194.53869740157202
4.47,-5.407196978519879,-3.366884801188341,-4.431752364438448,-352.1061639009736,135.4508304105996,-210.7338623513755
4.48,-4.384558856204895,-6.9678252010397985,-1.4306778188836415,-372.2872664133519,138.87635173427464,-224.90463168245356
4.49,-3.489750499179283,-10.118648050909822,1.1952624084768138,-389.9457311116829,141.8736828924903,-237.30405484714686
4.5,-2.706793186781873,-12.875618044546094,3.492960107417212,-405.3968877227225,144.49634765592901,-248.1535501162535
4.51,-2.021705538434139,-15.287966788977833,5.503445593990061,-418.9166497573822,146.79117932393788,-257.64685847672183
4.52,-1.4222538461298715,-17.398771940355605,7.262620394741304,-430.74644153770936,148.79915703344562,-265.9535032921316
4.53,-0.8977336153636375,-19.245726447811155,8.80189834539864,-441.09750934549567,150.5561375292649,-273.22181750561515
4.54,-0.43877841344318275,-20.86181164183476,10.148766552223812,-450.15469367730867,152.09349546310676,-279.58159244241324
4.55,-0.03719261176278488,-22.275886186605415,11.327276233195835,-458.07972996764505,153.4386836552184,-285.14639551211155
4.56,0.31419496470756325,-23.513201413279738,12.358472204046357,-417.83851359668944,172.4832231983161,-308.0099705730976
4.57,0.6216590941191178,-24.59585223661977,13.260768678540561,-382.62744927210326,189.14719529852658,-328.01559875146035
4.58,0.890690207354228,-25.543171707042298,14.05027809372299,-351.8177679880904,203.72817088621076,-345.5205234075278
4.59,1.1260924314349494,-26.37207624366201,14.741098832007616,-324.8592968645791,216.48652452543442,-360.83733248158677
4.6,1.3320693775055807,-27.09736771320426,15.345566978006662,-301.27063463150677,227.65008395975514,-374.2395404213884
4.61,1.5122992053173832,-27.73199774905373,15.87447660575583,-280.63055517756845,237.41819846478575,-385.96647236871485
4.62,1.6700003046527103,-28.287299030422012,16.33727253003635,-262.5704856553724,245.96529865668754,-396.2275378226255
4.63,1.8079887665711216,-28.77318765161926,16.742218963781806,-246.76792482345084,253.4440113246016,-405.2059700947973
4.64,-0.8407995792502687,-27.158811445166855,13.91149434330908,-232.9406840955195,259.9878849090264,-413.0620983329476
4.65,-3.158489381843985,-25.746232264520998,11.434610300395446,-220.84184845857956,265.7137742953981,-419.9362105413291
4.66,-5.186467959113488,-24.510225481455876,9.267336762846016,-210.25536727625712,270.7239275084733,-425.9510587236629
4.67,-6.960949214224302,-23.428719546273893,7.370972417490264,-200.99219624172497,275.10781156991413,-431.21405088320506
4.68,-8.513620312446264,-22.482401852989657,5.71165361530398,-192.88692158650935,278.94371012367486,-435.81916902280443
4.69,-9.87220752339048,-21.65437387136595,4.259749663390982,-185.79480626319568,282.3001213582155,-439.84864739495384
4.7,-11.06097133296667,-20.92984938744521,2.9893337054671094,-179.58920535529623,285.23698118843856,-443.3744409705846
4.71,-12.101139666345835,-20.29589046401456,1.8777197422837206,-174.1593045608842,287.80673353988374,-446.4595103492615
4.72,-13.011286958052606,-19.74117640601274,0.9050575244982556,-88.71126461577367,275.5521422223983,-359.3183225556038
4.73,-13.80766583829603,-19.255801605261148,0.053978083935973586,-13.94422966380197,264.8293748195985,-283.0697832361533
4.74,-14.504497358509026,-18.831098654603505,-0.6907164265560232,51.47692591917327,255.4469533421487,-216.3523113316341
4.75,-15.114224938695397,-18.45948357277807,-1.3423241232365202,108.7204370542766,247.23733454938014,-157.97452341517982
4.76,-15.647736571358472,-18.13432037618081,-1.9124808578319552,158.80850929749204,240.05391810570762,-106.89395898828234
4.77,-16.11455924993866,-17.849802579158208,-2.4113680006029607,202.63557251030554,233.76842871749417,-62.19846511474705
4.78,-16.52302909369633,-17.60084950676343,-2.8478942505275904,240.98425282151734,228.26862550280742,-23.089907975403673
4.79,-16.88044020698429,-17.383015568418003,-3.2298547192116414,274.53934809382764,223.4562976899565,11.130079521521786
4.8,-12.028192181111253,-13.225722747365753,-4.3629085043101865,303.9000564570992,219.24551085371195,41.072568581331566
4.81,-7.782475158472346,-9.588091528945034,-5.354330566271413,329.59067627496177,215.56107237199797,67.27224650866512
4.82,-4.067472763663304,-6.4051642128269055,-6.221824870487486,352.0699686155915,212.33718870049825,90.19696469508197
4.83,-0.8168456682053908,-3.6201028112235427,-6.980882386676551,371.73934941364257,209.51629048793598,110.25609310819672
4.84,2.0274530403202826,-1.1831740848205998,-7.645057713341982,388.9500576119372,207.048004551944,127.80783046967213
4.85,4.516214410280247,0.9491385507819752,-8.226211124174235,404.00942728544504,204.888254357951,143.16560066096312
4.86,6.693880608995215,2.814912106934228,-8.734720358652455,417.1863757497644,202.99847293820716,156.60364957834273
4.87,8.599338532870814,4.447463968567449,-9.179665938820898,428.7162056560438,201.34491419593127,168.3619423810499
4.88,10.266614216261962,5.875946847496518,-9.568993321468286,438.80480682403834,199.89805029643986,178.65044858341867
4.89,11.725480439229218,7.125869366559453,-9.90965478128475,417.5673324710336,208.0951690093849,190.78976851049134
4.9,13.001988384325566,8.21955157073952,-10.207733558624156,398.9845424121544,215.2676478832118,201.41167344667994
4.91,14.11893283628487,9.176523499397081,-10.468552488796137,382.7246011106351,221.5435668978103,210.70584026584496
4.92,15.096259231749261,10.013873936972447,-10.69676905269662,368.49715247180575,227.03499603558402,218.83823623261435
4.93,15.951419827780605,10.74655556985089,-10.896458546109542,356.04813491283005,231.83999653113602,225.95408270353758
4.94,16.69968534930803,11.387651998619528,-11.07118685284585,345.15524454872633,236.04437196474402,232.1804483655954
4.95,17.354417680644527,11.948611373792087,-11.224074121240118,335.62396548013555,239.72320046915104,237.628518319896
4.96,17.92730847056396,12.439450827068075,-11.357850481085103,327.2840962951186,242.94217541050716,242.39557952990899
4.97,16.919356036743466,13.141710348684565,-9.196162045949464,319.9867107582288,245.75877848419378,246.56675808867038
4.98,16.03739765715053,13.756187430098993,-7.304684665205781,313.60149841345026,248.22330617366958,250.2165393275866
4.99,15.265684075006714,14.29385487633662,-5.649641957055058,308.014437611769,250.37976790196086,253.41009791163827
5.0,14.590434690630875,14.764313891794544,-4.201479587423176,303.12575941029786,252.26667191421575,256.20446167268346
5.01,13.999591479302016,15.175965530320227,-2.934337513995279,298.8481659840106,253.91771292493877,258.649529963598
5.02,13.482603669389263,15.5361607140302,-1.8255881997458694,295.1052717360093,255.3623738093214,260.78896471814824
5.03,13.030239335715606,15.851331499776425,-0.8554325497776357,291.83023926900813,256.6264520831562,262.6609701283797
5.04,12.634420543751155,16.12710593730437,-0.006546356055431302,288.9645858603821,257.7325205727617,264.2989748623322
5.05,12.288079100782259,16.368408570141323,0.7362290634514976,264.8402631278343,237.7615805011665,245.05160300454068
5.06,11.985030338184476,16.579548373873656,1.3861575555200605,243.73148073685502,220.28700793852067,228.21015262897308
5.07,11.719862670911418,16.76429570213945,1.9548449860800527,225.26129614474814,204.99675694620558,213.47388355035145
5.08,11.487840962047489,16.92594961437202,2.4524464878200463,209.09988462665464,191.61778732792988,200.5796481065575
5.09,11.284821966791554,17.067396787575518,2.88784780184254,194.95864954832282,179.91118891193864,189.2971920932378
5.1,11.10718034594261,17.191163064128578,3.2688239516122226,182.58506885478246,169.6679152979463,179.42504308158308
5.11,10.951743927699784,17.299458556112505,3.6021780826606946,171.75818574793465,160.705050885703,170.7869126963852
5.12,8.934384061737312,17.73478086159844,4.042831447328108,162.2846630294428,152.8625445249901,163.22854860933705
5.13,7.169194179020148,18.115687878898637,4.428403141412095,153.99533065076247,146.00035145936633,156.61498003316993
5.14,5.62465303164263,18.448981519036305,4.765778373735583,146.74216481941716,139.99593252694552,150.82810752902367
5.15,4.273179527687302,18.74061345415677,5.060981702018635,140.39564471699,134.74206596107732,145.7645940878957
5.16,3.090640211726389,18.995791397387173,5.319284614266306,134.84243962736625,130.14493271594264,141.33401982690873
5.17,2.0559183102605907,19.219072097713777,5.545299662483018,129.98338517394546,126.12244112644981,137.45726734854514
5.18,1.150536646478017,19.414442710499557,5.743062829672641,125.73171252720229,122.6027609856436,134.065108929977
5.19,0.35832769066826486,19.585391996687115,5.9161056009635615,122.01149896130201,119.52304086243815,131.09697031372986
5.2,-0.3348551456652682,19.734972622101225,6.067518025843117,99.68131159113926,122.84391087963338,110.78109902451364
5.21,-0.9413901274571096,19.865855669338572,6.200003897612728,80.14239764224685,125.74967214467921,93.00471164644944
5.22,-1.4721082365249707,19.98037833567125,6.315929035411137,63.045847936966,128.29221325159432,77.45037269064326
5.23,-1.9364865819593493,20.080585668712345,6.417363530984745,48.08636694484525,130.51693672014503,63.84032610431286
5.24,-2.3428176342144305,20.168267085123304,6.506118714611652,34.99682107673959,132.46356975512688,51.93153534127375
5.25,-2.698357304937627,20.24498832448289,6.583779500285196,23.543468442147145,134.16687366073603,41.511343423614534
5.26,-3.0094545168204236,20.312119408922527,6.651732687749547,13.521784886878752,135.65726457814404,32.39367549566271
5.27,-3.281664577217871,20.370859107807213,6.7111917267808545,4.752811776018908,136.96135663087603,24.415716058704874
5.28,-4.010268255065637,18.858594094331313,5.555526510933248,-2.920039695983456,138.10243717701653,17.435001551366764
5.29,-4.647796473182432,17.535362207539897,4.544319447066592,-9.633784733985525,139.10088265488946,11.326876357445919
5.3,-5.205633664034629,16.37753430659741,3.6595132661832683,-15.508311642237334,139.97452244802827,5.98226681276518
5.31,-5.6937412060303,15.364434893272735,2.8853078579103597,-20.64852268695767,140.73895726702474,1.305733461169532
5.32,-6.120835305276513,14.477972906613644,2.2078781256715647,-25.14620735108796,141.40783773364666,-2.7862332214766594
5.33,-6.494542642116949,13.702318668286939,1.6151271099626192,-29.081681432201965,141.99310814194084,-6.366704068792076
5.34,-6.82153656185233,13.023621209751072,1.0964699712172918,-32.52522125317672,142.50521974919823,-9.499616060193066
5.35,-7.10765624162079,12.429760933532188,0.6426449748151303,-35.53831859652963,142.95331740554846,-12.240914052668934
5.36,-7.358010961418191,11.910133191840664,0.24554810296323892,-85.35915302196342,139.1060282298549,-41.173925046085316
5.37,-7.577071341240918,11.455458917860582,-0.10191165990716597,-128.952383144218,135.73965020112303,-66.49030966532466
5.38,-7.768749173585803,11.05761892812801,-0.40593895241877026,-167.09645950119076,132.79406942598266,-88.64214620715907
5.39,-7.936467276887578,10.709508937112009,-0.671962833366424,-200.47252631354192,130.21668624773483,-108.0250031812642
5.4,-8.08322061727663,10.404912694973008,-0.9047337291956211,-229.67658477434918,127.96147596676798,-124.98500303360618
5.41,-8.211629790117051,10.138390983101383,-1.1084082630461685,-255.23013592755555,125.98816697092198,-139.8250029044054
5.42,-8.32398781635242,9.90518448521371,-1.2866234801653973,-277.5894931866111,124.26152159955674,-152.81000279135472
5.43,-8.422301089308366,9.701128799561996,-1.4425617951447225,-297.1539307882847,122.75070689961214,-164.17187769243537
5.44,-7.270688578144821,5.457984324616746,-1.8110990707516321,-314.27281368974906,121.42874403716061,-174.11351823088094
5.45,-6.263027630876718,1.7452329090396526,-2.1335691869076783,-329.2518362285304,120.27202653251553,-182.8124537020208
5.46,-5.381324302017128,-1.5034245795903038,-2.4157305385442185,-342.3584809499641,119.2598987159511,-190.4240222392682
5.47,-4.609833889264987,-4.345999882141516,-2.6626217212261913,-353.82679508121856,118.3742868764572,-197.08414470935966
5.48,-3.934779778106863,-6.833253271873827,-2.8786515060729174,-363.8615699460662,117.59937651690007,-202.9117518706897
5.49,-3.344107430843505,-9.009599987889597,-3.067677567813803,-372.6419979528079,116.92132995228755,-208.0109081368535
5.5,-2.827269126988067,-10.913903364403398,-3.2330753718370775,-380.3248724587069,116.3280392082516,-212.4726698697468
5.51,-2.3750356111145585,-12.580168818852973,-3.3777984503574427,-387.0473876513685,115.80890980722015,-216.37671138602843
5.52,-1.9793312847252387,-14.038151091496353,-3.5044311440627625,-370.14896444494747,148.60904670631763,-241.88649721277486
5.53,-1.6330899991345837,-15.313885580059308,-3.615234751054917,-355.362844139329,177.30916649302793,-264.207559811178
5.54,-1.3301288742427608,-16.430153257551893,-3.7121879071730524,-342.4249888719129,202.42177130639942,-283.7384895847807
5.55,-1.0650378899624158,-17.406887475357905,-3.7970219187764207,-331.1043655129238,224.39530051809948,-300.82805313668314
5.56,-0.8330832787171137,-18.261529915938166,-3.8712516789293683,-321.1988200738083,243.62213857833706,-315.78142124459777
5.57,-0.6301229938774745,-19.009342051445895,-3.936202719063197,-312.53146781458224,260.44562188104493,-328.86561833902306
5.58,-0.45253274464279014,-19.663677670015158,-3.9930348791802976,-304.94753458775943,275.16616977091434,-340.3142907966452
5.59,-0.2971412765624414,-20.236221336263263,-4.042763019282761,-298.3115930142895,288.04664917455005,-350.33187919706455
5.6,-0.7996004919921362,-18.433368044230356,-1.6275523918724162,-292.5051441375033,299.3170686527313,-359.0972690474315
5.61,-1.2392523054931193,-16.855871413701564,0.4857569071116359,-287.4245013703154,309.17868569613984,-366.7669851665026
5.62,-1.6239476423064794,-15.475561861988869,2.3349025437226816,-282.978938949026,317.80760060912235,-373.47798677068977
5.63,-1.9605560620181695,-14.26779100424026,3.9529049757573462,-279.0890718303977,325.35790115798204,-379.35011317435357
5.64,-2.255088429265898,-13.210991503710227,5.368657103787678,-275.685438101598,331.96441413823425,-384.48822377755937
5.65,-2.512804250607661,-12.286291940746448,6.6074402158142185,-272.70725858889824,337.74511299595497,-388.9840705553645
5.66,-2.7383055942817034,-11.477179823153142,7.691375438837441,-270.10135151528596,342.8032244964606,-392.917936485944
5.67,-2.93561926999649,-10.769206720259,8.639818758982761,-267.8211828258752,347.229072059403,-396.36006917520103
5.68,-3.108268736246929,-10.149730255226624,9.469706664109916,-173.5091573476408,321.64043780197767,-344.4263105283009
5.69,-3.259337019216063,-9.607688348323295,10.195858581096175,-90.9861350541857,299.2503828267304,-298.9842717122633
5.7,-3.391521766814055,-9.133401679782883,10.831241508459152,-18.778490547412474,279.6590847233891,-259.2224877482304
5.71,-3.5071834209622983,-8.718400844810024,11.387201569901757,44.40319839601409,262.51669888296544,-224.4309267797016
5.72,-3.6083873683420107,-8.355275114208771,11.873666623664036,99.68717622151233,247.51711127259475,-193.9883109322389
5.73,-3.6969408222992595,-8.037540099932674,12.29932354570603,148.0606568188233,234.3924721135204,-167.35102206570906
5.74,-3.7744250945118516,-7.75952196244109,12.671773352492776,190.3874523414704,222.90841284933035,-144.04339430749545
5.75,-3.8422238326978704,-7.516256092135953,12.997666933431178,227.4233984237866,212.85986099316406,-123.64922001905852
5.76,-3.9015477286106366,-7.303398455618959,13.28282381675228,259.8298512458133,204.06737811901854,-105.8043175166762
5.77,-3.189285012534307,-9.20775789866659,9.316288464658244,288.18549746508666,196.37395560414123,-90.19002782709168
5.78,-2.5660551359675186,-10.874072411333266,5.8455700315759636,312.9966879069508,189.64221090362358,-76.52752434870523
5.79,-2.020728993971579,-12.332097609916609,2.8086914026289684,334.70647954358196,183.75193429067062,-64.57283380511707
5.8,-1.5435686197251315,-13.607869658677032,0.1514226023003471,353.70254722563425,178.5979422543368,-54.11247957947744
5.81,-1.12605329225949,-14.724170201342403,-2.1736875979871964,370.32410644743,174.0881992225447,-44.959669632042754
5.82,-0.7607273807270536,-15.700933176174603,-4.208159023238797,384.86797076650123,170.1421740697266,-36.95096092803741
5.83,-0.4410672081361719,-16.555600779152776,-5.9883215203339475,397.59385204568855,166.68940206101078,-29.94334081203273
5.84,-0.16136455711915043,-17.30343493175868,-7.545963705292204,408.7289981649775,163.66822655338444,-23.81167321052864
5.85,0.08337526252074337,-17.957789815288844,-8.908900617130678,402.5735001443553,163.94719923421138,14.383536190787439
5.86,0.29752260470565045,-18.530350338377737,-10.101470414989343,397.18743937631086,164.19130032993496,47.80434441693901
5.87,0.48490152911744416,-19.03134079608052,-11.144968988115677,392.474636204272,164.40488878869309,77.04755161482163
5.88,0.6488580879777637,-19.469707446570457,-12.058030239601218,388.35093342873796,164.59177869010645,102.63535791296893
5.89,0.7923200769805432,-19.85327826574915,-12.856958834651065,384.7426935001457,164.75530735384316,125.0246884238478
5.9,0.9178493173579754,-20.188902732530508,-13.556021355319682,381.5854835626275,164.89839493461278,144.61535262086682
5.91,1.0276874026882286,-20.482574140964196,-14.167701060904722,378.82292486729904,165.0235965677862,161.75718379325846
5.92,3.3643868523522,-15.48583874834367,-13.519593178291633,376.4056860088866,165.13314799681294,176.75628606910115
5.93,5.408998870808174,-11.113695279800712,-12.952498781005179,374.29060200777576,165.22900549721132,189.8805005604635
5.94,7.198034386957152,-7.2880697448256235,-12.456291183379532,372.4399035068038,165.3128808100599,201.36418824040555
5.95,8.763440463587507,-3.940647401722421,-12.02210953545709,370.8205423184533,165.38627170880244,211.41241496035485
5.96,10.13317078063907,-1.011652851507118,-11.642200593524954,369.40360127864665,165.45048874520214,220.2046133403105
5.97,11.331684808059187,1.551217379931272,-11.309780269334334,368.1637778688158,165.50667865205187,227.89778692277167
5.98,12.38038458205179,3.7937288324398635,-11.018912485667542,367.0789323852138,165.5558448205454,234.6293138074252
5.99,13.297996884295316,5.755926353384881,-10.7644031749591,366.1296925870621,165.59886521797722,240.51939983149705
6.0,14.100907648758401,7.472849184211771,-10.541707528089212,327.16660601367937,164.36775781573007,236.9625994775599
6.01,14.8034545676636,8.9751566611853,-10.346848837078062,293.07390526196946,163.2905388387638,233.8503991678649
6.02,15.418183121705649,10.289675703537139,-10.176347482443305,263.2427921042233,162.34797223391834,231.1272238968818
6.03,15.956070606492442,11.439879865594996,-10.027158797137892,237.1405680911954,161.52322645467854,228.74444553477156
6.04,16.426722155680885,12.44630850739562,-9.896618697495656,214.301122079796,160.80157389784372,226.6595144679251
6.05,16.838542261220773,13.326933568971167,-9.7823961103087,194.3166068198215,160.17012791061325,224.83519978443445
6.06,17.198884853568178,14.097480497849771,-9.682451346520113,176.83015596734379,159.6176126717866,223.23892443638013
6.07,17.514184621872154,14.77170906061855,-9.594999678205099,161.52951147142582,159.13416183781325,221.8421835068326
6.08,14.344270794138136,15.521529053041231,-7.254288093429461,148.14144753749758,158.7111423580866,220.62003519347854
6.09,11.57059619487087,16.177621546411075,-5.206165456750779,136.42689159531037,158.34100031332576,219.55065541929372
6.1,9.143630920512011,16.751702478109692,-3.414058149656931,126.17665514589656,158.01712602416004,218.614948116882
6.11,7.02003630544801,17.25402329334598,-1.8459642559498146,117.20769825265948,157.73373602114003,217.79620422727174
6.12,5.161891017267009,17.693554006677733,-0.4738820989560877,109.35986097107704,157.48576976849753,217.07980332386276
6.13,3.5360138901086327,18.078143380843017,0.7266897884134234,102.4930033496924,157.26879929743535,216.45295253337991
6.14,2.1133714038450533,18.414659083237638,1.7771901898617455,96.48450293098085,157.07895013525592,215.90445809170743
6.15,0.8685592283644216,18.709110322832935,2.6963780411290275,91.22706506460824,156.91283211834892,215.42452545524398
6.16,-0.22065142518113112,18.966755157478815,3.5006674109878992,86.6268069315322,156.7674788535553,215.00458439833847
6.17,-1.1737107470334898,19.19219438779396,4.204420609614412,72.21970606509068,150.7427943718609,194.58213647354614
6.18,-2.0076376536543035,19.389453714319714,4.82020465841261,59.61349280695434,145.4711954503783,176.71249453935286
6.19,-2.7373236969475156,19.56205562502975,5.359015701111034,48.58305620608505,140.858546394081,161.07655784693372
6.2,-3.375798984829076,19.713082296901028,5.830475363472155,38.93142418032441,136.82247846982088,147.395113241067
6.21,-3.934464861725442,19.8452306347884,6.243002568038136,30.48624615778386,133.29091903609327,135.4238492109336
6.22,-4.423297504009762,19.96086043043985,6.603963872033369,23.09671538806088,130.2008045315816,124.9489931845669
6.23,-4.851026066008542,20.06203650163487,6.919805013029198,16.63087596455327,127.49695434013391,115.78349416149604
6.24,-5.225288557757474,20.150565563930513,7.196166011400549,10.97326646898411,125.13108542261718,107.76368251630903
6.25,-6.064844988037789,19.6103701184392,6.92336813497548,6.022858160361098,123.06095011979004,100.7463473267704
6.26,-6.799456864533065,19.1376991036343,6.684669993103546,1.691250890315961,121.24958172981628,94.6061790359241
6.27,-7.442242256466432,18.724111965680013,6.475809118965602,-2.098905470973534,119.66463438858925,89.23353178143358
6.28,-8.004679474408128,18.362223219970012,6.293055854094902,-5.415292287101842,118.2778054650156,84.53246543375438
6.29,-8.496812040107113,18.04557056747376,6.13314674733304,-8.317130751214112,117.06433015688866,80.41903237953508
6.3,-8.927428035093723,17.76849949653954,5.99322627891641,-10.856239407312348,116.00253926227758,76.8197784570932
6.31,-9.304217030707006,17.5260623094721,5.870795869051859,-13.077959481398304,115.07347222949289,73.67043127495654
6.32,-9.63390740186863,17.313929770788086,5.763669260420377,-15.021964546223515,114.2605385758063,70.91475249058698
6.33,-9.922386476635051,17.128313799439574,5.669933477867829,-20.004218977945577,114.7873462538305,60.112283304263606
6.34,-10.174805667055669,16.965899824509627,5.587914668134351,-24.36369160570238,115.2483029721017,50.66012276623066
6.35,-10.39567245867371,16.823787596445925,5.5161482096175565,-28.17823015498958,115.65164010058899,42.38948229545183
6.36,-10.588930901339495,16.699439396890185,5.453352558415363,-31.51595138561588,116.00456008801537,35.15267188352035
6.37,-10.758032038672058,16.59063472227891,5.398406363613443,-34.4364574624139,116.31336507701344,28.820462773080305
6.38,-10.90599553383805,16.495430631994047,5.350328443161763,-36.99190027961216,116.58356944238676,23.27977980144527
6.39,-11.035463592108293,16.41212705299479,5.308260262766542,-39.22791274466064,116.81999826208842,18.43168220126461
6.4,-9.967462393094756,14.748086421370441,3.9111767299207245,-41.18442365157806,117.02687347932736,14.189596801106536
6.41,-9.032961343957911,13.292050868699135,2.688728638680634,-42.8963706951308,117.20788929441144,10.477772075968218
6.42,-8.215272925963173,12.018019760111743,1.619086558845555,-44.394324358239444,117.36627813261002,7.229925441472191
6.43,-7.499795560217776,10.903242540097775,0.6831497389898605,-45.705033813459515,117.50486836603378,4.388059636288167
6.44,-6.8737528651905535,9.927812472585552,-0.135794978383872,-46.851904586777074,117.62613482027956,1.901427056752146
6.45,-6.325965507041734,9.074311163512357,-0.8523716060858879,-47.85541651342994,117.73224296774463,-0.2743764503418722
6.46,-5.846651568661517,8.327497518073313,-1.4793761553251519,-48.733489449251195,117.82508759677656,-2.1782045190491384
6.47,-5.427251872578827,7.6740355783141485,-2.028005135909508,-49.5018032680948,117.90632664717948,-3.844054079167996
6.48,-5.060277138506473,7.10225638102488,-2.5080554939208195,-99.07345410958294,111.62053581628204,-34.74104706927199
6.49,-4.739174246193164,6.601949583396769,-2.9280995571807167,-142.44864859588506,106.12046883924678,-61.77591593561299
6.5,-4.458209215419018,6.164181135472173,-3.295638112533127,-180.40194377139943,101.30791023434094,-85.43142619366137
6.51,-4.21236481349164,5.781133743538151,-3.617234348466486,-213.6110770499745,97.09692145504832,-106.1299976694537
6.52,-3.9972509618051855,5.445967275595882,-3.8986310549081753,-242.6690686687277,93.41230627316727,-124.24124771077199
6.53,-3.8090263415795373,5.152696616146396,-4.144853173044654,-268.09481133513674,90.18826798902137,-140.0885914969255
6.54,-3.644329798882095,4.896084789128096,-4.360297526414072,-290.34233616824463,87.3672344903937,-153.95501730980982
6.55,-3.5002203240218335,4.671549440487084,-4.548811335612314,-309.808920397214,84.89883017909449,-166.0881398960836
6.56,-2.2571924085191046,-1.7524001145738017,-3.8143136686607746,-326.8421815975623,82.73897640670768,-176.70462215907312
6.57,-1.1695429824542165,-7.3733559752520765,-3.171628210078178,-341.746285147867,80.84910435586922,-185.994044139189
6.58,-0.21784973464743929,-12.291692353345567,-2.609278433818406,-354.7873757543836,79.19546631138556,-194.12228837179035
6.59,0.6148818571834906,-16.595236684177372,-2.117222379591105,-366.1983300350857,77.74853302246237,-201.23450207531656
6.6,1.3435220000355543,-20.3608379736552,-1.686673332142217,-376.1829150307,76.48246639465457,-207.45768906590197
6.61,1.9810821250311101,-23.6557391019483,-1.3099429156244398,-384.9194269018625,75.37465809532274,-212.90297768266421
6.62,2.5389472344022215,-26.53877758920476,-0.9803038011713848,-392.56387478912967,74.4053258334074,-217.6676052223312
6.63,3.027079205101944,-29.061436265554164,-0.6918695760249618,-399.25276669048844,73.55716010423147,-221.8366543195398
6.64,3.4541946794642007,-31.268762607359893,-0.43948962902184163,-386.8005479791774,97.12251684120254,-253.58957127959732
6.65,3.8279207195311757,-33.20017315643991,-0.21865717539411142,-375.90485660678024,117.74220398605222,-281.3733736196477
6.66,4.154931004589779,-34.89015738688492,-0.025428778469847507,-366.3711266559327,135.78443023779568,-305.6842006671917
6.67,4.441065004016057,-36.36889358852431,0.14364606883888342,-358.02911294894113,151.57137820807122,-326.9561743337927
6.68,4.69143225351405,-37.66278776495877,0.29158656023402296,-350.7298509553235,165.38495768206235,-345.5691512920686
6.69,4.910503596824793,-38.79494516933893,0.42103449020477013,-344.3429967109081,177.47183972180454,-361.85550613056006
6.7,5.102191022221694,-39.78558289817157,0.5343014289291739,-338.7544992470446,188.04786150657895,-376.10606661424004
6.71,5.2699175194439825,-40.652390910900124,0.6334100003130271,-333.864563966164,197.3018805682566,-388.57530703746
6.72,1.4471215795134853,-35.97733692203761,1.8610672502738987,-329.5858705953935,205.3991472472245,-399.4858924077775
6.73,-1.8978248679257002,-31.886664681782907,2.9352673439896613,-325.84201389596933,212.48425559132147,-409.0326546068053
6.74,-4.8246530094349875,-28.307326471560042,3.875192425990954,-322.5661392839732,218.6837253924063,-417.3860715309546
6.75,-7.385627633255614,-25.17540553761504,4.6976268727420845,-319.69974899847654,224.10826146835552,-424.69531133958526
6.76,-9.626480429098661,-22.43497472041316,5.417257013649324,-317.191657498667,228.8547305348111,-431.0908961721371
6.77,-11.587226625461328,-20.037097755361515,6.046933386943158,-314.9970774363336,233.00789096795972,-436.68703290061995
6.78,-13.302879547278662,-17.938955410941325,6.5979002135752625,-313.0768198817919,236.6419063469648,-441.58365253804243
6.79,-14.804075853868829,-16.10308085957366,7.079996186878354,-311.3965945215679,239.8216698035942,-445.86819472078713
6.8,-16.117622622135226,-14.496690627126952,7.50183016351856,-214.42451695637195,252.06271270314494,-367.5771697556888
6.81,-17.26697604436832,-13.091099173736083,7.870934893078739,-129.57394908682545,262.7736252402518,-299.0725229112277
6.82,-18.27266028882228,-11.861206652019073,8.193901531443897,-55.32970220097227,272.1456737102203,-239.13095692232423
6.83,-19.152634002719495,-10.785050695516688,8.47649734001341,9.634013824149264,280.34621612144275,-186.6820866820337
6.84,-19.92261100237956,-9.843414233577102,8.723768672511733,66.47726534613061,287.5216907312624,-140.7893252217795
6.85,-20.596340877082113,-9.019482329379963,8.940131088447767,116.21511042786429,293.8002310148546,-100.63315894405706
6.86,-21.18585451744685,-8.298541913207469,9.129448202391796,159.73572487438125,299.2939537629978,-65.49651345104992
6.87,-21.701678952765995,-7.667719049056535,9.29510067709282,197.8162625150836,304.10096116762304,-34.75194864466869
6.88,-17.542726833670244,-6.149074167924468,5.323536342456219,231.13673295069816,308.3070926466701,-7.850454439085102
6.89,-13.903643729461464,-4.820259896933909,1.848417549649191,260.2921445818609,311.9874576908363,15.688352990800535
6.9,-10.71944601327878,-3.6575474098171705,-1.1923113940569579,285.8031297591283,315.20777710448175,36.28480949195047
6.91,-7.933273011618932,-2.6401739835900244,-3.852949219799838,308.12524178923724,318.0255565914215,54.306708930456665
6.92,-5.495371635166566,-1.7499722356412715,-6.181007317324858,327.65708981558254,320.4911136424938,70.07587093914958
6.93,-3.3622079307707455,-0.9710457061861125,-8.218058152659252,344.7474568386347,322.64847606218206,83.87388769675589
6.94,-1.4956896894244025,-0.28948499291284846,-10.000477633576844,359.70152798380536,324.5361681794093,95.9471523596614
6.95,0.13751377175364787,0.30688063120125764,-11.560094679379738,372.7863402358297,326.1878987819831,106.51125893970372
6.96,1.566566800284442,0.8287005523011004,-12.924759594457269,384.23555095635095,327.6331630592352,115.75485219724077
6.97,2.816988200248887,1.2852929832634628,-14.11884139515011,370.2567310868071,311.86151880183075,137.59799492258566
6.98,3.9111069252177764,1.6848113603555297,-15.163662970756345,358.0252637009562,298.0613300766019,156.71074480726244
6.99,4.868460809565555,2.0343899403110886,-16.077881849411803,347.32272973833665,285.9861649420267,173.43440095635464
7.0,5.7061454583698605,2.3402711977722026,-16.87782336823533,337.95801252104457,275.4203954492733,188.0676000868103
7.01,6.439119526073628,2.607917298050677,-17.577772197205913,329.763884955914,266.17534714311415,200.87164932595903
7.02,7.080471835314425,2.8421076357943424,-18.190227422555175,322.5940233364248,258.0859298752249,212.07519241021416
7.03,7.641655105900122,3.0470241813200496,-18.72612574473578,316.3203944193717,251.0076897658218,221.8782926089374
7.04,8.132690467662606,3.226326158655043,-19.195036776643807,310.8309691169502,244.81422967009405,230.4560052828202
7.05,8.341332659204781,4.631804263823163,-16.24050667956333,306.02772197733145,239.3949520863323,237.9615038724677
7.06,8.523894576804183,5.861597605845268,-13.655292844617914,301.824880730165,234.65308420054077,244.52881513840921
7.07,8.68363625470366,6.9376667801146095,-11.393230739040675,298.1473946388943,230.50394980047315,250.27521249610805
7.08,8.823410222865704,7.879227307600283,-9.41392639666059,294.9295943090325,226.873457200414,255.30331018409456
7.09,8.94571244500749,8.703092769150247,-7.682035097078018,292.1140190204035,223.69677617536223,259.7028956610827
7.1,9.052726889381555,9.423975048006467,-6.166630209943266,289.65039064285304,220.91718027844195,263.5525329534474
7.11,9.14636452820886,10.054747042005658,-4.840650933700358,287.49471581249645,218.48503386863672,266.92096558426647
7.12,9.228297462182752,10.606672536754951,-3.680419066987813,285.6085003359344,216.35690576005715,269.8683441362332
7.13,9.299988779409908,11.089607344660582,-2.6652161836143367,257.8436881689426,202.97979304005,260.58667686920404
7.14,9.362718681983669,11.51217530157801,-1.7769136606625446,233.54947752282476,191.27481941004373,252.46521801055354
7.15,9.41760734673571,11.881922263880758,-0.9996489530797267,212.29204320747164,181.03296748378827,245.35894150923434
7.16,9.465634928393747,12.205450855895664,-0.31954233394476084,193.69178818153767,172.07134704831472,239.14094957058006
7.17,9.50765906234453,12.488538373908707,0.2755509577983343,177.41656503384547,164.22992916727537,233.70020662425756
7.18,9.544430179551464,12.736239952170118,0.7962575880735425,163.17574477961477,157.36868852136595,228.93955654622536
7.19,9.57660490710753,12.952978833148853,1.2518758895643498,150.7150270571629,151.3651029561952,224.7739877279472
7.2,8.184159043719088,13.650684979005247,2.4193810283688064,139.81189905001753,146.11196558667078,221.1291150119538
7.21,6.965768913254202,14.26117785662959,3.4409480248227053,130.27166204376533,141.51547038833692,217.93985138545958
7.22,5.899677549097427,14.795359124550892,4.334819146719867,121.92395466329467,137.4935370897948,215.14924571227712
7.23,4.966847605460249,15.262767733982031,5.116956378379884,114.61971070538283,133.97434545357046,212.70746574824247
7.24,4.150621404777718,15.671750267234277,5.801326456082399,108.22849724220997,130.89505277187416,210.57090827971217
7.25,3.4364234791805037,16.029609983829992,6.400150274072099,102.63618546193372,128.20067167538988,208.70142049474816
7.26,2.811500294282941,16.342737235851242,6.9241211148130875,97.74291265419201,125.84308821596615,207.06561868290464
7.27,2.2646925074975734,16.616723581369836,7.3825956004614515,93.46129894741802,123.78020268897038,205.63429209754156
7.28,1.7862356940603767,16.856461633698608,7.7837607754037705,89.71488695399076,121.97517785284909,204.38188133534885
7.29,1.3675859823028296,17.06623242948628,8.1347803034783,78.8986510847419,121.54640499624294,188.90102116843025
7.3,1.0012674845149758,17.249781875800497,8.441922390543512,69.43444469914915,121.17122874671257,175.35526852237646
7.31,0.6807387989506039,17.410387641325435,8.710671716725573,61.15326411175551,120.8429495283735,163.5027349570794
7.32,0.40027619908177836,17.550917686159757,8.945827377134876,53.907231097786074,120.5557052123268,153.1317680874445
7.33,0.15487142419655606,17.673881475389788,9.151588579993016,47.56695221056282,120.30436643578595,144.05717207651395
7.34,-0.05985775382801345,17.781474790966065,9.331629632493888,42.019208184242466,120.0844450063127,136.1169005669497
7.35,-0.24774578459951177,17.875618942095308,9.489165553432152,37.16493216121216,119.8920137555236,129.169162996081
7.36,-0.4121478115245728,17.957995074333393,9.627009484253133,32.91744064106064,119.72363641108315,123.08989262157088
7.37,-1.2888160850840011,17.588735190041717,8.55842367372149,29.200885560928057,119.57630623469775,117.77053104387451
7.38,-2.055900824448501,17.265632791286503,7.623411089506304,25.948899865812052,119.44739233036053,113.1160896633902
7.39,-2.7270999713924384,16.98291819237569,6.805275078318015,23.103412382585546,119.33459266406545,109.04345345546642
7.4,-3.314399224968384,16.735542918328726,6.0894060685282625,20.613610834762355,119.23589295605727,105.47989677353311
7.41,-3.828286071847336,16.519089553537636,5.463020684962229,18.43503448041706,119.14953071155011,102.36178467684147
7.42,-4.277937062866418,16.329692859345432,4.91493347434195,16.528780170364925,119.07396374760634,99.63343659223628
7.43,-4.671381680008116,16.163970751927252,4.435357165049206,14.86080764906931,119.00784265415555,97.24613201820674
7.44,-5.015645720007101,16.018963907936346,4.015727894418055,13.401331692935646,118.94998669738611,95.1572405159309
7.45,-5.316876755006214,15.892082919444302,3.6485522826157983,6.43679035631869,121.55061336021285,78.86133532643953
7.46,-5.580453910630437,15.781062054513765,3.3272736222888235,0.34281668677885424,123.82616169018624,64.60241828563458
7.47,-5.811083921801632,15.683918797699544,3.0461547945027205,-4.9894102740685025,125.81726647891296,52.12586587493026
7.48,-6.012885181576428,15.598918447987101,2.8001758201898808,-9.65510886480994,127.55948316904883,41.208882515563985
7.49,-6.189461283879375,15.524543141988714,2.5849442176661457,-13.737595131708698,129.08392277291773,31.65652207611849
7.5,-6.343965373394453,15.459464749240125,2.3966165654578777,-17.30977061524511,130.417807426303,23.298206691603678
7.51,-6.479156451720146,15.40252115558511,2.2318298697756433,-20.43542416333947,131.58495649801512,15.984680730153219
7.52,-4.834511145255128,11.853643386136971,0.035907136053688005,-23.170371017922037,132.6062119357632,9.585345513884068
7.53,-3.395446502098237,8.74837533786985,-1.885525255953023,-25.563449515681782,133.4998104437928,3.98592719964856
7.54,-2.136264939335957,6.031265795636119,-3.566778598958895,-27.65739320122156,134.28170913831872,-0.9135638253075098
7.55,-1.0344810719189625,3.6537949461816046,-5.037875274089034,-29.489593926068864,134.96587049602886,-5.200618472144071
7.56,-0.07042018792909222,1.573507952908904,-6.325084864827905,-31.092769560310256,135.56451168402526,-8.951791288126062
7.57,0.7731330855620443,-0.24674316620470904,-7.451393256724416,-32.495548240271475,136.08832272352208,-12.234067502110303
7.58,1.5112421998667886,-1.8394628954291203,-8.436913099633864,-33.72297958523754,136.54665738308182,-15.106059189346514
7.59,2.15708767488344,-3.23309265850048,-9.299242962179632,-34.79698201208285,136.94770021019661,-17.6190519156782
7.6,2.7222024655230097,-4.45251870118792,-10.053781591907178,-87.0248590105725,135.54423768392203,-61.879172301218425
7.61,3.2166779073326333,-5.51951648853943,-10.714002892918781,-132.72425138425092,134.31620797343177,-100.60677763856611
7.62,3.649343918916054,-6.453139552472001,-11.291696531303934,-172.71121971121954,133.2416819767528,-134.49343230874535
7.63,4.027926679051547,-7.270059733413,-11.797178464890944,-207.6998169973171,132.3014717296587,-164.1442551451522
7.64,4.3591865941701045,-7.984864891736375,-12.239475156779577,-238.31483962265247,131.47878776345135,-190.08872512700816
7.65,4.649039019898842,-8.610319405269328,-12.62648476218213,-265.1029844198209,130.75893929301992,-212.7901363611321
7.66,4.902659892411487,-9.15759210461066,-12.965118166909363,-288.5426111173433,130.12907188139243,-232.65387119099057
7.67,5.124578155860052,-9.636455716534329,-13.261422396045692,-309.0522844776754,129.57793789621837,-250.03463916711672
7.68,3.8342771363775454,-12.188636501967537,-9.43490634653998,-326.998248667966,129.09569565919108,-265.24281114622715
7.69,2.7052637443303524,-14.421794689221596,-6.086704803222483,-342.70096733447025,128.6737337017922,-278.54996162794873
7.7,1.7173770262890584,-16.375808103068895,-3.1570284528196733,-356.4408461676615,128.30451698906816,-290.19371829945516
7.71,0.8529761480029261,-18.085569840185283,-0.5935616462172142,-368.4632401467038,127.98145236543465,-300.38200538702324
7.72,0.09662537950256034,-19.58161136016212,1.6494718095599374,-378.98283487836585,127.69877081975532,-309.29675658864534
7.73,-0.5651815429352597,-20.890647690141854,3.612126083364945,-388.18748026857014,127.45142446728592,-317.0971638900647
7.74,-1.1442626000683522,-22.03605447887412,5.329448572944327,-396.2415449849989,127.23499640887518,-323.9225202788066
7.75,-1.6509585250598082,-23.038285419014855,6.832105751326285,-403.28885161187407,127.04562185776578,-329.89470711895575
7.76,-2.094317459427332,-23.915237491637996,8.1469307824105,-409.4552449103898,126.87991912554506,-335.12037060408625
7.77,-2.482256526998915,-24.682570555183247,9.297402684609187,-386.54896492159105,146.34367998485192,-346.8853261535755
7.78,-2.8217032111240505,-25.35398698578534,10.30406559903304,-366.50596993139214,163.37447073674542,-357.1796622593785
7.79,-3.1187190597335444,-25.94147636256217,11.18489564915391,-348.9683493149681,178.27641264465223,-366.1872063519562
7.8,-3.3786079272668514,-26.455529567241896,11.955621943009671,-333.62293127559707,191.31561181407068,-374.06880743296165
7.81,-3.606010686358495,-26.905326121336657,12.630007450133462,-320.1956904911474,202.72491108731185,-380.9652083788414
7.82,-3.804988100563683,-27.298898106169574,13.22009476886678,-308.4468548047539,212.70804795139787,-386.9995592064862
7.83,-3.9790933379932225,-27.643273592898375,13.736421172758433,-298.16662357915965,221.44329270747312,-392.2796161806754
7.84,-4.1314354207440696,-27.944602143786078,14.188206776163629,-289.1714212567647,229.08663186903897,-396.89966603309097
7.85,-4.290890868151061,-26.85764837581282,12.376366304143176,-281.3006192246691,235.77455363540912,-400.9422096539546
7.86,-4.430414384632179,-25.906563828836216,10.791005891125279,-274.41366744658546,241.62648518098297,-404.47943532221024
7.87,-4.552497461553157,-25.07436485023169,9.403815529734619,-268.38758464076227,246.7469252833601,-407.57450778193396
7.88,-4.659320153859013,-24.34619074395273,8.190023963517792,-263.11476218566696,251.2273103729401,-410.2826961841922
7.89,-4.7527900096266364,-23.70903840095864,7.127956343078068,-258.5010425374586,255.1476473263226,-412.6523610361682
7.9,-4.834576133423307,-23.151530100838812,6.19864717519331,-254.4640378452763,258.5779421605323,-414.72581778164715
7.91,-4.906138991745395,-22.66371033823396,5.385501653294146,-250.93165873961675,261.5794501404658,-416.54009243394125
7.92,-4.968756492777221,-22.23686804595472,4.673999321632378,-247.84082702216466,264.20576962290755,-418.1275827546986
7.93,-5.023546806180069,-21.86338104021038,4.0514347814283305,-151.9050987693941,269.6362981700441,-350.13350903536127
7.94,-5.07148833040756,-21.536579910184084,3.5066908087497892,-67.96133654821985,274.38801064878857,-290.6386945309411
7.95,-5.113437164106616,-21.250628921411074,3.030039832656066,5.48945539530763,278.54575906768997,-238.58073183957347
7.96,-5.150142393593289,-21.00042180623469,2.6129702285740577,69.75889834589418,282.18378893422874,-193.0300144846268
7.97,-5.182259469394128,-20.781490580455355,2.2480343250023007,125.9946609276574,285.36706506745014,-153.17313679904845
7.98,-5.210361910719863,-20.58992575789844,1.9287154093770131,175.20095318670025,288.1524316840189,-118.29836882416738
7.99,-5.234951546879881,-20.422306538161134,1.6493113582048866,218.25645891336274,290.58962747351654,-87.78294684614646
8.0,-1.667175728519895,-15.267219345890993,-1.2345336865707242,255.93002642419242,292.722173789327,-61.08195261537814
8.01,1.4546281125450922,-10.75651805265462,-3.7578981007493835,288.8943979961684,294.5881518156611,-37.71858266345588
8.02,4.186206473476956,-6.809654421072792,-5.965841963155711,317.7382231216473,296.22088258870343,-17.27563395552389
8.03,6.576337539292336,-3.356148743438693,-7.8977928427612465,342.9765701064414,297.6495220151155,0.6119461639165955
8.04,8.667702221880793,-0.33433127550885633,-9.58824986241609,365.0601237181362,298.89958151322605,16.26357876842702
8.05,10.497646319145694,2.3097590089297504,-11.067399754614078,384.38323312836917,299.99338357407277,29.958757297373644
8.06,12.098847404252481,4.6233380078135315,-12.361655910287318,401.290953862323,300.9504603773137,41.94203851020194
8.07,13.499898353720921,6.64771963183684,-13.494130046501404,416.08520950453266,301.7879025801494,52.42740957142669
8.08,14.725817934505805,8.419053552857235,-14.485044915688729,372.9426838164661,269.67753975763077,68.50585787499836
8.09,15.798497567692579,9.96897073375008,-15.352095426227637,335.19297383940784,241.58097228792693,82.57450014062356
8.1,16.737092246731006,11.32514826703132,-16.110764622949183,302.1619776094819,216.99647575193606,94.88456212304561
8.11,17.55836259088963,12.511803608652404,-16.774600170080536,273.2598559082967,195.48504128294405,105.6558663576649
8.12,18.276974142028426,13.550127032570852,-17.35545627382047,247.9704994197596,176.66253612257603,115.08075756295679
8.13,18.905759249274873,14.458660028499494,-17.86370536459291,225.84231249228964,160.19284410725402,123.32753736758718
8.14,19.455946218115514,15.253626399937058,-18.308423319018797,206.48014893075342,145.78186359384725,130.5434696966388
8.15,19.937359815851075,15.949221974944926,-18.697551529141446,189.53825581440924,133.17225564461634,136.85741048455895
8.16,17.785854838869692,15.553540103076811,-15.336170712998767,174.71409933760808,122.13884868903929,142.38210867398908
8.17,15.90328798401098,15.207318465192209,-12.394962498873921,161.74296242040705,112.48461760290938,147.21621958974046
8.18,14.256041986009608,14.904374532043184,-9.821405311514681,150.39321761785615,104.03716540254571,151.44606664102292
8.19,12.814701737758407,14.639298590537786,-7.569542772575346,140.46219091562412,96.64564472722749,155.14718281089506
8.2,11.553529020538605,14.407357141720562,-5.599163051003428,131.7725425511711,90.17806413632405,158.38565945953317
8.21,10.450002892971279,14.20440837400549,-3.8750807946279995,124.16910023227473,84.51893111928354,161.21932652709154
8.22,9.484417531349868,14.026828202254803,-2.3665088202995,117.51608820324039,79.5671897293731,163.6987852112051
8.23,8.639530339931135,13.871445551972952,-1.0465083427620623,111.69470267783534,75.23441601320145,165.86831155980445
8.24,7.900254047439743,13.735485732976333,0.10849207508319558,103.15786509310591,92.79761501155127,162.5428979898289
8.25,7.253387291509775,13.616520891354291,1.1191174406977962,95.68813220646767,108.16541413510737,159.6331611161003
8.26,6.687378880071053,13.512426654935004,2.0034146356105715,89.1521159306592,121.61223836821895,157.08714135158775
8.27,6.192121520062171,13.421344198068129,2.7771746811592504,83.4331016893268,133.37820957219157,154.8593740576393
8.28,5.758771330054399,13.341647048309612,3.4542147210143437,78.42896422816095,143.67343437566763,152.91007767543437
8.29,5.379589913797599,13.27191204227091,4.04662475588755,74.05034394964083,152.68175607870916,151.20444334100506
8.3,5.047806174572898,13.210893911987046,4.5649835364016065,70.21905120593573,160.5640375688705,149.71201329837942
8.31,4.757495402751285,13.157503047988666,5.018547469351406,66.86667005519377,167.4610338727617,148.406137011082
8.32,3.623706102407374,13.681834916990082,5.70881191068248,63.93333654829455,173.4959056386665,147.26349525969675
8.33,2.631640464606452,14.140625302366322,6.312793296847171,61.36666972975773,178.7764184338332,146.26368372723465
8.34,1.7635830315306453,14.542066889570533,6.841277009741275,59.12083626353801,183.39686712960403,145.38884863633032
8.35,1.0040327775893148,14.893328278374216,7.303700258523616,57.15573198059576,187.43975973840352,144.62336793178903
8.36,0.33942630539065044,15.20068199357744,7.708320601208164,55.43626573302129,190.97729077110307,143.9535723153154
8.37,-0.2421043577831809,15.469616494380261,8.062363401057143,53.93173276639362,194.0726304247152,143.36750115090098
8.38,-0.7509436880602833,15.704934182582729,8.372150850925,52.61526642059442,196.78105262162578,142.85468888203835
8.39,-1.1961781020527478,15.910837159759888,8.643214869559374,51.463358368020124,199.15092204392255,142.40597814678355
8.4,-1.5857582142961544,16.0910022647899,8.880395885864452,36.516688822017606,192.45705716343224,128.1052308784356
8.41,-1.926640812509135,16.248646731691164,9.087929275131396,23.438352969265402,186.59992539300322,115.59207701863116
8.42,-2.2249130859454933,16.386585640229768,9.269520990739972,11.994809098107227,181.47493509387783,104.64306739130227
8.43,-2.4859013252023066,16.507282185201046,9.428413741897474,1.9817082108438235,176.9905685821431,95.06268396738949
8.44,-2.7142660345520184,16.612891662050913,9.56744489916029,-6.7797550655116545,173.06674788437522,86.6798484714658
8.45,-2.9140851552330163,16.70529995429455,9.689097161765252,-14.446035432322699,169.63340477382832,79.34486741253258
8.46,-3.088926885828889,16.78615721000773,9.795542891544596,-21.154030753282363,166.6292295520998,72.926758985966
8.47,-3.241913400100278,16.856907308756764,9.88868290510152,-27.02352665912207,164.00057623308732,67.31091411272025
8.48,-3.4633229750877437,14.69797752016217,7.558107166963831,-32.15933557673181,161.7005045789514,62.397049848630225
8.49,-3.657056353201776,12.808913955141898,5.518853396093352,-36.653168379640334,159.68794188158247,58.09741861755145
8.5,-3.8265730590515545,11.155983335749161,3.7345063465816835,-40.5852720821853,157.92694952138467,54.335241290357516
8.51,-3.9749001766701104,9.709669043780517,2.1732026782589733,-44.02586282191214,156.3860812062116,51.04333612906282
8.52,-4.104686404586347,8.444144038307952,0.8070619684766016,-47.03637971917313,155.03782143043514,48.16291911292997
8.53,-4.218249354013054,7.336809658519458,-0.38831115258297344,-49.67058200427649,153.85809412663076,45.642554223813725
8.54,-4.317616934761422,6.367892076204527,-1.4342626335101016,-51.975509003741934,152.82583273580192,43.43723494583701
8.55,-4.404563567916244,5.520089191678961,-2.349470179321339,-53.992320128274194,151.9226040188267,41.507580577607385
8.56,-4.480641871926713,4.778261667719091,-3.150276781906171,-55.757029862239925,151.13227889147336,39.819133005406464
8.57,-4.547210387935874,4.129162584254205,-3.8509825591678997,-123.12302725445994,147.6582449050392,1.0623646297306593
8.58,-4.60545783944389,3.5612008862224296,-4.464100114271912,-182.06827497265246,144.6184651669093,-32.84980769898567
8.59,-4.656424359513404,3.064234400444626,-5.000577974987923,-233.6453667260709,141.95865789604562,-62.52295848661246
8.6,-4.701020064574229,2.6293887253890476,-5.469996103114433,-278.77532201031204,139.6313265340399,-88.4869654257859
8.61,-4.740041306502451,2.2488987597154164,-5.880736965225129,-318.26403288402304,137.59491159228492,-111.20547149756266
8.62,-4.774184893189645,1.9159700397509893,-6.240135219571988,-352.81665489852014,135.8130485182493,-131.08416431036733
8.63,-4.80406053154094,1.6246574097821156,-6.554608692125489,-383.0501991612051,134.25391832846813,-148.4780205215714
8.64,-4.8302017150983225,1.3697588585593512,-6.829772980609803,-409.5045503910545,132.8896794124096,-163.697644706375
8.65,-2.7364880007110317,-4.410630373760567,-3.835188858033578,-432.6521077171727,131.6959703608584,-177.01481586807813
8.66,-0.9044885006221528,-9.468470952040494,-1.2149277507793808,-452.9062203775261,130.65147494075111,-188.66734063456835
8.67,0.6985110619556163,-13.894081458035433,1.0778007180680418,-470.62856895533537,129.73754144815723,-198.86329980524732
8.68,2.1011356792111644,-17.766490650781005,3.083938128309536,-486.13562396091845,128.93784964213756,-207.7847640795914
8.69,3.328432219309769,-21.15484869443338,4.8393083622708435,-499.7042970908036,128.23811931187038,-215.5910453196425
8.7,4.402316691896048,-24.119661982629207,6.375257316986988,-511.5768860794532,127.62585527288658,-222.42154140468716
8.71,5.341965605409042,-26.713873609800558,7.719212652363614,-521.9654014445215,127.09012423877576,-228.39822547910126
8.72,6.164158404732912,-28.98380878357549,8.895173570818162,-531.0553523889563,126.6213595839288,-233.62782404421358
8.73,6.883577104141298,-30.970002060628556,9.924139374465891,-486.1940582153368,162.3486917609377,-249.9155950386869
8.74,7.513068466123636,-32.707921178049986,10.824484452657654,-446.9404258134197,193.6101074158205,-264.16739465885104
8.75,8.063873407858182,-34.228600405793735,11.612286396075447,-412.5934974617423,220.96384611384292,-276.6377193264947
8.76,8.54582773187591,-35.559194730069514,12.301613096566015,-382.53993515402453,244.89836747461254,-287.5492534106828
8.77,8.967537765391421,-36.723464763810824,12.904773959495262,-356.2430681347715,265.841073665286,-297.0968457343474
8.78,9.336534044717494,-37.74220104333447,13.432539714558356,-333.23330949292506,284.16594158212524,-305.450989017554
8.79,9.659405789127806,-38.63359528791766,13.89433475023856,-313.09977068130945,300.2002010093596,-312.7608643903597
8.8,6.802252940486831,-34.29556887692795,13.71844053145874,-295.48292422114577,314.2301780081896,-319.15700534156474
8.81,4.302244197925977,-30.49979576731196,13.564533090026398,-280.06818356850255,326.5064078821659,-324.7536286738691
8.82,2.11473654818523,-27.178494296397965,13.429864078773097,-266.5802854974397,337.2481090218951,-329.65067408963546
8.83,0.20066735466207608,-24.27235550934822,13.312028693926461,-254.77837468525976,346.6470975191582,-333.935588828431
8.84,-1.4741431896706836,-21.729484070679693,13.208922732185652,-244.4517027246023,354.8712124542634,-337.6848892248771
8.85,-2.939602415961848,-19.50447156184473,13.118705015662446,-235.41586475902704,362.06731302248045,-340.96552707176744
8.86,-4.221879238966617,-17.55758561661414,13.03976451370464,-227.50950653914867,368.3639010196704,-343.83608518779647
8.87,-5.34387145909579,-15.854060414537372,12.97069157449156,-220.59144309675509,373.8734155172116,-346.3478235393219
8.88,-6.3256146517088165,-14.3634758627202,12.910252752680115,-124.3387653346607,371.3573642025601,-276.4499698469067
8.89,-7.184639945245214,-13.059214379880174,12.8573687835951,-40.11767229282812,369.15581930224005,-215.28934786604336
8.9,-7.936287077089562,-11.917985582395152,12.811095310645712,33.575784118775395,367.22946751446,-161.77380363278795
8.91,-8.593978317453367,-10.919410384595759,12.770606021814999,98.05755847892847,365.54390970015254,-114.94770242868944
8.92,-9.169458152771696,-10.045657086521288,12.735177894088125,154.4791110440624,364.06904661263343,-73.97486387510325
8.93,-9.673003008675234,-9.281122950706127,12.70417828232711,203.8479695385546,362.7785414110542,-38.12363014071535
8.94,-10.11360475759083,-8.61215558186786,12.677053622036222,247.04572072123528,361.64934935967244,-6.7538006231259295
8.95,-10.499131287891975,-8.026809134134378,12.653319544281693,284.8437530060809,360.66130631471333,20.69480020476481
8.96,-7.3950170019054795,-5.33990549236758,7.562136226246483,317.91703125532075,359.79676865037413,44.71232592916921
8.97,-4.678917001667294,-2.988864805821633,3.1073508229656728,346.8561497234057,359.0402981940773,65.72766093802306
8.98,-2.3023295014588823,-0.9317042050939286,-0.790586404905036,372.17787838297994,358.37838654481766,84.11607907077018
8.99,-0.222815438776522,0.8683113205428125,-4.201281479291906,394.33439096010744,357.7992138517154,100.20594493692391
9.0,1.5967593660705433,2.443324905474961,-7.185639669380418,413.721339465094,357.29243774525094,114.28457756980842
9.01,3.1888873203117254,3.8214617922905907,-9.796953085707866,430.68491940695725,356.84900865209454,126.60338112358237
9.02,4.581999280272759,5.027331568254267,-12.081852324994383,445.5280518560876,356.46100819558274,137.38233423313457
9.03,5.800972245238665,6.082467622222484,-14.081139159370085,458.51579274907664,356.1215077961349,146.81391820399276
9.04,6.867573589583831,7.005711669444674,-15.830515139448824,427.41631890544204,353.991321196618,163.68092867849367
9.05,7.800849765885852,7.81355021076409,-17.361219122017722,400.2042792922618,352.12740792204073,178.43956284368195
9.06,8.617466420150121,8.520408934418578,-18.700585106765505,376.3937446307291,350.49648380678565,191.35336773822172
9.07,9.332005992631355,9.138910317616256,-19.872530343419815,355.55952680188796,349.0694252059374,202.652947020944
9.08,9.957228118552436,9.680099027914224,-20.897982425492337,337.329586201652,347.82074893019524,212.540078893326
9.09,10.504297478733381,10.153639149424945,-21.795252997305795,321.37838817644547,346.7281571889208,221.19131928166027
9.1,10.982983168891709,10.567986755746826,-22.58036474764257,307.42108990438976,345.77213941530573,228.76115462145273
9.11,11.401833147780245,10.930540911278472,-23.267337529187248,295.20845391634106,344.9356238633925,235.38476054377114
9.12,9.939942379307713,10.998932547368664,-19.563740338038844,284.5223974267984,344.2036727554684,241.18041572579975
9.13,8.660787956894248,11.058775228947582,-16.32309279578399,275.17209799844863,343.5632155360349,246.25161401007477
9.14,7.541527837282468,11.111137575329135,-13.48752619631099,266.99058599864253,343.0028154690305,250.68891250881543
9.15,6.56217523262216,11.156954628412993,-11.006405421772115,259.8317629988122,342.5124654104017,254.5715486952135
9.16,5.70524170354439,11.19704454986137,-8.8354247440506,253.56779287396068,342.0834091091015,257.96885535831177
9.17,4.9554248656013415,11.2321232311287,-6.935816651044275,248.08681901471562,341.70798484546384,260.94149868852276
9.18,4.299335132401174,11.262817077237614,-5.2736595696637405,243.29096688787615,341.3794886147809,263.54256160245745
9.19,3.725256615851027,11.289674192582911,-3.8192721234557725,239.09459627689165,341.0920544129333,265.81849165215027
9.2,3.222937913869649,11.313174168510049,-2.5466831080238013,213.57402186728018,313.59304823631663,251.3949300706315
9.21,2.7834090496359427,11.333736647446294,-1.4331677195208263,191.24351925887015,289.53141783177705,238.77431368680254
9.22,2.39882129343145,11.351728816515507,-0.45884175458072307,171.7043294765114,268.4774912278049,227.73127435095222
9.23,2.062307006752519,11.36747196445107,0.3936934647418673,154.60753841694745,250.05530544932927,218.0686149320832
9.24,1.7678570059084542,11.381247218894686,1.139661781649134,139.64784623982902,233.9358928931631,209.6137879405728
9.25,1.5102132551698975,11.39330056653285,1.792384058942992,126.55811558485038,219.8314069065177,202.21581432300118
9.26,1.2847749732736602,11.403847245716246,2.363516051575118,115.10460126174408,207.489981668203,195.74258740762602
9.27,1.0875164766144527,11.413075590001714,2.8632565451282286,105.08277622902607,196.69123458467763,190.07851385667277
9.28,-0.046206957962353856,12.3059308912515,3.6775552269871996,96.3136793253978,187.24233088659292,185.12244949958867
9.29,-1.0382149632170596,13.08717927984506,4.3900665736138,88.64071953472308,178.9745401507688,180.7858931871401
9.3,-1.9062219678149273,13.770771619864426,5.013514001912075,81.92687971788268,171.7402232569227,176.99140641374757
9.31,-2.6657280968380612,14.368914917381371,5.559030501673066,76.05226987814734,165.41019597480735,173.6712304870291
9.32,-3.3302959597333035,14.892290302708698,6.0363574389639325,70.91198626837891,159.87142210295644,170.76607655115046
9.33,-3.911792839766641,15.350243764870111,6.454018509093441,66.41423810983154,155.0249949650869,168.22406685725664
9.34,-4.420602609795811,15.750953044261347,6.81947194545676,62.4787084711026,150.78437121945103,165.99980837509955
9.35,-4.865811158571335,16.10157366372868,7.139243702274665,59.035120037214774,147.07382544201965,164.0535822032121
9.36,-5.255368638749918,16.408366705762592,7.419043989490332,56.02198015756293,143.8270978867672,162.3506343028106
9.37,-5.596231433906178,16.67681061754227,7.66386924080404,50.10423263786756,135.3162109009213,149.82243038995927
9.38,-5.894486379667906,16.911699040349486,7.878091335703535,44.92620355813412,127.86918478830614,138.86025196621438
9.39,-6.1554594572094175,17.1172264103058,8.065535668740592,40.39542811336735,121.35303693976788,129.26834584543758
9.4,-6.38381090005824,17.297062859017576,8.229549460148018,36.43099959919643,115.65140757229689,120.87542798975788
9.41,-6.58361841255096,17.45441975164038,8.373061527629515,32.962124649296875,110.66248187575978,113.53162486603814
9.42,-6.7584499859820895,17.59210703268533,8.498634586675825,29.926859068134767,106.2971718912898,107.10579713278338
9.43,-6.911427612734328,17.712583403599663,8.608511013341348,27.27100168461792,102.47752565487858,101.48319786618545
9.44,-7.0452830361425365,17.818000228149703,8.70465288667368,24.947126474040683,99.13533519801875,96.56342350791226
9.45,-6.98391878162472,17.098464449630992,7.07902877583947,22.913735664785598,96.2109185482664,92.25862094442323
9.46,-6.930225058921629,16.468870643427117,5.656607678859537,21.1345187066874,93.65205397973311,88.49191870137032
9.47,-6.883243051556426,15.917976062998726,4.411989219002095,19.577703868351474,91.41304748226648,85.19605423869903
9.48,-6.842133795111873,15.435943305123885,3.322948066626833,18.21549088480754,89.45391679698317,82.31217283386165
9.49,-6.806163195722889,15.014164641983399,2.370037058298479,17.0235545242066,87.73967744736026,79.78877660462895
9.5,-6.774688921257528,14.645108311735473,1.536239926011169,15.980610208680773,86.23971801644024,77.58080490405032
9.51,-6.747148931100337,14.322184022768539,0.8066674352597729,15.068033932595675,84.9272535143852,75.64882966604404
9.52,-6.723051439712795,14.039625269922471,0.16829150585230124,14.269529691021216,83.77884707508704,73.95835133278852
9.53,-6.701966134748695,13.792386361182162,-0.39028743237923647,-13.352912270356436,86.88211631570117,55.880432291189955
9.54,-6.683516492905109,13.57605231603439,-0.879044003331832,-37.52254898656188,89.59747690123852,40.06225312979121
9.55,-6.667373056291971,13.38676002653009,-1.306706002915353,-58.67098111324164,91.9734174135837,26.221346363567307
9.56,-6.653247549255474,13.22112927321383,-1.6809102525509338,-77.17585922408644,94.05236536188575,14.110552943121393
9.57,-6.64088773059854,13.0762023640621,-2.0083389709820674,-93.36762757107563,95.87144481665003,3.5136087002312184
9.58,-6.630072889273722,12.949391318554337,-2.294839099609309,-107.53542487469117,97.46313933956877,-5.758717512297684
9.59,-6.620609903114508,12.838431653735045,-2.5455267121581455,-119.93224751535477,98.85587204712267,-13.872002948260473
9.6,-5.464932415225194,5.599565197018165,-5.038403373138378,-130.77946732593543,100.07451316623234,-20.971127704727913
9.61,-4.453714613322045,-0.7344429526091059,-7.21967045149608,-140.2707846601935,101.1408241454533,-27.182861866636927
9.62,-3.5688990366567896,-6.276700083532967,-9.128279145059071,-148.5756873276693,102.07384625227164,-32.61812925830731
9.63,-2.794685407074691,-11.126175073091346,-10.798311751926688,-155.84247716171063,102.89024059573768,-37.3739882260189
9.64,-2.1172484811903547,-15.369465688954929,-12.259590282935852,-162.2009182664968,103.60458564627048,-41.53536482276654
9.65,-1.5244911710415603,-19.08234497783556,-13.538208997568871,-167.76455423318473,104.22963756548667,-45.17656934492072
9.66,-1.0058285246613652,-22.331114355606115,-14.657000372872762,-172.63273570403663,104.77655799480084,-48.362623301805634
9.67,-0.5519987090786945,-25.17378756115535,-15.635942826263667,-176.89239449103206,105.25511337045073,-51.15042051407993
9.68,-0.1548976204438577,-27.661126616010932,-16.49251747298071,-236.35709342965305,132.1338493241444,-116.45411769981995
9.69,0.19256583211162454,-29.837548289009565,-17.24202028885812,-288.3887050009464,155.65274328362634,-173.59485273734248
9.7,0.4965963530976715,-31.74191725288337,-17.897835252750856,-333.9163651258281,176.23177549817305,-223.59299589517468
9.71,0.7626230589604626,-33.40824009627295,-18.471673346156997,-373.7530677350996,194.23842868590143,-267.34137115827787
9.72,0.9953964265904047,-34.86627258423883,-18.973781677887374,-408.6101825182121,209.99425022516374,-305.62119951349314
9.73,1.199073123266604,-36.14205101120898,-19.413126468151454,-439.1101579534356,223.78059407201826,-339.1160493243065
9.74,1.3772902328582786,-37.25835713480785,-19.79755315963252,-465.7976364592561,235.84364493801598,-368.42404290876823
9.75,1.5332302037509937,-38.23512499295687,-20.133926514678457,-489.1491801518491,246.39881444576397,-394.06853729517223
9.76,1.4510679282821195,-34.14112049383726,-14.93996982534365,-509.581780882868,255.63458776504348,-416.50746988327575
9.77,1.3791759372468546,-30.558866557107606,-10.395257722175694,-527.4603065225095,263.71588941941303,-436.1415358978663
9.78,1.3162704450909979,-27.424394362469158,-6.418634631903732,-543.1040164571958,270.7870283669864,-453.32134366063303
9.79,1.2612281394546232,-24.681731192160512,-2.939089427915766,-556.7922626500464,276.97427494611316,-468.35367545305394
9.8,1.2130661220227954,-22.28190091814045,0.10551262557370489,-568.7694780687906,282.388115702849,-481.5069657714222
9.81,1.170924356769946,-20.182049428372896,2.7695394223769916,-579.2495415601918,287.1252263649929,-493.01609479999445
9.82,1.134050312173703,-18.344679374826285,5.100562869579868,-588.4195971151679,291.2701981943688,-503.0865826999952
9.83,1.10178552315199,-16.736980577973,7.140208385882384,-596.443395725772,294.8970485450727,-511.8982596124958
9.84,1.0735538327579912,-15.330244130726374,8.924898212647086,-484.4073457600506,314.1092918519386,-470.0659781609338
9.85,1.0488511036632424,-14.099349739385577,10.486501811066201,-386.3758020400443,330.9200047454463,-433.46273189081705
9.86,1.0272362157053372,-13.02231714696238,11.852904959682926,-300.5982012850387,345.6293785272655,-401.4348914044649
9.87,1.00832318874217,-12.079913628592081,13.04850771472256,-225.5428006244089,358.5000805863573,-373.41053097890676
9.88,0.9917742901493987,-11.25531055001807,14.094660125382239,-159.86932504635777,369.7619448880626,-348.8892156065434
9.89,0.9772940038807237,-10.533782856265812,15.01004348470946,-102.40503391556305,379.61607615205475,-327.4330646557255
9.9,0.9646237533956332,-9.902446124232586,15.811003924120778,-52.123779176117665,388.2384410080479,-308.6589325737598
9.91,0.953537284221179,-9.350026483703513,16.51184430860568,-8.127681279102958,395.7830102570419,-292.2315670020398
9.92,1.7443466236935317,-11.705575048240572,12.805361270029973,30.36890438078491,402.38450834991164,-277.8576221267848
9.93,2.4363047957318402,-13.7666800422105,9.562188611276227,64.0534168331868,408.16081918117266,-265.28042036093666
9.94,3.04176819626536,-15.570146911934188,6.7244125348666985,93.52736522903845,413.21509115852604,-254.27536881581958
9.95,3.5715486717321903,-17.148180422942414,4.241358468008361,119.31707007540865,417.6375791387103,-244.64594871384213
9.96,4.035106587765666,-18.528959745074612,2.068686159507316,141.88306181598256,421.5072561213715,-236.22020612461185
9.97,4.440719764294958,-19.737141651940284,0.16759788956890143,161.62830458898475,424.89322348120004,-228.84768135903536
9.98,4.795631293758088,-20.79430082044775,-1.4958543466272112,178.90539201536166,427.85594492105,-222.39672218915595
9.99,5.106178882038327,-21.71931509289178,-2.9513750532988094,194.02284351344144,430.44832618091874,-216.75213291551145
10.0,5.3779080217835356,-22.528702581280307,-4.224955671636458,218.17498894926126,404.2791602833039,-139.8531145510725
10.01,5.615671019060594,-23.236916633620268,-5.339338712681901,239.3081162056036,381.3811401228909,-72.56647348218844
10.02,5.82371364167802,-23.856603929417734,-6.314423873596663,257.7996025549031,361.3453724825295,-13.690662546914886
10.03,6.005750936468267,-24.398830313240516,-7.16762338939708,273.9796531105402,343.8140757972133,37.82567202144948
10.04,6.165033569409734,-24.87327839908545,-7.914172965722445,288.13719734672264,328.47419119756165,82.9024647687683
10.05,6.304405873233517,-25.288420474199768,-8.567403845007139,300.5250485533823,315.05179217286644,122.34465842267227
10.06,6.4263566390793265,-25.651669789924796,-9.138980864381246,311.3644183592095,303.3071930262581,156.85657786983825
10.07,6.53306355919441,-25.969512941184195,-9.63911075633359,320.84886693930827,293.03066877297584,187.05450738610847
10.08,6.626432114295109,-26.24762569853617,-10.07672441179189,329.1477594468947,284.03871005135386,213.4776957128449
10.09,7.262346350008221,-19.707714486219146,-8.813127735317904,336.40929039103287,276.1707461699346,236.5979854987393
10.1,7.818771306257193,-13.985292175441753,-7.707480643403166,342.76312996715376,269.2862777736928,256.82823906139686
10.11,8.305643142975043,-8.978172653511534,-6.74003943797777,348.3227395962595,263.2623679269812,274.52971092872224
10.12,8.731656000103163,-4.596943071822592,-5.8935283832305485,353.18739802172706,257.9914468111086,290.01849881263195
10.13,9.104417250090268,-0.7633671878447679,-5.15283121032673,357.4439741440112,253.37939083472,303.5711882110529
10.14,9.430583343828985,2.591011710635828,-4.504721184035889,361.1684782510098,249.34384185538,315.4297914346713
10.15,9.715978675850362,5.526093246806349,-3.9376249110314028,364.42741934463356,245.81273649845747,325.80606925533743
10.16,9.965699591369066,8.094289590955555,-3.4414156721524773,367.27899280155435,242.72301931115027,334.88531234842026
10.17,10.184205392447934,10.34146139208611,-3.0072325881334177,319.01536870136005,243.47139202225648,320.4340233048677
10.18,10.375397968391942,12.307736718075347,-2.62732238961674,276.78469761369007,244.12621814447442,307.78914539175923
10.19,10.54269147234295,14.028227628315928,-2.2949009659146475,239.83286041197883,244.6991910014151,296.72487721778936
10.2,10.689073288300081,15.533657174776437,-2.0040322201753167,207.5000028604815,245.2005422512382,287.0436425655657
10.21,10.817157377262571,16.850908027929382,-1.749522067653402,179.2087525029213,245.63922459483342,278.57256224486997
10.22,10.92923095510475,18.00350252443821,-1.5268256841967267,154.45390844005615,246.02307164547923,271.16036696426124
10.23,11.027295335716657,19.012022708883435,-1.3319663486721358,132.79341988504913,246.35893781479433,264.6746960937286
10.24,11.113101668752075,19.894477870273008,-1.1614644300881187,113.84049239941798,246.65282071294502,258.99973408201254
10.25,7.984228710158065,20.19416026148888,0.18115137367289602,97.25668084949073,246.90996824882689,254.03414232176098
10.26,5.246464871388307,20.456382353802766,1.3559402019637838,82.74584574330439,247.13497234272353,249.68924953154087
10.27,2.850921512464769,20.685826684577417,2.383880426718311,70.04886502539134,247.33185092488307,245.88746834009828
10.28,0.7548210734066727,20.88659047400524,3.283328123378522,58.93900689721742,247.50411968427267,242.56090979758602
10.29,-1.0792668107691614,21.062258789754583,4.070344857956207,49.21788103506524,247.65485484873858,239.6501710728878
10.3,-2.684093709423016,21.215968566035258,4.758984500711681,40.711895905682084,247.78674811764625,237.10327468877682
10.31,-4.088317245745139,21.35046462028085,5.36154418812272,33.26915891747183,247.90215472794046,234.87474035267974
10.32,-5.3170128400269965,21.46814866774574,5.88878391460738,26.75676405278785,248.0031355119479,232.92477280859478
10.33,-6.392121485023622,21.571122209277522,6.350118675281458,17.44029342118937,225.6083686979544,213.67917608252043
10.34,-7.332841549395669,21.66122405811783,6.753786590871275,9.288381618540699,206.0129477357101,196.83927894720537
10.35,-8.155971605721211,21.740063175853102,7.106996017012366,2.1554587912231113,188.86695439374634,182.10436895380468
10.36,-8.87621040500606,21.809047403871464,7.416054264885821,-4.085848682679778,173.86421021952805,169.2113227095791
10.37,-9.506419354380302,21.86940860338753,7.686480231775093,-9.546992722344806,160.73680906708702,157.9299072458817
10.38,-10.057852185082766,21.922224652964086,7.923102952803206,-14.325493757051705,149.25033305870113,148.0586687151465
10.39,-10.54035591194742,21.968438696343576,8.130147833702805,-18.50668216242024,139.1996665513635,139.42133500075317
10.4,-10.193220172953994,21.12859973430063,7.251811479489954,-22.16522201711771,130.40533335744306,131.86366800065903
10.41,-9.889476401334745,20.393740642513052,6.48326716955371,-25.366444389977996,122.71029181276268,125.25070937557666
10.42,-9.623700601167902,19.75073893719892,5.810790898359496,-28.167513966230747,115.97713046116735,119.46437057862958
10.43,-9.391146776021916,19.188112445049057,5.222374161064558,-30.618449845451902,110.08561427852143,114.4013241313009
10.44,-9.187662179019178,18.695814264417926,4.707509515931489,-32.763018739770416,104.93053761870625,109.97115848988828
10.45,-9.00961315664178,18.265053356365687,4.257002951440052,-34.63951652229912,100.41984554136798,106.09476355365226
10.46,-8.853820262061559,17.888137561819978,3.8628097075100456,-36.281452082011725,96.47298997369698,102.70291798444573
10.47,-8.717501479303865,17.55833624159248,3.5178906190712897,-37.71814569676026,93.01949135198487,99.73505311139002
10.48,-8.598222544390882,17.269760086393422,3.2160864166873786,-38.83525248466523,86.98330493298675,93.51567159746627
10.49,-8.493853476342023,17.017255950594244,2.952007739601456,-39.81272092408207,81.7016418163634,88.07371277278298
10.5,-8.40253054179927,16.796314831769962,2.720938897151274,-40.668005808571806,77.08018658931798,83.31199880118511
10.51,-8.322622974074362,16.602991352798718,2.5187536600073646,-41.416380082500325,73.03641326565324,79.14549907603697
10.52,-8.252703852315067,16.43383330869888,2.341841577506444,-42.07120757218779,69.49811160744659,75.49981181653236
10.53,-8.191524620775684,16.28582002011152,2.1870435053181385,-42.64418162566432,66.40209765651576,72.30983546446582
10.54,-8.137992793178725,16.15630839259758,2.0515951921533713,-43.14553392245628,63.693085449451296,69.51860615640759
10.55,-8.091152444031385,16.042985718522882,1.9330779181342,-43.584217182149246,61.322699768269885,67.07628051185664
10.56,-7.757444263527462,13.00126812870752,-0.31636132163257535,-43.96806503438059,59.24861229723615,64.93924557287455
10.57,-7.465449605586529,10.33976523761908,-2.284620656428504,-44.30393190508302,57.43378576008163,63.06934000126524
10.58,-7.209954279888213,8.010950207916695,-4.006847574374941,-44.59781541694764,55.845812540071435,61.43317262610709
10.59,-6.986395869902186,5.973237056927108,-5.513796127578074,-44.85496348982919,54.456335972562506,60.001526172843704
10.6,-6.790782261164413,4.190238049811219,-6.832376111630815,-45.07996805360054,53.240543975992196,58.748835526238246
10.61,-6.619620353518862,2.6301139185848164,-7.986133597676963,-45.27684704690047,52.176725978993176,57.65273121045847
10.62,-6.469853684329004,1.2650053037617144,-8.995671397967342,-45.44911616603791,51.24588523161903,56.693639934151165
10.63,-6.338807848787878,0.07053526579149993,-9.879016973221425,-45.59985164528317,50.43139957766665,55.85443506738227
10.64,-6.224142742689393,-0.9746260174324377,-10.651944351568748,-91.43299518962277,70.53060050545832,7.174506808959485
10.65,-6.123810774853219,-1.8891421402533832,-11.328255807622655,-131.53699579091995,88.11740131727603,-35.42043041716045
10.66,-6.036020302996566,-2.6893437477217104,-11.920028331669824,-166.62799631705496,103.50585202761653,-72.6910004900154
10.67,-5.959203640121995,-3.3895201542564966,-12.437829290211097,-197.33262177742307,116.97074639916445,-105.30274930376348
10.68,-5.891989060106745,-4.002174509974434,-12.89090512893471,-224.1991690552452,128.7525289742689,-133.83802951579304
10.69,-5.833176302593402,-4.53824707122763,-13.287346487817873,-247.70739792333956,139.0615887274853,-158.8063997013189
10.7,-5.781715139769227,-5.007310562324177,-13.63423267684064,-268.2770981829221,148.08201601154963,-180.65372361365402
10.71,-5.736686622298073,-5.417741117033655,-13.93775809223556,-286.2755859100568,155.97488988510594,-199.77013203694727
10.72,-5.750412544510814,-8.150069602404448,-9.432603455706115,-302.0242626712997,162.8811545244677,-216.49698940732887
10.73,-5.762422726446962,-10.540857027103891,-5.4905931487428505,-315.8043548373872,168.92413608390922,-231.13298960641276
10.74,-5.772931635641092,-12.632796023715905,-2.041334130149994,-327.8619354827138,174.21174494842057,-243.93948978061115
10.75,-5.782126931185955,-14.463242645751416,0.9767675111187555,-338.4123185473746,178.838402704868,-255.14517743303475
10.76,-5.79017281478771,-16.06488344003249,3.617606447228911,-347.64390372895275,182.8867282417595,-264.9501541289054
10.77,-5.797212962939247,-17.466319135028428,5.928340516325298,-355.7215407628336,186.42901308653956,-273.52950873779224
10.78,-5.8033730925718405,-18.692575368149875,7.950232826784635,-362.7894731674794,189.52851232572212,-281.03644402056824
10.79,-5.808763206000361,-19.76554957213114,9.719388598436556,-368.97391402154443,192.24057416000684,-287.6050123929972
10.8,-5.813479555250315,-20.704402000614746,11.267399898631986,-291.8377986438514,224.66550264000597,-279.75063534387255
10.81,-5.817606360844025,-21.5258978755379,12.621909786302986,-224.34369768836996,253.0373150600052,-272.8780554258885
10.82,-5.821217315738522,-22.24470676609566,13.807105938015113,-165.2863593523237,277.86265092750455,-266.8645479976524
10.83,-5.824376901271207,-22.873664545333703,14.844152570763224,-113.61118830828325,299.5848198115665,-261.60272899794586
10.84,-5.827141538612306,-23.42400260216699,15.751568374417822,-68.39541364474785,318.5917175851207,-256.99863737320265
10.85,-5.829560596285767,-23.905548401896116,16.545557202615594,-28.831610814154367,335.2227531369806,-252.97005720155232
10.86,-5.8316772717500465,-24.3269009766591,17.240297427288645,5.7867166626149285,349.774909244858,-249.4450495513583
10.87,-5.833529362781291,-24.695584479576713,17.848195123877563,36.07775320478806,362.50804583925077,-246.3606678574385
10.88,-5.7335198174336295,-23.36614279462962,15.327972108392869,62.58241017918955,373.6495403593444,-243.66183387525868
10.89,-5.646011465254426,-22.202881320300918,13.12277696984376,85.77398503179086,383.3983480644264,-241.30035414085134
10.9,-5.569441657097623,-21.1850275302633,11.193231223613292,106.066613027817,391.9285548063731,-239.23405937324492
10.91,-5.5024430749604205,-20.294405463980386,9.504878695661631,123.82266252433988,399.39248570557646,-237.4260514515893
10.92,-5.4438193155903685,-19.515111155982837,8.027570233703928,139.35920583379738,405.92342524237944,-235.84404452014064
10.93,-5.392523526141573,-18.833228636484982,6.734925329490937,152.95368122957268,411.637997337082,-234.45978845512306
10.94,-5.347639710373876,-18.236581431924357,5.60386103830457,164.8488472008761,416.63824791994676,-233.24856439823267
10.95,-5.308366371577142,-17.71451512793381,4.614179783516499,175.25711742576658,421.0134671799534,-232.18874334845358
10.96,-5.274002200129999,-17.257707111942086,3.7482086855769365,184.36435387254573,424.84178403245926,-231.2613999298969
10.97,-5.243933550113749,-16.858000097949326,2.9904839748798193,215.50756001347753,411.9865619034019,-153.77809918865978
10.98,-5.217623481349531,-16.50825646070566,2.327474853019842,242.75786538679284,400.7382425404767,-85.98021104007731
10.99,-5.194602171180839,-16.20223077811745,1.7473418713923614,266.60188258844374,390.8959630979171,-26.657058910067647
11.0,-5.174458524783234,-15.934458305852768,1.2397255124683162,287.4653976398883,382.2839685856775,25.250699203690807
11.01,-5.15683283418533,-15.700157392621172,0.7955611984097766,305.72097330990226,374.7484733874678,70.66998755322946
11.02,-5.141410354912164,-15.495144093543525,0.4069174236085545,321.6946020211645,368.1549150890343,110.41186485907578
11.03,-5.127915685548143,-15.315757456850584,0.0668541206574852,335.6715271435189,362.38555157790506,145.1860075016913
11.04,-5.116107849854625,-15.158794149744262,-0.23070126942470043,347.90133662557906,357.33735850566694,175.6133823139799
11.05,-1.8540698686227968,-11.104265256026228,-1.361214985746613,358.60241992238167,352.9201895674586,202.23733527473243
11.06,1.0002133649550529,-7.55655247402295,-2.350414487528286,367.96586780708395,349.05516674652625,225.53329411539087
11.07,3.497711194335671,-4.452303789770081,-3.21596405158725,376.1588847061984,345.6732717782105,245.91725810096702
11.08,5.683021795043712,-1.736086191048821,-3.973319920138844,383.3277744929236,342.7141136809342,263.75322658834614
11.09,7.5951685706632475,0.6406042078322816,-4.636006305121488,389.6005530563081,340.12485034581744,279.3596990148029
11.1,9.268296999330342,2.7202083068532463,-5.215856891981302,395.0892342992696,337.8592449275903,293.01536238795256
11.11,10.73228437441405,4.539861893496591,-5.723226155483639,399.8918303868609,335.8768401866415,304.9640678394585
11.12,12.013273327612293,6.1320587818095165,-6.167174261048184,404.09410196350325,334.14223603831135,315.4191851095262
11.13,13.134138661660756,7.5252310590833265,-6.555628853417161,355.10921421806535,315.51383115852246,306.76991372083546
11.14,14.114895828953163,8.744256801697912,-6.895526621740016,312.2474374408072,299.2139768887072,299.201801255731
11.15,14.973058350334018,9.810904326485673,-7.192937169022514,274.7433827607063,284.9516044026188,292.57970284876467
11.16,15.723950556542267,10.744220910674965,-7.4531713978947,241.92733491561802,272.4720284772914,286.7853667426691
11.17,16.380981236974485,11.560872921840595,-7.680876348157862,213.21329305116575,261.55239954263,281.71532264983546
11.18,16.955883082352674,12.275443431610519,-7.88011817963813,188.08850641977003,251.99772422480123,277.27903406860605
11.19,17.45892219705859,12.900692627659204,-8.054454782183363,166.10431811729876,243.63738332170107,273.3972815600303
11.2,15.859765047426267,13.690296424201804,-5.799757434410443,146.8681533526364,236.32208503148843,270.0007481150265
11.21,14.460502541497984,14.381199746176579,-3.8268972551091376,130.03650918355683,229.92119902755238,267.0287813506482
11.22,13.236147848810736,14.985740152904507,-2.1006445982204953,115.30882053561223,224.32042377410832,264.4283104318172
11.23,12.164837492709395,15.514713008791443,-0.5901735234429335,102.4220929686607,219.41974542734476,262.15289837784
11.24,11.227440931120722,15.977564257692512,0.7314886669874332,91.14620634757812,215.13165187392664,260.16191283061
11.25,10.407218939730631,16.382559100480947,1.887943083614004,81.27980555413086,211.3795700146858,258.41980047678373
11.26,9.689524697264304,16.736929587920827,2.8998406981622535,72.6467048598645,208.09649838785006,256.8954521671858
11.27,9.061542235106266,17.047003764430723,3.7852511108919717,65.09274175238144,205.2238107143688,255.56164739628758
11.28,8.512057580717983,17.318318668876884,4.559985222030475,50.46364915833376,187.1483341250727,232.14331622175163
11.29,8.031258508128236,17.555719210267274,5.237877569276666,37.66319313854204,171.33229210943858,211.65227644403268
11.3,7.610559319612206,17.763444683983863,5.831033373117084,26.462794121224285,157.49325534575874,193.7226166385286
11.31,7.24244752966068,17.94520447348588,6.350044701477449,16.66244498107125,145.38409817753887,178.03416430871252
11.32,6.920349713453095,18.104244289300144,6.804179613792767,8.087139483437344,134.7885856553465,164.30676852012346
11.33,6.638514124271458,18.243404128137627,7.201547662068672,0.5837471730076764,125.5175121984282,152.295297205108
11.34,6.391907983737525,18.365168987120423,7.549244704310087,-5.981721098618284,117.40532292362467,141.7852598044695
11.35,6.176127610770334,18.47171323873037,7.853479616271327,-11.726505836290999,110.30715730817158,132.5889770789108
11.36,4.271590909424042,18.108443333889074,8.087021789237411,-16.753192481754624,104.09626239465014,124.54222969404695
11.37,2.605121295746036,17.79058216715294,8.291371190582735,-21.151543296535294,98.66172934531888,117.5013257322911
11.38,1.1469603837777813,17.512453646258823,8.470176916759893,-25.000100259468383,93.90651292715401,111.34053476575471
11.39,-0.1289304141944414,17.26909119047647,8.626631927164906,-28.367587602034835,89.74569856125976,105.94984267003538
11.4,-1.2453348624201364,17.05614904166691,8.763530061269293,-31.31413902678048,86.10498599110228,101.23298708628096
11.41,-2.222188754617619,16.869824661458544,8.883315928610632,-33.89237152343292,82.9193624922145,97.10573845049585
11.42,-3.076935910290417,16.706790828776224,8.988128562534303,-36.148324958003805,80.13194193068769,93.49439589418387
11.43,-3.8248396715041153,16.564136225179197,9.079839617217516,-38.12228421325333,77.69294893935172,90.33447115741089
11.44,-4.479255462566101,16.439313447031797,9.160086790065327,-32.57387368659666,70.78570519693275,87.77516238773453
11.45,-5.051869279745339,16.33009351615282,9.230303066307162,-27.71901447577208,64.74186692231615,85.53576721426771
11.46,-5.552906369777172,16.234526076633717,9.291742308018767,-23.471012666300574,59.45350843202663,83.57629643748425
11.47,-5.991313823555026,16.150904567054504,9.345501644516421,-19.754011083013005,54.8261947530233,81.86175950779872
11.48,-6.374920345610648,16.07773574617269,9.39254106395187,-16.50163469763638,50.77729528389539,80.36153969432388
11.49,-6.710576052409317,16.0137130279011,9.433700555957886,-13.655805360431833,47.23450824840847,79.04884735753339
11.5,-7.004274795858153,15.957693149413464,9.46971511146315,-11.165704690377854,44.13456959235741,77.90024156284171
11.51,-7.261261196375885,15.908675755736782,9.501227847530258,-8.986866604080623,41.42212326831273,76.8952114924865
11.52,-6.7561195468288995,15.287744286269685,7.527693741588975,-7.080383278570545,39.048732734773644,76.01581018092568
11.53,-6.3141206034752875,14.744429250485975,5.800851398890353,-5.412210368749227,36.97201601792694,75.24633403330998
11.54,-5.927371528040877,14.269028594175229,4.2898643490290596,-3.952559072655573,35.154888890686074,74.57304240414624
11.55,-5.588966087035767,13.853053019903326,2.967750680400427,-2.675364188573626,33.56490265435031,73.98391222862796
11.56,-5.292861326156297,13.48907439241541,1.8109012203503738,-1.557818665001923,32.173664697556525,73.46842332504946
11.57,-5.03376966038676,13.170593093363486,0.7986579428065771,-0.5799663318766827,30.95633148536196,73.01737053441828
11.58,-4.807064452838415,12.89192195669305,-0.08705492504424506,0.2756544596079026,29.891164924691715,72.62269934261599
11.59,-4.608697396233613,12.648084712106419,-0.8620536844137144,1.0243226521569146,28.959144184105252,72.27736204978899
11.6,-4.435126221704412,12.434727123093117,-1.5401775988620001,-31.6099676793627,47.5598765360921,41.669566668565366
11.61,-4.28325144399136,12.248039232706478,-2.13353602400425,-60.16497171944236,63.835517344080586,14.887745709994693
11.62,-4.15036101349244,12.08468732861817,-2.6527246460037186,-85.15060025451207,78.07670305107051,-8.546347628754644
11.63,-4.034081886805885,11.941754412540899,-3.1070146902532536,-107.01302522269808,90.5377405446867,-29.051179300160314
11.64,-3.9323376509551493,11.816688110973287,-3.5045184789715966,-126.14264706986083,101.44114835160086,-46.99290701264027
11.65,-3.8433114445857557,11.707255097101626,-3.852334294100147,-142.88106618612824,110.98163018265075,-62.691918761060236
11.66,-3.765413514012536,11.611501209963924,-4.1566731323376285,-157.5271829128622,119.3295517848194,-76.42855404092771
11.67,-3.697252824760969,11.527716558718435,-4.422969615795425,-170.34253504875443,126.63398318671697,-88.44810991081175
11.68,-2.455057971665848,5.79392023887863,-6.107945913820997,-181.55596816766013,133.02536066337737,-98.96522129696028
11.69,-1.3681374752076167,0.776848459018801,-7.582300174593372,-191.36772214670262,138.6178159554552,-108.16769375984025
11.7,-0.41708204080666467,-3.6130893483585496,-8.8723601527692,-199.9530068783648,143.5112143360233,-116.21985716486022
11.71,0.41509146429416843,-7.454284929813731,-10.00116263367305,-207.4651310185692,147.7929379190204,-123.2655001442527
11.72,1.1432432812573974,-10.815331063587015,-10.988864804463919,-214.03823964124805,151.53944605414284,-129.43043775122112
11.73,1.7803761211002227,-13.75624643063864,-11.853104203905929,-219.78970968609204,154.81764067237498,-134.82475815731848
11.74,2.337867355962695,-16.32954737680881,-12.609313678417688,-224.82224597533053,157.6860609633281,-139.54478851265367
11.75,2.8256721864673584,-18.58118570470771,-13.270996968615478,-229.2257152284142,160.19592871791207,-143.67481507357195
11.76,3.2525014131589387,-20.55136924161925,-13.849969847538542,-233.07875082486242,162.39206300317306,-147.28858831437546
11.77,3.6259769865140714,-22.275279836416843,-14.356571116596225,-272.4520293467546,172.04868025277645,-195.63564027507854
11.78,3.9527681131998125,-23.78370160686474,-14.799847227021697,-306.9036480534103,180.4982203461794,-237.93931074069374
11.79,4.2387103490498355,-25.10357065600665,-15.187713823643985,-337.04881442173394,187.891567927907,-274.955022398107
11.8,4.488909805418606,-26.25845607400582,-15.527097095688486,-363.42583499401724,194.36074706191863,-307.3437700983436
11.81,4.70783432974128,-27.268980814755093,-15.824057458727424,-386.50572799476504,200.02127880417882,-335.68392433605067
11.82,4.899393288523619,-28.15318996291071,-16.083897776386497,-406.7006343704194,204.97424407865648,-360.48155929404436
11.83,5.067007377458166,-28.92687296754687,-16.311258054338186,-424.371177449117,209.30808869382443,-382.1794898822888
11.84,5.213669705275896,-29.603845596603513,-16.510198297545912,-439.8329026429774,213.1002027320964,-401.16517914700273
11.85,4.0607167421164085,-26.51558439702807,-12.118195760352673,-453.3619121876052,216.41830251558434,-417.7776572536274
11.86,3.0518828993518574,-23.81335584739956,-8.275193540308589,-465.1997955391545,219.3216398261363,-432.313575596924
11.87,2.1691532869328753,-21.448905866474615,-4.912566597770015,-475.55794347176015,221.86205997286928,-445.0325041473085
11.88,1.3967648760662659,-19.380012133165287,-1.9702680230487628,-484.6213229127901,224.08492760126063,-456.16156662889495
11.89,0.7209250165579827,-17.569730116519626,0.6042432298323326,-492.55177992369136,226.02993677610306,-465.8994963002831
11.9,0.1295651394882349,-15.985733351954673,2.856940576103291,-499.4909298082299,227.73181980409018,-474.4201847627477
11.91,-0.3878747529477944,-14.599736182960338,4.82805075409038,-505.5626859572012,229.2209674535789,-481.8757871674042
11.92,-0.8406346588293201,-13.386988660090296,6.5527721598290825,-392.57110133755106,244.28334677188155,-431.7125642714787
11.93,-1.2367995764756552,-12.325834577579009,8.061903389850446,-293.70346479535715,257.46292867539637,-387.8197442375439
11.94,-1.5834438794161985,-11.397324755381634,9.38239321611914,-207.19428282093753,268.99506284097185,-349.4135267078509
11.95,-1.8867576444891738,-10.58487866095893,10.537821814104248,-131.49874859332033,279.08568023585036,-315.80808636936956
11.96,-2.152157188928027,-9.873988328339063,11.548821837341217,-65.26515614415528,287.9149704563691,-286.4033260731984
11.97,-2.3843817903120237,-9.25195928729668,12.433446857673564,-7.310762751135869,295.6405993993229,-260.6741608140486
11.98,-2.587578316523021,-8.707683876384595,13.20749375046437,43.39933146775612,302.40052472440755,-238.1611412122925
11.99,-2.765375276957643,-8.23144289183652,13.884784781656323,87.77066390928661,308.3154593838566,-218.46224906075594
12.0,-1.717689992337938,-8.784762530356955,9.477869183949284,126.59557979562578,313.4910272108745,-201.22571842816143
12.01,-0.8009653682956958,-9.268917214062336,5.6218180359556245,160.56738119617256,318.0196490595152,-186.14375412464125
12.02,0.0011686777412662774,-9.692552562304543,2.2477732814611713,190.292707421651,321.98219317707577,-172.9470353590611
12.03,0.703035968023608,-10.063233492016476,-0.7045158787214749,216.30236786894463,325.4494192799413,-161.39990643917844
12.04,1.317169847020657,-10.387579305514416,-3.2877688938812906,239.06082076032655,328.48324211994867,-151.29616863428112
12.05,1.8545369911430747,-10.671381892325114,-5.548115282146129,258.97446704028573,331.1378371049551,-142.45539805499598
12.06,2.3247332422501903,-10.919709155784474,-7.525918371877863,276.39890753525003,333.46060771683574,-134.7197237981215
12.07,2.7361549619689165,-11.136995511311415,-9.25649607539313,291.64529296834377,335.4930320022313,-127.9510088233563
12.08,3.0961489667228017,-11.327121072397489,-10.77075156596899,305.0908807223008,328.74015200195237,-78.98713347043676
12.09,3.4111437208824515,-11.493480938347803,-12.095725120222866,316.85577000701323,322.8313820017083,-36.14374253663216
12.1,3.6867641307721453,-11.639045821054328,-13.255076980195007,327.1500481311366,317.6612082514947,1.3442245304468585
12.11,3.927931989425627,-11.766415093422538,-14.26950985767063,336.1575414897445,313.13730622005784,34.146195714141
12.12,4.138953865747424,-11.87786320674472,-15.157138625461801,344.0390981785265,309.1788919425506,62.847920499873375
12.13,4.323598007528996,-11.97538030590163,-15.933813797279075,350.9354602812107,305.7152794497317,87.9619296873892
12.14,4.4851616315878715,-12.060707767663926,-16.613404572619192,356.96977712105934,302.68461851851526,109.93668772646555
12.15,4.6265298026393875,-12.135369296705935,-17.208046501041792,362.2498043559269,300.0327902037008,129.16460101065735
12.16,4.3984162023094635,-9.737606759617695,-15.30195706341157,366.86982818643605,297.7124404282382,145.98902513432517
12.17,4.19881680202078,-7.639564539665483,-13.634128805485124,370.91234903813154,295.6821343747084,160.71039624253453
12.18,4.024167326768183,-5.803777597207297,-12.174779079799485,374.4495547833651,293.90561657786986,173.59159596221772
12.19,3.87134903592216,-4.197464022556384,-10.89784806982455,377.5446098104445,292.3511635056361,184.8626457169405
12.2,3.73763303143189,-2.791939644736836,-9.780533436096482,380.252782959139,290.9910170674316,194.72481425232294
12.21,3.620631527502904,-1.5621058141447315,-8.802883131584423,382.6224344642466,289.8008889340026,203.3542117207826
12.22,3.518255211565041,-0.48600121237664007,-7.94743911513637,384.69587953121584,288.75952681725227,210.90493450568476
12.23,3.428675935119411,0.45559031417044,-7.198925600744324,386.5101439648139,287.8483349650957,217.51181694247418
12.24,3.3502940682294846,1.279482899899135,-6.543976275651283,388.0976253442122,287.05104209445875,223.29283907466493
12.25,3.281709934700799,2.000388912411743,-5.9708956161948725,361.10604705118567,260.0071615826514,231.1118593153318
12.26,3.2216988178631993,2.6311816733602753,-5.469450039170513,337.48841604478747,236.34376613482,237.95350202591533
12.27,3.1691890906302995,3.183125339190241,-5.030685159274199,316.82298891418907,215.6382951179675,243.93993939767591
12.28,3.123243079301512,3.6660760467914613,-4.646765889364924,298.74074017491546,197.52100797822155,249.17807209796644
12.29,3.083040319388823,4.0886579159425285,-4.310836528194309,282.918772528051,181.66838173094385,253.76143821072066
12.3,3.0478629044652203,4.458417051449713,-4.01689833717002,269.0745508370446,167.79733376457588,257.77188355938057
12.31,3.017082666407068,4.781956295018499,-3.7597024200237676,256.96085685741406,155.6601667940039,261.281023239458
12.32,2.990149958106185,5.065053133141187,-3.5346559925207965,246.36137462523732,145.04014569475342,264.3515204595258
12.33,2.8201683383429117,6.609986241498539,-1.539553368455697,237.08682767208268,135.74762723290925,267.03820552708504
12.34,2.671434421050048,7.961802711311221,0.2061614276012651,228.97159908807237,127.6166735787956,269.3890549611994
12.35,2.5412922434187917,9.144642122397318,1.733661874151107,221.87077407706334,120.50208913144616,271.44604821604946
12.36,2.4274178379914426,10.179626607097653,3.0702247648822185,215.65755219243044,114.27682774001539,273.2459173140433
12.37,2.3277777332425122,11.085238031210448,4.239717294271941,210.22098304337663,108.82972402251346,274.8208027747879
12.38,2.240592641587198,11.877648027309142,5.263023257487948,205.46398503795456,104.06350826969927,276.19882755293946
12.39,2.164305686388798,12.571006773895501,6.1584159753019545,201.30161178321026,99.89306948598687,277.404599233822
12.4,2.097554600590198,13.177695677158564,6.94188460338921,197.65953518530898,96.24393555023852,278.4596494545943
12.41,2.0391474005164234,13.708548467513744,7.627419652965558,182.57709341214536,87.4421936064587,263.95219339777003
12.42,1.9880411004518705,14.173044659074527,8.227262821344864,169.3799568606272,79.74066940565137,251.25816934804877
12.43,1.9433230878953869,14.579478826690213,8.752125593676755,157.83246237804877,73.00183572994496,240.15089830454266
12.44,1.9041948269084636,14.935108723353938,9.211380519467161,147.72840470579268,67.10535626370184,230.43203614147484
12.45,1.8699575985449057,15.246284882934695,9.613228579533766,138.88735424256862,61.945936730739106,221.9280317487905
12.46,1.8400000237267926,15.518564022567858,9.964845632092045,131.15143508724753,57.431444639396716,214.48702790519167
12.47,1.8137871457609436,15.756808269746877,10.272510553080538,124.38250582634159,53.481264059472124,207.97614954204272
12.48,1.6141027525408256,16.64272336102852,9.993318983945471,118.45969272304889,50.02485605203811,202.27913097428737
12.49,1.4393789084732225,17.417899065899956,9.749026360952287,113.27723125766778,47.000499045533346,197.29423972750143
12.5,1.2864955449140696,18.09617780766246,9.535270315833252,108.7425774754593,44.35418666484168,192.93245988656375
12.51,1.152722601799811,18.689671706704654,9.348233776354094,104.77475541602689,42.038663331736466,189.11590252574328
12.52,1.0356712765748346,19.208978868366575,9.184576804309833,101.30291111402353,40.012580415269404,185.77641483502538
12.53,0.9332513670029803,19.663372634820753,9.041376953771104,98.26504734977058,38.23975786336073,182.8543631056472
12.54,0.8436339461276078,20.06096718046816,8.916077084549716,95.60691655604926,36.688538130440634,180.29756784244128
12.55,0.7652187028616568,20.40886240790964,8.806439698981002,93.2810521115431,35.33122086413555,178.0603719871361
12.56,0.6966053650039498,20.713270731920936,8.710506986608376,91.24592072260022,34.143568256118606,176.1028256137441
12.57,0.6365686943784561,20.97962801543082,8.626565863282329,83.8695555072752,32.24687222410378,158.8193474120261
12.58,0.5840366075811492,21.212690638501968,8.553117380372036,77.4152359438658,30.58726319609081,143.69630398552283
12.59,0.5380710316335056,21.416620433689225,8.488849957825533,71.76770632588257,29.135105296579457,130.46364098733247
12.6,0.49785115267931734,21.595059004478074,8.43261596309734,66.82611791014725,27.864467134507024,118.88506086391591
12.61,0.46265875859440264,21.751192753918318,8.383411217710172,62.502228046378846,26.752658742693644,108.75380325592643
12.62,0.4318654137701023,21.88780978467853,8.3403570654964,58.718824415581494,25.779826399856937,99.88895284893563
12.63,0.4049212370488395,22.007349686593717,8.302684682309351,55.40834623863381,24.92859809987482,92.13220874281868
12.64,0.3813450824177345,22.111947100769502,8.269721347020683,52.51167783380458,24.183773337390466,85.34505764996635
12.65,-0.4290323028844823,21.452083213173314,7.901758553643098,49.97709297957901,23.532051670216656,79.40630044372057
12.66,-1.138112515023922,20.874702311526647,7.579791109437711,47.759331232131636,22.961795211439576,74.20988788825551
12.67,-1.7585577006459316,20.369494022585815,7.2980695957579975,45.818789703115186,22.462820810009628,69.66302690222358
12.68,-2.3014472380651902,19.927436769762586,7.051563271288249,44.120815865225794,22.026218208758426,65.68452353944564
12.69,-2.7764755833070414,19.540636673542263,6.835870237377218,42.63508875707257,21.644190932663623,62.20333309701493
12.7,-3.1921253853936613,19.20218658934948,6.647138832705066,41.3350775374385,21.30991706608067,59.15729145988806
12.71,-3.5558189622194534,18.906042765680795,6.481998853616933,40.19756772025869,21.017427432820586,56.49200502740205
12.72,-3.8740508419420214,18.646916919970693,6.337501371914817,39.202246630226355,20.76149900371801,54.15987939897679
12.73,-4.152503736699269,18.420181804974355,6.211066075425465,35.60571580144806,15.563186503253261,47.928019474104694
12.74,-4.39615001961186,18.22178857935256,6.100435190997282,32.458751326267056,11.014663065346603,42.47514203984161
12.75,-4.609340517160378,18.048194506933488,6.003633167122622,29.705157410483675,7.034705057178277,37.703874284861406
12.76,-4.795882202515331,17.896299693566803,5.918931396232295,27.295762734173216,3.552241800030992,33.52901499925373
12.77,-4.9591061772009155,17.763391731870954,5.844817346703258,25.187542392401564,0.5050864500271182,29.87601312434702
12.78,-5.101927155050801,17.647097265387085,5.779967553365351,23.34284959335137,-2.1611744812262716,26.67963648380364
12.79,-5.2268955106694515,17.5453396072137,5.723223984194682,21.72874339418245,-4.494152796072988,23.882806923328186
