time,ax_filtered,ay_filtered,az_filtered,wx_filtered,wy_filtered,wz_filtered
0.0,-1.283292,-7.755298,-0.427126,-4.06,-94.254999,18.935
0.01,-1.283292,-7.755298,-0.427126,-4.06,-94.254999,18.935
0.02,-1.283292,-7.755298,-0.427126,-4.06,-94.254999,18.935
0.03,-1.283292,-7.755298,-0.427126,-4.06,-94.254999,18.935
0.04,-1.283292,-7.755298,-0.427126,-4.06,-94.254999,18.935
0.05,-1.283292,-7.755298,-0.427126,-4.06,-94.254999,18.935
0.06,-1.283292,-7.755298,-0.427126,-4.06,-94.254999,18.935
0.07,-1.283292,-7.755298,-0.427126,-4.06,-94.254999,18.935
0.08,-1.283292,-7.755298,-0.427126,-4.06,-94.254999,18.935
0.09,-1.283292,-7.755298,-0.427126,-4.06,-94.254999,18.935
0.1,-1.283292,-7.755298,-0.427126,-4.06,-94.254999,18.935
0.11,-1.283292,-7.755298,-0.427126,-4.06,-94.254999,18.935
0.12,-1.283292,-7.755298,-0.427126,-4.06,-94.254999,18.935
0.13,-1.283292,-7.755298,-0.427126,-4.06,-94.254999,18.935
0.14,-1.283292,-7.755298,-0.427126,-4.06,-94.254999,18.935
0.15,-1.283292,-7.755298,-0.427126,-4.06,-94.254999,18.935
0.16,-0.7991843750000002,-8.2035405,-0.236164375,-4.06,-94.254999,18.935
0.17,-0.37559020312500013,-8.595752687500001,-0.069072953125,-4.06,-94.254999,18.935
0.18,-0.004945302734375101,-8.9389383515625,0.07713204101562501,-4.06,-94.254999,18.935
0.19,0.3193689851074218,-9.239225807617188,0.2050614108886719,-4.06,-94.254999,18.935
0.2,0.6031439869689941,-9.50197733166504,0.31699960952758793,-4.06,-94.254999,18.935
0.21,0.8514471135978698,-9.73188491520691,0.4149455333366394,-4.06,-94.254999,18.935
0.22,1.068712349398136,-9.933054050806048,0.5006482166695595,-4.06,-94.254999,18.935
0.23,1.258819430723369,-10.109077044455292,0.5756380645858645,-4.06,-94.254999,18.935
0.24,1.425163126882948,-10.263097163898381,0.6412541815126315,-27.986875124999997,-69.61062375,0.9493743749999979
0.25,1.5707138610225795,-10.397864768411084,0.6986682838235525,-48.922890859375,-48.04679540625,-14.788048046875002
0.26,1.6980707533947572,-10.5157864223597,0.7489056233456084,-67.24190462695313,-29.17844560546875,-28.558292666015625
0.27,1.8095080342204124,-10.618967869564738,0.7928632954274073,-83.271041673584,-12.668639529785157,-40.60725670776367
0.28,1.9070156549428607,-10.709251635869146,0.8313262584989813,-97.296536589386,1.777440786437987,-51.15010024429321
0.29,1.9923348230750033,-10.788249931385502,0.8649813511866087,-109.56884464071274,14.417761063133238,-60.37508833875657
0.3,2.066989095190628,-10.857373439962315,0.8944295572882826,-120.30711418562365,25.478041305241582,-68.446952921412
0.31,2.1323115832917994,-10.917856509967026,0.9201967376272472,-129.70310003742068,35.15578651708638,-75.5098344312355
0.32,1.8005546353803246,-10.396592196221148,0.7799563954238413,-137.9245876577431,43.62381357745059,-81.68985575233107
0.33,1.510267305957784,-9.940485921693504,0.6572460959958611,-145.11838932552521,51.03333725526926,-87.0973744082897
0.34,1.256265892713061,-9.541392931481816,0.5498745839963786,-151.41296578483457,57.516670473360605,-91.82895323225348
0.35,1.0340146561239283,-9.192186565046589,0.4559245109968313,-156.92072018673025,63.18958703919053,-95.9690847032218
0.36,0.8395448241084372,-8.886630994415766,0.3737181971222274,-161.74000528838897,68.1533890342917,-99.59169974031907
0.37,0.6693837210948825,-8.619269870113795,0.30178767248194904,-165.95687975234034,72.49671578000525,-102.76148789777919
0.38,0.5204927559580222,-8.385328886349571,0.23884846342170538,-169.64664490829782,76.29712668250458,-105.5350525355568
0.39,0.39021316146326945,-8.180630525555875,0.1837766554939922,-172.8751894197606,79.62248622219151,-107.9619215936122
0.4,0.27621851628036076,-8.00151945986139,0.13558882355724317,-160.88641611729054,44.51342444441758,-112.05855589441067
0.41,0.17647320174531567,-7.844797277378716,0.09342447061258778,-150.39623947762922,13.792995388865382,-115.64311090760934
0.42,0.08919605152715121,-7.707665367706377,0.05653066178601432,-141.21733491792557,-13.087380034742791,-118.77959654415818
0.43,0.012828545086257304,-7.58767494674308,0.024248579062762534,-133.18579342818487,-36.60770853039995,-121.52402147613842
0.44,-0.05399302304952486,-7.482683328400196,-0.003998243320082782,-126.15819462466176,-57.187995964099954,-123.92539329162112
0.45,-0.11246189516833424,-7.390815662350171,-0.028714212905072433,-120.00904567157905,-75.19574746858746,-126.02659363016848
0.46,-0.16362215827229246,-7.3104314545564,-0.05034068629193838,-114.62854033763166,-90.95253003501402,-127.86514392639742
0.47,-0.2083873884882559,-7.24009527273685,-0.06926385050544608,-109.92059817042771,-104.73971478063727,-129.47387543559773
0.48,-0.3822357149272239,-8.984834488644744,2.6462173808077343,-105.80114877412424,-116.8035014330576,-130.88151550614802
0.49,-0.534353000561321,-10.51148130256415,5.022263458206767,-102.19663055235871,-127.3593147539254,-132.11320056787952
0.5,-0.6674556254911559,-11.84729726474363,7.101303775930921,-99.04267710831388,-136.59565140968473,-133.19092499689458
0.51,-0.7839204223047613,-13.016136231650677,8.920464053939556,-96.28296784477465,-144.67744598347414,-134.13393387228274
0.52,-0.8858271195166663,-14.038870327694342,10.512229297197111,-93.86822223917781,-151.74901623553987,-134.95906663824738
0.53,-0.974995479577083,-14.93376266173255,11.905023885047472,-91.75531983428058,-157.9366402060974,-135.68105780846645
0.54,-1.0530177946299477,-15.716793454015981,13.123719149416537,-89.90653022999551,-163.35081118033523,-136.31280008240813
0.55,-1.1212873203012041,-16.401945397263983,14.19007750573947,-88.28883932624608,-168.0882107827933,-136.8655745721071
0.56,-1.1810231552635537,-17.001453347605985,15.123141067522036,-53.77648466046532,-126.39655843494414,-142.42425350059372
0.57,-1.2332920108556096,-17.526022804155236,15.93957168408178,-23.578174327907156,-89.91636263057612,-147.2880975630195
0.58,-1.2790272594986583,-17.98502107863583,16.653948473571557,2.84534721308124,-57.996191301754095,-151.54396111764206
0.59,-1.319045602061326,-18.386644568806354,17.279028164375113,25.965928561446084,-30.066041389034833,-155.2678417279368
0.6,-1.3540616518036601,-18.738065122705557,17.825972893828222,46.19643724126533,-5.627160215405478,-158.52623726194471
0.61,-1.3847006953282026,-19.045558107367363,18.304549532099696,63.89813233610716,15.756860811520207,-161.37733335420162
0.62,-1.4115098584121772,-19.314614468946445,18.723304090587234,79.38711554409377,34.467879210080184,-163.8720424349264
0.63,-1.434967876110655,-19.55003878532814,19.089714329263828,92.93997585108204,50.84002030882016,-166.0549128805606
0.64,-1.6793552665968232,-17.296837187162126,15.581719538105851,104.79872861969679,65.16564377021764,-167.96492452049054
0.65,-1.8931942332722203,-15.32528578876686,12.512224095842619,115.1751372922347,77.70056429894044,-169.63618470542923
0.66,-2.0803033291131925,-13.600178315171004,9.826415583862293,124.25449488070535,88.66861976157288,-171.09853736725057
0.67,-2.2440237879740437,-12.090709275774628,7.476333135879507,132.19893277061718,98.26566829137627,-172.37809594634425
0.68,-2.3872791894772885,-10.7699238663028,5.420010993894569,139.15031592429003,106.66308575495424,-173.4977097030512
0.69,-2.5126276657926274,-9.61423663301495,3.6207291196577476,145.23277618375377,114.01082603558497,-174.47737174016981
0.7,-2.622307582568549,-8.603010303888082,2.0463574797005295,150.55492891078455,120.44009878113685,-175.33457602264858
0.71,-2.7182775097474803,-7.718187265902071,0.6687822947379634,155.21181254693647,126.06571243349475,-176.0846297698175
0.72,-2.8022511960290455,-6.943967107664312,-0.5365959921042821,159.2865857285694,130.9881243793079,-176.74092679859032
0.73,-2.875728171525415,-6.2665244692062725,-1.5913019930912469,183.78638676249824,103.8608584568944,-148.9870608237665
0.74,-2.940020525084738,-5.673762160555488,-2.514169743954841,205.22371266718596,80.1245007747826,-124.7024280957957
0.75,-2.9962763344491457,-5.155095140486051,-3.321679025960486,223.9813728337877,59.35518780293478,-103.45337445882124
0.76,-3.0455001676430022,-4.7012614979252945,-4.028249647715425,240.39432547956426,41.182038952567936,-84.86045252646859
0.77,-3.0885710216876268,-4.304157060684632,-4.6464989417509965,254.7556590446187,25.280533708496943,-68.59164583566002
0.78,-3.1262580189766735,-3.9566906780990534,-5.187467074032122,267.32182591404137,11.366716619934827,-54.35643998120251
0.79,-3.159234141604589,-3.652657593336672,-5.660814189778106,278.3172219247862,-0.8078733325570262,-41.900634858552195
0.8,-3.188088248904015,-3.386628644169588,-6.074992916055843,287.93819343418795,-11.460639540987398,-31.001805376233175
0.81,-3.009592092791013,-2.2413801886483897,-7.024198676548862,296.35654350491444,-20.78180997336397,-21.46532957920403
0.82,-2.8534079561921364,-1.2392877900673411,-7.854753716980254,303.72259981680014,-28.937834101693472,-13.12091325680353
0.83,-2.7167468366681193,-0.3624569413089236,-8.581489377357723,310.16789908970014,-36.07435521398179,-5.819548974703088
0.84,-2.5971683570846045,0.40477005135469185,-9.217383080188007,315.8075359534876,-42.31881118723406,0.5691447721347975
0.85,-2.4925371874490287,1.0760936699353554,-9.773790070164507,320.74221820930165,-47.782710163829805,6.159251800617947
0.86,-2.4009849140179003,1.663501836193436,-10.260646186393943,325.060065183139,-52.563621768351084,11.050595450540705
0.87,-2.3208766747656626,2.1774839816692566,-10.6866452880947,328.8381812852466,-56.7469194223072,15.330521144223116
0.88,-2.2507819654199546,2.6272183589605995,-11.059394502082863,286.32465862459077,-40.9954291195188,28.932330876195227
0.89,-2.1894490947424603,3.0207359390905246,-11.385550064322505,249.12532629651693,-27.212875104578956,40.833914391670824
0.9,-2.1357828328996527,3.365063821704209,-11.670936181282192,216.5759105094523,-15.153140341506587,51.24779996771197
0.91,-2.0888248537871963,3.6663507189911826,-11.920649033621919,188.09517169577077,-4.600872423818265,60.35994984674797
0.92,-2.047736622063797,3.929976754117285,-12.13914777941918,163.17452523379944,4.632362004159018,68.33308099090448
0.93,-2.0117844193058225,4.160649534852625,-12.330334181991782,141.36895957957452,12.711442128639138,75.30957074204142
0.94,-1.9803262418925947,4.362488217996047,-12.497622284242809,122.28908963212771,19.780637237559247,81.41399927428624
0.95,-1.9528003366560203,4.5390970657465415,-12.643999373712457,105.59420342811175,25.96618295786434,86.75537424000046
0.96,-0.6289534195740176,4.9198683075282235,-10.2037558269984,90.98617799959779,31.3785354631313,91.4290773350004
0.97,0.5294126328727347,5.253043144087195,-8.0685427236236,78.20415574964807,36.114343905239885,95.51856754312534
0.98,1.542982928763643,5.544571126076296,-6.200231258170649,67.01988628094206,40.2581762920849,99.09687147523468
0.99,2.4298569376681876,5.799658110316759,-4.565458725899318,57.23365049582431,43.88402963057428,102.22788741583034
1.0,3.205871695459664,6.022859221527165,-3.135032760161903,48.67069418384627,47.056651301752495,104.96752636385155
1.01,3.8848846085272064,6.21816019383627,-1.8834100401416651,41.17810741086549,49.83269526403343,107.3647104433701
1.02,4.479020907461306,6.389048544606736,-0.7882401601239569,34.62209398450731,52.26173373102925,109.46224651294884
1.03,4.998890169028643,6.5385758515308945,0.1700334848915377,28.885582236443895,54.38714238965059,111.29759057383023
1.04,5.453775772900062,6.669412245089533,1.0085229242800955,6.304884456888409,53.12312471594427,106.06976725210146
1.05,5.851800676287555,6.783894089453342,1.7422011837450837,-13.45322610022264,52.01710925145123,101.49542184558878
1.06,6.20007246675161,6.884065703271674,2.3841696607769483,-30.74157283769481,51.04934572001983,97.49286961489018
1.07,6.504810283407659,6.971715865362715,2.94589207817983,-45.868876232982956,50.20255263001735,93.99063641302891
1.08,6.7714558729817025,7.048409757192376,3.437399193407351,-59.10526670386008,49.461608676265186,90.9261823614003
1.09,7.004770763858989,7.115516912543329,3.8674679192314323,-70.68710836587758,48.81328271673203,88.24478506622526
1.1,7.208921293376616,7.174235673475414,4.243778054327503,-80.82121982014289,48.245997502140526,85.8985624329471
1.11,7.387553006704538,7.225614589290987,4.573049422536565,-89.68856734262502,47.749622939372955,83.84561762882872
1.12,6.482753130866471,4.693202140629614,3.7502072447194945,-97.4474964247969,47.31529519695134,82.04929092522514
1.13,5.691053239508163,2.4773412480509123,3.0302203391295577,-104.23655937169728,46.935258422332424,80.477505059572
1.14,4.998315834569643,0.5384629670445482,2.400231796738363,-110.17698945023513,46.602726244540875,79.1021924271255
1.15,4.392170605248437,-1.1580555288360204,1.8489918221460675,-115.37486576895573,46.31176058897327,77.89879387373482
1.16,3.8617935295923824,-2.642509212731518,1.3666568443778089,-119.92300754783626,46.05716564035161,76.84582013951797
1.17,3.3977135883933345,-3.941406186140078,0.9446137388305826,-123.90263160435673,45.834395060307656,75.92446812207822
1.18,2.9916436398441677,-5.077941037872568,0.5753260214767597,-127.38480265381213,45.639470802769196,75.11828510681845
1.19,2.6363324348636468,-6.072409033138497,0.25219926879216475,-130.4317023220856,45.46891207742304,74.41287496846614
1.2,2.325435130505691,-6.942568528996184,-0.030536639806855864,-148.24399140682493,55.38654806774516,79.08501559740787
1.21,2.0533999891924792,-7.703958087871661,-0.2779305598309989,-163.8297443559718,64.06447955927702,83.17313864773189
1.22,1.8153692405434192,-8.370173951887704,-0.49440023985212406,-177.4672781864753,71.65766961436739,86.7502463167654
1.23,1.6070923354754918,-8.953112832901741,-0.6838112098706086,-189.4001202881659,78.30171091257148,89.88021552716972
1.24,1.4248500435410552,-9.463184353789025,-0.8495458086367826,-199.84135712714516,84.11524704850004,92.6189385862735
1.25,1.2653880380984233,-9.909496934565398,-0.9945635825571848,-208.97743936125204,89.20209116743754,95.0153212629893
1.26,1.1258587833361202,-10.300020442744724,-1.1214541347375366,-216.97151131609553,93.65307977150786,97.11215610511563
1.27,1.003770685419105,-10.641728512401635,-1.2324833678953446,-223.96632427658358,97.54769480006937,98.94688659197617
1.28,2.247135849741717,-10.24952582335143,-0.3554693219084265,-230.0867856170106,100.95548295006068,100.55227576797914
1.29,3.3350803685240025,-9.906348470432501,0.41191796833012684,-235.44218928988425,103.93729758130308,101.95699129698174
1.3,4.287031822458502,-9.606068286628439,1.083381847288861,-240.12816750364874,106.5463853836402,103.18611738485902
1.31,5.11998934465119,-9.343323125799884,1.6709127413777534,-244.22839844069267,108.82933721068517,104.26160271175164
1.32,5.848827176569792,-9.1134211100749,2.185002273705534,-247.81610051060608,110.82692005934953,105.20265237278268
1.33,6.486560279498567,-8.912256846315538,2.6348306144923423,-250.95533982178034,112.57480505193084,106.02607082618484
1.34,7.044576744561246,-8.736238115526096,3.0284304126807995,-253.70217421905778,114.10420442043949,106.74656197291172
1.35,7.532841151491089,-8.582221726085335,3.3728302360957,-256.10565431667555,115.44242886788456,107.37699172629775
1.36,7.9600725075547025,-8.447457385324668,3.6741800815837373,-258.2086994020911,116.61337525939899,107.92861776051052
1.37,8.333899944110366,-8.329538587159085,3.93786119638577,-246.70073785182973,125.18045447697412,72.9737905404467
1.38,8.66099895109657,-8.2263596387642,4.168582171837548,-236.63127149535103,132.67664879235235,42.38831672289086
1.39,8.947210582209498,-8.136078058918674,4.3704630253578545,-227.82048843343216,139.2358188183083,15.626027132529504
1.4,9.19764575943331,-8.05708167655384,4.547108772188123,-220.11105325425314,144.97509259101977,-7.790976259036684
1.41,9.416776539504147,-7.98795984198461,4.701673800664607,-213.3652974724715,149.9969571421423,-28.280854226657098
1.42,9.60851597206613,-7.927478236736533,4.836918200581531,-207.46276116341258,154.3910886243745,-46.20949744832497
1.43,9.776287975557864,-7.874556832144466,4.955257050508839,-202.29804189298602,158.23595367132768,-61.897060267284346
1.44,9.690262103613131,-7.084235478126408,5.967661544195234,-197.77891253136278,161.6002105874117,-75.6236777338738
1.45,9.61498946566149,-6.392704293360607,6.85351547617083,-193.82467433994245,164.54393538898523,-87.63446801713958
1.46,9.549125907453803,-5.787614506690531,7.628637666649476,-190.36471592244965,167.1196945903621,-98.14390951499713
1.47,9.491495294022078,-5.2581609433542145,8.306869583318292,-187.33725230714344,169.37348389156682,-107.33967082562249
1.48,9.44106850726932,-4.794889075434938,8.900322510403505,-184.68822164375052,171.34554953012096,-115.38596197241968
1.49,9.396945068860655,-4.3895261910055705,9.419593821603067,-182.37031981328172,173.07110696385584,-122.42646672586723
1.5,9.358337060253072,-4.034833667129874,9.873956218902684,-180.34215571162153,174.58096971837386,-128.58690838513382
1.51,9.324555052721438,-3.7244777087386396,10.271523316539849,-178.56751212266886,175.90209962857713,-133.9772948369921
1.52,9.294995796131259,-3.4529162451463096,10.619394526972368,-177.01469898233526,177.05808830000498,-138.69388298236808
1.53,9.269131446614852,-3.215299964503021,10.923781836100822,-123.07723573454336,186.48270138750436,-150.35027273457206
1.54,9.246500140787996,-3.007385718940143,11.19012073158822,-75.88195539272544,194.72923783906631,-160.54961376775054
1.55,9.226697748189496,-2.8254607540726253,11.423167265139693,-34.586085093634765,201.94495723418302,-169.47403717178173
1.56,9.20937065466581,-2.666276409813547,11.62708298199723,1.5478014180695823,208.25871170491016,-177.28290765030903
1.57,9.194209447832584,-2.5269901085868534,11.805509234247577,33.164952115810884,213.7832468667964,-184.1156693190204
1.58,9.180943391853512,-2.4051145950134964,11.96163220496663,60.829958976334524,218.61721513344685,-190.09433577914285
1.59,9.169335592871823,-2.298473520636809,12.098239804345802,85.03683997929271,222.846937366766,-195.32566893175
1.6,5.381136018762845,-2.3387454555572083,10.439086453802576,106.21786085688112,226.54794432092027,-199.90308544028125
1.61,2.0664613914174894,-2.373983398612557,8.987327272077254,124.75125412477098,229.78632540580523,-203.9083248852461
1.62,-0.8338789075096968,-2.4048165987859873,7.717037988067597,140.96797323417462,232.6199088550796,-207.41290939959032
1.63,-3.3716766690709847,-2.431795648937739,6.605534864559147,155.1576024549028,235.09929437319465,-210.47942084964154
1.64,-5.592249710437112,-2.4554023178205213,5.632969631489254,167.57352802303993,237.26875670154533,-213.16261836843637
1.65,-7.535251121632474,-2.476058153092956,4.781975052553097,178.43746289515994,239.16703623885218,-215.51041619738183
1.66,-9.235377356428415,-2.4941320089563366,4.03735479598396,187.94340590826494,240.82803083399565,-217.5647392977091
1.67,-10.722987811874864,-2.5099466328367948,3.385812071485965,196.2611060447318,242.2814011047462,-219.36227201049547
1.68,-12.024646960390507,-2.5237844287321956,2.8157121875502193,203.53909366414032,243.55310009165294,-220.93511313418355
1.69,-13.163598715341694,-2.535892500140671,2.316874789106442,219.26108233112276,192.8527115801963,-180.4513488674106
1.7,-14.160181500923983,-2.546487062623087,1.8803920654681365,233.01782241473242,148.4898716326718,-145.02805513398425
1.71,-15.032191438308486,-2.5557573047952014,1.4984696822846195,245.05496998789087,109.67238667858783,-114.03267311723621
1.72,-15.795200133519925,-2.5638687666958013,1.164287596999042,255.5874741144045,75.70708734376436,-86.9117138525817
1.73,-16.462832741829935,-2.570966295858826,0.8718782723741618,264.80341522510395,45.98745042579382,-63.18087449600899
1.74,-17.04701127410119,-2.5771766338764728,0.6160201133273916,272.867363696966,19.98276812256959,-42.41639005900787
1.75,-17.558167489838542,-2.5826106796419137,0.39214422416146766,279.92331860984524,-2.771328892751608,-24.24746617663188
1.76,-18.005429178608725,-2.5873654696866746,0.1962528211412842,286.0972791586146,-22.681163781157657,-8.349657779552896
1.77,-15.382237531282636,-2.2849135359758406,-1.3375269065013764,291.4994946387878,-40.102269308512945,5.560924567891217
1.78,-13.086944839872306,-2.0202680939788604,-2.6795841681887045,296.2264331839393,-55.34573664494882,17.732684121904814
1.79,-11.078563734888268,-1.788703332231503,-3.8538842721651165,300.36250441094694,-68.68377056433022,28.382973731666713
1.8,-9.321230268027236,-1.586084165702565,-4.881396863144477,303.9815667345786,-80.35455024378894,37.70197714020837
1.81,-7.783563484523832,-1.4087923949897443,-5.780470380251418,307.1482462677563,-90.56648246331531,45.85610512268232
1.82,-6.438105048958353,-1.2536620956160263,-6.567159707719991,309.91909085928677,-99.5019231554009,52.99096710734703
1.83,-5.260828917838559,-1.117923083664023,-7.255512869254992,312.34357987687594,-107.32043376097579,59.23397134392865
1.84,-4.2307123031087395,-0.9991514482060202,-7.857821885598118,283.22313251726644,-59.286005665853814,59.75285017593757
1.85,-3.329360265220147,-0.8952262671802677,-8.384842274898354,257.7427410776081,-17.25588108262209,60.20686915394537
1.86,-2.5406772320676287,-0.8042917337827342,-8.84598511553606,235.4473985679071,19.520477927705674,60.604135759702196
1.87,-1.850579578059175,-0.7247240170598924,-9.249485101094052,215.9389738719187,51.699792061742464,60.95174403973942
1.88,-1.246744130801778,-0.6551022649274059,-9.602547588457295,198.86910226292886,79.85669192902466,61.25590128477199
1.89,-0.7183881144515557,-0.5941832318114801,-9.911477264900132,183.93296460506275,104.49397931289658,61.522038874175486
1.9,-0.25607660014511124,-0.5408790778350451,-10.181790731787615,170.8638441544299,126.0516057737845,61.754909264903546
1.91,0.14844597487302763,-0.49423794310566443,-10.418315015314164,159.42836376012616,144.91452892706144,61.958670856790604
1.92,2.3870759780138995,0.7500224247825436,-8.794965763399894,149.4223184151104,161.41958668617877,62.13696224969178
1.93,4.345877230762162,1.8387502466847256,-7.374535167974907,140.6670287382216,175.86151222540644,62.2929672184803
1.94,6.059828326916891,2.7913870908491347,-6.131658396978043,133.00615027094392,188.49819707223065,62.429471566170264
1.95,7.55953553605228,3.624944329492993,-5.044141222355789,126.30288161207594,199.55529631320184,62.54891287039898
1.96,8.871779344045745,4.3543069133063685,-4.092563694561315,120.43752153556645,209.23025814905162,62.65342401159911
1.97,10.019992676040026,4.992499174143073,-3.259933357741151,115.30533146862064,217.69584975542017,62.74487126014922
1.98,11.024679341535021,5.550917402375189,-2.5313818130235073,110.81466516004306,225.10324241099266,62.82488760263056
1.99,11.903780173843144,6.039533352078291,-1.8938992113955688,106.88533214003768,231.5847109846186,62.89490190230174
2.0,12.67299340211275,6.467072308068504,-1.3361019349711227,89.99404049753296,207.51037236154127,62.90803891451402
2.01,13.346054976848656,6.841168894559941,-0.8480293180997325,75.21416031034134,186.44532606634863,62.91953380019977
2.02,13.934983854742574,7.168503407739949,-0.4209657783372659,62.28176514654868,168.01341055805506,62.9295918251748
2.03,14.450296622899753,7.4549211067724555,-0.04728518104510765,50.9659193782301,151.88548448829818,62.938392597027956
2.04,14.901195295037283,7.705536593425899,0.2796853415855308,41.06455433095134,137.77354917726092,62.946093272399466
2.05,15.295731633157622,7.924825144247662,0.5657845488873394,32.40085991458242,125.4256057801033,62.95283136334953
2.06,15.640950929012918,8.116702626216703,0.8161213552764219,24.820127300259617,114.62115530759039,62.95872719293084
2.07,15.943017812886303,8.284595422939615,1.0351660608668691,18.186986262727164,105.16726114414159,62.96388604381448
2.08,12.754039086275517,7.2078761200721635,0.36510955325851047,12.382987854886268,96.8951037511239,62.96840003833768
2.09,9.963682700491079,6.265746730063143,-0.22118989089880337,7.304489248025485,89.65696603223341,62.97234978354547
2.1,7.522120862929694,5.441383513805251,-0.734201904536453,2.8608029670222996,83.32359552820424,62.97580581060228
2.11,5.385754255063482,4.720065699579595,-1.1830874164693963,-1.0274225288554875,77.78189633717871,62.97882983427699
2.12,3.5164334731805464,4.088912612132146,-1.5758622394107218,-4.429619837748551,72.93290954503136,62.98147585499237
2.13,1.880777789032978,3.536653660615628,-1.9195402094843816,-7.406542483029982,68.69004610190244,62.98379112311832
2.14,0.44957906540385584,3.0534270780386743,-2.220258433298834,-10.011349797651235,64.97754058916463,62.98581698272854
2.15,-0.802719817771626,2.63060381828384,-2.4833868791364795,-12.29055619794483,61.729098265519056,62.98758960988747
2.16,-1.8984813405501728,2.26063346599836,-2.71362426924442,-14.284861798201728,58.886711232329176,62.989140658651536
2.17,-2.8572726729814013,1.9369094077485647,-2.915081985588867,-30.82612869842651,48.10462220328803,78.3336230763201
2.18,-3.696215088858726,1.653650856779994,-3.091357487390259,-45.29973723612319,38.670294302877025,91.76004519178008
2.19,-4.430289702751385,1.4057996246824946,-3.245598551466477,-57.9641447066078,30.415257390017395,103.50816454280756
2.2,-5.072604989907462,1.1889297965971828,-3.380559482533167,-69.04550124328182,23.19210009126522,113.78776897495662
2.21,-5.634630866169029,0.999168697022535,-3.498650297216521,-78.7416882128716,16.87183745485707,122.78242285308704
2.22,-6.1264035078979004,0.8331277348947181,-3.601979760064456,-87.22585181126264,11.341607647999934,130.65274499645116
2.23,-6.556704569410663,0.6878418930328783,-3.692393040056399,-94.64949495985482,6.502656566999942,137.53927687189477
2.24,-6.933217998234331,0.5607167814037686,-3.7715046600493496,-101.14518271487297,2.268574371124949,143.56499226290794
2.25,-5.648935748455039,0.05357005872829751,-3.050247702543181,-106.82890950051386,-1.4362475502656693,148.83749323004446
2.26,-4.525188779898159,-0.39018332361273966,-2.4191478647252835,-111.80217043794963,-4.67796673148246,153.4509315762889
2.27,-3.5419101824108896,-0.7784675331611473,-1.8669355066346234,-116.15377375820593,-7.514471015047153,157.48769012925277
2.28,-2.6815414096095287,-1.118216216516004,-1.3837496933052953,-119.96142666343019,-9.99641226316626,161.01985386309616
2.29,-1.9287187334083375,-1.4154963144515034,-0.9609621066421333,-123.29312295550142,-12.168110855270477,164.11049713020913
2.3,-1.2699988917322953,-1.6756164001450653,-0.5910229683118666,-126.20835721106374,-14.068347123361669,166.814809988933
2.31,-0.6936190302657583,-1.903221475126932,-0.2673262222728833,-128.75918718468077,-15.731053857941461,169.18108374031635
2.32,-0.1892866514825386,-2.1023759157360655,0.015908430511227145,-130.99116341159566,-17.185922250698777,171.2515732727768
2.33,0.25200417995277874,-2.2766360512690573,0.26373875169732375,-148.1428929851462,27.780442655638574,131.56200111367968
2.34,0.6381336574586813,-2.429113669860425,0.48059028273515825,-163.1506563620029,67.12601194868375,96.83362547446973
2.35,0.9759969502763461,-2.562531586127872,0.6703353723932635,-176.28244931675255,101.55338508009828,66.44629679016101
2.36,1.271627331491803,-2.679272262861888,0.8363623258441055,-187.77276815215848,131.677336570086,39.85738419139089
2.37,1.5303039150553275,-2.781420355004152,0.9816359101135923,-197.82679713313865,158.03579412382524,16.59208566746703
2.38,1.7566459256734115,-2.870799935628633,1.1087502963493931,-206.62407249149632,181.09944448334707,-3.7650505409663513
2.39,1.954695184964235,-2.949007068675054,1.219975384305719,-214.32168843005928,201.2801385479287,-21.577544723345557
2.4,0.7659585368437057,-4.492482810090673,4.335024086267504,-221.05710237630186,218.93824585443758,-37.16347713292736
2.41,-0.2741860302617575,-5.843024083829339,7.060691700484066,-226.95058957926412,234.38908974763288,-50.801167991311445
2.42,-1.1843125264790377,-7.024747698350671,9.445650862923557,-232.1073908818561,247.90857815417877,-62.73414749239751
2.43,-1.980673210669158,-8.058755861056838,11.532490130058113,-236.61959202162407,259.73813050990645,-73.17550455584782
2.44,-2.677488809335513,-8.963513003424733,13.35847448880085,-240.56776801892104,270.08898882116813,-82.31169198636684
2.45,-3.287202458168574,-9.755175502996641,14.956210802700744,-244.0224220165559,279.1459898435221,-90.30585598807097
2.46,-3.8207019008975025,-10.447880190122062,16.35423007736315,-247.0452442644864,287.07086573808186,-97.3007494895621
2.47,-4.287513913285315,-11.053996791356804,17.577496942692758,-249.6902137314256,294.0051321458216,-103.42128130336683
2.48,-4.69597442412465,-11.584348817437203,18.647855449856163,-225.3170620149974,244.9957405025939,-125.47174726544597
2.49,-5.053377371109068,-12.048406840257552,19.584419143624142,-203.9905542631227,202.11252281476965,-144.76590498226523
2.5,-5.366104949720435,-12.454457610225358,20.403912375671126,-185.32985998023236,164.58970733792344,-161.64829298448205
2.51,-5.63974158100538,-12.809752033947188,21.120968953712236,-169.0017524827033,131.757243795683,-176.42038248642183
2.52,-5.879173633379707,-13.120634654703789,21.748393459498207,-154.71465842236537,103.02883819622261,-189.34596080061908
2.53,-6.088676679207243,-13.392656947865815,22.29738990206093,-142.2134511195697,77.89148329669477,-200.6558418255417
2.54,-6.271991844306338,-13.630676454382588,22.777761789303316,-131.27489472962347,55.896297759607926,-210.551987722349
2.55,-6.432392613768045,-13.838943522584765,23.1980871906404,-121.70365788842054,36.650510414656935,-219.21111538205537
2.56,-8.19244328704704,-13.434292207261668,21.701615041810353,-113.32882565236797,19.81044648782482,-226.78785208429844
2.57,-9.73248762616616,-13.08022230635396,20.39220191158406,-106.00084744582198,5.075390551846715,-233.4174966987611
2.58,-11.08002642289539,-12.770411143059714,19.246465422636053,-99.58886651509424,-7.8177833921341255,-239.21843573641598
2.59,-12.259122870033467,-12.49932637517725,18.24394599480655,-93.97838320070747,-19.09931059311736,-244.29425739436397
2.6,-13.290832261279284,-12.262127203280093,17.36674149545573,-89.06921030061905,-28.970646893977687,-248.73560134506846
2.61,-14.193577978619373,-12.054577927870081,16.599187558523766,-84.77368401304167,-37.608066157230475,-252.6217773019349
2.62,-14.983480481291952,-11.87297231188632,15.927577863708295,-81.01509851141147,-45.16580801257666,-256.0221812641931
2.63,-15.674645171130459,-11.71406739790053,15.339919380744758,-77.72633619748504,-51.778832136004574,-258.99753473116897
2.64,-16.27941427473915,-11.575025598162963,14.825718208151663,-17.146794797799416,-43.97647811900401,-217.27784301477283
2.65,-16.808587240396754,-11.453364023392592,14.375792182132704,35.86030392692551,-37.14941835412851,-180.77311276292625
2.66,-17.27161358534716,-11.346910145468517,13.982106909366117,82.24151531105983,-31.175741059862446,-148.83147379256047
2.67,-17.676761637178767,-11.253763002284952,13.637632295695353,122.82507527217734,-25.948773427379642,-120.88253969349041
2.68,-18.03126618253142,-11.172259251999332,13.336217008733433,158.33569023815517,-21.375176748957188,-96.42722235680411
2.69,-18.341457659714994,-11.100943470499415,13.072478632641754,189.40747833338577,-17.37327965533754,-75.0288196872036
2.7,-18.61287520225062,-11.038542161686987,12.841707553561536,216.59529291671254,-13.871619698420348,-56.30521735130314
2.71,-18.850365551969293,-10.983941016476113,12.639782859366344,240.38463067712348,-10.807667236117805,-39.92206530739025
2.72,-15.85785823297313,-9.376816264416599,9.53397512694555,261.20030121748306,-8.126708831603079,-25.586807268966467
2.73,-13.23941432885149,-7.970582106364523,6.816393361077357,279.41401294029765,-5.780870227652693,-13.043456485345658
2.74,-10.948275912745054,-6.740127218068957,4.438509315942687,295.35101069776044,-3.728261449196107,-2.0680245496774514
2.75,-8.943529798651921,-5.663479190810337,2.3578607764498507,309.2958837355404,-1.9322287680465933,7.535478394032229
2.76,-7.189376948820431,-4.721412166959045,0.5372933043936194,321.4976476435978,-0.360700172040769,15.9385434697782
2.77,-5.654493205217878,-3.8971035210891647,-1.055703233655583,332.1741910631481,1.0143873494643272,23.291225411055926
2.78,-4.311469929565644,-3.1758334559530192,-2.449575204448635,341.5161665552546,2.2175889307812864,29.724822109673934
2.79,-3.1363245633699384,-2.544722148958892,-3.669213178892556,349.69039511084776,3.2703903144336257,35.354219220964694
2.8,-2.108072367948696,-1.9924997553390305,-4.736396406530987,332.42597072199175,7.5909665251294225,16.156191693344105
2.81,-1.2083516969551091,-1.5093051609216517,-5.670181730714614,317.31959938174276,11.371470709488245,-0.6420823933239088
2.82,-0.42109610983572054,-1.0865098908064452,-6.487243889375287,304.1015244590249,14.679411870802213,-15.340572219158421
2.83,0.26775252889374446,-0.7165640294556396,-7.202173278203376,292.5357089016468,17.573860386951935,-28.20175081676362
2.84,0.8704950877820263,-0.3928614007736846,-7.827736493427954,282.41562028894094,20.106502838582944,-39.45528208966817
2.85,1.397894826809273,-0.10962160067697405,-8.37510430674946,273.5605427528233,22.322564983760078,-49.30212195345965
2.86,1.8593695984581138,0.13821322440764772,-8.854051143405776,265.8123499087204,24.261619360790068,-57.9181068342772
2.87,2.2631600236508493,0.35506869635669175,-9.273129625480054,259.03268117013033,25.95829194069131,-65.45709360499255
2.88,3.376046645694493,1.8466446093121052,-8.729402047295048,253.10047102386406,27.442880448104898,-72.05370702936848
2.89,4.349822439982681,3.1517735331480923,-8.253640416383167,247.90978714588107,28.741895392091788,-77.82574377569742
2.9,5.201876259984846,4.293761341504581,-7.837348989335272,243.36793875264593,29.878533468080317,-82.87627592873524
2.91,5.94742335248674,5.2930006738165085,-7.473093990668364,239.3938214085652,30.873091784570278,-87.29549156264333
2.92,6.5997770584258975,6.167335089589445,-7.154370866834819,235.91646873249456,31.743330311498994,-91.16230524231293
2.93,7.17058655112266,6.932377703390764,-6.8754881334804665,232.87378514093274,32.50478902256162,-94.54576721202382
2.94,7.670044857232327,7.601789990466918,-6.631465741795408,230.21143699831615,33.17106539474141,-97.50629643552084
2.95,8.107070875078286,8.187525741658554,-6.417946149070982,227.88188237352662,33.754057220398735,-100.09675950608073
2.96,8.4894686406935,8.700044523951235,-6.231116505437109,225.8435220768358,34.26417506784889,-102.36341469282064
2.97,8.824066685606812,9.14849845845733,-6.06764056725747,199.7218318172313,43.96365343436778,-74.35611323121805
2.98,9.116839974905961,9.540895651150166,-5.924599121350287,176.86535284007738,52.45069700507181,-49.84972445231579
2.99,9.373016603042716,9.884243194756396,-5.799437856181502,156.8659337350677,59.87686012943784,-28.406634270776316
3.0,9.597171152662376,10.184672295411847,-5.689921749158815,139.36644201818422,66.37475286325811,-9.643930361929275
3.01,9.793306383579578,10.447547758485367,-5.594095155513964,124.05438676591119,72.06040900535085,6.773435558311885
3.02,9.96492471063213,10.677563788674696,-5.510246886074718,110.65633842017229,77.035358129682,21.1386307385229
3.03,10.115090746803114,10.87882781509036,-5.436879650315378,98.93304611765076,81.38843861347175,33.708176521207534
3.04,10.246486028452724,11.054933838204066,-5.372683319025956,88.67516535294442,85.19738403678778,44.706529081056594
3.05,8.913930149896133,10.950197608428558,-4.810596029147712,79.69951968382637,88.53021128218931,54.33008757092452
3.06,7.747943756159117,10.85855340737499,-4.318769650504248,71.84582972334807,91.44643512191566,62.75070124955895
3.07,6.727705661639227,10.778364731453117,-3.8884215691912174,64.97385100792957,93.9981309816762,70.11873821836409
3.08,5.834997328934324,10.708199640021478,-3.5118669980423154,58.96086963193837,96.23086485896667,76.56577056606858
3.09,5.053877537817534,10.646805185018794,-3.182381748287026,53.69951092794608,98.18450700159583,82.20692387031002
3.1,4.370397720590342,10.593085036891445,-2.894082154751148,49.095822061952816,99.89394387639635,87.14293301152128
3.11,3.772352880516549,10.546079907280015,-2.6418200104072547,45.06759430420871,101.3897011418468,91.46194101008112
3.12,3.2490636454519803,10.504950418870013,-2.421090634106348,41.54289501618263,102.69848874911595,95.24107300882099
3.13,2.791185564770483,10.468962116511262,-2.227952429843054,31.213783014159798,92.52117778047645,99.52781413271836
3.14,2.3905422441741724,10.437472351947354,-2.0589565011126725,22.175810012389825,83.61603068291689,103.27871261612856
3.15,2.039979338652401,10.409918807953936,-1.9110850634735885,14.267583635841095,75.82402697255228,106.56074878911248
3.16,1.7332367963208508,10.385809456959693,-1.78169755553939,7.347885556360959,69.00602372598324,109.43253044047341
3.17,1.4648370717807444,10.364713774839732,-1.6684834860969662,1.2931497368158391,63.04027088523533,111.94533938541423
3.18,1.2299873128081513,10.346255052984766,-1.5694211753348455,-4.004744105286141,57.82023714958092,114.14404721223745
3.19,1.0244937737071322,10.330103671361671,-1.4827416534179898,-8.640401217125373,53.25270763088331,116.06791656070777
3.2,1.1923789269937408,9.146917712441462,-2.0558526967407413,-12.696601189984701,49.256119302022896,117.7513022406193
3.21,1.3392784361195234,8.11162999838628,-2.5573248596481486,-16.245776166236613,45.759104514270035,119.22426471054187
3.22,1.467815506604583,7.205753248587994,-2.9961130021921303,-19.351304270457035,42.69921657498628,120.51310687172413
3.23,1.58028544327901,6.4131110925144945,-3.380052626918114,-22.068641361649906,40.02181462811299,121.6408437627586
3.24,1.678696637869134,5.719549205950182,-3.7159997985533497,-24.44631131644367,37.67908792459886,122.62761354241378
3.25,1.7648064331354922,5.112682555206409,-4.009953573734181,-26.526772526888212,35.629202059023996,123.49103709961206
3.26,1.8401525039935558,4.5816742358056075,-4.267163127017409,-28.347176086027186,33.83555192664599,124.24653271216054
3.27,1.9060803159943613,4.117041956329906,-4.492221486140233,-29.940029200273788,32.26610806081524,124.90759137314048
3.28,1.9637671514950663,3.7104887117886682,-4.689147550372704,-57.56190105023957,50.05097030321333,114.45664232649791
3.29,2.014243132558183,3.354754622815085,-4.861457856576116,-81.73103891895963,65.61272476531167,105.31206191068567
3.3,2.05840961598841,3.0434872949631995,-5.012229374504102,-102.87903455408969,79.22925991964772,97.31055404684996
3.31,2.097055288989859,2.7711283830927997,-5.144154452691089,-121.38353073482847,91.14372817969175,90.30923466599371
3.32,2.1308702528661265,2.5328143352062,-5.259588896104703,-137.57496489297492,101.56888790723028,84.1830802077445
3.33,2.160458346257861,2.324289543305425,-5.360594034091616,-151.74246978135307,110.69090266882648,78.82269505677642
3.34,2.186347927975628,2.141830350392247,-5.448973529830163,-164.13903655868393,118.67266558522317,74.13235804967937
3.35,2.209001311978674,1.982178556593216,-5.526305588601393,-174.98603248884842,125.65670813707027,70.02831316846944
3.36,2.1658028979813397,-0.007344512980935969,-4.079261390026218,-184.47715392774236,131.76774536993648,66.43727389741076
3.37,2.128004285733672,-1.748177198858319,-2.813097716272941,-192.78188518677456,137.1149029486944,63.29511453523442
3.38,2.094930500016963,-3.2714057990010295,-1.705204501738823,-200.04852503842773,141.7936658301076,60.54572509333012
3.39,2.065990937514843,-4.604230824125901,-0.7357979390214702,-206.40683490862426,145.88758335134418,58.140009331663855
3.4,2.0406688203254872,-5.770452721110164,0.11243280335621364,-211.97035604504623,149.46976118242617,56.035008040205874
3.41,2.0185119677848014,-6.790896880971394,0.854634702936687,-216.83843703941545,152.6041667846229,54.19313191018014
3.42,1.9991247218117012,-7.68378552084997,1.504061365069601,-221.0980079094885,155.34677168654503,52.58149029640763
3.43,1.9821608815852387,-8.465063080743723,2.072309694435901,-224.82513242080245,157.7465509757269,51.171303884356675
3.44,1.967317521387084,-9.148680945650758,2.5695269826314133,-237.09886586820215,146.92698247876103,22.01176577381209
3.45,1.9543295812136985,-9.746846577444414,3.004592109802487,-247.83838263467686,137.45986004391588,-3.5028300729144206
3.46,1.9429651335619862,-10.270241505263861,3.385274096077176,-257.23545980534226,129.1761279134264,-25.828101438800118
3.47,1.933021241866738,-10.728212067105877,3.718370834067529,-265.4579023296745,121.9278622992481,-45.36271388395011
3.48,1.9243203366333959,-11.128936308717643,4.009830479809088,-272.6525395384652,115.5856298868421,-62.45549977345634
3.49,1.9167070445542214,-11.479570020127937,4.264857669832951,-278.94784709615703,110.03617652598685,-77.4116874267743
3.5,1.9100454139849437,-11.786374517611945,4.488006461103833,-284.4562412091374,105.18040483523849,-90.49835162342751
3.51,1.9042164872368257,-12.054828452910451,4.683261653465854,-289.2760860579952,100.93160460583368,-101.94918279549907
3.52,2.6861919263322225,-10.762470646296643,5.467327196782621,-293.4934503007458,97.21390440510449,-111.96866007106169
3.53,3.370420435540695,-9.631657565509562,6.153384547184794,-297.18364401315256,93.96091672946643,-120.73570268717899
3.54,3.969120381098108,-8.642196119820866,6.753684728786695,-300.4125635115085,91.11455251328313,-128.4068649762816
3.55,4.492982833460845,-7.776417354843258,7.278947387688358,-303.23786807256994,88.62398382412275,-135.1191319792464
3.56,4.95136247927824,-7.018860935487851,7.7385522142273135,-305.71000956349866,86.4447362211074,-140.9923656068406
3.57,5.3524446693684595,-6.35599906855187,8.1407064374489,-307.8731333680613,84.53789456846899,-146.1314450309855
3.58,5.703391585697402,-5.7759949349828865,8.492591382767788,-309.76586669705364,82.86940812241036,-150.6281395271123
3.59,6.0104701374852265,-5.2684913181100255,8.800490709921815,-311.4220083599219,81.40948248210907,-154.56274721122324
3.6,6.279163870299573,-4.824425653346273,9.069902621181589,-266.88988218993165,83.57954717184543,-174.14052918482034
3.61,6.5142708865121275,-4.435868196677989,9.30563804353389,-227.92427179119022,85.47835377536475,-191.2710884117178
3.62,6.719989525698111,-4.0958804220932405,9.511906538092154,-193.82936269229145,87.13980955344415,-206.2603277352531
3.63,6.899993334985847,-3.7983911193315856,9.692391470830636,-163.99631723075504,88.59358335926363,-219.37591214334645
3.64,7.057496668112616,-3.5380879794151374,9.850315786976806,-137.89240245191067,89.86563543935567,-230.85204850042817
3.65,7.195312084598539,-3.3103227319882453,9.988499563604705,-115.05147702042183,90.97868100943622,-240.89366781287464
3.66,7.315900574023722,-3.111028140489715,10.109410368154117,-95.0656672678691,91.95259588325669,-249.68008471126532
3.67,7.421415502270756,-2.936645372928501,10.215207322134853,-77.57808373438546,92.8047713978496,-257.3681994973571
3.68,4.658401564486912,-3.714883076312438,8.360338156867996,-62.27644814258728,93.5504249731184,-264.0952999351875
3.69,2.2407643689260484,-4.395841066773383,6.737327637259497,-48.88751699976387,94.20287185147859,-269.98151281828905
3.7,0.12533182281029243,-4.99167930842671,5.3171934326020605,-37.172202249793386,94.77376287004377,-275.1319490910029
3.71,-1.725671655040994,-5.513037769873371,4.074576003526803,-26.921301843569214,95.27329251128829,-279.63858082962753
3.72,-3.34529969816087,-5.969226423639199,2.9872857530859527,-17.951763988123062,95.71038094737725,-283.5818836009241
3.73,-4.762474235890761,-6.3683914956843,2.0359067839502085,-10.10341836460768,96.0928333289551,-287.03227352580853
3.74,-6.002501956404416,-6.717660933723762,1.2034501859564326,-3.236115944031721,96.42747916283571,-290.05136471008245
3.75,-7.087526211853864,-7.023271692008292,0.47505066271187857,2.7727736739722437,96.72029426748125,-292.69306949632215
3.76,-8.03692243537213,-7.290681105507256,-0.16229892012710623,42.26492871472571,90.5146323590461,-247.27331068428188
3.77,-8.867644130950612,-7.524664342318848,-0.7199798051112178,76.820564375385,85.08467818916534,-207.53102172374665
3.78,-9.594525614581787,-7.729399674528992,-1.2079505794723155,107.05674557846189,80.33346829051969,-172.75651888327832
3.79,-10.230546912759063,-7.908543090212868,-1.6349250070382761,133.51340413115415,76.17615962920473,-142.32882889786853
3.8,-10.78706554866418,-8.06529357893626,-2.0085276311584916,156.66298036475987,72.53851455055415,-115.70460016063497
3.81,-11.274019355081158,-8.202450256569227,-2.33542992726368,176.91885956916488,69.35557510673489,-92.4084000155556
3.82,-11.700103935696013,-8.322462349498073,-2.6214694363557203,194.64275387301927,66.57050309339303,-72.02422488861116
3.83,-12.072927943734012,-8.427472930810813,-2.8717540068112553,210.15116138889186,64.1335650817189,-54.18807165253476
3.84,-10.00730520076726,-6.544202189459462,-5.183571005959848,223.72101796528037,62.00124432150404,-38.581437570967914
3.85,-8.199885300671351,-4.8963402907770295,-7.206410880214867,235.5946424696203,60.135463656316034,-24.92563274959692
3.86,-6.618392888087431,-3.4544611294299004,-8.97639577018801,245.98406391091777,58.50290557427653,-12.976803530897305
3.87,-5.234587027076502,-2.1928168632511627,-10.52513254891451,255.07480767205305,57.07441725249196,-2.521577964535142
3.88,-4.023756898691939,-1.0888781303447672,-11.880277230300194,263.0292084630464,55.824489970930465,6.626744406031751
3.89,-2.9642805363554467,-0.12293173905167132,-13.066028826512671,269.98930915516564,54.730803599564155,14.631526480277783
3.9,-2.037238719311016,0.7222713533297875,-14.103561473198585,276.07939726076995,53.77382802461863,21.63571079524306
3.91,-1.2260771293971389,1.461824059163564,-15.011402539048763,281.40822435317375,52.9364743965413,27.76437207083768
3.92,-0.5163107382224965,2.1089326767681182,-15.805763471667667,239.10532118402702,66.30879009697364,41.65820006198297
3.93,0.10473485405531557,2.6751527171721037,-16.50082928770921,202.09028091102365,78.00956633485193,53.8152995542351
3.94,0.6481497472984011,3.1705952525255907,-17.10901187674556,169.7021206721457,88.24774554299543,64.45276160995572
3.95,1.123637778886101,3.604107470959892,-17.641171642152365,141.3624804631275,97.206152350121,73.76054090871125
3.96,1.5396898065253384,3.9834306620899054,-18.10681143688332,116.56529528023657,105.04475830635587,81.90484779512234
3.97,1.9037353307096712,4.315338454328668,-18.514246257272905,94.867758245207,111.90353851806138,89.03111632073204
3.98,2.2222751643709624,4.605757772537585,-18.87075172511379,75.88241333955612,117.9049712033037,95.26660128064053
3.99,2.500997518824592,4.859874675970387,-19.182694009474567,59.27023654711161,123.15622480289073,100.72265062056046
4.0,2.9000529539715183,6.017352966474088,-15.554281008290245,44.73458185372266,127.75107170252939,105.4966937929904
4.01,3.2492264597250786,7.030146470664827,-12.379419632253963,32.01588399700733,131.7715627397132,109.6739815688666
4.02,3.5547532772594437,7.916340786831724,-9.601415928222218,20.887023372381414,135.28949239724906,113.32910837275827
4.03,3.822089242602013,8.691760813477758,-7.17066268719444,11.149270325833738,138.36768084759294,116.52734432616349
4.04,4.056008212276762,9.370253336793038,-5.043753601295135,2.628736410104521,141.0610957416438,119.32580078539304
4.05,4.260687310742167,9.963934294693907,-3.182708151133243,-4.826730766158544,143.41783377393833,121.7744501872189
4.06,4.439781521899397,10.483405132857168,-1.5542933822415876,-11.350264545388725,145.47997955219603,123.91701841381654
4.07,4.596488956661972,10.93794211625002,-0.1294304594613893,-17.058356602215135,147.28435710817152,125.79176561208946
4.08,4.733607962079225,11.335661976718768,1.1173245979712843,-20.193562026938245,119.61193759465009,122.48404491057829
4.09,4.853587091819322,11.683666854628921,2.2082352732248736,-22.936866773570962,95.39857052031883,119.58978929675601
4.1,4.958568830341907,11.988171122800306,3.1627821140717645,-25.33725842687459,74.21187433027897,117.05731563466152
4.11,5.050427851549169,12.254612357450267,3.998010599812794,-27.437601123515265,55.6735151639941,114.84140118032883
4.12,5.130804495105523,12.487748437768982,4.728835524836194,-29.275400983075855,39.45245089349483,112.90247603278773
4.13,5.201134058217333,12.69174250804786,5.36830733423167,-30.883475860191375,25.259019656807975,111.20591652868927
4.14,5.262672425940166,12.870237319541875,5.927845167452711,-32.29054137766745,12.83976732470698,109.72142696260312
4.15,5.316518497697645,13.02642027959914,6.417440771521122,-33.52172370545902,1.9729215341186066,108.42249859227773
4.16,4.92345906048544,11.335977869649248,4.977889425080981,-34.59900824227664,-7.535568532646219,107.28593626824302
4.17,4.57953205292476,9.856840760943093,3.7182819969458585,-35.54163221199206,-15.855497341065442,106.29144423471264
4.18,4.278595921309165,8.562595790825206,2.6161254973276264,-36.36642818549305,-23.135435048432264,105.42126370537356
4.19,4.015276806145519,7.430131441972056,1.6517385601616732,-37.08812466230642,-29.50538054237823,104.65985574220187
4.2,3.7848725803773293,6.439225136725549,0.8078999901414641,-37.719609079518115,-35.079082849580956,103.99362377442664
4.21,3.583268882830163,5.5721821196348555,0.06954124137378115,-38.272157944578346,-39.95607236838333,103.41067080262332
4.22,3.4068656474763928,4.813519479680499,-0.5765226637979415,-38.75563820150605,-44.22343819733541,102.9005869522954
4.23,3.2525128165418433,4.149689669720437,-1.1418285808231987,-39.1786834263178,-47.957383297668486,102.45426358325848
4.24,3.1174540894741125,3.568838586005382,-1.6364712582202987,-60.649472623028075,-20.90583476045993,97.87248063535117
4.25,2.9992777032898483,3.060593887754709,-2.0692836009427613,-79.43641317014956,2.764270209597562,93.86342055593227
4.26,2.895873365378617,2.6158797767853703,-2.447994400824916,-95.87498614888088,23.475612058397868,90.35549298644072
4.27,2.80539456970629,2.226754929687199,-2.7793663507218014,-110.25873750527077,41.598036176098134,87.28605636313563
4.28,2.7262256234930033,1.886270688476299,-3.0693168068815764,-122.84451994211193,57.45515727908587,84.60029931774366
4.29,2.6569527955563776,1.5883469774167616,-3.323023456021379,-133.85707957434795,71.33013824420013,82.2502619030257
4.3,2.59633907111183,1.3276637302396663,-3.5450167740187064,-143.49306925255445,83.47074658867511,80.19397916514748
4.31,2.543302062222851,1.099565888959708,-3.7392609272663684,-151.92456022098514,94.09377889009073,78.39473176950403
4.32,1.382919929444995,0.4752270278397445,-3.6649131863580724,-159.302114818362,103.38893215382939,76.82039029831603
4.33,0.36758556326437064,-0.07106947564022353,-3.5998589130633136,-165.75747509106677,111.52219125960072,75.44284151102651
4.34,-0.5208320071436756,-0.5490789161851956,-3.5429364239303993,-171.40591532968344,118.63879297715063,74.2374863221482
4.35,-1.2981973812507162,-0.9673371766620461,-3.4931292459390995,-176.348300538473,124.8658194800068,73.18280053187966
4.36,-1.9783920835943767,-1.3333131545792902,-3.4495479651967123,-180.6728875961639,130.31446767000594,72.2599504653947
4.37,-2.5735624481450796,-1.6535421352568789,-3.4114143445471234,-184.4569012716434,135.0820348362552,71.45245665722035
4.38,-3.0943365171269446,-1.9337424933497689,-3.3780474264787332,-187.767913237688,139.2536561067233,70.74589957506781
4.39,-3.5500138274860764,-2.178917806681048,-3.3488513731688916,-190.665048707977,142.90382471838288,70.12766212818433
4.4,-3.9487314740503168,-2.393446205845917,-3.3233048265227803,-213.0231687444799,131.975221753585,32.42545423716128
4.41,-4.297609414794027,-2.5811585551151772,-3.300951598207433,-232.58652377641994,122.41269415938689,-0.5639776674838792
4.42,-4.6028776129447735,-2.74540686072578,-3.281392523431504,-249.70445942936746,114.04548251446353,-29.429730584048396
4.43,-4.869987286326677,-2.8891241281350575,-3.264278333002566,-264.6826531256965,106.72417232515559,-54.687264386042344
4.44,-5.103708250535843,-3.014876737118175,-3.2493034163772454,-277.78857260998444,100.31802590951115,-76.78760646278705
4.45,-5.3082140942188625,-3.124910269978403,-3.23620036433009,-289.2562521587364,94.71264779582226,-96.12540577993867
4.46,-5.487156707441505,-3.2211896112311025,-3.224735193788829,-299.29047176389435,89.80794194634449,-113.04598018244634
4.47,-5.643731494011317,-3.3054340348272144,-3.2147031695652255,-308.07041391840755,85.51632432805143,-127.85148278464055
4.48,-2.423882057259902,-2.8328565304738125,-1.3996572733695722,-315.7528633036066,81.761158912045,-140.80629756156048
4.49,0.3934861998975858,-2.419351214164586,0.18850788580162425,-322.47500651565576,78.47538917303939,-152.1417604913654
4.5,2.858683424910388,-2.0575340623940126,1.5781524000764213,-328.3568818261988,75.60034065140947,-162.06029055494474
4.51,5.01573099679659,-1.740944054594761,2.7940913500668687,-333.50352272292395,73.08467319498328,-170.73900436057664
4.52,6.903147622197016,-1.4639277977704157,3.8580379313085102,-338.00683350755844,70.88346417061037,-178.33287894050454
4.53,8.554637169422389,-1.2215385730491137,4.788991189894947,-341.94723044411364,68.95740627428407,-184.9775191979415
4.54,9.99969052324459,-1.0094480014179745,5.603575291158079,-345.39507776359943,67.27210561499857,-190.7915794231988
4.55,11.264112207839016,-0.8238687512407278,6.316336379763319,-348.4119441681495,65.79746753812374,-195.87888212029895
4.56,12.37048118185914,-0.6614869073356369,6.940002332292904,-289.04920014713076,93.21153297085827,-201.6733978552616
4.57,13.338554034126748,-0.5194027939186823,7.485710040756291,-237.10679912873942,117.198840224501,-206.74359912335393
4.58,14.185617779860905,-0.395079194678847,7.963204285661755,-191.657198237647,138.18773407143837,-211.18002523293467
4.59,14.926798557378293,-0.2862960453439911,8.381011749954036,-151.88879745794114,156.55301618750858,-215.06189807881782
4.6,15.575331737706007,-0.19111078967599227,8.746593281209782,-117.0914467756985,172.62263803907,-218.45853681896557
4.61,16.142798270492754,-0.10782369096649323,9.066477121058558,-86.64376492873619,186.68355715918628,-221.4305957165949
4.62,16.639331486681158,-0.03494747959568158,9.346375480926238,-60.00204331264416,198.986861389288,-224.03114725202056
4.63,17.073798050846012,0.028819205353778618,9.591286545810458,-36.69053689856364,209.75225259062702,-226.306629845518
4.64,17.45395629449026,0.0846150546845563,9.80558372758415,-16.292968786243186,219.17196989179865,-228.29767711482822
4.65,12.520932632678978,-1.1468913271510133,8.96178526163613,1.5549033120372133,227.41422253032383,-230.0398434754747
4.66,8.204536928594106,-2.2244594112571363,8.223461603931614,17.17179139803256,234.62619358903336,-231.56423904104037
4.67,4.427690687519842,-3.1673314848499943,7.577428403440163,30.83656847327849,240.9366682654042,-232.89808516091034
4.68,1.1229502265798619,-3.992344549243745,7.012149353010143,42.79324841411868,246.45833360722867,-234.06520051579656
4.69,-1.7686976767426208,-4.714230980588276,6.517530183883875,53.25534336235384,251.28979078132508,-235.08642645132198
4.7,-4.298889592149793,-5.345881608014741,6.084738410898391,62.409676442059606,255.51731580865945,-235.97999914490674
4.71,-6.512807518131069,-5.898575907012898,5.706045609536092,70.41971788680216,259.216400207577,-236.7618752517934
4.72,-8.449985703364685,-6.382183418636286,5.374689408344081,77.4285041509519,262.45309905662987,-237.44601684531926
4.73,-10.1450166154441,-6.8053399913067505,5.084752732301071,117.1961906320829,215.6989617995511,-186.31901373965437
4.74,-11.628168663513588,-7.175601992393407,4.831058140763438,151.99291630307255,174.7890916996072,-141.58288602219758
4.75,-12.925926705574389,-7.499581243344231,4.609075373168008,182.4400512651885,138.9929553621563,-102.43877426942288
4.76,-14.06146499237759,-7.783063087926202,4.414840451522007,209.08129435703992,107.67133606688675,-68.18767648574502
4.77,-15.055060993330391,-8.031109701935426,4.244884895081756,232.39238206240992,80.2649191835259,-38.21796592502689
4.78,-15.924457494164093,-8.248150489193497,4.096173783196536,252.78958380460867,56.28430441058517,-11.994469184398529
4.79,-16.685179432393582,-8.43806117804431,3.966051560296969,270.6371353290326,35.30126648426203,10.951090463651287
4.8,-14.328781503344384,-8.74599240578877,3.661132490259848,286.25374291290353,16.941108298729276,31.02845515569488
4.81,-12.266933315426336,-9.015432230065175,3.394328303977367,299.9182745487906,0.8759698863881162,48.59614926123302
4.82,-10.462816150998043,-9.251192076307028,3.160874640980196,311.8747397301918,-13.181026224410399,63.9678816035789
4.83,-8.884213632123288,-9.457481941768648,2.9566026858576717,322.3366467639178,-25.4808978213591,77.41814740313154
4.84,-7.502936428107876,-9.637985574047567,2.777864725125463,331.4908154184281,-36.243285468689216,89.1871299777401
4.85,-6.294318874594392,-9.795926252291622,2.6214690094847803,339.5007129911246,-45.660374660103066,99.48498973052259
4.86,-5.2367785152700925,-9.93412434575517,2.484622758299183,346.50937336723405,-53.90032770259018,108.49561701420727
4.87,-4.311430700861331,-10.055047677535773,2.3648822885117853,352.64195119632984,-61.11028661476641,116.37991588743137
4.88,-3.501751363253665,-10.160855592843802,2.260109377447812,324.0142077967886,-23.572750662920605,100.48930140150244
4.89,-2.793281942846957,-10.253437518738327,2.1684330802668357,298.96493232219,9.272593294944471,86.58501372631464
4.9,-2.173371199991087,-10.334446703896036,2.088216320233481,277.0468162819162,38.012269258076415,74.41876201052531
4.91,-1.630949299992201,-10.405329740909032,2.018026655204296,257.8684647466767,63.159485725816864,63.77329175920964
4.92,-1.156330137493176,-10.467352398295404,1.9566106983037592,241.0874071533421,85.16330013508976,54.458505289308434
4.93,-0.741038370306529,-10.521622223508478,1.9028717360157894,226.40398175917431,104.41663774320352,46.30806712814488
4.94,-0.37765807401821283,-10.569108320569919,1.8558501440138158,213.55598453927752,121.26330815030309,39.176433737126764
4.95,-0.059700314765936235,-10.610658655498678,1.8147062510120888,202.31398697186785,136.0041447565152,32.936254519985916
4.96,1.4296982245798058,-7.3376719485613435,0.5266775946355777,192.47723910038434,148.90237678695078,27.476097704987676
4.97,2.73292194650733,-4.473808579991175,-0.6003474796938695,183.87008471283627,160.18832981358193,22.698460491864218
4.98,3.873242703193914,-1.9679281324922782,-1.5864944197321358,176.33882462373174,170.06353871188418,18.51802793038119
4.99,4.871023365294675,0.22471725906925677,-2.449372992265619,169.74897204576524,178.70434649789865,14.860149439083543
5.0,5.74408144463284,2.1432819766856,-3.2043917432324163,163.98285104004458,186.2650533106613,11.6595057591981
5.01,6.508007264053735,3.8220261045999,-3.8650331503283644,158.93749516003902,192.88067177182864,8.858942539298337
5.02,7.176442356047018,5.290927216524913,-4.4430943815373185,154.52280876503414,198.66933792535005,6.408449721886044
5.03,7.761323061541141,6.576215689459298,-4.948897958845154,150.6599581694049,203.7344208096813,4.264268506650289
5.04,8.273093678848499,7.7008431032768865,-5.39147608898951,147.27996389822925,208.16636833347113,2.3881099433190034
5.05,8.720892968992436,8.684892090367276,-5.778731952865821,124.2762184109506,189.28557241678723,12.900221575404128
5.06,9.112717347868381,9.545934954071367,-6.117580833757594,104.14794110958178,172.76487598968882,22.098319253478614
5.07,9.455563679384833,10.299347459812445,-6.4140736045378945,86.53569847088406,158.30926661597772,30.146654721793787
5.08,9.755554219461727,10.958583402335888,-6.673504778970657,71.12498616202355,145.6606084139805,37.18894825656956
5.09,10.01804594202901,11.535414852043901,-6.9005070565993245,57.6406128917706,134.59303248723293,43.350955099498364
5.1,10.247726199275384,12.040142370538414,-7.099134049524409,45.841786280299274,124.90890355132882,48.74271108706107
5.11,10.448696424365961,12.48177894922111,-7.2729326683338575,35.51781299526186,116.43529073241271,53.46049757617843
5.12,10.624545371320215,12.868210955568472,-7.425006459792125,26.48433637085413,109.02087951586113,57.58856075415613
5.13,8.813028074905189,11.734589461122413,-6.70107440231811,18.580044324497365,102.53326970137849,61.200616034886615
5.14,7.22795044054204,10.742670653482111,-6.0676338520283455,11.663788783935196,96.85661111370618,64.36116440552578
5.15,5.841007510474285,9.874741696796848,-5.5133733705248025,5.6120651859432975,91.8895348494929,67.12664422983507
5.16,4.627432446665,9.115303859697242,-5.028395449209202,0.31680703770038576,87.5433431183063,69.54643907610568
5.17,3.5655542658318753,8.450795752235088,-4.604039768058052,-4.3165438420121625,83.740425353518,71.66375956659247
5.18,2.636410857602891,7.869351158205702,-4.232728547050796,-8.370725861760642,80.41287230932825,73.51641499576841
5.19,1.82341037540253,7.360587138429989,-3.907831228669446,-11.91813512904056,77.50126339566222,75.13748849629737
5.2,1.1120349534772138,6.91541862112624,-3.6235460750857653,-15.02211823791049,74.95360559620444,76.5559278092602
5.21,0.4895814592925621,6.52589616848546,-3.3747965657000445,-24.72060370817168,70.7819047716789,94.10706208310268
5.22,-0.05506534811900815,6.185064022424777,-3.157140744987539,-33.20677849465022,67.13166655021904,109.46430457271485
5.23,-0.5316313046041321,5.88683589462168,-2.9666919018640963,-40.632181432818946,63.937708106441654,122.9018917511255
5.24,-0.9486265165286156,5.62588628279397,-2.8000491641310843,-47.12940900371658,61.14299446813644,134.6597805322348
5.25,-1.3134973269625387,5.397555372444724,-2.6542367686146986,-52.81448312825201,58.69762003461938,144.94793321570546
5.26,-1.6327592860922213,5.1977658258891335,-2.5266509225378613,-57.78892298722051,56.55791740529196,153.95006681374227
5.27,-1.9121135003306935,5.022949972652992,-2.4150133072206286,-62.141557863817944,54.68567760463046,161.82693371202447
5.28,-1.8620975627893568,4.336387476071367,-2.6061732688180497,-65.9501133808407,53.04746777905165,168.7191922480214
5.29,-1.8183336174406872,3.7356452915624465,-2.773438235215793,-69.28259945823561,51.61403418167019,174.7499184670187
5.3,-1.7800401652606013,3.2099958801171407,-2.9197950808138193,-72.19852477595616,50.359779783961415,180.02680390864134
5.31,-1.7465333946030261,2.750052645102498,-3.047857320712092,-74.74995942896163,49.262307185966236,184.64407867006116
5.32,-1.7172149702776478,2.347602314464685,-3.159911780623081,-76.98246475034144,48.30201866272046,188.6841940863035
5.33,-1.6915613489929417,1.9954582751565997,-3.2579594330451958,-78.93590690654875,47.4617662048804,192.21929507551556
5.34,-1.6691144303688241,1.6873322407620248,-3.3437511289145467,-80.64516879323016,46.726545304270346,195.3125084410761
5.35,-1.6494733765727212,1.4177219606667717,-3.4188188628002285,-82.14077294407639,46.08322701623655,198.01907013594158
5.36,-1.632287454501131,1.1818129655834253,-3.4845031299502,-119.31567707606683,61.81282376420698,155.05356174394888
5.37,-1.6172497726884896,0.9753925948854971,-3.5419768637064255,-151.84371819155848,75.57622091868112,117.45874190095526
5.38,-1.6040918011024283,0.79477477052481,-3.5922663807431228,-180.30575416761366,87.61919342884599,84.56327453833586
5.39,-1.592578575964625,0.6367341742092087,-3.636269708150232,-205.21003564666194,98.15679437524025,55.77974059604387
5.4,-1.5825045039690468,0.4984486524330577,-3.6747726196314536,-227.0012819408292,107.37719520333522,30.594148396538387
5.41,-1.573689690972916,0.3774488208789255,-3.708462667177522,-246.06862244822554,115.44504592791833,8.556755221971088
5.42,-1.5659767296013016,0.27157396826905983,-3.737941458780332,-262.75254539219736,122.50441531192854,-10.725963805775297
5.43,-1.559227888401139,0.17893347223542733,-3.7637354014327906,-277.3509779681727,128.68136352293746,-27.598342955053383
5.44,-1.5552667773509965,-0.7700179617940011,-1.5468027262536919,-290.12460647215113,134.0861932075703,-42.36167471067171
5.45,-1.551800805182122,-1.600350466569751,0.3930133645280196,-301.30153141313224,138.815419181624,-55.27958999683774
5.46,-1.5487680795343568,-2.326891408248532,2.090352443962017,-311.08134073649074,142.953491908921,-66.58276587223303
5.47,-1.546114444592562,-2.9626147322174656,3.575524138466765,-319.6386738944294,146.57430554530586,-76.47304476320389
5.48,-1.543792514018492,-3.518872640690282,4.875049371158419,-327.1263404076258,149.74251747714263,-85.1270387928034
5.49,-1.5417608247661807,-4.005598310603997,6.0121339497636175,-333.6780486066726,152.5147029174998,-92.69928356870298
5.5,-1.539983096670408,-4.431483271778497,7.007082956043165,-339.4107932808385,154.9403651778123,-99.3249977476151
5.51,-1.538427584586607,-4.8041326128061845,7.87766333653777,-344.42694487073373,157.06281965558577,-105.12249765416323
5.52,-1.5370665115132813,-5.130200786205411,8.639421169470548,-317.31607663689203,148.70871744863754,-108.99656057239282
5.53,-1.5358755725741213,-5.4155104379297345,9.30595927328673,-293.59406693228055,141.39887801755785,-112.38636562584372
5.54,-1.5348335010023564,-5.665156383188518,9.889180114125889,-272.8373084407455,135.0027685153631,-115.35244504761326
5.55,-1.5339216883770619,-5.883596585289953,10.399498349860153,-254.67514476065233,129.4061727009427,-117.9477645416616
5.56,-1.533123852329929,-6.074731762128709,10.846026806127634,-238.7832515405708,124.50915136332486,-120.2186690989539
5.57,-1.532425745788688,-6.241975041862621,11.23673920536168,-224.87784497299947,120.22425769290925,-122.20571058658466
5.58,-1.531814902565102,-6.388312911629793,11.57861255469147,-212.71061422637456,116.47497573129559,-123.94437188826157
5.59,-1.5312804147444643,-6.516358547676068,11.877751735355035,-202.06428732307774,113.19435401488364,-125.46570052722888
5.6,-1.5308127379014063,-6.62839847921656,12.139498518435657,-192.74875128269304,110.32381001302319,-126.79686308632527
5.61,-0.2718903956637304,-5.54297379431449,11.791784828631199,-184.5976572473564,107.8120840113953,-127.96163032553461
5.62,0.8296666537942359,-4.593227195025178,11.4875353500523,-177.46544996643686,105.61432375997089,-128.98080165984277
5.63,1.7935290720699564,-3.7621989206470308,11.221317056295762,-171.22476859563227,103.69128353997453,-129.87257657736242
5.64,2.6369086880612116,-3.035049180566152,10.988376049258791,-165.76417239617825,102.00862334747772,-130.6528796301921
5.65,3.37486585205356,-2.3987931579953834,10.784552668101442,-160.98615072165597,100.53629567904301,-131.33564480141808
5.66,4.020578370546865,-1.8420691382459602,10.606207209588762,-156.80538175644898,99.24800896916264,-131.9330643262408
5.67,4.585576824228506,-1.354935620965215,10.450154933390166,-153.14720891189287,98.12075809801732,-132.4558064104607
5.68,5.079950471199943,-0.9286937933445631,10.313609191716395,-99.38880867290626,107.42441371076515,-140.4513303591531
5.69,5.51252741229995,-0.5557321941764928,10.194131667751845,-52.35020846379298,115.5651123719195,-147.44741381425897
5.7,5.891032235762456,-0.2293907949044312,10.089588834282864,-11.191433280818863,122.68822370042957,-153.56898683747661
5.71,6.222223956292149,0.05615792945862269,9.998113854997506,24.822495004283493,128.92094611287587,-158.92536323279205
5.72,6.5120167117556305,0.30601306327629485,9.918073248122816,56.334682253748056,134.37457822376638,-163.61219257869305
5.73,6.765585372786177,0.524636305366758,9.848037717107463,83.90784609702955,139.1465063207956,-167.71316825635643
5.74,6.9874579511879045,0.7159316421959132,9.78675662746903,108.03436445990086,143.32194340569615,-171.3015219743119
5.75,7.181596457289416,0.8833150619214241,9.7331356740354,129.14506802741323,146.97545085498413,-174.4413314775229
5.76,5.926487400128239,0.03556392918124607,8.293718339780977,147.61693364898656,150.17226987311113,-177.18866479283255
5.77,4.828266975112209,-0.7062183119664097,7.034228172308354,163.77981606786324,152.96948651397224,-179.5925814437285
5.78,3.867324103223183,-1.3552777729706085,5.9321742757698095,177.92233818438032,155.41705107472572,-181.69600851326246
5.79,3.026499090320285,-1.9232048013492822,4.967877116298583,190.29704503633278,157.558670065385,-183.53650719910465
5.8,2.290777204030249,-2.420140951180622,4.12411710176126,201.12491353179118,159.43258668221188,-185.1469435492166
5.81,1.647020553526468,-2.854960082283044,3.3858270890411024,210.59929846531728,161.0722637219354,-186.55607535556453
5.82,1.0837334843356594,-3.2354268219976636,2.739823327910965,218.8893852821526,162.5069811316935,-187.78906568611896
5.83,0.590857298793702,-3.5683352192479556,2.1745700369220944,226.14321124688354,163.76235886523182,-188.8679322253541
5.84,0.15959063644448918,-3.859630066841961,1.6799734073068326,232.4903089660231,164.86081438207785,-189.81194044718487
5.85,-0.21776769311107197,-4.114513058486716,1.2472013563934787,250.0140215952702,160.5325877093181,-174.54669814128675
5.86,-0.547956231472188,-4.337535676175876,0.8685258118442939,265.34727014586144,156.74538937065336,-161.18961112362592
5.87,-0.8368712025381644,-4.532680466653892,0.5371847103637571,278.7638626276288,153.4315908243217,-149.50215998317267
5.88,-1.0896718022208938,-4.703432158322155,0.24726124656828752,290.5033810491752,150.5320170962815,-139.2756402352761
5.89,-1.310872326943282,-4.852839888531885,-0.006421784252748419,300.77545966802825,147.99489008424632,-130.32743545586658
5.9,-1.5044227860753716,-4.9835716524653995,-0.22839443622115485,309.7635284595247,145.77490394871552,-122.49775627388325
5.91,-1.67377943781595,-5.097961945907224,-0.4226205066935105,317.6280886520841,143.83241608012608,-115.64678698964785
5.92,-1.8219665080889562,-5.198053452668821,-0.5925683183568217,324.5095788205736,142.13273919511033,-109.65218886594188
5.93,-1.2279676945778368,-3.3880047710852184,-3.3875607785622193,330.5308827180019,140.64552192072154,-104.40691550769915
5.94,-0.7082187327556073,-1.804212174699566,-5.833179181241942,335.7995236282517,139.34420680563136,-99.81730131923676
5.95,-0.25343839116115635,-0.41839365286212016,-7.973095283586699,340.4095844247202,138.20555607992745,-95.80138890433217
5.96,0.1444944077339882,0.7941975537456449,-9.845521873138361,344.44338762163017,137.20923669493652,-92.28746554129066
5.97,0.49268560676723966,1.8552148595274394,-11.483895138996065,347.9729654189264,136.33745723306947,-89.21278259862933
5.98,0.7973529059213347,2.7836050020865093,-12.917471746621558,351.0613459915606,135.5746502039358,-86.52243502380067
5.99,1.0639367926811678,3.5959463768256956,-14.171851278293865,353.7636789926155,134.90719405344382,-84.16838089582559
6.0,1.2971976935960219,4.306745079722484,-15.26943336850713,356.12822036853856,134.32316992176334,-82.1085835338474
6.01,1.501300981896519,4.928693944757174,-16.22981769744374,321.2021933224712,153.5565233065429,-48.95500959211647
6.02,1.6798913591594542,5.4728992016625275,-17.07015398526327,290.64191965716225,170.38570751822505,-19.945632393101906
6.03,1.8361579392645224,5.949078801454712,-17.805448237105363,263.9016802000169,185.11124370344692,5.437572656035833
6.04,1.972891196856457,6.365735951272873,-18.44883070746719,240.5039706750148,197.99608786551605,27.647877074031356
6.05,2.0925327972494,6.730310957363764,-19.011790369033793,220.03097484063795,209.27032650732653,47.08189343977744
6.06,2.197219197593225,7.049314087693293,-19.504380072904567,202.1171034855582,219.13528531891072,64.08665775980526
6.07,2.288819797894072,7.328441826731632,-19.935396063791497,186.44246604986344,227.76712427904687,78.9658265398296
6.08,2.602656323157313,8.105088848390178,-16.41126093081756,172.7271582936305,235.319983369166,91.98509922235091
6.09,2.877263282762649,8.784654992341405,-13.327642689465364,160.7262640069267,241.92873507302025,103.37696281955705
6.1,3.117544372417318,9.37927536829873,-10.629476728282194,150.22548150606087,247.7113928138927,113.34484346711241
6.11,3.3277903258651533,9.899568197261388,-8.26858151224692,141.03729681780325,252.7712183371561,122.06673903372335
6.12,3.5117555351320093,10.354824422603714,-6.202798198216055,132.99763521557784,257.1985656700116,129.69839765450794
6.13,3.672725093240508,10.75317361977825,-4.395237798439047,125.96293131363062,261.0724945862601,136.37609894769446
6.14,3.8135734565854444,11.101729167305969,-2.813622448634166,119.80756539942679,264.46218238797763,142.21908757923265
6.15,3.936815774512264,11.406715271392724,-1.429709017554895,114.42162022449844,267.42815921448044,147.33170263182856
6.16,4.044652802698231,11.673578112468633,-0.21878476536053304,89.07641769643614,234.01276431267038,134.12149005285
6.17,4.139010202360952,11.907083098410054,0.8407739553095337,66.89936548438162,204.77429377358658,122.56255404624373
6.18,4.221572927065833,12.111399961108797,1.767887835895842,47.49444479883391,179.19063205188826,112.44848504046327
6.19,4.293815311182604,12.290177215970196,2.579112481408862,30.51513919897967,156.80492804540222,103.59867466040535
6.2,4.357027397284778,12.44660731397392,3.288934046232754,15.65824679910721,137.21743703972695,95.85509057785468
6.21,4.412337972624181,12.583483649727182,3.91002791545366,2.658465949218808,120.07838240976108,89.07945450562285
6.22,4.460734726046159,12.703250443511283,4.453485051021953,-8.716342294433543,105.08170960854095,83.15077294241999
6.23,4.503081885290388,12.808046388072373,4.929010044644208,-18.66929950762935,91.95962090747334,77.96317657461749
6.24,3.81249952462909,10.199322339563327,4.033967664063682,-27.378137069175683,80.47779329403917,73.4240297527903
6.25,3.2082399590504536,7.916688797117912,3.250805581055722,-34.99836993552872,70.43119413228428,69.45227628369152
6.26,2.679512839169147,5.919384447478173,2.565538758423757,-41.666073693587634,61.64041986574874,65.97699199823008
6.27,2.2168766092730037,4.171743141543401,1.9659302886207872,-47.50031448188918,53.94849238253015,62.93611824845132
6.28,1.812069908113878,2.642556998850476,1.4412728775431887,-52.605275171653034,47.21805583471388,60.27535371739491
6.29,1.4578640445996431,1.3045191239941665,0.9821976428502901,-57.07211577519641,41.32892385537465,57.947184752720545
6.3,1.1479339140246876,0.13373598349489568,0.5805068124940038,-60.980601303296865,36.17593337345282,55.910036908630474
6.31,0.8767450497716017,-0.8906992644419662,0.22902733593225327,-64.40052614038476,31.667066701771216,54.127532545051665
6.32,0.6394547935501516,-1.7870801063867203,-0.0785172060592784,-71.02420999783666,26.553683364049814,79.6359662269202
6.33,0.43182581935638265,-2.57141334308838,-0.3476186803018686,-76.81993337310708,22.079472943543585,101.95584569855518
6.34,0.25015046693683485,-3.2577049252023325,-0.5830824702641351,-81.89119132646869,18.164538825600637,121.48574023623578
6.35,0.0911845335697305,-3.8582100595520408,-0.7891132864811181,-86.32854203566009,14.738971472400559,138.57439795670632
6.36,-0.04791065812648582,-4.383652052108036,-0.9693902506709784,-90.21122390620258,11.741600038350489,153.52697346211804
6.37,-0.16961895086067508,-4.843413795594531,-1.1271325943371062,-93.60857054292725,9.11890003355668,166.61047702935326
6.38,-0.2761137070030907,-5.2457053211452145,-1.265157145044968,-96.58124885006134,6.824037529362094,178.0585426506841
6.39,-0.36929661862770435,-5.597710406002062,-1.385928626914347,-99.18234236880367,4.816032838191832,188.07560006934858
6.4,-0.9283140412992412,-5.505691855251804,-1.7171391735500536,-101.45829919770321,3.059028733417853,196.84052531068
6.41,-1.417454286136836,-5.4251756233453285,-2.006948401856297,-103.4497614229903,1.5216501417406214,204.50983489684498
6.42,-1.8454520003697314,-5.354723920427163,-2.26053147662426,-105.19229087011652,0.17644387402304362,211.22048078473935
6.43,-2.2199500003235153,-5.2930786803737675,-2.4824166670462273,-106.71700413635196,-1.0006116102298368,217.09229593664693
6.44,-2.547635750283076,-5.2391390953270465,-2.6765662086654487,-108.05112824430796,-2.0305351589511074,222.23013419456606
6.45,-2.8343607814976917,-5.1919419584111655,-2.8464470575822673,-109.21848683876946,-2.9317182640822192,226.7257426702453
6.46,-3.08524518381048,-5.15064446360977,-2.9950928003844837,-110.23992560892329,-3.720253481071942,230.65940008646461
6.47,-3.3047690358341706,-5.114509155658548,-3.125157825336423,-111.13368453280788,-4.410221795937949,234.10135032565654
6.48,-3.4968524063548996,-5.08289076120123,-3.23896472216937,-145.4938487162069,6.649805678554294,175.23743053494948
6.49,-3.664925355560537,-5.0552246660510765,-3.338545756898198,-175.55899237668103,16.327329718735008,123.7315007180808
6.5,-3.8119891861154693,-5.031016832794692,-3.425679162285923,-201.8659930795959,24.795163253893133,78.66381212832069
6.51,-3.940670037851036,-5.0098349786953555,-3.5019208920001823,-224.8846186946464,32.204517597156496,39.22958461228059
6.52,-4.053265783119657,-4.9913008563584365,-3.5686324055001597,-245.0259161078156,38.687702647511934,4.7246355357455165
6.53,-4.1517870602297,-4.975083499313632,-3.6270049798126394,-262.64955134433865,44.360489566572944,-25.467194906222673
6.54,-4.237993177700988,-4.960893311899428,-3.678080982336059,-278.0702321762963,49.32417812075133,-51.885046542944835
6.55,-4.313423530488365,-4.948476897911999,-3.722772484544052,-291.56332790425927,53.667405605657414,-75.00066672507673
6.56,-2.424191214177319,-3.776271660672999,-2.2373949239760456,-303.36978666622684,57.46772965495024,-95.22683438444214
6.57,-0.771112937405154,-2.7505920780888737,-0.9376895584790399,-313.7004380829485,60.79301319808146,-112.92473108638688
6.58,0.6753305547704903,-1.8531224433277642,0.19955263633083997,-322.73975807257995,63.70263629832128,-128.41039070058852
6.59,1.940968610424179,-1.0678365129117937,1.194639556789485,-330.64916306350744,66.24855651103113,-141.96034286301494
6.6,3.0484019091211567,-0.38071132379781947,2.0653406121907993,-337.56989243056904,68.47623669715225,-153.81655100513808
6.61,4.017406045481012,0.220523216676908,2.8272040356669494,-343.62553062674795,70.42545686000821,-164.1907331294958
6.62,4.865284664795886,0.7466034395922945,3.493834531208581,-348.92421404840445,72.13102450250719,-173.26814248830883
6.63,5.6071784566964,1.2069236346432577,4.077136214807508,-353.5605620423539,73.62339618969378,-181.21087567727022
6.64,6.25633552460935,1.6097038053128507,4.587525187956569,-357.6173665370597,74.92922141598206,-188.16076721761144
6.65,6.824347959033181,1.9621364546487445,5.034115539461997,-298.4864449699272,98.8611937389843,-180.64442094041001
6.66,7.321358839154033,2.2705150228176514,5.424882097029247,-246.74688859868633,119.80166952161126,-174.06761794785876
6.67,7.75624335925978,2.540346269965445,5.7668028349005915,-201.47477677385052,138.12458583140983,-168.31291532937644
6.68,8.136767314352308,2.7764486112197644,6.0659834805380175,-161.86167892711921,154.1571376024836,-163.2775505382044
6.69,8.469725775058269,2.983038159817294,6.327766545470766,-127.20021831122932,168.18562040217316,-158.87160634592885
6.7,8.761064428175985,3.1638040148401325,6.55682672728692,-96.87144027232566,180.46054285190152,-155.01640517768777
6.71,9.015985749653986,3.321974137985116,6.757254386376054,-70.33375948828494,191.20109999541384,-151.6431041554768
6.72,9.239041905947238,3.460372995736977,6.932628588079048,-47.11328880224932,200.5990874959871,-148.69146576104222
6.73,7.640535167703834,1.755776246269855,7.296750639569167,-26.79537695196816,208.82232655898872,-146.10878216591195
6.74,6.241841771740855,0.26425409048612303,7.615357434623021,-9.017204082972137,216.01766073911514,-143.84893402017295
6.75,5.017985050273249,-1.0408277958246424,7.894138380295143,6.5386971773993805,222.31357814672575,-141.87156689265134
6.76,3.947110418989093,-2.182774446346562,8.13807170775825,20.15011078022446,227.82250587838502,-140.14137065606994
6.77,3.010095116615456,-3.181977765553242,8.351513369288469,32.0600976826964,232.64281764358688,-138.6274489490612
6.78,2.190206727038524,-4.0562806698590865,8.538274823127411,42.48133622235935,236.86059043813853,-137.30276745542855
6.79,1.4728043861587086,-4.821295711126701,8.701691095236486,51.599919944564434,240.5511416333712,-136.14367114849998
6.8,0.8450773378888701,-5.490683872235863,8.844680333331926,59.57868070149388,243.7803739291998,-135.12946187993748
6.81,0.2958161706527613,-6.07639851320638,8.969795916665436,104.47384461380713,211.17720218804982,-104.3914041449453
6.82,-0.18478735067883384,-6.588898824055582,9.079272052082258,143.75711303708124,182.6494269145436,-77.49560362682713
6.83,-0.6053154318439796,-7.037336596048634,9.175063670571976,178.12997290744607,157.68762355022562,-53.961778173473746
6.84,-0.9732775028634821,-7.429719646542555,9.25888133675048,208.20622529401533,135.8460456064474,-33.36968090178952
6.85,-1.2952443150055468,-7.773054815724736,9.332221794656672,234.5229461322634,116.73466490564148,-15.35159578906583
6.86,-1.5769652756298533,-8.073473088759144,9.396394695324588,257.5500768657305,100.0122067924363,0.4142286845673997
6.87,-1.8234711161761217,-8.33633907766425,9.452545983409015,277.6988162575142,85.38005594338178,14.209325098996475
6.88,-1.9822813516541062,-7.17947944295622,6.947048860482889,295.3289632253249,72.57692395045906,26.280034461621916
6.89,-2.121240307697343,-6.167227262586692,4.754738877922528,310.75534182215927,61.37418345665168,36.84190515391918
6.9,-2.242829394235175,-5.281506604763356,2.8364676431822122,324.25342309438935,51.57178552457022,46.08354200967928
6.91,-2.3492198449557784,-4.506501029167937,1.157980312784436,336.06424420759066,42.99468733399894,54.16997425846937
6.92,-2.442311489336306,-3.8283711505219444,-0.31069610131361847,346.3987126816418,35.48972641724907,61.2456024761607
6.93,-2.5237666781692676,-3.235007506706701,-1.595787963649416,355.44137259643657,28.92288561509293,67.43677716664061
6.94,-2.595039968398109,-2.715814318368363,-2.720243343193239,363.353700021882,23.176899913206313,72.85405502081053
6.95,-2.6574040973483455,-2.2615202785723176,-3.7041418002940842,370.2769865191467,18.149162424055525,77.59417314320922
6.96,-2.7119727101798023,-1.864012993750778,-4.565052950257323,351.45861320425337,36.333641496048585,69.70615150030807
6.97,-2.759720246407327,-1.5161941195319306,-5.3183502064751575,334.9925365537217,52.245060684042514,62.80413256276956
6.98,-2.8014993406064113,-1.2118526045904392,-5.977485305665763,320.5847194845065,66.1675524735372,56.76486599242337
6.99,-2.8380560480306096,-0.9455537790166344,-6.554228517457542,307.9778795489432,78.34973278934505,51.480507743370445
7.0,-2.8700431670267834,-0.7125423066395551,-7.058878827775349,296.94689460532527,89.00914056567693,46.856694275449144
7.01,-2.8980318961484355,-0.5086572683096107,-7.500447849303431,287.2947827796596,98.33612236996731,42.810857491018
7.02,-2.922522034129881,-0.3302578597709094,-7.886820743140502,278.84918493220215,106.4972314487214,39.27075030464075
7.03,-2.943950904863646,-0.17415837729954575,-8.22489702524794,271.4592868156769,113.63820189263122,36.17315651656066
7.04,-1.7768369167556903,1.0118281698628975,-8.332781897091946,264.99312596371726,119.88655103105232,33.46276195199058
7.05,-0.755612177161229,2.049566398630035,-8.427181159955452,259.3352352182526,125.35385652717078,31.091166707991757
7.06,0.1379594699839246,2.957587348801281,-8.50978051496102,254.38458081597102,130.13774883627443,29.016020869492788
7.07,0.919834661235934,3.752105680201121,-8.582054950590893,250.05275821397464,134.32365460674012,27.20026826080619
7.08,1.6039754535814423,4.447309220175981,-8.645295081767031,246.26241343722782,137.9863221558976,25.61148472820542
7.09,2.2025986468837617,5.055612317653983,-8.700630196546152,242.94586175757433,141.1911562614104,24.22129913717974
7.1,2.7263939410232916,5.587877527947235,-8.749048421977884,240.04387903787756,143.99538610373412,23.004886745032273
7.11,3.18471482339538,6.053609586953831,-8.79141436923065,237.50464415814287,146.44908721576735,21.94052590190324
7.12,3.585745595470957,6.4611251385846025,-8.828484573076818,205.53281363837502,143.49045131379643,34.35295978916533
7.13,3.9366475210370875,6.817701246261526,-8.860921001442215,177.55746193357814,140.90164489957186,45.21383944051966
7.14,4.243686705907452,7.129705340478836,-8.889302876261938,153.07902919188086,138.63643928712537,54.717109135454706
7.15,4.512345992669021,7.402708922918981,-8.914137016729196,131.66040054289576,136.6543843762347,63.032470118522866
7.16,4.747422868585393,7.6415870575541085,-8.935866889638046,112.91910047503379,134.92008632920536,70.30841097870751
7.17,4.953115135012219,7.850605425359845,-8.95488052843329,96.52046291565456,133.4025755380547,76.67485923136907
7.18,5.133095868135691,8.033496497189864,-8.971517462379127,82.17165505119775,132.07475359579786,82.24550145244794
7.19,5.29057900961873,8.193526185041131,-8.986074779581736,69.61644816979803,130.91290939632313,87.11981339589195
7.2,4.504084133416389,7.90294778691099,-7.67937818213402,58.63064214857328,129.89629572178274,91.38483634640546
7.21,3.81590111673934,7.648691688547116,-6.536018659367268,49.018061880001625,129.0067587565599,95.11673142810479
7.22,3.2137409771469225,7.426217602478726,-5.53557907694636,40.60705414500143,128.22841391198992,98.38213962459169
7.23,2.686850855003557,7.231552777168885,-4.660194442328065,33.24742237687625,127.54736217299117,101.23937179651773
7.24,2.2258219981281124,7.061221055022774,-3.894232887037057,26.80774457976672,126.95144190136728,103.73944994695302
7.25,1.8224217483620986,6.912180798144927,-3.224016526157425,21.173026507295877,126.43001166369636,105.92701832858388
7.26,1.4694465298168364,6.781770573376811,-2.637577210387747,16.24264819388389,125.97376020573431,107.8411406625109
7.27,1.1605932135897319,6.667661626704709,-2.124442809089279,11.928567169648405,125.57454018001752,109.51599770469703
7.28,0.8903465618910155,6.567816298366621,-1.6754502079531188,-8.160628976557645,118.19022253251534,117.2289982416099
7.29,0.6538807416546385,6.480451636070793,-1.282581681958979,-25.738675604487938,111.72894459095092,123.97787371140866
7.3,0.4469731489478087,6.404007556561943,-0.9388217217141067,-41.11946640392695,106.07532639208205,129.88313974748257
7.31,0.2659290053293326,6.3371189869917,-0.6380317564998433,-54.57765835343608,101.12841046807179,135.05024752904725
7.32,0.10751537966316604,6.278591488617738,-0.37484053693736297,-66.35357630925657,96.79985903456281,139.57146683791635
7.33,-0.031096542794729704,6.227379927540521,-0.1445482198201926,-76.65750452059949,93.01237653024246,143.5275337331768
7.34,-0.1523819749453885,6.182569811597956,0.05695755765733146,-85.67344170552455,89.69832933896215,146.9890922665297
7.35,-0.2585067280772149,6.143360960148211,0.233275112950165,-93.56238674233398,86.79853804659189,150.01795598321348
7.36,-1.081941512067563,4.983102090129684,-0.14736777616860564,-100.46521364954224,84.26122066576791,152.6682117353118
7.37,-1.8024469480591176,3.9678755788634734,-0.48043030414752996,-106.50518719334946,82.04106795754691,154.9871855183978
7.38,-2.432889204551728,3.0795523815055392,-0.7718600161290887,-111.79016404418077,80.09843433785355,157.01628757859808
7.39,-2.9845261789827617,2.302269583817347,-1.0268610141129526,-116.41451878865817,78.39862992062186,158.7917518812733
7.4,-3.4672085316099164,1.6221471358401787,-1.2499868873488336,-120.4608291900759,76.91130105554413,160.34528314611416
7.41,-3.8895555901586767,1.0270399938601564,-1.4452220264302293,-124.00135079131641,75.60988829860112,161.7046230028499
7.42,-4.259109266388842,0.5063212446276368,-1.6160527731264507,-127.09930719240185,74.47115213627598,162.89404537749365
7.43,-4.582468733090237,0.05069233904918219,-1.7655296764856443,-129.81001904335162,73.47475799424147,163.93478995530694
7.44,-4.865408266453957,-0.3479829533319656,-1.8963219669249387,-163.86564203793267,74.40978849496129,125.93419183589356
7.45,-5.112980358147213,-0.69682383416547,-2.010765221059321,-193.66431215819108,75.22794018309114,92.68366848140687
7.46,-5.329605938378811,-1.0020596048947863,-2.110903068426906,-219.7381485134172,75.94382291020474,63.58946054623102
7.47,-5.519153321081459,-1.269140904282938,-2.1985236848735425,-242.55275532424005,76.57022029642916,38.13202860295214
7.48,-5.685007280946277,-1.5028370412475707,-2.27519172426435,-262.51553628371005,77.11831800937551,15.856775652583124
7.49,-5.8301294958279914,-1.7073211610916244,-2.342276258731306,-279.9829696232463,77.59790350820357,-3.634070678989767
7.5,-5.957111433849493,-1.8862447659551713,-2.400975226389893,-295.2669737953405,78.01754081967813,-20.688561219116046
7.51,-6.068220629618306,-2.042802920210775,-2.4523368230911564,-308.6404774459229,78.38472346721836,-35.61124044172654
7.52,-6.165441175916017,-2.179791305184428,-2.497278220204762,-320.3422931401825,78.70600828381608,-48.66858476151072
7.53,-5.679288403926515,-3.923465517036375,-1.0149401926791668,-330.5813818726597,78.98713249833907,-60.09376104132188
7.54,-5.2539047284357006,-5.449180452406828,0.28210558140572906,-339.5405845135772,79.23311618604669,-70.09079028615665
7.55,-4.881694012381238,-6.784181020855974,1.4170206337300129,-347.37988682438004,79.44835191279086,-78.83819087538706
7.56,-4.556009635833583,-7.952306518248977,2.410071304513761,-354.23927634633253,79.636683173692,-86.49216639096369
7.57,-4.2710358063543845,-8.974416328467855,3.278990641449541,-360.2412421780409,79.8014730269805,-93.18939496709322
7.58,-4.021683705560086,-9.868762412409374,4.039295061268349,-365.49296228078583,79.94566414860795,-99.04946997120658
7.59,-3.8035006173650756,-10.651315235858203,4.704561428609805,-370.08821737068763,80.07183138003195,-104.17703559980575
7.6,-3.6125904151944415,-11.336048956375926,5.28666950003358,-350.40969057435166,94.48410333252795,-121.55240689983003
7.61,-3.4455439882951366,-11.935190961828937,5.796014062529382,-333.1909796275577,107.09484129096195,-136.7558567873513
7.62,-3.299378364758245,-12.45944021660032,6.24169055471321,-318.12460754911297,118.1292370045917,-150.05887543893238
7.63,-3.1714834441634645,-12.918158314525282,6.631657485374059,-304.9415319804738,127.78433325401774,-161.69901675906584
7.64,-3.0595753886430317,-13.31953665020962,6.972878549702302,-293.4063408579146,136.23254247226552,-171.8841404141826
7.65,-2.9616558400626527,-13.67074269393342,7.271446980989515,-283.31304862567526,143.62472553823233,-180.7961236124098
7.66,-2.875976235054821,-13.978047982191743,7.532694358365825,-274.4814179224659,150.0928857209533,-188.59410891085858
7.67,-2.8010065806729685,-14.246940109417775,7.7612858135700975,-266.75374105715764,155.75252588083413,-195.41734604700127
7.68,-4.009678758088848,-12.778939845740553,8.630839336873835,-259.99202380001293,160.70471102072986,-201.38767854112612
7.69,-5.067266913327742,-11.494439615022984,9.391698669764606,-254.0755212000113,165.0378730181386,-206.61171947348535
7.7,-5.992656549161774,-10.37050191314511,10.05745058604403,-248.8985814250099,168.82938976587127,-211.18275528929968
7.71,-6.802372480516553,-9.387056424001972,10.639983512788527,-244.36875912188364,172.14696692013734,-215.18241162813723
7.72,-7.510873920451983,-8.526541621001726,11.14969982368996,-240.40516460664819,175.04984693012017,-218.68211092462008
7.73,-8.130812680395485,-7.773591168376511,11.595701595728716,-236.93701940581715,177.58986693885515,-221.74434780904258
7.74,-8.673259095346049,-7.114759522329447,11.985953146262627,-233.90239235509,179.81238444649824,-224.42380508291225
7.75,-9.147899708427794,-6.538281832038265,12.327423252979798,-231.24709368570376,181.75708726568595,-226.76833019754824
7.76,-9.56321024487432,-6.033863853033482,12.626209596357324,-148.5680804749908,188.6562012324752,-173.8960392978547
7.77,-9.92660696426503,-5.592498121404297,12.887647646812658,-76.22394391561696,194.6929259534158,-127.63278476062288
7.78,-10.2445790937319,-5.20630310622876,13.116405940961076,-12.922824426164844,199.9750600842388,-87.15243704054504
7.79,-10.522804707015412,-4.868382467950165,13.316569448340942,42.46565512710576,204.59692744870895,-51.732132785476914
7.8,-10.766252118638485,-4.572701909456395,13.491712517298325,90.93057473621754,208.64106139262032,-20.739366562292304
7.81,-10.979268603808674,-4.313981420774345,13.644962702636034,133.33737939419035,212.17967859354277,6.379303882994233
7.82,-11.165658028332588,-4.087600993177552,13.77905661480653,170.44333346991655,215.27596864434992,30.10814052261995
7.83,-11.328748774791014,-3.889518119030358,13.896388787955713,202.91104328617698,217.98522243880618,50.870872582292456
7.84,-10.121088927942138,-1.4545478541515633,10.258878564461249,231.32028937540485,220.3558195089554,69.0382631345059
7.85,-9.06438656194937,0.6760511276173822,7.076057118903593,256.17837970347927,222.43009194533596,84.93472986769265
7.86,-8.139771991705699,2.5403252366652094,4.291088354040644,277.92920874054437,224.24508032716895,98.84413825923107
7.87,-7.330734242742486,4.171565082082058,1.8542406847855635,296.9611841479763,225.8331951612728,111.0148706018272
7.88,-6.6228262123996755,5.598899946821801,-0.278001025812632,313.61416262947927,227.2227956411137,121.6642614015988
7.89,-6.003406685849717,6.847817953469075,-2.143712522586053,328.18551880079434,228.43869606097448,130.98247835139895
7.9,-5.461414600118502,7.940621209285441,-3.7762100822627964,340.93545545069503,229.50260892835266,139.1359181824741
7.91,-4.987171525103689,8.89682405812476,-5.204645446979947,352.09165001935816,230.43353268730857,146.2701780346648
7.92,-4.572208834465728,9.733501550859165,-6.4545263911074535,361.8533202669384,231.248090976395,152.5126554053317
7.93,-4.209116480157513,10.46559435700177,-7.548172217219022,334.63790473357113,180.50645485434563,135.84607360466524
7.94,-3.891410670137824,11.106175562376547,-8.505112315066645,310.82441614187474,136.10752324755245,121.26281452908208
7.95,-3.6134180863705962,11.666684117079479,-9.342434900683314,289.9876136241404,97.25845809160839,108.50246283794681
7.96,-3.370174575574272,12.157129102444543,-10.0750921630979,271.75541142112286,63.265526080157336,97.33715510820345
7.97,-3.157336503627488,12.586268464638975,-10.716167267710661,255.8022344934825,33.52171057013767,87.56751084467801
7.98,-2.9711031906740524,12.961765406559103,-11.277107984246829,241.8432046817972,7.495871998870463,79.01907211409325
7.99,-2.808149041839796,13.290325230739215,-11.767931111215976,229.62905359657253,-15.276736750988345,71.53918822483159
8.0,-2.6655641616098213,13.577815076896814,-12.19740134731398,218.94167139700096,-35.2027694071148,64.99428982172763
8.01,-1.9953756414085935,12.459665817284712,-11.707072553899732,209.59021197237587,-52.638047981225455,59.26750371901168
8.02,-1.4089606862325192,11.481285215124123,-11.278034859662265,201.4076849758289,-67.89391673357227,54.256565879135216
8.03,-0.8958476004534545,10.625202188233608,-10.902626877204481,194.24797385385028,-81.24280189187573,49.871995269243314
8.04,-0.4468736503967726,9.876129539704408,-10.574144892553921,187.983226622119,-92.92307640539127,46.0354959855879
8.05,-0.054021444097176075,9.220690972241357,-10.286723155984681,182.5015727943541,-103.14331660471737,42.678559112389415
8.06,0.2897242364149709,8.647182225711187,-10.035229136486597,177.70512569505985,-112.0860267791277,39.74123934834074
8.07,0.5905017068630996,8.145362072497289,-9.815171869425773,173.50823448317738,-119.91089818173674,37.17108455479815
8.08,0.8536819935052121,7.706269438435127,-9.622621760747553,169.8359546727802,-126.75766065901965,34.92219911044838
8.09,1.0839647443170606,7.322063383630736,-9.45414041565411,162.68083521368266,-71.6604535766422,49.942549846642336
8.1,1.285462151277428,6.985883085676894,-9.306719238697346,156.4201056869723,-23.45039737956192,63.085356740812045
8.11,1.4617723823677493,6.691725324967282,-9.177725708860178,150.94196735110074,18.73340179288332,74.58531277321055
8.12,1.6160438345717805,6.434337284346372,-9.064856370252656,146.14859630721315,55.64422606877291,84.64777430155924
8.13,1.751031355250308,6.209122748803076,-8.966095698971074,141.9543966438115,87.94119731017629,93.45242813886433
8.14,1.8691454358440196,6.012060030202692,-8.87968011159969,138.28447193833506,116.20104714640425,101.1565002465063
8.15,1.972495256363517,5.839630151427356,-8.804066472649728,135.07328782104318,140.9284157531037,107.89756334069301
8.16,2.8746785993180772,6.169573632498936,-7.843181163568512,132.26350171841278,162.56486328396574,113.79599354810638
8.17,3.6640890244033173,6.458274178436568,-7.002406518122449,129.80493887861118,181.49675487347002,118.95711997959309
8.18,4.354823146352903,6.710887156131997,-6.266728703357143,127.65369639378478,198.06216001428626,123.47310560714395
8.19,4.95921550305879,6.931923511615497,-5.6230106154375,125.77135921956169,212.55688951250048,127.42459303125096
8.2,5.488058815176442,7.12533032266356,-5.059757288507813,124.12431419211649,225.23977782343792,130.8821445273446
8.21,5.950796713279386,7.294561282330615,-4.5669106274443365,122.68314979310193,236.33730509550819,133.90750208642652
8.22,6.355692374119463,7.442638372039288,-4.135669799013795,121.42213094396419,246.04764145856967,136.55468995062319
8.23,6.70997607735453,7.572205825534376,-3.7583340741370703,120.31873945096866,254.54418577624847,138.87097933179527
8.24,7.019974317685214,7.685577347342579,-3.4281653148699363,119.35327189459758,261.9786620542174,140.89773254032085
8.25,7.291222777974562,7.784777428924756,-3.139267650511194,96.23098740777289,232.8538294224402,135.09364097278075
8.26,7.5285651807277425,7.8715775003091615,-2.8864821941972947,75.99898848180128,207.36960086963518,130.01506085118314
8.27,7.736239783136775,7.947527562770516,-2.6652949199226326,58.295989421576124,185.07090088593077,125.57130324478526
8.28,7.917955060244679,8.013983867424201,-2.471756054932303,42.80586524387911,165.5595384001894,121.68301533918711
8.29,8.076955927714094,8.072133133996177,-2.302409548065765,29.252006588394224,148.48709622516571,118.28076342178872
8.3,8.216081686749831,8.123013742246656,-2.1542313545575444,17.392380264844945,133.54870932202,115.30379299406513
8.31,8.337816725906102,8.167534274465824,-2.024575435237851,7.015207231739327,120.4776207817675,112.698943869807
8.32,8.444334885167839,8.206489740157597,-1.9111265058331197,-2.0648191722280895,109.04041830904656,110.41970088608113
8.33,7.139897649521859,6.381146147637898,-1.3388519426039798,-10.00984227569958,99.03286614541574,108.42536327532099
8.34,5.998515068331627,4.78397050418316,-0.8381116997784822,-16.96173749123713,90.27625800223878,106.68031786590588
8.35,4.999805309790173,3.386441816160265,-0.399963987306172,-23.04464580483249,82.61422587695893,105.15340313266765
8.36,4.125934271066401,2.163604214140232,-0.01658473889290052,-28.367190579228428,75.90994776733906,103.81735274108419
8.37,3.361297112183101,1.093621312372703,0.31887210346871203,-33.024417256824876,70.04370442142168,102.64830864844868
8.38,2.692239598160213,0.1573862733261152,0.612396840535123,-37.09949059972177,64.91074149374397,101.6253950673926
8.39,2.1068142733901865,-0.6618193858396492,0.8692309854682326,-40.665179774756545,60.41939893202598,100.73034568396854
8.4,1.594567114216413,-1.378624337609693,1.0939608622847037,-43.785157802911975,56.489474190522735,99.94717747347248
8.41,1.1463508499393613,-2.0058286704084813,1.2905995044991156,-65.68638845254799,51.847665041707394,107.19815478928842
8.42,0.7541616186969411,-2.554632461607421,1.462658316436726,-84.84996527097948,47.78608203649397,113.54275994062738
8.43,0.4109960413598235,-3.0348357789064933,1.613209776882135,-101.61809498710704,44.23219690693223,119.09428944804895
8.44,0.11072616118984555,-3.4550136815431816,1.7449423047718682,-116.29020848871866,41.1225474185657,123.95187776704284
8.45,-0.15200998395888515,-3.822669346350284,1.8602082666753845,-129.12830780262883,38.40160411624499,128.2022675461625
8.46,-0.38190411096402455,-4.144368053056498,1.9610659833409616,-140.36164470230023,36.02077872671437,131.92135860289218
8.47,-0.5830614720935214,-4.425854421424436,2.049316485423341,-150.1908144895127,33.937556510875076,135.17556327753067
8.48,-0.7863884130818313,-5.226199493746382,1.5302615497454235,-158.7913380533236,32.11473707201569,138.02299236783932
8.49,-0.9642994864466023,-5.926501432028084,1.0760884810272455,-166.31679617165815,30.51977006301373,140.5144928218594
8.5,-1.1199716756407772,-6.539265628024574,0.6786870458988399,-172.9015720252009,29.12417393013701,142.69455571912695
8.51,-1.25618484118568,-7.075434299521502,0.33096079016148483,-178.66325089705077,27.903027313869885,144.6021107542361
8.52,-1.37537136103747,-7.544581887081314,0.026700316391299217,-183.70471990991942,26.834524024636153,146.27122140995658
8.53,-1.4796595659077862,-7.95508602619615,-0.2395275981576132,-188.11600529617948,25.899583646556636,147.731693233712
8.54,-1.570911745169313,-8.314277147921631,-0.47247702338791153,-191.97588000915704,25.081510815737055,149.00960607949798
8.55,-1.650757402023149,-8.628569379431427,-0.6763077704644226,-195.35327038301241,24.36569708876992,150.12777981956071
8.56,-1.7206223517702552,-8.903575082002499,-0.8546596741563698,-227.73473658513586,35.91936057767368,110.12118259211564
8.57,-1.7817541827989731,-9.144205071752186,-1.0107175898868235,-256.0685195119939,46.02881613046447,75.11541001810119
8.58,-1.8352445349491013,-9.354756312783163,-1.1472682661509706,-280.86057957299465,54.87458973915641,44.48535901583854
8.59,-1.8820485930804636,-9.538988648685267,-1.2667501078820993,-302.5536321263703,62.61464164676186,17.684064388858726
8.6,-1.9230021439454057,-9.70019194259961,-1.3712967193968368,-321.53505311057404,69.38718706591663,-5.767068409748614
8.61,-1.9588365009522302,-9.841244824774657,-1.4627750044722323,-338.14379647175224,75.31316430767706,-26.286809608530035
8.62,-1.9901915633332012,-9.964666096677824,-1.5428185039132032,-352.67644691278315,80.49839439421743,-44.24158315746378
8.63,-2.017627242916551,-10.072659709593095,-1.6128565659240528,-365.39251604868525,85.03547071994024,-59.9520100127808
8.64,-0.6578489625519821,-9.227259370893957,-0.4589374951835461,-376.5190765425996,89.00541250494771,-73.6986335111832
8.65,0.5319570327670158,-8.487534074532212,0.5507416917143972,-386.2548169747746,92.47911156682926,-85.7269290722853
8.66,1.5730372786711388,-7.840274440215685,1.4342109802500977,-394.7735898529278,95.5185982459756,-96.25168768824963
8.67,2.483982493837247,-7.273922260188725,2.2072466077188357,-402.22751612131185,98.17814909022866,-105.46085147721843
8.68,3.281059557107591,-6.778364102665134,2.883652781753981,-408.7497016061478,100.50525607895008,-113.51886979256612
8.69,3.9785019874691425,-6.344750714831992,3.4755081840347337,-414.4566139053793,102.54147469408133,-120.56963581849536
8.7,4.5887641140354996,-5.965339000477994,3.993381661030392,-419.4501621672068,104.32316598232117,-126.73905609118343
8.71,5.122743474781062,-5.6333537504182445,4.446520953401594,-423.8195168963059,105.88214585953102,-132.1372988297855
8.72,5.58997541543343,-5.342866656615964,4.843017834226394,-427.64270228426767,107.24625325208964,-136.8607612260623
8.73,5.998803363504251,-5.088690449538968,5.189952604948095,-386.1792394987342,126.36422047057843,-148.0200405728045
8.74,6.35652781806622,-4.866286268346598,5.493520529329583,-349.8987095613924,143.09244178675613,-157.78441000120395
8.75,6.669536715807943,-4.671682609803273,5.759142463163385,-318.15324586621836,157.7296354384116,-166.32823325105346
8.76,6.94341950133195,-4.501404408577865,5.991561655267962,-290.3759651329411,170.53717988361015,-173.80407859467178
8.77,7.183066938665456,-4.352410982505631,6.194928448359467,-266.07084449132344,181.74378127315887,-180.3454432703378
8.78,7.392758446332274,-4.222041734692428,6.372874392314533,-244.803863929908,191.549557489014,-186.06913736154556
8.79,7.57623851554074,-4.107968642855874,6.528577093275216,-226.1952559386695,200.12961167788725,-191.07736969135237
8.8,7.736783576098148,-4.00815468749889,6.664816956615814,-209.9127239463358,207.63715909315135,-195.4595729799333
8.81,6.139018754085879,-3.904879226561529,6.702979462038837,-195.66550845304383,214.20626308150744,-199.29400085744166
8.82,4.740974534825144,-3.814513198241338,6.736371654283983,-183.19919489641333,219.95422907131902,-202.64912525026145
8.83,3.517685842972001,-3.735442923461171,6.765589822498485,-172.29117053436167,224.98369931240413,-205.58485909397876
8.84,2.4473082376005006,-3.6662564330285248,6.7911557196861745,-162.74664921756644,229.38448577335362,-208.1536262072314
8.85,1.5107278329004379,-3.6057182538999593,6.813525879725403,-154.39519306537062,233.2351739266844,-210.4012974313275
8.86,0.6912199787878832,-3.5527473471624647,6.833099769759728,-147.08766893219928,236.60452606084885,-212.36800975241155
8.87,-0.02584939356060212,-3.5063978037671566,6.850226923539762,-140.69358531567437,239.55270917824274,-214.0888830333601
8.88,-0.6532850943655268,-3.465841953296262,6.865213183097292,-135.09876215121508,242.13236940596238,-215.59464715419008
8.89,-1.202291332569836,-3.4303555841342295,6.878326160210131,-74.2601672573132,231.23394823021707,-193.15156638491632
8.9,-1.6826717909986064,-3.399305011117451,6.889800015183865,-21.02639672514904,221.69782970143993,-173.5138707118018
8.91,-2.103004692123781,-3.3721357597277697,6.899839638285882,25.55315249049459,213.35372598875992,-156.33088699782658
8.92,-2.470795980608308,-3.348362664761799,6.908624308500147,66.31025805418277,206.05263524016493,-141.29577624809826
8.93,-2.79261335803227,-3.3275612066665743,6.916310894937629,101.97272542240992,199.66418083514432,-128.140054342086
8.94,-3.0742035632782363,-3.309359930833253,6.9230366580704255,133.1773843696087,194.07428323075126,-116.62879767432524
8.95,-3.3205949928684566,-3.2934338144790964,6.928921700811623,160.4814609484076,189.18312282690735,-106.55644809003458
8.96,-3.1658454937598997,-3.5516579626692093,4.81261398821017,184.37252795485665,184.90335747354393,-97.74314220378025
8.97,-3.030439682039912,-3.777604092335558,2.960844739683899,205.27721158549957,181.15856278935092,-90.03149955330771
8.98,-2.911959596784923,-3.9753069557936134,1.3405466472234113,223.56880976231213,177.88186744068204,-83.28381223414424
8.99,-2.808289522186808,-4.148296961319412,-0.07721418367951505,239.5739581670231,175.01475901059678,-77.3795858298762
9.0,-2.7175782069134566,-4.299663216154485,-1.3177549107195756,253.5784630211452,172.50603913427219,-72.21338772614168
9.01,-2.6382058060492746,-4.432108689135174,-2.4032280468796285,265.8324047685021,170.31090924248815,-67.69296438537397
9.02,-2.568754955293115,-4.547998477993278,-3.353017041019675,276.5546037974393,168.39017058717712,-63.737593962202226
9.03,-2.507985460881476,-4.649402043244118,-4.184082410892215,285.9365279477594,166.70952426377997,-60.276644841926945
9.04,-2.454812153271291,-4.738130162838603,-4.911264609530688,288.8432137042895,176.81083248080748,-27.161438236686077
9.05,-2.40828550911238,-4.8157672674837775,-5.547549033339352,291.3865637412533,185.64947717070655,1.8143675428996815
9.06,-2.3675746954733325,-4.883699734048305,-6.104297904171933,293.6119950235967,193.38329127436822,27.16819760003722
9.07,-2.3319527335391657,-4.943140642292266,-6.591453166150441,295.55924739564716,200.15037861507219,49.35279890003257
9.08,-2.30078351684677,-4.995151437005733,-7.017714020381636,297.2630932211913,206.07158003818816,68.7643250375285
9.09,-2.2735104522409237,-5.040660882380016,-7.3906922678339315,298.75395831854235,211.25263128341464,85.74941040783743
9.1,-2.249646520710808,-5.080481647082514,-7.71704823435469,300.0584652787245,215.7860511229878,100.61136010685775
9.11,-2.228765580621957,-5.115324816197199,-8.002609705060353,301.1999088688839,219.75279348261432,113.61556609350052
9.12,-0.5164862580442122,-3.2089980891725487,-7.221448866927809,302.1986720102734,223.22369304728753,124.99424633181295
9.13,0.9817581492113143,-1.54096220302598,-6.537933133561833,303.07258975898924,226.2607301663766,134.95059154033632
9.14,2.2927220055599,-0.08143080264773239,-5.939856866866604,303.8372677891156,228.91813764557952,143.66239359779428
9.15,3.4398153798649127,1.1956591726832342,-5.416540133508279,304.5063610654761,231.2433691898821,151.28522039806998
9.16,4.443522082381799,2.31311290109783,-4.958637991819744,305.09181768229155,233.27794679114683,157.95519384831124
9.17,5.321765447084074,3.290884913460601,-4.5579736178422765,305.6040922220051,235.05820219225348,163.79142061727234
9.18,6.090228391198565,4.146435424278026,-4.207392290611992,306.0523324442545,236.6159256682218,168.8981190401133
9.19,6.762633467298745,4.895042121243273,-3.900633629285493,306.4445426387226,237.97893370969408,173.36648016009914
9.2,7.3509879088864025,5.550072981087864,-3.6322198006248065,264.75272480888225,221.96906762098232,167.11754576508676
9.21,7.865798045275602,6.123224983451881,-3.3973577005467055,228.27238420777198,207.96043479335952,161.64972816945092
9.22,8.316256914616151,6.624732985520396,-3.1918533629783674,196.3520861818005,195.70288106918957,156.86538777326956
9.23,8.710408425289133,7.063552487330346,-3.0120370676060713,168.42182540907544,184.97752156054088,152.67908992661089
9.24,9.055290997127992,7.447519551414053,-2.8546978091553123,143.98284723294103,175.59283199047326,149.01607931078453
9.25,9.357063247486993,7.783490732487296,-2.7170259580108986,122.5987413288234,167.3812286166641,145.81094502193648
9.26,9.62111396655112,8.077465515926384,-2.5965630882595363,103.88764866272047,160.1960756645811,143.00645251919443
9.27,9.85215834573223,8.334693451435587,-2.4911580772270945,87.5154425798804,153.90906683150845,140.55252157929513
9.28,8.4196498025157,7.875668770006139,-2.2131194425737077,73.18976225739534,148.4079341025699,138.40533200688324
9.29,7.166204827201238,7.474022173755372,-1.9698356372519943,60.654791975220924,143.59444296474865,136.52654113102284
9.3,6.069440473801083,7.12258140203595,-1.756962307595495,49.68669297831831,139.38263821915507,134.882599114645
9.31,5.109771664575948,6.815070726781456,-1.5706981441460581,40.089606356028526,135.69730906676068,133.44414985031437
9.32,4.270061456503956,6.545998885933773,-1.4077170011278008,31.69215556152496,132.4726460584156,132.18550674402508
9.33,3.535315024440961,6.310561025192052,-1.265108500986826,24.344386116334338,129.65106592611363,131.08419402602195
9.34,2.8924118963858407,6.104552897043045,-1.1403260633634726,17.915087851792546,127.18218331034942,130.1205453977692
9.35,2.3298716593376105,5.9242957849126645,-1.0311414304430386,12.289451870318477,125.02191102155574,129.27735284804805
9.36,1.8376489519204093,5.766570811798581,-0.9356048766376588,-14.849229238471333,115.33979714386126,126.35643361704204
9.37,1.4069540829303582,5.628561460323758,-0.8520103920579514,-38.59557520866242,106.86794750087861,123.80062928991178
9.38,1.0300960725640633,5.507803277783288,-0.7788652180507074,-59.373627932579616,99.45507906326878,121.56430050367281
9.39,0.7003453134935553,5.4021398680603765,-0.7148631907943689,-77.55442406600716,92.96881918036019,119.6075128157137
9.4,0.41181339930686095,5.309684384552829,-0.6588614169450727,-93.46262068275627,87.29334178281516,117.89532358874949
9.41,0.15934797439350334,5.228785836483725,-0.6098598648269385,-107.38229272241173,82.32729905996328,116.3971580151558
9.42,-0.06155927240568457,5.157999606923259,-0.5669835067235712,-119.56200575711026,77.98201167746788,115.08626313826132
9.43,-0.25485311335497396,5.096061656057851,-0.5294666933831248,-130.21925466247149,74.1798852177844,113.93923012097865
9.44,-0.5382134741856022,4.11773932405062,-0.8586753567102342,-139.54434745466256,70.85302456556136,112.93557623085631
9.45,-0.7861537899124019,3.261707283544293,-1.146732937121455,-147.70380364782974,67.9420214948662,112.05737907699927
9.46,-1.0031015661733518,2.5126792481012563,-1.3987833199812731,-154.84332781685103,65.39489380800792,111.28895656737436
9.47,-1.1929308704016828,1.8572797170885993,-1.619327404983614,-161.09041146474465,63.16615708200693,110.61658687145255
9.48,-1.3590315116014726,1.2838051274525246,-1.812303479360662,-166.55660965665157,61.21601244675607,110.02826338752098
9.49,-1.5043695726512887,0.7820148615209591,-1.9811575444405793,-171.33953307457014,59.50963589091156,109.51348033908086
9.5,-1.6315403760698777,0.3429483788308393,-2.128904851385507,-175.52459106524887,58.016556404547615,109.06304517169575
9.51,-1.742814829061143,-0.04123479352301562,-2.2581837449623188,-179.18651680709277,56.710111853979164,108.66891440023377
9.52,-1.8401799754285002,-0.37739506933263867,-2.371302776842029,-182.39070183120617,55.566972872231766,108.32404997520455
9.53,-1.9253744784999378,-0.6715353106660589,-2.4702819297367755,-209.9524881023054,61.19485113820279,72.94354422830398
9.54,-1.9999196686874456,-0.9289080218328015,-2.556888688519679,-234.06905108951725,66.11924462092745,41.98560169976598
9.55,-2.065146710101515,-1.1541091441037015,-2.6326696024547194,-255.1710437033276,70.42808891831152,14.897401987295229
9.56,-2.1222203713388255,-1.3511601260907389,-2.6989779021478797,-273.6352872404117,74.19832767852257,-8.804772761116675
9.57,-2.172159824921472,-1.5235797353293963,-2.7569976643793948,-289.7915003353602,77.49728659370726,-29.544175665977093
9.58,-2.2158568468062882,-1.6744468934132217,-2.8077649563319707,-303.9281867934402,80.38387564449386,-47.691153207729954
9.59,-2.254091740955502,-1.8064556567365688,-2.8521863367904743,-316.29778744426017,82.90964106393213,-63.569758556763716
9.6,-2.2875472733360644,-1.9219633246444978,-2.891055044691665,-327.12118801372765,85.11968580594062,-77.46353823716825
9.61,-1.6415799891690566,-3.2715806590639356,-1.222718039105207,-336.5916635120117,87.05347495519804,-89.62059545752223
9.62,-1.0763586155229246,-4.452495826680943,0.23707684078294378,-344.8783295730102,88.7455404607983,-100.25802052533196
9.63,-0.581789913582559,-5.485796598345825,1.5143973606850758,-352.129162376384,90.22609777819851,-109.56576745966547
9.64,-0.14904229938473912,-6.389934773552596,2.632052815599441,-358.47364107933595,91.5215854309237,-117.71004602720728
9.65,0.22961186303835326,-7.181055676858522,3.610001338649511,-364.025059944419,92.65513712705824,-124.83628977380639
9.66,0.5609342551585591,-7.873286467251207,4.465706296318322,-368.8825514513667,93.64699486117597,-131.0717530520806
9.67,0.8508413482637391,-8.478988408844806,5.214448134278531,-373.1328565199459,94.51487037852898,-136.52778342057053
9.68,1.1045100547307718,-9.008977607739205,5.869597242493715,-376.8518734549526,95.27426145621287,-141.3018099929992
9.69,1.3264701728894253,-9.472718156771805,6.442852712182001,-340.75288964808357,123.28247914918626,-150.45783349387432
9.7,1.520685276278247,-9.87849113717533,6.94445124815925,-309.16627881707313,147.789669630538,-158.46935405714004
9.71,1.6906234917434662,-10.233542495028413,7.383349967139344,-281.52799433993897,169.23346130172075,-165.47943454999753
9.72,1.839319430275533,-10.54421243314986,7.7673863462469255,-257.3444954224466,187.99677901400565,-171.61325498124785
9.73,1.9694283764910914,-10.816048629006128,8.10341817796606,-236.18393386964078,204.41468201225496,-176.98034785859187
9.74,2.083273704429705,-11.053905300380361,8.397446030720301,-217.66844251093568,218.78034713572308,-181.6765541262679
9.75,2.182888366375992,-11.262029887832815,8.654720401880263,-201.46738757206873,231.3503041187577,-185.78573461048438
9.76,0.47948832057899304,-10.303997401853714,8.798967226645232,-187.29146450056015,242.34901647891297,-189.38126753417384
9.77,-1.010986719493381,-9.465718976622,8.925183198314578,-174.88753181299015,251.97288979404885,-192.52735884240212
9.78,-2.315152379556708,-8.73222535454425,9.035622173525255,-164.0340907113664,260.39377894479276,-195.28018873710187
9.79,-3.4562973321121198,-8.09041843522622,9.132256276834598,-154.5373297474456,267.7620569516937,-197.6889148949641
9.8,-4.454799165598105,-7.528837380822941,9.216811117230273,-146.2276639040149,274.209300207732,-199.7965502830936
9.81,-5.328488269898342,-7.037453958220073,9.290796602576489,-138.95670629101303,279.8506380567655,-201.6407312477069
9.82,-6.092966236161049,-6.607493463442564,9.355533902254427,-132.59461837963642,284.7868086746698,-203.25438959174352
9.83,-6.761884456640917,-6.231278030512243,9.412179039472624,-127.02779145718188,289.1059579653361,-204.66634064277557
9.84,-7.347187899560803,-5.902089526698212,9.461743534538547,-69.24556740003415,249.69083821966908,-168.50867293742863
9.85,-7.859328412115703,-5.614049585860935,9.50511246772123,-18.68612135002988,215.20260844221045,-136.87071369525006
9.86,-8.30745136060124,-5.362014637628318,9.543060284256075,25.553393943723858,185.02540738693415,-109.1874993583438
9.87,-8.699558940526085,-5.141484057924778,9.576264623724066,64.26296982575838,158.6203564635674,-84.96468681355083
9.88,-9.042653072960324,-4.94851980068418,9.605318420758557,98.13384872253857,135.5159369056215,-63.76972583685698
9.89,-9.342860438840283,-4.779676075598657,9.630740493163739,127.77086775722125,115.2995697924188,-45.22413498224985
9.9,-9.605541883985246,-4.631937816148825,9.65298480651827,153.7032594125686,97.61024856836644,-28.99674298446862
9.91,-9.835388148487091,-4.502666839130221,9.672448580703486,176.39410211099755,82.13209249732064,-14.797774986410044
9.92,-9.659895004926206,-3.405376109238943,8.54284513311555,196.24858947212283,68.58870593515556,-2.3736779881087884
9.93,-9.506338504310431,-2.445246720584075,7.554442116476107,213.6212659131075,56.73824269326112,8.49740688540481
9.94,-9.371976566271627,-1.6051335055110658,6.689589476916593,228.82235779896905,46.36908735660349,18.00960614972921
9.95,-9.254409870487674,-0.8700344423221825,5.932843417302019,242.12331319909794,37.296076437028056,26.33278050601306
9.96,-9.151539011676714,-0.22682276203190965,5.270690615139267,253.76164917421067,29.35719188239955,33.61555806776143
9.97,-9.061527010217125,0.3359874582220791,4.691306913246859,263.94519315243434,22.410667897099607,39.98798843429125
9.98,-8.982766508939983,0.8284464009443192,4.184346174091001,272.8557941333801,16.332459409962155,45.56386500500484
9.99,-8.913851070322485,1.2593479758262793,3.740755527329626,280.65256999170754,11.014026983716885,50.44275700437923
10.0,-8.853550061532173,1.6363868538479944,3.3526137114134227,281.6735003677441,15.162898735752275,58.98178687883183
10.01,-8.800786678840652,1.9662958721169952,3.012989622486745,282.5668144467761,18.79316151878324,66.45343801897785
10.02,-8.75461871898557,2.254966263102371,2.715818544675902,283.3484642659291,21.969641453935335,72.99113276660562
10.03,-8.714221754112375,2.5075528552145747,2.455793851591414,284.032407857688,24.74906139719342,78.7116156707799
10.04,-8.678874409848328,2.728566123312753,2.2282722451424872,284.63085850047696,27.18105384754424,83.71703821193242
10.05,-8.647945483617287,2.921952732898659,2.0291908394996763,285.15450281291737,29.309047241601213,88.09678293544087
10.06,-8.620882673165125,3.091166016286327,1.8549946095622167,285.61269158630273,31.171041461401064,91.92905956851077
10.07,-8.597202714019485,3.239227639250536,1.7025729083669396,286.0136067630149,32.80028640372593,95.28230162244692
10.08,-5.7842683747670485,3.747913059344219,-0.5195864551789275,286.364407542638,34.225875728260185,98.21638841964106
10.09,-3.322950827921167,4.193012801926192,-2.4639758982815616,286.6713582248083,35.47326638722766,100.78371436718594
10.1,-1.1692979744310208,4.582475076685418,-4.165316660996366,286.93994007170727,36.564733213824205,103.0301245712877
10.11,0.7151482723728568,4.9232545670997405,-5.65398982837182,287.1749491877439,37.51976668709618,104.99573349987674
10.12,2.3640387383262498,5.221436621212273,-6.956578849825343,287.3805821642759,38.35542097620915,106.71564131239215
10.13,3.8068178960354686,5.482345918560739,-8.096344243597175,287.5605110187414,39.08661847918301,108.22056064834314
10.14,5.069249659031035,5.710641553740647,-9.093638963147528,287.71794876639876,39.72641629428513,109.53736506730024
10.15,6.173877451652156,5.910400234523067,-9.966271842754088,287.8557067955989,40.28623938249949,110.68956893388771
10.16,7.140426770195637,6.085189080207684,-10.729825612409828,250.39936844614903,71.06858620968706,113.53087281715175
10.17,7.986157423921182,6.238129320181724,-11.3979351608586,217.62507239038038,98.00313968347618,116.01701371500778
10.18,8.726171745931033,6.371952030159008,-11.982531015751276,188.94756334158282,121.57087397304164,118.1923870006318
10.19,9.373684277689653,6.489046901389132,-12.494052388782366,163.85474292388497,142.19264147641144,120.09583862555282
10.2,9.940257742978448,6.591504913715491,-12.941633590184571,141.89852505839934,160.23668804186002,121.76135879735871
10.21,10.436009525106142,6.681155674501055,-13.3332671414115,122.68683442609942,176.02522878662754,123.21868894768886
10.22,10.869792334467874,6.759600090188424,-13.675946498735064,105.876605122837,189.8402019382991,124.49385282922775
10.23,11.24935229265939,6.828238953914871,-13.975790936393182,91.16765448248239,201.9283034460117,125.60962122557427
10.24,11.255597756076966,7.233741084675513,-11.347275069344034,78.2973226721721,212.50539226526024,126.58591857237748
10.25,11.261062536567346,7.588555449091073,-9.04732368567603,67.0357823381506,221.7603449821027,127.44017875083028
10.26,11.265844219496428,7.899018017954688,-7.034866224966526,57.18193454588177,229.85842860933988,128.18765640697652
10.27,11.270028192059375,8.170672765710352,-5.27396594684571,48.559817727646546,236.9442517831724,128.84169935610444
10.28,11.273689168051954,8.408370669996557,-3.7331782034899965,41.01546551169073,243.14434706027586,129.41398693659139
10.29,11.27689252204546,8.616356336246987,-2.384988928053747,34.41415732272939,248.5694304277414,129.91473856951745
10.3,11.279695456789778,8.798343794216114,-1.2053233120470286,28.638012657388217,253.31637837427374,130.35289624832777
10.31,11.282148024691056,8.9575828199391,-0.17311589804115002,23.58388607521469,257.4699578274895,130.7362842172868
10.32,11.284294021604675,9.096916967446713,0.7300655892139938,13.657775190812854,217.81371297405332,120.87362394012595
10.33,11.28617176890409,9.218834346515873,1.5203493905622447,4.972428166961247,183.11449872729665,112.24379619761021
10.34,11.287814797791079,9.325512053201388,2.211847716741964,-2.627250478908909,152.75268626138455,104.69269692290894
10.35,11.289252448067195,9.418855046551213,2.8169087521492187,-9.276969294045296,126.1861003537115,98.08548505754533
10.36,11.290510392058795,9.500530165732311,3.3463371581305665,-15.095473257289633,102.94033768449756,92.30417467535216
10.37,11.291611093051447,9.571995895015771,3.8095870133642458,-20.186664225128432,82.60029534893538,87.24552809093313
10.38,11.292574206420017,9.634528408138799,4.214930636693715,-24.641456321987377,64.80275830531846,82.8192123295665
10.39,11.293416930617516,9.689244357121447,4.569606307107001,-28.53939940673895,49.22991339215366,78.94618603837068
10.4,11.294154314290328,9.737120812481265,4.879947518718627,-31.950099605896582,35.60367409313446,75.55728803357435
10.41,9.285857775004038,8.201776210921107,3.387352953878799,-34.93446228015951,23.68071470649265,72.59200227937757
10.42,7.5285983031285335,6.858349684555968,2.081332709643949,-37.54577962013957,13.248125243181068,69.99737724445538
10.43,5.990996265237467,5.682851473986472,0.9385649959384555,-39.83068229262212,4.119609462783435,67.72708033889846
10.44,4.645594482082783,4.654290539738162,-0.061356753553851395,-41.82997213104436,-3.8678418450644942,65.74057054653615
10.45,3.4683679218224346,3.7542997222708916,-0.93628828435962,-43.57935073966381,-10.856861739431432,64.00237447821912
10.46,2.4382946815946305,2.9668077569870297,-1.7018533738146675,-45.11005702220583,-16.972254147002502,62.48145291844173
10.47,1.5369805963953018,2.2777522873636507,-2.371722827087834,-46.4494250194301,-22.32322250362719,61.15064655363652
10.48,0.748330771845889,1.6748287514431943,-2.9578585987018546,-73.49512151700134,-15.617194815673791,68.24619148443196
10.49,0.05826217536515299,1.1472706575127951,-3.4707273988641227,-97.16010595237617,-9.749420588714568,74.45479329887797
10.5,-0.545547846555491,0.6856573253236957,-3.919487599006107,-117.86696733332914,-4.615118140125246,79.88731988651821
10.51,-1.0738816157360547,0.2817456596582337,-4.312152774130344,-135.985471041663,-0.12260349760959066,84.64078065070345
10.52,-1.536173663769048,-0.07167704779904549,-4.6557348023640515,-151.83916178645512,3.8083468145916077,88.80005881936552
10.53,-1.9406792057979168,-0.3809219168241648,-4.956369077068545,-165.71114118814822,7.247928337767656,92.43942721694484
10.54,-2.294621555073177,-0.6515111772211442,-5.219424067434977,-177.84912316462967,10.257562170546699,95.62387456482674
10.55,-2.6043211106890296,-0.8882767800685012,-5.449597184005604,-188.46985739405096,12.890991774228361,98.41026599422338
10.56,-2.171817596852901,-1.6847045575599386,-4.915911161004904,-197.7629998447946,15.195242677449816,100.84835849494544
10.57,-1.7933770222462886,-2.3815788628649464,-4.448935890879291,-205.89449948919525,17.211462217768588,102.98168943307726
10.58,-1.4622415194655025,-2.9913438800068284,-4.04033252951938,-213.00956167804583,18.975654315547516,104.8483540039426
10.59,-1.1724979545323146,-3.524888270005975,-3.6828045883294576,-219.23524109329009,20.519322401104077,106.48168550344977
10.6,-0.9189723352157754,-3.9917396112552286,-3.3699676397882756,-224.6827105816288,21.870031975966064,107.91085056551856
10.61,-0.6971374183138035,-4.400234534848325,-3.0962353098147415,-229.4492463839252,23.051902853970304,109.16136999482873
10.62,-0.5030318660245781,-4.757667592992284,-2.856719521087899,-233.61996521093457,24.086039872224013,110.25557449547514
10.63,-0.3331895077715058,-5.070421518868248,-2.6471432059519118,-237.26934418456773,24.99090976319601,111.21300343354076
10.64,-0.1845774443000676,-5.344081204009717,-2.463763930207923,-251.68442516149676,45.006420667796505,77.37450325434817
10.65,-0.05454188876255914,-5.583533428508502,-2.303307063931933,-264.2976210163097,62.51999270932194,47.76581559755465
10.66,0.05923922233276076,-5.7930541249449385,-2.1629073059404416,-275.334167389271,77.8443682456567,21.858213897860317
10.67,0.15879769454116566,-5.976384734326821,-2.0400575176978863,-284.99114546561214,91.25319683994961,-0.810937589372223
10.68,0.24591135772351994,-6.136799017535968,-1.9325639529856506,-293.44100128241064,102.98592185995591,-20.646445140700695
10.69,0.3221358130080799,-6.2771615153439715,-1.8385070838624442,-300.83462512210934,113.25205625246143,-38.00251424811311
10.7,0.3888322113820699,-6.399978700925975,-1.7562073233796387,-307.3040459818457,122.23492384590375,-53.18907471709897
10.71,0.44719155995931115,-6.5074437383102275,-1.6841950329571838,-312.964789234115,130.09493299016577,-66.4773151274616
10.72,1.7560853649643975,-5.743142396021449,-0.4733499038375357,-317.91793957985067,136.97244099139505,-78.1045254865289
10.73,2.901367444343848,-5.074378721518769,0.5861395841421562,-322.25194613236937,142.99026049247067,-88.27833455071278
10.74,3.903489263800867,-4.489210506328923,1.5131928861243866,-326.0442018658232,148.25585255591182,-97.18041748187369
10.75,4.780345855825758,-3.977188318037807,2.3243645253588383,-329.3624256325953,152.86324561142283,-104.96974004663947
10.76,5.547595373847539,-3.529168903283081,3.0341397096889837,-332.26587142852094,156.89471453499496,-111.78539729080954
10.77,6.2189387021165965,-3.1371519153726957,3.6551929959778606,-334.80638649995586,160.42224984312057,-117.74909737945835
10.78,6.806364114352022,-2.7941370509511088,4.198614621480628,-337.0293371874614,163.50884323773047,-122.96733495702605
10.79,7.32036135005802,-2.49399904458222,4.674108543795549,-338.97441903902876,166.20961245801416,-127.5332928373978
10.8,7.770108931300768,-2.2313782890094425,5.090165725821106,-285.22761615915016,206.1190337757624,-139.16288173272306
10.81,8.163638064888172,-2.001585127883262,5.454215760093468,-238.1991636392564,241.03977742879212,-149.33877201613268
10.82,8.50797605677715,-1.8005161118978545,5.772759540081784,-197.04926768434936,271.5954281251931,-158.24267601411609
10.83,8.809271799680005,-1.6245807229106228,6.051485347571561,-161.0431087238057,298.33162248454397,-166.03359201235156
10.84,9.072905574720004,-1.4706372575467952,6.295370429125116,-129.53771963332997,321.72579254897596,-172.8506435108076
10.85,9.303585127880003,-1.335936725353446,6.508769875484477,-101.97050417916373,342.195691355354,-178.81556357195663
10.86,9.505429736895003,-1.2180737596842655,6.695494391048918,-77.84919065676826,360.1068528109347,-184.03486862546205
10.87,9.682043769783128,-1.1149436647237323,6.858878342167803,-56.74304132467222,375.77911908456787,-188.6017605472793
10.88,6.246695423560238,0.22914816836673424,4.7379732993968275,-38.27516065908819,389.49235207399687,-192.59779097886937
10.89,3.2407656206152082,1.4052285223208925,2.882181386972224,-22.115765076702168,401.49143093974726,-196.09431760651069
10.9,0.6105770430383073,2.434298832030781,1.2583634636006962,-7.976293942114397,411.99062494727883,-199.15377840569684
10.91,-1.6908379623414813,3.3347353530269332,-0.16247721934939086,4.395743300649903,421.17741970386896,-201.83080660498473
10.92,-3.7045760920487965,4.122617308898567,-1.405712816930717,15.221275888068664,429.2158651158853,-204.17320627936164
10.93,-5.4665969555426965,4.812014020286246,-2.4935439648143776,24.693616902060082,436.24950485139965,-206.22280599444142
10.94,-7.008365211099859,5.415236142750465,-3.44539621921258,32.98191528930257,442.40393961997466,-208.01620574513623
10.95,-8.357412434712376,5.943055499906657,-4.278266941811008,40.23417637813975,447.7890700424778,-209.5854305269942
10.96,-9.53782875537333,6.404897437418325,-5.007028824084632,61.10927958087228,373.7116869121681,-178.99037671111992
10.97,-10.570693035951663,6.809009132741034,-5.644695471074053,79.37499488326324,308.89397667314705,-152.21970462222993
10.98,-11.474449281457705,7.162606866148405,-6.202653787189797,95.35749577285533,252.17848021400368,-128.79536654445118
10.99,-12.265235996275491,7.472004882879854,-6.690867313791072,109.34218405124841,202.55242081225322,-108.29907072639479
11.0,-12.957174371741054,7.742728147519872,-7.118054149567188,121.57878629484236,159.12961883572154,-90.36481188559544
11.01,-13.562620450273423,7.979611004079889,-7.4918426308712895,132.28581325798706,121.13466710625636,-74.67233539989601
11.02,-14.092385768989244,8.186883503569902,-7.818907552012378,141.6544618507387,87.88908434297431,-60.94141847490901
11.03,-14.555930422865588,8.368246940623663,-8.105089358010831,149.85202936939635,58.79919942510252,-48.92686616554538
11.04,-13.07304924500739,6.157071198045705,-6.344966563259478,157.02490094822178,33.345550121964706,-38.4141328948522
11.05,-11.775528214381467,4.222292423289992,-4.804859117852043,163.30116357969405,11.073606981719117,-29.21549128299568
11.06,-10.640197312583783,2.5293609953787426,-3.4572651031205375,168.7928933822323,-8.414343265995772,-21.166679872621216
11.07,-9.646782773510811,1.0480459959564,-2.2781203402304704,173.59815695945326,-25.4662997327463,-14.123969888543565
11.08,-8.77754505182196,-0.24810462853815007,-1.2463686727016614,177.8027625895216,-40.386761641153015,-7.961598652475619
11.09,-8.016962045344215,-1.3822364249708814,-0.34358596361395366,181.4817925158314,-53.442165811008884,-2.5695238209161673
11.1,-7.351451914676188,-2.374601746849521,0.44634890683779055,184.70094370135246,-64.86564445963278,2.1485416566983533
11.11,-6.769130550341664,-3.242921403493331,1.1375419184830666,187.51770098868337,-74.86118827717868,6.276848949611059
11.12,-6.259599356548956,-4.002701103056665,1.7423358036726833,189.98236361509794,-83.60728911753134,9.889117830909676
11.13,-5.813759561980337,-4.667508340174582,2.271530453213598,206.04706803821068,-74.84950297783992,35.108604227045966
11.14,-5.423649741732795,-5.2492146726527595,2.7345757715618983,220.10368440843433,-67.18644010560992,57.17565482366522
11.15,-5.082303649016196,-5.7582077135711645,3.1397404251166607,232.40322373238007,-60.48126009240868,76.48432409570707
11.16,-4.783625817889171,-6.203576624374769,3.494259496977078,243.1653206408326,-54.6142275808576,93.37940970874368
11.17,-4.5222827156530245,-6.593274421327923,3.804463684854943,252.5821554357285,-49.48057413325041,108.16260962015072
11.18,-4.293607501196396,-6.934259993661933,4.075892349248075,260.82188588126246,-44.98862736659411,121.09790954263187
11.19,-4.093516688546846,-7.232622369454192,4.313392430592066,268.03165002110467,-41.058173945769845,132.4162969748029
11.2,-3.9184372274784907,-7.493689448272418,4.521205001768058,274.3401936434666,-37.619027202548615,142.31988597795254
11.21,-3.135043824043679,-5.9730857672383655,2.2233672515470504,279.8601693130333,-34.60977380223004,150.9855263557085
11.22,-2.4495745960382194,-4.6425575463335695,0.2127592201036692,284.6901480239041,-31.97667707695128,158.56796168624493
11.23,-1.849789021533442,-3.478345353041873,-1.5465228074092894,288.91637939591607,-29.672717442332367,165.20259260046433
11.24,-1.3249766438417616,-2.4596596839116387,-3.085894581483128,292.6143318464266,-27.65675276204082,171.00789465040629
11.25,-0.8657658133615413,-1.5683097234226837,-4.432844883797737,295.8500402406233,-25.892783666785718,176.0875339441055
11.26,-0.46395633669134867,-0.7883785079948483,-5.61142639832302,298.68128508554537,-24.349310708437503,180.53221832609233
11.27,-0.11237304460493008,-0.1059386944954922,-6.642685223532642,301.1586243248522,-22.998771869882813,184.4213171603308
11.28,0.19526233597068618,0.4911961423164444,-7.545036695591062,303.3262961592457,-21.81705038614746,187.82427864028946
11.29,0.4644432939743504,1.0136891245268889,-8.334594233642179,274.41425913934,15.656332412120971,183.50436943525327
11.3,0.6999766322275567,1.4708704839610278,-9.025457079436906,249.1162267469225,48.44554236060585,179.7244488808466
11.31,0.9060683031991121,1.8709041734658993,-9.629962069507293,226.98044840355718,77.13610106553011,176.41701839574077
11.32,1.086398515299223,2.220933651782662,-10.158903935818882,207.61164235311253,102.24033993233886,173.52301672127317
11.33,1.2441874508868203,2.5272094453098295,-10.621728068841522,190.66393705897346,124.2065489407965,170.99076525611403
11.34,1.3822527695259679,2.795200764646101,-11.026699185236332,175.83469492660177,143.42698182319694,168.77504522409978
11.35,1.503059923335222,3.0296931690653386,-11.38104891208179,162.85910806077655,160.24486059529733,166.8362901960873
11.36,2.209890432918319,4.125336147932171,-8.495706923071566,151.50546955317947,174.96050452088517,165.1398795465764
11.37,2.8283671288035293,5.08402375444065,-5.97103268268762,141.57103585903204,187.8366929557745,163.65552022825435
11.38,3.369534237703088,5.9228754101355685,-3.7619427223516677,132.87840637665303,199.1033578363027,162.35670582472255
11.39,3.843055457990202,6.656870608868623,-1.828989007057709,125.2723555795714,208.96168960676488,161.22024322163222
11.4,4.257386525741427,7.299116407760045,-0.13765450617549546,118.61706113212497,217.58772990591928,160.22583844392818
11.41,4.619926210023748,7.861081481790039,1.3422631820964415,112.79367849060935,225.13551516767936,159.35573426343714
11.42,4.93714843377078,8.352800921566285,2.637191159334386,107.69821867928317,231.73982727171943,158.5943931055075
11.43,5.214717879549433,8.7830554313705,3.770253139417588,103.23969134437277,237.5186003627545,157.92821959231904
11.44,5.457591144605754,9.159528127449187,4.761682371990389,75.03973017632617,209.90252531741018,140.08156714327916
11.45,5.6701052515300345,9.488941736518038,5.6291829504915905,50.364764154285396,185.7384596527339,124.46574625036926
11.46,5.856055095088781,9.777178644453283,6.388245956680142,28.774168884999717,164.59490219614216,110.8019029690731
11.47,6.018761208202684,10.029385938896622,7.052426087095124,9.882398024374753,146.09428942162438,98.84604009793895
11.48,6.161129057177349,10.250067321534544,7.6335837012082335,-6.647901478672091,129.90625324392133,88.38466008569658
11.49,6.285700925030181,10.443163531342726,8.142096613557204,-21.11191354383808,115.74172158843116,79.2309525749845
11.5,6.394701309401408,10.612122714924887,8.587045411862555,-33.76792410085832,103.34775638987728,71.22145850311144
11.51,6.490076645726233,10.759962000559277,8.976375610379735,-44.84193333825103,92.50303684114262,64.2131511902225
11.52,5.044736565010453,8.843331375489367,7.305221159082269,-54.53169142096966,83.0139072359998,58.08088229144469
11.53,3.7800639943841463,7.166279578553196,5.842961014196986,-63.010229743348454,74.71091883149982,52.715147005014096
11.54,2.673475495086128,5.698859256234047,4.563483387422362,-70.4289507754299,67.44580397756235,48.02012862938733
11.55,1.705210558200362,4.414866474204792,3.443940463994567,-76.92033167850116,61.08882848036705,43.91198755071391
11.56,0.8579787384253168,3.2913727899291927,2.4643404059952463,-82.60028996868851,55.526474920321164,40.31736410687467
11.57,0.11665089612215218,2.3083158161880437,1.6071903552458409,-87.57025347260246,50.659415555281015,37.172068593515334
11.58,-0.5320109658931169,1.4481409641645384,0.8571840608401108,-91.91897153852716,46.40073861087088,34.41993501932591
11.59,-1.0995900951564774,0.6954879686439711,0.20092855323509695,-95.72409984621127,42.67439628451202,32.01181814191017
11.6,-1.5962218332619178,0.03691659756347476,-0.37329501591929015,-113.43858699043486,41.24697174894802,39.6872159991714
11.61,-2.0307746041041783,-0.5393333521319595,-0.8757406389293789,-128.9387632416305,39.99797528032952,46.40318912427498
11.62,-2.411008278591156,-1.0435520581154645,-1.3153805590632066,-142.50141746142668,38.90510337028833,52.27966560874061
11.63,-2.743712743767262,-1.4847434258510313,-1.7000654891803055,-154.36873990374835,37.94884044900229,57.42158253264803
11.64,-3.0348291507963543,-1.8707858726196522,-2.0366648030327674,-164.7526470407798,37.112110392877,61.92075984106703
11.65,-3.28955600694681,-2.2085730135421957,-2.3311892026536714,-173.83856578568233,36.37997159376737,65.85753998593366
11.66,-3.5124420060784587,-2.5041367618494212,-2.5888980523219622,-181.78874468747205,35.73935014454645,69.30222261269195
11.67,-3.7074672553186514,-2.762755041618244,-2.814393295781717,-188.74515122653804,35.17880637647814,72.31631991110545
11.68,-3.87811434840382,-2.9890460364159632,-3.011701633809002,-194.8320069482208,34.68833057941838,74.95365504721727
11.69,-3.055700679853343,-3.835995031863968,-2.1110983045828764,-200.15800570469318,34.25916425699108,77.26132329131511
11.7,-2.3360887198716753,-4.577075402880972,-1.3230703915100168,-204.81825461660654,33.88364372486719,79.28053300490072
11.71,-1.7064282548877159,-5.22552072752085,-0.6335459675712647,-208.89597241453072,33.555063259258795,81.04734150428813
11.72,-1.1554753480267514,-5.792910386580743,-0.030212096624856577,-212.46397548771438,33.26755535185145,82.5932989412521
11.73,-0.6733915545234075,-6.28937633825815,0.49770504045325054,-215.58597817675007,33.01598593287002,83.94601169859558
11.74,-0.2515682352079816,-6.723784045975881,0.9596325353965942,-218.3177305296563,32.79586269126126,85.12963536127113
11.75,0.11752716919301606,-7.1038907902288955,1.36381909347202,-220.70801383844926,32.6032548548536,86.16530606611224
11.76,0.440485648043889,-7.436484191450283,1.7174823317880175,-234.16138798364312,54.7647236229969,53.16089318284821
11.77,0.7230743170384029,-7.727503417518998,2.0269376653145152,-245.93309036068774,74.15600879512229,24.282031909992185
11.78,0.9703394024086025,-7.982145240329123,2.297711082150201,-256.2333299406018,91.123383320732,-0.98697170375684
11.79,1.186696352107527,-8.204956835287982,2.534637821881426,-265.24603957302656,105.9698360306405,-23.097349865787237
11.8,1.3760086830940863,-8.399916980876984,2.741948719146248,-273.13216050139823,118.96048215181042,-42.443930757563834
11.81,1.1394177227073254,-7.880112108267362,3.4094066292529672,-280.0325163137235,130.32729750783412,-59.37218903786835
11.82,0.9324006323689098,-7.425282844733942,3.9934323005963464,-286.07032764950804,140.27326094435486,-74.18441503313481
11.83,0.3504605533227961,-6.5767444891421984,4.515498388021803,-291.3534125683195,148.9759789513105,-87.14511277899297
11.84,-0.5009248908425534,-5.8868233029994235,5.607703714519078,-295.9761118722796,156.5908572073967,-98.48572330661885
11.85,-1.2458871544872343,-5.2831422651244955,6.563383375204193,-300.0209737632447,163.25387568147212,-108.4087575182915
11.86,-2.24498138517633,-4.853224856983934,7.766423703303668,-303.5602279178391,169.0840168462881,-117.09141245350506
11.87,-3.119188837029289,-4.477047124860942,8.819083990390709,-306.6570753031092,174.18539036550212,-124.68873552181692
11.88,-3.625381607400628,-3.868840859253324,8.82885611659187,-309.36681676522056,178.64909219481436,-131.3363932065898
11.89,-4.068300281475549,-3.3366603768466585,8.837406727017886,-311.73784054456803,182.55483129546258,-137.15309368076606
11.9,-3.3251801212911056,-2.8527052047408263,7.94920751114065,-313.81248635149706,185.97235300852978,-142.2427065956703
11.91,-2.6749499811297177,-2.4292444291482234,7.172033197248069,-315.6278014325599,188.96268450746356,-146.69611789621152
11.92,-2.105998608488503,-2.0587162505046956,6.492005672592061,-263.6093258784899,197.6735991940306,-148.4447275341851
11.93,-1.8741521574274402,-1.3027965941916089,5.242686088518054,-218.09315976867867,205.29564954477678,-149.97476096741195
11.94,-1.6712865127490102,-0.6413668949176579,4.149531452453298,-178.26651442259384,211.9649436016797,-151.31354022148548
11.95,-2.161466073655384,0.005262216947049425,3.2832183958966357,-143.4181997447696,217.8005759014697,-152.4849720687998
11.96,-3.137451564448461,0.38043831482866824,2.4733328464095563,-112.9259244016734,222.906754163786,-153.50997493519984
11.97,-3.991438868892403,0.7087174004750847,1.7646829906083619,-86.24518347646422,227.37466014331272,-154.40685244329987
11.98,-4.740835260280853,0.33756722541569917,1.3037591167823166,-62.89953516690619,231.28407787539862,-155.1916202628874
11.99,-5.396557102745746,0.012810822238736752,0.900450727184527,-42.47209289604292,234.7048183909738,-155.87829210502647
12.0,-5.3387732149025275,-0.8576820305411054,0.5812582612864612,-24.59808090903756,237.69796634210206,-156.47912996689817
12.01,-5.288212313039711,-1.6193632767234671,0.30196485362565356,-8.958320420407865,240.3169707993393,-157.0048630960359
12.02,-5.243971523909748,-2.2858343671330337,0.057583121922446856,4.726470007143118,242.60859969942186,-157.46487958403142
12.03,-4.968179208421029,-2.952116196241404,-0.273659143317859,16.700661631250227,244.61377498699414,-157.8673940110275
12.04,-4.631527057368401,-3.5700049217112286,-0.7242211254031267,27.17807930234395,246.36830336361987,-158.21959413464907
12.05,-4.336956425197351,-4.110657556497325,-1.1184628597277357,36.34581976455095,247.90351569316738,-158.52776924281795
12.06,-4.2634291220476825,-4.19744548693516,-1.7912018772617688,44.367592668982084,249.24682648152145,-158.7974224624657
12.07,-4.199092731791723,-4.273384926068265,-2.3798485176040476,51.38664396035932,250.42222342133124,-159.0333690296575
12.08,-4.087626640317757,-4.072703935309732,-3.2562562029035416,88.9933152153144,213.60694536866484,-120.83607277595033
12.09,-3.9900938102780374,-3.897108068396015,-4.023112927540598,121.8991525634001,181.39357707258173,-87.41343855395652
12.1,-3.3932669589932827,-3.470622309846513,-4.881193186598024,150.69176024297508,153.206879813509,-58.168633609711954
12.11,-2.871043464119122,-3.097447271115699,-5.63201341327327,175.8852919626032,128.54351971182038,-32.57942928349796
12.12,-2.2383440311042317,-2.377152987226237,-6.3419198616141115,197.9296322172778,106.96307962284283,-10.18887549806071
12.13,-1.6847320272162027,-1.7468954888229575,-6.963088003912348,217.21842994011809,88.08019454498748,9.40285906419688
12.14,-1.2003215238141773,-1.195420177720088,-7.506610128423304,234.09612794760332,71.55767010186403,26.545626806172272
12.15,-0.5927637083374053,-0.4479050305050769,-7.862694862370391,248.8641137041529,57.10046121413103,41.54554858040074
12.16,1.2096466302047704,0.3626047233080577,-8.055687004574093,261.7861012411338,44.45040343736465,54.67048013285065
12.17,2.7867556764291743,1.0718007578945505,-8.224555129002331,273.09284033599204,33.38160288269407,66.15479524124433
12.18,4.166726091875527,1.6923472881577317,-8.372314737877039,282.986237043993,23.69640239735731,76.20357096108879
12.19,5.519827455391086,2.2043706271380152,-8.532913270642409,291.64295916349386,15.221851972687649,84.9962497159527
12.2,6.7037911484672,2.6523910487457636,-8.673436986812106,299.21759101805713,7.806620351101693,92.68984362645861
12.21,7.2323321299088,3.1340879176525434,-8.593993113460593,305.8453938908,1.3182926822139818,99.4217382981513
12.22,7.6948054886702,3.5555726779459755,-8.52447972427802,311.64472140444997,-4.3589940280627655,105.31214613588239
12.23,7.894640927586425,3.4100144682027285,-8.105169883743267,316.7191329788937,-9.32661989955492,110.46625299389709
12.24,8.069496936638123,3.2826510346773876,-7.738273773275359,321.15924310653196,-13.673292537110555,114.97609649465994
12.25,7.637253319558357,2.8760804053427145,-7.520706051615939,282.89121271821546,23.00524565502827,102.48970943282745
12.26,5.957424529613562,3.771746354674875,-7.0836652951639465,249.40668612843854,55.09896657314974,91.56412075372403
12.27,4.487574338411867,4.555454060340516,-6.701254633268453,220.10772536238372,83.18097237650602,82.00423065950852
12.28,4.126520796110383,5.274115427797952,-5.197982429109897,194.47113469208577,107.75272745444278,73.63932682706997
12.29,3.8105989465965853,5.9029441243232075,-3.8826192504711594,172.03911785557506,129.25301314763743,66.32003597368623
12.3,4.397042078272012,5.5239769837828065,-2.1889163441622648,152.41110312362818,148.06576312918276,59.91565647697545
12.31,4.91017981848801,5.192380735809955,-0.7069263011419815,135.23659023317467,164.5269193630349,54.31182441735351
12.32,5.359175341177009,4.902234018833711,0.5898149865007662,120.20889145402784,178.93043106765552,49.40847136518432
12.33,5.795672423529883,4.7717030164794965,1.6400874881881704,107.05965502227436,191.53350380919858,45.11803744453628
12.34,6.177607370588648,4.657488389419559,2.559075927164649,95.55407314449006,202.56119245804877,41.36390776396924
12.35,6.086775074265067,4.6016405907421145,3.254509811269068,85.4866890014288,212.21042002579267,38.07904429347308
12.36,5.716118314981934,4.668251516899351,3.706398209860435,76.6777278762502,220.65349414756858,35.20478875678894
12.37,5.391793650609192,4.726536077286932,4.101800558627881,68.96988689171893,228.0411840041225,32.68981516219032
12.38,5.040266569283043,4.471282692626065,4.490078863799396,62.22552603025406,234.5054126286072,30.489213266916533
12.39,4.732680373122663,4.2479359810478075,4.829822380824472,56.3242102764723,240.16161267503128,28.56368660855197
12.4,4.24175407648233,3.7076674834168317,5.013456083221413,51.16055899191326,245.11078771565235,26.878850782482974
12.41,3.812193566922039,3.234932547989728,5.174135572818736,33.814863617924104,212.9625642511958,31.262744434672605
12.42,3.4363281210567838,2.821289479491012,5.314730126216395,18.637380165683588,184.83286871979632,35.09865138033853
12.43,2.771279355924686,2.282120794554636,5.239337235439345,5.357082144973139,160.21938512982177,38.45506995779621
12.44,2.1893616864341,1.8103481952353062,5.1733684560094275,-6.2631786231485025,138.68258698859404,41.39193621307168
12.45,1.6286442256298375,1.4032451708308928,4.904482274008249,-16.430906795254938,119.83788861501978,43.96169418643772
12.46,1.3022071974261078,0.9701856494770313,4.416478864757218,-25.327668945848067,103.3487775381423,46.210232413133
12.47,1.0165747977478443,0.5912585682924025,3.989475881662566,-33.11233582761706,88.92080534587451,48.177703361491375
12.48,0.5127721980293638,0.13046587225585227,3.428031271454745,-39.923919349164926,76.29632967764019,49.899240441304954
12.49,0.07194492327569335,-0.27272773677612927,2.936767237522902,-45.88405493051931,65.24991346793516,51.40558538614183
12.5,-0.4522350671337684,-0.8014515196791132,2.4088510828325393,-51.0991735642044,55.58429928444327,52.7236372128741
12.51,-0.9108925587420473,-1.264084829719224,1.9469244474784717,-55.66240236867885,47.12688687388786,53.87693256126484
12.52,-1.3122178638992916,-1.668888976004321,1.5427386415436628,-59.655227572593994,39.72665101465188,54.88606599110673
12.53,-1.6410246309118801,-2.000312354003781,1.081418686350705,-63.14894962601974,33.25144463782039,55.769057742218386
12.54,-1.928730552047895,-2.2903078097533083,0.6777637255568667,-66.20595642276727,27.585639058092845,56.54167552444109
12.55,-1.9126363580419081,-2.503323833534145,0.5041961348622583,-68.88083736992137,22.62805917583124,57.21771608388595
12.56,-1.9430976882866697,-2.7502636043423765,0.270255743004476,-71.22135819868119,18.290176778852334,57.80925157340021
12.57,-1.969751352250836,-2.9663359037995796,0.06555790012891652,-87.56681392384604,17.382029681495794,59.38122062672518
12.58,-2.0665366832194816,-3.0077544158246323,-0.26946921238719806,-101.8690876833653,16.58740097130882,60.75669354838453
12.59,-2.1512238478170462,-3.0439956138465534,-0.5626179358387984,-114.38357722294464,15.892100849895218,61.960232354836464
12.6,-2.3128262418399155,-3.039951537115734,-0.9725865688589486,-125.33375557007656,15.283713243658317,63.0133288104819
12.61,-2.4542283366099262,-3.036412969976267,-1.3313091227515799,-134.91516162381697,14.751374088201029,63.934788209171664
12.62,-2.5779551695336855,-3.0333167237292336,-1.6451913574076322,-143.29889192083985,14.2855773271759,64.74106518302521
12.63,-2.711924273341975,-3.2694357582630795,-1.585556062731678,-150.63465593073488,13.878005161278914,65.44655753514706
12.64,-2.8291472391742283,-3.4760399134801947,-1.5333751798902182,-157.05344943939303,13.521379516119051,66.06386334325369
12.65,-2.5481425842774494,-4.072217799295171,-0.882229782403941,-162.6698937594689,13.20933207660417,66.60400592534698
12.66,-1.5086626362427682,-4.316389574383274,-0.13191218460344833,-167.5842825395353,12.93629056702865,67.0766306846786
12.67,-0.5991176817124222,-4.530039877585365,0.5246157134719827,-171.88437272209342,12.697379246150069,67.49017734909378
12.68,0.1967341535016306,-4.716983892887194,1.0990776242879847,-175.64695163183177,12.488331840381312,67.85203068045706
12.69,1.9917422593139267,-4.166803906276296,0.7810815462519867,-178.93920817785278,12.30541536033365,68.16865234539993
12.7,3.5623743518996855,-3.6853964179917584,0.5028349779704884,-181.8199326556212,12.145363440291943,68.44569630222495
12.71,4.670440807912225,-3.4358414907427886,0.021115980724177308,-184.34056657366853,12.00531801025545,68.68810976444682
12.72,4.743225706923196,-3.84970342939994,0.12966398313365513,-186.54612125195996,11.88277825897352,68.90022154389096
12.73,4.806912493557796,-4.211832625724948,0.22464348524194822,-202.79098234546498,22.22743135160183,39.6945693509046
12.74,3.9895968068630716,-4.445021422509329,0.6276445495867047,-217.00523580228187,31.2790028076516,14.139623682041528
12.75,3.2744455810051876,-4.649061619695663,0.9802704808883665,-229.44270757699664,39.19912783169515,-8.220953778213662
12.76,2.211462258379539,-4.506153917233705,1.3893495457773208,-240.32549537987208,46.129237227733256,-27.78645905593695
12.77,1.2813518510820967,-4.381109677579492,1.7472937275551557,-249.84793470738808,52.193082949266596,-44.90627617394483
12.78,0.33655461969683464,-3.746151342882056,2.0097177616107613,-258.1800691189646,57.49894795560827,-59.88611615220172
12.79,-0.4901429577652697,-3.190562800021799,2.2393387914094163,-265.470686729094,62.141579836157234,-72.9934761331765
12.8,-0.9916948380446109,-2.5406457000190743,2.7693001924832394,-271.84997713795724,66.20388273163758,-84.46241611652944
12.81,-1.4305527332890344,-1.9719682375166903,3.2330164184228343,-277.4318562457126,69.75839776518288,-94.49773860196326
12.82,-1.8145533916279053,-1.474375457827104,3.63876811611998,-282.3160004649985,72.86859841953502,-103.27864577671785
12.83,-1.740390717674417,-1.163421400598716,4.242430851604983,-286.5896266568737,75.59002399209314,-110.96193955462812
12.84,-1.675498377965115,-0.8913366005238764,4.77063574515436,-290.3290495747645,77.97127136808149,-117.68482161029961
12.85,-2.1702167057194757,-0.45736965045839184,4.695022902010066,-293.60104462791895,80.0548628220713,-123.56734340901215
12.86,-2.603095242504541,-0.07764856915109286,4.628861664258808,-296.4640402994291,81.87800534431238,-128.71454998288561
12.87,-2.9724745871914733,0.5822677519927937,4.527639956226457,-298.9691615120004,83.47325505127333,-133.21835573502491
12.88,-3.2956815137925393,1.1596945329936945,4.43907096169815,-259.1786411980004,111.81034941986417,-143.3279360181468
12.89,-3.309529199568472,1.5744052163694828,4.7293739664858805,-224.36193592325034,136.60530699238114,-152.17381876587845
12.9,-3.3216459246224126,1.9372770643232975,4.983389095675145,-193.89731880784407,158.3008948683335,-159.91396617014365
12.91,-3.367035934044611,2.2096536812828855,5.0780347087157525,-167.24077883186357,177.28453425979183,-166.6865951488757
12.92,-3.4067521922890345,2.447983221122525,5.1608496201262835,-143.91630635288064,193.89521872731785,-172.61264550526624
12.93,-3.820084793252905,2.7599944434822095,4.681108542610498,-123.50739293377056,208.42956763640314,-177.79793956710796
12.94,-4.6749545690962915,2.880672138046933,4.297693974784186,-105.64959369204924,221.14712293185275,-182.33507187121947
12.95,-5.422965622959255,2.9862651207910664,3.9622062279361625,-90.02401935554307,232.27498381537117,-186.30506263731704
12.96,-6.259433295089348,2.952483480692183,3.777228949444142,-76.3516418111002,242.0118620884498,-189.77880455765242
12.97,-6.991342508203179,2.92292454560566,3.615373830763624,-64.38831145971267,250.53163057739357,-192.81832873794588
12.98,-7.631763069677781,2.897060477404952,3.473750601918171,-53.92039740224858,257.98642800521935,-195.47791239570265
12.99,-7.685037935968058,2.547476417729333,3.0229717766784,-44.76097260196751,264.5093757545669,-197.80504809623983
13.0,-7.731653443972052,2.2415903655131664,2.6285403045935998,-36.74647590172157,270.21695503524603,-199.84129183420987
13.01,-7.501082263475546,1.9302501948240205,1.9678171415194,-29.73379128900637,275.21108690584026,-201.62300510493364
13.02,-7.299332480541103,1.6578275454710178,1.3896843738294749,-23.59769225288057,279.5809522926102,-203.18200421681695
13.03,-6.978257920473465,1.3102854772871404,0.6327782021007905,-18.228605596270498,283.4045845060339,-204.54612843971483
13.04,-6.518954805414281,0.9650564176262479,-0.2375293231618083,-13.530654771736685,286.7502626927797,-205.7397371347505
13.05,-6.117064579737495,0.662980990422967,-0.9990484077665822,28.756302574730398,255.75835510618225,-158.97852036790667
13.06,-5.709151132270309,0.43710861662009615,-1.9481474817957594,65.7573902528891,228.64043596790947,-118.06245569691833
13.07,-5.352226865736521,0.23947028954258412,-2.7786091715712895,98.13334197127796,204.91225672192078,-82.26089910980355
13.08,-5.039918132519456,0.06653675334976109,-3.505263150124878,126.4622997248682,184.1500998816807,-50.9345370960781
13.09,-4.640476865954525,0.008702659181040955,-4.555246131359269,151.25013775925967,165.9832126464706,-23.52397033406834
13.1,-4.290965757710209,-0.041902173216589164,-5.47398123993936,172.9394960393522,150.0871863156618,0.4602755826902012
13.11,-3.4783894129964326,0.20911072343548448,-6.6499044599469395,191.9176845344332,136.1781632762041,21.446490759853926
13.12,-2.767385111371879,0.4287470080060489,-7.678837277453572,208.52359946762903,124.00776811667859,39.809429039872185
13.13,-1.300277597450394,1.1502128820052928,-8.952434492771875,223.05377503417537,113.35867235209378,55.87700003488817
13.14,-0.6221917727690947,2.212584271754631,-9.387425181175391,235.76767865490342,104.04071355808206,69.93612465552715
13.15,-0.028866676172957795,3.142159237785302,-9.768042033528468,246.8923443230405,95.88749961332181,82.23785869858627
13.16,0.32924290834866193,3.7346584580621394,-9.06698440433741,256.6264267826604,88.75343741165659,93.00187598626299
13.17,0.6425887948050792,4.253095275804372,-8.453558978795233,265.14374893482784,82.51113298519952,102.42039111298011
13.18,0.9167664454544443,4.7067274913288255,-7.916811731445829,272.59640581797436,77.04911661204959,110.6615918488576
13.19,1.4314943897726389,4.716262804912722,-6.7532371400151,279.11748059072755,72.2698522855434,117.8726424927504
13.2,1.881881341051059,4.724606204298631,-5.735109372513213,284.8234210168866,68.08799599985048,124.1823118061566
13.21,2.4953490484196768,3.865819303761302,-4.754064825949061,264.5373685147758,46.648871624869166,121.64014795538704
13.22,3.032133292367217,3.114380765791139,-3.8956508477054284,246.7870725754288,27.889637796760518,119.41575458596365
13.23,3.558331005821315,1.8358284200672466,-3.1478098667422496,231.2555636285002,11.475308197165452,117.4694103877182
13.24,4.0450490050936505,1.5222267425588407,-3.028775758399468,217.66549329993768,-2.8872302024802288,115.76635921425343
13.25,4.470927254456944,1.2478252747389855,-2.9246209135995347,205.77418176244547,-15.4544513021702,114.27618943747176
13.26,4.461183722649826,2.2573231153966122,-2.9765975493995933,195.36928416713977,-26.450769764398927,112.97229088278779
13.27,4.452658132318598,3.1406337259720356,-3.0220771057246445,186.2649987712473,-36.07254841884906,111.83137964743932
13.28,4.445198240778774,3.913530510225531,-3.0618717175090637,178.29874904984138,-44.49160474149293,110.8330823165094
13.29,4.476568585681427,4.43764394644734,-2.612152377820431,171.3282805436112,-51.85827902380631,109.95957215194574
13.3,4.504017637471248,4.896243203141422,-2.2186479555928775,165.2291206006598,-58.30411902083053,109.19525075795252
13.31,4.402012432787342,4.221691302748744,-1.8099170861437677,159.89235565057731,-63.944229018226714,108.52646953820846
13.32,4.312757878688925,3.631458389905151,-1.4522775753757966,155.22268631925513,-68.87932526594837,107.94128597093241
13.33,4.720899893852809,3.517763716167007,-1.680136878453822,151.13672565434823,-73.19753448270482,107.42925034956586
13.34,5.078024157121208,3.418280876646131,-1.8795137686470942,147.56151007255468,-76.97596754736672,106.98121918087013
13.35,5.348064512481057,3.567967767065365,-2.3491765475662074,144.43319643848534,-80.28209647894587,106.58919190826137
13.36,5.120635948420924,3.182999421182194,-2.4453921041204314,141.69592200867467,-83.17495929407764,106.2461680447287
13.37,4.921635954868308,2.8461521185344196,-2.529580716105378,126.34643188259034,-67.18246413231793,106.20852253913762
13.38,4.74751096050977,2.551410728717617,-2.6032457515922056,112.91562802226655,-53.18903086577819,106.17558272174541
13.39,4.771973840446048,1.851068512627915,-2.59068778264318,101.16367464448322,-40.94477675755592,106.14676038152724
13.4,4.793378860390291,1.2382690735494255,-2.5796995598127825,90.88071543892282,-30.23105441286143,106.12154083383635
13.41,4.762029877841504,0.9921549393557474,-2.812775989836185,81.88312613405746,-20.85654736125375,106.09947372960681
13.42,4.734599518111316,0.776805071936279,-3.016717866106662,74.01023549230028,-12.65385369109703,106.08016501340596
13.43,4.350669828347401,0.4881270629442442,-2.8800732578433292,67.12145618076275,-5.476496729709901,106.06326988673023
13.44,3.6959037248039763,-0.1645290699237863,-2.217538725612913,61.093774283167406,0.8036906115038365,106.04848665088895
13.45,3.1229833842034793,-0.735603186183313,-1.637821009911299,55.819552622771475,6.298854535065857,106.03555131952784
13.46,2.7240704611780444,-1.5979600379103989,-0.7747213836723867,51.20460866992504,11.107122968182626,106.02423290458687
13.47,2.375021653530789,-2.352522283171599,-0.019509210713338443,47.1665327111844,15.314357847159798,106.01432929151352
13.48,2.0696039468394405,-3.0127642477751495,0.6413014406258288,43.63321624728635,18.995688366264822,106.00566363007434
13.49,2.4490694534845106,-3.450611091803256,0.9326920105476002,40.541564341375555,22.21685257048172,105.99808117631505
13.5,2.7811017717989466,-3.833727080327849,1.18765875922915,37.83636892370361,25.035371249171508,105.99144652927568
13.51,2.963868550324078,-4.0027131952868675,1.5028410393255065,35.469322933240655,27.50157509302507,105.98564121311622
13.52,3.123789481533568,-4.15057604587601,1.778625534409818,33.398157691585574,29.659503456396937,105.9805615614767
13.53,3.0877287963418723,-4.354062165141508,2.1280825926085907,7.873387980137377,23.02519052434732,110.9898667412921
13.54,3.2563168217991385,-4.29762901949882,1.9768901435325168,-14.460785517379797,17.220166708803905,115.3730087736306
13.55,3.4038313440742463,-4.248250017061467,1.8445967505909522,-34.00318732770732,12.140770870203418,119.20825805192678
13.56,2.5505061760649657,-4.317210514928784,2.151676906767083,-51.10278891174391,7.69629951142799,122.56410117043592
13.57,1.8038466540568452,-4.377550950562686,2.4203720434211977,-66.06494029777592,3.807387072499492,125.50046389913143
13.58,1.1505195722997397,-4.43034883174235,2.655480287993548,-79.15682276055392,0.40458868843705575,128.06978128674
13.59,-0.08950649923772769,-4.759492602774556,3.0661123769943543,-90.61221991548467,-2.572859897617576,130.3179340008975
13.6,-1.1745293118330116,-5.047493402427737,3.42541545487006,-100.63569242604908,-5.178127410415379,132.28506762578533
13.61,-2.291585022853885,-5.19162022712427,3.5101287730113024,-109.40623087279295,-7.457736484113457,134.00630954756215
13.62,-3.2690087699971495,-5.317731198733736,3.5842529263848895,-117.08045201369382,-9.452394423599275,135.5123962291169
13.63,-3.939475548747506,-5.327414173892019,3.7481253105867784,-123.7953955119821,-11.197720120649365,136.83022207547728
13.64,-4.379268355154068,-5.218484527155517,4.000652146763431,-129.67097107298434,-12.724880105568193,137.98331969104262
13.65,-4.76408706075981,-5.123171086261077,4.221613128418002,-134.8120996888613,-14.061145092372168,138.99228010466229
13.66,-4.930877928164834,-4.737554575478442,4.122065487365751,-139.31058722775364,-15.230376955825648,139.8751204665795
13.67,-5.076819937144229,-4.400140128543637,4.0349613014450325,-143.24676382428444,-16.25345483634744,140.64760578325706
13.68,-5.2045191950012,-4.104902487475682,3.9587451387644035,-146.69091834624888,-17.14864798180401,141.32353043534994
13.69,-5.1693024206260505,-3.6258646765412217,3.7571046214188533,-164.85955480296775,-4.321316734078511,125.28558913093119
13.7,-5.1384877430477935,-3.206706591973569,3.5806691687414967,-180.75711170259677,6.902598107681301,111.25239048956479
13.71,-5.0339451501668195,-2.468012392976873,3.2733161476488095,-194.66747398977216,16.723523594221138,98.9733416783692
13.72,-4.9424703813959665,-1.8216549688547639,3.0043822541927083,-206.83904099105064,25.316833394943494,88.22917396857304
13.73,-4.679458833721471,-1.1409858477479182,2.6945714724186196,-217.4891621171693,32.83597947057555,78.8280272225014
13.74,-4.681230854506287,-0.5790108667794284,2.226464913366292,-226.8080181025231,39.41523228675361,70.60202381968872
13.75,-4.682781372693001,-0.08728275843199984,1.8168716741955053,-234.9620170897077,45.17207850090941,63.40427084222763
13.76,-5.250581201106376,0.05703846137200015,1.1505040899210672,-242.09676620349424,50.20931893829574,57.10623698694918
13.77,-5.747406050968079,0.18331952870050014,0.5674324536809338,-248.33967167805744,54.616904321008775,51.59545736358053
13.78,-6.182127794597069,0.2938154626129377,0.05724477197081701,-253.80221396830026,58.473541530882684,46.77352519313296
13.79,-5.1836206952724355,0.21250365478632047,-0.054954324525535114,-258.5819384722627,61.84809908952235,42.55433454399134
13.8,-4.309926983363381,0.14135582293803042,-0.15312853395984322,-262.7641974132299,64.80083695333205,38.86254272599242
13.81,-2.468909735442958,0.5532117200707766,0.3158846577851372,-266.4236739865762,67.38448258416554,35.63222488524337
13.82,-0.8580196435125886,0.9135856300619295,0.7262712005619951,-269.62571598825417,69.64517251114485,32.80569677458794
13.83,0.6149894369264849,1.4161863013041884,0.9522894254917458,-272.4275027397224,71.62327619725174,30.33248467776445
13.84,1.9038723823106742,1.8559618886411648,1.1500553723052775,-274.8790661472571,73.35411692259527,28.168424093043896
13.85,3.37428233452184,2.269198152561019,1.5719439507671178,-271.64293425384994,63.58110230727086,23.938621081413412
13.86,4.57227941770661,2.6240772584908916,2.305850081921228,-268.8113188471187,55.02971451886201,20.23754344623674
13.87,5.620526865493283,2.93459647617953,2.9480179466810745,-266.33365536622887,47.54725020400426,16.999100515457148
13.88,6.537743382306623,3.206300791657089,3.5099148283459405,-264.16569982045024,41.00009392850372,14.165462951025004
13.89,6.843250459518295,3.313223817699953,4.250999974802697,-262.26873871789394,35.27133218744076,11.686030082146878
13.9,7.110569152078508,3.406781465487459,4.899449477952361,-260.6088977531572,30.258665664010667,9.516526321878517
13.91,7.180980133068694,3.1175151573015265,5.521533918208316,-259.1565369090125,25.872582456009333,7.618210531643703
13.92,7.242589741435107,2.864407137638836,6.0658578034322765,-257.8857211703859,22.034759649008166,5.9571842151882395
13.93,6.332042898755719,2.5981436204339814,6.253100203003242,-256.7737573990877,18.676664692882145,4.503786188289709
13.94,5.039322786411255,2.079612792879734,6.229279052627836,-255.80078909920175,15.738331606271876,3.232062914753495
13.95,3.908192688109848,1.625898318769767,6.2084355460493565,-254.94944183680155,13.167290155487892,2.1193050504093085
13.96,3.2023319770961165,1.4362024039235461,5.450139227793187,-254.20451298220138,10.917628886051906,1.1456419191081448
13.97,2.584703854959102,1.2702184784331028,4.786629949319039,-253.55270023442623,8.949175275295419,0.29368667921962666
13.98,2.044279248089214,1.1249825436289649,4.20605933065416,-252.98236408012295,7.226778365883492,-0.45177415568282664
13.99,2.010876092078062,1.2058827256753442,3.17712153932239,-252.48331994510758,5.719681070148056,-1.1040523862224734
14.0,1.9816483305683044,1.276670384965926,2.2768009719070914,-252.04665632696916,4.400970936379549,-1.6747958379446641
14.01,1.4426235392472662,1.4161697118451855,1.439779475418705,-198.958949661098,23.603975194332104,-15.59669623320158
14.02,0.9709768468413578,1.5382316228645374,0.7073856659913669,-152.50720632846074,40.406603920040595,-27.778359079051384
14.03,-0.3351453840138121,1.0879435450064703,0.470554457742446,-111.86193091240314,55.108904055035524,-38.437314069169965
14.04,-1.4780023360120857,0.6939414768806615,0.2633271505246402,-76.29731492335274,67.97341667315608,-47.76389968552372
14.05,-2.5494252940105753,0.3402181672705788,0.3755260067090601,-45.17827593293366,79.22986521401157,-55.924662099833256
14.06,-3.1011316322592535,-0.2965716036382436,0.48777263087042755,-17.94911681631695,89.07925768726011,-63.0653292123541
14.07,-3.583874678226847,-0.8537626531834632,0.5859884270116241,5.876397410722671,97.69747610135259,-69.31341293580984
14.08,-4.006274843448491,-1.3413048215355303,0.6719272486351712,26.723722359382336,105.23841721368352,-74.78048619383361
14.09,-4.55039386301743,-1.8171245938435892,0.40811021755577476,44.96513168945954,111.83674068697307,-79.5641752946044
14.1,-5.026498005140251,-2.2334668946131404,0.1772703153613029,60.92636485327709,117.61027372610144,-83.74990325777884
14.11,-5.260444754497719,-2.9840627827864976,0.14341052594114004,74.89244387161746,122.66211513533875,-87.41241522555647
14.12,-5.465148160185504,-3.6408341849381856,0.11378321019849753,87.11276301266527,127.0824763684214,-90.6171131973619
14.13,-5.632462765162316,-4.268366411820912,0.16106793392368535,97.80554226108211,130.95029244736872,-93.42122392269165
14.14,-5.878597919517026,-4.682332735343298,-0.07034868281677531,107.16172410344684,134.33463151644764,-95.87482080735519
14.15,-6.093966179577397,-5.044553268425386,-0.27283822246467837,115.34838321551598,137.29592820189168,-98.0217180814358
14.16,-6.0468850321302225,-4.898096984872213,-0.9352025696565935,122.51170993857649,139.88706280165522,-99.90025319625632
14.17,-6.005689028113945,-4.769947736763187,-1.5147713734495194,154.30337182125442,116.74430495144831,-87.53522154672427
14.18,-5.969642524599702,-4.6578171446677885,-2.0218940767683296,182.1210759685976,96.49439183251728,-76.71581885338374
14.19,-5.697964334024739,-4.059218001584315,-2.9042929421722885,206.4615670975229,78.77571785345262,-67.24884149671077
14.2,-5.460245917271647,-3.5354437513862758,-3.6763919494007524,227.75949683533253,63.27187812177104,-58.96523630962192
14.21,-5.16164642761269,-2.5898437824629914,-4.569794080725658,246.39518535591594,49.70601835654966,-51.71708177091919
14.22,-4.248258874161104,-1.3682961846551174,-5.621541445634951,262.70141281142645,37.83589106198096,-45.37494654955429
14.23,-3.4490447648909663,-0.29944203657322777,-6.541820389930582,276.96936183499815,27.449529679233336,-39.82557823086
14.24,-1.6836006692795955,1.025343717998426,-7.374896591189259,289.4538172306234,18.36146346932917,-34.969880952002505
14.25,-0.13883708561964614,2.1845312532486227,-8.103838267290602,300.37771570179547,10.409405535663023,-30.72114583300219
14.26,1.6948748000828098,3.310056221592545,-8.961210233879276,309.93612686407107,3.4513548437051442,-27.003502603876914
14.27,3.2993727000724586,4.294890568893477,-9.711410704644367,318.2997366310622,-2.636939511757999,-23.7505647783923
14.28,4.703308362563401,5.156620622781793,-10.36783611656382,325.61789517717943,-7.96419707278825,-20.90424418109326
14.29,4.672091317242976,5.216958669934068,-9.998317976993343,332.021283905032,-12.625547438689718,-18.413713658456604
14.3,4.644776402587604,5.26975446119231,-9.674989604869175,337.62424904190306,-16.704229008853503,-16.234499451149528
14.31,4.217443977264154,4.544095528543272,-8.951323654260527,342.5268435366652,-20.273075382746814,-14.327687019755837
14.32,3.843528105106135,3.9091439624753628,-8.318115947477962,346.81661371958205,-23.395815959903462,-12.659226142286357
14.33,3.2946414669678683,3.0219448421659427,-8.569292329043217,330.9439128796343,-2.586338339915528,-20.356198374500565
14.34,2.814365658596885,2.2456456118952,-8.789071662912814,317.05529964468,15.621954577573913,-27.091049077687995
14.35,0.14241982627227445,2.4637147854083,-8.543146455048712,304.90276306409504,31.554210880377173,-32.984043442977
14.36,-1.1317551520117597,3.7561808122322624,-6.144854148167623,294.2692935560832,45.494935145330025,-38.14041351260487
14.37,-2.2466582580102896,4.887088585703229,-4.04634837964667,284.96500773657283,57.69306887716377,-42.65223732352926
14.38,-3.2221984757590034,5.8766328874903255,-2.2101558321908357,276.82375764450126,68.3664358925183,-46.600083158088104
14.39,-0.2961865412891278,5.910038901554035,-1.2705959781669813,269.7001638139386,77.70563203095351,-50.05444826332709
14.4,2.2640739013720133,5.939269163859781,-0.4484811058961088,263.4670192121963,85.87742865208432,-53.0770177304112
14.41,4.093985913700512,5.586672518377308,0.1839406573409048,258.0130176856718,93.02775069557379,-55.721766014109804
14.42,4.449448049487948,5.530827328580145,0.8312905751732916,253.2407663499628,99.28428248362707,-58.03592076234608
14.43,4.760477418301955,5.4819627875076264,1.3977217532766302,249.06504643121744,104.75874779817369,-60.06080616705282
14.44,4.22352549101421,5.559705439069173,2.0583162841170513,245.41129150231524,109.54890494840198,-61.832580896171216
14.45,3.753692554637434,5.627730259185526,2.63633649860242,242.21425593952583,113.74029245485174,-63.38288378414981
14.46,3.5086168603077548,5.393396476787335,3.1809436862771174,239.41684982208508,117.40775652299527,-64.73939881113108
14.47,3.2941756277692855,5.1883544171889175,3.6574749754924776,236.96911946932443,120.61678758262087,-65.9263494597397
14.48,3.106539549298125,5.0089426150403025,4.074439853555918,234.82735541065887,123.42468975979327,-66.96493127727223
14.49,3.423776355635859,4.539779663160265,4.128702996861429,202.5514359843265,128.1084780398191,-41.811814367613195
14.5,3.701358561181377,4.129262080265232,4.17618324725375,174.3100064862857,132.2067927848417,-19.802837071661546
14.51,3.6934777410337047,3.6455336952320776,3.6922544663470314,149.59875567549997,135.7928181867365,-0.5449819377038523
14.52,3.417256148404492,3.2093212333280676,3.0801962830536525,127.97641121606249,138.93059041339444,16.30564130450913
14.53,3.1755622548539306,2.827635329162059,2.544645372671946,109.05685981405468,141.67614111172014,31.04993664144549
14.54,2.4426404729971893,2.2326269130168015,2.2773290760879528,92.50225233729785,144.07849797275512,43.951195061264805
14.55,1.8013339138725404,1.7119945488897013,2.0434273165769588,78.01697079513562,146.1805602261607,55.23979617860671
14.56,0.8340522996384729,0.9841686052784887,1.8017952770048389,65.34234944574366,148.01986469789063,65.11732215628088
14.57,-0.01231911281633613,0.3473209046186776,1.590367242379234,54.25205576502571,149.6292561106543,73.76015738674577
14.58,-0.752894098714294,-0.20992083345865709,1.40536771208183,44.548048794397495,151.0374735968225,81.32263821340256
14.59,-1.5630022113750073,-1.116438604276325,0.9974829980716012,36.057042695097806,152.2696638972197,87.93980893672723
14.6,-2.2718468099531313,-1.9096416537417844,0.6405838733126511,28.62741235821058,153.34783041006722,93.72983331963633
14.61,-2.6365427087089897,-2.829903072024061,0.26987388914856975,22.126485813434257,154.29122610880881,98.79610465468178
14.62,-2.5252046201203657,-3.6125918130210537,0.00482715300499853,16.438175086754974,155.1166973452077,103.22909207284656
14.63,-2.42778379260532,-4.297444461393422,-0.2270887411206263,11.460903200910604,155.83898467705674,107.10795606374073
14.64,-2.3707205685296553,-4.834605028719244,-0.464676648480548,-7.515460449203223,130.35661159242466,107.81571180577313
14.65,-2.3207902474634485,-5.304620525129338,-0.6725660674204794,-24.119778643052822,108.05953514337158,108.43499808005149
14.66,-2.1404309665305172,-5.807473834488171,-0.5838810589929194,-38.648557062671216,88.54959325045013,108.97687357004504
14.67,-1.9826165957142028,-6.2474704801771495,-0.5062816766188044,-51.361238179837315,71.47839409414387,109.4510146237894
14.68,-1.8445290212499275,-6.632467545155006,-0.43838221704145386,-62.48483415735765,56.54109483237588,109.86588804581572
14.69,-0.7031330185936865,-6.764884227010629,0.20979881008872792,-72.21798063768794,43.4709579783289,110.22890229008875
14.7,0.2955884837305244,-6.880748823634301,0.776957208827637,-80.73448380797694,32.03458823103779,110.54653975382766
14.71,0.7268146732642088,-6.662463720680013,0.9199124327241823,-88.18642408197982,22.027764702158063,110.8244725345992
14.72,0.6738779641061827,-6.574382505595011,1.2991315036336597,-94.70687182173235,13.271794114388303,111.0676637177743
14.73,0.62755834359291,-6.497311442395635,1.6309481906794523,-100.41226359401581,5.610319850089765,111.2804560030525
14.74,1.191403550643796,-6.36257126209618,2.139199041844521,-105.40448139476383,-1.0934701311714559,111.46664925267095
14.75,1.6847681068133216,-6.2446736043341575,2.5839185366139557,-109.77267197041836,-6.959286364775024,111.62956834608707
14.76,1.7418802184616564,-5.968918278792388,2.549544969537211,-113.59483872411606,-12.091875569178146,111.77212255282618
14.77,1.7918533161539494,-5.72763236894334,2.5194680983450595,-116.93923463360156,-16.58289112303088,111.8968574837229
14.78,1.8355797766347057,-5.5165071978254225,2.493150836051927,-119.86558105440136,-20.51252973265202,112.00600054825753
14.79,1.2763361795553676,-5.2552275480972455,2.1978794815454363,-122.4261341726012,-23.95096351607052,112.10150072972533
14.8,0.7869980321109465,-5.02660785458509,1.9395170463522566,-124.66661815102604,-26.959593076561706,112.18506338850966
14.81,0.41736427809707827,-4.923586622761954,2.1145561655582243,-152.7764173821478,-13.343393691991494,97.40068046494595
14.82,0.0939347433349435,-4.83344304491671,2.2677153948634463,-177.37249170937932,-1.4292192304925582,84.4643454068277
14.83,0.5681234004180755,-4.598270414302121,2.4762512205055156,-198.8940567457069,8.995683423319011,73.14505223097423
14.84,0.9392431003658162,-4.102017612514356,2.367586817942326,-217.72542615249355,18.117473245404135,63.240670702102456
14.85,1.2639728378200892,-3.667796410950061,2.2725054656995356,-234.20287438343186,26.099039339728616,54.57433686433965
14.86,0.524987983092578,-3.5142004845813037,2.7211106574870936,-248.62064158550288,33.08290967226254,46.991294756297194
14.87,-0.12162376479399423,-3.379804049008641,3.113640200301207,-261.236187887315,39.19379621322972,40.35613291176005
14.88,-0.6874090441947449,-3.2622071678825613,3.4571035502635565,-272.2747909014006,44.54082193657601,34.55036629779005
14.89,-1.2877371636704018,-2.762427521897241,4.177807856480612,-281.9335685387255,49.219469444504014,29.470320510566292
14.9,-1.8130242682116016,-2.325120331660086,4.808424124420536,-290.38499897138485,53.31328601394101,25.025280446745505
14.91,-2.0312518596851517,-1.5500322902025752,5.357812358867969,-297.78000059996174,56.895375512198385,21.135870390902316
14.92,-2.222201002224508,-0.8718302539272533,5.838527064009473,-304.25062702496655,60.02970382317359,17.732636592039526
14.93,-1.8609743769464442,-0.15766022218634668,5.966096681008289,-309.91242514684575,62.7722410952769,14.754807018034585
14.94,-1.3683793298281386,0.7201746805869467,5.915819845882253,-314.86649850349005,65.17196120836728,12.149206140780262
14.95,-0.9373586635996212,1.4882802205135783,5.871827615146971,-319.2013126905538,67.27171630732137,9.869305373182728
14.96,-0.5932960806496685,2.174297567949381,5.5958355382536,-322.99427510423453,69.1090020189062,7.874392201534887
14.97,-0.29224132056846,2.7745627469557084,5.3543424709719,-270.7156155912052,83.63600151654292,-12.438657448656976
14.98,-0.02881840549740247,3.2997947785862447,5.143036037100412,-224.97178851730456,96.34712607697506,-30.212575892574854
14.99,0.2664313951897728,3.605552556262964,4.60078940746286,-184.9459398276415,107.46936006735316,-45.764754531003
15.0,0.5247749707910512,3.8730906117300936,4.1263236065300015,-149.9233222241863,117.20131480893403,-59.37291083962762
15.01,0.8529075994421698,4.102643160263832,3.5512180307137515,-119.27853182116303,125.71677520781728,-71.28004760967417
15.02,0.7313567745118985,4.329076140230853,2.6997756518745324,-92.46434021851765,133.1678030568401,-81.6987922834649
15.03,0.6249998026979112,4.527204997701997,1.954763570390216,-69.00192256620294,139.6874524247351,-90.81519387303179
15.04,-0.27623054763932775,4.594613622989248,1.318066624091439,-48.472307120427566,145.39214562164324,-98.7920452639028
15.05,-1.0648071041844118,4.653596170115591,0.760956796080009,-30.50889360537412,150.38375216893783,-105.77179023091496
15.06,-2.3070145911613604,4.354686148851142,0.49991769657000784,-14.790906779702356,154.7514078978206,-111.87906707705059
15.07,-3.39394614226619,4.093139880244749,0.27150848449875686,-1.0376683072395618,158.57310666059303,-117.22293431741926
15.08,-4.632108124482916,3.6473175202141555,0.025825673936412247,10.996415356165382,161.9170930780189,-121.89881815274185
15.09,-5.715499858922551,3.257222955187386,-0.18914678530563928,21.52623856164471,164.84308119326653,-125.99021650864913
15.1,-6.663467626557233,2.915890210788963,-0.3772476871424344,30.73983386643912,167.40332079410823,-129.57019007006798
15.11,-7.240185298237578,2.3162769344403427,-0.19135335124963013,38.80172975813423,169.6435304448447,-132.7026669363095
15.12,-7.261051760957881,1.6664976926353,-0.09403243234342636,45.85588866336745,171.60371388923915,-135.4435841942708
15.13,-7.279309915838145,1.0979408560558874,-0.008876628300498055,84.41202733044652,158.10699977808426,-115.16626104498697
15.14,-7.295285801358377,0.6004536240489016,0.0656347002370642,118.1486486641407,146.29737493082374,-97.4236032893636
15.15,-7.51146857618858,0.1816556710427889,-0.23052863729256884,147.66819233112312,135.96395318947077,-81.89877775319314
15.16,-7.778594754165008,-0.07534278783755974,-0.7452413076309977,173.49779303973276,126.92220916578692,-68.314555409044
15.17,-8.012330159894383,-0.3002164393578648,-1.195614894177123,196.09869365976618,119.01068314506355,-56.4283608579135
15.18,-7.685698764907585,-0.3766206344381317,-1.7864861574049826,215.8744817022954,112.0880978769306,-46.02794062567432
15.19,-7.399896294294137,-0.4434743051333652,-2.3034985127293597,233.17829623950848,106.03083576731427,-36.92757292246503
15.2,-7.1498191325073694,-0.5019712669916946,-2.75588432363819,248.31913395956994,100.73073142139998,-28.9647511821569
15.21,-6.454845865943948,-0.26413473361773276,-3.5842512831834163,261.5673669646237,96.09314011872499,-21.997282159387286
15.22,-5.846744257700954,-0.05602776691551617,-4.309072372785489,273.15957084404573,92.03524772888437,-15.900746764463875
15.23,-5.3146553504883345,0.12606582894892338,-4.943290826187303,283.30274923854,88.48459188777383,-10.56627829390589
15.24,-4.849077556677292,0.28539772533030794,-5.49823197291389,292.1780303337225,85.3777680268021,-5.898618382167653
15.25,-4.44169698709263,0.4248131346640195,-5.983805476299654,299.9439012920072,82.65929714845184,-1.8144159593966962
15.26,-4.085238988706052,0.5468016178310171,-6.408682291762198,306.7390383805063,80.28063512989536,1.7592611605278907
15.27,-3.773338240117795,0.65354154060214,-6.780449505291924,312.684783332943,78.19930586365844,4.886228640461905
15.28,-3.5004250851030703,0.7469389730268725,-7.105745817130433,317.88731016632516,76.37814275570113,7.622325185404167
15.29,-3.2616260744651866,0.8286617263985134,-7.390380089989129,300.5820210205345,50.604000036238496,30.535159787228647
15.3,-3.0526769401570384,0.9001691355986993,-7.6394350787404885,285.4398930179677,28.05162515670868,50.583890063825066
15.31,-2.869846447637409,0.9627381186488618,-7.857358193897928,272.1905310157217,8.318297137120098,68.12652905584693
15.32,-2.7098697666827327,1.0174859788177542,-8.048040919660686,260.5973392637565,-8.948364880019914,83.47633817386605
15.33,-2.5698901708473914,1.065390356465535,-8.2148883047031,250.45329648078695,-24.056694145017424,96.9074211521328
15.34,-2.4474080244914678,1.1073066869073431,-8.360879766615213,241.57725904568858,-37.27648225189024,108.65961875811621
15.35,-2.3402361464300343,1.1439834760439254,-8.48862229578831,233.8107262899775,-48.843796845403965,118.94279166335167
15.36,-0.6648440031262801,1.0730624165384348,-9.266046258814772,227.01501012873032,-58.96519711472847,127.9405679554327
15.37,0.8011241222645049,1.0110064894711304,-9.946292226462926,221.06875848763903,-67.82142235038741,135.8136222110036
15.38,2.083846231981442,0.9567075532872391,-10.54150744815506,215.86578830168415,-75.57061943158898,142.70254468462815
15.39,3.206228077983762,0.9091959841263343,-11.06232076713568,211.31318938897363,-82.35116687764037,148.73035184904964
15.4,4.188312193235792,0.8676233611105425,-11.51803242124372,207.32966534035194,-88.28414589293533,154.00468311791843
15.41,5.047635794081318,0.8312473159717247,-11.916780118588257,203.84408179780795,-93.4755025313184,158.61972297817863
15.42,5.799543944821153,0.7994182764752592,-12.265684353764724,200.79419619808195,-98.01793958990359,162.65788285590628
15.43,6.457463576718508,0.7715678669158519,-12.570975559544134,198.12554629832172,-101.99257201616564,166.19127274891798
15.44,7.033143254628694,0.7471987585513704,-12.838105364601118,165.09985251103151,-54.274123889144924,161.84548828030324
15.45,7.536862972800106,0.7258757887324492,-13.071843944025979,136.2023704471526,-12.520481778001809,158.04292687026535
15.46,7.9776177262000925,0.707218190140893,-13.276365201022733,110.91707364125851,24.013955069248418,154.7156856364822
15.47,8.36327813542508,0.6908927913732814,-13.455321300894893,88.79243893610119,55.98158731059237,151.80434955692192
15.48,8.700730993496945,0.6766080674516213,-13.611907888283032,69.43338356908853,83.95326552176832,149.2569304873067
15.49,8.996002244309826,0.6641089340201687,-13.748921152247654,52.49421012295247,108.42848395654727,147.02793880139336
15.5,9.254364588771098,0.6531721922676477,-13.868807758216699,37.6724333575834,129.84430008697885,145.07757107621921
15.51,9.48043164017471,0.6436025432341917,-13.973708538439611,24.70337868788548,148.5831392011065,143.3709993166918
15.52,10.948561310152872,0.7943933503299179,-11.54349372113466,13.355455851899794,164.97962342596819,141.87774902710532
15.53,12.233174771383764,0.9263353065386781,-9.417055755992827,3.42602337041232,179.32654712272216,140.57115502371715
15.54,13.357211549960795,1.0417845182213434,-7.556422536493723,-5.262230050889221,191.8801053573819,139.4278852707525
15.55,14.340743731215696,1.1428025784436755,-5.928368469432008,-12.864451794528069,202.86446881270916,138.42752423690845
15.56,15.201334389813734,1.231193381138216,-4.503821160753007,-19.51639582021206,212.4757868361205,137.5522083322949
15.57,15.954351216087018,1.308535333495939,-3.257342265658881,-25.336846842685553,220.88569010660544,136.78630691575805
15.58,16.61324093907614,1.3762095418089466,-2.166673232451521,-30.429741487349858,228.24435546827976,136.1161431762883
15.59,17.18976944669162,1.4354244740828281,-1.212337828395081,-34.88602430143112,234.6831876597448,135.52974990425227
15.6,17.694231890855168,1.4872375398224746,-0.377294349845696,-38.785271763752235,240.31716582727668,135.01665579122073
15.61,18.13563652949827,1.5325739723446652,0.35336869388501596,-45.858987668283206,216.86627022386708,132.55957331731813
15.62,18.521865588310988,1.572243350801582,0.9926988571493889,-52.04848908474781,196.34673657088368,130.40962615265335
15.63,18.859816014772115,1.6069540569513843,1.5521127500057152,-57.46430282415433,178.3921446245232,128.52842238357167
15.64,19.1555226379256,1.6373259248324612,2.0415999062550005,-62.20313984613504,162.68187667145781,126.88236908562521
15.65,19.4142659331849,1.6639013092284034,2.4699011679731253,-66.34962224036815,148.93539221252558,125.44207244992207
15.66,19.640666316536787,1.6871547705748529,2.8446647719764844,-69.97779433532213,136.90721831095988,124.18181289368181
15.67,19.83876665196969,1.7075015492529961,3.172582925479424,-73.15244491840687,126.38256614708989,123.07908578197159
15.68,20.01210444547348,1.7253049805963716,3.459511309794496,-75.93026417860601,117.17349550370366,122.11419955922514
15.69,17.814742264789295,2.3899109830218253,3.804913896070184,-78.36085603128026,109.11555869074071,121.269924114322
15.7,15.892050356690634,2.971441235144097,4.107141159061411,-80.48762390237023,102.06486397939813,120.53118310003175
15.71,14.209694937104304,3.4802802057510847,4.371590014178734,-82.34854578957395,95.89550610697337,119.88478471252779
15.72,12.737633944966266,3.925514305032199,4.602982762406392,-83.97685244087721,90.4973179686017,119.31918612346182
15.73,11.449580576845483,4.315094141903174,4.805451417105593,-85.40162076076756,85.7739033475265,118.8242873580291
15.74,10.322533879739797,4.655976499165277,4.982611489967394,-86.64829304067162,81.6409155540857,118.39125093827546
15.75,9.336368019772323,4.954248561769617,5.13762655372147,-87.73913128558766,78.02455123482498,118.01234407099103
15.76,8.473472892300782,5.215236616548415,5.273264734506286,-88.6936147498892,74.86023245547186,117.68080056211716
15.77,7.718439655763184,5.443601164479863,5.391948142693001,-76.56128790615305,62.57582839853787,109.48945049185251
15.78,7.057785573792787,5.6434201439198795,5.495796124856375,-65.94550191788392,51.82697484872064,102.32201918037094
15.79,6.479713252068689,5.818261750929894,5.586663109249328,-56.656689178148426,42.42172799263056,96.05051678282457
15.8,5.973899970560103,5.971248157063657,5.666171720593162,-48.52897803087987,34.192136993551735,90.5629521849715
15.81,5.53131334924009,6.1051112624307,5.735741755519017,-41.41723077701988,26.991244869357768,85.76133316185006
15.82,5.144050055585079,6.222241479626863,5.79661553607914,-35.194451929892395,20.69046426068805,81.5599165166188
15.83,4.805194673636945,6.3247304196735055,5.849880094069248,-29.749520438655843,15.177281228102043,77.88367695204144
15.84,4.6540067144323265,6.5934144922143165,5.109088457310592,-24.98520538382386,10.353246074589286,74.66696733303625
15.85,4.521717250128286,6.828513055687527,4.460895775146768,-20.816429710845878,6.132215315265625,71.85234641640672
15.86,4.40596396886225,7.034224298726587,3.893727178253422,-17.16875099699014,2.4388134008574216,69.38955311435588
15.87,4.3046798477544685,7.214221636385764,3.3974546559717442,-13.977032122366374,-0.7929132742497558,67.23460897506139
15.88,4.21605624178516,7.371719306837543,2.9632161989752763,-11.184278107070577,-3.620674114968536,65.34903285317871
15.89,4.138510586562015,7.5095297684828495,2.583257549103367,-8.740618343686755,-6.094964850597469,63.69915374653137
15.9,4.070658138241764,7.630113922422494,2.250793730465446,-6.60241605072591,-8.259969244272785,62.25550952821495
15.91,4.011287245961543,7.735625057119682,1.9598878891572653,-4.731489044385172,-10.154348088738686,60.99232083718808
15.92,3.95933771521635,7.827947299979721,1.705345278012607,3.459322336162974,-12.682554827646351,60.15390585753958
15.93,3.913881875814306,7.908729262482256,1.482620493261031,10.626282294142602,-14.894735724190557,59.42029275034713
15.94,3.8741080163375177,7.979413479671974,1.287736306603402,16.897372257374776,-16.830394008666737,58.77838128155374
15.95,3.839305889295328,8.041262169712978,1.1172126432779765,22.384575975202928,-18.524095007583394,58.21670874635953
15.96,3.808854028133412,8.095379773498856,0.9680044378682294,27.18587922830256,-20.00608338163547,57.72524527806459
15.97,3.7822086496167353,8.142732676811498,0.8374472581347008,31.387019574764743,-21.302823208931034,57.29521474330652
15.98,3.7588939434146433,8.18416646721006,0.7232097258678633,35.06301737791915,-22.437470557814652,56.91893802539321
15.99,3.7384935754878126,8.220421033808803,0.6232518851343803,38.27951545567926,-23.43028698808782,56.58969589721906
16.0,3.727955628551836,8.101340904582703,0.41799002449258277,41.093951273719355,-24.29900136457684,56.30160903506668
16.01,3.7187349249828565,7.997145791509865,0.23838589643100994,43.556582614504435,-25.059126444004733,56.04953303068335
16.02,3.7106668093599993,7.905975067571132,0.0812322843771337,45.71138503769138,-25.72423588850414,55.828966526847935
16.03,3.7036072081899993,7.826200684124741,-0.056277126170008004,47.596837157979955,-26.30620665244112,55.63597083599195
16.04,3.6974300571662493,7.756398098609148,-0.176597860398757,49.24660776323246,-26.815431070885978,55.46709960649296
16.05,3.692025050020468,7.695320836283005,-0.28187850284891236,50.6901570428284,-27.26100243702523,55.31933728068134
16.06,3.6872956687679093,7.64187823174763,-0.37399906499279834,51.953262662474856,-27.650877382397073,55.190045245596174
16.07,3.6831574601719206,7.595115952779176,-0.45460455686869855,53.0584800796655,-27.992017959597437,55.07691471489665
16.08,3.6795365276504306,7.55419895868178,-0.5251343622601112,50.67867019470731,-25.368015714647758,48.384800375534574
16.09,3.6763682116941268,7.518396588846557,-0.5868479419775974,48.59633654536889,-23.07201375031679,42.52920032859276
16.1,3.673595935232361,7.487069515240738,-0.6408473242303978,46.77429460219778,-21.06301203152719,37.405550287518665
16.11,3.671170193328316,7.459658325835646,-0.6880967837015981,45.180007901923055,-19.30513552758629,32.92235650157883
16.12,3.6690476691622766,7.43567353510619,-0.7294400607388984,43.78500703918267,-17.766993586638005,28.999561938881477
16.13,3.6671904605169923,7.4146868432179165,-0.7656154281465362,42.564381284284835,-16.421119388308256,25.567116696521293
16.14,3.6655654029523683,7.396323487815677,-0.797268874628219,41.49633374874923,-15.243479464769724,22.56372710945613
16.15,3.6641434775833224,7.380255551838718,-0.8249656402996917,40.56179215515557,-14.213044531673509,19.935761220774115
16.16,3.130053792885407,7.209401232858879,-0.6831896852622302,39.744068260761125,-13.31141396521432,17.63629106817735
16.17,2.662725318774731,7.059903703751519,-0.5591357246044514,39.02855985316598,-12.522487219562532,15.624254684655183
16.18,2.2538129039278894,6.929093365782579,-0.4505885090288949,38.40248999652023,-11.832176317117215,13.863722849073286
16.19,1.8960145409369034,6.814634320059757,-0.3556096954002831,37.8546788719552,-11.228154277477563,12.323257492939126
16.2,1.5829409733197903,6.714482655052287,-0.27250323347524774,37.375344137960795,-10.699634992792868,10.975350306321737
16.21,1.3090016016548165,6.626849948170752,-0.19978507929084177,36.955926245715695,-10.23718061869376,9.795931518031521
16.22,1.0693046514479643,6.550171329649408,-0.13615669437948655,36.58893559000123,-9.83253304135704,8.763940078277582
16.23,0.8595698200169687,6.483077538443232,-0.08048185758205073,36.26781876625107,-9.47846641118741,7.860947568492883
16.24,0.6760518425148476,6.424370471137828,-0.03176637538429439,34.49496642046968,-8.748658109788984,6.550204122431273
16.25,0.5154736122004917,6.3730017872456,0.010859671538742413,32.94372061791097,-8.11007584606536,5.403303607127364
16.26,0.37496766067543025,6.3280541888399,0.048157462596399615,31.5863805406721,-7.551316365307191,4.399765656236443
16.27,0.2520249530910015,6.288725040234913,0.08079302977184966,30.398707973088086,-7.062401819643792,3.521669949206888
16.28,0.1444500839546263,6.254312035205548,0.10934915105036845,29.359494476452078,-6.634601592188318,2.753336205556027
16.29,0.05032207346029802,6.224200655804855,0.1343357571690724,28.450182666895568,-6.260276393164778,2.0810441798615233
16.3,-0.03203993572223923,6.197853198829248,0.15619903752293834,27.654534833533624,-5.932741844019181,1.492788657378833
16.31,-0.10410669375695933,6.174799173975591,0.17532940783257106,26.95834297934192,-5.646149113516783,0.9780650752064788
16.32,-0.07557573203733942,6.053133152228642,0.16326848185349968,26.349175106924182,-5.395380474327185,0.527681940805669
16.33,-0.050611140532671996,5.946675383200062,0.15271517162181222,25.81615321855866,-5.175957915036287,0.13359669820496034
16.34,-0.028767122966087993,5.853524835300054,0.1434810251690857,25.34975906623883,-4.9839631756567515,-0.2112278890706597
16.35,-0.009653607595326994,5.772018105887547,0.13540114702295,24.941664182958977,-4.815967778699657,-0.5129494029368272
16.36,0.00707071835408888,5.700699717651603,0.12833125364508124,24.584581160089105,-4.6689718063622,-0.7769557275697239
16.37,0.02170450355982777,5.638296127945153,0.12214509693944609,24.272133515077968,-4.540350330566925,-1.0079612616235085
16.38,0.0345090656148493,5.583692986952008,0.11673220982201532,23.998741825693223,-4.42780653924606,-1.21009110392057
16.39,0.04571305741299314,5.535915238583007,0.1119959335942634,23.75952409748157,-4.329330721840302,-1.3869547159304987
16.4,0.055516550236369,5.4941097087601305,0.10785169189498046,23.550208585296375,-4.243164381610264,-1.5417103764391864
16.41,0.06409460645682288,5.457529870165114,0.1042254804081079,21.472682512134327,-5.493393833908981,-0.8458715793842881
16.42,0.07160040564972003,5.425522511394474,0.10105254535709442,19.654847198117537,-6.587344604670358,-0.2370126319612521
16.43,0.07816797994350502,5.3975160724701645,0.09827622718745761,18.064241298352847,-7.544551529086563,0.29573894703390446
16.44,0.08391460745056689,5.373010438411393,0.0958469487890254,16.672461136058743,-8.382107587950744,0.7618965786546664
16.45,0.08894290651924602,5.351568008609969,0.09372133019039722,15.4546534940514,-9.114969139456901,1.1697845063228332
16.46,0.09334266820434028,5.332805882533723,0.09186141391659756,14.389071807294975,-9.75622299702479,1.5266864430324791
16.47,0.09719245967879775,5.316389022217008,0.09023398717702287,13.456687831383103,-10.31732012239669,1.8389756376534192
16.48,0.10056102721894802,5.302024269439881,0.088809988779895,12.640851852460216,-10.808280107097104,2.112228682946742
16.49,0.15858402381657954,5.178093110759896,0.08798711518240812,11.926995370902688,-11.237870093709967,2.351325097578399
16.5,0.2093541458395071,5.069653346914909,0.08726710078460712,11.302370949539853,-11.613761331996221,2.560534460381099
16.51,0.25377800260956873,4.974768553550545,0.08663708818653124,10.75582458084737,-11.942666165496695,2.7435926528334615
16.52,0.29264887728337263,4.891744359356727,0.08608582716321483,10.277596508241448,-12.230457894809609,2.9037685712292785
16.53,0.32666089262295106,4.819098189437136,0.085603473767813,9.859146944711267,-12.482275657958409,3.0439224998256185
16.54,0.3564214060450822,4.755532790757494,0.08518141454683636,9.493003576622357,-12.702616200713608,3.166557187347416
16.55,0.382461855289447,4.699913066912807,0.08481211272848183,9.172628129544563,-12.895414175624408,3.273862538928989
16.56,0.4052472483782661,4.6512458085487065,0.08448897363742161,7.282299613351492,-13.024737403671356,3.5383797215628654
16.57,0.4251844673309828,4.608661957480118,0.0842062269327439,5.628262161682556,-13.137895228212436,3.7698322563675073
16.58,0.44262953391461,4.5714010877951035,0.08395882356615092,4.180979391472236,-13.236908324685881,3.972353224321569
16.59,0.45789396717528374,4.538797826820716,0.08374234562038205,2.9146069675382065,-13.323544784100147,4.149559071281373
16.6,0.47125034627837326,4.510269973468127,0.0835529274178343,1.806531096595931,-13.399351686087627,4.304614187371201
16.61,0.4829371779935766,4.485308101784611,0.083387186490605,0.8369647095214395,-13.465682725326673,4.440287413949801
16.62,0.4931631557443795,4.4634664640615345,0.08324216317927938,-0.011405879168740474,-13.52372238466084,4.559001487206076
16.63,0.502110886276332,4.444355031053843,0.08311526778186945,-0.753730144272648,-13.574507086578233,4.6628763013053165
