time,ax_filtered,ay_filtered,az_filtered,wx_filtered,wy_filtered,wz_filtered
0.0,1.976653,-2.679591,7.276458,7.28,-2.975,-27.195001
0.01,1.976653,-2.679591,7.276458,7.28,-2.975,-27.195001
0.02,1.976653,-2.679591,7.276458,7.28,-2.975,-27.195001
0.03,1.976653,-2.679591,7.276458,7.28,-2.975,-27.195001
0.04,1.976653,-2.679591,7.276458,7.28,-2.975,-27.195001
0.05,1.976653,-2.679591,7.276458,7.28,-2.975,-27.195001
0.06,1.976653,-2.679591,7.276458,7.28,-2.975,-27.195001
0.07,1.976653,-2.679591,7.276458,7.28,-2.975,-27.195001
0.08,1.976653,-2.679591,7.276458,7.28,-2.975,-27.195001
0.09,1.976653,-2.679591,7.276458,7.28,-2.975,-27.195001
0.1,1.976653,-2.679591,7.276458,7.28,-2.975,-27.195001
0.11,1.976653,-2.679591,7.276458,7.28,-2.975,-27.195001
0.12,1.976653,-2.679591,7.276458,7.28,-2.975,-27.195001
0.13,1.976653,-2.679591,7.276458,7.28,-2.975,-27.195001
0.14,1.976653,-2.679591,7.276458,7.28,-2.975,-27.195001
0.15,1.976653,-2.679591,7.276458,7.28,-2.975,-27.195001
0.16,1.976653,-2.679591,7.276458,7.28,-2.975,-27.195001
0.17,1.449354,-3.330382875,6.5309515000000005,7.28,-2.975,-27.195001
0.18,0.9879673750000001,-3.899825765625,5.878633312500001,7.28,-2.975,-27.195001
0.19,0.5842540781250001,-4.398088294921875,5.307854898437501,7.28,-2.975,-27.195001
0.2,0.23100494335937505,-4.83406800805664,4.808423786132814,7.28,-2.975,-27.195001
0.21,-0.07808804956054682,-5.21555025704956,4.371421562866213,7.28,-2.975,-27.195001
0.22,-0.34854441836547845,-5.549347224918365,3.989044617507936,7.28,-2.975,-27.195001
0.23,-0.5851937410697936,-5.841419571803569,3.654464790319444,7.28,-2.975,-27.195001
0.24,-0.7922618984360694,-6.0969828753281226,3.3617074415295134,7.28,-2.975,-27.195001
0.25,-0.9734465361315607,-6.320600765912107,3.105544761338324,7.28,-2.975,-27.195001
0.26,-1.1319830941151157,-6.5162664201730935,2.8814024161710337,7.28,-2.975,-27.195001
0.27,-1.2707025823507263,-6.687473867651456,2.685277864149654,7.28,-2.975,-27.195001
0.28,-1.3920821345568855,-6.837280384195024,2.5136688811309473,7.28,-2.975,-27.195001
0.29,-1.498289242737275,-6.9683610861706455,2.363511020989579,7.28,-2.975,-27.195001
0.3,-1.5912204623951154,-7.083056700399315,2.2321228933658817,7.28,-2.975,-27.195001
0.31,-1.672535279595726,-7.1834153628494,2.1171582816951466,7.28,-2.975,-27.195001
0.32,-1.7436857446462604,-7.271229192493225,2.016564246483253,7.28,-2.975,-27.195001
0.33,-1.759954526565478,-8.637956793431572,0.8523412156728466,7.28,-2.975,-27.195001
0.34,-1.7741897107447933,-9.833843444252626,-0.16635393628625927,7.28,-2.975,-27.195001
0.35,-1.7866454969016943,-10.880244263721048,-1.057712194250477,7.28,-2.975,-27.195001
0.36,-1.7975443097889825,-11.795844980755916,-1.8376506699691673,7.28,-2.975,-27.195001
0.37,-1.8070807710653598,-12.596995608161427,-2.520096836223021,7.28,-2.975,-27.195001
0.38,-1.81542517468219,-13.298002407141249,-3.1172372316951433,7.28,-2.975,-27.195001
0.39,-1.8227265278469162,-13.911383356248592,-3.6397350777332504,7.28,-2.975,-27.195001
0.4,-1.8291152118660519,-14.448091686717518,-4.096920693016594,7.28,-2.975,-27.195001
0.41,-1.8347053103827955,-14.917711475877828,-4.4969581063895205,7.28,-2.975,-27.195001
0.42,-1.8395966465849463,-15.3286287913931,-4.846990843090831,7.28,-2.975,-27.195001
0.43,-1.8438765657618281,-15.688181442468963,-5.153269487704478,-36.566249375000005,21.984376125,-74.729377875
0.44,-1.8476214950415997,-16.002790012160343,-5.421263301741418,-74.931717578125,43.823830234374995,-116.321957640625
0.45,-1.8508983081613999,-16.2780725106403,-5.655757889023741,-108.50150225585938,62.93335258007812,-152.7154649355469
0.46,-1.853765519641225,-16.518944696810262,-5.860940652895774,-137.87506384887695,79.65418463256836,-184.55978381860353
0.47,-1.856274329686072,-16.72970785970898,-6.040475571283802,-163.57693024276733,94.28491267849732,-212.42356284127808
0.48,-1.8584695384753132,-16.914125627245358,-6.197568624873328,-186.06606333742144,107.08679971868516,-236.80436948611833
0.49,-2.367083846165899,-17.37262304883969,-3.728704671764162,-205.74405479524376,118.28845087884952,-258.13757530035355
0.5,-2.812121365395162,-17.773808292734728,-1.5684487127936417,-222.96229732083827,128.08989564399332,-276.8041303878093
0.51,-3.201529194720767,-18.124845381142887,0.3217752513055634,-238.02825953073346,136.66615981349415,-293.1373660893331
0.52,-3.542261045380671,-18.432002833500025,1.975721219892368,-251.21097646439176,144.17039096180739,-307.4289473281665
0.53,-3.8404014147080874,-18.700765604312522,3.4229239424058218,-262.7458537813428,150.73659321658147,-319.93408091214565
0.54,-4.101274237869577,-18.935933028773455,4.689226324605094,-272.83887143367497,156.48202018950877,-330.87607279812744
0.55,-4.32953795813588,-19.14170452517677,5.7972409090294565,-281.6702618794656,161.50926879082016,-340.45031569836146
0.56,-4.529268713368895,-19.32175458452967,6.7667536704007745,-289.3977285195324,165.90811131696762,-348.82777823606625
0.57,-4.7040331241977835,-19.479298386463462,7.615077336600677,-296.15926182959083,169.75709852734664,-356.15805795655797
0.58,-4.85695198367306,-19.61714921315553,8.357360544525593,-302.07560347589197,173.1249623364283,-362.57205271198825
0.59,-4.990755985713928,-19.73776868651109,9.006858351459893,-259.98052779140545,173.08371729437476,-348.3261719979897
0.6,-5.107834487499687,-19.8433107256972,9.575168932527406,-223.14733656747978,173.04762788257793,-335.86102637324103
0.61,-5.210278176562227,-19.93566000998505,10.07244069096148,-190.91829424654483,173.0160496472557,-324.9540239515859
0.62,-5.299916404491949,-20.01646563373692,10.507553479591294,-162.71788221572675,172.98841869134876,-315.4103968326377
0.63,-5.378349853930455,-20.08717055451981,10.888277169642382,-138.0425216887609,172.96424160493018,-307.059723103558
0.64,-5.446979122189148,-20.14903736020483,11.221410398437085,-116.4515812276658,172.94308665431393,-299.75288359061324
0.65,-6.333285231915505,-17.884108440179226,10.68158109863245,-97.55950832420757,172.9245760725247,-293.3593990167866
0.66,-7.1088030779260665,-15.902295635156822,10.209230461303394,-81.02894453368162,172.9083793134591,-287.7651000146883
0.67,-7.787381193185308,-14.16820943076222,9.79592365364047,-66.56470121697143,172.89420714927672,-282.87008838785226
0.68,-8.381137044037144,-12.650884001916943,9.434280196935411,-53.90848831485,172.88180650561713,-278.58695321437074
0.69,-8.900673413532502,-11.323224251677324,9.117842172318484,-42.83430202549375,172.870955942415,-274.8392099375744
0.7,-9.35526773684094,-10.16152197021766,8.840958900778674,-33.14438902230703,172.86146169961313,-271.5599345703776
0.71,-9.753037769735823,-9.145032473940452,8.59868603818134,-24.665715144518654,172.8531542371615,-268.6905686240804
0.72,-10.101086548518845,-8.255604164697896,8.386697283408672,-17.24687550145382,172.84588520751632,-266.17987342107034
0.73,-10.40562922995399,-7.477354394110659,8.201207122982588,-10.755390813772095,172.83952480657678,-263.9830151184365
0.74,-10.672104076209742,-6.796385844846826,8.038903232609764,-5.075341712050584,172.8339594557547,-262.060764103632
0.75,-10.905269566683526,-6.200538364240973,7.896887328533544,43.71032500195574,159.39346477378535,-190.510043715678
0.76,-11.109289370848085,-5.679171818710852,7.772623412466851,86.39778337671126,147.63303192706218,-127.90316337621826
0.77,-11.287806699492075,-5.222976091371995,7.663892485908495,123.74930945462236,137.3426531861794,-73.12214307919098
0.78,-11.444009362055565,-4.823804829950496,7.5687529251699335,156.43189477279458,128.33857178790697,-25.188750319292105
0.79,-11.58068669179862,-4.474529976206684,7.485505809523692,185.02915692619527,120.4600005644186,16.752968345619404
0.8,-11.700279355323794,-4.168914479180849,7.412664583333231,210.05176131042086,113.56625074386628,53.45197217741698
0.81,-9.872288685908318,-4.354021919283243,5.295713635416577,231.94654014661825,107.53421965088299,85.56360053023985
0.82,-8.272796850169778,-4.515990929372838,3.4433815559895056,251.10447162829098,102.25619244452261,113.66127533895985
0.83,-6.873241493898556,-4.657713813201233,1.8225909864908176,267.86766167475463,97.63791863895727,138.24674079658988
0.84,-5.648630557161237,-4.781721336551079,0.40439923817946544,282.5354529654103,93.59692905908761,159.75902307201613
0.85,-4.577095987516082,-4.890227919482194,-0.8365185415929677,295.369770344734,90.06106317670165,178.5822700630141
0.86,-3.639503239076572,-4.98517117954692,-1.9223215988938467,306.5997980516422,86.96718052961396,195.05261118013732
0.87,-2.819109584192,-5.068246532103555,-2.872399274032116,316.42607229518694,84.26003321341221,209.46415965762014
0.88,-2.101265136168,-5.140937465590611,-3.7037172397781015,325.0240622582886,81.89127931173567,222.0742645754176
0.89,-1.4731512441470003,-5.204542032391784,-4.431120459805839,332.5473034760025,79.81861964776871,233.1081063784904
0.9,-0.9235515886286252,-5.260196028342811,-5.0675982773301085,339.1301395415022,78.00504244179763,242.76271795617907
0.91,-0.44265189005004707,-5.30889327479996,-5.624516367663845,332.99887109881445,55.98253701157292,264.10362921165665
0.92,-0.021864653793791156,-5.3515033654499655,-6.111819696705864,327.6340112114626,36.71284476012631,282.77692656019957
0.93,0.34632417793043274,-5.38878719476872,-6.538210109617631,322.9397588100298,19.85186404011052,299.1160617401746
0.94,0.6684894056891286,-5.4214105454226305,-6.911301720915427,318.8322879587761,5.098505910096707,313.4128050226527
0.95,0.9503839799779876,-5.449955977244802,-7.237756880800998,315.2382509639291,-7.810682453665381,325.9224553948211
0.96,1.1970417324807392,-5.474933230089202,-7.523405145700873,312.09346859343793,-19.106222271957208,336.8683994704685
0.97,1.6084055159206467,-4.7706404513280525,-5.192308002488264,309.34178401925817,-28.989819612962556,346.44610053665997
0.98,1.968348826430566,-4.154384269912047,-3.152598002177232,306.9340600168509,-37.63796728634224,354.8265889695774
0.99,2.283299223126745,-3.615160111173041,-1.367851751905078,304.82730151474453,-45.20509650054946,362.1595163483802
1.0,2.5588808202359017,-3.143338972276411,0.19380121708305698,302.98388782540144,-51.826334562980776,368.57582780483267
1.01,2.800014717706414,-2.7304954757418596,1.5602475649476748,301.37090084722627,-57.61991786760818,374.1901003292286
1.02,3.011006877993112,-2.369257416274127,2.7558881193292155,299.959537241323,-62.68930325915716,379.10258878807497
1.03,3.195625018243973,-2.053174114239861,3.8020736044130636,298.7245940861576,-67.12501547676251,383.40101618956555
1.04,3.3571658909634765,-1.7766012249598784,4.717485903861431,297.6440188253879,-71.00626366716719,387.1621401658698
1.05,3.498514154593042,-1.5345999468398936,5.518471665878752,296.6985154722144,-74.40235583377128,390.4531236451361
1.06,3.6221938852689117,-1.322848828484907,6.219334207643908,295.8712000381876,-77.37393647954987,393.3327341894941
1.07,3.7304136496102975,-1.1375665999242934,6.832588931688419,271.8154249084142,-65.07719429460613,348.7467674158073
1.08,3.8251059434090102,-0.9754446499337568,7.3691868152273665,250.76662166986242,-54.31754488278037,309.7340464888314
1.09,3.907961700482884,-0.8335879436920371,7.838709963323946,232.34891883612963,-44.902851647432826,275.5979156777275
1.1,3.9804604879225236,-0.7094633257305325,8.249542717908453,216.23342885661344,-36.66499506650372,245.72880121801154
1.11,4.043896926932208,-0.6008542850142159,8.609021378169896,202.13237512453676,-29.456870558190758,219.5933260657601
1.12,4.099403811065682,-0.5058213743874389,8.923565205898658,189.79395310896967,-23.149761613416914,196.7247853075401
1.13,4.699685709682472,-0.32633582758900903,7.622281180161326,178.99783384534848,-17.6310412867398,176.71481214409758
1.14,5.224932370972163,-0.16928597414038288,6.48365765764116,169.55122948967994,-12.802161000897327,159.20608562608538
1.15,5.684523199600643,-0.031867352372835014,5.487362075436015,161.28545067846997,-8.57689075078516,143.8859499228247
1.16,6.086665174650563,0.08837394167376936,4.615603441006512,154.05289421866124,-4.879779281937015,130.4808311824716
1.17,6.438539402819243,0.1935850739645482,3.8528146358806983,147.72440731632858,-1.6448067466948877,118.75135228466266
1.18,6.746429352466838,0.2856448147189797,3.185374431395611,142.18698127678752,1.1857942216419735,108.48805824907983
1.19,7.015833058408483,0.3661970878791072,2.6013642524711598,137.3417334921891,3.662570068936727,99.50767596794485
1.2,7.251561301107423,0.4366803268942188,2.090355345912265,133.10214168066545,5.829748935319636,91.64984147195175
1.21,7.457823513468996,0.4983531610324415,1.6432225526732318,129.39249884558228,7.726030443404682,84.77423628795778
1.22,7.638302949285372,0.5523168909033863,1.2519813585890778,126.14656136488449,9.385276762979096,78.75808175196305
1.23,7.7962224556247,0.599535154540463,0.9096453137654431,125.94449156927392,23.53336704260671,67.41707153296767
1.24,7.934402023671613,0.640851135222905,0.6101012745447627,125.76768049811467,35.912946037280875,57.493687591346706
1.25,8.05530914571266,0.6770026183200418,0.3480002402266674,125.61297081085033,46.74507765762077,48.810726642428364
1.26,8.161102877498578,0.7086351660300365,0.11866183519833401,125.47759983449403,56.223192825418174,41.21313581212482
1.27,8.253672392811255,0.7363136452762818,-0.08200926920145774,125.35915023018227,64.51654359724091,34.56524383560921
1.28,8.334670718709848,0.7605323146167465,-0.2575964855512755,125.25550682640947,71.77322552258579,28.748338356158058
1.29,7.498261128871118,1.8976332752896532,-0.8919335498573661,125.16481884810828,78.12282220726257,23.6585460616383
1.3,6.766402737762228,2.8925966158784466,-1.4469784811251953,125.08546686709474,83.67871930635476,19.204977803933513
1.31,6.126026645541949,3.763189538893641,-1.9326427959845458,125.01603388370789,88.54012926806041,15.308105578441825
1.32,5.565697564849206,4.524958346531935,-2.3575990714864776,124.9552800232444,92.79386298455287,11.898342381136597
1.33,5.075409619243056,5.191506053215443,-2.729435812550668,124.90212039533884,96.51587998648375,8.914799583494522
1.34,4.646407666837674,5.774735296563513,-3.0547929609818345,124.85560572092147,99.7726448631733,6.3041996355577075
1.35,4.271030958482965,6.285060884493074,-3.339480465859105,124.81490538080628,102.62231413027664,4.019924681112994
1.36,3.9425763386725943,6.731595773931439,-3.588582032626717,124.77929258320549,105.11577473899206,2.0211840959738696
1.37,3.65517854633852,7.12231380219001,-3.8065459035483773,124.7481313853048,107.29755277161806,0.27228608397713594
1.38,3.4037054780462053,7.464192076916259,-3.9972642906048304,124.7208653371417,109.20660855016581,-1.257999676520006
1.39,3.1836665432904296,7.763335567301726,-4.164142879279226,104.96575729499898,99.72078235639509,5.068000533044995
1.4,2.991132475379126,8.02508612138901,-4.310161644369323,87.6800377581241,91.4206844368457,10.603250716414372
1.41,2.8226651659567357,8.254117856215384,-4.437928063823158,72.55503316335859,84.15809875724,15.446594626862575
1.42,2.675256270212144,8.454520624188461,-4.549723680845263,59.320654142938764,77.80333628758501,19.684520548504754
1.43,2.546273486435626,8.629873046164903,-4.647544845739605,47.740572500071416,72.24291912663689,23.39270572994166
1.44,2.4334135506311725,8.78330641539429,-4.733138365022155,37.60800106256249,67.37755411080728,26.637367763698954
1.45,1.907630856802276,7.694053363470003,-4.322059444394386,28.742001054742175,63.12035972195637,29.476447043236583
1.46,1.4475709997019914,6.740956943036252,-3.962365388845088,20.984251047899406,59.39531463171182,31.96064141283201
1.47,1.0450186247392426,5.906997575156721,-3.6476330902394523,14.196219791911979,56.13590017774784,34.13431148622801
1.48,0.6927852966468373,5.177283128262131,-3.372242328959521,8.256692442922983,53.28391253052936,36.03627280044951
1.49,0.38458113456598264,4.538782987229364,-3.1312754128395808,3.0596060125576097,50.78842333921319,37.70048895039332
1.5,0.11490249274523481,3.980095363825694,-2.9204293612346333,-1.4878446140120918,48.60487029681154,39.15667808159416
1.51,-0.12106631884791953,3.4912436933474824,-2.7359390660803045,-5.466863912260581,46.694261384710096,40.43084357139489
1.52,-0.3275390289919296,3.0634984816790474,-2.5745100578202664,-8.948505798228009,45.02247858662133,41.545738374970526
1.53,-0.5082026503679384,2.6892214214691665,-2.4332596755927334,-11.994942448449507,43.559668638293665,42.52127132809921
1.54,-0.6662833190719462,2.361728993785521,-2.309665591143642,-14.660574517393318,42.27970993350696,43.37486266208681
1.55,-0.8046039041879529,2.075173119562331,-2.201520767250687,-33.84987870271915,48.102871566818585,37.95300482932596
1.56,-0.9256344161644587,1.8244367296170396,-2.106894046344351,-50.64051986487926,53.19813799596626,33.20887922566022
1.57,-1.0315361141439015,1.6050423884149096,-2.0240956655513074,-65.33233088176935,57.65649612147048,29.057769322452693
1.58,-1.1242000998759138,1.4130723398630458,-1.951647082357394,-78.18766552154818,61.557559481286674,25.425548157146107
1.59,-1.2052810873914246,1.245098547380165,-1.8882545720627197,-89.43608333135467,64.97098992112583,22.247354637502845
1.6,-1.2762269514674964,1.0981214789576443,-1.8327861255548796,-99.27844891493532,67.95774155598511,19.46643530781499
1.61,-1.5360370825340595,-0.44527345591206124,-0.9479962348605198,-107.8905188005684,70.57114923648697,17.033130894338115
1.62,-1.763370947217302,-1.7957440239230538,-0.17380508050295473,-115.42607995049735,72.8578809569261,14.90398953254585
1.63,-1.9622880788151393,-2.9774057709326724,0.5036121795599147,-122.01969595668518,74.85877121231033,13.040990840977619
1.64,-2.136340568963247,-4.011359799566089,1.0963522821149252,-127.78910996209953,76.60955018577154,11.410866985855417
1.65,-2.288636497842841,-4.916069574620328,1.6149998718505596,-132.8373472168371,78.14148178755009,9.98450861262349
1.66,-2.4218954356124858,-5.707690627792786,2.0688165128692395,-137.25455481473244,79.48192193910633,8.736445036045554
1.67,-2.538497006160925,-6.400359049318688,2.4659060737605847,-141.11961146289087,80.65480707171804,7.64438940653986
1.68,-2.6405233803908095,-7.006443918153852,2.8133594395405117,-144.5015360300295,81.68108156275328,6.688840730722378
1.69,-2.729796457841958,-7.53676817838462,3.117381134597948,-147.46072002627582,82.57907174240911,5.852735639382081
1.7,-2.8079104006117133,-8.000801906086544,3.3834001177732045,-150.05000602299134,83.36481314960797,5.12114368445932
1.71,-2.876260100535249,-8.406831417825726,3.616166728051554,-165.0643791451174,108.25046338090698,-17.892749026098095
1.72,-2.9360660879683427,-8.76210724059751,3.81983751204511,-178.20195562697774,130.02540733329363,-38.029905147835834
1.73,-2.9883963269722997,-9.072973585522822,3.9980494480394713,-189.6973350486055,149.07848329163193,-55.649916754356354
1.74,-3.034185286100762,-9.34498163733247,4.153984892034537,-199.75579204252983,165.74992475517791,-71.06742691006181
1.75,-3.0742506253381667,-9.582988682665912,4.29042840553022,-208.55694191221363,180.33743603578068,-84.55774829630408
1.76,-3.109307797170896,-9.791244847332672,4.409816479838943,-216.2579480481869,193.10150840630808,-96.36177950926607
1.77,-4.575236197524534,-10.265893616416088,3.678050169859075,-222.99632841716357,204.2700717305196,-106.69030682060782
1.78,-5.857923547833967,-10.681211289364077,3.0377546486266906,-228.89241124001813,214.0425646392046,-115.72776821803184
1.79,-6.9802749793547205,-11.044614253193568,2.4774960675483544,-234.05148371001587,222.59349593430403,-123.63554694077786
1.8,-7.9623324819353805,-11.362591846544372,1.98726980910481,-238.5656721212639,230.07556081751602,-130.55485332318062
1.81,-8.821632796693459,-11.640822240726326,1.5583218329667088,-242.5155869811059,236.62236759032652,-136.60924640778305
1.82,-9.573520572106776,-11.884273835635536,1.1829923538458702,-245.97176248346767,242.35082351653568,-141.90684035681016
1.83,-10.23142237559343,-12.097293981181094,0.8545790596151364,-248.9959160480342,247.36322245196874,-146.5422350622089
1.84,-10.807086453644253,-12.283686608533458,0.5672174271632443,-251.6420504170299,251.74907152047263,-150.5982054294328
1.85,-11.310792521938723,-12.446780157466776,0.3157759987678388,-253.95741798990116,255.58668945541353,-154.1471795007537
1.86,-11.751535331696383,-12.58948701278343,0.09576474892185896,-255.9833646161635,258.94460514848686,-157.2525318131595
1.87,-12.137185290234335,-12.714355511185502,-0.09674509469337342,-253.59981916414307,242.08590487992598,-159.19096583651455
1.88,-12.474629003955044,-12.823615447287315,-0.26519120785670175,-251.5142168936252,227.33454214493523,-160.88709560695023
1.89,-12.769892253460664,-12.919217891376402,-0.41258155687461406,-249.68931490692205,214.4270997518183,-162.37120915608145
1.9,-13.028247596778082,-13.002870029954352,-0.5415481122652873,-248.09252566855682,203.133087657841,-163.66980851157126
1.91,-13.254308522180821,-13.076065651210058,-0.6543938482321264,-246.69533508498722,193.25082707561086,-164.80608294762484
1.92,-13.45211183190822,-13.140111819808801,-0.7531338672031107,-245.47279332436383,184.60384906615948,-165.80032307917173
1.93,-10.742753727919693,-11.160388967332702,0.8806579911972783,-244.40306928381835,177.03774330788954,-166.67028319427527
1.94,-8.372065386929732,-9.428131471416114,2.3102258672976186,-243.46706074834108,170.41740076940334,-167.43149829499086
1.95,-6.2977130885635155,-7.9124061624891,3.5610977588854165,-242.64805327979846,164.62460104822793,-168.097561508117
1.96,-4.482654827493077,-6.586146517177963,4.655610664024739,-241.93142174482367,159.55590129219942,-168.68036681960237
1.97,-2.894478849056442,-5.425669327530717,5.613309456021646,-241.30436915172072,155.12078900567448,-169.19032146715207
1.98,-1.5048248679243867,-4.410251786589377,6.451295899018941,-240.75569813275564,151.24006575496517,-169.63653178375807
1.99,-0.2888776344338382,-3.521761438265705,7.184534036641573,-240.2756109911612,147.84443291059452,-170.0269658107883
2.0,0.7750761948703917,-2.744332383482492,7.826117407061377,-239.85553474226606,144.87325417177018,-170.36859558443976
2.01,1.7060357955115928,-2.0640819605471803,8.387502856178704,-239.4879680244828,142.2734727752989,-170.66752163638478
2.02,2.5206254460726436,-1.4688628404787827,8.878715124156367,-239.16634714642245,139.99866405338653,-170.9290819318367
2.03,3.2333913903135634,-0.9480461104189348,9.308525858636822,-182.04492800311965,141.41195617171323,-183.6923228153571
2.04,3.857061591524368,-0.49233147161656793,9.684610251307218,-132.0636862527297,142.64858677524907,-194.86015858843746
2.05,4.402773017583822,-0.0935811626644969,10.013684094893815,-88.33009972113848,143.73063855334294,-204.63201488988275
2.06,4.8802705153858446,0.25532535766856523,10.301623708032087,-50.06321150599617,144.67743385917507,-213.1823891536474
2.07,5.298080825962614,0.5606185629599946,10.553570869528077,-16.579684317746654,145.5058797517782,-220.66396663444146
2.08,5.663664847717287,0.8277501175899953,10.774024635837067,12.718401971971677,146.23076990780592,-227.21034693013627
2.09,4.232764241752626,1.428835602891246,9.576094181357433,38.35422747547521,146.8650487943302,-232.93842968886923
2.1,2.9807262115335478,1.9547854025298403,8.527905033687754,60.78557479104081,147.4200428200389,-237.95050210276057
2.11,1.8851929350918544,2.4149914772136105,7.610739529476785,80.41300369216071,147.90566259253404,-242.3360654649155
2.12,0.9266013182053725,2.8176717925619092,6.8082197132921864,97.58700398064062,148.33057989346727,-246.17343340680105
2.13,0.08783365342970084,3.1700170684916706,6.106014874130663,112.61425423306054,148.70238253178385,-249.53113035595092
2.14,-0.6460880532490119,3.478319184930212,5.49158563986433,125.76309820392797,149.02770984031088,-252.46911518645706
2.15,-1.2882695465928853,3.748083536813936,4.953960059881289,137.26833667843698,149.31237123527202,-255.03985191314993
2.16,-1.8501783532687746,3.984127344712194,4.483537677396128,147.33542034363236,149.56144995586303,-257.2892465490062
2.17,-2.341848559110178,4.19066567662317,4.071918092721612,156.14411855067831,149.77939383638014,-259.2574668553804
2.18,-2.7720599892214057,4.371386717045274,3.711750956131411,163.85172948184353,149.9700947318326,-260.97965962345785
2.19,-3.1484949905687305,4.529517627414615,3.3966047116149847,197.2571397966131,125.35695776535351,-199.83657767052563
2.2,-3.4778756167476397,4.667882173987788,3.120851747663112,226.48687382203647,103.82046291968433,-146.33638096170992
2.21,-3.766083664654185,4.7889511522393144,2.8795679042052233,252.06289109428192,84.97602992972378,-99.52370884149619
2.22,-4.018265706572412,4.8948865082094,2.6684445411795705,274.4419062074967,68.48715106350829,-58.56262073630917
2.23,-4.23892499325086,4.987579944683225,2.483711598532124,294.02354443155957,54.059382055569756,-22.721668644270526
2.24,-4.432001869094503,5.068686701597822,2.3220702737156085,311.1574778776146,41.43508417362354,8.63916443626329
2.25,-3.45773413545769,4.194292363898095,0.7833016145011571,326.1496696429127,30.388823526920596,36.07989338173038
2.26,-2.6052498685254784,3.429197318410833,-0.5631209623114877,339.2678374375487,20.723345461055523,60.09053120901408
2.27,-1.8593261349597934,2.759739153609479,-1.741240717022552,350.7462342578551,12.266052153423583,81.09983930788732
2.28,-1.2066428680898191,2.173963259408294,-2.772095502394733,360.78983147562326,4.865920509245635,99.4829838944014
2.29,-0.6355450095785917,1.6614093519822573,-3.6740934395953913,369.57797904117035,-1.609194679410069,115.56823540760122
2.3,-0.13583438338126774,1.212924682984475,-4.463341634645968,377.2676081610241,-7.27492046948381,129.64283048165106
2.31,0.3014124145413907,0.8205005976114157,-5.153933805315222,383.99603364089603,-12.232430535798333,141.95810117144467
2.32,0.684003362723717,0.4771295229099888,-5.758201954650819,389.883405935784,-16.57025184382354,152.73396302501408
2.33,1.0187704423832524,0.17667983254624017,-6.2869365853194665,395.034856693811,-20.3658454883456,162.16284214688733
2.34,1.311691637085346,-0.08621364652203986,-6.749579387154533,399.5423761070846,-23.6869899273024,170.41311137852642
2.35,1.5679976824496777,-0.3162454407067849,-7.154391838760216,385.395828718699,-19.7198661863896,162.7745973312106
2.36,1.792265472143468,-0.5175232606184368,-7.508602733915189,373.01759975386165,-16.248632913090898,156.09089753980928
2.37,1.9884997881255346,-0.6936413530411322,-7.81853726717579,362.1866494096289,-13.211303798954535,150.24266022233311
2.38,2.160204814609843,-0.8477446839109907,-8.089729983778817,352.7095678584253,-10.55364082408522,145.12545256954147
2.39,2.3104467127836124,-0.9825850984221168,-8.327023610806465,344.4171215011221,-8.228185721074567,140.64789587334877
2.4,2.441908373685661,-1.1005704611193523,-8.534655534455657,337.1612309384818,-6.1934125059402465,136.73003376418018
2.41,3.3118120769749533,-1.0826226534794334,-7.1605944676487,330.81232669617157,-4.412985942697716,133.30190441865764
2.42,4.072977817353085,-1.0669183217945042,-5.958291034192612,325.25703548415015,-2.8551126998605016,130.30229124132543
2.43,4.7389978401839485,-1.0531770315701912,-4.906275529918536,320.39615567363137,-1.4919736123779388,127.67762971115975
2.44,5.3217653601609545,-1.0411534026239173,-3.9857619636787183,316.14288583942744,-0.2992269108306964,125.38105087226478
2.45,5.831686940140836,-1.0306327272959277,-3.1803125932188783,312.421274734499,0.7444264530231407,123.37154438823168
2.46,6.277868322623231,-1.0214271363839367,-2.4755443940665183,309.16486501768657,1.6576231463952482,121.61322621470272
2.47,6.668277032295327,-1.0133722443359447,-1.8588722198082035,306.3155065154757,2.456670253095842,120.07469781286487
2.48,7.0098846532584105,-1.0063242137939516,-1.3192840673321782,303.8223178260413,3.1558364714588616,118.72848546125675
2.49,7.30879132160111,-1.0001571870697077,-0.8471444339156559,301.6407777227861,3.767606912526504,117.55054965359966
2.5,7.570334656400972,-0.9947610386859942,-0.4340222546761989,299.7319301324378,4.302906048460692,116.5198558218997
2.51,7.79918507435085,-0.9900394088502449,-0.07254034784167407,298.06168849088306,4.771292792403106,115.61799871916223
2.52,7.999429190056993,-0.9859079827439643,0.2437563206385352,272.57272717952264,5.281756193352718,95.21574862926695
2.53,8.174642791299869,-0.9822929849009687,0.5205159055587183,250.26988603208233,5.728411669183629,77.36377980060858
2.54,8.327954692387385,-0.9791298617883476,0.7626805423638785,230.75490002807206,6.119235210535676,61.74330707553251
2.55,8.462102605838961,-0.9763621290648041,0.9745745995683937,213.67928727456305,6.461205809218717,48.075393441090945
2.56,8.57948203010909,-0.9739403629317036,1.1599818996223443,198.7381261152427,6.760430083066376,36.11596901095457
2.57,8.314521901345454,-0.25094456756524075,0.8460917871695512,185.66461010083736,7.022251322683079,25.651472634585247
2.58,8.082681788677272,0.3816767533804143,0.5714379387733574,174.2252835882327,7.251344907347695,16.495038305262092
2.59,7.879821690092613,0.9352204092078624,0.3311158214266877,164.21587288970363,7.451801793929233,8.483158267104331
2.6,7.702319103831036,1.4195711080568796,0.12083396874835176,155.4576385284907,7.627201569688079,1.4727632337162895
2.61,7.5470043408521565,1.8433779695497696,-0.06316265234519222,147.79418346242937,7.780676373477069,-4.661332420498248
2.62,7.411103923245637,2.2142089733560484,-0.2241596958020432,141.0886602796257,7.914966826792435,-10.028666117935966
2.63,7.292191057839933,2.5386861016865425,-0.3650321088267878,135.2213274946725,8.032470973443381,-14.72508310319397
2.64,7.188142300609941,2.8226035889757246,-0.48829547022343933,130.08741130783844,8.135287101762959,-18.834447965294725
2.65,7.097099638033699,3.071031390353759,-0.5961509114455095,125.59523464435863,8.22525121404259,-22.430142219632884
2.66,7.0174373082794865,3.2884057165595393,-0.6905244225148208,121.6645800638138,8.303969812287267,-25.576374692178774
2.67,6.947732769744551,3.478608251989597,-0.7731012447004681,109.88213255583707,27.526599335751357,-24.11620285565643
2.68,6.886741298526482,3.6450354704908974,-0.8453559641129096,99.57249098635744,44.34640016878244,-22.838552498699375
2.69,6.833373761210672,3.7906592866795354,-0.9085788435987958,90.55155461306275,59.063725897684634,-21.720608436361953
2.7,6.786677166059338,3.9180801258445936,-0.9638988631489463,82.6582352864299,71.94138591047405,-20.74240738181671
2.71,6.745817645301921,4.02957336011402,-1.0123038802553281,75.75158087562616,83.2093384216648,-19.886481459089623
2.72,6.710065564639181,4.127129940099767,-1.0546582702234122,69.70825826617289,93.0687968689567,-19.13754627670342
2.73,6.084176369059284,4.655836322587296,-1.1522714864454857,64.42035098290128,101.69582301033711,-18.482227992115494
2.74,5.5365233229268735,5.118454407263884,-1.2376830506398,59.79343211003862,109.24447088404497,-17.908824493101058
2.75,5.0573269075610146,5.523245231355898,-1.312418169309825,55.7448780962838,115.84953777353935,-17.407096431463426
2.76,4.638030044115888,5.87743720243641,-1.3778113981460967,52.20239333424833,121.62897130184693,-16.9680843775305
2.77,4.271145288601403,6.187355177131859,-1.4350304733778345,49.102719167467285,126.68597563911607,-16.583948830339185
2.78,3.9501211275262276,6.458533404990376,-1.4850971642056052,46.39050427153387,131.11085443422655,-16.24783022654679
2.79,3.669224986585449,6.695814354366579,-1.5289055186799045,44.01731623759214,134.98262337994822,-15.953726448228439
2.8,3.423440863262268,6.903435185070757,-1.5672378288449165,41.94077670789312,138.37042120745468,-15.696385642199884
2.81,3.2083797553544846,7.085103411936912,-1.6007786002393019,40.123804619406485,141.33474430652285,-15.471212436924898
2.82,3.020201285935174,7.244063110444798,-1.630126775209389,38.53395404198068,143.9285270182075,-15.274185882309284
2.83,2.8555451251932773,7.383152846639198,-1.6558064283082154,31.372209661733095,136.26683651593157,-12.949287647020624
2.84,2.7114709845441176,7.504856365809298,-1.6782761247696885,25.105683329016458,129.56285732644014,-10.915001691143045
2.85,2.585406111476103,7.6113469450831355,-1.6979371091734774,19.6224727878894,123.69687553563512,-9.135001479750164
2.86,2.47509934754159,7.704526201947743,-1.7151404705267927,14.824663564403226,118.56414146868072,-7.577501294781393
2.87,2.378580929098891,7.786058051704275,-1.7301934117109437,10.626580493852822,114.07299916009562,-6.2146886329337185
2.88,2.2941273129615296,7.857398420241241,-1.7433647352470756,6.9532578071212185,110.14324964008367,-5.022227553817004
2.89,1.7414330238413385,7.337645742711086,-1.3218581433411911,3.7391004562310663,106.7047188100732,-3.9788241095898784
2.9,1.257825520861171,6.882862149872199,-0.9530398754235421,0.926712774202183,103.69600433381405,-3.0658460958911435
2.91,0.8346689557535246,6.484926506138175,-0.6303238909955993,-1.5341264475730898,101.06337916708729,-2.266990333904751
2.92,0.464406961284334,6.136732817870903,-0.3479474046211493,-3.6873607666264534,98.75983214620138,-1.567991542166657
2.93,0.14042771612379223,5.83206334063704,-0.10086797904350564,-5.571440795798146,96.7442285029262,-0.9563675993958248
2.94,-0.14305412339168178,5.56547754805741,0.11532651833693255,-7.220010821323378,94.98057531506042,-0.4211966494713467
2.95,-0.3911007329677215,5.332214979550233,0.30449670354481595,-8.662509593657955,93.43737877567787,0.04707793171257163
2.96,-0.6081415163467563,5.1281102321064544,0.47002061560171393,-9.92469601945071,92.08708180371814,0.4568181902485002
2.97,-0.7980522018034117,4.949518578093148,0.6148540386514997,-11.029109142019372,90.90557195325337,0.8153409164674377
2.98,-0.9642240515779853,4.793250880831504,0.7415832838200622,-11.995470624266952,89.8717508340967,1.129048301909008
2.99,-1.109624420130737,4.6565166457275655,0.8524713733425544,-23.546661921233582,83.01715710483461,-0.993957735829618
3.0,-1.2368497426143947,4.53687419001162,0.9494984516747351,-33.653954306079385,77.01938759173028,-2.851588018850916
3.01,-1.3481718997875953,4.432187041260168,1.0343971452153933,-42.49783514281946,71.77133926776399,-4.477014516494552
3.02,-1.4455787873141461,4.340585786102647,1.108683502063469,-50.236230874967035,67.17929698429349,-5.899262701932733
3.03,-1.5308098138998778,4.260434687839816,1.1736840643055355,-57.00732714059616,63.1612599862568,-7.14372986419114
3.04,-1.605386962162393,4.19030247685984,1.2305595562673437,-62.932036373021646,59.6454776129747,-8.232638631167248
3.05,-1.9334908418920937,3.6636751672523595,1.2183001117339256,-68.11615695139393,56.56916803635287,-9.185433802271342
3.06,-2.220581736655582,3.2028762713458145,1.2075730977671848,-72.65226245746969,53.87739715680876,-10.019129576987424
3.07,-2.4717862695736343,2.799677237427588,1.1981869605462867,-76.62135477528598,51.52209763720767,-10.748613379863997
3.08,-2.69159023587693,2.4468780827491394,1.1899740904780007,-80.09431055337522,49.46121055755672,-11.386911707380998
3.09,-2.883918706392314,2.138178822405497,1.1827878291682505,-83.13314685920332,47.65793436286213,-11.945422743958373
3.1,-3.0522061180932747,1.8680669696048098,1.1764998505222193,-85.7921286268029,46.080067692504365,-12.434119900963577
3.11,-3.1994576033316156,1.6317190984042085,1.1709978692069418,-88.11873767345254,44.69943435594132,-12.86172991334313
3.12,-3.3283026529151636,1.4249147111036824,1.166183635556074,-90.15452058927097,43.49138018644866,-13.23588867417524
3.13,-3.4410420713007683,1.243960872215722,1.1619711811115647,-91.9358306406121,42.43433278814258,-13.563277589903334
3.14,-3.5396890623881725,1.0856262631887568,1.1582852834726192,-93.49447693553559,41.50941631462476,-13.849742891165418
3.15,-3.626005179589651,0.9470834802901622,1.1550601230385418,-103.65204319359364,42.42386415029666,-16.11727502976974
3.16,-3.7015317821409446,0.8258585452538919,1.152238107658724,-112.53991366939444,43.224006006509576,-18.10136565104852
3.17,-3.7676175593733268,0.7197867270971554,1.1497688442013836,-120.31680033572013,43.92413013069588,-19.837444944667457
3.18,-3.825442614451661,0.626973886210011,1.1476082386762105,-127.12157616875511,44.536738739358896,-21.356514326584026
3.19,-3.8760395376452035,0.5457626504337597,1.1457177088416841,-133.07575502266073,45.07277127193903,-22.685700035761023
3.2,-3.920311845439553,0.47470281912953977,1.1440634952364737,-138.28566151982815,45.541799737946654,-23.848737531290897
3.21,-4.051534614759609,-0.0640710332616527,0.9632298083319145,-142.84432970484963,45.952199645703324,-24.866395339879535
3.22,-4.166354537914657,-0.5354981541039461,0.8050003322904252,-146.83316436674343,46.31129956499041,-25.756845922394593
3.23,-4.266821970675325,-0.9479968848409528,0.6665495407541221,-150.3233946959005,46.625511994366605,-26.53599018209527
3.24,-4.35473097434091,-1.3089332742358337,0.5454050981598568,-153.37734623391293,46.90044787007078,-27.21774140933336
3.25,-4.431651352548297,-1.6247526149563545,0.43940371088987473,-156.0495538296738,47.14101676131193,-27.81427373316669
3.26,-4.49895668347976,-1.90109453808681,0.3466524970286404,-158.38773547596458,47.35151454114794,-28.336239516520855
3.27,-4.55784884804479,-2.142893720825959,0.2654951849000604,-160.433644416469,47.53570009850445,-28.79295957695575
3.28,-4.60937949203919,-2.3544680057227136,0.19448253678755287,-162.2238147394104,47.696862461191394,-29.19258962983628
3.29,-4.654468805534291,-2.539595505007374,0.13234646968910876,-163.79021377198407,47.837879528542466,-29.542265926106747
3.3,-4.693921954842505,-2.7015820668814525,0.07797741097797017,-165.16081292548606,47.961269462474654,-29.848232685343405
3.31,-4.728443460487192,-2.843320308521271,0.030404484605723904,-173.52633530980032,72.23236265466532,-48.28095397467548
3.32,-4.758649777926292,-2.967341269956112,-0.011221825969991581,-180.8461673960753,93.46956919783216,-64.40958510284105
3.33,-4.785080305685506,-3.075859611211598,-0.04764484772374263,-187.25102047156588,112.05212492310314,-78.52213733998592
3.34,-4.8082070174748175,-3.170813159810148,-0.07951499175827481,-192.85526691262015,128.31186118271523,-90.87062054748768
3.35,-4.828442890290466,-3.25389751483388,-0.10740136778849046,-197.75898254854263,142.53913040987584,-101.67554335405171
3.36,-4.846149279004157,-3.3265963254796445,-0.13180194681492916,-202.0497337299748,154.98799098364137,-111.12985080979524
3.37,-4.661014994128637,-4.266605909794689,-0.894254203463063,-205.80414101372796,165.8807439856862,-119.40236983357084
3.38,-4.499022494862557,-5.089114296070353,-1.56139992803018,-209.08924738701197,175.41190286247542,-126.64082397937449
3.39,-4.357279058004737,-5.808809134061558,-2.1451524370264075,-211.96371546363548,183.75166687966598,-132.97447135695268
3.4,-4.233253550754145,-6.438542117303863,-2.6559358823981065,-214.47887503068105,191.04896039470773,-138.51641281233358
3.41,-4.124731231909877,-6.98955847764088,-3.102871397098343,-216.67963965184592,197.43409222036925,-143.3656115857919
3.42,-4.029774202921142,-7.471697792935769,-3.49393997246105,-218.60530869536518,203.0210825678231,-147.60866051256792
3.43,-3.946686802555999,-7.893569693818797,-3.836124975903419,-220.29026910844453,207.9096991218452,-151.32132832349694
3.44,-3.8739853272364995,-8.262707607091448,-4.135536853915491,-221.76460946988897,212.18723860661453,-154.56991265805982
3.45,-3.810371536331937,-8.585703281205017,-4.397522247176055,-223.05465728615286,215.9300856557877,-157.41242395080235
3.46,-3.7547094692904452,-8.86832449605439,-4.626759466279048,-224.18344912538376,219.20507682381424,-159.89962133195206
3.47,-3.7060051606291395,-9.115618059047591,-4.827342032994167,-223.6092689847108,212.97944247083748,-170.55904304045808
3.48,-3.663388890550497,-9.331999926666642,-5.002851778869896,-223.10686136162195,207.5320124119828,-179.88603703540082
3.49,-3.6260996542316852,-9.521334060833311,-5.156422806511159,-222.6672546914192,202.76551111048497,-188.0471567809757
3.5,-3.593471572452725,-9.687001428229147,-5.290797455697264,-222.28259885499182,198.59482247167435,-195.18813655835376
3.51,-3.5649220008961344,-9.831960374700502,-5.408375273735106,-221.94602499811782,194.94546991271505,-201.43649386355955
3.52,-3.5399411257841176,-9.958799452862939,-5.511255864518218,-221.6515228733531,191.7522864236257,-206.90380650561463
3.53,-2.773156360061103,-9.359280771255072,-2.7357333814534406,-221.39383351418394,188.9582508706725,-211.6877050674128
3.54,-2.1022196900534653,-8.834701924848188,-0.3071512087717605,-221.16835532491098,186.51346976183842,-215.87361630898621
3.55,-1.5151501037967823,-8.375695434242164,1.8178581923247097,-220.97106190929713,184.37428629160863,-219.53628864536296
3.56,-1.0014642158221845,-7.974064754961894,3.677241418284121,-220.79843017063502,182.50250075515757,-222.7411269396926
3.57,-0.5519890638444114,-7.622637910591657,5.3042017409986055,-220.64737739930564,180.86468841076288,-225.54536044723105
3.58,-0.15869830586385997,-7.3151394217677,6.72779202337378,-220.51520622439244,179.43160260941752,-227.99906476632717
3.59,0.18543110736912252,-7.046078244046738,7.973433520452058,-220.3995564463434,178.17765253324035,-230.14605604553628
3.6,0.4865443439479822,-6.810649713540895,9.063369830395551,-220.2983628905505,177.08044621658533,-232.02467341484427
3.61,0.7500184259544844,-6.604649749348283,10.017064101596107,-220.2098185292317,176.12039068951216,-233.66846361298875
3.62,0.9805582477101737,-6.424399780679748,10.851546588896595,-220.13234221307778,175.28034210332316,-235.10678003636517
3.63,1.182280591746402,-6.266681058094779,11.58171876528452,-144.58267506144307,181.95217534040776,-224.58780853181952
3.64,1.3587876427781018,-6.128677175832932,12.220619419623956,-78.47671630376269,187.79002942285678,-215.38370846534207
3.65,1.513231312430839,-6.007923778853815,12.779657492170962,-20.634002390792347,192.89815174499967,-207.3301209071743
3.66,1.648369523376984,-5.902264556497088,13.268815805649592,29.978372283056697,197.3677587768747,-200.2832317937775
3.67,1.766615457954861,-5.809812736934952,13.696829329943393,74.26420012267461,201.27866492976534,-194.1172038195553
3.68,1.8700806507105032,-5.728917394818083,14.071341163700469,113.01429948234028,204.70070781354465,-188.72192934211088
3.69,0.7788591943716903,-4.685590470465823,10.62672114323791,146.92063642204775,207.69499533685158,-184.00106417434702
3.7,-0.17595957992477096,-3.772679411657595,7.612678625333171,176.5886812442918,210.3149969197451,-179.87030715255364
3.71,-1.0114260074341745,-2.9738822352003953,4.975391422166524,202.5482204637553,212.60749830477695,-176.25589475848443
3.72,-1.7424591315049027,-2.2749347058003457,2.6677651193957086,225.2628172807859,214.61343701667982,-173.09328391367387
3.73,-2.38211311506679,-1.6633556175753026,0.6485921044712448,245.13808949568767,216.36863338959483,-170.3259994244646
3.74,-2.9418103506834408,-1.1282239153783897,-1.1181842835876608,262.52895268372674,217.90443021589547,-167.90462549640654
3.75,-3.4315454318480105,-0.659983675956091,-2.664113623139203,277.7459579732609,219.24825243890854,-165.78592330935572
3.76,-3.8600636278670093,-0.25027346646157966,-4.016801795246803,291.0608376016033,220.42409688404496,-163.93205889568625
3.77,-4.235017049383633,0.10822296684611776,-5.200403945840952,302.71135727640285,221.45296077353933,-162.30992753372547
3.78,-4.563101293210679,0.421907345990353,-6.236055827610833,312.9055619918525,222.3532166768469,-160.8905625920098
3.79,-4.850175006559344,0.6963811777415589,-7.142251224159478,324.0348659928709,175.17781371724104,-94.22924226800858
3.8,-5.101364505739426,0.9365457805238641,-7.935172196139543,333.773006993762,133.8993361275859,-35.90058698450751
3.81,-5.321155317521997,1.146689807958381,-8.6289780466221,342.29388036954174,97.78066823663767,15.136986388555925
3.82,-5.513472277831747,1.3305658319635834,-9.236058165794336,349.74964457334903,66.17683383205795,59.794863089986436
3.83,-5.681749618102779,1.4914573529681356,-9.767253270070045,356.2734382516804,38.52347872805071,98.87050520373813
3.84,-5.828992290839931,1.6322374338471186,-10.23204898631129,361.9817577202203,14.326793012044376,133.06169205327086
3.85,-3.8338658794849394,1.3416211296162288,-9.421975113022379,366.97653725519274,-6.84530698946117,162.97898054661198
3.86,-2.088130269549322,1.0873318634142002,-8.71316047389458,371.3469693482936,-25.37089449077852,189.15660797828548
3.87,-0.5606116108556569,0.8648287554874251,-8.092947664657759,375.1710974297569,-41.58078355443121,212.0620319809998
3.88,0.7759672155013002,0.670138536051497,-7.550261456575539,378.51720950103726,-55.764436485127305,232.1042779833748
3.89,1.9454736885636377,0.4997845940450598,-7.075411024503596,381.4450575634076,-68.17513279948639,249.64124323545298
3.9,2.968791852493183,0.35072489478942737,-6.659916896440647,384.0069246179816,-79.0344920745506,264.98608783102134
3.91,3.864195245931535,0.22029765794074893,-6.296359534385566,386.2485582907339,-88.53643144023178,278.41282685214367
3.92,4.6476732151900935,0.10617382569815531,-5.97824684258737,388.20998775439216,-96.85062838520281,290.16122349562573
3.93,5.333216438291331,0.0063154724858859035,-5.699898237263949,389.9262385350931,-104.12555071205247,300.4410705586725
3.94,5.933066758504915,-0.08106058657484984,-5.456343207605955,391.42795796820644,-110.49110774804592,309.43593673883845
3.95,6.457935788691801,-0.1575146382529936,-5.243232556655211,362.99633847218064,-86.31096877954018,286.93519402148365
3.96,6.917196190105326,-0.22441193347136942,-5.05676073707331,338.1186714131581,-65.15334718209765,267.2470441437982
3.97,7.31904904134216,-0.28294706678744824,-4.893597894939146,316.35071273651334,-46.64042828433544,250.0199130008234
3.98,7.670670286174389,-0.3341653084390172,-4.750830408071752,297.3037488944492,-30.441624248793513,234.94617325072048
3.99,7.97833887540259,-0.37898126988414005,-4.625908857062783,280.63765553264307,-16.267670717694322,221.75665096938042
4.0,8.247548890977267,-0.41819523614862253,-4.5166024999299355,266.05482384106267,-3.8654613779825304,210.21581897320786
4.01,8.330363654605108,-0.06911658163004475,-2.930156312438694,253.29484611092983,6.986471794265286,200.11759097655687
4.02,8.40282657277947,0.23632724107371084,-1.542015898383857,242.12986559706357,16.481913319982127,191.28164147948726
4.03,8.466231626182037,0.5035905859394969,-0.3273930360858748,232.3605076474306,24.790424654984363,183.55018566955135
4.04,8.521711047909282,0.7374460126970598,0.7354019684248596,223.81231944150178,32.060372073111324,176.78516183585742
4.05,8.570255541920622,0.9420695111099273,1.6653475973717522,216.33265476131405,38.42157606397241,170.86576598137523
4.06,8.612731974180544,1.1211150722211864,2.4790500227002834,209.7879481661498,43.98762955597586,165.68629460870332
4.07,8.649898852407976,1.2777799381935382,3.191039644862748,204.06132989538105,48.857926361478874,161.1542571576154
4.08,8.682419870856979,1.4148616959193459,3.814030564254905,199.0505389084584,53.119436066294014,157.18872438791348
4.09,8.710875761999857,1.5348082339294278,4.359147618723042,194.6660967949011,56.84825705800726,153.7188832144243
4.1,8.735774666749874,1.6397614546882493,4.836125041382662,190.82970994553847,60.11097542575635,150.68277218762125
4.11,8.75756120840614,1.731595522852218,5.25348028620983,180.23224670234615,58.621478497536806,125.23680066416861
4.12,8.776624432355373,1.811950332495691,5.618666125433601,170.95946636455287,57.3181686853447,102.97157558114753
4.13,8.79330475331095,1.8822607909337297,5.938203734754402,162.84578356898376,56.177772599676615,83.48950363350409
4.14,8.807900034147082,1.9437824420670133,6.217799142910102,155.7463111228608,55.17992602471704,66.44269067931607
4.15,8.820670904878696,1.9976138868086366,6.462445125046339,149.53427273250318,54.30681027162741,51.526729344401566
4.16,8.831845416768859,2.044716400957557,6.6765103594155475,144.09873914094027,53.54283398767399,38.47526317635137
4.17,7.9642967396727515,2.813544350837862,5.256201689488604,139.34264724832272,52.87435473921474,27.05523027930745
4.18,7.205191647213657,3.486268806983129,4.013431603302529,135.18106684228238,52.2894353968129,17.06270149439402
4.19,6.540974691311949,4.074902706110238,2.9260077778897124,131.5396839869971,51.777630972211284,8.319238807594768
4.2,5.959784854897955,4.589957367846458,1.9745119306534984,128.35347398862245,51.32980210068487,0.6687089566454221
4.21,5.4512437480357105,5.040630196865651,1.141953064321811,125.56554024004464,50.93795183809926,-6.025504662935256
4.22,5.006270279531247,5.434968922257445,0.41346405628158456,123.12609821003906,50.59508285833685,-11.882941580068348
4.23,4.61691849458984,5.7800153069752644,-0.22396382575361357,120.99158643378416,50.29507250104474,-17.008198882559803
4.24,4.27623568276611,6.0819308936033565,-0.7817132225344119,119.12388862956115,50.03256343841415,-21.492799022239826
4.25,3.9781382224203465,6.346107031902937,-1.2697439447176104,117.489653050866,49.80286800861238,-25.416824144459845
4.26,3.717302944617803,6.57726115291507,-1.6967708266279091,116.05969691950776,49.60188450753583,-28.850346126402364
4.27,3.489072076540578,6.779521008800686,-2.0704193482994206,110.70035967956929,64.21352394409385,-27.09030298560207
4.28,3.289370066973006,6.956498382700601,-2.397361804761993,106.01093959462312,76.99870845108212,-25.55026523740181
4.29,3.1146308086013805,7.111353584863026,-2.683436454166744,101.90769702029525,88.18574489469685,-24.202732207726584
4.3,2.9617339575262083,7.246851886755148,-2.933751772395901,98.31735976775835,97.97440178285974,-23.023640806760763
4.31,2.8279492128354327,7.365412900910755,-3.1527776758464134,95.17581467178854,106.53947656000227,-21.99193583091567
4.32,2.710887561231004,7.469153788296911,-3.344425341365612,92.42696271281497,114.03391699000198,-21.08919397705121
4.33,2.1543973660771285,7.661261939759798,-3.4021506736949108,90.02171724871309,120.59155236625173,-20.29929485491981
4.34,1.6674684453174873,7.829356572289823,-3.452660339483047,87.91712746762394,126.32948332047026,-19.608133123054834
4.35,1.2414056396528013,7.976439375753595,-3.496856297047666,86.07561140917096,131.35017290541148,-19.00336660767298
4.36,0.8686006846962012,8.105136828784396,-3.535527759916708,84.4642848580246,135.74327629223507,-18.47419590671386
4.37,0.5423963491091761,8.217747100186346,-3.5693652899271195,83.05437412577152,139.5872417557057,-18.011171543374626
4.38,0.2569675554705291,8.316281087663052,-3.5989731286862296,81.82070223505008,142.95071153624247,-17.606025225452797
4.39,0.007217361036712944,8.402498326705171,-3.624879987600451,80.74123933066883,145.89374759421216,-17.251522197271196
4.4,-0.21131405909287618,8.477938410867024,-3.647548489150395,79.79670928933524,148.46890414493564,-16.941332047612295
4.41,-0.4025290517062666,8.543948484508645,-3.6673834280065956,78.97024550316834,150.7221661268187,-16.66991566666076
4.42,-0.5698421702429832,8.601707298945064,-3.6847389995057713,78.2470896902723,152.69377036096637,-16.432426333328166
4.43,-0.7162411489626104,8.65224626157693,-3.69992512456755,63.39120347898826,136.41579919084555,-6.9627479166621455
4.44,-0.8443402553422841,8.696467853879813,-3.7132129839966064,50.392303044114726,122.17257441698986,1.3232206979206227
4.45,-0.9564269734244986,8.735161747144836,-3.724839860997031,39.01826516360038,109.70975273986613,8.573443235680545
4.46,-1.0545028517464363,8.769018903751732,-3.735013378372402,29.065982018150333,98.80478377238286,14.917387956220477
4.47,-1.1403192452781319,8.798643915782765,-3.7439152060758523,20.357734265881543,89.26293592583501,20.468339586692917
4.48,-1.2154085896183653,8.82456580130992,-3.751704305316371,12.738017482646352,80.91381906010564,25.3254222633563
4.49,-1.6606413909160698,7.80495595114618,-3.3727080171518247,6.070765297315558,73.60834180259243,29.575369605436762
4.5,-2.050220092051561,6.912797332252907,-3.0410862650078463,0.23691963515111247,67.21604920226838,33.29407352975716
4.51,-2.3911014555451158,6.132158540721294,-2.7509172318818655,-4.8676953192427765,61.622793176984835,36.54793946353752
4.52,-2.6893726486019762,5.4490995981311325,-2.4970193278966324,-9.334233404337429,56.728694154861735,39.39507215559533
4.53,-2.9503599425267293,4.851423023364741,-2.2748586619095534,-13.24245422879525,52.44635751050402,41.88631326114591
4.54,-3.1787238247108878,4.328456020444149,-2.0804680791708594,-16.662147450195842,48.69931294669102,44.06614922850267
4.55,-3.378542221622027,3.87085989288863,-1.910376319274502,-19.65437901892136,45.42064895335465,45.97350569993983
4.56,-3.5533833189192734,3.470463281277551,-1.7615460293651894,-22.27258164155619,42.55181795918532,47.64244261244735
4.57,-3.706369279054364,3.120116246117857,-1.631319525694541,-24.563508936361664,40.04159083928716,49.10276241089143
4.58,-3.8402319941725684,2.813562590353125,-1.5173713349827234,-26.568070319316455,37.84514210937627,50.38054223453
4.59,-3.957361869900997,2.5453281415589846,-1.417666668109883,-46.364562529401894,49.048249845704234,47.136724455213745
4.6,-4.059850511163373,2.310622998864112,-1.3304250845961478,-63.686493213226655,58.85096911499121,44.298383898312025
4.61,-4.149528072267952,2.105255999006098,-1.2540886990216296,-78.84318256157333,67.42834847561731,41.814835911023025
4.62,-4.227995938234458,1.925559874130336,-1.187294361643926,-92.10528574137666,74.93355541616515,39.64173142214515
4.63,-4.296655320955151,1.768325764864044,-1.1288493164384354,-103.70962602370459,81.5006114891445,37.74026499437701
4.64,-4.356732280835757,1.6307459192560385,-1.0777099018836311,-113.86342377074152,87.24678555300144,36.07648187007988
4.65,-4.425140245731288,0.6166753043490336,-0.5050045391481772,-122.74799679939883,92.27468785887626,34.6206716363199
4.66,-4.484997215014877,-0.2706364836945956,-0.0038873467546550744,-130.52199819947398,96.67410237651673,33.34683768177991
4.67,-4.537372063138017,-1.0470342982327712,0.4345901965896768,-137.32424942453974,100.52359007945213,32.23223297155742
4.68,-4.583200055245765,-1.7263823859536749,0.8182580470159672,-143.27621924647227,103.89189181952062,31.256953850112744
4.69,-4.623299548340044,-2.3208119627094654,1.1539674161389712,-148.48419284066324,106.83915584208054,30.40358461884865
4.7,-4.658386604797538,-2.8409378423707823,1.4477131141215998,-153.04116973558035,109.41801186182047,29.65688654149257
4.71,-4.689087779197846,-3.2960479870744344,1.7047405998563998,-157.02852451863282,111.67451087909292,29.003525723806
4.72,-4.7159513067981145,-3.69426936369013,1.9296396498743498,-160.51745995380372,113.6489475192063,28.43183500833025
4.73,-4.73945689344835,-4.0427130682288634,2.126426318640056,-163.57027845957828,115.37657957930551,27.93160563228897
4.74,-4.760024281767306,-4.347601309700256,2.298614653810049,-166.241494652131,116.88825763189233,27.49390492825285
4.75,-4.778020746546392,-4.6143785209877235,2.449279447083793,-162.98755782061463,152.0034750529058,-11.542209437778755
4.76,-4.793767653228094,-4.847808580864259,2.5811111411983187,-160.1403630930378,182.7292902962926,-45.698809508056414
4.77,-4.807546196574582,-5.052059883256226,2.6964638735485287,-157.64906770640806,209.614378634256,-75.58583456954936
4.78,-4.819602422002759,-5.230779772849198,2.7973975143549628,-155.46918424310707,233.13883092997403,-101.7369814983557
4.79,-4.830151619252414,-5.387159676243049,2.8857144500605925,-153.5617862127187,253.72272668872728,-124.61923506106123
4.8,-4.839382166845862,-5.5239920917126675,2.9629917688030183,-151.89281293612885,271.73363547763637,-144.64120692842857
4.81,-6.937101395990129,-6.670874955248584,4.098452797702641,-150.43246131911275,287.4931806679318,-162.160432312375
4.82,-8.772605721491363,-7.674397460842511,5.091981197989811,-149.15465365422367,301.2827827094403,-177.48975452332814
4.83,-10.378672006304942,-8.552479653237196,5.961318548241085,-148.0365719474457,313.34868449576027,-190.90291145791213
4.84,-11.783980005516824,-9.320801571582546,6.72198872971095,-147.058250454015,323.9063485587902,-202.63942377567312
4.85,-13.01362450482722,-9.993083250134728,7.387575138497081,-146.20221914726312,333.1443046139414,-212.908872053714
4.86,-14.089563441723818,-10.581329718867886,7.969963246184946,-145.45319175385524,341.2275161621987,-221.89463929699974
4.87,-15.031010011508343,-11.0960453790094,8.479552840411827,-144.79779278462334,348.30032626692383,-229.7571856348748
4.88,-15.8547757600698,-11.546421581633226,8.925443735360348,-144.22431868654542,354.4890351085583,-236.63691368051545
4.89,-16.575570790061075,-11.940500758929073,9.315598268440304,-143.72252885072723,359.9041553449885,-242.65667572045103
4.9,-17.20626644130344,-12.285320039062938,9.656983484885265,-143.28346274438633,364.64238555186495,-247.92396750539467
4.91,-17.75812513614051,-12.587036909180071,9.955695549274607,-133.45365515133804,309.3145869828818,-260.92847194222037
4.92,-18.241001494122948,-12.851039170532562,10.21706860561528,-124.85257350742079,260.90276323502155,-272.30741332444285
4.93,-18.66351830735758,-13.082041149215993,10.44577002991337,-117.32662706899319,218.54241745564386,-282.2639870338875
4.94,-19.033220518937885,-13.284167880563993,10.645883776174196,-110.74142393536904,181.4771148986884,-290.97598902965154
4.95,-19.35670995407065,-13.461028770493494,10.82098330415242,-104.9793711934479,149.04497516135237,-298.5989907759451
4.96,-19.639763209811818,-13.615782049181806,10.974195391133367,-99.93757504426691,120.66685289118332,-305.269117303952
4.97,-16.753507058585342,-12.04320116803408,10.897589717241697,-95.52600341373355,95.8359959047854,-311.105478015958
4.98,-14.228032926262173,-10.667192897029821,10.830559752586485,-91.66587823701686,74.10899604168723,-316.2122936389633
4.99,-12.018243060479401,-9.463185659901093,10.771908533513175,-88.28826870738975,55.097871161476334,-320.6807573090929
5.0,-10.084676927919475,-8.409679327413457,10.720588716824029,-85.33286036896602,38.46313689129179,-324.5906630204563
5.01,-8.39280656192954,-7.487861286486774,10.675683877221026,-82.74687807284526,23.90774440488031,-328.0118305178993
5.02,-6.912419991688347,-6.681270500675927,10.636392142568399,-80.48414356373961,11.171775979270274,-331.0053520781619
5.03,-5.617081742727304,-5.9755035630914355,10.60201187474735,-78.50425086827215,0.027803606861489527,-333.62468344339163
5.04,-4.483660774886391,-5.3579574927050055,10.571929140403931,-76.77184475973813,-9.723172218996197,-335.9165983879677
5.05,-3.491917428025592,-4.81760468111688,10.545606747853439,-75.25598941477087,-18.255276066621672,-337.9220239644718
5.06,-2.6241419995223927,-4.34479597097727,10.522574654371759,-73.9296159879245,-25.720866933293962,-339.67677134391283
5.07,-1.8648384995820935,-3.931088349605111,10.502421572575289,-32.29153923943394,-21.573883566632215,-329.8678014259237
5.08,-1.2004479371343317,-3.569094180904472,10.484787626003378,4.141777915495307,-17.945273120803186,-321.28495274768323
5.09,-0.6191061949925403,-3.252349283291413,10.469357922752955,36.0209304260584,-14.770238980702787,-313.7749601542228
5.1,-0.11043217061847277,-2.9751974978799867,10.455856932408837,63.9151888728011,-11.99208410811494,-307.20371663494495
5.11,0.3346576007088363,-2.7326896856449885,10.444043565857733,88.32266501370097,-9.561198594600572,-301.4538785555768
5.12,0.7241111506202318,-2.520495349939365,10.433706870125517,109.67920663698834,-7.4341737702755015,-296.4227702361297
5.13,0.01017125679270281,-1.662512556196944,8.905799636359827,128.3661805573648,-5.573027048991064,-292.0205504566135
5.14,-0.614526150306385,-0.9117776116723261,7.568880806814848,144.7172827376942,-3.9445236678671813,-288.1686081495368
5.15,-1.1611363815180868,-0.25488453521328536,6.399076830962992,159.02449714548243,-2.519583209383784,-284.7981586308447
5.16,-1.639420333828326,0.3198969066883753,5.375498352092618,171.54330975229712,-1.2727603082108112,-281.8490153019891
5.17,-2.0579187920997852,0.8228306683523283,4.47986718308104,182.49727078325998,-0.18179026968445977,-279.26851488924046
5.18,-2.424104943087312,1.2628977098082874,3.6961899101959097,192.0819866853525,0.7728085140260977,-277.0105770280854
5.19,-2.744517825201398,1.6479563710822513,3.0104722964214212,200.4686130996834,1.6080824497728354,-275.0348813995747
5.2,-3.0248790970512234,1.98488269969697,2.4104693843687435,207.80691121222299,2.338947143551231,-273.30614772462786
5.21,-3.2701952099198204,2.2796932372348486,1.8854668363226508,214.2279220606951,2.9784537506073274,-271.79350575904937
5.22,-3.484846808679843,2.5376524575804926,1.4260896067823194,219.8463065531082,3.538022031781411,-270.4699440391682
5.23,-3.6726669575948625,2.763366775382931,1.0241345309345296,243.23802048396968,-1.2704808471912648,-202.42682440927214
5.24,-3.837009587895505,2.960866803460065,0.6724238395677133,263.70577017347347,-5.477920866292356,-142.88909473311313
5.25,-3.9808093894085665,3.133679328027557,0.3646769846217492,281.6150511517893,-9.159430883005811,-90.79358126647398
5.26,-4.1066342157324955,3.2848902870241123,0.09539848654403055,297.2856720078156,-12.380752147630083,-45.210006983164725
5.27,-4.2167309387659335,3.4171998761460984,-0.14022019927397325,310.9974652568386,-15.199408254176323,-5.324379485269134
5.28,-4.313065571420192,3.532970766627836,-0.34638654936472657,322.99528434973377,-17.665732347404283,29.57554457538951
5.29,-3.212041874992668,2.7631329207993565,-1.805079230694136,333.49337605601704,-19.823765928978748,60.112978128465826
5.3,-2.2486461406185843,2.089524805699437,-3.0814353268573687,342.67920629901494,-21.712045312856404,86.8332324874076
5.31,-1.4056748730412614,1.5001177049870074,-4.198246911000198,350.71680776163805,-23.364289773749356,110.21345505148165
5.32,-0.6680750139111037,0.9843864918636315,-5.175457047125174,357.74970904143333,-24.810003677030686,130.67114979504643
5.33,-0.02267513717221581,0.5331216803806775,-6.030515916234528,363.90349766125416,-26.07500334240185,148.57163269566564
5.34,0.5420497549743111,0.13826497033309282,-6.778692426705212,369.28806270359735,-27.181878049601618,164.23455523370745
5.35,1.0361840356025223,-0.20723465095854382,-7.433346873367061,373.9995571156477,-28.150393418401418,177.93961245449404
5.36,1.4685515311522068,-0.5095468195887258,-8.006169514196179,378.12211472619174,-28.99784436610124,189.9315375226823
5.37,1.8468730897581809,-0.7740699671401351,-8.507389324921656,381.72935263541774,-29.739363945338585,200.42447195734704
5.38,2.1779044535384084,-1.0055277212476184,-8.945956659306448,384.88568580599053,-30.38819357717126,209.60578958767866
5.39,2.4675568968461072,-1.2080532560916661,-9.329703076893143,369.10622533024167,-18.754043880024856,208.41694201421882
5.4,2.7210027847403437,-1.3852630990802077,-9.6654811922815,355.29919741396145,-8.57416289502175,207.37670038744147
5.41,2.942767936647801,-1.540321711695182,-9.959287043246313,343.21804798721627,0.33323296685596837,206.46648896401132
5.42,3.136812444566826,-1.6759979977332842,-10.216367162840523,332.6470422388142,8.127204345998972,205.67005396850993
5.43,3.306601388995973,-1.7947147480166237,-10.441312267485458,323.3974122089624,14.946929302749101,204.97317334744622
5.44,3.4551667153714765,-1.8985919045145456,-10.638139234049776,315.30398593284207,20.914188639905465,204.36340280401544
5.45,3.548918875950042,-2.2437065414502273,-8.631952829793555,308.2222379412368,26.13554055991728,203.8298535785135
5.46,3.6309520164562863,-2.545681848768949,-6.87653972606936,302.0257084485822,30.70422348992762,203.36299800619935
5.47,3.7027310143992502,-2.80991024267283,-5.34055326031069,296.6037451425094,34.70182105368667,202.9544993804244
5.48,3.7655376375993437,-3.0411100873387262,-3.9965651027718536,291.8595272496957,38.19971892197584,202.5970630828714
5.49,3.8204934328994256,-3.2434099514213854,-2.820575464925372,287.70833659348375,41.26037955672886,202.28430632251246
5.5,3.8685797537869973,-3.4204223324937124,-1.7915845318097001,284.0760447692983,43.938457612137746,202.01064415719839
5.51,3.9106552845636227,-3.5753081659319985,-0.8912174653334876,280.897789423136,46.281775910620524,201.7711897625486
5.52,3.9474713739931695,-3.7108332701904985,-0.10339628216680163,278.116815995244,48.33217942179296,201.56166716723004
5.53,3.979685452244023,-3.829417736416686,0.5859472531040486,275.6834642458385,50.12628249406884,201.3783348963263
5.54,4.00787277071352,-3.9331791443646003,1.1891228464660424,273.55428146510866,51.69612268231023,201.2179191592855
5.55,4.032536674374331,-4.023970376319025,1.7169014906577873,256.7987465319701,55.74723272202145,184.9075546393748
5.56,4.0541175900775395,-4.1034127042791475,2.178707804325564,242.13765346547382,59.29195400676877,170.63598568445295
5.57,4.0730008913178475,-4.172924741244254,2.5827883287848685,229.3091970322896,62.39358513092267,158.14836284889634
5.58,4.089523779903117,-4.233747773588722,2.93635878768676,218.0842976532534,65.10751236455734,147.2216928677843
5.59,4.103981307415228,-4.2869679268901315,3.245732939225915,208.26251069659673,67.48219869398767,137.66085663431127
5.6,4.116631643988324,-4.3335355610288655,3.5164353218226756,199.66844710952213,69.56004923223921,129.29512493002238
5.61,4.424557563489784,-2.932843240900257,2.988580531594841,192.14864147083188,71.37816845320931,121.97510968876958
5.62,4.693992743053561,-1.707237460787725,2.5267075901454854,185.56881153697788,72.96902277155814,115.57009635267337
5.63,4.929748525171865,-0.6348324031892593,2.1225687663772996,179.81146034485565,74.36102030011338,109.96570968358921
5.64,5.136034834525382,0.30352202220939817,1.7689472955801373,174.77377805174868,75.5790181375992,105.06187134814056
5.65,5.316535355209709,1.1245821444332234,1.4595285086326202,170.3658060452801,76.64476624539931,100.77101280462298
5.66,5.474473310808495,1.8430097513790704,1.1887870700535428,166.50883053962008,77.5772958397244,97.01651157904512
5.67,5.612669021957434,2.4716339074566864,0.9518883112968499,163.13397697216757,78.39325923475884,93.73132300666448
5.68,5.733590269212755,3.0216800440246008,0.7446018973847437,160.18098010064662,79.10722720541399,90.85678300583142
5.69,5.83939636056116,3.502970413521526,0.5632262852116507,157.5971078380658,79.73194917973724,88.34156050510249
5.7,5.931976690491015,3.9240994868313352,0.4045226245601944,155.33621960830757,80.27858090727008,86.14074081696468
5.71,6.0129844791796385,4.292587425977419,0.2656569214901701,146.18731690726912,81.60125804386132,82.2112732148441
5.72,6.083866294282184,4.615014372730242,0.14414943130389885,138.18202704386047,82.75860053837866,78.77298906298859
5.73,6.145887882496911,4.897137951138961,0.03783037739091148,131.17739841337792,83.77127522108132,75.76449043011502
5.74,6.200156772184798,5.143996082246591,-0.055198794782952455,125.04834836170568,84.65736556844617,73.13205412635064
5.75,6.247642050661698,5.359996946965768,-0.13659932043508338,119.68542956649247,85.4326946223904,70.82867236055681
5.76,6.289191669328986,5.548997703595047,-0.20782478038069796,114.9928756206809,86.1111075445916,68.8132133154872
5.77,5.7901848356628625,6.306323615645666,-0.5448190578331107,110.88689091809579,86.70471885151765,67.0496866510513
5.78,5.3535538562050045,6.9689837886899575,-0.8396890506039718,107.29415430333381,87.22412874507795,65.5066008196699
5.79,4.971501749179379,7.548811440103713,-1.0977002942784755,104.15050976541708,87.67861240194321,64.15640071721117
5.8,4.637206155531956,8.056160635090748,-1.3234601324936661,101.39982079473995,88.07628560170032,62.97497562755977
5.81,4.3446975110904615,8.500091180704406,-1.5209999909319578,98.99296794539745,88.42424965148778,61.9412286741148
5.82,4.088752447204154,8.888530408116356,-1.693847367065463,96.88697170222277,88.72871819505181,61.03670008985045
5.83,3.8648005163036347,9.228414732101811,-1.8450888211822802,95.04422498944491,88.99512817067034,60.24523757861914
5.84,3.6688425767656803,9.525813515589086,-1.9774250935344952,93.43182161576429,89.22823689933655,59.552707881291745
5.85,3.49737937966997,9.786037451140452,-2.0932193318426835,92.02096866379375,89.43220703691948,58.94674439613028
5.86,3.347349082211224,10.013733394747895,-2.194539290362348,90.78647233081954,89.61068090730454,58.41652634661399
5.87,3.216072571934821,10.212967345404408,-2.2831942540670545,82.7412882894671,85.10309591889147,55.590085428287246
5.88,3.1012056254429683,10.387297052228856,-2.3607673473086725,75.7017522532837,81.15895905403003,53.11694962475134
5.89,3.000697047262597,10.53983554570025,-2.4286438038950884,69.54215822162323,77.70783929727628,50.95295579665743
5.9,2.9127520413547723,10.67330672748772,-2.4880357034082023,64.15251344392031,74.68810951011675,49.05946119707525
5.91,2.8358001611854258,10.790094011551755,-2.5400036154821772,59.43657426343027,72.04584594635215,47.40265342244084
5.92,2.7684672660372476,10.892282885107786,-2.585475538546905,55.31012748050149,69.73386532805813,45.95294661963574
5.93,2.3846902327825914,10.319209649469313,-2.629043971228542,51.69948654543881,67.71088228705086,44.684453167181275
5.94,2.0488853286847672,9.817770568285649,-2.6671663498249742,48.54017572725896,65.9407721261695,43.574521396283615
5.95,1.7550560375991715,9.379011372249943,-2.7005234310968524,45.775778761351596,64.39192573539832,42.603331096748164
5.96,1.4979554078992752,8.9950970757187,-2.729710877209746,43.35693141618265,63.03668514347353,41.753539584654646
5.97,1.272992356911866,8.659172066253863,-2.7552498925585276,41.24043998915982,61.85084962553934,41.00997201157282
5.98,1.0761496872978829,8.36523768297213,-2.7775965309887116,39.38850999051484,60.81324354734692,40.35935038512622
5.99,0.9039123513856475,8.108045097600614,-2.797149839615123,37.76807124170049,59.90533822892856,39.79005646198544
6.0,0.7532046824624415,7.883001585400537,-2.8142589846632324,36.35018733648793,59.11092107531249,39.291924279237264
6.01,0.6213354721546364,7.68608851222547,-2.8292294865803282,35.10953891942694,58.41580606589843,38.85605861933261
6.02,0.5059499131353068,7.513789573197286,-2.8423286757577872,34.02397155449857,57.807580432661126,38.47467616691603
6.03,0.40498754899339345,7.363028001547625,-2.8537904662880638,24.00910011018625,61.78600837857849,31.82346677105153
6.04,0.31664548036921925,7.2311116263541715,-2.8638195330020557,15.24608759641297,65.26713283125618,26.003658549670092
6.05,0.23934617032306682,7.1156847980599,-2.872594966376799,7.57845164686135,68.31311672734915,20.911326355961332
6.06,0.17170927403268346,7.014686323302412,-2.880273470579699,0.8692701910036806,70.97835263643051,16.455535686466167
6.07,0.11252698977859801,6.92631265788961,-2.8869921617572367,-5.001263582871779,73.3104340568767,12.556718850657896
6.08,0.060742491056273266,6.848985700653408,-2.892871016537582,-10.137980635012806,75.35100529976711,9.145254119325658
6.09,-0.6869060703257609,6.261628863071732,-2.714770639470384,-14.632608055636204,77.13650513729621,6.160222479409951
6.1,-1.3410985615350408,5.747691630187766,-2.5589328095365858,-18.565407048681678,78.69881749513418,3.5483197944837066
6.11,-1.9135169913431607,5.297996551414295,-2.4225747083445124,-22.00660616759647,80.0658408082424,1.2629049451732433
6.12,-2.414383117425266,4.904513357487509,-2.303261369801448,-25.017655396646912,81.26198620721209,-0.7368330479734122
6.13,-2.8526409777471073,4.56021556280157,-2.198862198576267,-27.652323472066048,82.30861343131058,-2.4866037919767354
6.14,-3.2361166055287187,4.258954992451374,-2.107512923754234,-29.95765803805779,83.22441225239675,-4.017653192979644
6.15,-3.571657779837629,3.9953519933949524,-2.0275823082849547,-31.974825783300567,84.02573622084715,-5.357321418857189
6.16,-3.8652563073579254,3.7646993692205832,-1.9576430197493353,-33.739847560388,84.72689469324125,-6.52953111650004
6.17,-4.122155018938185,3.56287832306801,-1.8964461422806684,-35.284241615339496,85.3404083565861,-7.555214601937536
6.18,-4.346941391570912,3.3862849076845087,-1.842898874495585,-36.63558641342206,85.87723281201283,-8.452687651695344
6.19,-4.543629467624548,3.231765669223945,-1.796045015183637,-47.915512986744304,90.45507908551123,-25.981101070233425
6.2,-4.715731534171479,3.096561335570952,-1.7550478882856824,-57.785448738401264,94.46069457482233,-41.318462811454246
6.21,-4.866320842400044,2.978257543624583,-1.7191754022499721,-66.4216425211011,97.96560812796953,-54.73865433502246
6.22,-4.998086487100038,2.8747417256715098,-1.6877869769687257,-73.97831208096346,101.03240748697334,-66.48132191814464
6.23,-5.113381426212533,2.784165384962571,-1.660322104847635,-80.59039794584304,103.71585692610167,-76.75615605337656
6.24,-5.214264497935966,2.70491108684225,-1.6362903417416808,-86.37597307761266,106.06387518533896,-85.74663592170448
6.25,-5.87063168569397,1.7826258259869685,-1.5591677990239705,-91.43835131791107,108.11839116217159,-93.61330580649141
6.26,-6.444952974982224,0.9756262227385973,-1.4916855741459742,-95.86793227817219,109.91609264190014,-100.49664195567998
6.27,-6.947484103109446,0.2695015698962726,-1.4326386273777274,-99.74381561840066,111.48908143666262,-106.51956108621998
6.28,-7.387198840220765,-0.3483575013407615,-1.3809725489555116,-103.13521354110058,112.86544663207978,-111.78961532544248
6.29,-7.771949235193169,-0.8889841886731664,-1.3357647303360727,-106.10268672346301,114.06976617806981,-116.40091278476217
6.3,-8.108605830794023,-1.3620325400890207,-1.2962078890440636,-108.69922575803014,115.12354578081109,-120.4357980616669
6.31,-8.403180351944771,-1.775949847577893,-1.2615956529135555,-110.97119741327637,116.0456029332097,-123.96632267895853
6.32,-8.660933057951675,-2.1381274916306565,-1.231309946299361,-112.95917261161682,116.85240294155848,-127.05553171908872
6.33,-8.886466675707716,-2.4550329301768246,-1.204809953011941,-114.69865091016472,117.55835294886367,-129.75858962920262
6.34,-9.083808591244251,-2.7323251889047215,-1.1816224588854483,-116.22069442139413,118.17605920525571,-132.1237653005523
6.35,-9.25648276733872,-2.9749559152916314,-1.1613334015247672,-108.80685761871986,139.48467630459874,-164.69142051298326
6.36,-9.40757267142138,-3.1872578008801775,-1.1435804763341713,-102.31975041637988,158.1297162665239,-193.18811882386035
6.37,-9.53977633749371,-3.373021950770155,-1.1280466667923998,-96.64353161433239,174.4441262332084,-218.1227298458778
6.38,-9.655454545306997,-3.5355655819238856,-1.11445458344335,-91.67684016254084,188.71923495405736,-239.9405144901431
6.39,-9.756672977143623,-3.6777912591833997,-1.1025615105129312,-87.33098514222323,201.20995508480019,-259.0310760538752
6.4,-9.84523910500067,-3.8022387267854745,-1.0921550716988149,-83.52836199944532,212.13933519920016,-275.7353174221408
6.41,-9.056807966875587,-3.76341088593729,-1.677186062736463,-80.20106674951465,221.70254279930015,-290.3515286193732
6.42,-8.366930721016137,-3.729436525195129,-2.189088179894405,-77.28968340582531,230.07034944938763,-303.14071341695154
6.43,-7.76328813088912,-3.6997089595457378,-2.6370025324076045,-74.74222298009714,237.3921802682142,-314.3312501148326
6.44,-7.23510086452798,-3.6736973396025205,-3.028927590856654,-72.51319510758499,243.79878223468742,-324.1229697254785
6.45,-6.772937006461983,-3.6509371721522057,-3.3718620169995726,-70.56279571913687,249.4045589553515,-332.6907243847937
6.46,-6.368543630654235,-3.63102202563318,-3.671929639874626,-68.85619625424476,254.30961358593254,-340.18750971169453
6.47,-6.014699426822456,-3.613596272429033,-3.934488809890298,-67.36292172246416,258.601536387691,-346.74719687273273
6.48,-5.705085748469649,-3.598348738375404,-4.16422808365401,-66.05630650715614,262.35696883922964,-352.48692313864115
6.49,-5.434173779910943,-3.5850071460784787,-4.365249948197259,-64.91301819376162,265.64297223432595,-357.509183621311
6.5,-5.197125807422076,-3.573333252818669,-4.541144079672601,-63.91264091954142,268.5182252050352,-361.90366154364716
6.51,-4.989708831494316,-3.563118596216335,-4.695051444713526,-73.03856167959873,240.7196971794058,-356.9944533506913
6.52,-4.808218977557527,-3.5541807716892935,-4.8297203891243345,-81.0237423446489,216.3959851569801,-352.6988961818549
6.53,-4.6494153553628355,-3.546360175228132,-4.947555715483793,-88.01077542656779,195.11273713735758,-348.94028365912305
6.54,-4.510462185942481,-3.5395171533246157,-5.050661626048318,-94.12442937324681,176.4898951201879,-345.6514977017327
6.55,-4.388878162699672,-3.5335295091590386,-5.140879297792278,-99.47387657659095,160.19490835516442,-342.7738099890161
6.56,-4.282492142362212,-3.528290320514159,-5.219819760568242,-104.15464287951707,145.93679493576886,-340.2558332403891
6.57,-2.3651633745669356,-3.007614030449889,-2.609123040497212,-108.25031339457743,133.46094569379775,-338.0526035853405
6.58,-0.6875007027460684,-2.552022276643653,-0.3247634104350605,-111.83402509525524,122.54457760707304,-336.12477763717294
6.59,0.7804541350971902,-2.153379492063196,1.674051265869322,-114.96977283334834,112.9927555311889,-334.43792993252634
6.6,2.0649146182100413,-1.8045670555552966,3.423014107635657,-117.7135521041798,104.63491121479029,-332.96193819096055
6.61,3.188817540933786,-1.4993561736108847,4.9533565941812,-120.11435896615731,97.32179743794151,-331.6704454170905
6.62,4.172232598317063,-1.2322966519095242,6.2924062699085495,-122.21506497038766,90.92282288319882,-330.5403892399542
6.63,5.03272077352743,-0.9986195704208337,7.464074736169981,-124.0531827240892,85.32372014779897,-329.55159008495997
6.64,5.785647926836502,-0.7941521241182294,8.489284644148732,-125.66153575857805,80.42450525432409,-328.68639082434
6.65,6.444459185981939,-0.6152431086034508,9.38634331363014,-127.06884466375578,76.13769222253357,-327.9293414712975
6.66,7.020919037734197,-0.4586977200280194,10.171269649426375,-128.3002399557863,72.38673081971687,-327.26692328738534
6.67,7.525321408017422,-0.321720505024517,10.858080193248078,-71.47021108631301,74.15338959225227,-313.56668300146214
6.68,7.966673482015246,-0.2018654418964524,11.459039419092068,-21.743935825523884,75.69921601822072,-301.57897275127937
6.69,8.35285654676334,-0.09699226165939583,11.984878741705561,21.7665550276666,77.05181414094314,-291.08972628236944
6.7,8.690766728417922,-0.00522822895197135,12.444988148992365,59.838234524208275,78.23533749832524,-281.9116356220733
6.71,8.986438137365681,0.07506529966702508,12.847583880368319,93.15095408368225,79.27092043603459,-273.8808062943141
6.72,9.245150620194972,0.14532213720864695,13.199855145322278,122.29958369822197,80.17705550653027,-266.8538306325248
6.73,7.527798417670599,0.5258176200575662,10.785453877156995,147.80463461094422,80.96992369321399,-260.7052269284592
6.74,6.0251152404617745,0.8587511675503704,8.67285276751237,170.1215541595762,81.66368335656223,-255.3251986874018
6.75,4.710267460404053,1.150068021606574,6.824326796573325,189.64885876462918,82.27072306199194,-250.6176739764766
6.76,3.5597756528535456,1.4049702689057524,5.206866572001659,206.73525029405053,82.80188280424295,-246.49858985441702
6.77,2.553095321246852,1.6280097352925331,3.7915888755014517,221.68584288229422,83.26664757871258,-242.8943912476149
6.78,1.6722500310909958,1.8231692683809664,2.55322089106377,234.76761139700744,83.67331675637351,-239.74071746666303
6.79,0.9015104022046212,1.9939338598333456,1.4696489046807986,246.21415884738153,84.02915228682681,-236.98125290833016
6.8,0.22711322692904345,2.1433528773541775,0.5215234165956987,256.22988786645885,84.34050837597346,-234.5667214197889
6.81,-0.36298430143708704,2.2740945176849054,-0.30808638547876366,264.9936507581515,84.61294495397676,-232.45400636731532
6.82,-0.8793196387574512,2.3884934529742923,-1.0339949622939182,272.66194328838253,84.85132695972966,-230.6053806964009
6.83,-1.33111305891277,2.4885925213525057,-1.6691649670071784,283.5410755023347,62.22678596476345,-171.6578327343508
6.84,-1.7264323015486738,2.5761792061834425,-2.224938721131281,293.06031618954285,42.43031259416802,-120.07872826755693
6.85,-2.0723366388550897,2.652817555410512,-2.7112407559898712,301.38965179085,25.108398394897023,-74.94701185911231
6.86,-2.3750029339982035,2.719876110984198,-3.1367550364911376,308.67782044199373,9.951723470534896,-35.45676000172327
6.87,-2.6398359422484283,2.778552347111173,-3.5090800319297455,315.0549680117445,-3.310367088281966,-0.902789626507861
6.88,-2.8715648244673746,2.8298940537222763,-3.8348644029385275,320.6349721352764,-14.91469632724672,29.33193445180562
6.89,-1.7433372214089529,2.3243859220069916,-3.9205943525712117,325.5174757433669,-25.06848441134088,55.78731802032992
6.9,-0.7561380687328336,1.8820663067561174,-3.99560805849981,329.78966640044604,-33.95304898492327,78.93577864278868
6.91,0.1076611898587706,1.4950366434116027,-4.061245051187334,333.5278332253903,-41.72704298680786,99.19068168744009
6.92,0.8634855411264243,1.1563856879851524,-4.118677419788917,336.7987291972165,-48.52928773845687,116.91372185151008
6.93,1.5248318484856211,0.8600661019870084,-4.168930742315303,339.66076317256443,-54.48125189614976,132.4213819950713
6.94,2.1035098674249184,0.6007864642386322,-4.21290239952589,342.16504290099385,-59.68922053413104,145.99058462068737
6.95,2.6098531339968036,0.3739167812088032,-4.251377599585154,344.35628766336964,-64.24619309236466,157.86363691810143
6.96,3.052903492247203,0.17540580855770277,-4.28504339963701,346.27362683044845,-68.23354408081909,168.25255767833875
6.97,3.4405725557163027,0.00170870748798993,-4.3145009746823835,347.9512986016424,-71.7224761957167,177.3428633435464
6.98,3.779782986251765,-0.1502762559480088,-4.340276352847086,349.4192614014371,-74.7752917962521,185.2968808006031
6.99,4.076592112970294,-0.2832630989545077,-4.362829808741201,329.40622910125745,-55.14275494672059,176.79977082552773
7.0,4.336300098849007,-0.39962658658519423,-4.382564082648551,311.8948258386003,-37.96428520338052,169.36479959733677
7.01,4.563544586492881,-0.501444638262045,-4.399831572317482,296.5723479837753,-22.93312417795795,162.85919977266968
7.02,4.7623835131812715,-0.5905354334792894,-4.414940625777797,283.1651798608034,-9.780858280713206,157.166799926086
7.03,4.936367574033612,-0.6684898792943783,-4.428161047555573,271.43390775320296,1.727374379375945,152.18595006032524
7.04,5.0886036272794115,-0.736700019382581,-4.439728916611126,261.1690446590526,11.797077956953952,147.8277064277846
7.05,6.054604298869485,-1.3382438919597583,-3.3880110520347353,252.187289451671,20.608068587334706,144.01424324931153
7.06,6.899854886510799,-1.8645947804647887,-2.4677579205303934,244.32825364521213,28.317685388917866,140.67746296814758
7.07,7.639449150696949,-2.32515180790669,-1.6625364304640944,237.45159731456062,35.06360009030313,137.75778022212913
7.08,8.28659413185983,-2.728139206918354,-0.9579676266560826,231.43452302524054,40.96627545401524,135.20305781936298
7.09,8.852845990377352,-3.08075318105356,-0.3414699233240723,226.16958302208545,46.131116397263334,132.9676757169426
7.1,9.348316366580182,-3.389290408421865,0.19796556709143676,221.56276051932477,50.65035222260542,131.01171637732477
7.11,9.78185294575766,-3.659260482369132,0.6699716212050071,217.53179082940918,54.604683569779745,129.30025195515918
7.12,10.161197452537952,-3.895484297072991,1.0829769185543812,214.00469235073302,58.06472349855728,127.80272058576429
7.13,10.493123895970708,-4.102180134938867,1.4443565537350835,210.9184811818914,61.09225843623762,126.49238063754376
7.14,10.783559533974369,-4.283038993071509,1.7605637345181981,208.21804640915497,63.74135150670792,125.3458331828508
7.15,11.037690717227573,-4.44129049393757,2.037245017703423,205.5751658580106,69.14805781836944,118.07322903499444
7.16,11.260055502574126,-4.579760557195374,2.2793411404904953,203.26264537575926,73.87892584107325,111.70970040562013
7.17,11.454624689752361,-4.700921862545952,2.4911752479291835,201.23918995378935,78.0184353609391,106.14161285491761
7.18,11.624872728533315,-4.806938004727708,2.6765300919380355,199.4686664595657,81.64050619082171,101.2695362480529
7.19,11.77383976246665,-4.899702129136744,2.8387155804457813,197.91945840212,84.809818166969,97.00646921704629
7.2,11.904185917158319,-4.9808707379946515,2.9806278828900585,196.563901351855,87.58296614609787,93.2762855649155
7.21,11.37125455251353,-3.9298682707453203,2.2500801475288013,195.37778893287313,90.00947062783564,90.01237486930106
7.22,10.90493960844934,-3.0102411119021553,1.610850879087701,194.339940566264,92.13266204935618,87.15645301063842
7.23,10.496914032393173,-2.205567347914386,1.0515252692017383,193.431823245481,93.99045454318666,84.65752138430861
7.24,10.139891653344026,-1.5014778044250878,0.562115360551521,192.6372205897959,95.61602297528833,82.47095621127002
7.25,9.827497071676024,-0.8853994538719518,0.13388169048258086,191.9419432660714,97.03839535337728,80.55771168486126
7.26,9.554151812716523,-0.34633089713795784,-0.24082277082774176,191.3335756078125,98.28297118420512,78.8836227242536
7.27,9.314974711126958,0.12535409000428688,-0.568689174474274,190.80125390683594,99.37197503617948,77.41879488372189
7.28,9.10569474723609,0.5380784537537511,-0.8555722776649898,190.33547241848146,100.32485340665704,76.13707052325665
7.29,8.92257477883158,0.8992122720345321,-1.106594992956866,189.92791361617128,101.15862198082492,75.01556170784957
7.3,8.762344806477632,1.2152043630302156,-1.3262398688372576,189.57129966414988,101.8881694832218,74.03424149436837
7.31,8.62214358066793,1.4916974426514387,-1.5184291352326005,178.22551270613116,99.15339879781908,71.40371143257232
7.32,8.499467508084438,1.7336288873200087,-1.6865947433285253,168.29794911786476,96.76047444809168,69.10199762850078
7.33,8.392125944573884,1.9453189014050076,-1.8337396504124597,159.61133097813166,94.66666564208022,67.08799804993818
7.34,8.298202076502148,2.1305476637293816,-1.9624914441109023,152.0105401058652,92.83458293682018,65.32574841869591
7.35,8.21601869193938,2.292622830763209,-2.0751492635970394,145.35984809263206,91.23151056971766,63.78377999135892
7.36,8.144108230446959,2.434438601917808,-2.17372485564741,139.54049258105306,89.82882224850295,62.434557617439054
7.37,7.396004951641088,3.218881901678082,-2.3332338736914835,134.44855650842143,88.60146996744007,61.25398804025917
7.38,6.741414582685952,3.905269788968322,-2.472804264480048,129.99311244486876,87.52753672151006,60.22098966022678
7.39,6.168648009850208,4.505859190347282,-2.5949283564200423,126.09459888926017,86.5878451313213,59.31711607769843
7.4,5.6674772586189315,5.031374916553872,-2.701786936867537,122.68339952810265,85.76561498990614,58.52622669298613
7.41,5.228952851291565,5.491201176984639,-2.795288194759095,119.69860008708983,85.04616361616787,57.83419848136286
7.42,4.845243994880119,5.893549154861558,-2.877101795414208,117.08690057620359,84.41664366414689,57.2286737961925
7.43,4.509498745520103,6.245603635503864,-2.948688695987432,114.80166350417815,83.86581370612852,56.69883969666844
7.44,4.21572165233009,6.5536513060658805,-3.011327233989003,112.80208106615589,83.38383749286245,56.23523485958489
7.45,3.958666695788829,6.823193017807645,-3.0661359547403775,111.0524464328864,82.96210830625465,55.82958062713678
7.46,3.7337436088152254,7.059042015581689,-3.11409358539783,109.5215161287756,82.59309526797281,55.47463317374468
7.47,3.5369359077133224,7.265409888633977,-3.1560565122231012,93.22382661267865,88.11520898447621,47.3021790270266
7.48,3.3647291692491574,7.44598177755473,-3.1927740731952134,78.96334828609382,92.94705848641668,40.15128164864828
7.49,3.2140482730930127,7.603982180360388,-3.224901939045812,66.48542975033209,97.17492680061459,33.89424644256725
7.5,3.082202488956386,7.74223253281534,-3.2530138216650855,55.56725103154058,100.87431157553776,28.419340637246346
7.51,2.966837427836838,7.863201591213423,-3.27761171895695,46.013844652598,104.11127325359554,23.628798057590554
7.52,2.8658929993572335,7.9690495173117455,-3.299134879087331,37.65461407102325,106.9436147218961,19.437073300391734
7.53,1.9562428744375795,7.216157077647777,-3.0971685192014147,30.340287312145342,109.42191350665908,15.769314137842766
7.54,1.160299015132882,6.557376192941804,-2.920447954301238,23.940251398127174,111.5904249433267,12.56002487061242
7.55,0.4638481382412718,5.980942918824079,-2.765817460013583,18.34021997336128,113.48787245041085,9.751896761785867
7.56,-0.14554637903888717,5.476563803971069,-2.630515777511885,13.440192476691118,115.1481390191095,7.294784666562633
7.57,-0.6787665816590263,5.035232078474685,-2.5121268053228993,9.152668417104728,116.6008722667208,5.144811583242303
7.58,-1.145334258951648,4.649066818665349,-2.4085364546575367,5.401084864966636,117.8720138583807,3.2635851353370153
7.59,-1.553580976582692,4.311172216332181,-2.3178948978253446,2.118449256845807,118.98426275108311,1.6175119934198883
7.6,-1.9107968545098555,4.015514439290658,-2.2385835355971766,-0.7538569002599189,119.95748053219772,0.17719799424240223
7.61,-2.2233607476961232,3.7568138843793255,-2.1691860936475296,-3.267124787727429,120.80904609067301,-1.083076755037898
7.62,-2.496854154234108,3.53045089883191,-2.1084633319415884,-5.466234189261501,121.55416595433887,-2.1858171606581607
7.63,-2.7361608849548444,3.3323832864779215,-2.0553309154488897,-23.332954665603815,122.07926996004652,-14.425090140575891
7.64,-2.945554274335489,3.1590741256681816,-2.0088400510177786,-38.96633508240334,122.5387359650407,-25.134453998003906
7.65,-3.128773490043553,3.007428609959659,-1.9681605446405563,-52.645542947102925,122.94076871941061,-34.50514737325342
7.66,-3.289090303788109,2.874738783714702,-1.9325659765604868,-64.61484982871507,123.29254737948429,-42.70450407659675
7.67,-3.4293675158145955,2.7586351857503644,-1.901420729490426,-75.08799335012569,123.60035370704875,-49.878941192022154
7.68,-3.5521100763377706,2.657044537531569,-1.8741686383041227,-84.25199393135998,123.86968424366766,-56.15657366801939
7.69,-4.02758856679555,1.7514450953401228,-1.4572480585161074,-92.27049443993998,124.10534846320921,-61.64950208451697
7.7,-4.443632245946106,0.9590455834226074,-1.092442551201594,-99.28668238494748,124.31155465530806,-66.45581444895235
7.71,-4.807670465202843,0.2656960104947814,-0.7732377323013948,-105.42584683682905,124.49198507339455,-70.6613377678333
7.72,-5.126203907052488,-0.3409848658170662,-0.49393351576372047,-110.79761573222542,124.64986168922023,-74.34117067185414
7.73,-5.404920668670927,-0.871830632589933,-0.24954232629325543,-115.49791351569725,124.78800372806771,-77.56102446287238
7.74,-5.648797835087062,-1.3363206785161914,-0.035700035506598504,-119.61067407623509,124.90887801205925,-80.37839653001333
7.75,-5.86219035570118,-1.7427494687016676,0.15141196893172632,-123.2093395667057,125.01464301055184,-82.84359708876167
7.76,-6.048908811238532,-2.0983746601139592,0.3151349728152605,-126.35817187086748,125.10718738423286,-85.00064757766646
7.77,-6.212287459833716,-2.409546702599714,0.4583926012133529,-129.11340013700905,125.18816371120376,-86.88806675545815
7.78,-6.355243777354501,-2.68182223977475,0.5837430260616838,-131.52422486988291,125.25901799730329,-88.5395585360259
7.79,-6.480330555185189,-2.9200633348029066,0.6934246478039734,-138.12682213614755,131.54226599764038,-106.67086509402266
7.8,-6.58978148578704,-3.128524292952543,0.7893960668284767,-143.9040947441291,137.04010799793534,-122.53575833226982
7.81,-6.68555105006366,-3.3109276313334752,0.8733710584749171,-148.95920827611297,141.85071974819343,-136.41753991573609
7.82,-6.769349418805703,-3.470530552416791,0.9468491761655525,-153.38243261659883,146.06000502966924,-148.56409880126907
7.83,-6.84267299145499,-3.6101831083646925,1.0111425291448584,-157.25275391452396,149.74312965096058,-159.19233782611045
7.84,-6.906831117523117,-3.732379094819106,1.0673992130017511,-160.63928505020846,152.96586369459052,-168.49204697284665
7.85,-7.308428977832727,-4.480216957966718,0.8538418113765323,-163.6024997939324,155.78575598276672,-176.6292924762408
7.86,-7.659827105603636,-5.1345750882208785,0.6669790849544657,-166.19531269469084,158.2531617349209,-183.7493822917107
7.87,-7.967300467403181,-5.707138452193269,0.5034741993351575,-168.46402398285448,160.4121417680558,-189.97946088024688
7.88,-8.236339658977784,-6.208131395669111,0.3604074244182628,-170.44914635999766,162.30124929704883,-195.430779645216
7.89,-8.47174895160556,-6.646500221210472,0.23522399636597996,-172.18612843999793,163.95421838491774,-200.200683564564
7.9,-8.677732082654865,-7.030072943559163,0.12568849682023248,-173.70598775999818,165.40056633680302,-204.3743494939935
7.91,-8.857967322323008,-7.365699075614268,0.029844934717703414,-175.0358646649984,166.66612079470266,-208.0263071822443
7.92,-9.015673157032632,-7.659371941162485,-0.05401818212200951,-176.1995069568736,167.77348094536484,-211.22177015946377
7.93,-9.153665762403554,-7.916335698517175,-0.12739840935675834,-177.21769396226438,168.74242107719425,-214.0178002645308
7.94,-9.27440929210311,-8.141178986202528,-0.19160610818716353,-178.10860759198133,169.590243692545,-216.46432660646445
7.95,-9.38005988059022,-8.337916862927212,-0.24778784466376808,-178.96690739298367,170.19646310597685,-223.7587871556564
7.96,-9.472504145516442,-8.51006250506131,-0.29694686408079707,-179.71791971886074,170.72690509272974,-230.14144013619935
7.97,-9.553392877326887,-8.660689941928645,-0.3399610060706974,-180.37505550400317,171.1910418311385,-235.72626149417442
7.98,-9.624170517661026,-8.792488949187565,-0.3775983803118602,-180.95004931600278,171.59716147724617,-240.61298018240262
7.99,-9.686100952953398,-8.90781308053912,-0.4105310827728777,-181.4531689015024,171.9525161675904,-244.8888590346023
8.0,-9.740290083834223,-9.00872169547173,-0.439347197426268,-181.8933985388146,172.2634515216416,-248.630253030277
8.01,-8.372090948354945,-8.013295983537764,0.06621857725201552,-182.27859947146277,172.5355199564364,-251.9039727764924
8.02,-7.174916704810577,-7.142298485595544,0.5085886300955136,-182.61565028752995,172.77357983688182,-254.76847755443086
8.03,-6.127389241709254,-6.3801756748961,0.8956624263335744,-182.9105697515887,172.9818822322716,-257.274919235127
8.04,-5.210802711495598,-5.713318215534088,1.2343519980418776,-183.1686242826401,173.16414682823765,-259.4680557057361
8.05,-4.408789497558648,-5.129817938592327,1.530705373286643,-183.39442199731008,173.32362834970795,-261.3870501175191
8.06,-3.707027935363817,-4.619255196268286,1.7900145766258124,-183.59199499764634,173.46317468099446,-263.0661702278292
8.07,-3.0929865684433397,-4.17251279673475,2.0169101295475858,-183.76487137294055,173.58527772087015,-264.5354003243506
8.08,-2.555700372387922,-3.7816131971429066,2.2154437383541374,-183.916138201323,173.69211788076137,-265.8209766588068
8.09,-2.085574950839432,-3.439576047500043,2.3891606460598704,-184.04849667615764,173.7856030206662,-266.94585595145594
8.1,-1.6742152069845029,-3.1402935415625377,2.5411629403023865,-184.16431034163793,173.8674025180829,-267.93012533252397
8.11,-1.31427543111144,-2.8784213488672203,2.6741649477645884,-157.91939654893318,161.19897695332256,-266.7832341659585
8.12,-0.99932812722251,-2.6492831802588177,2.790541704294015,-134.9550969803165,150.11410458415725,-265.7797043952137
8.13,-0.7237492363196962,-2.4487872827264656,2.892371366257263,-114.86133485777695,140.41484126113758,-264.901615845812
8.14,-0.48261770677973426,-2.2733533723856576,2.9814723204751052,-97.27929300055484,131.9279858534954,-264.1332883650855
8.15,-0.27162761843226746,-2.1198487008374505,3.059435655415717,-81.8950063754855,124.50198737180847,-263.4610018194498
8.16,-0.08701129112823403,-1.985532113232769,3.127653573488752,-68.4337555785498,118.00423870033241,-262.8727510920186
8.17,-0.09351062973720477,-1.506205099078673,3.842529751802658,-56.655161131231075,112.31870861279086,-262.3580317055163
8.18,-0.09919755102005416,-1.086793961693839,4.468046407827326,-46.34889098982719,107.343869786192,-261.9076522423268
8.19,-0.10417360714254739,-0.719809216482109,5.0153734818489095,-37.33090461609879,102.990885812918,-261.5135702120359
8.2,-0.10852765624972896,-0.3986975644218454,5.4942846716177955,-29.44016653908644,99.18202483630324,-261.1687484355314
8.21,-0.11233744921851284,-0.11772486886911471,5.913331962665571,-22.535770721700636,95.84927148176533,-260.86702938109
8.22,-0.11567101806619873,0.12812623973952464,6.279998342332374,-16.49442438148806,92.93311229654466,-260.60302520845374
8.23,-0.11858789080792388,0.34324595977208405,6.600831424540827,-11.208246333802052,90.38147300947658,-260.37202155739703
8.24,-0.1211401544569334,0.5314757148005735,6.881560371473223,-6.582840542076795,88.148788633292,-260.1698933627224
8.25,-0.12337338514981672,0.6961767504505019,7.127198200039071,-2.5356104743171954,86.1951898041305,-259.9930311923821
8.26,-0.12532746200608963,0.8402901566441892,7.342131300034187,1.0057158349724542,84.48579082861418,-259.83827679333433
8.27,-0.12703727925532843,0.9663893870636655,7.530197762529913,4.104376355600897,82.99006672503741,-259.70286669416754
8.28,-0.12853336934841236,1.0767262136807072,7.694755917213674,52.796954686150784,78.04568338440774,-224.0550083573966
8.29,-0.12984244817986082,1.1732709369706187,7.838744302561964,95.40296072538193,73.71934796135676,-192.863132312722
8.3,-0.13098789215737822,1.2577475698492913,7.964734139741719,132.68321600970918,69.93380446618715,-165.57024077363175
8.31,-0.13199015563770594,1.3316646236181298,8.074975247274004,165.30343938349552,66.62145390791376,-141.6889606769278
8.32,-0.1328671361829927,1.3963420456658635,8.171436216364754,193.8461348355586,63.72314716942454,-120.79284059231182
8.33,-0.3549748691601186,1.5125314149576305,6.273019439319159,218.82099335611377,61.18712877324648,-102.50873551827284
8.34,-0.5493191355151038,1.614197113087927,4.611904759404265,240.67399456159956,58.96811267659067,-86.51014357848874
8.35,-0.7193703685757158,1.703154598951936,3.1584294144787313,259.7953706163996,57.026473592016835,-72.51137563117764
8.36,-0.8681651975037514,1.780992399082944,1.8866384876688898,276.52657466434965,55.32753939301473,-60.26245367728043
8.37,-0.9983606728157826,1.8491004741975758,0.7738214267102785,291.1663782063059,53.84097196888789,-49.54464696762038
8.38,-1.1122817137138097,1.908695039922879,-0.19989350162850628,303.9762063055177,52.5402254727769,-40.16656609666783
8.39,-1.2119626244995836,1.960840284932519,-1.051894063924943,315.184805892328,51.40207228867979,-31.96074533458435
8.4,-1.2991834214371356,2.006467374315954,-1.7973945559343252,324.992330530787,50.406188252594816,-24.780652167761307
8.41,-1.3755016187574938,2.0463910775264598,-2.4497074864425343,333.57391458943863,49.534789721020466,-18.498070646791145
8.42,-1.4422800414128072,2.0813243178356524,-3.0204813006372175,341.0828006407588,48.77231600589291,-13.000811815942251
8.43,-1.5007111612362063,2.111890903106196,-3.5199083880575652,347.653075935664,48.1051515051563,-8.190710338949469
8.44,-1.5518383910816806,2.138636665217921,-3.9569070895503695,344.50769194370605,29.61013231701176,32.31312795341921
8.45,-1.5965747171964706,2.162039207065681,-4.339280953356573,341.7554809507428,13.426990527385291,67.75398645924182
8.46,-1.6357190025469117,2.1825164311824707,-4.673858084187001,339.3472963319,-0.7332585385378696,98.76473765183658
8.47,-1.6699702522285478,2.200434002284662,-4.966613073663626,337.2401347904125,-13.123476471220636,125.899144945357
8.48,-1.6999400956999793,2.216111876999079,-5.222773689455673,335.396368441611,-23.964917162318056,149.64175132718736
8.49,-0.3635248337374819,1.510884017374194,-4.291091228273714,333.7830728864096,-33.4511777670283,170.41653191128893
8.5,0.8058385204797033,0.8938096402024198,-3.4758690747395002,332.3714392756084,-41.75165579614976,188.5944649223778
8.51,1.8290314554197402,0.3538695601771173,-2.762549690397063,331.1362598661574,-49.014574071631046,204.50015630708057
8.52,2.7243252734922727,-0.11857800984502237,-2.1383952290974304,330.05547788288777,-55.36962756267717,218.4176362686955
8.53,3.5077073643057384,-0.5319696336143946,-1.5922600754602516,329.10979364752677,-60.93029936734252,230.59543123510855
8.54,4.193166693767521,-0.8936873044125953,-1.1143918160277202,328.2823199415859,-65.7958871964247,241.25100183071996
8.55,4.792943607046581,-1.210190266361021,-0.6962570890242552,327.5582804488877,-70.05327654687161,250.57462610187994
8.56,5.317748406165759,-1.4871303580658932,-0.33038920289622326,326.92474589277674,-73.77849222851266,258.73279733914495
8.57,5.776952605395039,-1.7294529383076565,-0.010254802534195362,326.3704031561797,-77.03805594994859,265.8711971717518
8.58,6.178756279720659,-1.9414851960191994,0.26986279778257904,325.8853532616572,-79.89017420620502,272.1172970252828
8.59,6.530334494755577,-2.1270134215167995,0.5149656980597567,309.89468422895004,-60.07765243042938,246.04763477212248
8.6,6.83796543291113,-2.2893506188271995,0.7294307358022871,295.90284882533126,-42.741695876625705,223.2366803006072
8.61,7.107142503797238,-2.4313956664737995,0.9170876438270013,283.65999284716486,-27.572733892047488,203.2770951380313
8.62,7.342672440822584,-2.5556850831645743,1.0812874383486262,272.94749386626927,-14.299892155541551,185.81245812077742
8.63,7.5487611357197615,-2.6644383227690023,1.224962258555048,263.5740572579856,-2.6861556360988565,170.53090073068026
8.64,7.729088743754792,-2.759597407422877,1.350677726235667,255.37230022573738,7.475863818413501,157.15953801434523
8.65,7.207192525785443,-2.6121302314950174,1.3843215104562088,248.19576282252018,16.36763084111181,145.45959563755207
8.66,6.750533335062262,-2.4830964525581405,1.4137598216491827,241.91629259470514,24.147926985972838,135.22214605785805
8.67,6.350956543179479,-2.370191895988373,1.4395183439430348,236.421756145367,30.955686112726234,126.2643776756258
8.68,6.0013268502820445,-2.2714004089898263,1.4620570509501554,231.6140367521961,36.91247534863545,118.42633034117256
8.69,5.695400868996789,-2.184957857866098,1.481778419581386,227.40728228317158,42.124665930056025,111.56803892352598
8.7,5.4277156353721905,-2.1093206256328356,1.4990346171337128,223.72637212277513,46.68533268879902,105.56703393308523
8.71,5.193491055950667,-2.043138047428731,1.5141337899919987,220.50557573242824,50.67591610269915,100.31615456644957
8.72,4.988544548956834,-1.9852282915001398,1.5273455662429989,217.6873788908747,54.167676589861756,95.72163512064337
8.73,4.80921635533723,-1.9345572550626224,1.538905870462624,215.22145665451535,57.22296701612904,91.70143060556295
8.74,4.652304185920077,-1.8902200981797947,1.549021136654796,213.06377469770092,59.896346139112914,88.18375165486758
8.75,4.515006037680068,-1.8514250859073205,1.5578719945729465,198.37017761048833,62.0036781217238,78.32015769800913
8.76,4.394870157970059,-1.8174794501689053,1.565616495251328,185.5132801591773,63.847593606508326,69.68951298575799
8.77,4.289751263223802,-1.7877770188977922,1.572392933344912,174.26349488928014,65.46101965569478,62.13769886253824
8.78,4.197772230320826,-1.7617873915355682,1.5783223166767981,164.41993277812014,66.87276744873294,55.529861504720955
8.79,4.117290576530722,-1.7390464675936221,1.5835105270921983,155.80681593085512,68.10804676764133,49.748003816630835
8.8,4.046869129464382,-1.7191481591444193,1.5880502112056736,148.27033868949826,69.18891617168616,44.68887833955198
8.81,3.7903392382813346,-0.6233965142513669,0.9560888098049642,141.675921103311,70.13467690022539,40.262143547107975
8.82,3.565875583496168,0.33538617503005397,0.4031225835793438,135.90580571539712,70.96221753769721,36.38875060371947
8.83,3.369469885559147,1.1743210281512972,-0.08072286436807419,130.85695475097248,71.68631559548507,32.999531778254536
8.84,3.1976148998642535,1.9083890246323851,-0.5040876313220649,126.43921015710092,72.31990139604943,30.033965305972718
8.85,3.047241787381222,2.550698521553337,-0.8745318024068067,122.5736836374633,72.87428897154325,27.43909464272613
8.86,2.9156653139585695,3.11271933135917,-1.198670452105956,119.19134793278039,73.35937810010034,25.168582812385363
8.87,2.8005358997137484,3.604487539939274,-1.4822917705927114,116.23180419118283,73.7838310875878,23.181884960837195
8.88,2.69979766224953,4.034784722446865,-1.7304604242686226,113.64220341728497,74.15522745163932,21.443524340732548
8.89,2.611651704468339,4.4112947571410075,-1.9476079962350448,111.37630274012436,74.4801992701844,19.92245879814098
8.9,2.5345239914097966,4.740741037498381,-2.137612121705664,109.39363964760881,74.76454961141135,18.591526448373358
8.91,2.4670372424835723,5.029006532811083,-2.303865731492456,96.1306846916577,74.22585590998494,25.573210392326686
8.92,2.407986337173126,5.2812388412096976,-2.449337640055899,84.52559910520048,73.75449892123683,31.68218384328585
8.93,2.356316795026485,5.501942111058485,-2.5766255600489116,74.37114921705042,73.34206155608223,37.02753561287511
8.94,2.3111059456481744,5.695057472176174,-2.688002490042798,65.48600556491911,72.98117886157196,41.70471841126572
8.95,2.271546452442153,5.864033413154152,-2.785457303787448,57.71150486930423,72.66540650387547,45.79725335985751
8.96,2.236931895886884,6.011887361509883,-2.870730265814017,50.9088167606412,72.38910569089104,49.37822143987532
8.97,2.1859876589010234,5.887755191321148,-2.740618982587265,44.95646466556105,72.14734247952967,52.5115685098909
8.98,2.1414114515383953,5.779139542406004,-2.626771609763857,39.74815658236592,71.93579966958846,55.25324719615454
8.99,2.1024072700960956,5.684100849605254,-2.527155158543375,35.19088700957018,71.7506997108899,57.652216046635225
9.0,2.0682786113340836,5.600941993404597,-2.439990763725453,31.203276133373908,71.58873724702867,59.751313790805824
9.01,2.038416034917323,5.528177994229023,-2.3637219182597713,27.714116616702167,71.4470200911501,61.58802431695509
9.02,2.0122862805526576,5.464509494950395,-2.2969866784773,24.661102039614395,71.32301757975634,63.1951460273357
9.03,1.9894227454835753,5.408799558081596,-2.2385933436676377,21.989714284662593,71.2145153822868,64.60137752391874
9.04,1.9694171522981285,5.360053363321397,-2.187499175709183,19.652249999079768,71.11957595950096,65.8318300834289
9.05,1.9519122582608626,5.317400442906222,-2.142791778745535,17.606968749194795,71.03650396456335,66.90847607300029
9.06,1.9365954759782549,5.280079137542945,-2.103672806402343,15.817347655545447,70.96381596899293,67.85054131387525
9.07,1.923193291480973,5.247422995350077,-2.0694437056020503,6.218929448602267,73.83583947286881,68.48234889964084
9.08,1.9114663800458513,5.218848870931318,-2.039493242401794,-2.1796864824730164,76.34886003876022,69.03518053718574
9.09,1.90120533254012,5.193846512064903,-2.01328658710157,-9.52847542216389,78.5477530339152,69.51890822003752
9.1,1.892226915972605,5.171969448056791,-1.9903557637138736,-15.958665744393404,80.4717844046758,69.94216994253283
9.11,1.8843708014760294,5.152827017049692,-1.9702912932496393,-21.585082276344227,82.15531185409134,70.31252394971622
9.12,1.8774967012915258,5.136077389918481,-1.9527348815934342,-26.5081967418012,83.62839837232993,70.63658370600169
9.13,1.0658277386300852,4.35693821617867,-1.4673745213942548,-30.81592189907605,84.91734907578869,70.92013599275147
9.14,0.3556173963013245,3.6751914391563365,-1.042684206219973,-34.58518141169154,86.04518094131511,71.16824424365754
9.15,-0.26581665323634107,3.0786630092617946,-0.6710801804424764,-37.8832834852301,87.03203382365072,71.38533896320034
9.16,-0.8095714465817985,2.5567006331040703,-0.3459266578871668,-40.76912279957634,87.89553009569438,71.5752968428003
9.17,-1.2853568907590738,2.0999835539660614,-0.06141732565127095,-43.29423219962929,88.65108933373259,71.74150998745026
9.18,-1.7016691544141895,1.7003561097203037,0.1875283400551379,-45.50370292467563,89.31220366701602,71.88694648901897
9.19,-2.065942385112416,1.350682096005266,0.4053557975482457,-47.43698980909117,89.89067870863903,72.0142034278916
9.2,-2.384681461973364,1.0447173340046079,0.5959548228547149,-49.12861583295477,90.39684437005916,72.12555324940514
9.21,-2.6635781542266934,0.7769981672540319,0.7627289699978755,-50.60878860383542,90.83973932380177,72.2229843432295
9.22,-2.9076127599483566,0.5427438963472779,0.908656348748141,-51.90393977835599,91.22727240832656,72.30823655032582
9.23,-3.121143039954812,0.3377714093038682,1.0363428051546233,-63.200322181061495,94.81698923228574,55.88470660653509
9.24,-3.3079820349604603,0.15842048314088467,1.1480684545102955,-73.08465678342881,97.95799145325002,41.51411790571821
9.25,-3.4714661555904027,0.0014884227482740986,1.2458283976965085,-81.7334495605002,100.70636839659377,28.939852792503434
9.26,-3.6145147611416024,-0.13582713009526015,1.3313683479844451,-89.30114324043768,103.11119822201955,17.937370818440503
9.27,-3.739682290998902,-0.25597823883335263,1.4062158044863895,-95.92287521038297,105.21542431926711,8.310199091135441
9.28,-3.849203879624039,-0.36111045897918354,1.4717073289255906,-101.7168906840851,107.05662215435873,-0.11357617025648903
9.29,-4.803839644671035,-0.8307741516067857,1.3924127878098917,-106.78665422357446,108.6676702600639,-7.484379523974428
9.3,-5.639145939087156,-1.2417298826559375,1.3230300643336552,-111.22269732062765,110.07733735255592,-13.933832458477625
9.31,-6.370038946701261,-1.6013161473239454,1.2623201812919482,-115.10423503054919,111.31079605848643,-19.57710377616792
9.32,-7.009570328363603,-1.9159541289084523,1.2091990336304548,-118.50058052673054,112.39007242617564,-24.51496617914693
9.33,-7.569160287318153,-2.1912623627948955,1.162718029426648,-121.47238283588922,113.33443924790369,-28.835595781753565
9.34,-8.058801501403384,-2.4321570674455337,1.122047150748317,-124.07270985640307,114.16076021691573,-32.61614668403437
9.35,-8.48723756372796,-2.642939934014842,1.0864601319047773,-126.34799599935268,114.88379106480127,-35.924128723530075
9.36,-8.862119118261965,-2.827374942262987,1.05532149041668,-128.3388713744336,115.51644305670112,-38.81861300808881
9.37,-9.19014047847922,-2.9887555744801135,1.028075179114595,-130.0808873276294,116.07001354961349,-41.35128675707771
9.38,-9.477159168669317,-3.1299636276700995,1.0042346567252707,-131.60515128667572,116.55438773091181,-43.56737628744299
9.39,-9.728300522585652,-3.253520674211337,0.9833741996346118,-137.44513200084126,129.82321401454783,-66.74270450151262
9.4,-9.948049207262445,-3.36163308993492,0.9651212996802854,-142.5551151257361,141.43343701272934,-87.02111668882354
9.41,-10.140329306354639,-3.456231453693055,0.9491500122202496,-147.02635036001908,151.59238213613818,-104.7647273527206
9.42,-10.308574393060308,-3.5390050219814233,0.9351751356927185,-150.9386811900167,160.4814591191209,-120.29038668363053
9.43,-10.455788843927769,-3.6114318942337453,0.9229471187311287,-154.3619706662646,168.25940147923077,-133.8753385981767
9.44,-10.584601488436798,-3.674805407454527,0.9122476038897376,-157.35734895798151,175.06510104432692,-145.76217152340462
9.45,-10.028998302382197,-3.9270507315227112,0.4888237784035204,-159.97830496323382,181.02008816378606,-156.16315033297903
9.46,-9.542845514584423,-4.147765390082372,0.11832793110308037,-162.2716414678296,186.23070189331278,-165.26400679135665
9.47,-9.117461825261369,-4.340890716322075,-0.20585593528480467,-164.2783109093509,190.7899889066487,-173.22725619243707
9.48,-8.745251097103697,-4.509875376781816,-0.48951681837420413,-166.03414667068202,194.7793650433176,-180.19509941838243
9.49,-8.419566709965736,-4.657736954684089,-0.7377200910774286,-167.57050296184676,198.2700691629029,-186.29196224108463
9.5,-8.134592871220018,-4.787115835348578,-0.9548979546927501,-168.9148147166159,201.32443526754003,-191.62671721094907
9.51,-7.885240762317515,-4.9003223559300055,-1.1449285853561562,-170.0910875020389,203.9970056090975,-196.29462780958045
9.52,-7.667057667027826,-4.999378061438755,-1.3112053871866367,-171.12032618928404,206.3355046579603,-200.37904958338288
9.53,-7.476147458649347,-5.08605180375891,-1.4566975887883071,-172.02091004062353,208.38169132571525,-203.95291863546004
9.54,-7.309101026318178,-5.161891328289046,-1.5840032651897689,-172.8089209105456,210.17210466000083,-207.08005405602754
9.55,-7.162935398028406,-5.228250912252916,-1.6953957320410478,-175.6990559217274,205.54371770250074,-210.9887969240241
9.56,-7.035040473274854,-5.286315548221301,-1.792864140535917,-178.22792405651145,201.49387911468816,-214.4089469335211
9.57,-6.923132414115497,-5.337122104693639,-1.8781489979689274,-180.4406836744475,197.95027035035216,-217.40157819183096
9.58,-6.8252128623510595,-5.3815778416069335,-1.9527732482228113,-182.37684834014158,194.84961268155814,-220.0201305428521
9.59,-6.739533254557177,-5.420476611406067,-2.0180694671949597,-184.07099242262387,192.1365372213634,-222.3113638499956
9.6,-6.66456359773753,-5.454513034980309,-2.0752036587955898,-185.55336849479588,189.76259619369299,-224.31619299374614
9.61,-4.492759898020339,-4.4147014056077705,-0.544196576446141,-186.85044755794638,187.68539779448136,-226.07041849452787
9.62,-2.5924316607677973,-3.5048662299067987,0.7954346206096267,-187.98539173820308,185.8678491951712,-227.60536580771188
9.63,-0.9296444531718226,-2.7087604511684487,1.9676119180334233,-188.97846789592768,184.27749417077482,-228.9484447067479
9.64,0.5252943534746551,-2.0121678947723924,2.9932670532792454,-189.8474095339367,182.88593352442797,-230.1236387434044
9.65,1.7983658092903232,-1.4026494079258434,3.8907152966193395,-190.6077334671946,181.6683179588745,-231.15193352547885
9.66,2.9123033331290324,-0.8693207319351131,4.675982509541922,-191.27301690879528,180.6029043390152,-232.051691459794
9.67,3.8869986664879033,-0.40265814044322384,5.363091320849181,-191.85513992019585,179.6706674216383,-232.83897965231975
9.68,4.739857083176915,0.005671627112179167,5.964311530743034,-192.36449755517137,178.85496011893352,-233.5278568207798
9.69,5.4861081977798,0.3629601737231568,6.490379214400155,-192.81018548577495,178.14121622906683,-234.13062434318232
9.7,6.139077923057325,0.6755876520077622,6.950688437600135,-193.20016242505307,177.51669032543347,-234.65804592528454
9.71,6.710426432675159,0.9491366955067919,7.353459007900119,-147.63014124692143,166.10710453475428,-235.07578905962396
9.72,7.210356378590764,1.188492108568443,7.705883256912603,-107.75637271605623,156.12371696790998,-235.44131430217095
9.73,7.647795081266918,1.3979280949973876,8.014254474798529,-72.8668252515492,147.38825284692123,-235.76114888939958
9.74,8.030553946108553,1.581184583122714,8.284079290448712,-42.33847122010555,139.74472174105608,-236.04100415322463
9.75,8.365467952844984,1.7415340102323749,8.520176004142623,-15.626161442592363,133.05663202342407,-236.28587750907155
9.76,8.658517708739362,1.881839758953328,8.726760628624795,7.747109612731682,127.20455352049606,-236.5001416954376
9.77,7.034215995146942,2.041704539084162,7.226735550046696,28.198721786140222,122.08398483043405,-236.6876228585079
9.78,5.6129519957535745,2.181586221698642,5.914213606290859,46.09388243787269,117.6034872266298,-236.8516688761944
9.79,4.369345996284378,2.303982693986312,4.765756905504501,61.752148008138604,113.68305182330107,-236.99520914167007
9.8,3.2811907467488304,2.411079607238023,3.7608572923164383,75.45313038212129,110.25267084538844,-237.1208068739613
9.81,2.3290549034052264,2.5047894063332703,2.8815701307768835,87.44148995935612,107.25108748971488,-237.23070488971612
9.82,1.4959360404795732,2.5867854805416117,2.112193864429773,97.9313045894366,104.62470205350051,-237.32686565350159
9.83,0.7669570354196265,2.6585320454739105,1.4389896313760513,107.10989239075703,102.32661479681295,-237.4110063218139
9.84,0.1291004059921732,2.7213102897896717,0.8499359274540449,115.14115671691239,100.31578844721133,-237.48462940658715
9.85,-0.42902414475684847,2.776241253565963,0.33451393652228933,122.16851300229834,98.55631539130991,-237.54904960576374
9.86,-0.9173831266622424,2.824305846870218,-0.11648030554299682,128.31744975201104,97.01677646739617,-237.60541728004327
9.87,-1.3446972358294622,2.866362366011441,-0.5111002673501222,159.96964290800966,84.81092940897165,-184.61223949503787
9.88,-1.7185970813507794,2.903161820260011,-0.8563927339313568,187.66531191950844,74.13081323285019,-138.24320893315814
9.89,-2.0457594461819317,2.93536134272751,-1.1585236421899372,211.89902230456988,64.78571157874391,-97.67030719151337
9.9,-2.33202651540919,2.963535924886571,-1.422888186916195,233.10351889149865,56.608747631400924,-62.169018167574194
9.91,-2.582510200983041,2.98818868427575,-1.6542071635516704,251.65745340506132,49.453904177475806,-31.105390271627417
9.92,-2.801683425860161,3.0097598487412816,-1.8566112681077116,267.89214610442866,43.19341615529133,-3.9247158626739918
9.93,-1.844303122627641,2.796865617648621,-2.5358247345942475,282.09750221637506,37.71548913587991,19.858374245160256
9.94,-1.0065953572991857,2.6105831654425433,-3.1301365177699667,294.52718881432816,32.922302993894924,40.66857808951522
9.95,-0.2736010626367875,2.4475860197622255,-3.650159328048721,305.40316458753716,28.728265119658058,58.87750645332582
9.96,0.3677689451928109,2.304963517291947,-4.105179287042631,314.91964338909503,25.0584819797008,74.81031877166009
9.97,0.9289677020437095,2.1801688276304536,-4.503321751162302,323.2465623404581,21.847421732238203,88.75152955020258
9.98,1.4200166142882458,2.070973474176647,-4.8516964072670135,330.53261642290084,19.037744015708427,100.95008898142726
9.99,1.849684412502215,1.975427539904566,-5.156524231358636,336.90791374503823,16.579276013744874,111.62382848374885
10.0,2.225643735939438,1.8918248474164954,-5.423248577438807,342.48629890190847,14.428116512026765,120.96335054828025
10.01,2.554608143947008,1.8186724914894334,-5.656632380258957,347.3673859141699,12.54585194802342,129.1354323547452
10.02,2.842452000953632,1.7546641800532543,-5.860843207726587,351.63833704989867,10.898870454520493,136.28600393540205
10.03,3.094315375834428,1.6986569075465976,-6.039527681760763,337.9541715436613,11.610261647705432,146.1871295684768
10.04,3.3146958288551245,1.649650544103273,-6.195876596540668,325.9805267257036,12.232728941742254,154.85061449741718
10.05,3.5075287252482337,1.6067699760903638,-6.332681896973083,315.50358750999067,12.777387824024473,162.43116381024004
10.06,3.676257509592204,1.5692494790790683,-6.452386534851447,306.3362656962418,13.253964346021414,169.06414445896004
10.07,3.8238951958931784,1.5364190441941847,-6.557128092995017,298.31485910921157,13.670968802768737,174.86800252659003
10.08,3.953078171406531,1.5076924136699117,-6.648776956370639,291.2961283455601,14.035847702422645,179.94637833576627
10.09,3.5182720249807145,0.5803173619611728,-5.034773336824309,285.15473892736503,14.355116739619815,184.3899571687955
10.1,3.1378166468581252,-0.23113580828397384,-3.6225201697212706,279.7810231864444,14.634477147167338,188.27808864769605
10.11,2.8049181910008594,-0.9411573322484771,-2.3867986485061117,275.07902191313883,14.878917503771422,191.68020369173405
10.12,2.513632042125752,-1.5624261657174174,-1.3055423174428478,270.9647707989965,15.092802815799995,194.6570543552673
10.13,2.258756661860033,-2.1060363950027403,-0.3594430277624918,267.3648010741219,15.279952463824996,197.26179868585888
10.14,2.035740704127529,-2.5816953456273977,0.4683938507078196,264.21482756485665,15.443708405846872,199.54094997512652
10.15,1.8406017411115878,-2.997896927423973,1.192751119369342,261.45860074424957,15.586994855116012,201.5352073532357
10.16,1.6698551484726394,-3.362073311495976,1.8265637294481742,259.04690227621836,15.71237049822651,203.28018255908123
10.17,1.5204518799135596,-3.680727647558979,2.3811497632671523,256.9366661166911,15.822074185948198,204.80703586419608
10.18,1.3897240199243646,-3.959550191614107,2.8664125428587583,255.0902094771047,15.918064912704674,206.14303250617158
10.19,1.275337142433819,-4.2035199176623435,3.2910174750014134,240.2008077924666,26.56330729861659,192.05640331790013
10.2,1.1752486246295915,-4.416993427954551,3.6625467906262363,227.17258131840828,35.87789438628951,179.73060277816262
10.21,1.0876711715508924,-4.6037827494602315,3.987634941797957,215.77288315360724,44.02815808800332,168.94552730589228
10.22,1.0110409001070308,-4.7672234057777025,4.272087074073212,205.79814725940633,51.15963882700291,159.50858626765574
10.23,0.943989412593652,-4.91023398005549,4.520982689814061,197.07025335198054,57.399684473627545,151.25126285919876
10.24,0.8853193610194455,-5.035368232548554,4.7387663535873035,189.43334618298297,62.85972441442411,144.0261048767989
10.25,1.382839315892015,-4.009709203479984,4.127268934388891,182.7510524101101,67.6372593626211,137.70409164219905
10.26,1.8181692764055128,-3.112257553044986,3.592208692590279,176.90404535884633,71.81760244229346,132.17233006192416
10.27,2.199082991854824,-2.3269873589143626,3.124030981016494,171.78791418899053,75.47540263700678,127.33203867918364
10.28,2.532382492872971,-1.6398759390500675,2.714375483389432,167.3112994153667,78.67597780738093,123.0967837192857
10.29,2.82401955626385,-1.038653446668809,2.355926922965753,163.39426148844586,81.47648108145832,119.390935629375
10.3,3.079201986730869,-0.512583765835208,2.0422844325950336,159.96685330239012,83.92692144627603,116.14831855070312
10.31,3.3024866133895103,-0.05227279510580707,1.7678472535206544,156.96787113959135,86.07105676549152,113.31102860686524
10.32,3.4978606617158214,0.3504993042824188,1.5277147218305727,154.34376174714242,87.94717516980508,110.82839990600709
10.33,3.6688129540013437,0.7029248912471164,1.317598756601751,152.0476660287496,89.58877877357945,108.65609979275621
10.34,3.818396209751176,1.011297279841227,1.1337472870265324,150.0385822751559,91.02518192688203,106.75533719366169
10.35,3.949281558532279,1.2811231198610735,0.9728772511482159,137.50938474076142,85.60578431102176,105.77904541945398
10.36,4.0638062387157445,1.5172207298784395,0.8321159697546889,126.54633689816623,80.86381139714403,104.92479011702224
10.37,4.164015333876276,1.7238061386436345,0.7089498485353528,116.95367003589544,76.71458509750103,104.17731672739447
10.38,4.251698292141741,1.90456837131318,0.6011794924684337,108.5600865314085,73.08401208531339,103.52327751147017
10.39,4.328420880624024,2.0627353248990326,0.5068804309098794,101.21570096498243,69.90726069964921,102.9509931975364
10.4,4.395553145546021,2.2011314092866536,0.4243687520461445,94.78936359435963,67.12760323719306,102.45024442284436
10.41,3.9759208773527686,2.882232233125822,-0.09147484195962352,89.16631839506468,64.69540295754392,102.01208924498883
10.42,3.6087426426836724,3.478195453985094,-0.5428379867146705,84.24615384568159,62.56722771285093,101.62870346436523
10.43,3.2874616873482134,3.999663272236957,-0.9377807383753367,79.94100986497139,60.705074373744566,101.29324090631958
10.44,3.006340851429687,4.4559476132073375,-1.2833556460784195,76.17400888184997,59.0756902020265,100.99971116802963
10.45,2.760360120000976,4.85519641155642,-1.585733690318617,72.87788302161871,57.64997905177319,100.74287264702593
10.46,2.5451269800008545,5.204539110111868,-1.8503144790287898,69.99377289391637,56.40248179530154,100.5181389411477
10.47,2.3567979825007477,5.510213971347884,-2.081822669150191,67.47017653217682,55.31092169588885,100.32149694850423
10.48,2.1920101096881544,5.777679474929399,-2.284392335506417,65.26202971565472,54.355806608902746,100.14943520494121
10.49,2.047820720977135,6.011711790563224,-2.4616407935681144,63.32990125119788,53.520080907789904,99.99888117932356
10.5,1.921655005854993,6.2164900667428205,-2.6167331943720997,61.639288844798145,52.788820919316166,99.86714640690812
10.51,1.811260005123119,6.395671058399968,-2.7524390450755876,52.16687773919838,58.86896867940165,98.2293781060446
10.52,1.714664379482729,6.552454426099971,-2.8711816644411394,43.878518021798584,64.18909796947645,96.79633084278903
10.53,1.6301432070473878,6.689639872837475,-2.975081456385997,36.62620326907376,68.8442110982919,95.5424144874404
10.54,1.5561871811664643,6.80967713873279,-3.0659937743377474,30.280427860439545,72.91743508600541,94.44523767651035
10.55,1.4914756585206561,6.914709746391192,-3.1455420525455287,24.727874377884604,76.48150607525474,93.48520796694655
10.56,1.434853076205574,7.006613278092293,-3.215146795977337,19.869390080649026,79.6000681908479,92.64518197107823
10.57,1.0057223166798772,6.566098868330756,-2.87870957148017,15.618216320567898,82.32881004199191,91.91015922469344
10.58,0.6302329020948925,6.1806487597894115,-2.584327000045149,11.89843928049691,84.71645916174293,91.26701432160677
10.59,0.3016796643330309,5.843379914815735,-2.326742250039505,8.643634370434796,86.80565214152506,90.70426253140592
10.6,0.014195581291402026,5.548269675463768,-2.1013555937845667,5.795680074130447,88.63369599883441,90.21185471498018
10.61,-0.23735299137002325,5.2900482160307964,-1.904142269561496,3.303720064864141,90.23323437398011,89.78099787560765
10.62,-0.4574579924487704,5.064104439026947,-1.731580610866309,1.1232550567561232,91.63283045223258,89.40399814115669
10.63,-0.6500498683926741,4.866403634148578,-1.5805891595080204,-0.7846518253383923,92.8574770207035,89.07412337351211
10.64,-0.8185677598435899,4.693415429880006,-1.4484716395695179,-2.4540703471710934,93.92904276811555,88.7854829518231
10.65,-0.9660209148631411,4.5420507511450054,-1.332868809623328,-3.914811553774707,94.8666627971011,88.53292258284522
10.66,-1.0950424255052484,4.40960665725188,-1.2317163334204122,-5.192960109552868,95.68708032246346,88.31193225998956
10.67,-1.2079362473170925,4.293718075095395,-1.1432079167428608,-15.80071497085876,100.13682103215552,63.43481522749086
10.68,-1.306718341402456,4.192315565708471,-1.0657630521500032,-25.082500474501416,104.0303441531361,41.6673378240545
10.69,-1.393152673727149,4.103588369994912,-0.9979987956312528,-33.204062790188736,107.43717688399408,22.62079509604769
10.7,-1.4687827145112553,4.0259520737455485,-0.9387050711773463,-40.310429816415144,110.41815552349482,5.955070209041729
10.71,-1.5349590001973485,3.9580203145273547,-0.8868230622801779,-46.52850096436325,113.02651183305798,-8.627439067088488
10.72,-1.59286325017268,3.8985800252114355,-0.8414263044951557,-51.969313218817845,115.30882360392573,-21.387134683702428
10.73,-2.395392843901095,3.277075647060006,-0.8168645164332612,-56.73002394146562,117.30584640343503,-32.55186834823962
10.74,-3.0976062384134577,2.7332593161775054,-0.7953729518791035,-60.89564582378242,119.05324135300566,-42.321010304709674
10.75,-3.712042958611775,2.2574200266553173,-0.7765678328942155,-64.54056497080961,120.58221193387996,-50.86900951662096
10.76,-4.249675088785303,1.8410606483234027,-0.7601133537824385,-67.72986922445841,121.92006119214497,-58.34850882704335
10.77,-4.720103202687141,1.4767461922829774,-0.7457156845596337,-70.5205104464011,123.09067929312684,-64.89307072366293
10.78,-5.131727802351248,1.1579710432476054,-0.7331177239896794,-72.96232151560096,124.11497013148599,-70.61956238320506
10.79,-5.491899327057342,0.8790427878416546,-0.7220945084909695,-75.09890620115084,125.01122461505025,-75.63024258530443
10.8,-5.807049411175175,0.6349805643614478,-0.7124491949295982,-76.96841780100698,125.79544728816899,-80.01458776214137
10.81,-6.082805734778279,0.4214261188162668,-0.7040095455633985,-78.6042404508811,126.48164212714786,-83.85088979187371
10.82,-6.324092517930994,0.23456597896423342,-0.6966248523679737,-80.03558526952095,127.08206261125437,-87.20765406788951
10.83,-6.5352184531896205,0.07106335659370425,-0.690163245821977,-81.97051186083083,133.59680465984758,-117.51919818440332
10.84,-6.719953646540918,-0.07200143798050879,-0.6845093400942298,-83.66357262822697,139.29720395236663,-144.0417992863529
10.85,-6.881596940723304,-0.1971831332329452,-0.6795621725824511,-85.1450007996986,144.2850533333208,-167.2490752505588
10.86,-7.023034823132891,-0.30671711657882705,-0.6752334010096447,-86.44125044973627,148.6494215416557,-187.55544171923896
10.87,-7.14679297024128,-0.4025593520064737,-0.6714457258834391,-87.57546889351924,152.46824372394872,-205.3235123793341
10.88,-7.25508134896112,-0.48642130800566447,-0.6681315101480092,-88.56791003182934,155.80971313345512,-220.87057420691735
10.89,-8.04924718034098,-1.7183333945049564,-1.3752696963795081,-89.43629602785067,158.73349886677323,-234.47425330605267
10.9,-8.744142282798357,-2.796256470191837,-1.9940156093320698,-90.19613377436934,161.29181138342656,-246.3774725177961
10.91,-9.352175497448563,-3.7394391614178577,-2.535418283165561,-90.86099180257317,163.53033483549822,-256.7927893280716
10.92,-9.884204560267492,-4.564724016240626,-3.009145622769866,-91.44274257725152,165.48904285606093,-265.9061915370626
10.93,-10.349729990234055,-5.286848264210548,-3.423657044923633,-91.95177450509509,167.2029123740533,-273.8804184699298
10.94,-10.757064741454798,-5.918706981184229,-3.7863545393081792,-92.3971774419582,168.70254820229664,-280.85786703618857
10.95,-11.113482648772948,-6.471583358536201,-4.103714846894657,-92.78690501171343,170.01472955200956,-286.963134531665
10.96,-11.42534831767633,-6.9553501887191755,-4.381405116032824,-93.12791663524925,171.16288823300835,-292.3052435902069
10.97,-11.698230777966788,-7.378646165129279,-4.6243841015287215,-93.4263018058431,172.1675270788823,-296.979589016431
10.98,-11.93700293072094,-7.749030144488119,-4.836990713837632,-93.68738883011271,173.046586069022,-301.06964126437714
10.99,-12.145928564380823,-8.073116126427104,-5.023021499607928,-107.46084022634862,169.90013818539427,-304.07093760633
11.0,-12.32873849383322,-8.356691360623717,-5.1857984371569374,-119.51261019805504,167.14699628721996,-306.69707190553873
11.01,-12.488697182104067,-8.604819690545753,-5.32822825751232,-130.05790892329816,164.73799712631745,-308.99493941734636
11.02,-12.628661034341059,-8.821931979227534,-5.45285435032328,-139.2850453078859,162.63012286052776,-311.00557349017805
11.03,-12.751129405048426,-9.011905231824091,-5.56190218153287,-147.35878964440016,160.78573287796178,-312.7648783039058
11.04,-12.858289229417371,-9.17813182784608,-5.657319033841262,-154.42331593885015,159.17189164321655,-314.30427001591755
11.05,-11.1224109507402,-8.92473697436532,-4.131073279611104,-160.60477644649387,157.7597805628145,-315.65123776392784
11.06,-9.603517456897674,-8.703016477569655,-2.7956082446597157,-166.01355439068215,156.52418336746268,-316.82983454343685
11.07,-8.274485649785463,-8.509011042873448,-1.6270763390772514,-170.74623509184687,155.44303582152986,-317.8611067255072
11.08,-7.1115828185622805,-8.339256287514267,-0.6046109216925948,-174.88733070536603,154.49703171883863,-318.7634698848188
11.09,-6.094042841241995,-8.190720876574984,0.29004631851897966,-178.5107893671953,153.66927812898382,-319.55303764921644
11.1,-5.203695361086746,-8.06075239200311,1.0728714037041072,-181.68131569629588,152.94499373786084,-320.24390944306435
11.11,-4.424641315950903,-7.947029968002721,1.7578433532410938,-184.4555262342589,152.31124489562825,-320.8484222626813
11.12,-3.74296902645704,-7.847522847002381,2.357193809085957,-186.88296045497654,151.7567146586747,-321.37737097984615
11.13,-3.14650577314991,-7.760454116127083,2.8816254579502125,-189.00696539810448,151.27150070134036,-321.8402011073654
11.14,-2.6246004265061713,-7.684268976611198,3.3405031507064358,-190.86546972334142,150.84693848867283,-322.2451774689447
11.15,-2.1679332481929,-7.617606979534798,3.7420211318681313,-167.39228600792373,135.20669630258874,-310.9532806603266
11.16,-1.7683494671687876,-7.559277732092948,4.093349365384615,-146.85325025693325,121.52148438976515,-301.07287095278576
11.17,-1.4187136587726892,-7.508239640581329,4.400761569711538,-128.88159397481658,109.5469239660445,-292.42751245868754
11.18,-1.1127823264261032,-7.463581310508663,4.669747248497595,-113.15639472796451,99.06918359528895,-284.8628237763516
11.19,-0.8450924106228404,-7.42450527169508,4.905109717435396,-99.39684538696895,89.90116077087784,-278.24372117930767
11.2,-0.6108637342949854,-7.390313737733194,5.111051877755972,-87.35723971359783,81.87914079951811,-272.4520064068942
11.21,0.5066556074918878,-5.942382895516545,5.364700393036475,-76.8225847493981,74.85987332457834,-267.3842559810324
11.22,1.4844850315554017,-4.675443408576976,5.586642843906916,-67.60476165572335,68.71801428400606,-262.9499743584034
11.23,2.3400857776109767,-3.5668713575048545,5.780842488418552,-59.53916644875793,63.3438876235053,-259.06997793860296
11.24,3.0887364304096048,-2.5968708128167477,5.950767177366233,-52.481770642663186,58.641526795567145,-255.67498107127759
11.25,3.743805751608404,-1.7481203362146545,6.099451280195454,-46.30654931233028,54.52696107112126,-252.70435881236787
11.26,4.316991407657353,-1.0054636691878227,6.229549870171022,-40.903230648289,50.9267160622311,-250.10506433582188
11.27,4.818528856700183,-0.35563908553934487,6.343386136399644,-36.17532681725287,47.77650167945222,-247.83068166884414
11.28,5.25737412461266,0.2129574251530733,6.4429928693496885,-32.03841096509626,45.02006409452069,-245.8405968352386
11.29,5.641363734036077,0.7104793720089392,6.530148760680977,-28.41860959445923,42.608181207705606,-244.0992726058338
11.3,5.9773546422815675,1.145811075507822,6.606410165595855,-25.251283395151827,40.497783681742405,-242.57561390510455
11.31,6.271346686996371,1.526726316069344,6.673138894896373,25.373876279242154,46.7405610965246,-222.54366229196648
11.32,6.528589726121824,1.860027151560676,6.731526533034326,69.67089099433689,52.20299133445902,-205.01570463047068
11.33,6.753677385356596,2.1516653826155916,6.782615716405035,108.43077887004478,56.982617792651645,-189.67874167666184
11.34,6.950629087187021,2.4068488347886428,6.827318751854405,142.34568076128917,61.16479094357019,-176.2588990920791
11.35,7.122961826288643,2.6301343554400622,6.866433907872604,172.02121991612802,64.82419245062391,-164.51653683056924
11.36,7.273752973002562,2.8255091860100543,6.900659669388529,197.987316676612,68.02616876929592,-154.24196985174808
11.37,6.449753726377242,2.7089561627587972,5.259077085714962,220.70765134203552,70.82789804813393,-145.25172374527958
11.38,5.728754385580087,2.6069722674139477,3.8226923250005913,240.5879441742811,73.27941116711719,-137.38525840211963
11.39,5.097879962382576,2.517736358987204,2.5658556593755173,257.983200402496,75.42448514622755,-130.50210122685468
11.4,4.545864842084754,2.4396549391138036,1.4661235769535774,273.204049602184,77.30142487794912,-124.47933869849786
11.41,4.0628516118241595,2.371333696724578,0.5038580048343801,286.522292651911,78.94374714320548,-119.20942148618563
11.42,3.6402150353461398,2.3115526096340058,-0.3381243707699174,298.1757553204221,80.38077912530481,-114.59824392541243
11.43,3.2704080309278725,2.259244158429755,-1.0748589494236778,308.3725351553694,81.63818210964172,-110.56346355973588
11.44,2.9468269020618885,2.2134742636260354,-1.719501705745718,317.2947175109482,82.7384097209365,-107.0330307397689
11.45,2.663693414304152,2.1734256056727808,-2.2835641175275034,325.1016270720796,83.70110888081945,-103.94390202229779
11.46,2.415951612516133,2.1383830299636832,-2.7771187278365654,331.9326729380697,84.54347064571702,-101.24091439451057
11.47,2.1991775359516166,2.1077207762182226,-3.2089790118569947,325.694840445811,73.7042868150024,-54.22454934519674
11.48,2.0095002189576645,2.0808913041909447,-3.5868567603748702,320.23673701508466,64.2200009631271,-13.085229927047145
11.49,1.8435325665879563,2.0574155161670764,-3.9174997903280113,315.4608965131991,55.921250842736214,22.911674563833753
11.5,1.6983108707644616,2.036874201646192,-4.20681244153701,311.2820360740492,48.65984448739419,54.40896599335454
11.51,1.5712418869189038,2.0189005514404177,-4.459961011344884,307.62553318979303,42.30611392646991,81.96909599418524
11.52,1.4600565260540408,2.0031736075103654,-4.6814660099267735,304.42609316606894,36.746599685661174,106.0842097449121
11.53,2.1520924602972857,1.5458450315715697,-4.190603758685927,301.62658314531035,31.882024724953528,127.18493427679809
11.54,2.757623902760125,1.1456825276251235,-3.7610992888501857,299.1770118771466,27.625521634334337,145.64806824219832
11.55,3.2874639149151097,0.7955403366719831,-3.3852828777439123,297.0336370175033,23.901081430042545,161.80331046192353
11.56,3.7510739255507213,0.48916591958798517,-3.0564435180259233,295.1581840153154,20.642196251287228,175.9391474041831
11.57,4.156732684856881,0.22108830463948703,-2.768709078272683,293.517162638401,17.790671719876325,188.30800472866022
11.58,4.511684099249771,-0.01347960844044882,-2.5169414434885975,292.0812689336009,15.295587754891784,199.1307548875777
11.59,4.82226658684355,-0.2187265323853927,-2.2966447630525226,290.8248619419008,13.11238928553031,208.6006612766305
11.6,5.094026263488106,-0.3983175908372186,-2.103885167670957,289.7255058241632,11.202090624839022,216.8868293670517
11.61,5.3318159805520935,-0.5554597669825663,-1.9352205217120877,288.7635692211428,9.530579296734144,224.13722644617025
11.62,5.539881982983082,-0.6929591711097455,-1.7876389564980768,287.92187469349994,8.068006884642376,230.48132389039898
11.63,5.721939735110197,-0.8132711497210273,-1.6585050869358173,275.0447648568125,10.953256024062078,213.4617835290991
11.64,5.881240268221422,-0.9185441310058989,-1.5455129510688403,263.77729374971096,13.477849021054318,198.5696857129617
11.65,6.020628234693745,-1.0106579896301615,-1.4466448321852354,253.9182565309971,15.68686789342253,185.53910012384148
11.66,6.142592705357027,-1.0912576159263914,-1.360135228162081,245.29159896462247,17.619759406744713,174.13733773336128
11.67,6.249311617187399,-1.1617822889355924,-1.284439324641821,237.74327359404467,19.311039480901623,164.16079564169112
11.68,6.342690665038973,-1.2234913778186434,-1.2182054090615935,231.13848889478908,20.79090954578892,155.43132131147973
11.69,6.294978581909102,-1.640002330591313,-1.4775324829288943,225.35930228294043,22.085795852565308,147.79303127254477
11.7,6.253230509170464,-2.0044494142673988,-1.7044436725627827,220.30251399757287,23.218821370994647,141.10952748847666
11.71,6.216700945524156,-2.3233406124839737,-1.9029909634924351,215.87782424787625,24.210218699620317,135.26146167741706
11.72,6.184737577333637,-2.602370410923477,-2.076719843055881,212.0062207168917,25.077691362167776,130.14440409273993
11.73,6.156769630166933,-2.8465214845580427,-2.228732612673896,208.61856762728024,25.836729941896806,125.66697870614745
11.74,6.132297676396066,-3.060153673988287,-2.361743786089659,205.6543711738702,26.500888699159706,121.74923149287902
11.75,6.110884716846558,-3.247081839739751,-2.4781285628284517,203.06069927713642,27.082027611764744,118.32120268126914
11.76,6.092148377240738,-3.4106439847722827,-2.5799652424748953,200.79123636749438,27.59052416029415,115.3216774711105
11.77,6.0757540800856455,-3.5537608616757472,-2.6690723371655336,198.80545632155759,28.035458640257385,112.69709291222169
11.78,6.06140907007494,-3.678988128966279,-2.747041045019842,197.06789878136289,28.424776310225212,110.40058142319398
11.79,6.048857186315573,-3.788561987845494,-2.815263664392362,181.21503630869253,33.83605414644706,105.29800849529474
11.8,6.037874288026126,-3.884439114364807,-2.874958456343317,167.34378164510596,38.57092225314118,100.8332571833829
11.81,6.02826425202286,-3.968331600069206,-2.927191399300402,155.20643381446772,42.713931846498525,96.92659978546004
11.82,6.019855470520003,-4.041737525060555,-2.972895224387852,144.58625446265924,46.33906524068621,93.50827456227755
11.83,6.012497786705003,-4.105967709427986,-3.012886071339371,135.29359752982685,49.51105696060044,90.51723999199287
11.84,6.006059813366877,-4.162169120749488,-3.0478780624219497,127.16252271359849,52.28654971552538,87.90008474299377
11.85,5.817643461696018,-2.921902855655802,-2.576950679619206,120.04783224939868,54.715105876084706,85.61007390011956
11.86,5.6527791539840155,-1.8366698736988267,-2.1648892196668053,113.82247809322385,56.84009251657412,83.60631441260462
11.87,5.5085228847360135,-0.8870910144864733,-1.8043354422084548,108.37529320657087,58.69945582700235,81.85302486102904
11.88,5.382298649144012,-0.05620951267566421,-1.488850886932398,103.60900643074952,60.326398723627065,80.31889650340041
11.89,5.27185244300101,0.6708118014087938,-1.2128019010658484,99.43850550190582,61.74997375817368,78.97653419047536
11.9,5.175212012625884,1.3069554512326946,-0.9712590384326174,95.78931718916759,62.99560191340197,77.80196716666595
11.91,5.090651636047648,1.8635811448286077,-0.7599090336285403,92.59627741552164,64.08552654922673,76.77422102083271
11.92,5.016661306541692,2.350628626725032,-0.5749777794249729,89.80236761358144,65.03921060557339,75.87494314322863
11.93,4.95191976822398,2.7767951733844027,-0.4131629319968512,87.35769653688376,65.87368415487671,75.08807500032506
11.94,4.895270922195982,3.1496909017113524,-0.27157494049724484,85.2186093447733,66.60384851051712,74.39956537528444
11.95,4.8457031819214835,3.4759746639974334,-0.14768544793508925,77.87378330167664,62.33399244670248,73.4689945783739
11.96,4.802331409181297,3.761472955997754,-0.03928214194320309,71.44706051396706,58.59786839086467,72.65474513107716
11.97,4.764381108033635,4.011283961498035,0.0555707507996973,65.82367807472117,55.32875984200658,71.94227686469252
11.98,4.73117459452943,4.2298685913107805,0.13856703194973513,60.903218440381025,52.46828986175576,71.31886713160596
11.99,4.7021188952132515,4.421130142396933,0.21118877795601823,56.597816260333396,49.96537862903629,70.77338361515521
12.0,4.6766951583115945,4.588483999597316,0.2747328057115159,52.83058935279172,47.77533130040675,70.29608553826081
12.01,4.173753013522645,4.742472624647652,-0.08174029500242358,49.53426580869275,45.85903988785591,69.87844972097821
12.02,3.7336786368323143,4.877212671566696,-0.3936542581271206,46.649982707606156,44.18228490187392,69.51301838085594
12.03,3.348613557228275,4.995110212620859,-0.6665789758612306,44.12623499415538,42.71512428913968,69.19326595824894
12.04,3.0116816125747405,5.098270561043252,-0.9053881038785768,41.91795574488596,41.43135875299722,68.91348258846783
12.05,2.716866161002898,5.188535865912846,-1.1143460908937546,39.98571140177521,40.30806390887257,68.66867213990935
12.06,2.458902640877536,5.267518007673741,-1.2971843295320353,38.294997601553305,39.3251809202635,68.45446299742068
12.07,2.233184560767844,5.336627381714523,-1.457167788340531,36.81562302635914,38.46515830523056,68.2670299977431
12.08,2.0356812406718636,5.397098084000208,-1.5971533147979646,35.52117027306424,37.71263851707674,68.10302612302522
12.09,1.8628658355878807,5.450009948500183,-1.7196406504482191,34.38852411393121,37.054183702442145,67.95952273264707
12.1,1.7116523561393955,5.496307829937661,-1.8268170691421917,33.397458724689805,36.47803573963687,67.8339572660662
12.11,1.579340561621971,5.536818476195453,-1.9205964354994178,25.62215125910358,40.43640652218227,71.68346273280793
12.12,1.4635677414192245,5.572265291671022,-2.0026533810619904,18.81875722671563,43.89998095690949,75.05178001620693
12.13,1.3622665237418214,5.603281255212145,-2.074453208429242,12.865787448376174,46.93060858729581,77.99905763918106
12.14,1.2736279582740937,5.630420223310627,-2.1372780573755867,7.656938892329151,49.582407763883836,80.57792555928343
12.15,1.1960692134898319,5.6541668203967985,-2.1922498002036384,3.0991964057880073,51.90273204339836,82.834434989373
12.16,1.1282053118036028,5.674945092847199,-2.2403500751781835,-0.8888282699354937,53.93301578797356,84.80888074070137
12.17,0.42760877282815246,4.9007029562413,-2.232616190780911,-4.378349861193557,55.70951406447686,86.5365207731137
12.18,-0.1854131987753666,4.223241086711138,-2.225849041933297,-7.4316812535443635,57.26395005641726,88.04820580147448
12.19,-0.7218074239284458,3.6304619508722453,-2.2199277866916347,-10.103346221851318,58.6240815493651,89.37093020129016
12.2,-1.19115237093739,3.1117802070132146,-2.2147466883551803,-12.441053069119903,59.81419660569446,90.52831405112889
12.21,-1.6018291995702163,2.6579336811365626,-2.2102132273107826,-14.486546560479916,60.85554727998266,91.54102491973778
12.22,-1.9611714246239393,2.260817970994492,-2.206246448896935,-16.276353365419926,61.76672911998483,92.42714692977056
12.23,-2.275595871545947,1.9133417246201807,-2.202775517784818,-17.842434319742434,62.56401322998673,93.20250368854924
12.24,-2.5507172626027037,1.609300009042658,-2.1997384530617157,-19.21275515477463,63.26163682623839,93.88094085248059
12.25,-2.7914484797773658,1.3432635079123256,-2.197081021429001,-20.4117858854278,63.87205747295859,94.47457337092052
12.26,-3.002088294805195,1.1104815694232848,-2.194755768750376,-21.460937774749326,64.40617553883877,94.99400182455545
12.27,-3.1863981329545457,0.9067973732453742,-2.192721172656579,-38.72394655290566,69.81727872148393,84.06037659648602
12.28,-3.3476692413352276,0.7285737015897025,-2.1909409010745065,-53.829079233792456,74.55199400629844,74.49345452192527
12.29,-3.488781461168324,0.5726279888909896,-2.1893831634401932,-67.0460703295684,78.69486988051115,66.12239770668461
12.3,-3.6122546535222835,0.436175490279616,-2.188020143010169,-78.61093753837234,82.31988627044726,58.797722993349026
12.31,-3.7202936968319977,0.316779553994664,-2.186827500133898,-88.7301963460758,85.49177561164136,52.3886326191804
12.32,-3.814827859727998,0.21230810974533104,-2.1857839376171606,-97.58454780281633,88.26717878518619,46.78067854178285
12.33,-4.419376252261998,-0.6641171539728353,-1.6302600704150156,-105.33210532746429,90.69565656203793,41.87371872405999
12.34,-4.948356095729248,-1.430989259726231,-1.1441766866131386,-112.11121816153126,92.82057461678319,37.58012888355249
12.35,-5.4112134587630925,-2.102002352260452,-0.7188537257864962,-118.04294189133985,94.67987791468529,33.823237773108424
12.36,-5.816213651417706,-2.6891388082278955,-0.3466961350631842,-123.23320015492237,96.30676830034963,30.535958051469873
12.37,-6.170588819990493,-3.2028832071994087,-0.02105824318028615,-127.77467613555709,97.73029738780593,27.65958829503614
12.38,-6.480667092491681,-3.6524095562994825,0.2638749122172496,-131.74846761861244,98.9758853393302,25.142764758156623
12.39,-6.751985580930222,-4.045745111762047,0.5131914231900934,-135.22553516628588,100.06577479691393,22.940544163387045
12.4,-6.989389258313944,-4.389913722791791,0.7313433702913317,-138.26796927050015,101.01942807229969,21.013601142963665
12.41,-7.197117476024701,-4.691061257442817,0.9222263240049152,-140.93009911168764,101.85387468826224,19.327526000093208
12.42,-7.378879666521613,-4.954565350262465,1.0892489085043007,-143.25946272272668,102.58401547722946,17.85221025008156
12.43,-7.537921583206412,-5.1851314314796575,1.235393669941263,-163.35327975738585,113.08851379257577,-2.9730665311786346
12.44,-7.6770832603056105,-5.386876752544699,1.3632703361986052,-180.93536966271262,122.2799498185038,-21.195183714781304
12.45,-7.79884972776741,-5.563403908476612,1.4751624191737795,-196.31969832987352,130.32245634119082,-37.139536250433636
12.46,-7.905395386796483,-5.717865169917035,1.5730679917770571,-209.7809859136393,137.35964954854197,-51.09084471912943
12.47,-7.998622838446923,-5.853018773677405,1.658735367804925,-221.5596125494344,143.51719360497424,-63.298239629238246
12.48,-8.080196858641058,-5.971278176967729,1.7336943218293095,-231.8659108557551,148.90504465435248,-73.97971017558346
12.49,-7.853890876310925,-7.075063529846763,0.5059786566006457,-240.8839218737857,153.61941432255844,-83.32599690363553
12.5,-7.655873141772059,-8.040875713615918,-0.5682725504744351,-248.77468151456247,157.74448778223865,-91.50399779068108
12.51,-7.482607624050551,-8.885961374413927,-1.5082423566651308,-255.67909620024216,161.35392705945884,-98.65974856684595
12.52,-7.331000296044231,-9.625411327612188,-2.3307159370819894,-261.7204590502119,164.5121864270265,-104.92103049599021
12.53,-7.198343884038702,-10.272430036660666,-3.0503803199467407,-267.0066515439354,167.27566337364817,-110.39965218399144
12.54,-7.082269523533864,-10.838571407078081,-3.6800866549533984,-271.63206997594347,169.69370570194218,-115.19344616099251
12.55,-6.980704458092131,-11.333945106193323,-4.231079698084224,-275.6793111039505,171.8094927391994,-119.38801589086845
12.56,-6.891835025830614,-11.767397092919158,-4.713198610823696,-279.2206470909567,173.6608063967995,-123.05826440450988
12.57,-6.814074272601786,-12.146667581304264,-5.135052659470734,-282.3193160795871,175.28070584719956,-126.26973185394615
12.58,-6.746033613526563,-12.478529258641231,-5.504174952036893,-285.0306514446387,176.69811786629964,-129.07976587220287
12.59,-6.686498036835742,-12.768908226311076,-5.8271569580322815,-281.94744601405887,200.8458550080122,-146.13791963817752
12.6,-6.634404407231274,-13.02298982302219,-6.109766213278246,-279.2496412623015,221.97512500701066,-161.06380418340532
12.61,-6.588822481327364,-13.245311220144416,-6.357049311618465,-276.8890621045138,240.4632362561343,-174.12395316047966
12.62,-6.5489382961614435,-13.439842442626365,-6.573422022666157,-274.8235553414496,256.6403335991175,-185.5515835154197
12.63,-6.5140396341412625,-13.610057262298067,-6.762748144832887,-273.01623692376836,270.79529377422784,-195.55076007599226
12.64,-6.483503304873604,-13.758995229510809,-6.928408501728777,-271.43483330829736,283.1808839274494,-204.30003956649324
12.65,-4.067447266764404,-11.689149075821957,-5.49952243901268,-270.0511051447602,294.0182753115182,-211.9556591206816
12.66,-1.9533982334188535,-9.878033691344212,-4.249247134136096,-268.84034300166513,303.50099277257846,-218.6543262305964
12.67,-0.1036053292414969,-8.293307729926186,-3.1552562423690835,-267.78092612645696,311.79837055100614,-224.51565995177188
12.68,1.51496346191369,-6.906672513685413,-2.1980142120729482,-266.85393636064987,319.0585761071304,-229.64432695780042
12.69,2.9312111541744788,-5.693366699474736,-1.3604274355638297,-266.04282031556863,325.4112559687391,-234.13191058807539
12.7,4.170427884902669,-4.631724112040394,-0.627539006118351,-265.33309377612255,330.96985084764674,-238.05854626456596
12.71,5.254742524289835,-3.7027868480353447,0.013738369646442816,-264.7120830541072,335.8336213666909,-241.49435248149524
12.72,6.2035178337536045,-2.8899667420309267,0.5748560734406374,-264.1686986723438,340.0894205708546,-244.50068292130834
12.73,7.033696229534403,-2.1787491492770608,1.0658340642605577,-263.69323733830083,343.8132448744978,-247.1312220561448
12.74,7.7601023258426025,-1.5564337556174284,1.495439806227988,-263.2772086710132,347.0715911401856,-249.4329437991267
12.75,8.395707660112278,-1.0119077861652497,1.8713448304494895,-262.9131835871366,349.9226441226624,-251.44695032423587
12.76,8.951862327598242,-0.5354475628945935,2.200261726643303,-221.5046602637445,354.0010656073296,-255.3617060337064
12.77,9.438497661648462,-0.11854486753276927,2.48806401081289,-185.27220235577647,357.56968440641344,-258.7871172794931
12.78,9.864303578942405,0.2462449909088269,2.739891009461279,-153.56880168630443,360.6922258556118,-261.78435211955644
12.79,10.236883756574603,0.5654361170452236,2.9602396332786194,-125.82832610051638,363.42444962366034,-264.4069326046119
12.8,10.562891412002777,0.8447283524145707,3.153044679118792,-101.55540996295183,365.81514542070283,-266.7016905290354
12.81,8.170172360502429,1.3159956833627495,3.3830010942289426,-80.31660834258285,367.907004243115,-268.70960371290596
12.82,6.076543190439626,1.7283545979424058,3.5842129574503248,-61.73265692475999,369.73738071272567,-270.4665277487927
12.83,4.244617666634673,2.089168648199605,3.760273337769034,-45.47169943416499,371.338960123635,-272.00383628019364
12.84,2.6416828333053384,2.404880942174654,3.914326170547904,-31.243361629894366,372.74034210818064,-273.34898124516945
12.85,1.239114854142171,2.6811291994028226,4.049122399229416,-18.79356605115757,373.96655134465806,-274.52598308952327
12.86,0.01186787237439968,2.92284642447747,4.167069099325739,-7.899994919762873,375.0394844265758,-275.5558597033328
12.87,-1.0619732366724002,3.134348996417786,4.270272461910022,1.6318798202074856,375.9783008732539,-276.4570017404162
12.88,-2.0015842070883503,3.319413746865563,4.360575404171269,9.97227021768155,376.7997652640972,-277.2455010228642
12.89,-2.8237438062023066,3.4813454035073677,4.43959047864986,17.270111815471353,377.51854660608507,-277.93543789500615
12.9,-3.5431334554270184,3.6230356030689466,4.508728668818628,23.655723213537435,378.14748028032443,-278.53913265813037
12.91,-4.172599398498641,3.7470145276853284,4.5692245852163,55.86500781184525,353.9134211202839,-227.2279902008641
12.92,-4.7233820986863115,3.855496086724662,4.622158512064262,84.04813183536459,332.7086193552484,-182.3307405507561
12.93,-5.205316961350523,3.9504174508840793,4.66847569805623,108.70836535594401,314.15441781084235,-143.0456471069116
12.94,-5.627009966181708,4.0334736445235695,4.7090032357992015,130.28606968645101,297.91949145948706,-108.67119034354764
12.95,-5.995991345408994,4.106147813958124,4.744464831324302,149.16656097564464,283.7139309020512,-78.59354067560417
12.96,-6.31885005223287,4.169737712213358,4.775493727408764,165.68699085368905,271.2840654142948,-52.275597216153656
12.97,-5.289138420703761,3.5387507481866884,3.9430461364826686,180.1423669969779,260.407933112508,-29.24739668913445
12.98,-4.38814074311579,2.9866371546633523,3.214654494422335,192.79082112235565,250.89131734844446,-9.097721227992643
12.99,-3.5997677752263164,2.5035377603304334,2.577311807619543,203.85821848206118,242.5642785548889,8.533244800506438
13.0,-2.909941428323027,2.080825790289129,2.0196369566671,213.54219117180352,235.27811961052777,23.960340075443135
13.01,-2.306343374782649,1.7109528165029881,1.5316714620837124,222.01566727532807,228.9027305342118,37.45904844101274
13.02,-1.7781950779348177,1.3873139644401147,1.1047016543232484,229.42995886591206,223.32426509243533,49.270418260886146
13.03,-1.3160653181929653,1.1041299688851005,0.7311030725328423,235.91746400767303,218.4431078308809,59.605366853275385
13.04,-0.9117017784188447,0.856343972774463,0.4042043134662371,241.5940310067139,214.17209522702078,68.64844687161596
13.05,-0.5578836811164891,0.6395312261776551,0.11816789928295746,246.56102713087463,210.43495919864318,76.56114188766396
13.06,-0.248292845976928,0.44982007290544823,-0.13211396312741225,250.9071487395153,207.1649651738128,83.48475002670597
13.07,0.022599134770188017,0.2838228137922672,-0.3511105927364857,253.55500652207587,179.1605945270862,117.94540689836771
13.08,0.25962961792391454,0.1385752120682338,-0.542732643644425,255.87188208181638,154.65677021120044,148.09848166107173
13.09,0.4670312906834252,0.011483560559704592,-0.7104019381888719,257.8991481965893,133.2159239348004,174.48242207843776
13.1,0.648507754347997,-0.09972163451025848,-0.8571125709152629,259.67300604701563,114.45518344295034,197.56836994363303
13.11,0.8072996600544974,-0.19702618019647616,-0.9854843745508551,261.2251316661387,98.03953551258155,217.76857432567888
13.12,0.9462425775476851,-0.28216765767191665,-1.0978097027319982,262.5832415828713,83.67584357350886,235.44375315996902
13.13,1.9669927553542246,-1.645537950462927,-0.9629627398904984,263.7715877600124,71.10761312682025,250.9095346399729
13.14,2.8601491609349465,-2.8384869566550615,-0.8449716474041862,264.81139066501083,60.110411485967724,264.4420934349763
13.15,3.6416610158180784,-3.8823173370731787,-0.7417294414786629,265.7212182068845,50.487860050221755,276.28308238060424
13.16,4.325483888840818,-4.795668919939032,-0.6513925112938301,266.5173173060239,42.06812754394404,286.6439477080287
13.17,4.923828902735716,-5.594851554946652,-0.5723476973821015,267.2139040177709,34.70086160095103,295.7097048695251
13.18,5.447380789893751,-6.294136360578321,-0.5031834852093389,267.8234173905496,28.254503900832148,303.6422423858345
13.19,5.905488691157032,-6.906010565506031,-0.4426647995581715,268.3567415917309,22.613940913228127,310.5832127126052
13.2,6.306333104762404,-7.441400494817777,-0.3897109496134001,268.82340026776455,17.67844829907461,316.65656174852955
13.21,6.657071966667104,-7.909866682965554,-0.3433763309117251,269.231726609294,13.359892261690284,321.9707421549634
13.22,6.963968470833716,-8.31977459759486,-0.30283353954775943,269.5890121581323,9.581155728978999,326.62065001059295
13.23,7.232502911979502,-8.678444022895503,-0.2673585971042895,269.90163701336576,6.274761262856623,330.68931938426886
13.24,7.467470547982064,-8.992279770033566,-0.2363180224662533,270.17518376169505,3.3816661049995456,334.24940508623524
13.25,7.673067229484307,-9.266886048779371,-0.20915751965797164,270.41453716648317,0.8502078418746022,337.36448007545584
13.26,7.852964325798769,-9.50716654268195,-0.1853920797007252,270.6239713956728,-1.3648181383597233,340.09017069102384
13.27,8.010374285073924,-9.717411974846708,-0.16459731973813455,270.8072263462137,-3.302965871064758,342.47514997964583
13.28,8.148107999439684,-9.90137672799087,-0.14640190477086773,270.96757442793705,-4.998845137181664,344.5620068571901
13.29,8.268624999509724,-10.062345886992013,-0.13048091667450926,271.1078789994449,-6.482739495033956,346.3880066250413
13.3,8.374077374571009,-10.203193901118013,-0.1165500520901956,271.23064549951425,-7.781147058154712,347.98575642191116
13.31,8.466348202749632,-10.326435913478262,-0.10436054557892115,271.338066187075,-8.917253675885373,349.3837874941723
13.32,8.547085177405929,-10.43427267429348,-0.093694727381556,271.43205928869065,-9.911346966399702,350.60706468240073
13.33,8.617730030230188,-10.528629840006795,-0.0843621364588615,271.51430325260435,-10.781178595599739,351.6774322221006
13.34,8.679544276451415,-10.611192360005946,-0.07619611940150381,271.5862667210288,-11.542281271149772,352.614003819338
13.35,8.733631741894987,-10.683434565005204,-0.06905085447631583,271.6492347559002,-12.20824611225605,353.43350396692074
13.36,8.780958274158113,-10.746646494379554,-0.06279874766677636,271.7043317864127,-12.790965348224045,354.1505665960556
13.37,8.82236898988835,-10.801956932582112,-0.057328154208429315,271.75254168811114,-13.30084467969604,354.77799639654864
13.38,8.858603366152307,-10.850353566009348,-0.05254138493237565,271.7947253520972,-13.746989094734035,355.32699747198006
13.39,8.890308445383269,-10.89270062025818,-0.048352961815828696,271.83163605808505,-14.137365457892281,355.80737341298254
13.4,8.918050389710361,-10.929754292725908,-0.04468809158885011,271.86393292582443,-14.478944775655746,356.2277023613597
13.41,8.942324590996567,-10.962176256135171,-0.04148133014024384,271.89219268509635,-14.777826678698778,356.59549019118975
13.42,8.963564517121997,-10.990545474118276,-0.03867541387271336,271.91691997445935,-15.039348343861432,356.91730454229105
13.43,8.982149452481748,-11.015368539853492,-0.03622023713862419,271.938556352652,-15.268179800878753,357.19889209950463
13.44,8.99841127092153,-11.037088722371806,-0.034071957496296164,271.9574881835705,-15.46840732576891,357.44528121206656
13.45,9.012640362056338,-11.05609388207533,-0.032192212809259144,271.9740535356242,-15.643606410047797,357.6608716855582
13.46,9.025090816799295,-11.072723396815915,-0.03054743620810175,250.6822973436712,8.479969516208177,344.7813875998635
13.47,9.035984964699384,-11.087274222213926,-0.02910825668208903,232.0520106757123,29.588098451682153,333.51183902488054
13.48,9.045517344111962,-11.100006194437187,-0.0278489745968279,215.75050984124826,48.05771127022189,323.6509840217705
13.49,9.053858176097966,-11.11114667013254,-0.026747102772224415,201.48669661109224,64.21862248644415,315.0227358940492
13.5,9.06115640408572,-11.120894586365973,-0.025782964925696362,189.00586003470573,78.35941980063863,307.4730187822931
13.51,9.067542353575005,-11.129424013070226,-0.024939344309984315,178.08512803036754,90.7326174505588,300.8670163095065
13.52,9.07313005937813,-11.13688726143645,-0.024201176271236274,168.52948752657161,101.55916539423896,295.08676414581817
13.53,9.078019301955864,-11.143417603756895,-0.02355527923733174,160.16830208575018,111.03239484495909,290.0290435025909
13.54,9.082297389211382,-11.149131653287284,-0.02299011933266527,152.85226482503143,119.3214706143392,285.6035379397671
13.55,9.086040715559959,-11.154131446626375,-0.022495604416082112,146.4507322219025,126.57441191254681,281.7312205722962
13.56,9.089316126114964,-11.158506265798078,-0.022062903864071847,140.84939119416472,132.92073554847846,278.34294287575915
13.57,9.092182110350594,-11.162334232573318,-0.021684290881062867,135.94821779489413,138.47376872991865,275.3781998912893
13.58,9.09468984655677,-11.165683703501655,-0.02135300452093001,131.65969107053238,143.3326727636788,272.7840497798781
13.59,9.096884115737174,-11.168614490563948,-0.02106312895581376,127.90723018671582,147.58421379321894,270.5141684323933
13.6,9.098804101270026,-11.171178929243455,-0.02080948783633704,124.62382691337633,151.30431219406657,268.52802225334415
13.61,9.100484088611273,-11.173422813088024,-0.02058755185679491,121.75084904920429,154.55939829480823,266.79014434667613
13.62,9.101954077534863,-11.175386211452022,-0.020393357874695546,119.23699341805376,157.4075986329572,265.2695011783416
13.63,9.103240317843005,-11.17710418502052,-0.020223438140358603,117.03736974079703,159.89977392883753,263.9389384060489
13.64,9.10436577811263,-11.178607411892955,-0.020074758372813778,115.11269902319741,162.08042731273284,262.7746959802928
13.65,9.10535055584855,-11.179922735406336,-0.019944663576212055,113.42861214529773,163.98849902364122,261.7559838577562
13.66,9.106212236367481,-11.181073643480545,-0.019830830629185548,111.95503612713551,165.65806177068606,260.86461075053666
13.67,9.106966206821546,-11.182080688045478,-0.019731226800537353,110.66565711124358,167.11892917435028,260.08465928171955
13.68,9.107625930968853,-11.182961852039794,-0.019644073450470183,109.53745047233812,168.39718815255648,259.4022017465046
13.69,9.108203189597747,-11.18373287053482,-0.01956781426916141,108.55026966329585,169.5156647584869,258.80505140319156
13.7,9.10870829089803,-11.184407511717968,-0.019501087485516235,107.68648645538387,170.49433178867602,258.2825448527926
13.71,9.109150254535775,-11.184997822753223,-0.019442701549826705,106.93067614846089,171.35066544009152,257.82535162119353
13.72,9.109536972718804,-11.185514344909071,-0.019391613856098368,106.26934212990328,172.09995738508007,257.42530754354436
13.73,9.109875351128954,-11.185966301795439,-0.019346912124086072,105.69067486366536,172.75558783694507,257.0752689756013
13.74,9.110171432237834,-11.186361764071009,-0.019307798108575313,105.1843410057072,173.32926448232692,256.76898522865116
13.75,9.110430503208105,-11.186707793562134,-0.0192735733450034,104.74129887999379,173.83123154703605,256.5009869500698
13.76,9.568311065307093,-9.663494569366867,0.13398237332312202,104.35363701999457,174.27045272865652,256.26648845631104
13.77,7.605272807143707,-8.64507199819601,-0.14514467334226824,90.34693239249523,165.72977163757446,231.00130239927216
13.78,5.887614331250743,-7.753952248421508,-0.38938083917448474,69.88356559343333,158.96542568287765,199.24301447436315
13.79,4.3846631648444,-6.97422246736882,-0.6030874842776741,51.978119644254164,153.04662297251795,171.45451254006775
13.8,3.06958089423885,-6.291958908947718,-0.7900807987429648,36.310854438722394,147.8676706009532,147.1395733475593
13.81,1.9188839074589934,-5.694978295329253,-0.9536999489000941,22.601997383882093,143.33608727583405,125.86400155411438
13.82,0.9120240440266191,-5.172620258413097,-1.0968667052875825,10.606747460896832,139.3709518663548,107.24787623485008
13.83,0.03102166352329161,-4.71555697611146,-1.2221376171266347,0.11090377828472953,135.90145838306046,90.95876658049382
13.84,-0.7398554194171199,-4.315626604097528,-1.3317496649858054,-9.072959444000862,132.8656515851779,76.70579563293208
13.85,-1.41437286698998,-3.9656875285853372,-1.4276602068625797,-17.108839763500754,130.20932063703066,64.23444605381556
13.86,-2.0045756336162324,-3.6594908375121697,-1.5115819310047571,-24.140235043063157,127.88503105740182,53.32201517208862
13.87,-2.5210030544142032,-3.3915687328231483,-1.5850134396291624,-38.87645566268026,131.55627680022658,20.45926365057754
13.88,-2.972877047612428,-3.1571368912202544,-1.6492660096755172,-51.77064870484523,134.76861682519825,-8.295643930744653
13.89,-3.368266791660875,-2.952009029817723,-1.7054870084660774,-63.05306761673957,137.57941434704847,-33.45618806440157
13.9,-3.7142328177032655,-2.7725221510905076,-1.7546803824078177,-72.92518416464712,140.03886217866742,-55.47166418135137
13.91,-4.016953090490357,-2.6154711322041946,-1.7977245846068404,-81.56328614406623,142.190879031334,-74.73520578368246
13.92,-4.2818333291790625,-2.47805149067867,-1.8353882615309853,-89.12162537605795,144.07389377741725,-91.59080468572216
13.93,-4.6228476630316795,-2.825561929343836,-2.412024353839612,-95.7351722040507,145.7215316802401,-106.3394537250069
13.94,-4.92123520515272,-3.1296335631758567,-2.9165809346096605,-101.52202567854435,147.1632148452101,-119.24452163438104
13.95,-5.18232430450863,-3.3956962427788744,-3.3580679427834528,-106.58552246872631,148.42468761455882,-130.53645605508342
13.96,-5.410777266445051,-3.628501087431515,-3.744369074935521,-111.01608216013551,149.52847628773895,-140.416898673198
13.97,-5.61067360813942,-3.8322053265025753,-4.082382565568581,-114.89282189011857,150.49429137677157,-149.06228596404824
13.98,-5.785582907121992,-4.010446535689754,-4.378144369872508,-118.28496915385375,151.33937957967512,-156.62699984354222
13.99,-5.938628543731744,-4.166407593728535,-4.6369359486384445,-121.25309800962202,152.07883175721574,-163.24612448809944
14.0,-6.072543475765276,-4.3028735195124685,-4.863378580058638,-123.85021075841927,152.72585241256377,-169.03785855208702
14.01,-6.189719041294617,-4.422281204573411,-5.0615158825513085,-126.12268441361685,153.2919954859933,-174.10562585807614
14.02,-6.29224766113279,-4.526762929001735,-5.234886022232395,-128.11109886191474,153.78737067524415,-178.53992225081663
14.03,-6.381960203491191,-4.6181844378765184,-5.386584894453345,-134.9653371291754,164.51082496583862,-198.14368109446454
14.04,-6.460458678054793,-4.698178258141954,-5.519321407646677,-140.96279561302848,173.8938474701088,-215.2969700826565
14.05,-6.529144843297944,-4.76817285087421,-5.635465856690842,-146.21057178639992,182.1039921613452,-230.30609794732442
14.06,-6.589245237885701,-4.829418119514934,-5.737092249604486,-150.80237593809994,189.28786876617704,-243.43908482890888
14.07,-6.641833083149989,-4.883007729575568,-5.826015343403925,-154.82020457083746,195.5737607954049,-254.93044835029528
14.08,-6.687847447756241,-4.9298986383786225,-5.903823050478434,-158.3358046244828,201.07391632097927,-264.98539143150833
14.09,-5.725664641786711,-4.6644586835812945,-5.38260954416863,-161.41195467142245,205.88655240585686,-273.7834666275698
14.1,-4.883754686563373,-4.432198723133633,-4.926547726147551,-164.10358596249466,210.09760898012473,-281.4817824241236
14.11,-4.147083475742952,-4.228971257741929,-4.527493635379107,-166.45876334218283,213.78228348260913,-288.2178087461082
14.12,-3.502496166275083,-4.051147225524188,-4.178321305956719,-168.51954354940997,217.006373672283,-294.11183177784466
14.13,-2.9384822704906974,-3.8955511973336643,-3.872795517712129,-170.32272623073374,219.8274525882476,-299.26910193061406
14.14,-2.44497011167936,-3.7594046726669563,-3.605460452998113,-171.90051107689203,222.29589663971666,-303.78171331428734
14.15,-2.01314697271944,-3.6402764635835867,-3.371542271373349,-173.28107281728052,224.45578518475207,-307.7302482750015
14.16,-1.63530172612951,-3.5360392806356384,-3.16686386245168,-174.48906434012045,226.34568766165805,-311.1852163656263
14.17,-1.3046871353633211,-3.4448317455561837,-2.98777025464522,-175.5460569226054,227.99935232895078,-314.20831344492296
14.18,-1.015399368442906,-3.3650251523616608,-2.8310633478145673,-176.47092543227973,229.4463089128319,-316.8535233893076
14.19,-0.7622725723875426,-3.295194383316453,-2.6939448043377463,-155.36143475324477,231.96364554872792,-312.71058221564414
14.2,-0.5407866258390998,-3.2340924604018966,-2.573966078795528,-136.89063040908917,234.16631510513693,-309.0855086886886
14.21,-0.3469864226092123,-3.1806282778516595,-2.4689846939460867,-120.72867660795302,236.09365096699483,-305.9135693526025
14.22,-0.17741124478306078,-3.133847118120202,-2.3771259822028257,-106.58696703195889,237.78006984612048,-303.1381224335272
14.23,-0.0290329641851782,-3.0929136033551767,-2.296749609427472,-94.21297115296403,239.25568636535542,-300.70960637933626
14.24,0.10079803133796907,-3.0570967779357794,-2.226420283249038,-83.38572475884354,240.546850819686,-298.58465483191924
14.25,0.057478652420722934,-1.713006930693807,-1.0249848728429085,-73.9118841639881,241.67661971722526,-296.7253222279293
14.26,0.01957419586813257,-0.5369283143570811,0.02627111126245507,-65.62227364348959,242.6651675025721,-295.09840619943816
14.27,-0.013592203615384005,0.4921404749375541,0.9461200973546482,-58.36886443805339,243.5301468147506,-293.67485467450837
14.28,-0.042612803163461006,1.3925756655703598,1.750987960185317,-52.022131383296724,244.28700371290677,-292.4292470901948
14.29,-0.06800582776802838,2.180456457374065,2.4552473401621526,-46.46873996038464,244.9492534987934,-291.33934045392044
14.3,-0.09022472429702483,2.8698521502023064,3.0714742976418834,-41.60952246533656,245.52872206144423,-290.3856721471804
14.31,-0.10966625875989672,3.4730733814270183,3.6106728854366477,-37.35770715716949,246.03575705376372,-289.55121237878285
14.32,-0.12667760141490964,4.000891958748641,4.082471649757067,-33.63736876252331,246.47941267204325,-288.821060081435
14.33,-0.14156252623804594,4.462733213905061,4.495295568537434,-30.382072667207897,246.86761133803785,-288.1821768212556
14.34,-0.1545868354582902,4.866844312166928,4.856516497470254,-27.53368858380691,247.2072851707831,-287.6231539685987
14.35,-0.1659831060260039,5.220441523146063,5.172584810286473,10.037398614168954,237.56012514943524,-238.00275922252385
14.36,-0.17595484277275342,5.529839082752805,5.449144584000664,42.912099912397835,229.11886013075585,-194.5849138197084
14.37,-0.18468011242615925,5.8005619474087045,5.691134386000582,71.6774635483481,221.73275323941138,-156.59429909224485
14.38,-0.19231472337288935,6.037444453982617,5.902875462750509,96.8471567298046,215.26990970948498,-123.35251120571424
14.39,-0.1989950079512782,6.24471664723479,6.088148904906696,118.87063826357902,209.61492162079935,-94.26594680499996
14.4,-0.20484025695736843,6.426079816330441,6.250263166793359,138.14118460563165,204.66680704319944,-68.81520295437495
14.41,-1.2857505998376975,5.505809089289135,5.708774270944189,155.00291265492768,200.33720678779952,-46.54580208507808
14.42,-2.2315471498579855,4.700572203127993,5.234971487076165,169.7569246980617,196.5488065643246,-27.06007632444332
14.43,-3.0591191311257377,3.995989927736994,4.820394051191644,182.66668523580398,193.23395636878402,-10.010066283887905
14.44,-3.783244614735021,3.37948043676987,4.457638794792689,193.96272570632848,190.33346244768603,4.9086925015980825
14.45,-4.4168544128931435,2.8400346321736363,4.140227945443603,203.84676111803742,187.79553026672528,17.96260643889832
14.46,-4.9712629862815,2.3680195531519317,3.8624934522631524,212.49529210328274,185.57483960838462,29.38478113403603
14.47,-5.456370487996312,1.9550063590079403,3.6194757707302583,220.0627567153724,183.63173528233656,39.379183992281526
14.48,-5.8808395519967736,1.5936198141319478,3.406835299388976,226.68428825095083,181.9315189970445,48.12428649324633
14.49,-6.252249982997177,1.2774065873654543,3.2207748869653536,232.47812834458196,180.44382974741393,55.77625118159054
14.5,-6.57723411012253,1.0007200139447725,3.057972026094684,237.5477384265092,179.1421016539872,62.47172028389173
14.51,-6.861595221357213,0.7586192622016759,2.9155195228328483,241.73427024819557,150.5674640722388,99.94838137340525
14.52,-7.110411193687561,0.5467811044264663,2.790873582478742,245.3974855921711,125.56465618820894,132.7404598267296
14.53,-7.328125169476616,0.36142271637315804,2.681808384668899,248.6027990181497,103.68719928968282,161.43352847338838
14.54,-7.518624898292039,0.19923412682651326,2.5863763365852868,251.407448265881,84.54442450347247,186.53996353921482
14.55,-7.685312161005534,0.05731911097319911,2.502873294512126,253.86151635764588,67.79449656553841,208.50809422181297
14.56,-7.831163515879842,-0.06685652789845077,2.42980813269811,256.0088259379401,53.13830961984611,227.73020856908633
14.57,-5.615499451394862,-1.5608563369111446,1.048032741110846,257.8877218206976,40.31414604236535,244.54955862295054
14.58,-3.6767933949705043,-2.868106169797252,-0.1610207265280097,259.5317557181104,29.093002912069686,259.2664899200817
14.59,-1.9804255955991914,-4.011949773572596,-1.2189425107120084,260.9702853783466,19.274502673060972,272.1438048050715
14.6,-0.4961037711492924,-5.0128129268760215,-2.1446240718730074,262.2289988310533,10.683314963928352,283.41145532943756
14.61,0.8026778252443693,-5.888568186016519,-2.9545954378888815,263.3303731021716,3.1660257184373073,293.2706495382579
14.62,1.9391117220888232,-6.654854037764454,-3.6633203831527714,264.29407558940017,-3.4116023713673562,301.89744447097564
14.63,2.9334913818277206,-7.325354158043898,-4.283454710258675,265.13731526572514,-9.167026949946436,309.4458900371037
14.64,3.8035735840992553,-7.912041763288411,-4.826072246476341,265.87514998250947,-14.203023456203132,316.05077990746577
14.65,4.564895511086848,-8.425393417877359,-5.300862590666798,266.5207553596958,-18.60952039917774,321.83005854403257
14.66,5.2310521972009925,-8.87457611564269,-5.716304141833448,267.0856600647338,-22.465205224280524,326.88692735102853
14.67,5.813939297550868,-9.267610976187353,-6.079815499104267,250.49557730664208,5.6873203037545395,324.97231230714993
14.68,6.323965510357009,-9.611516479163933,-6.397887936716233,235.9792548933118,30.32078014078522,323.2970241437562
14.69,6.770238446562383,-9.912433794268441,-6.6762013196267045,223.27747278164782,51.87505749818707,321.83114700078664
14.7,7.160727265742085,-10.175736444984887,-6.919725529673366,212.16341343394186,70.73505018591368,320.5485045006883
14.71,7.502404982524324,-10.406126264361776,-7.132809213464196,202.4386115046991,87.23754378767447,319.42619231310226
14.72,7.801372984708784,-10.607717356316554,-7.319257436781171,193.92940981661172,101.67722568921516,318.4441691489645
14.73,8.703386236620185,-9.237456061776985,-5.941599132183525,186.48385833953526,114.31194735306326,317.58489888034387
14.74,9.492647832042662,-8.038477429054863,-4.736148115660584,179.96900079709334,125.36732880893035,316.8330373953009
14.75,10.183251728037328,-6.989371125423005,-3.6813784762030113,174.2685004474567,135.04078758281406,316.17515859588826
14.76,10.787530137032661,-6.071403109745129,-2.758455041677635,169.2805626415246,143.5050640099623,315.5995146464022
14.77,11.316273744903578,-5.2681810960269875,-1.9508970364679303,164.91611706133403,150.911305883717,315.09582619060194
14.78,11.77892440179063,-4.565361834023614,-1.244283781909439,161.09722717866728,157.39176752325238,314.65509879177665
14.79,12.1837437265668,-3.9503949797706626,-0.625997184170759,157.75569853133388,163.06217145784584,314.26946231780454
14.8,12.537960635745948,-3.4122989822993297,-0.0849964111494142,154.83186096491715,168.0237749006151,313.93203040307895
14.81,12.847900431277704,-2.9414649845119136,0.3883792652442626,152.2735030943025,172.36517791303822,313.63677747769407
14.82,13.11909775236799,-2.5294852364479246,0.8025829820887298,150.0349399575147,176.16390554890845,313.3784311679823
14.83,13.35639540832199,-2.169002956891934,1.1650112343276386,128.29682246282536,167.54841748029492,291.9861273969845
14.84,13.564030857281741,-1.8535809622804422,1.482135955036684,109.27596965497219,160.00986542025805,273.26786159736145
14.85,13.745711875121524,-1.5775867169953868,1.7596200856570985,92.63272344810066,153.41363236772582,256.8893790226913
14.86,13.904682765731332,-1.3360917523709632,2.002418699949961,78.06988301708807,147.64192844676012,242.5582067698549
14.87,14.043782295014914,-1.1247836583245927,2.2148674874562158,65.32739763995207,142.5916875159151,230.01843104862303
14.88,14.165494383138048,-0.9398890760340186,2.4007601765241886,54.177722934958055,138.17272670142574,219.04612729254518
14.89,12.355647335245791,-0.012920316529766218,2.7689442794586654,44.421757568088296,134.30613598874754,209.44536150597702
14.9,10.772031168340067,0.7981773480364546,3.091105369526332,35.88528787207726,130.9228691151541,201.0446914427299
14.91,9.38636702229756,1.5078878045318977,3.3729963233355402,28.4158768880676,127.96251060075984,193.6941051373887
14.92,8.173910894510364,2.1288844539654104,3.6196509079185972,21.88014227705915,125.37219690066486,187.26234212021512
14.93,7.113011782696568,2.672256522219734,3.8354736694287723,16.161374492426756,123.10567241308175,181.63454948018824
14.94,6.184725059859497,3.1477070819422677,4.0243185857501755,11.15745268087341,121.12246348644653,176.7102309201647
14.95,5.37247417737706,3.563726321699484,4.189557887531404,6.779021095764234,119.38715567564071,172.40145218014413
14.96,4.661754655204928,3.9277431564870486,4.334142276589978,2.9478934587937045,117.86876134118562,168.63127078262613
14.97,4.039875073304311,4.246257886926168,4.460653617016231,-0.40434322355550867,116.54016629853741,165.33236205979784
14.98,3.4957304391412722,4.5249582760603975,4.571351039889202,-3.3375503206110704,115.37764563622024,162.4458169273231
14.99,3.019603884248613,4.768821116552848,4.668211284903052,-4.307231530534686,104.76606480669271,151.36259031140773
15.0,2.602993148717536,4.982201101983742,4.75296399929017,-5.15570258921785,95.48093158085612,141.66476702248175
15.01,2.238458755127844,5.168908589235775,4.827122624378898,-5.8981147655656185,87.35644000824911,133.17917164467153
15.02,1.9194911607368634,5.332277640581303,4.892011421331535,-6.547725419869916,80.24750988221797,125.75427568908758
15.03,1.6403945156447557,5.47522556050864,4.948789118665093,-7.116134742386176,74.02719602194072,119.25749172795163
15.04,1.3961849511891613,5.600304990445061,4.998469603831957,-7.613492899587904,68.58442139419813,113.57280576195767
15.05,0.8616097072905162,5.931882991639428,4.570462278352962,-8.048681287139416,63.82199359492337,108.59870554171296
15.06,0.39385636887920167,6.2220137426845,4.195955868558841,-8.42947112624699,59.65486927055795,104.24636784899883
15.07,-0.015427802230698562,6.4758781498489375,3.8682627599889865,-8.762662235466117,56.008635486738214,100.43807236787397
15.08,-0.37355145195186124,6.69800950611782,3.5815312899903633,-9.054204456032853,52.81818092589594,97.10581382188973
15.09,-0.6869096454578786,6.892374442853093,3.330641253741568,-9.309303899028746,50.02653318515895,94.19008759415351
15.1,-0.9610980647756437,7.062443762496456,3.1111124720238723,-9.532515911650153,47.58384141201408,91.63882714488432
15.11,-1.2010129316786882,7.211254417184399,2.9190247880208884,-9.727826422693884,45.446486110512325,89.40647425177377
15.12,-1.410938440218852,7.34146374003635,2.7509480645182776,-9.898723119857149,43.57630022169829,87.45316547030205
15.13,-1.5946232601914956,7.455396897531807,2.603880931453493,-10.048257729875004,41.93988756898601,85.74402028651429
15.14,-1.7553474776675586,7.555088410340331,2.475197190021807,-10.179100513640629,40.50802649786276,84.24851825069999
15.15,-1.8959811679591136,7.64231848404779,2.3625989162690813,-9.768587949435549,33.57639818562991,87.24057834436249
15.16,-2.0190356469642246,7.718644798541816,2.264075426735446,-9.409389455756104,27.511223412426176,89.85863092631718
15.17,-2.1267083160936964,7.785430323724089,2.1778673733935157,-9.095090773786591,22.204195485872905,92.14942693552754
15.18,-2.2209219015819843,7.843867658258579,2.102435326719326,-8.820079427063266,17.560546050138793,94.1538734435866
15.19,-2.3033587888842364,7.895000325976256,2.0364322858794104,-8.579444498680358,13.497352793871443,95.90776413813828
15.2,-2.375491065273707,7.9397414102292245,1.978679625144484,-8.368888936345313,9.942058694637513,97.44241849587098
15.21,-2.785342307114494,7.915979233950571,2.2021867970014237,-8.184652819302148,6.831176357807824,98.78524105888712
15.22,-3.143962143725182,7.895187329706749,2.3977555723762456,-8.02344621688938,4.109154313081846,99.96021080152624
15.23,-3.4577545007595343,7.876994413493405,2.568878250829215,-7.882390439778206,1.7273850239466153,100.98830932633547
15.24,-3.7323228131645925,7.861075611806729,2.718610594475563,-7.75896663480593,-0.35666310404671164,101.88789553554355
15.25,-3.9725700865190183,7.847146660330889,2.8496263951661174,-7.650970805455188,-2.1802052160408727,102.67503346860062
15.26,-4.182786450704141,7.834958827789528,2.9642652207703524,-7.556474454773289,-3.775804564035764,103.36377916002553
15.27,-4.3667257693661234,7.8242944743158365,3.0645741931740584,-7.473790147926628,-5.171953993531293,103.96643164002234
15.28,-4.527672673195358,7.814963165026358,3.152344544027301,-7.4014413794358,-6.393584744339882,104.49375256001954
15.29,-4.668501214045938,7.8067982693980635,3.229143601023888,-7.338136207006325,-7.462511651297397,104.9551583650171
15.3,-4.791726187290196,7.799653985723305,3.296342775895902,-7.282744181130534,-8.397822694885221,105.35888844438998
15.31,-4.8995480388789225,7.793402737507892,3.355142053908914,-5.9874011584892175,-1.7349698580245683,101.86215213884122
15.32,-4.993892159019058,7.787932895319406,3.4065914221702998,-4.853976013678065,4.095026374228503,98.80250787148607
15.33,-5.076443264141677,7.783146783404479,3.451609619399012,-3.8622290119683074,9.196273077449941,96.1253191375503
15.34,-5.148675481123968,7.77895893547892,3.4910005419741355,-2.994450385472269,13.659863942768698,93.78277899535652
15.35,-5.211878670983472,7.775294568544055,3.5254675992273685,-2.2351440872882353,17.56550594992261,91.73305637093696
15.36,-5.267181462110537,7.772088247476049,3.5556262743239473,-1.570751076377206,20.982942706182286,89.93954907456984
15.37,-4.87541752934672,7.803469591541543,3.2524966150334538,-0.9894071918300551,23.9731998679095,88.3702301902486
15.38,-4.53262408817838,7.83092826759885,2.987258163154272,-0.48073129285129823,26.589674884420813,86.99707616646754
15.39,-4.232679827156083,7.854954609148994,2.755174517759988,-0.03563988124488593,28.87909052386821,85.7955663956591
15.4,-3.970228598761573,7.87597765800537,2.5521013280399893,0.3538151039107248,30.882329208384686,84.74424534620171
15.41,-3.7405837739163763,7.894372825754699,2.374412287034991,0.6945882159218841,32.6351630573366,83.82433942792649
15.42,-3.539644552176829,7.9104685975353615,2.218934376155617,0.9927646889316486,34.16889267516952,83.01942174943568
15.43,-3.3638227331547257,7.924552397843441,2.082891204136165,1.2536691028151925,35.51090609077333,82.31511878075622
15.44,-3.209978641510385,7.936875723113011,1.9638534286191445,1.4819604649632934,36.68516782942666,81.6988536831617
15.45,-3.0753650613215866,7.9476586327238845,1.8596953750417515,1.6817154068428817,37.71264685074833,81.15962172276649
15.46,-2.957578178656388,7.957093678633399,1.7685570781615327,1.8565009809875215,38.61169099440478,80.68779375742068
15.47,-2.8545146563243398,7.965349343804224,1.6888110683913413,3.9344384833640813,39.79647949510418,73.2618196627431
15.48,-2.764334074283797,7.9725730508286965,1.6190333098424237,5.752633797943571,40.833169433216156,66.76409232990021
15.49,-2.6854260649983224,7.978893794475109,1.5579777711121208,7.343554698200625,41.740273129064136,61.07858091366268
15.5,-2.6163815568735322,7.98442444516572,1.5045541747231057,8.735610485925546,42.53398886293112,56.10375842445484
15.51,-2.555967612264341,7.989263764520005,1.4578085278827175,9.953659300184853,43.22849013006473,51.75078874639799
15.52,-2.5031054107312984,7.993498168955004,1.416906086897378,11.019452012661747,43.83617873880663,47.941940278098244
15.53,-2.468407109389886,7.918250272835628,1.0581255760352057,11.952020636079029,44.3679062714558,44.60919786833597
15.54,-2.43804609571615,7.852408363731175,0.744192629030805,12.76801818156915,44.83316786252382,41.69304825979397
15.55,-2.411480208751631,7.794796693264778,0.4695013004019543,13.482016033873007,45.24027175470834,39.14141735231972
15.56,-2.388235057657677,7.74438648160668,0.22914638785171004,14.106764154638881,45.596487660369796,36.90874030827976
15.57,-2.3678955504504673,7.700277546405845,0.0188358393702463,14.653418760309021,45.90817657782357,34.95514789474478
15.58,-2.350098481644159,7.661682228105114,-0.1651858905510345,15.131741540270394,46.18090438059562,33.245754532901685
15.59,-2.3345260464386386,7.627911324591975,-0.3262049042321552,15.550273972736594,46.419541208021165,31.750035341288974
15.6,-2.3209001656338084,7.598361784017977,-0.4670965412031358,15.91648985114452,46.62834843201852,30.441281048627854
15.61,-2.308977519929582,7.57250593601573,-0.5903767235527438,16.236928744751456,46.8110547530162,29.296121042549373
15.62,-2.2985452049383843,7.549882069013764,-0.6982468831086508,16.517312776657526,46.97092278388917,28.2941060372307
15.63,-2.289416929321086,7.530086185387043,-0.7926332727200696,17.576398804575337,37.643307310903026,22.753592782576863
15.64,-2.28142968815595,7.512764787213663,-0.875221363630061,18.50309907900342,29.481643772040147,17.905643684754754
15.65,-2.2744408521364563,7.497608563811955,-0.9474859431763034,19.313961819127993,22.34018817553513,13.66368822416041
15.66,-2.2683256206193994,7.484346868335461,-1.0107174502792655,20.023466716736994,16.091414528593237,9.951977196140358
15.67,-2.262974793041974,7.4727428847935276,-1.0660450189943573,20.64428350214487,10.623737587519082,6.704230046622813
15.68,-2.2582928189117273,7.462589399194337,-1.1144566416200627,21.18749818937676,5.839520264079196,3.8624512907949615
15.69,-2.2694264665477615,7.227736974295045,-0.8712469364175549,21.662811040704668,1.6533301060692964,1.3758948794455912
15.7,-2.279168408229291,7.022241102508165,-0.6584384443653605,22.078709785616585,-2.0095862821893657,-0.7998419804851078
15.71,-2.2876926072006296,6.842432214694645,-0.47223101381969035,22.442621187414513,-5.214638121915695,-2.7036117329244695
15.72,-2.295151281300551,6.685099437857814,-0.30929951209222906,22.7610436639877,-8.019058481676232,-4.369410266308911
15.73,-2.301677621137982,6.547433258125587,-0.1667344480807004,23.03966333098924,-10.472926296466703,-5.826983983020297
15.74,-2.3073881684957342,6.426975350859889,-0.04199001707061284,23.283455539615584,-12.620060634408365,-7.10236098514276
15.75,-2.3123848974337675,6.321574682002403,0.06716136006321377,23.49677372216364,-14.49880318010732,-8.218315861999915
15.76,-2.316757035254547,6.229349096752102,0.16266881505531205,23.683427131893183,-16.142702907593904,-9.194776379249927
15.77,-2.3205826558477285,6.14865170965809,0.24623783817339803,23.846748865406536,-17.581115169144667,-10.049179331843686
15.78,-2.3239300738667623,6.078041495950829,0.3193607334017233,23.98965538223072,-18.839725898001582,-10.796781915363225
15.79,-2.326859064633417,6.016257558956975,0.38334326672650787,24.48657358445188,-21.008510160751385,-12.15093417594282
15.8,-2.32942193155424,5.962196614087354,0.43932798338569434,24.921377011395393,-22.906196390657463,-13.335817403949967
15.81,-2.33166444010996,5.914893287326435,0.4883146104624826,25.301830009970967,-24.56667184182528,-14.372590228456222
15.82,-2.333626635096215,5.8735028764106305,0.5311779091546722,25.634726383724598,-26.01958786159712,-15.279766449899194
15.83,-2.335343555709188,5.8372862668593015,0.5686832955103382,25.926010710759023,-27.29088937889748,-16.073545643661795
15.84,-2.3368458612455396,5.805596733501889,0.601500508571546,26.180884496914146,-28.403278206535294,-16.76810243820407
15.85,-2.158329753589847,5.675144891814153,0.5048084450001027,26.40389905979988,-29.37661843071838,-17.375839633428562
15.86,-2.002128159391116,5.560999530337384,0.42020288937508987,26.599036802324896,-30.22829112687858,-17.90760967924999
