time,ax_filtered,ay_filtered,az_filtered,wx_filtered,wy_filtered,wz_filtered
0.0,2.562753,-2.760036,6.06978,18.83,5.495,-45.465001
0.01,2.562753,-2.760036,6.06978,18.83,5.495,-45.465001
0.02,2.562753,-2.760036,6.06978,18.83,5.495,-45.465001
0.03,2.562753,-2.760036,6.06978,18.83,5.495,-45.465001
0.04,2.562753,-2.760036,6.06978,18.83,5.495,-45.465001
0.05,2.562753,-2.760036,6.06978,18.83,5.495,-45.465001
0.06,2.562753,-2.760036,6.06978,18.83,5.495,-45.465001
0.07,2.562753,-2.760036,6.06978,18.83,5.495,-45.465001
0.08,2.562753,-2.760036,6.06978,18.83,5.495,-45.465001
0.09,2.562753,-2.760036,6.06978,18.83,5.495,-45.465001
0.1,2.562753,-2.760036,6.06978,18.83,5.495,-45.465001
0.11,2.562753,-2.760036,6.06978,18.83,5.495,-45.465001
0.12,2.562753,-2.760036,6.06978,18.83,5.495,-45.465001
0.13,2.562753,-2.760036,6.06978,18.83,5.495,-45.465001
0.14,2.562753,-2.760036,6.06978,18.83,5.495,-45.465001
0.15,1.9628618749999998,-3.329089875,5.341751124999999,18.83,5.495,-45.465001
0.16,1.4379571406249998,-3.827012015625,4.7047258593749985,18.83,5.495,-45.465001
0.17,0.9786654980468747,-4.262693888671874,4.147328751953124,18.83,5.495,-45.465001
0.18,0.5767853107910155,-4.64391552758789,3.659606282958983,18.83,5.495,-45.465001
0.19,0.22514014694213857,-4.977484461639403,3.2328491225891103,18.83,5.495,-45.465001
0.2,-0.08254937142562874,-5.269357278934477,2.8594366072654718,18.83,5.495,-45.465001
0.21,-0.35177769999742514,-5.524745994067667,2.532700656357288,18.83,5.495,-45.465001
0.22,-0.5873524874977469,-5.748211119809208,2.2468066993126268,18.83,5.495,-45.465001
0.23,-0.7934804265605285,-5.943743104833057,1.9966494868985485,18.83,5.495,-45.465001
0.24,-0.9738423732404624,-6.1148335917289245,1.77776192603623,18.83,5.495,-45.465001
0.25,-1.1316590765854047,-6.264537767762809,1.5862353102817013,18.83,5.495,-45.465001
0.26,-1.2697486920122292,-6.395528921792457,1.4186495214964887,18.83,5.495,-45.465001
0.27,-1.3905771055107006,-6.5101461815684,1.2720119563094276,18.83,5.495,-45.465001
0.28,-1.496301967321863,-6.61043628387235,1.1437040867707493,18.83,5.495,-45.465001
0.29,-1.5888112214066301,-6.698190123388306,1.0314347009244056,18.83,5.495,-45.465001
0.3,-1.6697568187308014,-6.774974732964767,0.9331989883088548,18.83,5.495,-45.465001
0.31,-2.103420716389451,-7.4180721413441715,0.39889498977024795,18.83,5.495,-45.465001
0.32,-2.4828766268407696,-7.98078237367615,-0.06862100895103301,18.83,5.495,-45.465001
0.33,-2.8149005484856735,-8.473153826966632,-0.47769750783215387,18.83,5.495,-45.465001
0.34,-3.1054214799249644,-8.903978848595804,-0.8356394443531346,18.83,5.495,-45.465001
0.35,-3.359627294934344,-9.280950742521329,-1.1488386388089928,18.83,5.495,-45.465001
0.36,-3.582057383067551,-9.610801149706163,-1.4228879339578686,18.83,5.495,-45.465001
0.37,-3.7766837101841073,-9.899420255992892,-1.6626810672131351,18.83,5.495,-45.465001
0.38,-3.946981746411094,-10.15196197399378,-1.872500058811493,18.83,5.495,-45.465001
0.39,-4.095992528109707,-10.372935977244557,-2.0560916764600563,18.83,5.495,-45.465001
0.4,-4.226376962095993,-10.566288230088988,-2.216734341902549,18.83,5.495,-45.465001
0.41,-4.340463341833994,-10.735471451327864,-2.3572966741647305,18.83,5.495,-45.465001
0.42,-4.4402889241047445,-10.88350676991188,-2.4802887148941393,-20.383125375,22.041250625,-55.956250499999996
0.43,-4.527636308591651,-11.013037673672896,-2.5879067505323716,-54.694610078124995,36.519219921875,-65.1360938125
0.44,-4.604065270017695,-11.126377214463783,-2.682072531715825,-84.71715919335938,49.187443056640625,-73.16845671093749
0.45,-4.670940611265483,-11.22554931265581,-2.7644675902513467,-110.98688966918945,60.272138299560545,-80.19677424707031
0.46,-4.729456534857298,-11.312324898573832,-2.8365632664699283,-133.97290383554076,69.97124663711548,-86.34655209118652
0.47,-4.543963343000136,-11.772846536252104,-2.931995483161187,-154.08566623109817,78.45796643247604,-91.72760770478821
0.48,-4.381656800125119,-12.175802969220591,-3.0154986727660384,-171.68433332721088,85.88384625341654,-96.43603136668969
0.49,-4.2396385751094785,-12.528389848068016,-3.0885639636702837,-187.08316703630953,92.38149109673947,-100.55590207085348
0.5,-4.115372628220793,-12.836903367059515,-3.1524960932114983,-200.55714653177085,98.06693033464704,-104.1607889369968
0.51,-4.006639924693194,-13.106852696177075,-3.208436706560061,-212.34687859029953,103.04168966781616,-107.31506494487219
0.52,-3.911498809106545,-13.343058359154941,-3.2573847432400536,-222.66289414151208,107.39460408433914,-110.07505645176316
0.53,-3.828250332968227,-13.549738314260575,-3.3002142753350467,-231.6894077488231,111.20340419879675,-112.49004902029276
0.54,-3.7554079163471985,-13.730583274978002,-3.337690115918166,-239.5876071552202,114.53610429894715,-114.60316751775616
0.55,-3.6916708018037987,-13.888822615605752,-3.3704814764283952,-246.4985316358177,117.45221688657875,-116.45214620303663
0.56,-3.635900826578324,-14.027282038655034,-3.3991739168748456,-252.54559055634047,120.00381540075641,-118.07000255265706
0.57,-3.5871020982560333,-14.148434033823156,-3.42427980226549,-257.83676711179794,122.23646410066186,-119.48562685857492
0.58,-3.5444032109740293,-14.254442029595262,-3.4462474519823036,-250.8552967228232,141.37065708807913,-118.21304837625304
0.59,-3.507041684602276,-14.347199025895854,-3.4654691454845157,-244.7465101324703,158.11307595206924,-117.09954220422141
0.6,-3.4743503490269916,-14.428361397658872,-3.4822881272989514,-239.40132186591148,172.76269245806057,-116.12522430369373
0.61,-3.4457454303986177,-14.499378472951513,-3.4970047363865824,-234.72428213267256,185.58110690080298,-115.27269614073201
0.62,-3.4207161265987907,-14.561518413832573,-3.50988176933826,-230.6318723660885,196.7972195382026,-114.5267339981405
0.63,-3.398815485773942,-14.615890862103502,-3.5211491731709774,-227.05101382032746,206.61131809592726,-113.87401712337294
0.64,-2.379141175052199,-13.637810254340565,-0.6350032765246056,-223.91776259278652,215.19865433393633,-113.30288985795131
0.65,-1.4869261531706743,-12.781989722547994,1.8903743830409698,-221.17616776868823,222.7125735421943,-112.8031535007074
0.66,-0.70623800902434,-12.033146757229495,4.100079835160848,-218.77727229760222,229.28725284941999,-112.36588418811897
0.67,-0.02313588289629742,-11.377909162575808,6.033572105765742,-216.67823876040194,235.04009724324249,-111.98327353960408
0.68,0.5745784774657398,-10.804576267253832,7.725377842545024,-214.8415844153517,240.07383608783715,-111.64848922215357
0.69,1.0975785427825224,-10.302909983847103,9.205707862226896,-213.23451186343272,244.4783575768575,-111.35555294438437
0.7,1.5552035999347071,-9.863951985866215,10.500996629448533,-211.8283233805036,248.3323138797503,-111.09923370133632
0.71,1.9556255249428687,-9.47986373763294,11.634374300767465,-210.59790845794066,251.7045256447815,-110.87495436366927
0.72,2.30599470932501,-9.143786520428822,12.626079763171532,-209.52129540069808,254.6552109391838,-110.6787099432106
0.73,2.612567745659384,-8.84971895537522,13.49382204277509,-208.5792589756108,257.23706057178583,-110.50699607530927
0.74,2.880819152451961,-8.592409835953317,14.253096537428203,-154.90935097865943,263.1493022503126,-111.66924669089562
0.75,3.115539133395466,-8.367264356459152,14.917461720249676,-107.94818148132701,268.3225137190235,-112.68621597953367
0.76,3.320919116721033,-8.170262061901758,15.498781255218466,-66.85715817116115,272.8490737541456,-113.57606410709195
0.77,3.500626602130904,-7.997885054164038,16.00743584831616,-30.902512774766006,276.8098137848774,-114.35468121870545
0.78,3.657870651864541,-7.847055172393533,16.45250861727664,0.5578019470797422,280.27546131176774,-115.03597119136728
0.79,3.7954591953814734,-7.715079025844342,16.84194729011706,28.08557732869477,283.3079028977968,-115.63209991744637
0.8,2.274890670958789,-6.3320772726138,12.433023878852426,52.17238078760792,285.9612892855722,-116.15371255276557
0.81,0.9443932120889402,-5.121950738537075,8.575215893995873,73.24833381415692,288.2830023748757,-116.61012360866988
0.82,-0.21979206442217736,-4.063090021219941,5.199633907246389,91.6897927123873,290.31450132801626,-117.00948328258613
0.83,-1.2384541813694052,-3.1365868935674484,2.2459996688405903,107.82606924833888,292.0920629120142,-117.35892299726285
0.84,-2.1297835336982294,-2.3258966568715174,-0.3384302897644833,121.94531121729652,293.64742929801247,-117.66468274760499
0.85,-2.909696716985951,-1.6165426997625776,-2.599806503543923,134.29964794013446,295.00837488576093,-117.93222252915436
0.86,-3.592120752362707,-0.9958579872922554,-4.5785106906009325,145.10969257261766,296.1992022750408,-118.16631983801005
0.87,-4.189241783317368,-0.4527588638807235,-6.3098768542758155,154.56848162604047,297.2411762406607,-118.3711549832588
0.88,-4.711722685402697,0.022452869104366946,-7.824822247491339,162.84492204778542,298.1529034605781,-118.55038573535145
0.89,-5.16889347472736,0.43826313546632106,-9.150399466554921,170.08680741681223,298.95066477800583,-118.70721264343251
0.9,-5.56891791538644,0.802097118533031,-10.310279533235557,181.6515827397107,232.0899559307551,-55.22756081300345
0.91,-5.918939300963135,1.120451853716402,-11.325174591581112,191.77076114724687,173.58683568941072,0.3171345386219784
0.92,-6.225208013342744,1.3990122470018518,-12.213207767633472,200.625042253841,122.39660547823439,48.91874297129423
0.93,-6.493193136674901,1.6427525911266203,-12.990236796679287,208.37253822211088,77.60515404345509,91.44515034988245
0.94,-6.727680119590539,1.856025392235793,-13.670137197094377,215.151597194347,38.41263403802321,128.65575680614717
0.95,-5.0618136046417215,1.5921239682063189,-11.68400917245758,221.08327379505363,4.119179033270306,161.21503745537876
0.96,-3.6041804040615064,1.361210222180529,-9.946147150900384,226.27349082067192,-25.88759409588848,189.70440802345644
0.97,-2.3287513535538182,1.1591606944079629,-8.425517882037836,230.81493071808794,-52.143520583902415,214.63260727052437
0.98,-1.2127509343595908,0.9823673576069676,-7.094967271783106,234.78869062832695,-75.11745626091462,236.44478161170883
0.99,-0.23625056756464202,0.8276731879060966,-5.930735487810217,238.26573054978607,-95.21964997830028,255.53043416024525
1.0,0.6181872533809383,0.6923157894178344,-4.91203267683394,241.30814048106282,-112.80906948101276,272.2303801402146
1.01,1.365820346708321,0.5738780657406051,-4.020667717229697,243.97024917092997,-128.19981154588615,286.8428328726878
1.02,2.0199993033697807,0.4702450575230295,-3.240723377575985,246.29959427456373,-141.66671085265037,299.6287290136018
1.03,2.592405890448558,0.3795661753326508,-2.558272080378987,248.33777124024326,-153.45024774606907,310.81638813690154
1.04,3.093261654142488,0.30022215341606945,-1.9611271953316136,250.12117608521285,-163.7608425278104,320.60558986978884
1.05,3.5315104473746772,0.23079613423906076,-1.4386254209151619,251.68165532456123,-172.7826129618341,329.17114138606524
1.06,3.9149781414528424,0.17004836745917817,-0.9814363683007665,238.5526994089911,-153.64353646660484,309.92162308780706
1.07,4.250512373771237,0.1168940715267809,-0.5813959472631707,227.06486298286723,-136.89684453327922,293.0782945768312
1.08,4.544104827049832,0.07038406258593329,-0.23136057885527433,217.01300611000883,-122.24348909161931,278.3403821297273
1.09,4.8009982236686035,0.029687804762691623,0.07492036850163497,208.21763134625775,-109.4218030801669,265.4447087385114
1.1,5.0257799457100285,-0.005921420832644832,0.3429161974389306,200.52167842797553,-98.20282782014603,254.16099452119747
1.11,4.880311702496275,-0.0017299932285642279,1.6362017977590644,193.7877196244786,-88.38622446762777,244.2877445810478
1.12,4.753026989684241,0.0019375059250063005,2.7678266980391815,187.8955056714188,-79.79669653417429,235.64865088341685
1.13,4.641652865973711,0.005146567684380513,3.757998485784284,182.73981846249146,-72.28085959240249,228.08944389798975
1.14,4.544200507726997,0.007954496723832949,4.624398800061249,178.22859215468003,-65.70450226835217,221.47513778574105
1.15,4.458929694261123,0.01041143463335383,5.382499075053593,174.28126913534504,-59.950189609808156,215.68761993752344
1.16,4.3843177324784826,0.012561255304184601,6.045836815671894,170.8273614934269,-54.91516603358214,210.62354182033303
1.17,4.319032265918672,0.014442348391161526,6.626257338712907,167.80519230674855,-50.509520404384375,206.19247346779142
1.18,4.261907482678838,0.016088304842266334,7.134125296373794,165.160794268405,-46.65458047883633,202.3152886593175
1.19,4.211923297343984,0.01752851673698304,7.578509759327069,162.8469459848544,-43.28150804398179,198.92275195190282
1.2,4.168187135175986,0.018788702144860163,7.967346164411186,160.8223287367476,-40.33006966348407,195.95428233291497
1.21,4.129917993278988,0.01989136437675264,8.307578018859788,159.05078864465418,-37.74756108054856,193.3568714163006
1.22,4.096432494119115,0.02085619382965856,8.605280891502314,146.3663148140724,-35.25161594547998,159.15538711426302
1.23,4.0671326823542255,0.02170041960095124,8.865770905064524,135.26740021231336,-33.067663952294986,129.22908834998015
1.24,4.041495347059947,0.022439117150832334,9.093699666931458,125.5558499357742,-31.15670595825811,103.04357693123262
1.25,4.019062678677454,0.023085477506978293,9.293137333565026,117.05824344380244,-29.48461771347585,80.13125443982855
1.26,3.999434093842772,0.023651042818606006,9.467645291869397,109.62283776332714,-28.02154049929137,60.08297225984998
1.27,3.9822590821124257,0.024145912466280256,9.620339755385722,103.11685779291125,-26.741347936879947,42.54072535236874
1.28,3.787601321848373,-0.33332620159200477,8.663351535962507,97.42412531879735,-25.621179444769954,27.19125930832265
1.29,3.617275781617326,-0.6461143013930042,7.825986843967193,92.44298440394769,-24.64103201417371,13.760476519782317
1.3,3.4682409339151605,-0.9198038887188786,7.093292738471294,88.08448610345424,-23.783403012401998,2.0085415798095276
1.31,3.3378354421757654,-1.1592822776290188,6.452185396162382,84.27080009052247,-23.032977635851747,-8.274401492666664
1.32,3.223730636903795,-1.3688258679253913,5.891216471642084,80.93382482920717,-22.37635543137028,-17.27197668108333
1.33,3.1238889322908205,-1.5521765094347173,5.400368662686823,78.01397147555627,-21.801811002448993,-25.144854970947915
1.34,3.036527440754468,-1.7126083207553775,4.97087682985097,75.45909979111175,-21.299084627142868,-32.03362347457943
1.35,2.9600861356601595,-1.8529861556609553,4.595071476119598,73.2235870672228,-20.85919904875001,-38.061295915257
1.36,2.89319999370264,-1.9758167612033357,4.266241791604648,71.26751343381996,-20.47429916765626,-43.33550930084987
1.37,2.83467461948981,-2.0832935410529188,3.9785158176540665,69.55594900459246,-20.137511771699227,-47.950446013243635
1.38,2.7834649170535837,-2.177335723421304,3.726755590447308,66.3345802540184,-8.179072675236824,-39.50226513658818
1.39,2.7386564274218856,-2.259622632993641,3.506465391641395,63.5158825972661,2.2845615341677785,-32.11010686951466
1.4,2.69944899899415,-2.331623678869436,3.3137114676862205,61.04952214760783,11.440241467396806,-25.64196838582533
1.41,2.6651424991198813,-2.3946245940107564,3.145051784225443,58.89145675415685,19.451461408972207,-19.982347212597166
1.42,2.6351243117298964,-2.4497503947594117,2.9974745611972624,57.00314953488724,26.461278857850683,-15.030178686022518
1.43,2.511841647763659,-1.235021720414485,1.8917198660476047,55.35088071802633,32.59486912561935,-10.697031225269702
1.44,2.4039693167932015,-0.17213413036267444,0.924184507791654,53.90514550327303,37.96176060991693,-6.90552719711099
1.45,2.309581027194051,0.7578925109326599,0.0775910693176971,52.6401271903639,42.657790658677314,-3.587961172472116
1.46,2.226991273794795,1.5716658220660773,-0.6631781893470151,51.533236166568415,46.76681695134265,-0.6850909009131017
1.47,2.1547252395704453,2.2837174693078177,-1.3113512906786382,50.564706520747364,50.36221495742481,1.8549205867010359
1.48,2.0914924596241393,2.9067626606443406,-1.8785027543438084,49.717243080653944,53.5081882127467,4.077430638363406
1.49,2.036163777171122,3.451927203063798,-2.3747602850508325,48.9757125705722,56.26091481115337,6.02212693356798
1.5,1.9877511800247316,3.9289461776808237,-2.8089856244194786,48.32687337425067,58.66955058475919,7.723736191871982
1.51,1.9453901575216401,4.346337780470721,-3.1889327963670437,47.75913907746933,60.7771068866643,9.212644292887985
1.52,1.9083242628314352,4.711555432911881,-3.5213865718211634,47.262371567785664,62.62121865083127,10.515438881276987
1.53,1.8758916049775058,5.031120878797896,-3.812283625343518,46.827699996812456,64.23481644447736,11.655384146117363
1.54,1.8475130293553177,5.31074064394816,-4.066818547175578,30.1811119972109,60.89546463891769,20.45346087785269
1.55,1.822681775685903,5.55540793845464,-4.289536603778631,15.615347497559535,57.97353180905297,28.151778018121103
1.56,1.8009544287251653,5.76949182114781,-4.484414903306302,2.870303560364592,55.416840582921346,34.887805515855966
1.57,1.7819430001345198,5.9568152185043335,-4.654933415393014,-8.281609884680982,53.179735760056175,40.781829576373966
1.58,1.7653080001177048,6.120723191191292,-4.804137113468887,-18.03953414909586,51.22226904004915,45.939100629327214
1.59,1.273067750102992,5.292354167292381,-4.026401849285277,-26.577717880458877,49.509485660043005,50.45171280066131
1.6,0.8423575313401179,4.567531271380834,-3.345883493124617,-34.04862864540152,48.010800202537624,54.400248450578644
1.61,0.46548608992260315,3.9333112374582297,-2.7504299314840397,-40.58567556472633,46.69945042722042,57.855217144256315
1.62,0.1357235786822778,3.3783687077759508,-2.229408065048535,-46.30559161913554,45.55201937381786,60.87831475122428
1.63,-0.1528186186530069,2.8927939943039567,-1.773513931917468,-51.3105181667436,44.54801720209063,63.523525157321245
1.64,-0.405293041321381,2.467916120015962,-1.3746065654277846,-55.68982889590065,43.66951530182929,65.83808426265608
1.65,-0.6262081611562084,2.0961479800139666,-1.0255626197493115,-59.52172578391308,42.90082613910063,67.86332347982407
1.66,-0.8195088910116823,1.7708508575122208,-0.7201491672806476,-62.87463556092394,42.22822312171305,69.63540779484606
1.67,-0.9886470296352221,1.4862158753231933,-0.4529123963705667,-65.80843161580844,41.63969548149892,71.1859815704903
1.68,-1.1366429009308192,1.2371602659077943,-0.21908022182424586,-68.37550316383239,41.12473379631155,72.54273362417901
1.69,-1.2661392883144669,1.01923660766932,-0.014477069096215128,-70.62169076835335,40.67414232177261,73.72989167115664
1.7,-1.3794486272751585,0.8285534067106549,0.16455068954081176,-84.92897929730918,43.82362490655103,68.74428033726205
1.71,-1.4785942988657637,0.661705605871823,0.3211999783482103,-97.44785676014553,46.579422168232156,64.38187042010429
1.72,-1.5653467615075431,0.5157137801378451,0.458268106054684,-108.40187454012732,48.990744772203136,60.56476174259126
1.73,-1.6412551663191002,0.38797093262061444,0.5782027177978485,-117.9866400976114,51.100652050677745,57.224791649767354
1.74,-1.7076750205292126,0.2761959410430376,0.6831455030731174,-126.37330996040998,52.946820919343025,54.30231781854644
1.75,-1.765792392963061,0.17839282341265786,0.7749704401889778,-133.71164609035873,54.56221867942514,51.74515321622814
1.76,-2.0872228438426785,-0.7389641545139244,0.6956145101653556,-140.1326902040639,55.975691719497,49.50763418919963
1.77,-2.368474488362344,-1.5416515101996837,0.6261780713946862,-145.7511038035559,57.21248062955988,47.54980504054968
1.78,-2.614569677317051,-2.2440029464247235,0.5654211874703504,-150.66721570311142,58.29467092586489,45.83670453548097
1.79,-2.8299029676524197,-2.8585604531216333,0.5122589140365565,-154.9688136152225,59.24158743513178,44.33774159354585
1.8,-3.0183195966958674,-3.396298271481429,0.46574192478198695,-158.7327117883197,60.0701393807403,43.02614901935262
1.81,-3.183184147108884,-3.8668188625462507,0.4250395591842386,-162.02612268977975,60.79512233314776,41.87850551693355
1.82,-3.327440628720274,-4.278524379727969,0.3894249892862088,-164.9078572285573,61.429482416504285,40.87431745231686
1.83,-3.4536650501302395,-4.638766707261973,0.35826224062543266,-167.42937494998765,61.98454748944125,39.995652895777255
1.84,-3.5641114188639595,-4.953978743854226,0.33099483554725356,-169.6357029562392,62.47022942826109,39.2268214088051
1.85,-3.6607519915059648,-5.229789275872448,0.30713585610384686,-171.5662399617093,62.89520112472846,38.554093857704466
1.86,-3.7453124925677193,-5.471123491388392,0.286259249090866,-180.90733621649565,70.9276753591374,30.466707000491407
1.87,-3.8193029309967543,-5.682290929964843,0.2679922179545077,-189.0807954394337,77.95609031424522,23.390243500429982
1.88,-3.88404456462216,-5.867062438719238,0.25200856571019425,-196.2325722595045,84.10595339996456,17.198337937876232
1.89,-3.9406934940443903,-6.028737508879333,0.23802286999641997,-202.49037697706646,89.48708359996898,11.780420570641702
1.9,-3.9902613072888418,-6.1702031952694165,0.22578538624686748,-207.96595610493316,94.19557252497286,7.03974287431149
1.91,-4.136610268877737,-6.69149792086074,-0.30605191203399096,-212.7570878418165,98.31550033435126,2.8916498900225536
1.92,-4.26466561026802,-7.147630805753147,-0.771409548029742,-216.94932811158947,101.92043716755735,-0.7379314712302656
1.93,-4.376714033984518,-7.546747080034004,-1.1785974795260243,-220.6175383476408,105.07475689661268,-3.9138151623264825
1.94,-4.474756404736453,-7.895973820029754,-1.5348869195852712,-223.8272223041857,107.83478665953609,-6.692713392035673
1.95,-4.560543479144397,-8.201547217526034,-1.8466401796371121,-226.6356957661625,110.24981270209408,-9.124249343031213
1.96,-4.635607169251347,-8.46892394033528,-2.119424282182473,-229.0931100453922,112.36296048933231,-11.251843300152313
1.97,-4.70128789809493,-8.70287857279337,-2.358110371909664,-231.24334753971817,114.21196480316577,-13.113488012633272
1.98,-4.7587585358330635,-8.907588876194199,-2.566960700420956,-233.1248053472534,115.82984357777005,-14.742427136054115
1.99,-4.8090453438539305,-9.086710391669923,-2.749704737868336,-234.77108092884674,117.2454875055488,-16.16774886904735
2.0,-4.853046300872189,-9.243441717711182,-2.909605770634794,-236.2115720627409,118.4841759423552,-17.414905385416432
2.01,-4.891547138263166,-9.380581627997284,-3.049519174305445,-237.4720018048983,119.56802832456079,-18.50616733723938
2.02,-4.925235370980271,-9.500579049497622,-3.171943402517264,-235.674251829286,136.41515178399067,-29.659146295084454
2.03,-4.954712574607737,-9.60557679331042,-3.279064602202606,-234.10122060062523,151.15638481099182,-39.4180028831989
2.04,-4.98050512778177,-9.697449819146616,-3.37279565192728,-232.72481827554705,164.05496370961785,-47.957002397799045
2.05,-5.003073611809049,-9.777838716753289,-3.45481032043637,-231.52046624110366,175.34122024591562,-55.42862697307417
2.06,-5.022821035332918,-9.848179002159126,-3.526573155381824,-230.4666582109657,185.21669471517617,-61.966298476439896
2.07,-5.040100030916304,-9.909726751889234,-3.5893656359590955,-229.54457618459497,193.85773487577916,-67.6867610418849
2.08,-5.211581652051765,-9.53651515790308,-3.320446556464209,-228.7377544115206,201.41864501630675,-72.6921657866493
2.09,-5.3616280705452946,-9.209955013165196,-3.085142361906183,-228.0317853600805,208.0344413892684,-77.07189493831814
2.1,-5.4929186867271325,-8.924214886519547,-2.8792511916679104,-227.41406244007044,213.82326321560984,-80.90415794602838
2.11,-5.607797975886241,-8.674192275704604,-2.6990964177094217,-226.87355488506162,218.8884823136586,-84.25738807777483
2.12,-5.70831735390046,-8.455422491241528,-2.5414609904957444,-226.4006107744289,223.32054902445128,-87.19146444305298
2.13,-5.796271809662902,-8.263998929836337,-2.4035299916837767,-225.98678467762528,227.19860739639486,-89.75878126267136
2.14,-5.8732319584550385,-8.096503313606796,-2.282840367723305,-225.6246868429221,230.5919084718455,-92.00518347983744
2.15,-5.9405720886481586,-7.949944649405946,-2.177236946757892,-225.30785123755683,233.5610469128648,-93.97078541985776
2.16,-5.999494702567138,-7.821705818230202,-2.0848339534131552,-225.0306200828622,236.1590430487567,-95.69068711737555
2.17,-6.051051989746245,-7.709496840951427,-2.003981334236511,-224.78804282250442,238.4322896676621,-97.1956011027036
2.18,-6.0961646160279646,-7.611313985832498,-1.9332352924569471,-192.75641234469137,236.86887958420434,-96.78865146486567
2.19,-6.135638164024469,-7.525403987603436,-1.8713325058998287,-164.72873567660494,235.5008957611788,-96.43257053175746
2.2,-6.17017751852141,-7.450232739153006,-1.81716756766235,-140.20451859202933,234.30390991603147,-96.12099971528778
2.21,-6.200399453706233,-7.38445789675888,-1.7697732467045562,-118.74582864302566,233.25654730152755,-95.84837525087681
2.22,-6.226843646992953,-7.3269049096640195,-1.7283032158664866,-99.96947493764745,232.34010501383662,-95.60982884451721
2.23,-6.2499823161188335,-7.2765460459560165,-1.6920169388831758,-83.54016544544152,231.53821801210705,-95.40110073895256
2.24,-5.735237276603979,-5.834986415211514,-0.3532344465227788,-69.16451963976132,230.83656688559367,-95.2184636465835
2.25,-5.284835367028482,-4.573621738310074,0.8182002342925685,-56.58582955979115,230.22262214989448,-95.05865619076057
2.26,-4.890733696149922,-3.4699276460213144,1.8432055800059974,-45.579475739817255,229.68542050615767,-94.91882466691551
2.27,-4.545894734131181,-2.50419531526865,2.740085257505248,-35.9489161473401,229.21536906788796,-94.79647208355108
2.28,-4.2441606423647835,-1.6591795258600688,3.5248549753170915,-27.522176503922587,228.80407405940198,-94.6894135731072
2.29,-3.9801433120691856,-0.9197907101275602,4.211528478402455,-20.148779315932263,228.44419092697675,-94.5957373764688
2.3,-3.7491281480605374,-0.2728254963616151,4.812367793602148,-13.697056776440728,228.12929318610466,-94.5137707044102
2.31,-3.54698987955297,0.2932690656835868,5.338102194401879,-8.051799554385637,227.8537576628416,-94.44204986635893
2.32,-3.3701188946088485,0.7886018074731385,5.798119795101644,-3.112199485087432,227.6126640799864,-94.37929413306406
2.33,-3.2153567827827425,1.2220179565389961,6.2006351957139385,1.209950575548497,227.4017071949881,-94.32438286643107
2.34,-3.0799399349348997,1.6012570869716216,6.552836171249696,42.804956128604935,204.23524379561456,-77.44570988312718
2.35,-2.9614501930680373,1.933091326100169,6.861012024843484,79.20058598752931,183.96458832116272,-62.676871022736286
2.36,-2.8577716689345323,2.2234462853376478,7.130665896738049,111.04676211408815,166.22776478101738,-49.75413701989425
2.37,-2.7670529603177156,2.477506874670442,7.366613034645792,138.91216622482713,150.7080441833902,-38.44674476740747
2.38,-2.687674090278001,2.6998098903366365,7.5730667803150675,163.29439482172373,137.1282886604664,-28.552776546481535
2.39,-2.6182175789932507,2.894325029044557,7.753713807775684,184.62884484400826,125.24600257790811,-19.89555435317134
2.4,-2.3607298816190947,2.815672525413987,6.181807456803724,203.29648861350722,114.8490022556696,-12.320484934024922
2.41,-2.135428146416708,2.7468515847372386,4.806389399703258,219.6306769118188,105.75162697371091,-5.692299192271807
2.42,-1.9382891281146197,2.686633261645084,3.6028985997403513,233.92309167284145,97.79142360199705,0.10736333176216917
2.43,-1.7657924871002921,2.633942228939448,2.5498441497728077,246.42895458873625,90.82624565174743,5.182068040291899
2.44,-1.6148579262127556,2.587837575322017,1.6284215060512066,257.3715846401442,84.73171494527901,9.622434660255411
2.45,-1.4827901854361611,2.5474960034067653,0.8221766927948057,266.94638593512616,79.39900057711914,13.507755452723487
2.46,-1.3672309122566408,2.5121971279809197,0.11671248119545496,275.32433706823537,74.73287550497925,16.90741114613305
2.47,-1.2661165482245607,2.4813106119833046,-0.5005687039539769,282.65504430970594,70.65001606685685,19.88210987786642
2.48,-1.1776414796964905,2.4542849104853914,-1.0406897409597298,289.0694131459927,67.07751405849974,22.48497126813312
2.49,-1.1002257947344292,2.4306374216747173,-1.5132956483397635,294.6819858777436,63.95157480118728,24.762474984616482
2.5,-1.0324870703926254,2.4099458689653774,-1.926825817297293,290.3617370180257,44.490752951038864,58.872165611539415
2.51,-0.9732156865935473,2.3918407603447056,-2.2886647151351314,286.5815192657725,27.462533832159004,88.71814491009698
2.52,-0.921353225769354,2.375998790301617,-2.60527375074324,283.27382873255095,12.562842103139127,114.83337679633486
2.53,-0.8759735725481848,2.362137066513915,-2.882306656900335,280.3795995159821,-0.4743881597532642,137.68420469679302
2.54,-0.8362663759796616,2.350008058199675,-3.124710449787793,277.8471489514843,-11.881964639784107,157.6786791096939
2.55,-0.19021132898220383,2.4010410509247153,-2.815485893564319,275.6312547075488,-21.863594059811092,175.17384422098218
2.56,0.37508683714057167,2.445694919559126,-2.5449144068687795,273.69234724410524,-30.59751980233471,190.4821136933594
2.57,0.8697227324980003,2.4847670546142355,-2.308164356010182,271.99580321359207,-38.23970482704287,203.87684948168948
2.58,1.3025291409357502,2.5189551727874564,-2.1010080615089093,270.511327186893,-44.92661672366251,215.59724329647827
2.59,1.6812347483187815,2.548869776189024,-1.9197463038202955,269.2124106635314,-50.7776646332047,225.85258788441848
2.6,2.012602154778934,2.575045054165396,-1.7611422658427587,268.07585870558995,-55.89733155405411,234.82601439886616
2.61,2.302548635431567,2.5979484223947216,-1.6223637326124138,267.0813757423912,-60.37704010979735,242.6777625990079
2.62,2.5562518060026216,2.617988869595381,-1.5009325160358622,266.2112031495923,-64.29678509607268,249.5480422741319
2.63,2.7782420802522942,2.6355242608959584,-1.3946802015313795,265.44980213089326,-67.7265619590636,255.55953698986542
2.64,2.9724835702207573,2.6508677282839637,-1.3017094263399571,264.7835762395316,-70.72761671418066,260.81959486613226
2.65,3.1424448739431625,2.664293262248468,-1.2203599980474624,264.20062858459016,-73.35353962490807,265.4221455078657
2.66,3.2911610147002675,2.67604060446741,-1.1491792482915297,241.0805503865164,-70.16497217179456,255.9306280693825
2.67,3.4212876378627337,2.6863195289089834,-1.0868960922550885,220.85048196320184,-67.37497565032024,247.62555031070968
2.68,3.5351484331298924,2.6953135877953605,-1.0323983307232025,203.14917209280162,-64.93372869403021,240.35860727187097
2.69,3.6347766289886563,2.70318338932094,-0.9847127893828023,187.6605259562014,-62.79763760727643,234.00003211288708
2.7,3.721951300365074,2.710069465655822,-0.942987940709952,174.10796058667626,-60.928557906366876,228.4362788487762
2.71,3.86063138781944,2.7170487824488445,0.14935642687879203,162.24946588834172,-59.29311316807102,223.56799474267916
2.72,3.98197646434201,2.7231556846427387,1.105157748518943,151.873283027299,-57.86209902206214,219.30824614984425
2.73,4.088153406299258,2.7284992240623964,1.941483904954075,142.79412302388664,-56.60996164430438,215.5809661311137
2.74,4.181058230511851,2.7331748210545967,2.6732692918348153,134.8498580209008,-55.51434143876634,212.3195961147245
2.75,4.262349951697869,2.737265968422772,3.3135815053554634,127.8986261432882,-54.55567375892055,209.46589735038395
2.76,4.333480207735636,2.7408457223699254,3.87385469218603,121.81629825037717,-53.716839539055485,206.96891093158595
2.77,4.395719181768681,2.7439780070736846,4.364093730662776,116.49426134408003,-52.98285959667355,204.7840478151377
2.78,4.450178284047595,2.7467187561894737,4.793052889329929,111.83747905107002,-52.34062714708935,202.8722925882455
2.79,4.497829998541646,2.7491169116657894,5.168392153163688,107.76279454468627,-51.77867375370319,201.1995067647148
2.8,4.53952524872394,2.7512152977075655,5.496814009018227,104.19744560160049,-51.286964534490295,199.73581916912545
2.81,4.576008592633448,2.7530513854941194,5.7841831328909485,101.07776527640043,-50.856718967679015,198.45509252298476
2.82,4.607931518554267,2.7546579623073546,6.03563111627958,90.70491961685038,-46.91900422171914,167.79008083261166
2.83,4.635864078734984,2.756063717018935,6.255648101744632,81.62867966474408,-43.47350381900425,140.95819560353522
2.84,4.660305068893111,2.757293752391568,6.448162964026553,73.68696970665107,-40.45869096662872,117.48029602809332
2.85,4.681690935281472,2.7583700333426218,6.616613468523234,66.73797349331969,-37.82072972080013,96.93713389958165
2.86,4.700403568371288,2.759311779174794,6.764007659957829,60.657601806654725,-35.51251363070011,78.96186703713394
2.87,4.716777122324878,2.7601358067779445,6.892977577463101,55.33727658082289,-33.4928245518626,63.233508532492195
2.88,4.861231482034268,1.8829478309307013,7.210524380280213,50.68199200822002,-31.725596607879773,49.47119484093067
2.89,4.9876290467799835,1.1154083520643636,7.488377832745186,46.60861800719252,-30.179272156894804,37.42917036081434
2.9,5.098226915932485,0.4438113080563182,7.731499603652038,43.04441575629346,-28.826238262282956,26.892398940712546
2.91,5.195000051440924,-0.14383610545072156,7.944231153195533,39.92573878675678,-27.642333604497587,17.672723948123476
2.92,5.279676545010808,-0.6580275922693813,8.130371259046091,37.19689643841218,-26.60641702893539,9.605508329608043
2.93,5.353768476884457,-1.1079451432357086,8.29324385166533,34.80915938361066,-25.699990025318463,2.5466946634070373
2.94,5.4185989172739,-1.501623000331245,8.435757370207163,32.71988946065933,-24.906866397153657,-3.6297672945188424
2.95,5.475325552614662,-1.8460911252898393,8.560456698931269,30.891778278076917,-24.212883222509447,-9.034171507703988
2.96,5.524961358537829,-2.1475007346286095,8.66956861156486,29.292180993317302,-23.605647944695768,-13.763025194240988
2.97,5.5683926887206,-2.4112341428000335,8.765041535119252,27.89253336915264,-23.0743170766088,-17.900772169960867
2.98,5.6063951026305245,-2.642000874950029,8.848580343229346,46.31159232300856,-14.6994023170327,-23.586300898715756
2.99,5.639647214801709,-2.8439217655812756,8.921676800325677,62.42826890763249,-7.371351902403611,-28.561138536376284
3.0,5.6687428129514945,-3.0206025448836162,8.985636200284969,76.53036091917843,-0.9593077896031597,-32.914121469329245
3.01,5.694201461332558,-3.175198226773164,9.041600675249347,88.86969142928113,4.651230809097235,-36.72298153566309
3.02,5.716477778665988,-3.3104694484265185,9.090569590843177,99.66660562562099,9.560452082960081,-40.0557340937052
3.03,5.735969556332739,-3.428831767373204,9.13341739198778,109.11390554741837,13.856020697590072,-42.971892581992044
3.04,5.0095794867911465,-2.0203287964515533,7.213404967989309,117.38029297899106,17.614643235391313,-45.523531259243036
3.05,4.373988175942253,-0.7878886968951092,5.533394096990646,124.61338198161718,20.903437955967398,-47.756215101837654
3.06,3.8178457789494717,0.2904963902167794,4.0633845848668155,130.94233485891505,23.781133336471473,-49.709813464107945
3.07,3.3312211815807875,1.234083341439682,2.7771262617584633,136.48016862655066,26.29911679441254,-51.41921203109445
3.08,2.905424658883189,2.0597219237597217,1.6516502290386552,141.32577317323182,28.502352320110973,-52.914935777207646
3.09,2.53285270152279,2.7821556832897567,0.6668587004088233,145.56567715157786,30.430183405097104,-54.22369405505669
3.1,2.206852238832441,3.414285222878537,-0.19483388714227967,149.27559313263063,32.117035604459964,-55.3688575481746
3.11,1.9216018339783858,3.96739857001872,-0.9488149012494947,152.5217696160518,33.593031278902465,-56.370875604652774
3.12,1.6720077297310876,4.45137274876638,-1.6085482885933078,155.36217403904533,34.88452749403966,-57.247641404071175
3.13,1.4536128885147017,4.874850155170582,-2.1858150025191443,157.84752790916465,36.0145866822847,-58.01481147856228
3.14,1.262517402450364,5.245392885774258,-2.6909233772042516,134.73471179551908,35.559638471999115,-42.914210418742
3.15,1.0953088521440686,5.569617775052476,-3.1328932050537204,114.5109976960792,35.161558787999226,-29.70118449139925
3.16,0.94900137062606,5.853314553170915,-3.5196168044220055,96.8152478590693,34.81323906449932,-18.139786804974342
3.17,0.8209823242978025,6.10154923402455,-3.8579999538692547,81.33146675168564,34.508459306436905,-8.02356382935255
3.18,0.7089656587605772,6.318754579771481,-4.154085209635598,67.78315828272494,34.24177701813229,0.8281312743165188
3.19,0.6109510764155051,6.508809257300046,-4.413159808431148,55.928388372384326,34.008430015865756,8.573364490026954
3.2,0.643425316863567,6.11329335013754,-3.858578082377255,45.55546470083628,33.804251388882534,15.350443553773584
3.21,0.6718402772556211,5.767216931370347,-3.373319072080098,36.479156488231745,33.62559509027221,21.280387734551887
3.22,0.6967033675986686,5.464400064949054,-2.948717438070086,28.537386802202775,33.469270828988186,26.469088892732902
3.23,0.7184585716488351,5.199435306830422,-2.577191008311325,21.588338326927428,33.33248710036466,31.009202406141288
3.24,0.7374943751927308,4.967591143476619,-2.2521053822724095,15.507920911061497,33.21280133781907,34.981801730373626
3.25,0.7541507032936394,4.764727500542041,-1.9676554594883584,10.18755567217881,33.10807629559169,38.45782613907692
3.26,0.7687249903819345,4.587221812974286,-1.7187617770523136,5.532236088156459,33.01644188364273,41.49934749669231
3.27,0.7814774915841928,4.4319043363525,-1.5009798049207745,1.4588314521369017,32.93626177318738,44.16067868460577
3.28,0.7926359301361687,4.296001544308438,-1.3104205793056778,-2.105397604380211,32.86610417653896,46.48934347403005
3.29,0.8023995638691477,4.177086601269883,-1.1436812568924681,-5.224098028832685,32.80471627947159,48.52692516477629
3.3,0.8109427433855042,4.073036026111147,-0.9977843497809097,-18.172961025228602,39.90412661953764,50.55480976917925
3.31,0.8184180254623162,3.9819917728472536,-0.870124556058296,-29.50321614707503,46.11611066709544,52.32920879803184
3.32,0.8249588972795268,3.902328051241347,-0.7584222365510089,-39.41718937869065,51.551596708708516,53.88180794827786
3.33,0.830682160119586,3.8326222948361783,-0.6606827069821327,-48.09191595635432,56.30764699511995,55.240332204743126
3.34,0.8356900151046377,3.771629757981656,-0.5751606186093661,-55.68230171181003,60.46919099572996,56.42904092915023
3.35,0.23052676321655796,3.086372038233949,-0.9795170412831953,-62.32388924783377,64.11054199626372,57.46916106300645
3.36,-0.29899108218551174,2.486771533454705,-1.333328911122796,-68.13527834185454,67.29672412173076,58.37926618013064
3.37,-0.7623191969123227,1.9621210917728669,-1.6429142972324464,-73.22024379912273,70.08463348151442,59.17560815761431
3.38,-1.1677312972982823,1.5030519553012587,-1.9138015100783907,-77.66958857423239,72.52405417132512,59.872407387912524
3.39,-1.522466885135997,1.1013664608886011,-2.150827821318592,-81.56276525245335,74.65854727490948,60.48210671442346
3.4,-1.8328605244939973,0.749891653277526,-2.3582258436537678,-84.96929484589668,76.5262287405458,61.01559362512052
3.41,-2.104454958932248,0.4423511966178353,-2.539699113197047,-87.9500082401596,78.16045002297759,61.48239467198046
3.42,-2.342100089065717,0.17325329704060588,-2.6984882240474164,-90.55813246013966,79.5903936451054,61.8908455879829
3.43,-2.5500395779325022,-0.062207365089469835,-2.8374286960414894,-92.84024115262221,80.84159431446722,62.24824013948504
3.44,-2.7319866306909395,-0.2682354444532861,-2.9590016090363034,-94.83708625854445,81.93639490015882,62.56096037204941
3.45,-2.891190301854572,-0.44851001389662537,-3.0653779079067656,-96.5843257262264,82.89434541263897,62.83459057554323
3.46,-3.0304935141227505,-0.6062502621595471,-3.15845716941842,-98.1131602604481,83.7325521110591,63.074017003600325
3.47,-3.1523838248574068,-0.7442729793896038,-3.2399015232411177,-113.10526585289207,82.15598309717672,52.34163975315028
3.48,-3.259037846750231,-0.8650428569659033,-3.3111653328359782,-126.22335824628055,80.77648521002963,42.950809659006495
3.49,-3.352360115906452,-0.9707164998451654,-3.3735211662314812,-137.70168909049548,79.56942455877594,34.73383332663068
3.5,-3.4340171014181453,-1.0631809373645198,-3.4280825204525462,-147.74522857918353,78.51324648892894,27.543979035801847
3.51,-3.505466963740877,-1.1440873201939548,-3.475823705395978,-156.5333256317856,77.58909067781282,21.252856531326618
3.52,-3.5825274682732675,-2.163079780169711,-3.592814117221481,-164.2229105528124,76.78045434308622,15.748124339910792
3.53,-3.649955409739109,-3.0546981826484974,-3.695180727568796,-170.95129735871086,76.07289755020044,10.931483672421944
3.54,-3.7089548585217202,-3.834864284817435,-3.784751511622696,-176.838635813872,75.45378535642539,6.7169230883692
3.55,-3.760579376206505,-4.517509624215256,-3.863125947669859,-181.990056962138,74.9120621868722,3.0291825773230503
3.56,-3.805750829180692,-5.114824296188349,-3.931703579211127,-186.49755046687076,74.43805441351319,-0.19759036984233092
3.57,-3.8452758505331053,-5.637474634164806,-3.991709006809736,-190.44160728351193,74.02329761182403,-3.0210166986120397
3.58,-3.879860244216467,-6.094793679894206,-4.044213755958519,-193.89265699807294,73.66038541034602,-5.491514736285534
3.59,-3.9101215886894085,-6.49494784490743,-4.090155411463704,-196.91232549831383,73.34283723405277,-7.653200519249842
3.6,-3.9366002651032326,-6.845082739294002,-4.130354360030741,-199.55453543602462,73.06498257979617,-9.544675579343611
3.61,-3.9597691069653282,-7.151450771882252,-4.165528440026899,-201.86646913152154,72.82185975732165,-11.199716256925658
3.62,-3.980041843594662,-7.419522800396971,-4.196305760023536,-203.88941111508134,72.60912728765643,-12.64787684980995
3.63,-3.997780488145329,-7.65408582534735,-4.223235915020594,-211.95073672569617,81.03298625169938,-22.796267618583705
3.64,-4.013301802127163,-7.859328472178931,-4.24679980064302,-219.00439663498418,88.40386284523696,-31.676109541260743
3.65,-4.026882951861268,-8.038915788156565,-4.267418200562642,-225.17634905561115,94.85337986458234,-39.44597122360315
3.66,-4.0387664578786096,-8.196054689636995,-4.285459300492312,-230.57680742365977,100.49670725650954,-46.244600195652765
3.67,-4.049164525643784,-8.33355122843237,-4.301245262930773,-235.3022084957023,105.43461872444584,-52.19340054619617
3.68,-4.162073084938311,-8.318185699878324,-4.253366605064426,-239.4369344337395,109.75529125889011,-57.398600852921646
3.69,-4.2608680743210225,-8.304740862393533,-4.211472779431372,-243.0548196295221,113.53587972652885,-61.95315112130645
3.7,-4.347313690030894,-8.292976629594342,-4.174815682002451,-246.22046917583182,116.84389463571274,-65.93838260614314
3.71,-4.4229536037770325,-8.282682925895049,-4.142740721752144,-248.99041252885286,119.73840768124865,-69.42546015537525
3.72,-4.4891385283049035,-8.273675935158169,-4.114675131533126,-251.41411296274626,122.27110659609257,-72.47665301095334
3.73,-4.547050337266791,-8.265794818263398,-4.090117740091485,-253.534850842403,124.487218146581,-75.14644675958418
3.74,-4.597723170108442,-8.258898840980473,-4.06863002258005,-255.3904964871026,126.42631575325838,-77.48251628963617
3.75,-4.6420618988448865,-8.252864860857914,-4.049828269757543,-257.0141864262148,128.12302615910107,-79.52657712843165
3.76,-4.680858286489276,-8.247585128250675,-4.03337673603785,-258.4349151229379,129.60764776421343,-81.3151303623777
3.77,-4.714805125678116,-8.24296536221934,-4.0189816440331185,-259.6780527325707,130.90669166868673,-82.8801144420805
3.78,-4.744508609968351,-8.238923066941924,-4.006385938528979,-253.03517151599934,134.69898046010087,-85.88135038682043
3.79,-4.770499158722307,-8.235386058574184,-3.9953646962128566,-247.22265045149942,138.01723315258826,-88.50743183846787
3.8,-4.793240888882019,-8.23229117625241,-3.9857211091862497,-242.13669452006198,140.92070425851472,-90.80525310865939
3.81,-4.813139902771766,-8.229583154220858,-3.9772829705379684,-237.68648308005422,143.46124147620037,-92.81584672007696
3.82,-4.830551539925295,-8.22721363494325,-3.9698995992207227,-233.79254807004745,145.68421154167532,-94.57511613006734
3.83,-3.5811388474346337,-7.110796305575344,-2.755292399318132,-230.38535493629152,147.62931034896593,-96.11447686380892
3.84,-2.4879027415053043,-6.133931142378427,-1.6925110994033656,-227.40406094425506,149.33127180534518,-97.4614175058328
3.85,-1.5313211488171412,-5.2791741245811235,-0.762577461977945,-224.7954287012232,150.82048807967703,-98.6399905676037
3.86,-0.6943122552149985,-4.531261734008483,0.051114470769298204,-222.51287548857027,152.12355231971742,-99.67124199665324
3.87,0.03807052668687627,-3.8768383922574228,0.7630949119231359,-220.515641427499,153.26373352975276,-100.57358699707159
3.88,0.6789054608510167,-3.304217968225245,1.386077797932744,-218.7680616240616,154.26139208853368,-101.36313887243763
3.89,1.2396360282446395,-2.803175097197089,1.9311878231911512,-217.2389292960539,155.13434332746698,-102.05399676338293
3.9,1.7302752747140595,-2.3647625850474525,2.408159095292257,-215.90093850904717,155.89817566153363,-102.65849741796006
3.91,2.159584615374802,-1.9811516369165212,2.825508958380725,-214.73019657041627,156.56652895384195,-103.18743549071506
3.92,2.5352302884529516,-1.645492057301956,3.1906900885831346,-213.70579737411424,157.15133808461172,-103.65025630437567
3.93,2.8639202523963325,-1.3517899251392116,3.5102235775102426,-212.80944807734994,157.66304607403526,-104.0552245163287
3.94,3.1515239708467906,-1.0948005594968102,3.7898153803214623,-171.7182666926812,157.94016568978086,-101.85457120178762
3.95,3.4031772244909417,-0.8699348645597089,4.034458207781279,-135.76348298109605,158.18264535355826,-99.92899955156417
3.96,3.623373821429574,-0.6731773814897453,4.248520681808619,-104.30304723345904,158.39481505936348,-98.24412435761866
3.97,3.816045843750877,-0.501014583803527,4.435825346582542,-76.77516595427667,158.58046355194304,-96.76985856291634
3.98,3.984633863282017,-0.3503721358280862,4.599716928259724,-52.68826983499209,158.74290598295016,-95.4798759925518
3.99,4.132148380371765,-0.21855999384957542,4.7431220622272585,-31.61223573061808,158.8850431100814,-94.35114124348283
4.0,3.241461832825294,0.4810747553816215,4.626765304448852,-13.170705889290824,159.00941309632123,-93.36349833804746
4.01,2.4621111037221324,1.0932551609589187,4.5249531413927455,2.965632721870529,159.11823683428108,-92.49931079579153
4.02,1.7801792157568657,1.628913015839054,4.435867498718652,17.084929006636713,159.21345760499594,-91.74314669631758
4.03,1.1834888137872575,2.097613638859172,4.357917561378821,29.43931325580712,159.29677577937144,-91.08150310927789
4.04,0.6613847120638503,2.5077266840017756,4.289711366206469,40.24939947383123,159.36967918195,-90.50256497061815
4.05,0.20454362305586898,2.8665755985015537,4.230030945430661,49.70822491460233,159.43346965920625,-89.9959940992909
4.06,-0.19519232982611465,3.1805683986888593,4.177810577251829,57.98469717527704,159.48928632680546,-89.55274458687953
4.07,-0.5449612885978503,3.455312098852752,4.13211775509535,65.2266104033674,159.53812591095476,-89.1649012635196
4.08,-0.8510091275231191,3.695712836496158,4.092136535708431,71.56328447794647,159.58086054708542,-88.82553835557965
4.09,-1.1188009865827293,3.9060634819341384,4.0571529687448775,77.10787429320315,159.61825335369974,-88.52859581113219
4.1,-1.353118863259888,4.090120296692371,4.026542347651768,112.94314000655277,125.06222130948726,-75.88314633474067
4.11,-1.558147005352402,4.251170009605825,3.9997580541952966,144.29899750573367,94.82569327080134,-64.81837804289809
4.12,-1.7375466296833517,4.392088508405097,3.9763217974208844,171.73537281751695,68.36873123695116,-55.13670578753583
4.13,-1.894521300972933,4.51539219485446,3.955815072743274,195.74220121532733,45.21888945733227,-46.66524256409385
4.14,-2.0318741383513164,4.623282920497653,3.9378716886503646,216.7481760634114,24.962777900165737,-39.252712243582124
4.15,-1.8497751210574018,4.080920930435447,2.605821727569069,235.12840405548496,7.238680287645018,-32.76674821313436
4.16,-1.6904384809252266,3.606354189131016,1.4402780116229357,251.21110354854935,-8.269905123310611,-27.09152968649257
4.17,-1.5510189208095733,3.191108290489639,0.4204272601700686,265.2834656049807,-21.839917357896788,-22.125713475681
4.18,-1.4290268057083766,2.827768129178434,-0.47194214735119,277.5967824043581,-33.71367806315969,-17.780624291220875
4.19,-1.3222837049948295,2.5098454880311296,-1.2527653789322912,288.37093460381334,-44.10321868026473,-13.978671254818265
4.2,-1.2288834918704759,2.2316631770272384,-1.9359857065657549,297.7983177783367,-53.194066720231646,-10.65196234796598
4.21,-1.1471583053866663,1.9882536548988337,-2.5338034932450353,306.0472780560446,-61.148558755202686,-7.741092054470234
4.22,-1.075648767213333,1.7752703230364795,-3.056894056589406,313.26511829903905,-68.10873928580236,-5.194080547661454
4.23,-1.0130779213116663,1.5889099076569195,-3.51459829951573,319.5807285116592,-74.19889725007707,-2.9654454792037725
4.24,-0.958328431147708,1.4258445441998047,-3.9150895120762637,325.10688744770175,-79.52778546881744,-1.015389794303301
4.25,-0.9104226272542446,1.2831623511748291,-4.265519323066731,329.942276516739,-84.19056266021526,0.6909089299846116
4.26,-0.868505048847464,1.1583154322779756,-4.57214540768339,317.1851169521466,-66.01049220268835,20.357670938736533
4.27,-0.8318271677415311,1.0490743782432288,-4.840443231722966,306.02260233312825,-50.10293055235231,37.56608769639446
4.28,-0.7997340217738397,0.9534884559628252,-5.075203827757595,296.2554020414872,-36.183814108308276,52.62345235934515
4.29,-0.7716525190521097,0.869850773967472,-5.280619349287895,287.7091017863013,-24.004587219769743,65.798646439427
4.3,-0.7470812041705961,0.796667802221538,-5.460357930626908,280.23108906301366,-13.347763692298525,77.32694125949862
4.31,-0.7255813036492715,0.7326327019438457,-5.617629189298545,273.6878279301369,-4.023043105761209,87.41419922706129
4.32,-0.05553414069311269,0.9606272392008649,-5.061272290636226,267.9624744388698,4.136087407458942,96.24054994867862
4.33,0.5307571268935264,1.1601224593007569,-4.574460004306697,262.952790134011,11.275326606526574,103.9636068300938
4.34,1.0437619860318357,1.3346807768881623,-4.148499253768359,258.5693163672596,17.522160905710752,110.72128160133207
4.35,1.4926412377778562,1.4874193047771418,-3.7757835970473144,254.73377682135217,22.988140917496906,116.63424702616555
4.36,1.885410583055624,1.621065516679999,-3.4496573974164,251.37767971868314,27.770873427809793,121.80809177289485
4.37,2.229083760173671,1.738005952094999,-3.16429697273935,248.44109475384775,31.95576437433357,126.335205926283
4.38,2.529797790151962,1.8403288330831242,-2.9146066011469314,245.8715829096168,35.61754395254187,130.2964308104976
4.39,2.792922566382967,1.9298613539477336,-2.696127526003565,243.6232600459147,38.821601083474135,133.7625025841854
4.4,3.023156745585096,2.008202309704267,-2.5049583352531193,241.65597754017534,41.625151073039866,136.79531538616223
4.41,3.224611652386959,2.0767506459912335,-2.3376852933464796,239.93460534765342,44.07825731390988,139.44902658789195
4.42,3.400884695838589,2.1367304402423293,-2.19132138167817,215.35465492919676,37.763475149671144,122.84477326440546
4.43,3.555123608858765,2.189212760212038,-2.0632529589683983,193.84719831304716,32.23804075596225,108.31605160635478
4.44,3.69008265775142,2.2351347901855334,-1.9511930890973486,175.02817377391628,27.40328566146697,95.60342015556043
4.45,3.808171825532493,2.2753165664123416,-1.85314070296018,158.56152730217676,23.172874953783598,84.47986763611537
4.46,3.911499847340931,2.310475620610799,-1.7673448650901575,144.15321163940467,19.471265584560648,74.74675918160095
4.47,4.001911866423314,2.341239793034449,-1.692273506953888,131.5459354344791,16.232357386490566,66.23028928390083
4.48,4.2768775081204,1.9563661939051427,-0.19920294358465185,120.51456875516921,13.398312713179246,58.778378123413226
4.49,4.51747244460535,1.6196017946669996,1.1072337993634296,110.86212291077305,10.91852362403184,52.25795585798657
4.5,4.727993014029681,1.3249329453336247,2.250365949443001,102.41623279692642,8.748708171027861,46.55258637573825
4.51,4.912198512275971,1.0670977021669215,3.250606580762626,95.02607894731061,6.850119649649379,41.56038807877097
4.52,5.073378323241474,0.8414918643960563,4.125817133167297,88.55969432889678,5.188854693443207,37.1922145689246
4.53,5.21441065783629,0.6440867563465492,4.891626366521385,82.90160778778468,3.7352478567628062,33.37006274780902
4.54,5.337813950606754,0.4713572868032305,5.561709445706212,77.9507820643116,2.463341874667455,30.025679904332897
4.55,5.44579183178091,0.32021900095282674,6.148032139992935,73.61880955627264,1.350424140334023,27.099344916291287
4.56,5.540272477808296,0.18797300083372337,6.661064497493818,69.82833361173856,0.3766211227922699,24.53880180175488
4.57,5.622943043082259,0.07225775072950796,7.109967810307091,66.51166716027123,-0.4754565175567639,22.29832657653552
4.58,5.695279787696976,-0.028993093111680523,7.502758209018705,72.15833364023732,-2.5335244528621685,9.17728562946858
4.59,5.758574439234854,-0.11758758147272046,7.846449807891366,77.09916681020766,-4.334333896254398,-2.303625199214993
4.6,5.813957259330497,-0.1951077587886304,8.147179956904946,81.42239583393172,-5.9100421592225985,-12.34942217431312
4.61,5.862417226914185,-0.2629379139400516,8.410318837291827,85.20522122969027,-7.288786889319773,-21.13949452752398
4.62,5.904819698549912,-0.32228929969754516,8.640565357630349,88.51519345097898,-8.495188528154802,-28.83080783658348
4.63,5.4097941112311725,0.39528311276464795,6.834604687926555,91.41141914460661,-9.550789962135452,-35.560706982010544
4.64,4.976646722327276,1.023158973669067,5.254389101935736,93.94561662653078,-10.47444121686852,-41.449368734259224
4.65,4.5976427570363665,1.5725503519604336,3.871700464193769,96.16303942321443,-11.282636064759956,-46.60194776747682
4.66,4.26601428740682,2.0532678079653794,2.6618479061695477,98.10328437031262,-11.989806556664961,-51.11045442154222
4.67,3.975839376480968,2.473895581969707,1.603226917898354,99.80099869902355,-12.60858073708184,-55.05539774384945
4.68,3.7219363294208465,2.8419448842234933,0.6769335531610597,101.2864987366456,-13.15000814494661,-58.50722315086827
4.69,3.4997711632432407,3.1639880236955564,-0.1335731409840728,102.5863112695649,-13.623757126828284,-61.527570382009735
4.7,3.3053766428378353,3.445775770733612,-0.8427664983610638,103.7236472358693,-14.038287485974749,-64.17037420925851
4.71,3.1352814374831057,3.6923400493919103,-1.4633106860659308,104.71881620638564,-14.401001550227905,-66.48282755810119
4.72,2.9864481327977175,3.9080837932179215,-2.0062868503076894,105.58958905558742,-14.718376356449417,-68.50622423833855
4.73,2.8562189911980025,4.096859569065681,-2.4813909940192285,106.35151529863899,-14.99607931189324,-70.27669633354623
4.74,2.742268492298252,4.262038372932471,-2.897107119766825,92.0644508863091,-4.135319147906586,-59.53648416685295
4.75,2.6425618057609706,4.406569826315912,-3.260858729795972,79.56326952552045,5.367845995581737,-50.13879852099633
4.76,2.555318455040849,4.533034848026423,-3.579141388571476,68.62473583483039,13.683115496134018,-41.915823580871795
4.77,2.478980523160743,4.64369174202312,-3.8576387150000415,59.05351885547659,20.958976309117265,-34.72072050826282
4.78,2.41218483276565,4.740516524270229,-4.101323875625036,50.67870399854202,27.325354520477603,-28.42500531972997
4.79,1.8870956036699438,4.925849208736451,-4.000818641171907,43.35074099872427,32.8959354554179,-22.916254529763723
4.8,1.4276425282112006,5.088015307644394,-3.912876561025419,36.938773373883734,37.77019377349066,-18.096097588543255
4.81,1.0256210871848004,5.229910644188844,-3.835927240897241,31.328301702148266,42.03516980180433,-13.878460264975349
4.82,0.6738523262867002,5.354069063665238,-3.768596585785086,26.419138989379732,45.767023826578786,-10.188027606853431
4.83,0.3660546605008627,5.462707680707084,-3.70968226256195,22.123621615707265,49.032396098256434,-6.9588990309967516
4.84,0.0967317029382549,5.557766470618698,-3.6581322297417063,18.365043913743857,51.88959683597438,-4.133411527122157
4.85,-0.13892588492902697,5.6409429117913605,-3.613025951023993,15.076288424525877,54.38964748147758,-1.6611099612318876
4.86,-0.3451262743128986,5.71372229781744,-3.5735579571459937,12.198627371460145,56.57719179629288,0.5021539089220983
4.87,-0.5255516150237862,5.777404260590259,-3.5390234625027444,9.680673950027625,58.49129307175627,2.3950097953068363
4.88,-0.683423788145813,5.833125978016477,-3.5088057796899013,7.477464706274172,60.16613168778673,4.051258695893482
4.89,-0.8215619396275864,5.881882480764417,-3.4823653072286636,5.549656617989901,61.63161547681339,5.500476483906797
4.9,-0.942432822174138,5.924544420668864,-3.4592298938250807,-10.622801084258837,57.41453854221171,13.07729217341845
4.91,-1.0481948444023708,5.961873618085256,-3.4389864070969454,-24.773701573726484,53.724596224435246,19.707005901741145
4.92,-1.1407366138520745,5.994536665824598,-3.421273356209827,-37.155739502010675,50.49589669638084,25.5080054140235
4.93,-1.2217106621205651,6.023116832596523,-3.4057744366835987,-47.99002268925935,47.67078460933323,30.583879987270564
4.94,-1.2925629543554946,6.048124478521958,-3.3922128820981485,-57.47002047810193,45.19881153316658,35.025270238861744
4.95,-1.3545587100610579,6.070006168706713,-3.3803465218358797,-65.7650185433392,43.03583509152075,38.91148670900402
4.96,-1.4706337463034256,4.982835772618374,-2.365524206606395,-73.0231418504218,41.143230705080654,42.31192612037852
4.97,-1.5721994030154973,4.031561676041077,-1.4775546807805955,-79.37399974411908,39.48720186694557,45.28731060533121
4.98,-1.66106935263856,3.1991968415359424,-0.700581345683021,-84.9310004011042,38.03817663357737,47.89077202966481
4.99,-1.73883055855874,2.4708776113439495,-0.020729677472643315,-89.79337597596617,36.770279554380195,50.16880077595671
5.0,-1.8068716137388974,1.8335982849259556,0.5741405322114371,-94.0479546039704,35.66086961008267,52.162075928962125
5.01,-1.8664075370215352,1.2759788743102112,1.0946519656850073,-97.7707109034741,34.690135908822334,53.90619168784186
5.02,-1.9185014698938432,0.7880618900214347,1.5500994699743815,-101.02812266553984,33.840743920219545,55.43229297686163
5.03,-1.9640836611571126,0.3611345287687553,1.948616036227584,-103.87835795734736,33.0975259301921,56.76763160475393
5.04,-2.003968078512474,-0.012426912327339112,2.297318031699136,-106.37231383767894,32.447210188918085,57.93605290415969
5.05,-2.0388669436984146,-0.3392931732864217,2.602432277736744,-108.55452523296908,31.878183915303325,58.95842154113973
5.06,-2.0694034507361128,-0.6253011516256191,2.869407243019651,-111.83333457884794,29.324036050890406,55.15861897349726
5.07,-2.0961228943940986,-0.8755581326724167,3.1030103376421945,-114.70229275649194,27.089156669529103,51.833791726810105
5.08,-2.1195024075948363,-1.0945329910883645,3.30741304543692,-117.21263116193045,25.133637210837964,48.924567885958844
5.09,-2.139959481645482,-1.286135992202319,3.486265414757305,-119.40917726668914,23.422557684483216,46.37899702521399
5.1,-2.1578594214397966,-1.4537886181770292,3.6427612379126417,-121.331155108353,21.925363098922812,44.15162252206224
5.11,-2.173521868759822,-1.6004846659049006,3.7796950831735616,-123.01288571980888,20.61531783655746,42.202669831804464
5.12,-1.8845023851648441,-1.668187707666788,3.1853789477768664,-124.48440000483276,19.469028231987775,40.4973362278289
5.13,-1.6316103370192387,-1.7274278692084393,2.665352329304758,-125.77197500422866,18.4660248279893,39.00516932435029
5.14,-1.4103297948918339,-1.7792630105573843,2.210329038141663,-126.89860312870007,17.588396849490636,37.699523283806506
5.15,-1.2167093205303547,-1.8246187592377112,1.8121836583739552,-127.88440273761256,16.820472368304305,36.55708299833069
5.16,-1.0472914054640605,-1.8643050393329972,1.4638064510772109,-128.746977395411,16.148538447266265,35.55744774853936
5.17,-0.899050729781053,-1.8990305344163725,1.1589763946925595,-129.50173022098463,15.560596266357983,34.68276690497194
5.18,-0.7693401385584214,-1.929415342614326,0.8922500953559898,-130.16213894336155,15.046146858063237,33.917421166850446
5.19,-0.6558433712386188,-1.956002049787535,0.658864583436491,-130.73999657544135,14.596003625805333,33.24774364599414
5.2,-0.5565336998337915,-1.979265418564093,0.4546522605069296,-131.2456220035112,14.202128297579666,32.66177581524487
5.21,-0.46963773735456754,-1.9996208662435813,0.2759664779435634,-131.6880442530723,13.857487385382209,32.14905396333926
5.22,-0.39360377018524656,-2.0174318829631335,0.11961641820061797,-143.06516347143824,34.54280196220943,22.749172342921852
5.23,-0.32707404891209074,-2.033016522592742,-0.017189884074459275,-153.02014278750846,52.64245221693325,14.524275925056623
5.24,-0.26886054279807936,-2.0466530822686493,-0.13689539856515187,-161.73074968906988,68.47964618981659,7.327491559424544
5.25,-0.21792372494831944,-2.058585071985068,-0.24163772374450787,-169.35253072793614,82.33719091608951,1.0303052394964762
5.26,-0.1733540093297795,-2.0690255629869347,-0.3332872582764444,-176.02158913694413,94.46254255157832,-4.4797327904405835
5.27,-0.1343555081635571,-2.078160992613568,-0.4134806009918888,-181.8570152448261,105.07222523263104,-9.30101606663551
5.28,-0.6546034446431124,-3.0731217435368716,-0.8358869008679026,-186.96301308922284,114.35569757855217,-13.519638933306071
5.29,-1.1098203890627234,-3.9437124005947624,-1.2054924132594147,-191.43076120306998,122.47873588123315,-17.210933941642814
5.3,-1.508135215429883,-4.705479225520417,-1.528897236601988,-195.34004080268622,129.586394396079,-20.44081707393746
5.31,-1.8566606885011476,-5.372025197330364,-1.8118764570267394,-198.76066045235044,135.8055955965691,-23.266964814695278
5.32,-2.161620477438504,-5.9552529226640685,-2.0594832748983967,-201.7537026458066,141.24739664699797,-25.739844087858366
5.33,-2.428460292758691,-6.46557718233106,-2.276139240536097,-204.37261456508077,146.00897256612322,-27.90361345187607
5.34,-2.6619451311638547,-6.9121109095396776,-2.465713210469085,-206.66416249444566,150.1753514953578,-29.79691164539156
5.35,-2.866244364768373,-7.302827920847218,-2.6315904341604495,-208.66926693263994,153.82093305843807,-31.453547564717617
5.36,-3.045006194172326,-7.644705305741315,-2.776733004890393,-210.42373331605995,157.0108169261333,-32.90310399412792
5.37,-3.201422794900785,-7.943848017523651,-2.903732754279094,-211.95889140155245,159.80196531036663,-34.171465869861926
5.38,-3.338287320538187,-8.205597890333195,-3.0148575349942073,-222.30590647635842,161.21171927157081,-51.79253238612918
5.39,-3.4580437804709137,-8.434629029041545,-3.1120917181199315,-231.35954466681363,162.44525398762445,-67.21096558786303
5.4,-3.5628306829120495,-8.635031275411352,-3.19717162835494,-239.28147808346193,163.5245968641714,-80.70209463938015
5.41,-3.654519222548043,-8.810383240984933,-3.2716165498105725,-246.2131698230292,164.46902188114998,-92.50683255945764
5.42,-3.734746694729538,-8.963816210861816,-3.3367558560842507,-252.27840009515057,165.29539377100625,-102.83597823952543
5.43,-3.3072824828883456,-8.98526930950409,-2.308692624073719,-257.58547658325676,166.01846917463047,-111.87398070958476
5.44,-2.933251297527302,-9.00404077081608,-1.4091372960645043,-262.22916851034967,166.65116015280168,-119.78223287088666
5.45,-2.6059740103363893,-9.02046579946407,-0.6220263840564414,-266.292398946556,167.2047647587015,-126.70195351202582
5.46,-2.3196063840443406,-9.03483769953106,0.06669566395061377,-269.84772557823646,167.6891687888638,-132.7567090730226
5.47,-2.069034711038798,-9.047413112089679,0.669327455956787,-272.95863638095693,168.11302231525585,-138.05462018889477
5.48,-1.849784497158948,-9.05841659807847,1.1966302739621886,-275.6806833333373,168.48389415084887,-142.69029241528293
5.49,-1.6579405600140795,-9.068044648318661,1.6580202397169148,-278.0624744166701,168.80840700699278,-146.74650561337256
5.5,-1.4900771150123195,-9.076469192278829,2.0617364597523005,-280.14654161458634,169.09235575611868,-150.29569216170097
5.51,-1.3431966006357796,-9.083840668243976,2.414988152283263,-281.97010041276303,169.34081091160385,-153.40123039148835
5.52,-1.214676150556307,-9.090290709713479,2.724083383247855,-283.56571436116764,169.55820917265336,-156.11857634255233
5.53,-1.1022207567367686,-9.095934495999295,2.994541710341873,-284.96187656602166,169.7484326510717,-158.4962540497333
5.54,-1.0038222871446725,-9.100872808999384,3.231192746549139,-240.49101712026896,176.85800444468777,-151.41109729351663
5.55,-0.9177236262515884,-9.10519383287446,3.4382624032304965,-201.57901510523536,183.0788797641018,-145.21158513182706
5.56,-0.8423872979701399,-9.108974728765153,3.6194483528266845,-167.53101334208094,188.52214566858908,-139.78701199034867
5.57,-0.7764680107238724,-9.112283012669508,3.777986058723349,-137.73901179932082,193.28500333501546,-135.0405104915551
5.58,-0.7187886343833882,-9.11517776108582,3.9167065513829304,-111.67101044940573,197.45250379313853,-130.88732168011072
5.59,-1.0348964300854646,-7.4195242909500925,4.188832232460064,-88.86150926823002,201.09906669399624,-127.25328147009688
5.6,-1.3114907513247815,-5.935827504581331,4.426942203402556,-68.90319573470127,204.2898092322467,-124.07349628633477
5.61,-1.5535107824091838,-4.637592816508665,4.635288427977237,-51.43967139286361,207.0817089532159,-121.29118425054293
5.62,-1.7652783096080358,-3.5016374644450816,4.817591374480083,-36.15908759375566,209.52462120906392,-118.85666121922506
5.63,-1.9505748959070313,-2.5076765313894462,4.977106452670073,-22.7885767695362,211.66216943293094,-116.72645356682193
5.64,-2.1127094089186524,-1.6379607149657653,5.116682146086314,-11.089379798344174,213.53252412881457,-114.8625218709692
5.65,-2.254577107803821,-0.8769593755950448,5.238810877825525,-0.8525824485511535,215.16908448771275,-113.23158163709806
5.66,-2.378711344328343,-0.21108320364566413,5.345673518097334,8.104615232517741,216.60107480174867,-111.8045089324608
5.67,-2.4873288012873003,0.3715584468100439,5.439178328335167,15.942163203453022,217.8540663265301,-110.55582031590322
5.68,-2.5823690761263878,0.8813698909587884,5.520995037293272,22.800017678021394,218.95043391071385,-109.46321777641532
5.69,-2.6655293166105896,1.3274549045889397,5.592584657631612,28.800640343268718,219.90975554687464,-108.5071905543634
5.7,-2.7382945270342662,1.7177792915153223,5.655225575427661,73.64493717536013,192.8016611035153,-91.41754186006797
5.71,-2.801964086154983,2.059313130075907,5.710036378499202,112.88369690344011,169.0820784655759,-76.46409925255946
5.72,-2.8576749503856105,2.3581552388164186,5.757995831186802,147.2176116655101,148.32744365737892,-63.37983697098954
5.73,-2.906421956587409,2.6196420839643664,5.799960352288451,177.25978708232134,130.16713820020658,-51.93110747461585
5.74,-2.9490755870139833,2.848443073468821,5.8366793082523944,203.5466905720312,114.27687092518075,-41.91346916528887
5.75,-2.9863975136372356,3.0486439392852183,5.868808394720846,226.54773112552732,100.37288705953314,-33.14803564462777
5.76,-2.401801199432581,3.190140571874566,4.14429409538074,246.6736416098364,88.2069011770915,-25.478281314049294
5.77,-1.8902794245035086,3.313950125390245,2.635344083458148,264.28381328360683,77.56166352995506,-18.76724627479313
5.78,-1.44269787144057,3.4222834847164645,1.3150128230258795,279.69271349815597,68.24708058871067,-12.895090615443989
5.79,-1.0510640125104989,3.517075174126906,0.15972297014764458,293.17550118588645,60.09682051512184,-7.7569544135134905
5.8,-0.7083843859466865,3.600017902361043,-0.8511556511208109,304.97294041265064,52.96534295073161,-3.261085236824304
5.81,-0.40853971270335065,3.672592789565913,-1.7356744447307095,315.2956997360693,46.72530008189016,0.6728002927787338
5.82,-0.14617562361543182,3.736095815870174,-2.5096283891393707,324.32811414406063,41.26526257165389,4.114950131181392
5.83,0.08339295433649715,3.791660963886402,-3.1868380904969493,332.23147675105304,36.487729750197154,7.126831239783718
5.84,0.284265460044435,3.8402804684006018,-3.779396579184831,339.1469190321714,32.30738853142251,9.762227209810753
5.85,0.4600289025388806,3.8828225348505265,-4.297885256786727,345.19793102815,28.649589964994696,12.068198683584408
5.86,0.6138219147215206,3.9200468429942106,-4.751562849688386,338.54444139963124,7.37589096937036,39.88529934813636
5.87,0.7483908003813305,3.952618112619934,-5.148530743477338,332.72263797467735,-11.238595651800933,64.2252624296193
5.88,0.8661385753336642,3.9811179735424425,-5.495877650542671,327.6285599778427,-27.526271445325815,85.5227301259169
5.89,0.9691678784169562,4.006055351849637,-5.799806194224837,323.1712417306124,-41.77798776466008,104.15801436017728
5.9,1.0593185186148366,4.027875557868432,-6.065743669946733,319.2710882642858,-54.24823954407756,120.46388806515512
5.91,1.789062453787982,3.562492988134878,-5.185431836203391,315.8584539812501,-65.15970985106786,134.73152755701074
5.92,2.427588397064484,3.1552832396180186,-4.415158981677967,312.8723989835938,-74.70724636968437,147.21571211238438
5.93,2.9862985974314236,2.7989747096657664,-3.741170233968221,310.2596008606446,-83.06134082347381,158.13937359833633
5.94,3.4751700227524953,2.4872047459575457,-3.1514300797221937,307.973402503064,-90.37117347053959,167.6975773985443
5.95,3.9029325199084335,2.2144060277128528,-2.6354074447569196,305.972978940181,-96.76727703672213,176.06100572372625
5.96,4.277224704919879,1.9757071492487461,-2.1838876391623048,304.2226083226584,-102.36386765713186,183.37900550826046
5.97,4.604730366804894,1.7668456305926528,-1.7888078092670168,302.6910340323261,-107.26088444999037,189.7822553197279
5.98,4.891297820954282,1.5840918017685712,-1.4431129581086397,301.35090652828535,-111.54577414374157,195.38509890476192
5.99,5.142044343334997,1.4241822015474999,-1.1406299633450598,300.1782949622497,-115.29505262577386,200.28758704166668
6.0,5.361447550418123,1.2842613013540622,-0.8759573429269274,299.1522598419685,-118.57567129755212,204.57726416145834
6.01,5.553425356615858,1.1618305136848044,-0.6443688000610615,298.25447911172245,-121.4462126353581,208.33073164127606
6.02,5.721405937038875,1.0547035744742037,-0.4417288250534288,290.08829372275716,-102.01731105593834,196.27626518611655
6.03,5.868388944909015,0.9609675026649283,-0.2644188469217502,282.94288150741255,-85.01702217394605,185.728607037852
6.04,5.9969990767953885,0.8789484398318121,-0.10927261605653145,276.690645818986,-70.14176940220278,176.49940615812048
6.05,6.1095329421959645,0.8071817598528356,0.02648033595053499,271.2199395916128,-57.12592322692743,168.4238553883554
6.06,6.208000074421469,0.7443859148712311,0.14526416895671812,266.4330716426612,-45.7370578235615,161.35774846481098
6.07,6.294158815118785,0.6894395505123272,0.2492000228371284,262.2445621873286,-35.77180059561631,155.1749049067096
6.08,6.326402838228937,1.2990897316982863,0.8501108949824874,258.57961641391256,-27.052200521164274,149.7649167933709
6.09,6.35461635845032,1.8325336402360004,1.3759079081096766,255.37278886217348,-19.42255045601874,145.03117719419953
6.1,6.37930318864403,2.2992970602065004,1.835980294595967,252.5668147544018,-12.746606649016398,140.8891550449246
6.11,6.400904165063526,2.707715052680688,2.238543632771471,250.11158741010158,-6.905155817889348,137.26488566430902
6.12,6.419805019430585,3.0650807960956024,2.5907865536750374,247.9632634838389,-1.793886340653179,134.09364995627038
6.13,6.436343267001762,3.377775821583652,2.8989991094656578,246.083480048359,2.6784744519284684,131.31881871173658
6.14,6.4508142336265415,3.6513839688856957,3.168685095782451,244.43866954231413,6.591790145437409,128.8908413727695
6.15,6.463476329423223,3.8907910977749838,3.4046603338096446,242.99946034952487,10.015941377257732,126.76636120117331
6.16,6.4745556632453205,4.100272335553111,3.611138667083439,241.74015230583424,13.012073705100516,124.90744105102664
6.17,6.484250080339656,4.283568418608972,3.7918072086980095,240.63825776760496,15.63368949196295,123.28088591964831
6.18,6.4927326952971995,4.44395249128285,3.9498921826107583,214.98597579665434,17.848853305467582,102.49390005469228
6.19,6.50015498338505,4.584288554872494,4.088216534784413,192.54022907207255,19.787121642284134,84.30528742285574
6.2,6.506649485461919,4.707082610513432,4.209250342936361,172.90020068806348,21.483106436998614,68.39025136999878
6.21,6.5123321747791785,4.814527409199252,4.315154925069316,155.71517585205555,22.967093132373787,54.46459482374893
6.22,6.517304527931781,4.908541608049346,4.407821434435651,140.6782791205486,24.265581490827064,42.27964534578032
6.23,6.677957336940308,4.443187282043177,4.450359755131195,127.52099448048003,25.40175880447368,31.617814552557782
6.24,6.818528544822769,4.03600224678778,4.487580785739795,116.00837042042002,26.39591395391447,22.288712608488062
6.25,6.941528351719922,3.6797153409393077,4.520149187522321,105.9348243678675,27.26579970967516,14.125748407427055
6.26,7.049153182754932,3.3679642983218945,4.548646539082031,97.12047157188407,28.026949745965766,6.983154731498674
6.27,7.1433249099105645,3.095182136031658,4.573581721696777,89.40791287539855,28.692956027720044,0.7333852650613402
6.28,7.225725171171744,2.856497744027701,4.59540000648468,82.65942401597373,29.275711524255037,-4.735163018071328
6.29,7.297825399775276,2.6476489010242386,4.614491005674095,76.754496263977,29.785622583723157,-9.520142765812412
6.3,7.360913099803366,2.4649061633962086,4.631195629964833,71.58768448097987,30.23179476075776,-13.707000045085861
6.31,7.416114837327944,2.3050062679716827,4.645812176219229,67.06672417085738,30.62219541566304,-17.370500164450128
6.32,7.464416357661951,2.1650938594752223,4.658601654191825,63.110883899500216,30.963795988705158,-20.576062768893863
6.33,7.506680187954206,2.0426705020408193,4.669792447417847,59.64952366206269,31.262696490117012,-23.38093004778213
6.34,7.543661039459931,1.935550064285717,4.679584391490616,50.88083320430486,32.71860955385239,-38.92518841680936
6.35,7.576019284527439,1.8418196812500025,4.6881523425542895,43.20822905376675,33.99253348462084,-52.52641448970819
6.36,7.604332748961508,1.7598055960937522,4.6956492997350034,36.49470042204591,35.107216924043236,-64.42748730349466
6.37,7.629107030341319,1.6880432715820333,4.702209137268128,30.62036286929017,36.08256493353783,-74.84092601555783
6.38,7.650784526548654,1.6252512376342791,4.7079489951096125,25.480317510628897,36.9359944418456,-83.9526848886131
6.39,7.669752335730072,1.5703082079299944,4.712971370720911,20.982777821800283,37.682745261614905,-91.92547390253647
6.4,6.342308543763813,2.536462306938745,3.0917521993807977,17.047430594075248,38.33615222891304,-98.9016642897194
6.41,5.180795225793336,3.3818471435714015,1.6731854244581978,13.604001769815842,38.90788332529892,-105.00583087850448
6.42,4.164471072569169,4.121558875624976,0.4319394964009231,10.591001548588862,39.408148034636554,-110.34697664369142
6.43,3.2751874384980226,4.768806641171854,-0.6541506906491922,7.954626355015254,39.84587965530699,-115.02047918823
6.44,2.4970642586857696,5.335148436025372,-1.6044796043180432,5.6477980606383476,40.22889482339362,-119.10979391470126
6.45,1.8162064763500487,5.8306975065222,-2.436017403778288,3.6293233030585537,40.56403309546942,-122.6879443003636
6.46,1.2204559168062927,6.264302943206925,-3.163612978306002,1.8631578901762342,40.857279083535744,-125.81882588781815
6.47,0.6991741772055062,6.6437077003060585,-3.8002591060177515,0.31776315390420495,41.11386932309378,-128.5583472768409
6.48,0.24305265505481793,6.975686862767801,-4.357324467765532,-1.0344572403338206,41.33838578270706,-130.95542849223577
6.49,-0.1560536768270343,7.266168629921825,-4.84475665929484,-2.2176500852920933,41.53483768486868,-133.0528745557063
6.5,-0.5052717172236549,7.520340176181597,-5.271259826882986,-4.119193949630581,42.030483224260095,-108.05189036124301
6.51,-0.810837502570698,7.742740279158897,-5.644450098522613,-5.783044830926759,42.464173071227584,-86.17602919108762
6.52,-1.0782075647493607,7.937340369264035,-5.970991586207287,-7.238914352060915,42.84365168732413,-67.03465066720166
6.53,-1.3121563691556906,8.107615448106031,-6.256715387931376,-8.5128001830533,43.17569547640861,-50.28594445880145
6.54,-1.5168615730112291,8.256606142092778,-6.5067237144399535,-9.627450285171639,43.46623379185753,-35.63082652645127
6.55,-1.6959786263848253,8.386972999331181,-6.725481000134959,-10.602769124525185,43.72045481787534,-22.80759833564486
6.56,-1.5170354230867222,7.694904749414784,-5.989580000118089,-11.456173108959538,43.94289821564092,-11.587273668689255
6.57,-1.360460120200882,7.089345030737936,-5.345666625103328,-12.202901595339597,44.13753618868581,-1.7694895851030985
6.58,-1.2234567301757717,6.559480276895695,-4.782242421965412,-12.856289020922148,44.30784441510008,6.821071488034789
6.59,-1.1035787639038004,6.095848617283732,-4.289246244219735,-13.42800301830688,44.45686411321257,14.33781242703044
6.6,-0.9986855434158254,5.6901709151232645,-3.8578745886922685,-13.92825276601852,44.58725634906099,20.914960748651637
6.61,-0.9069039754888473,5.335202925732856,-3.480424390105735,-14.365971295266206,44.701349555428365,26.66996553007018
6.62,-0.8265951035527415,5.024605935016249,-3.150155466342518,-14.748975008357931,44.80118111099982,31.705594713811408
6.63,-0.7563248406086488,4.752833568139218,-2.8611701580497035,-15.08410325731319,44.88853372212484,36.11177024958498
6.64,-0.6948383605325678,4.515032747121817,-2.608308013293491,-15.377340475149042,44.96496725685923,39.96717384338685
6.65,-0.6410376904659968,4.30695702873159,-2.3870536366318045,-15.633923040755413,45.03184659975183,43.3406519879635
6.66,-0.5939621041577472,4.124890775140141,-2.193456057052829,-26.791557535660985,47.70661614978285,48.18682048946806
6.67,-0.5527709661380289,3.9655828032476235,-2.024058174921225,-36.55448771870336,50.047039506059996,52.427217928284556
6.68,-0.5167287203707753,3.8261883278416704,-1.875835028056072,-45.097051628865444,52.094909942802495,56.13756568724899
6.69,-0.48519175532442843,3.7042181618614616,-1.746139774549063,-52.571795050257265,53.886796574952186,59.384119976342866
6.7,-0.4575969109088749,3.597494266628779,-1.63265642773043,-59.112195543975105,55.45469737808316,62.22485497930001
6.71,-0.8683314220452655,2.9087593583001814,-1.1391456242641262,-64.83504597597822,56.826610580822766,64.71049810688751
6.72,-1.2277241192896073,2.3061163135126588,-0.7073236712311105,-69.84254010398094,58.02703463321992,66.88543584352658
6.73,-1.5421927293784063,1.7788036493235762,-0.3294794623272217,-74.22409746598332,59.07740567906743,68.78850636308576
6.74,-1.8173527632061055,1.317405068158129,0.0011342204636810571,-78.05796015773541,59.996480344184,70.45369306770004
6.75,-2.0581177928053425,0.9136813096383629,0.29042119290572094,-81.41259001301849,60.800670676161,71.91073143423753
6.76,-2.2687871937046746,0.5604230209335674,0.5435472937925059,-84.34789113639117,61.50433721664087,73.18564000495785
6.77,-2.45312291949159,0.2513220183168715,0.7650326320684426,-86.91627961934228,62.12004543956076,74.30118500433812
6.78,-2.6144166795551413,-0.019141358972737443,0.9588323030598873,-89.16361954192449,62.658790134615664,75.27728687879586
6.79,-2.755548719610749,-0.25579681410114524,1.1284070151774013,-91.13004197418392,63.1301917427887,76.13137601894638
6.8,-2.8790392546594052,-0.4628703373385021,1.276784888280226,-92.85066160241094,63.54266814994011,76.87870401657808
6.81,-2.98709347282698,-0.6440596701711894,1.4066155272451977,-94.35620377710957,63.903585006197595,77.53261601450582
6.82,-3.081640913723607,-0.8026003363997907,1.520217336339548,-100.13605380497087,66.5687623804229,70.8204140126926
6.83,-3.164369924508156,-0.9413234193498168,1.6196189192971042,-105.19342257934952,68.90079258287004,64.94723726110603
6.84,-3.2367578089446365,-1.0627061169310896,1.7065953043849662,-109.61862025693083,70.94131901001128,59.80820760346777
6.85,-3.300097207826557,-1.1689159773147035,1.7826996413368454,-113.49066822481447,72.72677963375988,55.311556653034295
6.86,-3.355519181848237,-1.2618496051503656,1.8492909361697398,-116.87871019671266,74.2890576795399,51.376987071405004
6.87,-3.4040134091172076,-1.34316652950657,1.9075583191485221,-119.84324692212358,75.65605096959742,47.93423868747938
6.88,-3.652852482977557,-1.6267589633182487,1.2932475292549568,-122.43721655685813,76.85217009839774,44.921833851544456
6.89,-3.870586672605362,-1.8749023429034675,0.7557255880980871,-124.70693998725086,77.89877433609801,42.28597962010139
6.9,-4.061104088529691,-2.092027800040534,0.2853938895858262,-126.69294798884451,78.81455304408577,39.97960716758872
6.91,-4.22780682746348,-2.2820125750354676,-0.12614634661240207,-128.43070499023895,79.61585941357505,37.961531271640126
6.92,-4.373671724030545,-2.448249253156034,-0.4862440532858518,-129.95124236645907,80.31700248687817,36.19571486268511
6.93,-4.501303508526727,-2.5937063465115298,-0.8013295466251202,-131.28171257065168,80.93050267601839,34.650625504849465
6.94,-4.612981319960886,-2.7209813031975885,-1.0770293532969801,-132.4458739993202,81.4673153415161,33.29867231674328
6.95,-4.710699404965775,-2.83234689029789,-1.3182666841348576,-133.4645152494052,81.9370264238266,32.11571327715037
6.96,-4.796202729345053,-2.9297917790106536,-1.5293493486180003,-134.35582634322955,82.34802362084827,31.080624117506574
6.97,-4.871018138176921,-3.015056056634322,-1.7140466800407503,-135.13572355032585,82.70764616824223,30.174921102818253
6.98,-4.9364816209048055,-3.089662299555032,-1.8756568450356566,-141.43125823153514,82.75981539721195,23.31868083996597
6.99,-4.993762168291704,-3.1549427621106534,-2.0170657394061995,-146.93985107759323,82.80546347256046,17.319470609970224
7.0,-5.043882647255241,-3.212063166846822,-2.1407985219804244,-151.75986981789407,82.84540553849041,12.070161658723947
7.01,-5.087738066348336,-3.2620435209909693,-2.249064706732871,-155.9773862156573,82.8803548461791,7.4770163263834535
7.02,-5.126111558054793,-3.3057763308670984,-2.343797618391262,-159.66771306370015,82.91093549040671,3.4580141605855212
7.03,-5.047804488297944,-3.8736036645087113,-2.522701166092354,-162.89674905573764,82.93769355410588,-0.058612734487669016
7.04,-4.9792858022607005,-4.3704525814451225,-2.67924177033081,-165.72215554877044,82.96110685984264,-3.135661267676711
7.05,-4.919331951978113,-4.805195383764483,-2.8162147990394586,-168.19438623017413,82.98159350236232,-5.828078734217122
7.06,-4.866872332980848,-5.185595335793922,-2.9360661991595265,-170.35758807640235,82.99951931456702,-8.183944017439982
7.07,-4.820970166358242,-5.518445293819681,-3.0409361742645857,-172.25038969185204,83.01520440024615,-10.245326140259984
7.08,-4.780805770563461,-5.809689007092221,-3.1326974024815124,-173.90659110537052,83.02892885021538,-12.049035497727488
7.09,-4.745661924243028,-6.064527256205693,-3.2129884771713235,-175.35576734219921,83.04093774393846,-13.627281185511553
7.1,-4.714911058712649,-6.287510724179981,-3.2832431675249083,-176.6237965494243,83.05144552594615,-15.00824616232261
7.11,-4.688004051373567,-6.482621258657483,-3.344716021584295,-177.73332210574625,83.06063983520288,-16.216590517032284
7.12,-4.664460419951871,-6.653342976325298,-3.398504768886258,-178.70415696752798,83.06868485580252,-17.273891827403247
7.13,-4.643859742457886,-6.802724479284636,-3.445569922775476,-179.55363747158697,83.0757242488272,-18.199030473977842
7.14,-4.62583414965065,-6.933433294374057,-3.4867519324285414,-175.5631832876386,93.8225082177238,-27.50040191473061
7.15,-4.610061755944319,-7.047803507577299,-3.522786190874974,-172.07153587668378,103.22594419050832,-35.639101925389284
7.16,-4.596260911451279,-7.1478774441301365,-3.5543161670156023,-169.01634439209832,111.45395066669477,-42.76046443471562
7.17,-4.584185172519868,-7.23544213861387,-3.581904896138652,-166.34305184308604,118.65345633335792,-48.99165663037617
7.18,-4.573618900954885,-7.312061246287136,-3.6060450341213204,-164.0039208627003,124.95302379168818,-54.44394980157915
7.19,-4.564373413335524,-7.379102965501245,-3.6271676548561556,-161.95718125486277,130.46514531772715,-59.21470632638176
7.2,-3.7770071116685835,-7.000937219813589,-3.7188683229991364,-160.16628409800495,135.28825165301126,-63.38911828558404
7.21,-3.0880615977100105,-6.670042192336891,-3.7991064076242447,-158.59924908575434,139.50846969638485,-67.04172874988603
7.22,-2.4852342729962595,-6.380509043294779,-3.8693147316712144,-157.22809345003506,143.20116048433675,-70.23776290615028
7.23,-1.9577603638717271,-6.127167537882932,-3.9307470152123125,-156.0283322687807,146.43226492379466,-73.03429279288149
7.24,-1.496220693387761,-5.9054937206475655,-3.984500263310774,-154.97854123518312,149.25948130832032,-75.4812564437713
7.25,-1.092373481714291,-5.71152913056662,-4.031534355396927,-154.05997408078525,151.73329564478027,-77.6223496382999
7.26,-0.7390071715000046,-5.541810114245793,-4.072689185972311,-153.25622782068712,153.89788318918272,-79.49580618351241
7.27,-0.4298116500625041,-5.393305974965069,-4.108699662725772,-152.55294984310123,155.79189729053488,-81.13508066057337
7.28,-0.1592655688046911,-5.263364853094436,-4.14020882988505,-151.9375816127136,157.449159629218,-82.56944582800169
7.29,0.07746225229589529,-5.149666371457632,-4.167779351149418,-151.3991344111244,158.89926417556575,-83.82451534950148
7.3,0.28459909575890835,-5.0501802000254274,-4.191903557255741,-129.43361760973386,166.23623177862,-94.1977019308138
7.31,0.4658438337890448,-4.963129800022249,-4.2130122375987735,-110.21379040851713,172.65607843129249,-103.27424018946209
7.32,0.6244329795654142,-4.8869607000194675,-4.231482332898927,-93.39644160745249,178.27344425238093,-111.21621116577934
7.33,0.7631984821197374,-4.8203127375170345,-4.247643666286561,-78.68126140652092,183.1886393458333,-118.16543577005693
7.34,0.8846182968547702,-4.761995770327405,-4.261784833000741,-65.8054787307058,187.48943505260414,-124.24600729879982
7.35,0.990860634747924,-4.71096842403648,-4.274158353875649,-54.53916888936758,191.2526312960286,-129.56650738644984
7.36,0.6844409304044334,-3.80018912103192,-2.932178059641193,-44.68114777819663,194.54542800902502,-134.2219449631436
7.37,0.4163236891038793,-3.00325723090293,-1.7579453021860438,-36.05537930592205,197.42662513289687,-138.29545284275065
7.38,0.18172110296589442,-2.305941827040064,-0.7304916394127883,-28.507831892681796,199.94767261628476,-141.85977223740682
7.39,-0.02355615990484239,-1.6957908486600557,0.16853031551381026,-21.903727906096574,202.15358916424915,-144.97855170773096
7.4,-0.20317376491673708,-1.1619087425775487,0.955174526074584,-16.125136917834503,204.083766143718,-147.70748374426458
7.41,-0.36033916930214493,-0.6947618997553552,1.6434882103152608,-11.068869803105189,205.77267100075323,-150.0952992762315
7.42,-0.4978588981393768,-0.28600841228593576,2.245762684025853,-6.64463607771704,207.25046275065907,-152.18463786670253
7.43,-0.6181886608719547,0.07165088924980623,2.7727528485226216,-2.7734315680024104,208.54353053182666,-154.0128091333647
7.44,-0.7234772032629604,0.38460277809358046,3.2338692424572937,0.613872377997891,209.6749648403483,-155.6124589916941
7.45,-0.8156046778550904,0.658435680831883,3.6373460871501315,3.5777633307481542,210.66496986030475,-157.01215261773234
7.46,-0.8962162181232041,0.8980394707278976,3.9903883262563653,40.87366966440464,190.57059887776666,-143.4318835405158
7.47,-0.9667513158578036,1.1076927868869104,4.299300285474319,73.50758770635406,172.98802426804582,-131.5491480979513
7.48,-1.028469526375578,1.2911394385260466,4.56959824979003,102.0622659930598,157.6032714845401,-121.1517545857074
7.49,-1.0824729605786307,1.4516552587102907,4.806108968566276,127.04760949392733,144.1416127989726,-112.05403526249397
7.5,-1.1297259655063019,1.5921066013715044,5.013055847495491,148.9097850571864,132.36266144910104,-104.09353085468223
7.51,-1.4956055948180143,1.9676121512000662,4.424464991558555,168.03918867503813,122.0560790179634,-97.12808949784694
7.52,-1.8157502704657624,2.296179507300058,3.9094479926137353,184.77741684065836,113.03781939071797,-91.03332831061607
7.53,-2.0958768616575423,2.5836759438875507,3.4588081185370183,199.42336648557608,105.14684221687823,-85.70041227178906
7.54,-2.3409876289503497,2.835235325901607,3.064498228719891,212.23857242487907,98.24223718976845,-81.03411073781542
7.55,-2.555459550331556,3.055349785163906,2.7194770751299044,223.4518776217692,92.20070779104738,-76.95109689558849
7.56,-2.7431224815401114,3.2479499370184177,2.417583565738666,233.26351966904804,86.91436956716645,-73.37845978363993
7.57,-2.9073275463475974,3.4164750698911153,2.1534267450213327,241.84870646041702,82.28882362127064,-70.25240231068493
7.58,-3.0510069780541476,3.563934561154726,1.922289526893666,249.3607449028649,78.2414709186118,-67.51710202184931
7.59,-3.176726480797379,3.6929616160103853,1.7200444610319576,255.93377854000676,74.70003730378532,-65.12371426911814
7.6,-3.286731045697707,3.805860289009087,1.5430800284029629,261.6851829725059,71.60128289081216,-63.029499985478374
7.61,-3.3829850399854937,3.904646627882951,1.3882361498525924,266.71766185094265,68.88987277946063,-61.19706248729358
7.62,-3.4672072849873072,3.991084674397582,1.2527477561210183,276.9442029945748,45.13238855702805,-20.717428801381878
7.63,-3.540901749363894,4.066717965097884,1.134195411605891,285.89242649525295,24.344589862399545,14.70225067379086
7.64,-3.6053844056934072,4.132897094460649,1.0304621101551545,293.7221220583463,6.155266004599602,45.694470214567005
7.65,-3.6618067299817314,4.190803832653068,0.9396954713857603,300.573105676053,-9.76039237097535,72.81266231274614
7.66,-3.711176263734015,4.241472228571435,0.8602746624625403,306.5677163415464,-23.68659344960343,96.54108039865287
7.67,-3.7543746057672633,4.2858070750000055,0.7907814546547227,311.8130006738531,-35.872019393403,117.30344622382125
7.68,-2.6832739050463554,3.626708190625005,0.46379289782288236,316.40262446462145,-46.53426709422762,135.4705163208436
7.69,-1.746060791915561,3.049996666796879,0.17767791059502205,320.41854528154374,-55.86373383244917,151.36670265573815
7.7,-0.925999317926116,2.5453740834472693,-0.0726727032293557,323.9324759963508,-64.02701722839302,165.27586569877087
7.71,-0.20844552818535156,2.1038293230163605,-0.29172949032568624,327.00716537180693,-71.16989019984389,177.44638336142452
7.72,0.4194140378378174,1.7174776576393156,-0.48340417903497546,329.69751857533106,-77.4199040498634,188.09558631624645
7.73,0.9687911581080901,1.3794199504344011,-0.6511195316556035,332.0515776284147,-82.88866616863048,197.41363890171564
7.74,1.4494961383445788,1.083619456630101,-0.7978704651986531,334.11137929986285,-87.67383302255166,205.5669349140012
7.75,1.8701129960515064,0.8247940245513383,-0.9262775320488215,335.91370576237995,-91.8608540197327,212.70106892475104
7.76,2.238152746545068,0.598321771482421,-1.0386337155427188,337.49074141708246,-95.52449739226611,218.94343618415715
7.77,2.560187528226934,0.40015855004711837,-1.136945376099879,338.87064761494713,-98.73018534323285,224.4055075361375
7.78,2.8419679621985674,0.22676573129122857,-1.222968079087394,319.7561917880787,-86.35828717532874,219.9623194691203
7.79,3.0885258419237465,0.075047014879825,-1.2982379442014698,303.03104293956886,-75.53287627841264,216.07452991048027
7.8,3.304263986683278,-0.057706861980153124,-1.3640990761762861,288.3965376971227,-66.06064174361106,212.67271404667022
7.81,3.493034863347868,-0.17386650423263397,-1.4217275666542504,275.59134560998234,-57.77243652565967,209.69612516583643
7.82,3.6582093804293843,-0.27550619120355474,-1.472152495822469,264.3868025337345,-50.52025695995221,207.09160989510687
7.83,3.802737082875711,-0.3644409173031104,-1.5162743088446604,254.5828273420177,-44.174599839958184,204.81265903321852
7.84,3.904845572516247,-0.0680308026402216,-1.0205961452390777,246.0043490492655,-38.62214985996341,202.8185770290662
7.85,3.9941905009517162,0.1913280476898061,-0.586877752084193,238.4981805431073,-33.76375612746798,201.07375527543294
7.86,4.072367313332752,0.4182670417285803,-0.20737415807366882,231.9302831002189,-29.51266161153448,199.54703624100384
7.87,4.140772024166157,0.6168386615125078,0.12469148668553978,226.18337283769154,-25.79295391009267,198.21115708587837
7.88,4.200626146145387,0.7905888288234444,0.4152489258498473,221.1548263579801,-22.538209671331085,197.04226282514358
7.89,4.2529985028772135,0.9426202252205138,0.6694866851186163,216.75484818823261,-19.6903084624147,196.01948034700064
7.9,4.298824315017562,1.0756476970679496,0.8919447244787893,212.90486728970353,-17.19839490461286,195.12454567862557
7.91,4.338921900640367,1.192046734934456,1.0865955089189405,209.5361340034906,-15.017970541536254,194.34147784379738
7.92,4.374007288060321,1.293895893067649,1.2569149453040729,206.58849237805427,-13.110099223844221,193.65629348832272
7.93,4.404707002052781,1.3830139064341929,1.4059444521410638,204.0093059557975,-11.440711820863694,193.05675717728238
7.94,4.4315692517961836,1.4609921681299187,1.5363452706234308,187.39376808632278,-8.969372843255732,169.9877875301221
7.95,4.455073720321661,1.529223147113679,1.6504459867955021,172.85517245053242,-6.806951237848765,149.80243908885683
7.96,4.4756401302814535,1.5889252537244691,1.7502841134460645,160.13390126921587,-4.91483233311767,132.14025920274975
7.97,4.4936357389962716,1.6411645970089106,1.8376424742653066,149.00278898556388,-3.259228291477961,116.68585180240602
7.98,4.509381896621738,1.686874022382797,1.9140810399821433,139.26306573736838,-1.810574755043216,103.16324532710527
7.99,4.523159784544021,1.7268697695849473,1.9809647849843754,130.74080789519732,-0.543002910662814,91.33096466121711
8.0,5.253146936476018,1.4447416733868288,2.5741760618613285,123.28383228329766,0.5661224531700377,80.97771907856497
8.01,5.891885694416516,1.197879589213475,3.0932359291286624,116.75897862288545,1.536607146523783,71.91862919374435
8.02,6.450782107614451,0.9818752655617907,3.5474133129875796,111.04973167002477,2.38578125320831,63.99192554452631
8.03,6.939816469162644,0.7928714823665669,3.9448185238641322,106.05414058627167,3.1288085965572714,57.05605985146052
8.04,7.367721535517314,0.6274931720707461,4.292548083381115,101.68299838798772,3.7789575219876124,50.98717737002795
8.05,7.742138468577649,0.48278715056190274,4.596811447958476,97.85824896448926,4.34783783173916,45.676905198774456
8.06,8.069753285005444,0.3561693817416649,4.863041891963667,94.51159321892811,4.845608102771766,41.030417048927646
8.07,8.356416249379762,0.24537883402395677,5.095993530468209,91.58326944156211,5.281157089925295,36.96473991781169
8.08,8.607246343207292,0.14843710477096217,5.299826214159683,89.02098613636684,5.662262453684633,33.40727242808523
8.09,8.82672267530638,0.0636130916745919,5.478179812389723,86.77898824432098,5.995729646974054,30.294488374574573
8.1,9.018764465893083,-0.010607919784732085,5.634239210841008,86.05974021378086,15.151263816102297,17.42955257775275
8.11,9.186801032656447,-0.07555130481164057,5.770791184485882,85.43039818705824,23.16235621408951,6.172733755533656
8.12,9.333833028574391,-0.1323767667101855,5.890274161425147,84.87972391367596,30.172062062328322,-3.6769827139080515
8.13,9.462486025002592,-0.18209904587141232,5.994821766247004,84.39788392446646,36.30555467953728,-12.295484624669545
8.14,9.575057396877268,-0.2256060401374858,6.086300920466129,83.97627393390815,41.67236071959512,-19.836673796585853
8.15,9.673557347267609,-0.2636746601203001,6.166345180407863,83.60736519216962,46.36831600464573,-26.435214322012623
8.16,8.556395178859159,0.5671684223947374,5.469427657856881,83.28457004314842,50.47727687906501,-32.208937281761045
8.17,7.578878281501764,1.2941561195953952,4.8596248256247705,83.00212428775487,54.07261764418188,-37.260944871540914
8.18,6.723550996314043,1.9302703546459707,4.3260473474216745,82.7549842517855,57.218540813659146,-41.6814515125983
8.19,5.975139621774788,2.4868703103152243,3.859167053993965,82.53873672031231,59.97122358695175,-45.549394823523514
8.2,5.3202796690529395,2.973895271525821,3.4506467972447195,82.34952013027328,62.379821013582784,-48.93384522058307
8.21,4.747277210421323,3.4000421125850937,3.0931915725891295,82.18395561398911,64.48734376188494,-51.89523931801019
8.22,4.245900059118657,3.772920598511957,2.780418251015488,82.03908666224046,66.33142616664932,-54.48645915325892
8.23,3.8071950517288253,4.099189273697963,2.506741594638552,81.9123263294604,67.94499827081816,-56.753776509101556
8.24,3.4233281702627223,4.384674364485718,2.267274520308733,81.80141103827785,69.3568738619659,-58.73767919546386
8.25,3.0874446489798824,4.634473818925002,2.0577408302701414,81.70436015849312,70.59226500422017,-60.47359404603088
8.26,2.793546567857397,4.8530483415593775,1.8743988514863736,71.37319013868147,67.73135712869265,-56.13439479027702
8.27,2.5363857468752227,5.044301048864455,1.713974620050577,62.33341637134628,65.22806273760607,-52.33759544149239
8.28,2.31137002851582,5.211647167756398,1.573603417544255,54.423614324927996,63.037680145405304,-49.01539601130584
8.29,2.1144812749513426,5.358075021786849,1.450778615351223,47.502537534312,61.121095377229636,-46.10847150989261
8.3,1.9422036155824247,5.486199394063494,1.3433069134323201,41.446595342523,59.44408370507593,-43.56491257115603
8.31,1.4522311636346217,5.596509344805558,0.92085367425328,36.147645924707625,57.97669849194144,-41.339298499761526
8.32,1.023505268180294,5.693030551704863,0.5512070899716199,31.511065184119172,56.69273643044876,-39.391886187291334
8.33,0.6483701096577573,5.777486607741755,0.2277663287251674,27.454057036104278,55.569269626642665,-37.687900413879916
8.34,0.32012684595053764,5.851385656774036,-0.05524433736547857,23.904174906591244,54.58623617331233,-36.19691286214493
8.35,0.03291399020672042,5.916047324677281,-0.30287867019479375,20.79802804326734,53.726081901648286,-34.89229875437681
8.36,-0.21839725856911962,5.972626284092621,-0.5195587114204445,18.080149537858922,52.97344691394225,-33.75076141007971
8.37,-0.4382946012479797,6.022132873581044,-0.7091537474928891,15.702005845626559,52.31489129969946,-32.75191623381975
8.38,-0.6307047760919822,6.065451139383414,-0.875049404056278,13.62113011492324,51.738655137237025,-31.87792670459228
8.39,-0.7990636790804844,6.103354621960487,-1.0202081035492432,11.800363850557837,51.2344484950824,-31.113185866518243
8.4,-0.9463777191954238,6.1365201692154265,-1.1472219656055878,10.207193369238109,50.793267683197094,-30.44403763320346
8.41,-1.075277504295996,6.165540023063498,-1.2583590949048893,8.813169198083346,50.407234472797455,-29.858532929053027
8.42,-1.1880648162589964,6.19093239518056,-1.3556040830417782,1.582148048322928,51.451955288697775,-23.0593411879214
8.43,-1.2867537142266219,6.21315072078299,-1.440693447661556,-4.744995457717438,52.36608600261055,-17.110048414431226
8.44,-1.3731064999482943,6.2325917556851165,-1.5151466417038617,-10.281246025502757,53.16595037728423,-11.904417237627325
8.45,-1.4486651874547576,6.249602661224477,-1.5802931864908791,-15.125465272314912,53.8658317051237,-7.349489957923908
8.46,-1.5147790390229128,6.264487203571417,-1.6372964131795193,-19.364157113275546,54.47822786698324,-3.3639285881834198
8.47,-1.5763405341450487,5.6631564281249895,-1.5436106115320793,-23.0730124741161,55.014074508610335,0.12343761033950784
8.48,-1.6302068423769176,5.136991999609365,-1.4616355350905694,-26.31826091485159,55.48294032003404,3.1748830340470695
8.49,-1.6773398620798028,4.676598124658194,-1.3899073432042484,-29.15785330049514,55.89319790502978,5.844897779791186
8.5,-1.7185812543198273,4.27375348407592,-1.3271451753037173,-31.64249663793325,56.25217329190106,8.181160682317287
8.51,-1.7546674725298488,3.9212644235664302,-1.2722282783907526,-33.81655955819159,56.566276755413426,10.225390722027626
8.52,-1.7862429134636175,3.6128364956206265,-1.2241759935919085,-35.718864613417644,56.84111728598675,12.014092006774174
8.53,-1.8138714242806653,3.342962058668048,-1.18213024439292,-37.38338153674044,57.0816027502384,13.579205630927401
8.54,-1.8380463712455821,3.106821926334542,-1.1453402138438051,-38.839833844647885,57.2920275314586,14.948680052061476
8.55,-1.8591994498398843,2.900199310542724,-1.1131489371133294,-40.1142296140669,57.476149215026275,16.146970170553793
8.56,-1.8777083936098986,2.7194045217248837,-1.0849815699741632,-41.22932591230854,57.63725568814799,17.195474024234567
8.57,-1.8939037194086612,2.5612090815092734,-1.0603351237273928,-42.20503517326998,57.778223852129486,18.112914896205247
8.58,-1.9080746294825786,2.4227880713206145,-1.0387694832614687,-51.957531151611235,51.7065708706133,21.72442553417959
8.59,-1.920474175797256,2.301669687405538,-1.0198995478537851,-60.49096513265983,46.393874511786635,24.88449734240714
8.6,-1.931323778822599,2.1956911014798455,-1.003388354372062,-67.95771986607735,41.7452651978133,27.649560174606247
8.61,-1.940817181469774,2.102959838794865,-0.9889410600755544,-74.49113025781769,37.67773204808664,30.068990152780465
8.62,-1.9491239087860524,2.0218199839455067,-0.9762996775661101,-80.20786435059048,34.11864054207581,32.18599138368291
8.63,-2.091521795187796,1.1959767359523181,-1.0673023428703463,-85.21000668176667,31.004435474316335,34.03836746072255
8.64,-2.2161199457893215,0.4733638939582784,-1.146929675011553,-89.58688122154584,28.279506040026796,35.65919652813223
8.65,-2.325143327565656,-0.15892234278650647,-1.216603590635109,-93.41664644385261,25.895192785023447,37.0774219621157
8.66,-2.4205387866199493,-0.7121727999381932,-1.2775682668057202,-96.76769101337104,23.808918686895517,38.31836921685124
8.67,-2.5040098132924555,-1.196266949945919,-1.3309123584550053,-99.69985501169965,21.98342885103358,39.40419806474483
8.68,-2.5770469616308986,-1.6198493312026794,-1.3775884386481296,-102.2654985102372,20.386125244654384,40.35429830665173
8.69,-2.6409544664270364,-1.9904839148023443,-1.4184300088171136,-104.51043657145755,18.988484589072588,41.18563601832026
8.7,-2.696873533123657,-2.3147891754520513,-1.4541663827149744,-106.47475737502535,17.765549015438516,41.913056516030224
8.71,-2.7458027164831997,-2.5985562785205447,-1.4854357098756026,-108.19353807814718,16.695480388508702,42.549549451526445
8.72,-2.7886157519227996,-2.8468524937054767,-1.5127963711411523,-109.69747119337879,15.759170339945115,43.10648077008564
8.73,-2.82607715793245,-3.064111681992292,-1.5367369497485082,-111.01341266920645,14.939899047451975,43.593795673824935
8.74,-2.858855888190894,-3.2542134717432556,-1.5576849560299446,-121.11611133555564,27.396161916520477,38.12707121459682
8.75,-2.887537277167032,-3.4205525377753485,-1.5760144615262015,-129.9559726686112,38.29539192695542,33.34368731277222
8.76,-2.9126334925211532,-3.5660992205534296,-1.5920527788354264,-137.6908513350348,47.832218186085996,29.158226398675694
8.77,-2.9345926809560092,-3.693452567984251,-1.606086306480998,-144.45887016815544,56.176941162825244,25.495948098841232
8.78,-2.9538069708365082,-3.8048867469862193,-1.6183656431708733,-150.380886647136,63.478573767472085,22.29145458648608
8.79,-2.9706194744819445,-3.9023916536129417,-1.629110062774514,-155.562651066244,69.86750229653808,19.48752276317532
8.8,-3.2241572901717017,-4.904746946911324,-2.0974886799277,-160.09669493296352,75.45781475947082,17.034082417778407
8.81,-3.446002878900239,-5.781807828547408,-2.507319969936738,-164.06398331634307,80.34933816453697,14.887322115556106
8.82,-3.640117769037709,-6.549236099978982,-2.865922348694646,-167.53536065180018,84.62942114396985,13.008906851111593
8.83,-3.8099682979079956,-7.220735837481609,-3.1796994301078154,-170.57281582032516,88.37449375097363,11.365293494722644
8.84,-3.958587510669496,-7.808298107796407,-3.4542543763443385,-173.23058909278453,91.65143228210192,9.927131807882313
8.85,-4.088629321835809,-8.322415094321856,-3.6944899543012966,-175.55614070618645,94.51875349683918,8.668740331897023
8.86,-4.2024159066063325,-8.772267457531624,-3.9046960850136347,-177.59099836791316,97.02765955973429,7.567647790409895
8.87,-4.301979168280541,-9.165888275340171,-4.088626449386931,-179.371498821924,99.22295236476751,6.604191816608658
8.88,-4.3890970222454735,-9.51030649092265,-4.249565518213565,-180.9294367191835,101.14383356917158,5.761167839532575
8.89,-4.4653251444647895,-9.81167242955732,-4.39038720343687,-182.29263237928558,102.82460462302514,5.023521859591003
8.9,-4.532024751406691,-10.075367625862654,-4.513606178007261,-188.39417795687487,121.047154920147,-19.66254399785787
8.91,-4.590386907480855,-10.306100922629822,-4.621422780756353,-193.7330303372655,136.9918864301286,-41.262851623125634
8.92,-4.6414537940457485,-10.507992557301094,-4.715762308161809,-198.4045261701073,150.94352650136253,-60.16312079523493
8.93,-4.6861373197900305,-10.684647737638457,-4.798309394641583,-202.49208502384386,163.1512115636922,-76.70085632083057
8.94,-4.725235404816277,-10.83922102043365,-4.870538095311385,-206.06869902086336,173.83293599323065,-91.17137490572675
8.95,-4.759446229214243,-10.974472642879443,-4.933738208397462,-209.19823626825544,183.1794448690768,-103.8330786675109
8.96,-4.9371073255624625,-11.013856437519511,-4.681773432347779,-211.9365813597235,191.35764013544218,-114.91206945907204
8.97,-5.092560784867154,-11.048317257829572,-4.461304253304306,-214.33263331475806,198.51356099351193,-124.60618640168803
8.98,-5.22858256175876,-11.078470475600875,-4.268393721641267,-216.42917877541328,204.77499174432296,-133.08853872647703
8.99,-5.347601616538915,-11.104854541150765,-4.099597006436109,-218.2636560534866,210.2537436512826,-140.5105970106674
9.0,-5.45174328947155,-11.12794059850692,-3.951899880631595,-219.86882367180078,215.0476515698723,-147.00489800933397
9.01,-5.542867253287606,-11.148140898693553,-3.8226648955526454,-221.27334533782567,219.24232099863826,-152.68741138316722
9.02,-5.622600721626656,-11.165816161356858,-3.7095842836085646,-222.50230179559745,222.9126567488085,-157.6596105852713
9.03,-5.692367506423324,-11.18128201618725,-3.610638748157494,-223.57763869614774,226.12420053020742,-162.0102848871124
9.04,-5.753413443120408,-11.194814639163843,-3.524061404637807,-224.51855848412927,228.9343013389315,-165.81712490122334
9.05,-5.806828637730357,-11.206655684268362,-3.448306229058081,-225.3418632986131,231.39313954656507,-169.1481099135704
9.06,-5.853566933014062,-11.217016598734817,-3.382020450425821,-210.71038026128647,219.5839979782444,-170.6758466743741
9.07,-5.894462941387304,-11.226082398892965,-3.324020394122593,-197.90783260362568,209.25099910596384,-172.01261634007733
9.08,-5.930246948713891,-11.234014974031343,-3.273270344857269,-186.7056034031725,200.20962509271837,-173.18228979756765
9.09,-5.961557955124654,-11.240955977277425,-3.22886405175011,-176.90365285277593,192.29842283112856,-174.20575407287168
9.1,-5.988955085734072,-11.247029355117746,-3.190008545281346,-168.32694612117896,185.37612085223748,-175.10128531376273
9.11,-5.149964825017314,-9.632703810728028,-1.727222977121178,-160.8223277310316,179.3191066207078,-175.88487514954238
9.12,-4.41584834689015,-8.220168959387024,-0.44728560498103076,-154.25578663965265,174.01921916811932,-176.57051625584955
9.13,-3.773496428528881,-6.984200964463646,0.672659595641598,-148.5100631846961,169.38181764710438,-177.17045222386838
9.14,-3.211438499962771,-5.9027289689056905,1.6526116461863984,-143.4825551616091,165.32409131621634,-177.69539619588483
9.15,-2.7196378124674245,-4.956440972792479,2.510069690413099,-139.08348564140798,161.7735807766893,-178.15472217139921
9.16,-2.2893122109089963,-4.1284389761934195,3.2603454791114617,-135.23429981123198,158.66688405460312,-178.55663239997432
9.17,-1.9127773095453717,-3.4039372291692422,3.916836794222529,-131.866262209828,155.94852442277772,-178.90830384997753
9.18,-1.5833092708522,-2.769998200523087,4.491266694944713,-128.9192293085995,153.56995974493051,-179.21601636873032
9.19,-1.2950247369956749,-2.2153015504577014,4.993892858076624,-126.34057552002457,151.4887156518142,-179.485264822639
9.2,-1.0427757698712155,-1.7299419816504888,5.433690750817046,-124.0842534550215,149.66762707033743,-179.72085721980915
9.21,-0.8220579236373136,-1.3052523589441778,5.818513906964915,-122.1099716481438,148.07417456154525,-179.92700056733298
9.22,-0.6289298081826494,-0.9336489390761556,6.1552341685943,-76.49247519212582,140.2486529913521,-166.26487587141636
9.23,-0.4599427071598183,-0.6084959466916362,6.449864397520013,-36.5771657931101,133.40132161743307,-154.31051676248933
9.24,-0.312078993764841,-0.3239870783551816,6.707665847830011,-1.651270068971332,127.40990666525394,-143.85045254217815
9.25,-0.18269824454423583,-0.07504181856078387,6.933242116851259,28.908888689650087,122.1674185820972,-134.69789634940588
9.26,-0.06949008897620636,0.1427852837593141,7.130621352244852,55.64902760344383,117.58024150933505,-126.68940968073014
9.27,0.02956704714581944,0.33338399828939985,7.303328183214245,79.04664915301335,113.56646157066817,-119.68198384563887
9.28,-0.202304458747408,1.2334716235032248,6.145095285312464,99.51956800888668,110.05440412433465,-113.550486239934
9.29,-0.405192026403982,2.021048295565322,5.131641499648405,117.43337200777584,106.98135385879283,-108.18542583494225
9.3,-0.5827186481034843,2.710177883619657,4.244869437192355,133.10795050680386,104.29243487644374,-103.49099798057446
9.31,-0.7380544420905487,3.3131662731672,3.4689438825433103,146.8232066934534,101.93963076688827,-99.38337360800266
9.32,-0.8739732618292301,3.8407811140213,2.7900090222253966,158.8240558567717,99.88092717102724,-95.78920228200232
9.33,-0.9929022291005764,4.302444099768637,2.195941019447222,169.32479887467522,98.07956152464884,-92.64430237175203
9.34,-1.0969650754630043,4.7063992122975575,1.6761315170163193,178.5129490153408,96.50336658406773,-89.89251495028303
9.35,-1.1880200660301288,5.059859935760363,1.2212982023892796,186.5525803884232,95.12419601105927,-87.48470095649765
9.36,-1.2676931827763627,5.369138068790317,0.8233190520906196,193.5872578398703,93.91742175967687,-85.37786371193545
9.37,-1.3374071599293174,5.639756435191527,0.4750872955792922,199.7426006098865,92.86149428971726,-83.53438112294351
9.38,-1.3984068899381528,5.876547505792585,0.1703845086318807,216.52102490865067,72.4731826285026,-50.44758310757558
9.39,-1.4517816536958836,6.083739692568511,-0.09623042994710437,231.20214617006934,54.63340992493977,-21.496634844128632
9.4,-1.4984845719838982,6.265032855997447,-0.3295185012037163,244.04812727381068,39.0236088093223,3.835444886387446
9.41,-1.539349625485911,6.423664373997766,-0.5336455635532518,255.28836073958433,25.36503283315701,26.001014650589013
9.42,-1.575106547300172,6.5624669522480445,-0.7122567431090953,265.1235650221363,13.413778854012381,45.39588819426538
9.43,-1.6063938538876505,6.683919208217039,-0.8685415252204584,273.7293687693693,2.9564316222608333,62.36640254498221
9.44,-1.3259699971516943,6.089478682189909,-1.4875007095679011,281.2594470481981,-6.193747205521772,77.21560260185943
9.45,-1.0805991225077323,5.569343221916171,-2.0290899958719137,287.84826554217335,-14.200153679831551,90.20865265162699
9.46,-0.8658996071942657,5.11422469417665,-2.5029806213879247,293.6134817244017,-21.20575934485261,101.57757144517362
9.47,-0.6780375312949826,4.715995982404569,-2.9176349187144344,298.65804588385146,-27.335664301746036,111.52537538952691
9.48,-0.5136582148831097,4.3675458596039975,-3.2804574288751303,303.07203952337,-32.699331139027784,120.22970384083604
9.49,-0.36982631302272095,4.062652002153498,-3.597927125265739,306.9342839579487,-37.39253962164931,127.84599123573153
9.5,-0.24397339889488084,3.7958698768843107,-3.875713109607522,310.31374783820513,-41.49909704394315,134.5102427062651
9.51,-0.13385209903302073,3.562435517273772,-4.1187758459065815,313.2707787334295,-45.09233478845026,140.34146274298197
9.52,-0.03749596165389313,3.3581804526145502,-4.331455740168258,315.8581807667508,-48.236417814893976,145.44378027510922
9.53,0.04681565855284352,3.179457271037731,-4.517550647647226,318.122157545907,-50.98749046303223,149.90830811572056
9.54,0.12058832623373808,3.0230744871580146,-4.680383691691322,305.2500132276686,-60.5784295301532,162.0135207262555
9.55,0.18513941045452081,2.8862395512632633,-4.822862605229907,293.98688694921003,-68.97050121388405,172.60558176047357
9.56,0.24162160914770572,2.7665089823553553,-4.947531654576168,284.13165145555877,-76.31356393714854,181.87363516541438
9.57,0.2910435330042425,2.661744734560936,-5.056617072754147,275.50832039861393,-82.73874382000498,189.9831818947376
9.58,0.3342877163787122,2.570076017740819,-5.152066813659878,267.9629057237872,-88.36077621750437,197.07903528289543
9.59,0.3721263768313732,2.489865890523217,-5.235585336952393,261.3606678833138,-93.28005456531632,203.28790699753353
9.6,1.0702212047274515,2.588626154207815,-4.241630419833344,255.58370977289957,-97.58442311965179,208.72066974784184
9.61,1.68105417913652,2.675041384931838,-3.371919867354176,250.52887142628714,-101.35074560469532,213.47433715436162
9.62,2.215533031744455,2.7506547118153586,-2.610923133934904,246.10588787300125,-104.6462777791084,217.63379613506643
9.63,2.6832020277763977,2.816816372838439,-1.9450509921930412,242.23577726387612,-107.52986843171985,221.27332274318314
9.64,3.092412399304348,2.8747078262336343,-1.3624128681689112,238.8494304808916,-110.05301025275487,224.45790852528526
9.65,3.4504714743913047,2.92536284795443,-0.8526045096477972,235.88637704578016,-112.26075934616051,227.2444210846246
9.66,3.763773165092392,2.969685991960126,-0.40652219594182254,233.29370529005766,-114.19253980289045,229.68261957404653
9.67,4.037912144455843,3.0084687429651105,-0.01620017144909469,231.02511750380046,-115.88284770252915,231.8160432522907
9.68,4.277783751398863,3.042403650094472,0.3253315999820422,229.04010319082542,-117.36186711471301,233.6827889707544
9.69,4.4876714074740045,3.072096693832663,0.6241718999842869,227.30321566697225,-118.65600910037388,235.3161914744101
9.7,4.671323106539754,3.0980781071035803,0.885657162486251,211.93218858360072,-99.51463283782714,216.59854291510882
9.71,4.832018343222285,3.1208118437156327,1.1144567671754697,198.48253988565062,-82.76592860809875,200.22060042572022
9.72,4.972626675319499,3.140703863251179,1.314656421278536,186.7140972749443,-68.1108124070864,185.88990074750518
9.73,5.095658965904562,3.1581093803447815,1.489831118618719,176.41670999057624,-55.28758573120059,173.35053852906702
9.74,5.203312220166492,3.1733392078016838,1.643108978791379,167.4064961167542,-44.06726238980052,162.37859658793363
9.75,5.29750881764568,3.1866653068264736,1.7772271064424567,159.52255897715992,-34.24947946607545,152.77814738944193
9.76,5.10100359043997,2.9264667684731647,2.4060759681371495,152.62411398001493,-25.65891940781602,144.37775434076167
9.77,4.929061516634974,2.698793047414019,2.956318722120006,146.58797460751305,-18.142179356839016,137.02741042316646
9.78,4.778612202055602,2.499578541487267,3.4377811318550053,141.30635265657392,-11.565031812234139,130.59585949527064
9.79,4.646969051798652,2.325265848801359,3.85906074037313,136.68493344950218,-5.810027710704872,124.96825243336183
9.8,4.531781295323821,2.1727422427011893,4.2276803978264885,132.64119164331441,-0.7743991218667627,120.0440962541916
9.81,4.430992008408343,2.0392840873635407,4.550222598098177,129.1029175629001,3.6317758933665827,115.73545959741766
9.82,4.3428013823573,1.922508201443098,4.832447023335905,126.0069277425376,7.48717903169576,111.96540252274046
9.83,4.265634584562638,1.8203293012627109,5.079393395418917,123.2979366497204,10.86065677773379,108.66660258239791
9.84,4.198113636492308,1.730922763604872,5.295471470991552,120.92756944350535,13.812449805517065,105.78015263459818
9.85,4.13903280693077,1.652692043154263,5.484539787117607,118.85349813806718,16.395268704827433,103.25450893027342
9.86,4.087337081064423,1.5842401627599803,5.649974563727906,107.83806099580879,19.101485241724006,76.57956993898924
9.87,4.04210332093137,1.5243447674149826,5.794729993261917,98.1995534963327,21.46942471150851,53.23899832161558
9.88,4.002523780814949,1.4719362964881098,5.921390994104177,89.76585943429112,23.541371747569947,32.81599815641364
9.89,3.9678916832130806,1.426078884427096,6.032219369841155,82.38637713000473,25.354325404123706,14.945873011861938
9.9,3.9375885978114455,1.385953648873709,6.1291941986110094,75.92933011375415,26.940659853608246,-0.6904864896208043
9.91,3.560560023085015,1.3435679427644953,5.706024798784633,70.27941397453488,28.328702496907212,-14.372301053418203
9.92,3.2306600201993882,1.3064804499189333,5.335751573936554,65.33573735271801,29.54323980979381,-26.343888796740927
9.93,2.941997517674465,1.2740288936790667,5.011762502194485,61.01002030862826,30.605959958569585,-36.81902807214831
9.94,2.6894178279651566,1.2456337819691834,4.728272064420175,57.22501789504973,31.535840088748387,-45.984774938129775
9.95,2.468410599469512,1.2207880592230356,4.480217931367653,53.913140783168515,32.34948520265484,-54.00480344586356
9.96,2.275029274535823,1.199048051820156,4.263170564946696,51.015248310272455,33.06142467732298,-61.02232839013061
9.97,2.1058206152188452,1.1800255453426365,4.073254119328359,48.4795923964884,33.68437171765761,-67.16266271636428
9.98,1.9577630383164895,1.1633808521748068,3.907077229412314,46.26089347192735,34.229450377950414,-72.53545525181875
9.99,1.8282126585269283,1.1488167456529559,3.761672450735775,44.319531912936434,34.706394205706616,-77.2366487203414
10.0,1.7148560762110623,1.1360731524463363,3.6344432693938034,42.62084054881938,35.12372005499329,-81.35019300529872
10.01,1.6156690666846796,1.1249225083905443,3.523117735719578,41.13448560521696,35.48888017311913,-84.94954425463638
10.02,1.5288804333490946,1.1151656948417261,3.4257078937546313,39.72454977956484,39.076520401479236,-74.22585122280682
10.03,1.4529403791804578,1.1066284829865103,3.3404742820353026,38.49085593211924,42.21570560129433,-64.84261981995597
10.04,1.3864928317829006,1.0991584226131965,3.26589487178089,37.411373815604335,44.96249265113254,-56.632292342461476
10.05,1.328351227810038,1.0926221197865469,3.200637887808279,36.466826963653794,47.36593131974097,-49.44825579965379
10.06,1.2774773243337831,1.0869028548132285,3.1435380268322444,35.64034846819707,49.46894015477335,-43.16222382469707
10.07,0.8874296587920601,1.7775784979615747,2.3354496484782135,34.917179784672435,51.30907288542668,-37.66194584660994
10.08,0.5461379514430527,2.381919685716378,1.6283723174184368,34.28440718658838,52.91918902474834,-32.8492026157837
10.09,0.24750770751267107,2.9107182250018306,1.0096796527411322,33.730731163264835,54.3280406466548,-28.63805228881074
10.1,-0.013793755926412826,3.3734169468766018,0.4683235711484907,33.24626464285673,55.560785815822946,-24.953295752709398
10.11,-0.24243253643561125,3.7782783285170263,-0.005363000245070582,32.82235643749964,56.639437838845076,-21.72913378362072
10.12,-0.44249146938115985,4.132532037452398,-0.41983875021443673,32.45143675781219,57.58325835898944,-18.907992060668132
10.13,-0.6175430357085149,4.442504032770848,-0.7825050314376321,32.12688203808567,58.40910131411576,-16.439493053084615
10.14,-0.7707131562449505,4.713729528674492,-1.099838027507928,31.842896658324957,59.131713899851285,-14.279556421449037
10.15,-0.9047370117143317,4.95105183759018,-1.377504399069437,31.594409451034338,59.763999912369876,-12.389611868767908
10.16,-1.0220078852500403,5.1587088578914075,-1.6204624741857572,31.376983144655046,60.31725017332364,-10.73591038517192
10.17,-1.1246198995937853,5.340408750654982,-1.8330507899125374,31.186735126573165,60.801344151658185,-9.28892158702543
10.18,-1.2144054121445622,5.499396156823109,-2.01906556617347,16.93714336075152,56.28555125770091,0.7971941113527485
10.19,-1.2929677356264921,5.63851013722022,-2.1818284954017866,4.468750565657579,52.3342324754883,9.622545347433654
10.2,-1.3617097686731807,5.760234870067692,-2.324246058476563,-6.441093130049619,48.87682854105226,17.344727679004446
10.21,-1.4218590475890331,5.866744011309231,-2.4488614261669928,-15.987206363793417,45.85160009842073,24.10163721912889
10.22,-1.4744896666404042,5.959939509895577,-2.557899872896119,-24.34005544331924,43.204525211118145,30.013933066737778
10.23,-1.5205414583103538,6.0414855711586295,-2.653308513784104,-31.648798387904336,40.88833468472838,35.18719193339555
10.24,-1.3553102760215594,5.443790624763801,-2.3784286995610913,-38.043948464416296,38.86166797413733,39.71379344172111
10.25,-1.2107329915188645,4.920807546668326,-2.137908862115955,-43.63970478136426,37.08833460237017,43.674569761505964
10.26,-1.0842278675790065,4.463197353334785,-1.9274540043514605,-48.53599155869373,35.536667902073894,47.140249041317716
10.27,-0.9735358841316307,4.062788434167937,-1.7433060038075279,-52.82024248885701,34.178959539314654,50.172718411153
10.28,-0.8766803986151769,3.7124306298969447,-1.5821765033315869,-56.56896205274989,32.99096472190032,52.82612910975887
10.29,-0.7919318487882798,3.405867551159827,-1.4411881904151385,-59.84909167115615,31.95146925666278,55.147863471039
10.3,-0.7177768676897449,3.1376248572648486,-1.317823416613246,-62.719205087261635,31.04191072457993,57.17938103715913
10.31,-0.6528912592285269,2.9029125001067424,-1.2098792395365903,-65.23055432635394,30.24604700900744,58.956958907514235
10.32,-0.596116351824961,2.6975391875933994,-1.1154280845945164,-67.4279849105597,29.549666257881512,60.51233954407495
10.33,-0.546438307846841,2.5178375391442245,-1.0327833240202018,-69.35073667173974,28.940333100646324,61.87329760106557
10.34,-0.5029700193659858,2.3605985967511964,-0.9604691585176766,-79.30189521277227,40.08841733806553,59.37163527593238
10.35,-0.4649352669452376,2.223014522157297,-0.897194263702967,-88.00915893617574,49.84299104580734,57.182680741440834
10.36,-0.4316548585770829,2.102628456887635,-0.8418287307400961,-95.62801469415378,58.378243040081415,55.26734552376073
10.37,-0.40253450125494755,1.9972906497766807,-0.7933838893975841,-102.29451348238456,65.84658853507123,53.59142720829064
10.38,-0.3770541885980791,1.9051200685545957,-0.750994653222886,-108.12769992208649,72.38139084318733,52.124998682254315
10.39,-0.3547589150233192,1.8244708099852713,-0.7139040715700253,-113.23173805682568,78.09934286278892,50.841873721972526
10.4,-0.7892518006454043,0.8906588337371124,-1.0510105626237722,-117.69777142472248,83.1025508799403,49.71913938172596
10.41,-1.1694330755647289,0.07357335451997338,-1.3459787422958007,-121.60555062163216,87.48035789494776,48.73674683401022
10.42,-1.5020916911191378,-0.6413764397950232,-1.6040758995088256,-125.02485741892815,91.3109390330793,47.877153354758946
10.43,-1.7931679797292457,-1.2669575098206454,-1.8299109120702224,-128.01675086656212,94.66269752894438,47.12500906041408
10.44,-2.04785973226309,-1.8143409460930646,-2.0275165480614445,-130.63465763324186,97.59548621282633,46.46688280286232
10.45,-2.270715015730204,-2.2933014528314315,-2.2004214795537638,-132.9253260540866,100.16167631122303,45.89102232750454
10.46,-2.465713388763928,-2.712391896227502,-2.351713294609543,-134.92966092232578,102.40709264732016,45.387144411566474
10.47,-2.636336965168437,-3.0790960341990647,-2.4840936327833503,-136.68345393203506,104.37183194140513,44.94625123512067
10.48,-2.7856325945223825,-3.3999621549241814,-2.5999264286854316,-138.21802281553067,106.09097882372949,44.56046970573059
10.49,-2.9162662702070845,-3.680720010558659,-2.7012801250997525,-139.56077058858932,107.59523234576329,44.222910867514265
10.5,-3.0305707364311987,-3.9263831342388267,-2.789964609462283,-148.54505026501565,98.78332830254288,34.33754688407498
10.51,-3.130587144377299,-4.141338367458974,-2.8675635332794975,-156.4062949818887,91.07291226472502,25.687853398565608
10.52,-3.2181015013301364,-4.329424196526602,-2.9354625916195602,-163.28488410915259,84.3262982316344,18.119371598744905
10.53,-3.2946765636638693,-4.4939992969607765,-2.994874267667115,-169.3036495955085,78.4230109526801,11.496950023901793
10.54,-3.3616797432058854,-4.638002509840679,-3.0468594842087255,-174.57006939606993,73.25763458359509,5.702331145914069
10.55,-3.2409822753051496,-4.973844571110594,-3.090156423682635,-179.1781867215612,68.73793026064571,0.6320396276748106
10.56,-3.135371990892006,-5.26770637472177,-3.1280412457223057,-183.21028938136604,64.783188978065,-3.8044654507845403
10.57,-3.0429629920305055,-5.524835452881549,-3.1611904650070177,-186.73837920869528,61.32279035580687,-7.686407394436472
10.58,-2.962105118026692,-5.749823396271355,-3.1901960318811406,-189.82545780760836,58.294941561331015,-11.083106595131913
10.59,-2.891354478273356,-5.9466878467374364,-3.2155759028959983,-192.5266515816573,55.64557386616464,-14.055218395740424
10.6,-2.8294476684891863,-6.1189442408952575,-3.2377832900339985,-194.89019613395013,53.327377132894064,-16.65581622127287
10.61,-2.775279209928038,-6.26966858578335,-3.2572147537797487,-196.95829761720634,51.29895499128231,-18.931339318613762
10.62,-2.7278818086870333,-6.401552387560431,-3.27421728455728,-198.76788641505553,49.52408561737202,-20.92242202878704
10.63,-2.686409082601154,-6.516950714115378,-3.28909449898762,-200.35127661317358,47.971074915200525,-22.664619400188663
10.64,-2.65012044727601,-6.617924249850955,-3.3021120616141677,-201.7367430365269,46.61219055080046,-24.189042100165082
10.65,-2.6183678913665087,-6.706276093619586,-3.313502428912397,-202.94902615696103,45.42316673195041,-25.52291196264445
10.66,-2.590584404945695,-6.783583956917138,-3.3234690002983474,-195.0628988873409,75.79527226545662,-29.590673217313892
10.67,-2.5662738543274832,-6.851228337302495,-3.3321897502610542,-188.1625375264233,102.37086460727454,-33.14996431514965
10.68,-2.545002122536548,-6.9104171701396835,-3.3398204064784225,-182.1247213356204,125.62450790636521,-36.264344025755946
10.69,-2.5263893572194793,-6.9622073988722235,-3.3464972306686196,-176.84163216866784,145.97144579306956,-38.989426272536456
10.7,-2.5101031875670445,-7.007523849013196,-3.3523394518350424,-172.2189291475844,163.77501644393587,-41.3738732384694
10.71,-2.495852789121164,-7.047175742886546,-3.357451395355662,-168.17406400413637,179.3531407634439,-43.460264333660724
10.72,-3.0787741904810186,-6.8927672750257285,-4.230703970936204,-164.6348070036193,192.9839995430134,-45.28585654195313
10.73,-3.5888304166708913,-6.757659865647513,-4.994799974569179,-161.5379571281669,204.91100097513672,-46.88324972420899
10.74,-4.03512961458703,-6.6394408824415745,-5.6633839777480315,-158.82821348714606,215.34712722824463,-48.28096875868286
10.75,-4.425641412763651,-6.535999272136378,-6.248394980529527,-156.45718780125281,224.47873769971406,-49.5039729138475
10.76,-4.767339236168195,-6.445487863119331,-6.760279607963336,-154.3825403260962,232.4688968622498,-50.57410154961656
10.77,-5.0663248316471705,-6.366290380229414,-7.208178656967919,-152.5672237853342,239.46028612946859,-51.51046410591449
10.78,-5.327937227691274,-6.296992582700738,-7.60009032484693,-150.97882181216744,245.577751738285,-52.329781342675176
10.79,-5.556848074229865,-6.236357009863146,-7.943013034241063,-149.5889700856465,250.93053414599936,-53.04668392484078
10.8,-5.757145064951133,-6.1833008836302525,-8.24307040496093,-148.37284982494072,255.61421875274942,-53.67397368423568
10.81,-5.932404931832242,-6.136876773176471,-8.505620604340814,-147.30874459682315,259.7124427836558,-54.22285222370622
10.82,-6.085757315353212,-6.096255676529413,-8.735352028798212,-140.16077677222026,252.1946374356988,-62.48187057074294
10.83,-6.219940650934061,-6.060712216963237,-8.936367025198436,-133.90630492569272,245.61655775623646,-69.70851162440007
10.84,-6.337351069567303,-6.029611689842833,-9.112255147048632,-128.43364205998114,239.8607380367069,-76.03182254635006
10.85,-6.44008518587139,-6.002398728612479,-9.266157253667554,-123.6450620524835,234.82439578211853,-81.56471960305629
10.86,-6.529977537637467,-5.97858738753592,-9.40082159695911,-119.45505454592306,230.4175963093537,-86.40600452767424
10.87,-6.608633345432784,-5.9577524640939306,-9.518652897339223,-115.78879797768268,226.5616467706845,-90.64212883671496
10.88,-5.5877223022536855,-5.51506028108219,-8.33270416017182,-112.58082348047235,223.1876909243489,-94.34873760712559
10.89,-4.694425139471974,-5.127704620946916,-7.294999015150343,-109.77384579541331,220.23547955880528,-97.59202028123488
10.9,-3.9127901220379773,-4.7887684183285515,-6.38700701325655,-107.31774032098664,217.6522946139546,-100.42989262108051
10.91,-3.22885948178323,-4.492199241037483,-5.592514011599482,-105.16864803086331,215.39200778721028,-102.91303091844544
10.92,-2.630420171560326,-4.2327012109077975,-4.897332635149547,-103.2881922770054,213.41425681380898,-105.08577692863976
10.93,-2.106785775115285,-4.005640434544323,-4.289048930755854,-101.64279349237972,211.68372471208284,-106.98692968755978
10.94,-1.6486056782258747,-3.8069622552262827,-3.756800689411372,-100.20306955583226,210.16950912307246,-108.65043835161481
10.95,-1.2476980934476403,-3.6331188483229977,-3.2910834782349507,-98.94331111135322,208.8445704826884,-110.10600843266295
10.96,-0.8969039567666852,-3.481005867282623,-2.8835809184555816,-97.84102247243408,207.68524917235234,-111.37963225358007
10.97,-0.5899590871708495,-3.3479070088722955,-2.527016178648634,-96.87651991337981,206.6708430258083,-112.49405309688255
10.98,-0.32138232627449337,-3.231445507763259,-2.2150220313175546,-75.47882992420733,196.05761339758226,-105.37542158477223
10.99,-0.0863776604901817,-3.129541694292852,-1.9420271524028603,-56.75585118368142,186.77103747288447,-99.1466190116757
11.0,0.119251422071091,-3.0403758575062456,-1.7031566333525028,-40.37324478572124,178.64528353877392,-93.69641676021622
11.01,0.2991768693122046,-2.962355750317965,-1.4941449291834399,-26.038464187506086,171.53524884642718,-88.92748979018918
11.02,0.456611635648179,-2.8940881565282197,-1.3112596880355099,-13.495531164067824,165.31396849062378,-84.75467869141553
11.03,0.5943670561921566,-2.8343540119621924,-1.1512351020310712,-2.5204647685593446,159.87034817929583,-81.10346897998859
11.04,0.25072654916813697,-1.9256091354669187,0.034632035722812704,7.082718327510574,155.10718040688386,-77.90866048249
11.05,-0.049958894477880156,-1.1304573685335537,1.072265781257461,15.485503536571752,150.9394086060234,-75.11320304717876
11.06,-0.3130586576681451,-0.43469957246685953,1.9801953086002784,22.83794059450028,147.29260828027049,-72.6671777912814
11.07,-0.5432709504596269,0.17408849909149787,2.7746336450252436,29.271323020187747,144.10165799523668,-70.52690569237123
11.08,-0.7447067066521735,0.7067780617050606,3.4697671893970883,34.90053264266428,141.3095764958321,-68.65416760582482
11.09,-0.9209629933206518,1.172881428991928,4.078009040722452,39.826091062331244,138.8665051838531,-67.01552178009672
11.1,-1.0751872441555703,1.5807218753679368,4.610220660632145,44.13595467953984,136.72881778587146,-65.58170668258462
11.11,-1.210133463636124,1.9375822659469448,5.075905828053127,47.90708534459736,134.85834131263752,-64.32711847226155
11.12,-1.3282114056816086,2.2498351077035768,5.483380349546486,51.20682467652269,133.22167439855784,-63.229353788228856
11.13,-1.4315296049714075,2.5230563442406297,5.839920555853175,54.09409659195736,131.7895908487381,-62.26880968970025
11.14,-1.5219330293499815,2.762124926210551,6.151893236371528,89.88358664296268,108.36839174264584,-46.14208372848772
11.15,-1.601036025681234,2.971309935434232,6.424869331825087,121.19939043759234,87.87484252481511,-32.031198512426755
11.16,-1.6702511474710797,3.154346818504953,6.663723415346951,148.6007187578933,69.94298695921321,-19.684173948373413
11.17,-1.7308143790371948,3.3145040911918335,6.8727207384285816,172.57688103815664,54.252613339311566,-8.880527454826735
11.18,-1.7838072066575454,3.4546417047928544,7.055593396125008,193.55602303338705,40.523536421897624,0.5726632270266059
11.19,-1.8301759308253522,3.5772621166937473,7.2156069716093825,211.91277227921367,28.51059411916042,8.84420507364828
11.2,-1.5939795644721833,3.357947352107029,5.654680975158209,227.97492786931195,17.999269604265365,16.081804189442245
11.21,-1.3873077439131603,3.1660469330936505,4.288870728263433,242.02931401064794,8.801860653732195,22.414703415761963
11.22,-1.2064699009240152,2.9981340664569442,3.0937867622305038,254.32690188431692,0.7541278220156711,27.95599023879172
11.23,-1.0482367883085133,2.851210308149826,2.0480882919516907,265.08729127377734,-6.2876384057362875,32.804616208942754
11.24,-0.9097828147699492,2.7226520196310977,1.1331021304577293,274.5026319895552,-12.449183855019252,37.04716393282491
11.25,-0.7886355879237055,2.6101635171772104,0.3324892391505132,282.74105511586083,-17.840536123141845,40.7593931912218
11.26,-0.6826317644332422,2.5117360775300592,-0.36804704074330097,289.94967535137823,-22.557969357749116,44.00759379231907
11.27,-0.5898784188790869,2.425612067838802,-0.9810162856503883,296.257218057456,-26.685723438030475,46.849769318279186
11.28,-0.508719241519201,2.3502535593589515,-1.5173643749440897,301.776317925274,-30.297508258276668,49.33667290349429
11.29,-0.43770496132930087,2.2843148644390827,-1.9866689530760784,306.6055303096148,-33.45781997599208,51.512713540557506
11.3,-0.3755674661631383,2.2266185063841974,-2.3973104589415684,302.2692132709129,-49.536218228993064,75.68550084798781
11.31,-0.321197157892746,2.1761341930861726,-2.7566217765738723,298.4749358620488,-63.60481670036893,96.83668974198935
11.32,-0.27362313815615275,2.131960418950401,-3.071019179502138,295.15494312929275,-75.91484036282282,115.34398002424066
11.33,-0.23199587088663365,2.0933083665816006,-3.346116907064371,292.24994948813116,-86.68611106746997,131.53785902121058
11.34,-0.19557201202580443,2.0594878207589002,-3.5868274186813247,289.7080800521147,-96.11097293403623,145.70750314355925
11.35,-0.16370113552257887,2.029894843164038,-3.7974491163461592,287.4839442956004,-104.3577270672817,158.10594175061433
11.36,0.1784962564177435,1.998415612768533,-3.4161187268028894,285.53782550865037,-111.57363693387148,168.95457553178753
11.37,0.47791897436552555,1.9708712861724664,-3.082454635952528,283.8349715700691,-117.88755806713755,178.4471300903141
11.38,0.7399138525698349,1.946770000400908,-2.790498556458462,282.3449743738105,-123.41223905874536,186.7531153290248
11.39,0.9691593709986055,1.9256813753507944,-2.535036986901154,281.0412268270842,-128.24633492640217,194.02085241289672
11.4,1.1697491996237799,1.907228828431945,-2.3115081135385096,279.9004477236987,-132.4761688106019,200.38012236128463
11.41,1.3452652996708074,1.8910828498779517,-2.115920349346196,278.9022660082363,-136.17727345927668,205.94448356612406
11.42,1.4988418872119567,1.8769551186432076,-1.9447810556779215,278.02885700720674,-139.4157400268671,210.81329962035855
11.43,1.6332214013104622,1.8645933538128066,-1.7950341737181812,277.26462413130594,-142.24939827350872,215.07351366781373
11.44,1.7508034761466544,1.8537768095862057,-1.6640056520034086,276.59592036489266,-144.7288492393201,218.801200959337
11.45,1.8536877916283228,1.8443123333879299,-1.5493556955029824,276.01080456928105,-146.8983688344051,222.06292733941987
11.46,1.9437115676747825,1.8360309167144386,-1.4490369835651096,275.49882824812096,-148.79669848010445,224.91693792199237
11.47,2.0224823717154345,1.8287846771251337,-1.3612581106194708,255.35022446710585,-128.8758611700914,219.4123215567433
11.48,2.0914068252510054,1.822444217484492,-1.284451596792037,237.7201961587176,-111.44512852382998,214.5957822371504
11.49,2.1517157220946297,1.8168963152989304,-1.2172458971930322,222.29392138887792,-96.19323745835122,210.3813103325066
11.5,2.204486006832801,1.812041900886564,-1.158440910043903,208.79593096526818,-82.84783277605732,206.69364741594327
11.51,2.250660005978701,1.8077942882757434,-1.106986546288415,196.98518934460967,-71.17060367905015,203.46694236395035
11.52,2.3476225052313633,1.6221988772412754,-0.2307017280023631,186.65079042653346,-60.95302821916888,200.64357544345657
11.53,2.432464692077443,1.459802892586116,0.5360474879979323,177.60819137321678,-52.01264969177277,198.1731293880245
11.54,2.5067016055677627,1.3177064060128516,1.2069530519981908,169.69591720156467,-44.18981848030118,196.01148908952143
11.55,2.5716589048717924,1.1933719802612452,1.793995420498417,162.77267730136907,-37.34484117026353,194.12005382833124
11.56,2.6284965417628183,1.0845793577285896,2.307657492936115,156.71484238869792,-31.35548602398059,192.46504797478983
11.57,2.678229474042466,0.9893858130125159,2.7571118063191005,151.41423684011068,-26.114800270983018,191.0169178529411
11.58,2.7217457897871578,0.9060914613859514,3.1503843305292127,146.77620698509682,-21.529200237110143,189.74980399632346
11.59,2.759822566063763,0.8332089037127075,3.494497789213061,142.7179308619597,-17.516800207471377,188.64107937178304
11.6,2.7931397453057927,0.7694366657486191,3.7955970655614286,139.16693925421472,-14.005950181537454,187.67094532531016
11.61,2.8222922771425685,0.7136359575300417,4.05905893236625,136.0598215974379,-10.933956408845273,186.82207803464638
11.62,2.8478007424997474,0.6648103378387865,4.289588065820469,123.62859414775815,-12.874711982739612,166.69806828031557
11.63,2.870120649687279,0.6220879206089382,4.491301057592911,112.75127012928839,-14.57287310989716,149.08955974527612
11.64,2.889650568476369,0.584705805532821,4.667799925393798,103.23361161312734,-16.058764096160015,133.6821147771166
11.65,2.906739247416823,0.5519964548412184,4.822236434719573,94.90566041148642,-17.358918709140013,120.20060042997703
11.66,2.92169184148972,0.5233757729860661,4.957368380379627,87.61870311005062,-18.49655399549751,108.4042753762299
11.67,2.934775361303505,0.4983326763628078,5.075608832832174,81.24261547129429,-19.49198487106032,98.08249095420118
11.68,3.700634066140567,0.7963497168174568,5.730833228728152,75.6635387873825,-20.362986887177783,89.05092958492604
11.69,4.370760432872996,1.0571146272152747,6.304154575137133,70.78184668895969,-21.12511365128056,81.14831338681029
11.7,4.957121003763872,1.2852839238133653,6.805810753244991,66.51036610283973,-21.79197456987049,74.233524213459
11.71,5.470186503293387,1.4849320583366947,7.2447599090893675,62.77282058998476,-22.37547787363668,68.18308368677664
11.72,5.919118815381713,1.659624176044608,7.628840420453196,59.50246826623667,-22.886043264432097,62.88894822592956
11.73,6.311934588458999,1.8124797790390321,7.964910867896547,56.64090998295708,-23.332787981378086,58.256579697688366
11.74,6.655648389901624,1.9462284316591532,8.258972509409478,54.13704648508745,-23.723689608705826,54.20325723547732
11.75,6.956397966163921,2.063258502701759,8.516276445733293,51.94616592445152,-24.065728532617598,50.65660008104265
11.76,7.219553845393431,2.165659814864039,8.74141739001663,50.02914543389508,-24.3650125910404,47.55327507091231
11.77,7.449815239719252,2.2552609630060343,8.938415716264553,48.351752504658194,-24.62688614216035,44.83786568704827
11.78,7.651293959754345,2.33366196763028,9.110789251731484,49.11965831657592,-22.34040037439031,25.976881976167235
11.79,7.827587839785052,2.402262846676495,9.26161609526505,49.791575902003935,-20.339725327591523,9.473521229146328
11.8,7.98184498481192,2.462288615841933,9.393589583356917,50.37950378925344,-18.589134661642586,-4.966919424496963
11.81,8.11681998671043,2.5148111638616912,9.509066385437302,50.893940690596764,-17.057367828937263,-17.602304996434842
11.82,8.234923113371627,2.56076839337898,9.610108587257638,51.34407297927217,-15.717071850320105,-28.658267371880488
11.83,8.338263349200174,2.6009809692066077,9.698520513850433,51.73793873186315,-14.54431286903009,-38.332234450395426
11.84,6.876714930550152,2.839199098055782,7.776882324619128,52.08257126538026,-13.518148760401328,-46.796955644095995
11.85,5.597860064231384,3.047639960798809,6.095448909041736,52.38412473220773,-12.62025516535116,-54.203586688584
11.86,4.478862056202461,3.2300257156989582,4.624194670411519,52.647984015681764,-11.834598269682266,-60.684388852511
11.87,3.4997387991771536,3.3896132512365886,3.3368472116100794,52.87886088872155,-11.147148485971982,-66.35509074594712
11.88,2.6430059492800098,3.529252344832015,2.2104181851588196,53.08087815263136,-10.545629925225484,-71.31695490270374
11.89,1.8933647056200085,3.651436551728013,1.2247927870139672,53.257643258552434,-10.019301184572297,-75.65858603986578
11.9,1.2374286174175073,3.7583477327620116,0.3623705636372212,53.41231272623338,-9.55876353650076,-79.45751328488257
11.91,0.6634845402403189,3.85189501616676,-0.3922488818174315,53.54764851045421,-9.155793094438163,-82.78157462427225
11.92,0.16128347271027904,3.933748889145915,-1.0525408965902527,53.66606732164743,-8.803193957633392,-85.69012829623821
11.93,-0.27814246137850585,4.005371028002676,-1.6302964095164711,53.7696837814415,-8.494669712929218,-88.23511275920845
11.94,-0.6626401537061926,4.068040399502341,-2.1358324833269124,50.39534843376131,7.070288626186934,-72.00822378930738
11.95,-0.9990756344929186,4.122876099564548,-2.5781765479110486,47.44280500454114,20.689627172913568,-57.809695940643955
11.96,-1.2934566801813039,4.17085733711898,-2.9652276044221675,44.8593295039735,32.60654840129937,-45.38598407306346
11.97,-1.551040095158641,4.212840919979107,-3.3038972788693965,42.598788440976804,43.03385447613695,-34.51523618893053
11.98,-1.776425583263811,4.249576554981719,-3.600233244010722,40.6208150108547,52.15774729161983,-25.003331790314213
11.99,-1.9736378853558347,4.281720235609003,-3.8595272135093817,38.89008825949786,60.141153505167345,-16.680415441524936
12.0,-1.5083272746863554,4.422472206157877,-3.797301436820709,37.37570235206062,67.12663394202143,-9.39786363633432
12.01,-1.101180490350561,4.545630180388143,-3.74285388221812,36.05061468305304,73.23892932426875,-3.0256308067925293
12.02,-0.744927054056741,4.653393407839625,-3.695212271940855,34.89116297267141,78.58718778373516,2.5500729190565368
12.03,-0.43320529729964835,4.747686231859672,-3.653525862948248,33.87664272608748,83.26691393576826,7.428813679174469
12.04,-0.16044876013719228,4.830192452877212,-3.617050255079717,32.988937510326544,87.36167431879723,11.697711844277661
12.05,0.07821320987995675,4.902385396267561,-3.585134098194752,32.21219544653572,90.94458965394757,15.432997738742953
12.06,0.2870424336449622,4.9655542217341155,-3.557207460920408,31.532546140718757,94.07964057220413,18.701372896400084
12.07,0.4697680044393419,5.020826944017351,-3.532771653305357,30.937852998128914,96.82281012567861,21.561201159350077
12.08,0.6296528788844242,5.069190576015182,-3.511390321642187,30.4174964983628,99.22308348496878,24.06355088943132
12.09,0.7695521440238713,5.111508754013284,-3.4926816564369134,29.962184561067453,101.32332267434768,26.2531069032524
12.1,0.8919640010208874,5.148537159761624,-3.476311574382299,13.11816161593402,97.49540709005421,31.043343415345852
12.11,0.9990743758932765,5.180937014791421,-3.4619877525845113,-1.6203584610577302,94.14598095379745,35.234800363427624
12.12,1.092795953906617,5.209286887942493,-3.449454408511447,-14.516563528425513,91.21523308457276,38.90232519299917
12.13,1.1748023346682899,5.234093026949681,-3.4384877324475163,-25.800742962372325,88.65082869900115,42.111409418874274
12.14,1.2465579178347537,5.255798398580971,-3.4288918908915766,-35.674399967075786,86.406974861626,44.91935811651499
12.15,0.8947610531054095,4.21495647375835,-2.8183471545301293,-44.31384984619132,84.44360275392276,47.376313226950614
12.16,0.5869387964672333,3.304219789538556,-2.284120510213863,-51.873368490417405,82.72565215968243,49.526148948581785
12.17,0.3175943219088292,2.5073251908462364,-1.81667219643713,-58.487947304115224,81.22244538972211,51.40725520500906
12.18,0.08191790667022555,1.8100424169904565,-1.4076549218824888,-64.27570376610082,79.90713946600684,53.053223179382925
12.19,-0.12429895666355265,1.1999199898666495,-1.0497648066471776,-69.33999067033821,78.756246782756,54.49344515696006
12.2,-0.30473871208060854,0.6660628661333182,-0.7366109558162806,-73.77124171154593,77.74921568491149,55.75363938734005
12.21,-0.4626234980705325,0.19893788286665348,-0.46260133633924555,-77.64858637260268,76.86806347429754,56.85630933892254
12.22,-0.600772685811716,-0.20979647749167818,-0.22284291929683986,-81.04126295102733,76.09705529001036,57.821145546557226
12.23,-0.7216532250852514,-0.5674390428052184,-0.013054304384734872,-84.00985495714892,75.42242312875908,58.665377228237574
12.24,-0.827423696949595,-0.8803762874545661,0.17051073366335698,-86.6073729625053,74.83211998766419,59.40407994970788
12.25,-0.9199728598308956,-1.1541963765227452,0.33113014195543733,-88.88020121719212,74.31560473920615,60.050444830994394
12.26,-1.0009533773520336,-1.3937889544574023,0.4716721242110076,-99.7020518150431,71.19927914680538,50.8116392271201
12.27,-1.0718113301830294,-1.603432460150227,0.5946463586846317,-109.17117108816272,68.47249425345471,42.72768432373008
12.28,-1.1338120389101507,-1.7868705276314487,0.7022488138490528,-117.45665045214238,66.08655747177288,35.65422378326382
12.29,-1.1880626590463819,-1.9473788366775175,0.7964009621179211,-124.70644489562459,63.998862787801265,29.464945810355836
12.3,-1.235531951665584,-2.0878236070928278,0.8787840918531808,-131.0500150336715,62.172129939326105,24.04932758406136
12.31,-1.277067582707386,-2.210712781206224,0.9508693303715332,-136.60063890446256,60.57373869691034,19.310661636053688
12.32,-1.278764884868963,-2.807456683555446,1.3737976640750915,-141.45743479140472,59.17514635979654,15.164328931546978
12.33,-1.2802500242603427,-3.329607598111015,1.743859956065705,-145.70713119247912,57.951378064821974,11.536287815103606
12.34,-1.2815495212277999,-3.786489648347138,2.067664461557492,-149.42561554341924,56.88058080671922,8.361751838215655
12.35,-1.2826865810743249,-4.186261442303746,2.3509934038628053,-152.6792893504918,55.94363320587932,5.5840328584386985
12.36,-1.2836815084400344,-4.536061762015778,2.5989062283799544,-155.52625393168032,55.123804055144404,3.1535287511338614
12.37,-1.2845520698850301,-4.842137041763806,2.8158299498324606,-158.01734794022028,54.40645354825135,1.0268376572421287
12.38,-1.2853138111494014,-5.10995291154333,3.005638206103403,-160.19705519769272,53.77877185471993,-0.8340170499131373
12.39,-1.2859803347557264,-5.344291797600414,3.1717204303404776,-162.10429904798113,53.229550372879935,-2.462264918673995
12.4,-1.2865635429112607,-5.549338322900363,3.317042376547918,-163.77313741698347,52.74898157626994,-3.8869818038397455
12.41,-1.2870738500473533,-5.728754032537818,3.4441990794794286,-165.23337098986053,52.328483879236195,-5.133609078359777
12.42,-1.2875203687914343,-5.885742778470591,3.5554611945445,-164.27545024112797,52.31929851933167,-7.847532943564805
12.43,-1.2879110726925052,-6.023107931161767,3.6528155452264377,-163.43726958598697,52.31126132941521,-10.222216325619204
12.44,-1.288252938605942,-6.143302439766546,3.738000602073133,-162.7038615127386,52.304228788238305,-12.300064284916804
12.45,-1.2885520712801994,-6.2484726347957285,3.8125375268139914,-162.0621294486463,52.29807531470851,-14.118181249302204
12.46,-1.2888138123701747,-6.340496555446262,3.877757335962243,-161.5006138925655,52.29269102536995,-15.709033593139427
12.47,-1.289042835823903,-6.421017486015479,3.9348246689669626,-161.0092877809948,52.2879797721987,-17.101029393997
12.48,-1.475088856345915,-6.205526300263545,2.9936589603460924,-160.57937743337047,52.283857425673865,-18.319025719747373
12.49,-1.6378791243026756,-6.016971512730602,2.1701389653028307,-160.20320587919917,52.28025037246463,-19.38477250477895
12.5,-1.7803206087648413,-5.851986073639277,1.4495589696399769,-159.87405576929928,52.27709420090655,-20.317300941681584
12.51,-1.904956907669236,-5.707623814434368,0.8190514734349797,-159.58604942313687,52.274332550793225,-21.133263323971384
12.52,-2.0140136692105814,-5.581306837630072,0.2673574142556072,-159.33404387024476,52.27191610694407,-21.84723040847496
12.53,-2.109438335559259,-5.4707794829263126,-0.2153748875263437,-159.11353901146416,52.26980171857606,-22.47195160741559
12.54,-2.1929349186143514,-5.374068047560524,-0.6377656515855508,-158.92059726003114,52.267951628754055,-23.018582656488643
12.55,-2.2659944287875575,-5.289445541615458,-1.007357570137357,-158.75177322752725,52.266332800159795,-23.496884824427564
12.56,-2.329921500189113,-5.215400848913526,-1.3307504988701875,-158.60405219908634,52.26491632513982,-23.91539922137412
12.57,-2.385857687665474,-5.150611742799335,-1.6137193115114141,-158.47479629920056,52.26367690949734,-24.281599318702355
12.58,-2.43480185170729,-5.093921274949419,-1.8613170225724875,-160.6848223868005,56.62884254581017,-26.872649528864564
12.59,-2.4776279952438784,-5.044317115580742,-2.0779650197509265,-162.61859521345045,60.4483624775839,-29.139818462756494
12.6,-2.5151008708383937,-5.0009134761331495,-2.2675320172820608,-164.31064643676916,63.79044241788591,-31.123591279911935
12.61,-2.5478896369835944,-4.962935291616506,-2.4334031401218033,-165.791191257173,66.71476236565017,-32.85939249492294
12.62,-2.576579807360645,-4.929704380164443,-2.578540372606578,-167.0866679750264,69.2735423199439,-34.378218558057576
12.63,-2.6016837064405647,-4.900627332643888,-2.7055354510307557,-168.2202101031481,71.5124747799509,-35.70719136330038
12.64,-2.638011368135494,-4.6466666660634015,-3.178340019651911,-169.2120594652546,73.47154068245703,-36.870042567887836
12.65,-2.6697980721185575,-4.424451082805476,-3.592044017195422,-170.07992765709778,75.18572334714989,-37.88753737190186
12.66,-2.697611438103738,-4.230012447454791,-3.954035015045994,-170.83931232496056,76.68563317875615,-38.77784532541412
12.67,-2.7219481333407707,-4.059878641522942,-4.270777138165244,-171.5037739093405,77.99805428141164,-39.55686478473736
12.68,-2.7432427416731744,-3.911011561332574,-4.547926495894589,-172.08517779567296,79.14642274623517,-40.23850681164519
12.69,-2.7618755239640276,-3.780752866166002,-4.7904321839077655,-172.59390619621385,80.15124515295577,-40.834943585189535
12.7,-2.778179208468524,-3.666776507895252,-5.002624660919294,-173.03904354668714,81.0304647588363,-41.35682576204084
12.71,-2.7924449324099587,-3.5670471944083455,-5.188293078304382,-173.42853872835127,81.79978191398178,-41.813472666785735
12.72,-2.804927440858714,-3.4797840451073023,-5.350752943516334,-173.76934701230738,82.47293442473406,-42.213038708437516
12.73,-2.815849635751375,-3.4034287894688897,-5.492905325576793,-174.06755426076896,83.06194287164232,-42.562658994882824
12.74,-2.825406556282453,-3.3366179407852785,-5.617288659879693,-160.45098485317283,95.20607576268704,-44.81107699552247
12.75,-2.8337688617471466,-3.278158448187119,-5.726124077394732,-148.5364866215262,105.83219204235115,-46.77844274608216
12.76,-2.8410858790287534,-3.227006392163729,-5.821355067720391,-138.11130066883544,115.13004378705726,-48.49988777782189
12.77,-2.8474882691501593,-3.1822483431432627,-5.904682184255342,-128.98926296023103,123.2656640636751,-50.00615218059416
12.78,-2.8530903605063895,-3.1430850502503547,-5.977593411223424,-121.00747996520215,130.3843318057157,-51.32413353301989
12.79,-1.9345458154430908,-2.75816916896906,-4.2413181098204955,-114.02341984455188,136.61316608000124,-52.4773672163924
12.8,-1.1308193385127043,-2.4213677728479275,-2.7220772210929334,-107.9123672389829,142.06339607000106,-53.48644668934335
12.81,-0.42755867119861624,-2.1266665512419367,-1.3927414434563166,-102.56519620911003,146.8323473112509,-54.36939122817544
12.82,0.18779441270121078,-1.8688029823366947,-0.22957263802427708,-97.88642155797127,151.00517964734453,-55.141967699653506
12.83,0.7262283611135594,-1.643172359544608,0.7882000667287575,-93.79249373822486,154.65640794142647,-55.81797211219682
12.84,1.1973580659743646,-1.445745564601532,1.678751183387663,-90.21030689594676,157.85123269874813,-56.40947597317222
12.85,1.6095965577275688,-1.2729971190263405,2.4579834104642053,-87.0758934089534,160.6467043614046,-56.92704185152569
12.86,1.9703052380116226,-1.1218422291480479,3.1398116091561796,-84.33328160783422,163.09274206622902,-57.37991199508498
12.87,2.28592533326017,-0.9895817005045419,3.736411283011657,-81.93349628185494,165.23302505795039,-57.77617337069936
12.88,2.5620929166026487,-0.8738537379414741,4.2584359976352,-79.83368412162308,167.1057726757066,-58.12290207436194
12.89,2.803739552027318,-0.7725917706987899,4.7152076229308,-77.9963484814202,168.74442684124324,-58.426289690066696
12.9,3.0151803580239034,-0.6839875493614411,5.1148827950644495,-31.74180367124267,163.52824898608785,-55.156753603808355
12.91,3.2001910632709154,-0.606458855691261,5.464598570681394,8.730923037662663,158.96409336282687,-52.29590952833231
12.92,3.3620754303620513,-0.5386212487298534,5.770599874346219,44.14455890795483,154.97045719247353,-49.79267096229077
12.93,3.503724251566795,-0.4792633426386217,6.0383510150529425,75.13149029446048,151.47602554341435,-47.60233721700442
12.94,3.627666970120946,-0.42732517480879395,6.2726332631713255,102.24505525765292,148.41839785048757,-45.68579518987886
12.95,3.736116848855828,-0.3818792779576947,6.47763023027491,125.9694246004463,145.74297361917664,-44.008820916144
12.96,2.674756867748849,0.11629350678701711,5.663354701490546,146.7282477753905,143.40197741677957,-42.541468426626
12.97,1.7460668842802431,0.5521946934386399,4.950863613804227,164.89221805346668,141.35360573968214,-41.25753499829774
12.98,0.9334631487452129,0.9336082317588099,4.327433912078698,180.78569204678334,139.56128052222186,-40.134093248510524
12.99,0.22243488015206125,1.2673450777889586,3.7819329230688608,194.6924817909354,137.99299595694413,-39.15108171744671
13.0,-0.39971485486694636,1.5593648180653388,3.304619557685253,206.86092281706848,136.6207469623261,-38.29094662776587
13.01,-0.944095873008578,1.8148820908071714,2.886970362974596,217.5083087149349,135.42002909203535,-37.53832842429513
13.02,-1.4204292638825056,2.038459704456275,2.5215273176027715,226.82477137556805,134.36940095553095,-36.87978749625824
13.03,-1.8372209808971922,2.2340901163992406,2.201764652902425,234.97667620362202,133.45010133608957,-36.303564184225955
13.04,-2.201913733285043,2.4052667268493355,1.9219723212896218,242.10959292816926,132.6457141690784,-35.79936878619771
13.05,-2.521019891624413,2.555046260993169,1.677154031128419,248.3508950621481,131.9418753979436,-35.358197812922995
13.06,-2.8002377801713614,2.6861033533690226,1.4629380272373667,255.0370323043796,90.89664122320065,0.701577913692379
13.07,-3.0445534326499413,2.8007783091978946,1.2754990238326958,260.88740239133216,54.98206132030057,32.25388167448083
13.08,-3.2583296285686987,2.9011188955481577,1.1114898958536088,266.00647621741564,23.556803905263006,59.86214746517073
13.09,-3.4453837999976114,2.988916908604638,0.9679819088719077,270.4856658152387,-3.9402963328948672,84.01938003202439
13.1,-3.60905619999791,3.0657401700290583,0.8424124202629193,274.40495671333383,-28.00025904128301,105.15695852802133
13.11,-3.7522695499981715,3.132960523775426,0.7325391177300544,277.8343362491671,-49.052726411122634,123.65233971201867
13.12,-3.0593658562484,3.1055214583034974,0.03780622801379763,280.8350433430212,-67.4736353597323,139.83579824801635
13.13,-2.4530751242173503,3.08151227601556,-0.5700850504879271,283.4606620501435,-83.59193068976576,153.99632446701432
13.14,-1.9225707336901816,3.060504241513615,-1.1019899191769362,285.7580784188756,-97.69543910354504,166.38678490863754
13.15,-1.458379391978909,3.042122211324413,-1.5674066792798191,287.7683177415161,-110.03600896560191,177.22843779505786
13.16,-1.0522119679815454,3.0260379349088615,-1.9746463443698417,289.5272771488266,-120.83400759490166,186.71488407067565
13.17,-0.6968154719838522,3.011964193045254,-2.3309810513236116,291.0663666302233,-130.28225639553895,195.0155245618412
13.18,-0.3858435379858707,2.999649668914597,-2.6427739199081604,292.41306992644536,-138.5494740960966,202.27858499161107
13.19,-0.11374309573763686,2.988874460300272,-2.9155926799196408,293.59143531063967,-145.7832895840845,208.6337628676597
13.2,0.12434479122956776,2.979446152762738,-3.154309094929686,294.62250502180973,-152.11287813607396,214.19454350920225
13.21,0.3326716923258718,2.9711963836673956,-3.3631859580634753,295.5246910190835,-157.65126811906472,219.06022657055198
13.22,0.5149577307851378,2.9639778357089708,-3.545953213305541,280.30597939169803,-144.67798447918162,213.52207412423297
13.23,0.6744580144369956,2.9576616062453494,-3.7058745616423483,266.9896067177358,-133.3263612942839,208.67619073370386
13.24,0.8140207626323712,2.9521349054646806,-3.8458057414370552,255.33778062801883,-123.39369100749842,204.43604276699088
13.25,0.9361381673033249,2.9472990422815952,-3.9682455237574237,245.14243279951648,-114.70260450656112,200.72591329611703
13.26,1.0429908963904093,2.9430676619963956,-4.075380333287746,236.22150344957694,-107.09790381824098,197.47955000910238
13.27,1.136487034341608,2.939365204246846,-4.169123291626778,228.41569026837985,-100.44379071596086,194.63898213296457
13.28,1.573353905048907,2.93320005371599,-3.0777847551734303,221.58560373483238,-94.62144175146575,192.153485241344
13.29,1.9556124169177935,2.9278055470014914,-2.1228635357767516,215.60927801797834,-89.52688640753253,189.97867546117598
13.3,2.2900886148030692,2.923085353626305,-1.2873074688046575,210.37999301573106,-85.06915048159097,188.07571690352898
13.31,2.582755287952686,2.918955184423017,-0.5561959102040753,205.80436863876469,-81.16863154639209,186.41062816558787
13.32,2.8388386269586,2.91534128637014,0.0835267035714341,201.80069730891913,-77.75567747809308,184.95367551988937
13.33,3.062911548588775,2.9121791255738723,0.6432839906250049,198.29748489530425,-74.76934266833145,183.6788419549032
13.34,3.258975355015178,2.9094122348771383,1.1330716167968793,195.23217403339123,-72.15629970979002,182.5633625855403
13.35,3.430531185638281,2.906991205517496,1.5616357896972692,192.55002702921735,-69.86988712106627,181.58731813734775
13.36,3.580642537433496,2.904872804827809,1.9366294409851106,190.2031484005652,-67.86927610593298,180.7332792451793
13.37,3.711989970254309,2.9030192042243326,2.2647488858619718,188.14962960049456,-66.11874146769136,179.98599521453187
13.38,3.8269189739725205,2.901397303696291,2.5518534001292252,170.96155077543276,-59.69577365922994,157.8158708127154
13.39,3.9274818522259554,2.8999781407342544,2.803069850113072,155.92198180350368,-54.075676826826204,138.41701196112598
13.4,4.015474370697711,2.8987363731424725,3.0228842438489383,142.76235895306573,-49.15809209847293,121.44301046598522
13.41,4.092467824360497,2.8976498264996633,3.215221838367821,131.2476889589325,-44.85520546116381,106.59075915773707
13.42,4.159837096315435,2.8966990981872054,3.3835172335718435,121.17235271406595,-41.09017965351834,93.59503926301994
13.43,4.218785209276006,2.8958672109138046,3.530775704375363,112.35643349980771,-37.79578207182855,82.22378435514244
13.44,4.270364808116505,2.8951393095495788,3.659626866328443,104.64250418733174,-34.91318418784998,72.27393631074963
13.45,4.467622582101942,2.546678770855882,4.2528122580373875,97.89281603891527,-32.39091103936873,63.56781927190593
13.46,4.640223134339199,2.241775799498897,4.771849475782714,91.98683890905086,-30.183922034447637,55.94996686291769
13.47,4.791248617546799,1.974985699561535,5.226007041309875,86.8191089204195,-28.25280665514168,49.28434600505298
13.48,4.923395915353449,1.7415443621163431,5.62339491114614,82.29734518036706,-26.563080698248967,43.45192775442136
13.49,5.039024800934268,1.5372831918518002,5.971109297252872,78.34080190782117,-25.084570485967845,38.34856178511869
13.5,5.140200075817484,1.358554667870325,6.275359385096263,74.87882654434353,-23.790874050221863,33.88311656197885
13.51,5.228728441340299,1.2021672093865343,6.54157821195923,71.84959810130059,-22.658889668944127,29.975851991731496
13.52,5.306190761172761,1.0653281832132175,6.774519685464326,69.19902321363801,-21.668403335326108,26.556995492765058
13.53,5.373970291026167,0.9455940353115653,6.978343474781285,66.87977018693326,-20.801727793410343,23.565496056169426
13.54,5.433277379647896,0.8408266558976196,7.156689290433625,60.71167391356661,-26.73713694423405,6.475434174148248
13.55,5.485171082191909,0.7491551989104172,7.312741879129422,55.31458967437079,-31.930619951204793,-8.478369972620284
13.56,5.53057807191792,0.668942674046615,7.449287894238244,50.59214096507444,-36.474917582304194,-21.56294860104275
13.57,5.57030918792818,0.5987567147907881,7.568765657458464,46.45999834444014,-40.45117800951617,-33.0119549009124
13.58,5.605073914437157,0.5373440004419395,7.673308700276156,42.844373551385125,-43.93040588332664,-43.02983541329835
13.59,5.150023925132513,0.6066170003866971,6.2785466127416365,39.68070185746199,-46.974730272910804,-51.79548086163605
13.6,4.751855184490949,0.66723087533836,5.058129786148932,36.912489125279244,-49.63851411379696,-59.46542062893154
13.61,4.40345753642958,0.720268015921065,3.990265062880315,34.49030298461934,-51.96932497457233,-66.1766179253151
13.62,4.0986095943758825,0.7666755139309319,3.055883430020276,32.370890111541925,-54.008784477750794,-72.04891555965071
13.63,3.831867645078897,0.8072820746895655,2.2382995012677416,30.516403847599182,-55.79331154303195,-77.18717598969437
13.64,3.5984684394440345,0.8428128153533698,1.5229135636092739,28.893728366649285,-57.354772725152955,-81.68315386598256
13.65,3.39424413451353,0.8739022134341986,0.8969508681581146,27.473887320818125,-58.72105125950884,-85.61713450773473
13.66,3.2155478676993385,0.9011054367549238,0.3492335096383503,26.231526405715858,-59.91654497707023,-89.05936756926789
13.67,3.059188634236921,0.9249082571605584,-0.13001917906644345,25.144460605001374,-60.96260197993645,-92.0713214981094
13.68,2.9223743049573057,0.9457357250154886,-0.549365281683138,24.193278029376202,-61.8779018574444,-94.70678118584571
13.69,2.8026617668376423,0.9639597593885526,-0.9162931214727458,23.36099327570418,-62.67878925026385,-97.012808412615
13.7,2.697913295982937,0.9799057894649835,-1.2373549812886524,22.497119116241155,-41.666440468980866,-86.72808223603813
13.71,2.60625838398507,0.9938585657818606,-1.518284108627571,21.74122922671101,-23.280635285358258,-77.72894683153336
13.72,2.526060335986936,1.006067245059128,-1.7640970950491246,21.079825573372133,-7.193055749688478,-69.8547033525917
13.73,2.4558870439885685,1.016749839426737,-1.9791834581679841,20.501097376700613,6.883576344022582,-62.96474030851774
13.74,2.3944854134899973,1.0260971094983948,-2.167384025896986,19.994710204613035,19.20062942601976,-56.93602264495303
13.75,1.950228986803748,1.7922859708110956,-2.327539772659863,19.551621429036405,29.97805087276729,-51.6608946893339
13.76,1.5615046134532795,2.4627012244597086,-2.4676760510773805,19.163918750406854,39.40829463867138,-47.04515772816717
13.77,1.2213707867716195,3.0493145714022454,-2.5902952946927083,18.824678906605996,47.65975793383746,-43.006387887146275
13.78,0.9237536884251671,3.562601249976965,-2.69758713285612,18.527844043280247,54.87978831710778,-39.47246427625299
13.79,0.6633387273720213,4.011727093729844,-2.791467491249105,18.268113537870214,61.19731490246931,-36.38028111672137
13.8,0.43547563645051857,4.404712207013613,-2.873612804842967,18.040849345636435,66.72515066466065,-33.6746208521312
13.81,0.23609543189420376,4.748574181136911,-2.9454899542375963,17.84199317743188,71.56200695657806,-31.307168120614797
13.82,0.06163775290742829,5.049453408494798,-3.0083824599578968,17.667994030252895,75.7942562120058,-29.235646980537947
13.83,-0.09101271620600027,5.312722732432948,-3.06341340246316,17.515744776471283,79.49747431050507,-27.4230659829707
13.84,-0.22458187668025026,5.54308339087883,-3.111565477155265,17.382526679412372,82.73779014669194,-25.83705761009936
13.85,-0.34145489209521895,5.744648967018977,-3.153698542510857,17.265960844485825,85.57306650335543,-24.44930028383694
13.86,-0.4437187805833166,5.921018846141605,-3.190564974697,7.0795907389250985,75.834558315436,-12.778762248357323
13.87,-0.533199683010402,6.075342490373904,-3.2228231028598753,-1.833483103440538,67.3133636510065,-2.5670414673126576
13.88,-0.6114954726341018,6.210375679077166,-3.251048965002391,-9.63242271551047,59.857318319630686,6.368214216101424
13.89,-0.680004288554839,6.32852971919252,-3.2757465943770923,-16.45649487607166,53.33327865467685,14.186562939088745
13.9,-0.7399495024854841,6.431914504293456,-3.297357020079956,-22.4275580165627,47.62474394784225,21.02761807170265
13.91,-0.7924015646747986,6.5223761912567735,-3.3162661425699613,-27.65223826449236,42.62977607936197,27.013541312739818
13.92,-0.6359677440904488,5.640693667349677,-2.918590249748716,-32.223833481430816,38.25917919444172,32.25122414864734
13.93,-0.4990881510791427,4.869221458930967,-2.570623843530126,-36.22397929625197,34.434906920136505,36.83419663006642
13.94,-0.37931850719424987,4.194183276564596,-2.2661532380888603,-39.724106884220475,31.08866868011944,40.844297551308124
13.95,-0.27452006879496865,3.6035248669940216,-1.9997414583277529,-42.78671852369291,28.16071022010451,44.35313585739461
13.96,-0.18282143519559757,3.086698758619769,-1.7666311510367838,-45.4665037082313,25.598746567591444,47.42336937522029
13.97,-0.1025851307961479,2.634475913792298,-1.562659632157186,-47.811315744702384,23.357028371642514,50.10982370331775
13.98,-0.032378364446629414,2.238780924568261,-1.3841845531375379,-49.86302627661459,21.3955249501872,52.46047124040303
13.99,0.029052556109199264,1.8925478089972283,-1.2280188589953458,-51.658272992037766,19.679209456413798,54.517287835352654
14.0,0.08280461159554936,1.5895938328725747,-1.0913738766209276,-53.22911386803304,18.177433399362073,56.317002355933575
14.01,0.12983766014610568,1.3245091037635028,-0.9718095170433115,-54.603599634528905,16.863379349441814,57.891752561441876
14.02,0.17099157762784248,1.092559965793065,-0.8671907024128975,-65.99565068021279,28.838582180761588,57.19590849126164
14.03,0.20700125542436215,0.8896044700689318,-0.7756492396112853,-75.96369534518618,39.31688465816639,56.58704492985393
14.04,0.23850972349631688,0.7120184113103154,-0.6955504596598746,-84.68573442703791,48.48539932589559,56.054289313622185
14.05,0.2660796330592773,0.556630609896526,-0.6254640272023902,-92.31751862365817,56.50784966015865,55.58812814941941
14.06,0.2902033039268676,0.4206662836594603,-0.5641383988020914,-98.9953297957009,63.52749370263882,55.180237130741986
14.07,-0.05091573406399086,-0.36880937679797227,-0.2226758489518299,-104.83841457123829,69.66968223980896,54.823332489399235
14.08,-0.349394892305992,-1.0596005796982257,0.07610388216714886,-109.9511137498335,75.04409720983284,54.511040928224325
14.09,-0.610564155767743,-1.6640428822359477,0.3375361468962553,-114.42472553110431,79.74671030860372,54.237785812196286
14.1,-0.8390872612967752,-2.1929298969564543,0.5662893785342233,-118.33913583971628,83.86149677002825,53.998687585671746
14.11,-1.0390449786346783,-2.6557060348368977,0.7664484562174454,-121.76424485975174,87.46193492377472,53.789476637462776
14.12,-1.2140079813053435,-3.0606351554822857,0.9415876491902647,-124.76121525228277,90.61231830830287,53.60641705777993
14.13,-1.3671006086421755,-3.414948136047,1.0948344430414818,-127.38356434574742,93.36890376976501,53.446239925557435
14.14,-1.5010566575619035,-3.724971994041125,1.2289253876612967,-129.67811980252898,95.78091604854438,53.30608493486275
14.15,-1.6182682003666655,-3.996242869785984,1.3462549642036346,-131.68585582721286,97.89142679247632,53.18344931800491
14.16,-1.7208283003208322,-4.233604886062736,1.4489183436781803,-133.44262484881125,99.73812369341678,53.07614315325429
14.17,-1.8105683877807282,-4.441296650304894,1.5387488007184078,-134.97979774270985,101.35398348173968,52.982250259097505
14.18,-1.889090964308137,-4.623026944016782,1.617350450628607,-141.04107314987112,96.59036104652222,45.025093976710316
14.19,-1.95779821876962,-4.782040951014684,1.6861268943000312,-146.34468913113722,92.42219141570693,38.062582229621526
14.2,-2.0179170664234176,-4.9211782071378485,1.7463062825125273,-150.98535311474504,88.77504298874356,31.970384450918836
14.21,-2.0705210581204905,-5.042923306245617,1.7989632471984613,-155.0459341004019,85.58378811515063,26.63971139455398
14.22,-2.1165495508554293,-5.149450267964915,1.8450380912986537,-158.59894246285165,82.7914401007568,21.97537247023473
14.23,-2.1568244819985005,-5.242661359469301,1.885353579886322,-161.70782477999518,80.34813558816221,17.89407591145539
14.24,-2.237159546748688,-5.150266939535638,1.4474552574005317,-164.42809680749576,78.21024413964193,14.322941422523465
14.25,-2.307452728405102,-5.069421822093683,1.0642942252254652,-166.80833483155877,76.3395891221867,11.198198744708032
14.26,-2.368959262354464,-4.998682344331973,0.7290283220722821,-168.8910431026139,74.70276598191336,8.464048901619527
14.27,-2.422777479560156,-4.9367853012904765,0.4356706568132468,-170.71341283978717,73.27054573417419,6.071667788917086
14.28,-2.4698684196151364,-4.882625388629167,0.17898269971159092,-172.30798635981375,72.01735301740241,3.9783343153024506
14.29,-2.5110729921632444,-4.835235465050522,-0.04561926275235795,-173.70323818983704,70.92080939022712,2.146667525889644
14.3,-2.547126993142839,-4.793769281919206,-0.2421459799083132,-174.9240835411074,69.96133371644873,0.5439590851534386
14.31,-2.578674243999984,-4.757486371679306,-0.41410685741977404,-175.99232322346896,69.12179250189264,-0.8584108004907414
14.32,-2.606278088499986,-4.725738825219393,-0.5645726252423022,-176.92703294553533,68.38719393915606,-2.085484450429399
14.33,-2.6304314524374877,-4.697959722066969,-0.6962301720870144,-177.7449039523434,67.74442019676155,-3.159173894125724
14.34,-2.6515656458828016,-4.673653006808598,-0.8114305255761376,-178.48241645830046,67.16886817216636,-8.219902282360009
14.35,-2.6700580651474515,-4.652384630957523,-0.9122308348791204,-179.1277399010129,66.66526015064557,-12.648039622065006
14.36,-2.68623893200402,-4.633774802087833,-1.0004311055192303,-179.6923979133863,66.22460313181487,-16.522659794306882
14.37,-2.7003971905035176,-4.617491201826854,-1.0776063423293265,-180.186473674213,65.83902824033801,-19.912952445018522
14.38,-2.712785666690578,-4.603243051598498,-1.1451346745381605,-180.61878996493638,65.50165021029576,-22.879458514391207
14.39,-2.8420615833542557,-4.918003170148686,-1.6754169652208906,-180.99706671931932,65.20644443400879,-25.475151325092305
14.4,-2.955178010434974,-5.1934182738801,-2.1394139695682792,-181.3280588794044,64.94813937975769,-27.74638253445577
14.41,-3.054154884130602,-5.434406489645088,-2.5454113483722445,-181.61767701947886,64.72212245728798,-29.7337098426488
14.42,-3.1407596486142766,-5.645271178439453,-2.900659054825714,-181.871092892044,64.52435765012699,-31.4726212373177
14.43,-3.216538817537492,-5.8297777811345215,-3.2115007979724997,-182.0928317805385,64.35131344386112,-32.99416870765299
14.44,-3.2828455903453055,-5.991221058492706,-3.4834873232259373,-182.28685330797117,64.19989976337848,-34.32552274419636
14.45,-3.340864016552142,-6.132483926181118,-3.721475532822695,-182.45662214447478,64.06741279295618,-35.49045752617182
14.46,-3.3916301394831243,-6.256088935408479,-3.9297152162198583,-182.60516987641543,63.95148669383665,-36.50977546040034
14.47,-3.436050497047734,-6.364243318482419,-4.1119249391923764,-182.7351491418635,63.85005135710706,-37.4016786528503
14.48,-3.474918309916767,-6.4588784036721165,-4.27135844679333,-182.84888099913056,63.761295437468675,-38.18209394624401
14.49,-3.5089276461771712,-6.541684103213102,-4.410862765944164,-182.94839637423922,63.68363400778509,-38.86495732796351
14.5,-3.538685815405025,-6.614139090311465,-4.5329290452011435,-187.92672270245933,71.77068013181196,-35.72621266196807
14.51,-3.564724213479397,-6.677537204022531,-4.639737039551001,-192.2827582396519,78.84684549033545,-32.97981107922206
14.52,-3.587507811794472,-6.733010553519716,-4.733194034607126,-196.09428933469542,85.03849017904352,-30.5767096943193
14.53,-3.607443460320163,-6.781549734329751,-4.814968905281236,-199.42937904285847,90.45617928166308,-28.473995982529388
14.54,-3.6248871527801425,-6.824021517538532,-4.886521917121082,-202.34758253750115,95.1966572464552,-26.634121484713212
14.55,-3.6401503836826246,-6.861184327846216,-4.949130802480948,-204.9010105953135,99.3445754656483,-25.02423129912406
14.56,-2.7728568357222967,-6.296204536865439,-4.492620827170829,-207.1352601458993,102.97400390744227,-23.615577386733552
14.57,-2.0139749812570096,-5.801847219757259,-4.093174598774476,-209.0902285026619,106.14975379401199,-22.383005213391858
14.58,-1.3499533585998833,-5.369284567287602,-3.7436591489276663,-210.80082581482915,108.92853494476049,-21.304504561717874
14.59,-0.7689344387748979,-4.990792246376652,-3.437833130311708,-212.29759846297551,111.35996845166542,-20.36081649150314
14.6,-0.2605428839280356,-4.659611465579571,-3.1702353640227443,-213.60727453010358,113.48747277020725,-19.53508943006525
14.61,0.1842997265629689,-4.369828282382125,-2.9360873185199012,-214.75324108884064,115.34903904893135,-18.81257825130709
14.62,0.5735370107425978,-4.11626799708436,-2.7312077787049134,-215.75596182773555,116.97790954281493,-18.180380969893704
14.63,0.9141196343997731,-3.8944027474488148,-2.551938181366799,-216.6333424742686,118.40317122496306,-17.627208348656993
14.64,1.2121294300998016,-3.700270654017713,-2.395077283695949,-217.40105053998502,119.65027519684267,-17.14318230507487
14.65,1.4728880013373264,-3.530405072265499,-2.2578239982339556,-218.07279509748687,120.74149117223733,-16.71965951694051
14.66,1.7010517511701608,-3.381772688232312,-2.137727373454711,-190.227445710301,139.17442977570767,-26.866577702322946
14.67,1.900695032273891,-3.2517193522032732,-2.0326428267728724,-165.86276499651336,155.3032510537442,-35.745131114532576
14.68,2.0753829032396545,-3.137922683177864,-1.9406938484262635,-144.5436693719492,169.41596967202616,-43.51386535021601
14.69,2.2282347903346977,-3.0383505977806315,-1.8602384923729804,-125.88946070045554,181.76459846302288,-50.31150780643901
14.7,2.3619801915428607,-2.951225023058053,-1.7898400558263579,-109.5670281128986,192.56964865514502,-56.25944495563414
14.71,2.4790074176000028,-2.874990145175796,-1.728241423848063,-95.28489959878627,202.02406757325187,-61.46388996117987
14.72,1.9521156154000026,-2.0123368770288215,-0.5214299958670552,-82.78803714893797,210.29668412659538,-66.0177793410324
14.73,1.4910852884750023,-1.2575152674002186,0.5345300036163266,-71.85328250532072,217.53522361077094,-70.00243254840335
14.74,1.087683752415627,-0.5970463589751912,1.4584950031642858,-62.28537219215563,223.86894565942455,-73.48900410485292
14.75,0.7347074083636738,-0.019136064103292272,2.2669643777687503,-53.91345066813617,229.41095245199648,-76.5397542167463
14.76,0.4258531073182146,0.4865354439096192,2.9743750805476563,-46.58801933461915,234.2602083954969,-79.209160564653
14.77,0.15560559390343773,0.9289980134209168,3.5933594454791993,-40.17826691779175,238.50330734605978,-81.54489111907138
14.78,-0.08086098033449199,1.3161527617433022,4.1349707647943,-34.569733553067785,242.2160189278023,-83.58865535418745
14.79,-0.2877692327926805,1.6549131665253896,4.608880669195012,-29.662266858934313,245.46464156182702,-85.37694905991401
14.8,-0.46881395369359546,1.951328520709716,5.023551835545636,-25.368233501567524,248.30718636659864,-86.94170605242475
14.81,-0.627228084481896,2.2106919556210016,5.386389106102431,-21.610954313871584,250.7944130707738,-88.31086842087166
14.82,-0.765840448921659,2.4376349611683765,5.703871717839627,25.124791350362365,233.51948631192707,-72.1576346182627
14.83,-0.8871262678064517,2.6362100910223294,5.981669003109674,66.01856880656707,218.40392539793618,-58.023555040979865
14.84,-0.9932513593306451,2.8099633296445385,6.224741627720965,101.80062408074619,205.17780959819413,-45.65623541085738
14.85,-1.0861108144143146,2.9619974134389713,6.437430174255844,133.10992244565293,193.60495827341987,-34.8348307345002
14.86,-1.1673628376125254,3.0950272367591,6.623532652473864,160.5055585149463,183.47871336424237,-25.366101642687674
14.87,-1.2384583579109596,3.2114283321642123,6.786372320914632,184.47674007557802,174.61824906871206,-17.080963687351712
14.88,-1.2304486881720897,3.188441915643686,4.956597280800303,205.45152394113077,166.86534281012305,-9.831467976432748
14.89,-1.2234402271505787,3.168328801188225,3.3555441207002654,223.80445982348942,160.08154983385765,-3.4881592293786543
14.9,-1.2173078237567563,3.1507298260396968,1.954622605612732,239.86327872055324,154.14573097962543,2.0622359242936774
14.91,-1.2119419707871617,3.1353307227847345,0.7288162799111405,253.91474525548406,148.95188948217225,6.918831683756968
14.92,-1.2072468494387665,3.1218565074366427,-0.3437642550777521,266.20977847354857,144.4072781719007,11.168352973287348
14.93,-1.2031386182589208,3.110066569007062,-1.2822722231930332,276.967932539355,140.4307432754131,14.88668410162643
14.94,-1.1995439159765557,3.099750372881179,-2.1034666952939043,286.38131734693565,136.95127524098646,18.140223838923127
14.95,-1.1963985514794864,3.0907237012710316,-2.8220118583821665,294.6180290535687,133.90674071086315,20.987071109057737
14.96,-1.1936463575445506,3.0828253636121525,-3.450738876084396,301.82515179687266,131.24277299700526,23.47806247042552
14.97,-1.1912381878514817,3.0759143181606334,-4.000875016573846,308.13138419726357,128.9118012473796,25.65767991162233
14.98,-1.1891310393700465,3.069867153390554,-4.482244139502115,302.3180879226056,88.52970121645716,55.38547129766954
14.99,-1.1872872844487907,3.0645758842167345,-4.903442122064351,297.23145368227995,53.19536368940001,81.39728876046084
15.0,-1.1856739988926919,3.0599460236896427,-5.271990356806307,292.78064872199496,22.277818353225012,104.15762904040324
15.01,-1.1842623740311053,3.055894895728437,-5.594470062205518,288.8861943817456,-4.775033815928115,124.07292678535283
15.02,-1.1830272022772172,3.0523501587623825,-5.8766398044298285,285.47854683402744,-28.446279463937103,141.49881231218373
15.03,-1.1819464269925652,3.0492485139170844,-6.1235383288761,282.49685522977404,-49.15861940594496,156.74646214816076
15.04,-0.6807017486184945,2.8633465746774487,-5.184640412766587,279.8878750760523,-67.28191685520184,170.08815575464064
15.05,-0.24211265504118273,2.7006823778427673,-4.363104736170764,277.6050174415458,-83.1398021233016,181.76213766031054
15.06,0.14165280183896511,2.5583512056124214,-3.6442610191494187,275.60751701135257,-97.0154517328889,191.97687182777173
15.07,0.4774475766090945,2.4338114299108686,-3.0152727667557415,273.8597041349335,-109.15664514127779,200.91476422430026
15.08,0.7712680045329576,2.32483912617201,-2.4649080459112738,272.33036786806684,-119.78018937361807,208.73542007126275
15.09,1.0283608789663379,2.229488360400509,-1.9833389151723648,270.9921986345585,-129.0757905769158,215.5784939373549
15.1,1.2533171440955457,2.146056440350445,-1.5619659257758194,269.82130055523874,-137.20944162980135,221.56618357018556
15.11,1.4501538760836026,2.0730535103066394,-1.193264560053842,268.7967647358339,-144.32638630107618,226.80541199891235
15.12,1.6223860165731523,2.0091759465183094,-0.8706508650471118,267.90029589385466,-150.55371288844168,231.3897368740483
15.13,1.7730891395015083,1.9532830782035207,-0.5883638819162228,267.1158856571228,-156.0026236523865,235.40102113979225
15.14,1.9049543720638198,1.9043768184280805,-0.34136277167669493,253.97389982498245,-138.09042082083818,225.22589374731822
15.15,2.0203364505558423,1.8615838411245704,-0.12523680021710804,242.47466222185963,-122.41724334323341,216.32265727890345
15.16,2.121295769236362,1.824139985983999,0.06387342481003047,232.41282931912716,-108.70321305032924,208.5323253690405
15.17,2.209635173081817,1.7913766127359991,0.22934487170877665,223.60872552923624,-96.70343654403808,201.71578494791044
15.18,2.2869321514465897,1.7627086611439993,0.37413238774517954,215.9051347130817,-86.20363210103332,195.75131207942164
15.19,2.466544382515766,1.7984115785009993,1.2509495892770321,209.1644927489465,-77.01630321340416,190.53239831949392
15.2,2.623705084701295,1.8296516311883744,2.018164640617403,203.26643103032816,-68.97739043672864,185.96584877955718
15.21,2.761220699113633,1.8569866772898276,2.689477810540228,198.10562702653712,-61.94334175713756,181.97011793211252
15.22,2.881546861724429,1.8809048426285992,3.2768768342226995,193.58992352321997,-55.788549162495364,178.47385344059845
15.23,2.986832254008875,1.9018332373000244,3.7908509799448624,189.63868295781745,-50.40310564218344,175.41462201052363
15.24,3.0789569722577657,1.9201455826375213,4.240578357451755,186.18134746309025,-45.69084256191051,172.7377945092082
15.25,3.159566100725545,1.9361688848078311,4.634089812770285,183.15617890520394,-41.56761236667169,170.39557044555715
15.26,3.230099088134852,1.9501892742068523,4.978412336173999,180.50915641705345,-37.95978594583772,168.34612438986252
15.27,3.291815452117995,1.9624571149309957,5.279694544152249,178.19301173992176,-34.802937827608005,166.5528590911297
15.28,3.345817270603246,1.9731914755646214,5.543316476133217,176.16638514743153,-32.040695724157004,164.9837519547385
15.29,3.39306886177784,1.9825840411190436,5.773985666616565,174.39308687900257,-29.62373388363738,163.6107832103962
15.3,3.43441400405561,1.9908025359791632,5.975821208289494,160.50395126912724,-27.80201727318271,142.11381030909666
15.31,3.4705910035486585,1.9979937189817678,6.152427307253307,148.35095761048632,-26.20801523903487,123.30395902045959
15.32,3.502245878105076,2.004286004109047,6.306957643846643,137.71708815917552,-24.813263459155515,106.84533914290213
15.33,3.5299438933419416,2.0097917535954157,6.442171688365812,128.41245238927857,-23.592855651761077,92.44404675003936
15.34,3.554179656674199,2.0146092843959886,6.560483977320086,120.27089609061875,-22.524998820290943,79.84291590628445
15.35,3.575385949589924,2.01882462384649,6.664007230155074,113.1470343292914,-21.590624092754577,68.81692641799889
15.36,3.9100147058911836,1.8994786708656788,6.4252635763856905,106.91365528812997,-20.773046206160256,59.16918561574902
15.37,4.202814867654785,1.7950509620074688,6.216362879337479,101.45944862711372,-20.057665555390226,50.72741241378039
15.38,4.4590150091979375,1.7036767167565352,6.033574769420294,96.6870177987245,-19.43170748596645,43.340860862057845
15.39,4.683190133048195,1.6237242521619684,5.873635173242757,92.51114082388393,-18.883994175220643,36.87762825430061
15.4,4.879343366417171,1.5537658456417223,5.733688026587412,88.85724847089844,-18.404745028318064,31.222299722513036
15.41,5.050977445615024,1.492552239936507,5.611234273263985,85.66009266203613,-17.985402024778306,26.273887257198904
15.42,5.201157264913146,1.4389903349444435,5.504087239105987,82.86258132928161,-17.618476896681017,21.94402635004904
15.43,5.332564606799002,1.392123668076388,5.410333584217739,80.4147589131214,-17.29741740959589,18.15539805629291
15.44,5.447546030949127,1.3511153345668394,5.328299136190521,78.27291429898122,-17.016490358396403,14.840348299256297
15.45,5.5481547770804855,1.3152330427459844,5.256518994166706,76.39880026160856,-16.770679188596855,11.939679761849261
15.46,5.636187429945425,1.2838360374027364,5.193711369895868,70.41020022890748,-8.352469290022247,4.138469916618103
15.47,5.713216001202246,1.2563636577273944,5.138754698658885,65.17017520029405,-0.9865356287694658,-2.68758869795916
15.48,5.780616001051966,1.2323253255114701,5.090667611326524,60.585153300257296,5.458656324826718,-8.660389985714264
15.49,5.8395910009204695,1.2112917848225364,5.048591409910709,56.57325913772514,11.098199284223378,-13.886591112499982
15.5,5.891194125805411,1.1928874367197193,5.011774733671871,53.0628517455095,16.032799373695454,-18.459517098437484
15.51,5.936346860079734,1.1767836321297545,4.979560141962887,49.991245277320814,20.350574451983523,-22.460827336132798
15.52,4.558519127569767,1.941500803113535,3.4953592492175263,47.30358961765572,24.12862764548558,-25.961973794116197
15.53,3.352919861623546,2.610628327724343,2.1966834680653355,44.95189091544876,27.434424189799884,-29.025476944851672
15.54,2.2980205039206023,3.1961149117588,1.0603421595571687,42.894154551017664,30.3269961660749,-31.706042201745213
15.55,1.3749835659305267,3.70841567278895,0.06604351461252267,41.09363523214046,32.85799664531554,-34.051536801527064
15.56,0.5673262451892108,4.156678838690331,-0.8039677997140426,39.5181808281229,35.07262206465109,-36.103844576336186
15.57,-0.13937391045944048,4.548909108854039,-1.5652276997497871,38.13965822460754,37.01041930656971,-37.899613879294165
15.58,-0.7577365466520104,4.892110595247283,-2.231330112281064,36.93345094653159,38.705991893248495,-39.470912019382396
15.59,-1.298803853320509,5.1924118958413725,-2.814169723245931,35.878019578215145,40.18961790659243,-40.84579789195959
15.6,-1.7722377466554455,5.455175533861201,-3.3241543828401894,34.95451713093825,41.487790668268374,-42.048823030464646
15.61,-2.186492403323515,5.6850937171285505,-3.770390959985166,34.14645248957097,42.62369183473483,-43.10147002665657
15.62,-2.5489652279080754,5.886272127487482,-4.1608479649870205,26.216271053374598,30.300105480392975,-30.2062865233245
15.63,-2.866128949419566,6.062303236551546,-4.502497844363643,19.277362296702773,19.516967420343853,-18.923000957908936
15.64,-3.1436472057421203,6.216330456982604,-4.801441488818187,13.205817134614927,10.08172161780087,-9.05012608817032
15.65,-3.3864756800243554,6.351104274859779,-5.063017177715914,7.89321511778806,1.8258815405757618,-0.41136057714903007
15.66,-3.598950595021311,6.469031365502307,-5.291895905501425,3.2446883530645523,-5.397978526996209,7.147559244994599
15.67,-2.9818261456436472,6.181798444814519,-4.805539042313747,-0.822772566068517,-11.718856086121683,13.761614089370275
15.68,-2.441842252438191,5.9304696392127045,-4.379976787024528,-4.381800870309952,-17.249623950356472,19.548912078198992
15.69,-1.9693563458834171,5.710556934311117,-4.007609813646463,-7.495950636521208,-22.089045831561915,24.61279781842412
15.7,-1.55593117764799,5.518133317522228,-3.681788711940655,-10.220831681956057,-26.323539977616676,29.043697841121105
15.71,-1.1941841554419914,5.3497626528319495,-3.396695247948073,-12.60510259671155,-30.02872235541459,32.92073536098096
15.72,-0.8776555110117424,5.202438321227956,-3.1472384669545637,-14.691339647122607,-33.27075693598776,36.31314319085834
15.73,-0.6006929471352747,5.0735295310744615,-2.9289637835852433,-16.516797066232282,-36.10753719398929,39.28150004200105
15.74,-0.3583507037433653,4.960734339690154,-2.737973435637088,-18.114072307953247,-38.589719919740624,41.87881228675092
15.75,-0.14630124077544462,4.8620385472288845,-2.570856881182452,-19.51168814445909,-40.761629804773044,44.151460500907056
15.76,0.039242039321485955,4.775679728825274,-2.4246298960346455,-20.7346020014017,-42.66205095417641,46.14002768829368
15.77,0.2015924094063002,4.700115762722115,-2.296681284030315,-21.804651626226487,-44.32491945990436,47.88002397725697
15.78,0.34364898323051263,4.633997292381851,-2.1847262485265255,-32.61094529794818,-26.486179277416312,51.41939623009984
15.79,0.4679484853266985,4.57614363083412,-2.08676559246071,-42.06645226070465,-10.877281617739273,54.51634695133736
15.8,0.5767105496608612,4.525521676979856,-2.0010500184031215,-50.34002085311657,2.780503834478136,57.22617883242019
15.81,0.6718773559532536,4.481227467357374,-1.9260488911027311,-57.579393371476996,14.731066105168368,59.59728172836766
15.82,0.7551483114590969,4.442470033937702,-1.8604229047148897,-63.91384432504237,25.187808092022323,61.671996762321704
15.83,0.8280103975267098,4.408557279695489,-1.8030001666255284,-69.45648890941207,34.337457330519534,63.48737241703149
15.84,0.576755472835871,3.491461119733553,-1.3523740207973374,-74.30630292073556,42.343400414204595,65.07582611490255
15.85,0.3569074137313871,2.689001979766859,-0.9580761431976701,-78.54989018064362,49.34860061242902,66.46572310053973
15.86,0.16454036201496375,1.9868502322960018,-0.6130655002979614,-82.26302903306316,55.478150785875386,67.68188296297227
15.87,-0.003780808236906713,1.3724674532590015,-0.31118118776071624,-85.51202552893027,60.84150718764096,68.74602284260074
15.88,-0.15106183220729338,0.8348825216016262,-0.04703241429062671,-88.35489746281398,65.53444403918584,69.67714523727565
15.89,-0.2799327281813817,0.364495706401423,0.18409776249570162,-90.84241040496224,69.64076378428761,70.4918773326162
15.9,-0.392694762158709,-0.04709275689875486,0.38633666718373894,-93.01898422934195,73.23379356125166,71.20476791603917
15.91,-0.4913615418888704,-0.4072326622864105,0.5632957087857715,-94.9234863256742,76.3776946160952,71.82854717653429
15.92,-0.5776949741527616,-0.7223550795006091,0.7181348701875501,-96.58992565996493,79.1286080390833,72.3743540294675
15.93,-0.6532367273836664,-0.998087194563033,0.8536191364141064,-98.04806007746932,81.5356572841979,72.85193502578406
15.94,-0.7193357614607081,-1.2393527952426537,0.972167869362343,-103.51955244278565,80.94682487367317,63.63606814756105
15.95,-0.7771724162781196,-1.450460195837322,1.0758980106920502,-108.30710826243745,80.43159651446402,55.57218462911592
15.96,-0.8277794892433546,-1.6351791713576567,1.1666618843555439,-112.49621960463278,79.98077170015603,48.51628655047643
15.97,-0.8720606780879353,-1.7968082749379497,1.2460802738111008,-116.16169202905368,79.58629998763652,42.34237573166688
15.98,-0.9108067183269434,-1.938233740570706,1.3155713645847131,-119.36898040042198,79.24113723918197,36.940203765208516
15.99,-1.0521071285360755,-2.3404840229993678,1.4199113190116242,-122.17535772536922,78.93911983428421,32.21330329455745
16.0,-1.175744987469066,-2.6924530201244465,1.511208779135171,-124.63093788469808,78.6748546049987,28.077265382737767
16.01,-1.2839281140354326,-3.0004258926088907,1.5910940567432745,-126.77957052411082,78.44362252937387,24.458232209895545
16.02,-1.3785883497810034,-3.2699021560327792,1.6609936746503653,-128.65962408359698,78.24129446320214,21.2915781836586
16.03,-1.461416056058378,-3.505693886528682,1.7221558403190698,-130.30467094814736,78.06425740530187,18.520755910701276
16.04,-1.5338902990510808,-3.7120116507125966,1.7756727352791861,-131.74408695462895,77.90934997963913,16.096286421863617
16.05,-1.5973052616696957,-3.892539694373522,1.8225000183692877,-133.00357596030034,77.77380598218423,13.974875619130664
16.06,-1.6527933539609836,-4.050501732576832,1.8634738910731268,-134.1056288402628,77.6552049844112,12.11864116673933
16.07,-1.7013454347158605,-4.1887185160047276,1.8993260296889858,-135.06992511022995,77.5514291113598,10.494436020896913
16.08,-1.7438285053763778,-4.309658201504137,1.9306966509778625,-135.9136843464512,77.46062522243983,9.073256518284799
16.09,-1.7810011922043305,-4.41548042631612,1.9581459446056297,-136.6519736781448,77.38117181963486,7.829724453499199
16.1,-1.8135272931787891,-4.5080748730266045,1.982164076529926,-142.0711025933767,75.99915071718051,4.405383896811799
16.11,-1.8419876315314405,-4.5890950138982785,2.003179941963685,-146.8128403942046,74.78988225253295,1.4090859097103237
16.12,-1.8668904275900104,-4.659987637160993,2.0215688242182246,-150.96186096992903,73.73177234596633,-1.212674829003467
16.13,-1.888680374141259,-4.722018682515869,2.0376590961909464,-154.5922539736879,72.80592617772055,-3.5067154753780336
16.14,-1.9077465773736015,-4.776295847201386,2.051738084167078,-157.7688478519769,71.99581078050548,-5.51400104095578
16.15,-1.9244295052019014,-4.823788366301213,2.0640571986461933,-160.54836749547977,71.2869598079423,-7.270375910836307
16.16,-2.2294099420516638,-4.972506570513561,1.4474282988154192,-162.98044718354478,70.6667152069495,-8.807203921981769
16.17,-2.496267824295206,-5.102634999199366,0.9078780114634919,-165.10851691060168,70.12400118108081,-10.151928431734047
16.18,-2.7297684712583052,-5.216497374299445,0.4357715100305554,-166.97057792177645,69.64912640844571,-11.328562377767291
16.19,-2.9340815373510174,-5.316126952512015,0.02267832127673597,-168.59988130655438,69.23361098239,-12.358117080546378
16.2,-3.1128554701821405,-5.403302833448013,-0.33877821888285603,-170.02552176823508,68.87003498459126,-13.25897744547808
16.21,-3.269282661409373,-5.479581729267012,-0.655052691522499,-171.27295717220568,68.55190598651735,-14.04723026479332
16.22,-3.4061564537332014,-5.546325763108635,-0.9317928550821866,-172.36446315067997,68.27354311320269,-14.736951481694156
16.23,-3.525921022016551,-5.604726792720056,-1.1739404981969133,-173.31953088184497,68.02997559905236,-15.340457546482387
16.24,-3.6307150192644824,-5.655827693630049,-1.385819685922299,-174.15521514661435,67.81685402417082,-15.868525353172089
16.25,-3.722409766856422,-5.700540981926292,-1.5712139751820116,-174.88643887828755,67.63037264614947,-16.330584684025578
16.26,-3.8026426709993695,-5.7396651091855055,-1.73343397828426,-178.0156347685016,76.88657694038079,-20.11676147352238
16.27,-3.8728464621244485,-5.773898720537317,-1.8753764809987274,-180.75368117243892,84.98575569783318,-23.429666164332083
16.28,-3.9342747793588924,-5.803853130470152,-1.9995761708738864,-183.14947177588405,92.07253711060403,-26.328457768790575
16.29,-3.9880245569390307,-5.830063239161383,-2.1082508995146507,-185.24578855389856,98.27347084677854,-28.864900422691754
16.3,-4.035055612321652,-5.85299708426621,-2.2033412870753195,-187.08006573466125,103.69928786593121,-31.084287744855285
16.31,-4.076207785781445,-5.873064198732934,-2.2865453761909045,-188.6850582678286,108.4468777576898,-33.026251651748375
16.32,-3.841500562558765,-5.731426173891318,-2.7214539541670413,-190.08942673435004,112.60101891297859,-34.725470070279826
16.33,-3.6361317422389194,-5.6074929021549025,-3.101998959896161,-191.31824914255628,116.23589242385626,-36.21228618649485
16.34,-3.4564340244590546,-5.499051289385539,-3.4349758399091406,-192.39346874973674,119.41640674587421,-37.513250288182995
16.35,-3.299198521401673,-5.404164878212347,-3.726330609920498,-193.33428590601966,122.19935677763993,-38.651593877160124
16.36,-3.161617456226464,-5.321139268435804,-3.9812660336804355,-194.1575009177672,124.63443805543494,-39.64764451751511
16.37,-3.041234024198156,-5.248491859881328,-4.2043345294703816,-194.8778140530463,126.76513417350557,-40.51918882782572
16.38,-2.9358985211733866,-5.184925377396162,-4.399519463286584,-195.50808804641554,128.62949327681739,-41.28179009934751
16.39,-2.8437299560267135,-5.129304705221642,-4.570306280375761,-196.0595777906136,130.2608074922152,-41.94906621192907
16.4,-2.7630824615233744,-5.0806366170689365,-4.719744745328791,-196.5421313167869,131.6882074306883,-42.53293281043794
16.41,-2.6925159038329527,-5.0380520399353195,-4.850503402162692,-196.96436565218855,132.93718237685226,-43.0438160841332
16.42,-2.630770165853834,-5.000790534943404,-4.964917226892355,-187.66069507066499,143.28753557974574,-45.22771382361655
16.43,-2.576742645122105,-4.9681867180754775,-5.065029323530811,-179.51998331183185,152.34409463227752,-47.138624345664475
16.44,-2.5294685644818418,-4.939658378316043,-5.15262740808946,-172.39686052285288,160.26858380324282,-48.810671052456414
16.45,-2.4881037439216116,-4.914696081026538,-5.2292757320782774,-166.16412808249626,167.20251182783747,-50.27371192089936
16.46,-2.45190952593141,-4.89285407089822,-5.2963430155684925,-160.71048719718422,173.26969884935778,-51.55387268078694
16.47,-2.011173335189984,-4.223251687035942,-4.16270001362243,-155.9385514225362,178.57848749318805,-52.67401334568857
16.48,-1.625529168291236,-3.6373496011564495,-3.1707623869196264,-151.76310761971916,183.22367755653954,-53.654136427477496
16.49,-1.2880905222548316,-3.124685276011893,-2.302816963554673,-148.10959429225426,187.2882188619721,-54.51174412404281
16.5,-0.9928317069729776,-2.676103991510406,-1.543364718110339,-144.91277013072246,190.84469250422558,-55.26215085853745
16.51,-0.7344802436013554,-2.283595367571605,-0.8788440033465466,-142.11554898938215,193.95660694119738,-55.91875675122027
16.52,-0.508422713151186,-1.9401503216251546,-0.2973883779282282,-139.66798049070937,196.6795320735477,-56.49328690731774
16.53,-0.31062237400728776,-1.6396359064220103,0.2113852943128003,-137.5263580543707,199.06209156435423,-56.99600079390302
16.54,-0.1375470772563768,-1.376685793119259,0.6565622575237002,-135.65243842257436,201.14683111880996,-57.43587544466514
16.55,0.013893807400670297,-1.1466044439793517,1.0460921003332377,-134.01275874475257,202.9709782289587,-57.820765764082
16.56,0.1464045814755865,-0.9452832634819328,1.386930712791583,-132.5780390266585,204.56710695033885,-58.157544793571745
16.57,0.26235150879113817,-0.7691272305466912,1.685164498692635,-131.3226592733262,205.96371958154648,-58.45222644437528
16.58,0.3638050701922459,-0.6149907017283548,1.9461190613560555,-90.72232711416042,195.62262950885318,-55.183823388828365
16.59,0.45257693641821517,-0.4801212390123104,2.1744543036865487,-55.19703647489037,186.57417569524654,-52.32397071522482
16.6,0.5302523193659383,-0.3621104591357716,2.3742476407257302,-24.112407165529074,178.65677860834072,-49.82159962582171
16.61,0.598218279445196,-0.25885102674380017,2.549066810635014,3.08664348016206,171.72905615729812,-47.632024922594
16.62,0.6576884945145465,-0.16849902340082515,2.7020335843056373,26.885812795141803,165.66729901263585,-45.71614705726975
16.63,0.7097249327002281,-0.089441020475722,2.8358795112674327,47.71008594574907,160.36326151105638,-44.039753925111036
16.64,0.2632139411126996,0.5717138570837433,2.456209322359004,65.93132495253043,155.72222869717433,-42.57290993447216
16.65,-0.1274831765263879,1.1502243749482755,2.1239979070641284,81.87490908346413,151.66132498502753,-41.28942144266314
16.66,-0.46934315446058944,1.6564210780797413,1.8333129186811123,95.82554519803112,148.1080342368991,-40.16636901233025
16.67,-0.7684706351530157,2.0993431933197737,1.5789635538459732,108.03235179827723,144.9989048322867,-39.183698135788966
16.68,-1.0302071807588888,2.486900044154802,1.3564078596152265,118.71330757349259,142.27841660325086,-38.323861118815344
16.69,-1.2592266581640277,2.826012288635452,1.1616716271633232,128.05914387680602,139.8979894028445,-37.57150372896343
16.7,-1.4596187008935242,3.1227355025560204,0.9912774237679078,136.23675064220527,137.81511560248893,-36.913191012843
16.71,-1.6349617382818338,3.3823683147365182,0.8421824957969193,143.3921565619296,135.9926010271778,-36.337167386237624
16.72,-1.7883868959966045,3.6095470253944537,0.7117244338223043,149.6531367416884,134.39790077378058,-35.83314671295792
16.73,-1.922633908997029,3.808328397220147,0.5975736295945162,155.13149439897737,133.00253805205801,-35.392128623838175
16.74,-2.0401000453724007,3.9822620975676286,0.49769167589520175,171.10755922410522,101.83034542055076,-7.916237795858404
16.75,-2.1428829147008503,4.134454085371675,0.41029496640830154,185.08661594609208,74.55467686798191,16.1251666786239
16.76,-2.232817925363244,4.267622074700215,0.3338228456072639,197.31829057783057,50.68846688448417,37.16139559379591
16.77,-2.3115110596928385,4.384144065362689,0.2669097399063559,208.02100588060176,29.80553314892365,55.568095894571414
16.78,-2.3803675522312338,4.4861008071923525,0.20836077241806145,217.38588177052657,11.532966130308195,71.67395865774999
16.79,-2.4406169832023297,4.575312956293309,0.15713042586580378,225.58014817421076,-4.455530010980331,85.76658857553124
16.8,-2.2003126103020385,4.130250711756645,-0.2449017523674217,232.75013127743443,-18.44546413460779,98.09763975358983
16.81,-1.9900462840142836,3.740821247787064,-0.596679908321494,239.02386649275513,-30.686656492781815,108.8873095343911
16.82,-1.806063248512498,3.400070466813681,-0.9044857947813072,244.51338480616073,-41.397699806184086,118.3282705925922
16.83,-1.6450780924484358,3.1019135334619707,-1.1738159454336439,249.31671333039066,-50.76986270541107,126.58911151851818
16.84,-1.5042160808923812,2.841026216779224,-1.4094798272544384,253.51962578909183,-58.97050524223469,133.81734732870342
16.85,-1.3809618207808336,2.612749814681821,-1.6156857238476336,257.19717419045537,-66.14606746195535,140.1420536626155
16.86,-1.2731143431832295,2.4130079628465935,-1.7961158833666795,260.41502904164844,-72.42468440421094,145.67617170478857
16.87,-1.1787478002853258,2.2382338424907693,-1.9539922729458445,263.2306520364424,-77.91847422868457,150.51852499169001
16.88,-1.09617707524966,2.085306487179423,-2.0921341138276137,265.6943221568871,-82.725540325099,154.75558411772877
16.89,-1.0239276908434525,1.9514950512819953,-2.213008224599162,267.8500335122762,-86.93172315946163,158.46301085301266
16.9,-0.960709479488021,1.834410044871746,-2.3187730715242667,263.24377969824167,-99.29650863952892,158.66638499638606
16.91,-0.9053935445520184,1.7319606642627778,-2.4113173125837335,259.21330761096146,-110.1156959345878,158.84433737183778
16.92,-0.8569921014830161,1.6423174562299307,-2.492293523510767,255.68664453459127,-119.58248481776432,159.00004570035804
16.93,-0.8146408387976392,1.5638796492011895,-2.563147708071921,252.60081434276736,-127.86592509054378,159.13629048781328
16.94,-0.7775834839479343,1.495246568051041,-2.625145119562931,249.90071292492144,-135.1139353292258,159.2555046768366
16.95,-0.40683167345444254,1.6569038720446607,-2.0187294796175648,247.53812418430624,-141.45594428807257,159.35981709223202
16.96,-0.08242383927263724,1.798354013039078,-1.4881157946653691,245.47085903626794,-147.0052021270635,159.451090455703
16.97,0.20143301563644242,1.9221228864091935,-1.0238288203321981,243.66200203173446,-151.86080273618057,159.5309546487401
16.98,0.44980776368188713,2.030420650608044,-0.6175777177906734,242.07925215276765,-156.109453269158,159.60083581764758
16.99,0.6671356682216512,2.125181194282039,-0.2621080030668392,240.6943460086717,-159.82702248551325,159.66198184044163
17.0,0.8572975846939448,2.208096669996784,0.0489279973165157,239.48255313258773,-163.0798955498241,159.71548461038643
17.01,1.0236892616072018,2.280647711247186,0.32108449765195124,238.42223436601427,-165.92615948109608,159.7622995340881
17.02,1.1692819789063016,2.344129872341288,0.5592214354454573,237.49445544526247,-168.41664042095908,159.8032625923271
17.03,1.2966756065430138,2.399676763298627,0.7675912560147751,236.68264888960465,-170.5958112433392,159.8391052682862
17.04,1.408145030725137,2.448280292886299,0.9499148490129281,235.97231815340405,-172.5025857129218,159.87046760975042
17.05,1.5056807768844949,2.4908083812755115,1.1094479928863121,235.35077875922855,-174.1710133738066,159.8979096585316
17.06,1.591024554773933,2.528020458616073,1.2490394937755231,220.964431539325,-154.72713682708078,144.05379582621515
17.07,1.6657003604271914,2.560581026289064,1.3711820570535826,208.3763777219094,-137.71374484869568,130.19019622293825
17.08,1.7310416903737924,2.589071523002931,1.4780567999218848,197.36183063167073,-122.82702686760872,118.05954657007096
17.09,1.7882153540770682,2.6140007076275644,1.5715721999316492,187.7241019277119,-109.80114863415763,107.44522812381209
17.1,1.8382423098174347,2.635813744174119,1.653398174940193,179.29108931174792,-98.40350517988793,98.15769948333558
17.11,1.8820158960902553,2.6549001511523542,1.7249959030726687,171.91220327277944,-88.43056715740194,90.03111192291863
17.12,2.2412572840789733,2.11682288225831,2.3549606651885853,165.45567798868203,-79.7042463877267,82.9203478075538
17.13,2.5555934985691016,1.6460052719760212,2.906179832040012,159.80621836509678,-72.06871571426086,76.69842920660957
17.14,2.8306376862479636,1.2340398629790186,3.3884966030350103,154.8629411944597,-65.38762637497825,71.25425043078337
17.15,3.071301350466968,0.8735701301066412,3.810523777655634,150.53757367015226,-59.54167320310597,66.49059400193545
17.16,3.281882056658597,0.5581591138433111,4.17979755544868,146.75287708638325,-54.426464177717726,62.322394626693516
17.17,3.4661401745762723,0.2821744746128972,4.5029121110175945,143.44126757558536,-49.95065628050301,58.67522017335683
17.18,3.6273660277542383,0.04068791528628504,4.785637347140395,140.5436092536372,-46.03432437044013,55.48394252668722
17.19,3.7684386492849584,-0.17061282412450057,5.0330219287478455,138.00815822193255,-42.60753394913512,52.69157458585132
17.2,3.8918771931243383,-0.35550097110893797,5.249483437654365,135.789638569191,-39.609092330493226,50.248252637619906
17.21,3.999885918983796,-0.5172780997203208,5.438887257947569,133.84843387304213,-36.98545591418157,48.11034593291742
17.22,4.094393554110821,-0.6588330872552807,5.604615600704123,124.66425463891186,-30.516023799908876,34.30030244130274
17.23,4.177087734846968,-0.7826937013483706,5.749627900616107,116.62809780904787,-24.855270699920265,22.2165143861399
17.24,4.249445142991098,-0.8910717386798243,5.876513663039094,109.59646058291689,-19.902111737430232,11.643199837872412
17.25,4.31275787511721,-0.9859025213448462,5.987538705159207,103.44377801005228,-15.568097645251452,2.3915496081383605
17.26,4.368156515727559,-1.0688794561767405,6.084685617014306,98.06018075879575,-11.775835314595021,-5.703644342878935
17.27,4.244101451261614,-0.533533774154648,5.125969414887518,93.34953316394629,-8.457605775270643,-12.786939050019068
17.28,4.135553269853912,-0.06510630238531695,4.287092738026578,89.22771651845301,-5.554154928361813,-18.984821918766684
17.29,4.0405736111221735,0.34476773541284766,3.5530756457732555,85.62112695364638,-3.0136354373165863,-24.40796942892085
17.3,3.957466409731902,0.7034075184862417,2.9108106900515986,82.46536108444059,-0.7906808826520129,-29.153223500305742
17.31,3.8847476085154145,1.0172173286754616,2.348828853795149,79.70406594888551,1.1544043526794887,-33.305320812767526
17.32,3.8211186574509877,1.2918009125910288,1.8570947470707555,77.28793270527483,2.8563539335945527,-36.93840596117158
17.33,3.7654433252696142,1.5320615485171503,1.426827403686911,75.17381611711548,4.345559816895234,-40.11735546602513
17.34,3.7167274096109124,1.7422896049525065,1.0503434782260472,73.32396410247604,5.64861496478333,-42.89893628277199
17.35,3.6741009834095486,1.9262391543334432,0.7209200434477914,71.70534358966654,6.788788219185414,-45.33281949742549
17.36,3.636802860483355,2.087195010041763,0.43267453801681743,70.28905064095822,7.7864398167872375,-47.462467310247305
17.37,3.6041670029229356,2.2280313837865426,0.18045972076471528,69.04979431083845,8.659384964688833,-49.325909146466394
17.38,3.5756106275575688,2.3512632108132245,-0.04022824433087413,64.67982002198364,17.814461719102727,-47.05829562815809
17.39,3.5506237991128726,2.459091059461571,-0.23333021378951485,60.85609251923569,25.825153879214888,-45.07413379963833
17.4,3.5287603242237635,2.5534404270288746,-0.40229443706582546,57.51033095433122,32.83450951931302,-43.33799219968354
17.41,3.509629783695793,2.635996123650265,-0.5501381324325972,54.58278958503982,38.96769570439889,-41.8188682997231
17.42,3.492890560733819,2.708232358193982,-0.6795013658785225,52.02119088690985,44.334233616349024,-40.489634887257715
17.43,2.9712742406420913,3.1579611884197343,-1.1979106951437073,49.779792026046124,49.029954289305394,-39.3265556513505
17.44,2.5148599605618296,3.551473914867268,-1.6515188582507436,47.81856802279036,53.138709878142215,-38.30886131993169
17.45,2.1154974654916012,3.89579755050886,-2.0484260009694006,46.102497019941566,56.73387101837444,-37.41837877994023
17.46,1.7660552823051512,4.1970807316952525,-2.3957197508482255,44.600934892448876,59.87963701607763,-36.6392065574477
17.47,1.4602933720170073,4.460703515233346,-2.699601781992197,43.28706803089277,62.63218226406792,-35.957430862766735
17.48,1.1927517005148813,4.691373450829178,-2.9654985592431724,42.137434527031175,65.04065935605944,-35.360877129920894
17.49,0.9586527379505212,4.893209644475531,-3.1981582393377757,41.13150521115227,67.148076811552,-34.838892613680784
17.5,0.7538161457067061,5.06981631391609,-3.4017354594205536,40.251317059758236,68.992067085108,-34.382156161970684
17.51,0.5745841274933678,5.2243471496765785,-3.579865526992984,39.481152427288464,70.6055585744695,-33.98251176672435
17.52,0.4177561115566969,5.359561630967007,-3.7357293361188613,38.8072583738774,72.01736362766081,-33.63282292088381
17.53,0.2805315976121098,5.477874302096131,-3.8721101691040034,38.21760107714273,73.25269304920322,-33.32684518077333
17.54,0.16046014791059604,5.581397889334115,-3.9914433979660027,25.110401317499893,60.62673141805281,-18.827239408176666
17.55,0.05539762942177154,5.671981028167351,-4.095859973220253,13.641601527812405,49.57901499079621,-6.140084357154583
17.56,-0.0365320742559499,5.751241274646432,-4.187224476567721,3.6064017118358542,39.91226311694668,4.96117631248974
17.57,-0.11697056497395616,5.820593990315628,-4.267168416996756,-5.174398127143627,31.453855227328347,14.674779398428523
17.58,-0.18735424435221165,5.881277616526175,-4.337119364872161,-12.857597986250674,24.052748323912304,23.174182098624957
17.59,-0.2489399638081852,5.934375789460403,-4.398326444263141,-19.58039786296934,17.576779783423266,30.611159461296836
17.6,-0.03682946833216205,5.072124065777852,-3.489411888730248,-25.46284775509817,11.910307310495359,37.11851465363473
17.61,0.1487672152093582,4.317653807555621,-2.694111652638967,-30.609991410710897,6.95214389668344,42.81245044693039
17.62,0.3111643133081884,3.657492331611168,-1.998223946059096,-35.11374210937203,2.6137509095980103,47.7946442660641
17.63,0.45326177414466484,3.079851040159772,-1.3893222028017091,-39.05452397070053,-1.182342954101741,52.154063857806086
17.64,0.5775970523765818,2.5744149101398004,-0.8565331774514955,-42.50270809936296,-4.5039250848390235,55.96855600058033
17.65,0.686390420829509,2.1321582963723253,-0.3903427802700585,-45.51986921194259,-7.410309449234145,59.306236625507786
17.66,0.7815846182258203,1.7451837593257848,0.017573817263698832,-48.15988518544977,-9.953395768079876,62.226707172319315
17.67,0.8648795409475927,1.4065810394100617,0.3745008401057365,-50.46989916226855,-12.178596297069891,64.7821189007794
17.68,0.9377625983291435,1.110303659483804,0.6868119850925194,-52.491161391984974,-14.125646759936155,67.01810416318197
17.69,1.0015352735380005,0.8510609520483285,0.9600842369559546,-54.25976584298685,-15.829315914944134,68.97459126778422
17.7,1.0573363643457505,0.6242235830422875,1.1991974573364603,-66.96354473761349,0.22809907442388244,66.58714248431119
17.71,1.1061623188025318,0.42574088516200165,1.4084215251694028,-78.0793512704118,14.278337190120897,64.4981247987723
17.72,1.1488850289522152,0.25206852451675144,1.5914925845232275,-87.80568198661032,26.572295541355786,62.670234323925754
17.73,1.1862674003331883,0.10010520895215752,1.7516797614578241,-96.31622136328403,37.32950909868631,61.07083015843504
17.74,1.2189769752915398,-0.03286269216686216,1.891843541275596,-103.76294331787352,46.74207096135052,59.671351513630654
17.75,1.2475978533800973,-0.14920960564600438,2.0144868486161465,-110.27882502813932,54.978062591181704,58.44680769942682
17.76,0.7269563717075851,-0.8070372799402539,1.5613183675391282,-115.98022152462191,62.18455526728399,57.37533186199847
17.77,0.271395075244137,-1.3826364949477221,1.1647959465967372,-120.96894345904417,68.49023635887349,56.43779050424866
17.78,-0.12722105916138013,-1.8862858080792568,0.8178388282721452,-125.33407515166365,74.0077073140143,55.61744181621758
17.79,-0.4760101767662076,-2.3269789570693495,0.514251349738127,-129.1535653827057,78.83549439976251,54.89963671419038
17.8,-0.7812006546704316,-2.7125854624356807,0.24861230602086112,-132.49561933486748,83.05980809979219,54.27155724991658
17.81,-1.0482423228366278,-3.0499911546312206,0.016178142768253467,-135.41991654300904,86.75608258731816,53.72198771867701
17.82,-1.2819037824820492,-3.345221135302318,-0.18720175007777823,-137.9786766001329,89.9903227639034,53.24111437884238
17.83,-1.486357559671793,-3.603547368389528,-0.36515915631805596,-140.21759165011628,92.82028291841547,52.820350206487085
17.84,-1.6652546147128189,-3.829582822340837,-0.520871886778299,-142.17664231885175,95.29649805361353,52.4521815556762
17.85,-1.8217895378737166,-4.0273638445482325,-0.6571205259310117,-143.89081165399529,97.46318629691184,52.130033986216674
17.86,-1.958757595639502,-4.200422238979703,-0.7763380851896352,-149.72633469724587,93.95153850979786,49.07440473793959
17.87,-2.078604646184564,-4.35184833410724,-0.8806534495409308,-154.83241736009015,90.87884669607313,46.40072914569714
17.88,-2.1834708154114937,-4.484346167343835,-0.9719293933483144,-159.30023969007888,88.19024135906399,44.061263002485
17.89,-2.275228713485057,-4.6002817714258555,-1.0517958441797752,-163.20958422881904,85.83771168918099,42.01423012717437
17.9,-2.355516874299425,-4.7017254249976235,-1.1216789886573033,-166.63026070021667,83.77924822803337,40.22307636127758
17.91,-2.425769015011997,-4.79048862187292,-1.1828267400751404,-169.6233526126896,81.9780926995292,38.655816816117884
17.92,-2.669044263135497,-5.020404294138805,-1.2829690225657477,-172.2423080361034,80.40208161208805,37.28446471410315
17.93,-2.88191010524356,-5.2215805073714545,-1.3705935197450292,-174.53389403159048,79.02307191057704,36.08453162484026
17.94,-3.068167717088115,-5.397609693950022,-1.4472649547769005,-176.53903177764167,77.81643842175491,35.034590171735225
17.95,-3.2311431274521007,-5.551635232206269,-1.514352460429788,-178.29352730543647,76.76063411903554,34.11589140026832
17.96,-3.3737466115205885,-5.686407578180486,-1.5730540278760645,-179.8287108922569,75.8368053541561,33.31202997523478
17.97,-3.4985246600805153,-5.804333380907925,-1.6244178993915563,-181.1719965307248,75.02845518488658,32.60865122833043
17.98,-3.6077054525704506,-5.907518458294435,-1.6693612869676118,-182.34737146438422,74.32114878677577,31.99319482478913
17.99,-3.7032386459991447,-5.99780540100763,-1.7086867510966604,-183.3758245313362,73.70225568842879,31.454670471690488
18.0,-3.786830190249252,-6.076806475881677,-1.7430965322095777,-184.2757209649192,73.1607242273752,30.983461662729177
18.01,-3.8599727914680955,-6.145932416396468,-1.7732050906833805,-185.0631303443043,72.6868841989533,30.57115395488803
18.02,-3.923972567534584,-6.206417614346909,-1.799550079347958,-184.94711430126628,78.87852442408413,21.932884460527028
18.03,-3.979972371592761,-6.259342162553546,-1.8226019444294632,-184.845600263608,84.29620962107361,14.374398652961151
18.04,-4.028972200143666,-6.305651142234353,-1.8427723263757803,-184.75677548065698,89.03668416843942,7.760723571341008
18.05,-4.071847050125707,-6.346171499455059,-1.8604214105788077,-184.67905379557487,93.18459939738449,1.9737578749233817
18.06,-4.109362543859993,-6.3816268120231765,-1.8758643592564568,-184.611047321128,96.81402522271142,-3.089837109442041
18.07,-4.142188600877494,-6.41265021052028,-1.8893769393493995,-184.55154165598702,99.9897728198725,-7.520482720761786
18.08,-4.273977900767807,-5.991773934205244,-2.3012324469307246,-184.49947419898865,102.76855196738843,-11.397297630666563
18.09,-4.389293538171831,-5.623507192429589,-2.661606016064384,-184.45391517411508,105.19998372146487,-14.789510676833242
18.1,-4.490194720900352,-5.30127379337589,-2.9769328890563362,-184.4140510273507,107.32748650628177,-17.757697092229087
18.11,-4.578483255787807,-5.019319569203904,-3.2528439029242944,-184.37916989893185,109.18905144299656,-20.35486020570045
18.12,-4.655735723814331,-4.772609623053416,-3.4942660400587577,-184.34864891156536,110.817920762622,-22.627377929987894
18.13,-4.72333163333754,-4.556738420171739,-3.705510410051413,-184.3219430476197,112.24318141729425,-24.615830938739407
18.14,-4.7824780541703475,-4.367851117650272,-3.8903492337949865,-184.29857541666723,113.49028449013247,-26.35572732139698
18.15,-4.834231172399054,-4.202574727943988,-4.052083204570613,-184.27812873958382,114.58149967886591,-27.878136656222356
18.16,-4.879515150849172,-4.057957886950989,-4.193600428999287,-184.26023789713585,115.53631296900767,-29.21024482419456
18.17,-4.919138631993025,-3.9314181510821156,-4.317428000374376,-184.24458340999388,116.37177459788171,-30.37583947117024
18.18,-4.9538091779938975,-3.820695882196851,-4.425777125327579,-180.16650985874463,118.37155214814649,-28.64823466227396
18.19,-4.98414590574466,-3.7238138969222443,-4.5205826096616315,-176.59819550140156,120.12135750462818,-27.136580454489717
18.2,-5.010690542526578,-3.6390421598069636,-4.603537408453928,-173.47592043872638,121.65243719154967,-25.813883022678503
18.21,-5.033917099710756,-3.564866889831093,-4.6761228573971865,-170.74392975888557,122.99213191760596,-24.65652276984369
18.22,-5.054240337246911,-3.499963528602206,-4.739635125222538,-168.35343791402488,124.16436480290521,-23.64383254861323
18.23,-5.072023170091048,-3.4431730875269304,-4.795208359569721,-166.26175754977177,125.19006857754206,-22.757728605036576
18.24,-4.1484303988296665,-3.471526951586064,-4.315115939623507,-164.4315372310503,126.0875593803493,-21.982387654407006
18.25,-3.340286723975958,-3.496336582637806,-3.895035072170568,-162.83009445216902,126.87286383280565,-21.30396432260613
18.26,-2.6331610084789636,-3.51804500980808,-3.527464313149247,-161.4288320206479,127.56000522870494,-20.710343907280365
18.27,-2.014426007419093,-3.5370398835820698,-3.2058398990055914,-160.2027273930669,128.16125395011682,-20.19092604387032
18.28,-1.4730328814917066,-3.553660398134311,-2.9244185366298923,-159.12988584393355,128.68734658135222,-19.73643541338653
18.29,-0.9993138963052434,-3.568203348367522,-2.6781748445511555,-158.19114948844185,129.14767763368317,-19.338756111713217
18.3,-0.584809784267088,-3.5809284298215815,-2.462711613982261,-157.36975517738662,129.55046730447276,-18.990786722749064
18.31,-0.222118686233702,-3.5920628760938835,-2.2741812872344784,-156.6510351552133,129.90290826641368,-18.68631350740543
18.32,0.09523602454551072,-3.601805516582148,-2.109217251330169,-156.02215513581163,130.21129410811196,-18.41989944397975
18.33,0.37292139647732186,-3.6103303270093794,-1.9648737199138977,-155.4718851188352,130.48113171959795,-18.186787138482284
18.34,0.6158960969176566,-3.617789536133207,-1.8385731299246604,-138.32602460398078,138.25974075464822,-19.264688746172
18.35,0.8284989598029495,-3.624316344116556,-1.7280601136840779,-123.32339665348317,145.0660236603172,-20.2078526529005
18.36,1.014526464827581,-3.630027301101986,-1.631361224473568,-110.19609719679777,151.02152120277754,-21.033121071287937
18.37,1.1773005317241334,-3.6350243884642377,-1.5467496964143719,-98.70971017219804,156.23258155243036,-21.755230937376943
18.38,1.3197278402586168,-3.6393968399062078,-1.4727146093625754,-88.65912152567329,160.79225935837655,-22.387077070204825
18.39,1.4443517352262898,-3.6432227349179316,-1.4079339081922533,-79.86485645996412,164.78197743857947,-22.93994243642922
18.4,1.4619608933230035,-2.6299402680531903,-0.18200291966822157,-72.1698745274686,168.27298075875706,-23.423699631875568
18.41,1.477368906657628,-1.7433181095465415,0.8906866952903061,-65.43676533653502,171.32760866391243,-23.846987177891123
18.42,1.4908509183254246,-0.9675237208532239,1.8292901083790178,-59.54529479446814,174.00040808092336,-24.217363780654733
18.43,1.5026476785347465,-0.2887036307465709,2.6505680948316406,-54.390258070159625,176.33910757080795,-24.541443308072893
18.44,1.512969843717903,0.30526394809675045,3.3691863329776854,-49.87960093638967,178.38546962445696,-24.82501289456378
18.45,1.5220017382531652,0.8249855795846566,3.997977291355475,-45.93277594434096,180.17603642139983,-25.07313628274331
18.46,1.5299046459715195,1.2797420071365746,4.5481693799360405,-42.47930407629834,181.74278236872485,-25.290244247400395
18.47,1.5368196902250795,1.6776538812445028,5.029587457444036,-39.45751619176105,183.11368507263424,-25.480213716475347
18.48,1.5428703539469444,2.0258267710889397,5.450828275263531,-36.81345179279092,184.31322493855495,-25.646437001915928
18.49,1.5481646847035762,2.330478049702822,5.819413990855589,-34.499895443692054,185.3628223212356,-25.791882376676437
18.5,1.5527972241156291,2.5970479184899693,6.141926491998641,12.648218486769455,159.08621940608114,-17.803522079591882
18.51,1.5568506961011754,2.830296553678723,6.424124930498811,53.90281817592327,136.094191855321,-10.813706819642896
18.52,1.5603974840885284,3.034389109468883,6.67104856418646,90.00059290393287,115.97616774840586,-4.6976184671875325
18.53,1.5635009235774622,3.2129700957852725,6.887106743663152,121.58614579094126,98.37289665485513,0.6539588412109092
18.54,1.5662164331302793,3.3692284588121133,7.076157650705257,149.2235045670736,82.97003444799823,5.336588986059546
18.55,1.5685925039889943,3.505954526460599,7.2415771943671,173.40619349618942,69.49253001699844,9.433890362802103
18.56,0.9066330659903699,3.351447585653024,5.685462045071213,194.56604630916576,57.699713639873636,13.01902906745184
18.57,0.32741855774157363,3.216254012446396,4.323861289437311,213.08091752052002,47.38099930988943,16.15602543402036
18.58,-0.17939413697612305,3.0979596358905965,3.1324606282576477,229.281429830455,38.35212427115325,18.900897254767816
18.59,-0.6228552448541076,2.994452056404272,2.089985049725442,243.45687810164816,30.451858612259098,21.30266009792184
18.6,-1.0108837142473441,2.903882924353738,1.1778189185097618,255.8603953389421,23.539126160726713,23.404202585681613
18.61,-1.3504086249664262,2.8246349338095205,0.3796735536960417,266.71347292157435,17.490485265635876,25.243052262471412
18.62,-1.647492921845623,2.7552929420833303,-0.3187036405159635,276.2099158063776,12.197924482431393,26.852045729662485
18.63,-1.90744168161492,2.694618699322914,-0.9297836854514681,284.5193033305804,7.5669337971274695,28.259915013454677
18.64,-2.134896846413055,2.6415287369075497,-1.4644787247700344,291.7900174142578,3.514816947486536,29.491800636772844
18.65,-2.333920115611423,2.595075019794106,-1.9323368841737802,298.1518922374756,-0.030785295949280922,30.56970055717624
18.66,-2.508065476159995,2.5544280173198426,-2.3417127736520578,295.54603033279113,-22.39631213395562,49.48098823752921
18.67,-2.660442666639996,2.518861890154862,-2.6999166769455503,293.2659011661923,-41.96614811721117,66.02836495783805
18.68,-2.7937727083099966,2.487741528885504,-3.0133450923273566,291.2707881454183,-59.08975460255978,80.50731958810829
18.69,-2.910436494771247,2.460511212774816,-3.287594955786437,289.525064252241,-74.07291027723981,93.17640488959475
18.7,-3.012517307924841,2.436684686177964,-3.527563586313132,287.9975558457109,-87.18317149258485,104.2618545283954
18.71,-3.101838019434236,2.4158364754057184,-3.7375361380239904,286.6609859899971,-98.65465005601175,113.96162296234598
18.72,-2.3948922670049564,2.3243267909800034,-3.2404121207709915,285.49148736624744,-108.69219379901028,122.44892034205274
18.73,-1.776314733629337,2.244255817107503,-2.8054286056746176,284.46817607046654,-117.475044574134,129.87530554929617
18.74,-1.2350593919256698,2.174193714969065,-2.4248180299652904,283.57277868665824,-125.16003900236726,136.37339260563414
18.75,-0.7614609679349611,2.112889375597932,-2.091783776219629,282.789305975826,-131.88440912707134,142.0592187799299
18.76,-0.34706234694309096,2.0592480786481904,-1.8003788041921753,282.10376735384773,-137.76823298618743,147.03431668243866
18.77,0.015536446424795403,2.0123119438171666,-1.5453994536681535,281.5039210596168,-142.916578862914,151.3875273471338
18.78,0.332810390621696,1.9712428258400208,-1.3222925219596342,280.9790555521647,-147.42138150504977,155.1965866787421
18.79,0.610425091793984,1.9353073476100182,-1.12707395671468,280.5197982331441,-151.36308381691853,158.52951359389937
18.8,0.853337955319736,1.9038638041587659,-0.9562577121253449,280.1179480790011,-154.8120733398037,161.44582464466197
18.81,1.065886710904769,1.8763507036389202,-0.8067934981096768,279.766329194126,-157.82993917232824,163.9975968140792
18.82,1.2518668720416728,1.8522767406840552,-0.6760123108459672,257.19428829486026,-138.5999467757872,151.5128970873193
18.83,1.4145995130364637,1.8312120230985485,-0.5615787719902213,237.44375250800275,-121.7737034288138,140.58878482640438
18.84,1.5569905739069057,1.81278039521123,-0.46144942549144363,220.1620336945024,-107.05074050021207,131.03018659810382
18.85,1.6815827521685425,1.7966527208098262,-0.37383624730501314,205.0405297326896,-94.16814793768556,122.66641314834085
18.86,1.7906009081474745,1.782541005708598,-0.2971747163918865,191.8092137661034,-82.89587944547486,115.34811137979824
18.87,2.04217579462904,1.614135379995023,0.47499562315709937,180.2318122953405,-73.0326445147905,108.94459733232347
18.88,2.26230382030041,1.4667804574956451,1.150644670262462,170.10158600842294,-64.4023139504417,103.34152254078303
18.89,2.454915842762859,1.3378449003086894,1.7418375864796543,161.23763800737007,-56.850774706636486,98.43883209818516
18.9,2.6234513624175015,1.2250262877701033,2.2591313881696973,153.4816835064488,-50.24317786830693,94.14897796091202
18.91,2.770919942115314,1.1263100017988403,2.7117634646484854,146.6952233181427,-44.461530634768565,90.39535559079802
18.92,2.8999549493509,1.0399332515739852,3.107816531567425,140.75707065337485,-39.402589305422495,87.11093601694827
18.93,3.0128605806820374,0.9643535951272371,3.4543629651214967,135.561187071703,-34.97601564224468,84.23706888982974
18.94,3.111653008096783,0.8982213957363324,3.7575910944813096,131.01478893774012,-31.1027636869641,81.72243515360103
18.95,3.198096382084685,0.8403557212692909,4.022915707671146,127.03669057052261,-27.71366822609359,79.5221306344009
18.96,3.273734334324099,0.7897232561106295,4.255074744212253,123.55585449920729,-24.74820969783189,77.59686418010078
18.97,3.3399175425335867,0.7454198490968008,4.458213901185722,120.51012293680638,-22.153433485602903,75.91225603258819
18.98,3.3978278497168883,0.7066543679597007,4.635960663537507,104.09885756970559,-49.33550467490254,53.582599028514664
18.99,3.448499368502277,0.6727345719647382,4.791489080595319,89.73900037349239,-73.11981696553971,34.04414914995033
19.0,3.4928369474394927,0.643054750469146,4.927576445520904,77.17412532680584,-93.93109021984725,16.94800550620654
19.01,3.531632329009556,0.6170849066605028,5.04665288983079,66.17985966095512,-112.14095431736635,1.9888798179307212
19.02,3.5655782878833615,0.59436129332794,5.150844778601941,56.55987720333573,-128.07458540269556,-11.100355159310618
19.03,4.656361001897942,0.5772426316619474,4.859179056276698,48.142392552918764,-142.0165126023586,-22.553435764396788
19.04,5.610795876660699,0.562263802704204,4.60397154924211,40.777093483803924,-154.21569890206376,-32.574881293847184
19.05,6.445926392078111,0.5491573273661784,4.380664980586846,34.33245679832844,-164.8899869143058,-41.34364613211629
19.06,7.176665593068347,0.5376891614454061,4.18527173301349,28.69339969853738,-174.22998892501758,-49.016315365601756
19.07,7.8160623939348035,0.5276545162647304,4.014302641386804,23.759224736220208,-182.4024906843904,-55.72990094490153
19.08,8.375534594692954,0.518874201731639,3.8647046862134533,19.441821644192682,-189.5534297238416,-61.60428832678883
19.09,8.865072770356335,0.5111914265151841,3.7338064754367717,15.664093938668596,-195.81050138336138,-66.74437728594023
19.1,9.293418674061794,0.5044689982007861,3.6192705410071753,12.358582196335021,-201.2854390854412,-71.2419551251977
19.11,9.66822133980407,0.4985868734256878,3.5190515983812785,9.466259421793144,-206.07600957476106,-75.177335734548
19.12,9.996173672328563,0.49344001424747685,3.431360023583619,6.935476994069001,-210.26775875291594,-78.6207937677295
19.13,10.283131963287492,0.4889365124665423,3.3546298956356666,4.721042369810376,-213.93553928380143,-81.6338195467633
19.14,10.534220467876555,0.4849959484082245,3.287491033681208,8.479661948584079,-167.73797212332624,-78.94146747841789
19.15,10.753922909391985,0.4815479548571965,3.2287445294710575,11.768454080011068,-127.31510085791047,-76.58565941861566
19.16,10.946162545717986,0.47853096050004695,3.1773413382871754,14.646147195009686,-91.94508850067166,-74.5243273662887
19.17,11.114372227503239,0.47589109043754113,3.1323635460012786,17.164128670633474,-60.9963276880877,-72.72066182050261
19.18,11.261555699065333,0.4735812041328485,3.093007977751119,19.36736246180429,-33.91616197707674,-71.14245446793979
19.19,11.390341236682168,0.4715600536162424,3.058571855532229,21.295192029078752,-10.22101697994215,-69.76152303444731
19.2,9.756099082096899,1.4150792969142123,2.0189963735907006,22.982042900443908,10.512234892550618,-68.55320803014139
19.21,8.326137196834788,2.240658634799936,1.109367826891863,24.45803741288842,28.653830280981786,-67.49593240137372
19.22,7.074920547230439,2.963040555449944,0.31344284853038007,25.749532611277367,44.52772624585906,-66.57081622620201
19.23,5.980105978826634,3.5951247360187013,-0.38299150753591743,26.879590909867694,58.41738521512667,-65.76133957292676
19.24,5.022143231473304,4.148198394016363,-0.9923715690939278,27.868391921134233,70.57083681323584,-65.05304750131091
19.25,4.183925827539141,4.632137844764318,-1.5255791229571867,28.733592805992455,81.20510696158136,-64.43329193864705
19.26,3.450485599096748,5.055584864168779,-1.9921357325875384,29.490643580243397,90.5100933413837,-63.89100582131617
19.27,2.808725399209654,5.4261010061476815,-2.400372766014096,30.153063007712973,98.65195642371073,-63.41650546865165
19.28,2.2471852243084474,5.750302630379221,-2.757580170262334,30.73268000674885,105.77608662074688,-63.0013176600702
19.29,1.7558375712698915,6.033979051581818,-3.0701366489795423,31.239844880905242,112.00970054315351,-62.63802832756143
19.3,1.325908374861155,6.282195920134091,-3.3436235678570996,21.367364270792084,102.80348822525933,-46.819525036616255
19.31,0.9497203280035107,6.49938568011733,-3.582924621874962,12.728943736943073,94.74805244710191,-32.97833465703923
19.32,0.6205557870030718,6.689426720102664,-3.7923130441405917,5.170325769825188,87.69954614121417,-20.867293074909323
19.33,0.3325368136276878,6.855712630089831,-3.9755279136230177,-1.4434649514029614,81.53210312356241,-10.270131690545657
19.34,0.08052021192422681,7.0012128013286015,-4.13584092442014,-7.230531832477592,76.13559048311711,-0.9976154792274503
19.35,0.09746243543369847,6.2878230761625264,-3.6433181838676227,-12.294215353417894,71.41364192272748,7.115836205675981
19.36,0.11228688100448615,5.663607066642211,-3.2123607858841696,-16.724938434240656,67.28193693238654,14.215106429966482
19.37,0.12525827087892538,5.117418058311934,-2.8352730626486484,-20.601821129960573,63.666695065838226,20.426967876220672
19.38,0.13660823701905972,4.639502676022942,-2.505321304817567,-23.994093488715503,60.50335843260845,25.86234664169309
19.39,0.14653945739167726,4.221326716520074,-2.216613516715371,-26.962331802626068,57.73543887853239,30.618303061481456
19.4,0.15522927521771762,3.8554227519550643,-1.9639942021259496,-29.55954032729781,55.31350926871585,34.77976492879627
19.41,0.16283286581550294,3.535256782960681,-1.7429523018602058,-31.832097786385585,53.19432086012637,38.42104406269674
19.42,0.16948600758856508,3.255111560090596,-1.54954063912768,-33.820585563087384,51.34003100261057,41.60716330485964
19.43,0.17530750663999445,3.009984490079271,-1.3803054342367198,-35.56051236770146,49.717527377284256,44.39501764175219
19.44,0.18040131830999515,2.795498303819362,-1.2322246299571298,-37.08294832173878,48.29783670512373,46.83439018653317
19.45,0.18485840352124577,2.6078228908419416,-1.1026539262124884,-38.415079781521435,47.05560736698327,48.968841163216524
19.46,0.18875835308109007,2.443606904486699,-0.9892795604359274,-46.13882005883125,54.55678119611036,54.091485892814454
19.47,0.1921708089459538,2.299917916425861,-0.8900769903814364,-52.89709280147734,61.12030829659656,58.57380003121265
19.48,0.1951567078277096,2.1741900518726283,-0.8032747415837569,-58.81058145129267,66.86339450952198,62.495824902311064
19.49,0.1977693693492459,2.0641781703885496,-0.7273227738857873,-63.984884019881086,71.88859494583173,65.92759666452218
19.5,0.20005544818059018,1.967917774089981,-0.6608648021500638,-68.51239876739595,76.28564532760277,68.93039695645692
19.51,0.2020557671580164,1.8836899273287333,-0.6027140768813058,-72.47397417147145,80.13306441165241,71.55784721189981
19.52,-0.09823695373673566,1.1920164364126418,-0.14950319227114267,-75.94035265003752,83.49955611019587,73.85686618541234
19.53,-0.36099308451964374,0.5868021318610616,0.24705633176275016,-78.97343381878284,86.44523634642138,75.8685077872358
19.54,-0.5909046989546882,0.05723961537842892,0.5940459152924064,-81.62737984143499,89.02270655311872,77.62869418883133
19.55,-0.7920773615853522,-0.4061275865438747,0.8976618008808555,-83.94958261125562,91.27799298397889,79.16885729022742
19.56,-0.9681034413871832,-0.8115738882258904,1.1633257007707485,-85.98151003484867,93.25136861098153,80.516500003949
19.57,-1.1221262612137854,-1.166339402197654,1.395781613174405,-87.75944653049258,94.97807228460883,81.69568737845539
19.58,-1.2568962285620624,-1.4767592269229475,1.5991805365276044,-89.31514096418101,96.48893799903271,82.72747633114847
19.59,-1.3748199499918046,-1.7483765735575791,1.7771545944616538,-90.6763735936584,97.81094549915363,83.63029166475492
19.6,-1.478003206242829,-1.986041751862882,1.932881895153947,-91.86745214445111,98.96770206175944,84.42025508166056
19.61,-1.5682885554624755,-2.193998782880022,2.0691432832597036,-92.90964587639472,99.97986405403952,85.11147307145299
19.62,-1.6472882360296661,-2.375961185020019,2.1883719978522405,-97.72406476684537,94.21988117228457,76.73441393752137
19.63,-1.7164129565259578,-2.535178286892517,2.2926971231207105,-101.9366812959897,89.179896150749,69.4044871953312
19.64,-1.7768970869602132,-2.6744932510309525,2.3839816077306217,-105.62272075899098,84.76990925690538,62.99080129591481
19.65,-1.8298207010901866,-2.7963938446520835,2.463855531764294,-108.8480052891171,80.9111707247922,57.37882613392546
19.66,-1.8761288634539133,-2.903056864070573,2.533745215293757,-111.67012925297746,77.53477450919317,52.468347867184775
19.67,-1.944241380522174,-3.1117642560617513,1.9198161883820377,-114.13948772135528,74.58042782054402,48.17167938378668
19.68,-2.0038398329569023,-3.2943832240540325,1.382628289834283,-116.30017638118586,71.995374467976,44.41209446081335
19.69,-2.0559884788372895,-3.4541748210472782,0.9125888786049976,-118.19077895853762,69.733452784479,41.12245765321168
19.7,-2.1016185439826285,-3.5939924684163684,0.5013043937793729,-119.84505621372041,67.75427131141912,38.24402544656023
19.71,-2.1415448509848,-3.7163329098643225,0.14143046955695127,-121.29254881200535,66.02248752249173,35.7253972657402
19.72,-2.1764803696117,-3.823380796131282,-0.17345921413766763,-122.55910483550467,64.50717670718026,33.52159760752268
19.73,-2.207048948410238,-3.9170476966148717,-0.44898768737045913,-123.66734135606659,63.181279743782724,31.593272906582346
19.74,-2.233796454858958,-3.9990062345380126,-0.6900751014491517,-124.63704831155826,62.02111990080988,29.905988793259553
19.75,-2.2572005230015884,-4.070719955220762,-0.9010265887680078,-125.48554189761347,61.00598003820865,28.42961519410211
19.76,-2.2776790826263897,-4.133469460818167,-1.0856091401720067,-126.22797378541178,60.11773265843257,27.137788294839346
19.77,-2.295597822298091,-4.188375278215895,-1.2471188726505058,-126.8776016872353,59.340516201128494,26.00743975798443
19.78,-2.3112767195108295,-4.236417868438909,-1.3884398885691926,-139.17977722633088,69.87357680098744,15.410884663236375
19.79,-2.324995754571976,-4.2784551348840445,-1.5120957774980435,-149.94418082303952,79.090004825864,6.138898955331829
19.8,-2.336999910250479,-4.315237743023539,-1.620294680310788,-159.3630339701596,87.15437934763101,-1.974088539084649
19.81,-2.347503546469169,-4.347422525145597,-1.7149687202719395,-167.60453047388964,94.21070705417713,-9.072952596699068
19.82,-2.356694228160523,-4.375584209502398,-1.797808505237947,-174.81583991465345,100.38499379740499,-15.284458647111684
19.83,-2.7792199496404573,-5.017097058314597,-2.2635946920832035,-181.12573567532178,105.78749469772937,-20.719526441222726
19.84,-3.1489299559354,-5.578420801025272,-2.6711576055728035,-186.64689446590657,110.5146829855132,-25.47521076106988
19.85,-3.4724262114434747,-6.0695790758971135,-3.0277751548762035,-191.47790840766825,114.65097273732405,-29.636434540936143
19.86,-3.75548543501304,-6.499342566409975,-3.3398155105166785,-195.70504560670972,118.27022627015855,-33.277505348319124
19.87,-4.00316225563641,-6.8753856206087285,-3.612850821702094,-199.403790655871,121.43707311138873,-36.463442304779235
19.88,-4.219879473681859,-7.204423293032638,-3.851756718989332,-202.64019257388713,124.20806409746514,-39.25113714168183
19.89,-4.4095070394716265,-7.492331256403558,-4.060799379115665,-205.47204425215125,126.632681210282,-41.6903701239716
19.9,-4.575431159537673,-7.744250724353114,-4.243711706726208,-207.94991447063236,128.75422118399675,-43.824698983475145
19.91,-4.720614764595464,-7.964680258808974,-4.403759993385432,-210.11805091180332,130.61056866099716,-45.692236735540746
19.92,-4.84765041902103,-8.157556101457851,-4.5438022442122525,-212.01517029782792,132.2348727033725,-47.32633226859815
19.93,-4.958806616643401,-8.32632246377562,-4.666339213685721,-213.67514976059945,133.65613874045093,-48.75616586002338
19.94,-5.056068289562976,-8.473993030803667,-4.773559061975006,-211.74138104052452,134.92162189789457,-54.24664487752046
19.95,-5.141172253367604,-8.60320477695321,-4.8673764292281305,-210.04933341045893,136.02891966065775,-59.050814017830405
19.96,-5.215638221696653,-8.716265054834059,-4.9494666255746145,-208.56879173415155,136.99780520307553,-63.254462015601604
19.97,-5.280795943984572,-8.815192797979801,-5.021295547377788,-207.2733177673826,137.84558005269108,-66.9326540136514
19.98,-5.3378089509865,-8.901754573232326,-5.084145853955564,-206.13977804645975,138.5873830461047,-70.15107201194498
19.99,-5.3876953321131875,-8.977496126578286,-5.1391398722111195,-205.14793079065228,139.2364606653416,-72.96718776045185
20.0,-4.683866290599039,-8.363150360756,-4.50926463818473,-204.28006444182074,139.8044035821739,-75.43128904039537
20.01,-4.068015879274159,-7.8255978156615,-3.9581238084116386,-203.52068138659314,140.30135363440218,-77.58737766034595
20.02,-3.529146769364889,-7.355239338703813,-3.475875582360184,-202.85622121326898,140.7361849301019,-79.4739552028027
20.03,-3.0576362981942777,-6.9436756713658365,-3.053908384565161,-202.27481856161035,141.11666231383916,-81.12471055245236
20.04,-2.6450646359199927,-6.583557462445107,-2.684687086494516,-201.76609124140904,141.44958002460928,-82.5691214833958
20.05,-2.2840644314299934,-6.268454029639469,-2.3616184506827014,-201.32095483623291,141.7408830215331,-83.83298104797133
20.06,-1.9681892525012443,-5.992738525934535,-2.078933394347364,-200.9314604817038,141.99577314384146,-84.93885816697491
20.07,-1.691798470938589,-5.751487460192719,-1.8315839700539434,-200.5906529214908,142.21880200086127,-85.90650064610304
20.08,-1.4499565370712653,-5.540392777668629,-1.6151532237972004,-200.29244630630444,142.41395225075362,-86.75318781534015
20.09,-1.238344844937357,-5.3556849304600505,-1.4257763208225502,-200.03151551801636,142.58470871940943,-87.49403908842262
20.1,-1.0531846143201875,-5.194065564152544,-1.2600715307197314,-177.7357010782643,148.59662050448324,-86.7772843273698
20.11,-0.891169412530164,-5.0526486186334765,-1.115079839379765,-158.22686344348125,153.85704331642282,-86.15012391144857
20.12,-0.7494061109638934,-4.928908791304292,-0.9882121094572943,-141.15663051304608,158.45991327686997,-85.6013585475175
20.13,-0.6253632220934067,-4.8206364423912555,-0.8772028457751325,-126.22017669891531,162.48742449226123,-85.12118885407781
20.14,-0.5168256943317308,-4.725898137092349,-0.780069740053241,-113.15077961155089,166.01149680572857,-84.70104037231809
20.15,-0.42185535754026443,-4.643002119955805,-0.6950782725465859,-101.71505716010702,169.0950600800125,-84.33341045077833
20.16,0.005202562152268608,-3.55216010496133,0.2951806365217373,-91.70880001509364,171.79317794501094,-84.01173426943105
20.17,0.37887824188323505,-2.5976733418411637,1.1616571819565202,-82.95332501320694,174.15403107688456,-83.73026761075216
20.18,0.7058444616478307,-1.762497424111018,1.9198241592119552,-75.29228438655606,176.21977756727398,-83.48398428440814
20.19,0.9919399039418517,-1.0317184960971408,2.5832202643104605,-68.58887383823655,178.02730574636473,-83.26848637385712
20.2,1.2422734159491202,-0.39228693408499826,3.1636918562716527,-62.72338960845698,179.60889290306915,-83.07992570212498
20.21,1.4613152389554802,0.16721568267562648,3.671604499237696,-57.59109090739987,180.9927816651855,-82.91493511435935
20.22,1.6529768340860451,0.6567804723411732,4.116028061832984,-53.10032954397489,182.2036843320373,-82.77056835006444
20.23,1.8206807298252894,1.0851496632985265,4.504898679103861,-49.170913350978026,183.26322416553265,-82.64424743130638
20.24,1.9674216385971282,1.4599727053862106,4.8451604692158785,-45.732674182105775,184.19032151984106,-82.53371662739308
20.25,2.095819933772487,1.7879428672129343,5.142889535563894,-42.72421490934256,185.00153170486092,-82.43700217396893
20.26,2.208168442050926,2.0749167588113178,5.403402468618407,-3.267436170674735,169.4800901167533,-85.09550215222282
20.27,2.3064733867945604,2.326018913959903,5.631351285041106,31.25724522565961,155.89882872715916,-87.42168963319497
20.28,2.39249021344524,2.545733299714915,5.830806499410968,61.466341447452166,144.01522501126428,-89.4571036790456
20.29,2.4677549367645852,2.7379833872505506,6.005329811984597,87.89930064152065,133.61707175985623,-91.2380909691649
20.3,2.533611569669012,2.9062022138442316,6.158037710486522,111.02813993633058,124.51868766487421,-92.7964548480193
20.31,2.5912361234603853,3.0533936871137026,6.291657121675707,131.26587431928925,116.55760158176494,-94.16002324201689
20.32,1.7733539830278375,3.3187948512244896,5.321215106466243,148.9738919043781,109.59165125904433,-95.35314558676478
20.33,1.0577071101493578,3.5510208698214285,4.472078343157963,164.46840729133083,103.4964447266638,-96.39712763841919
20.34,0.4315160963806881,3.75421863609375,3.7290836752632175,178.0261082549145,98.16313901083083,-97.3106119336168
20.35,-0.11640104066689788,3.932016681582031,3.078963340855315,189.88909659805017,93.49649650947698,-98.1099106919147
20.36,-0.5958285355835357,4.087589971384277,2.5101080482484006,200.26921139829392,89.41318432079237,-98.80929710542537
20.37,-1.0153275936355937,4.223716599961243,2.0123596672173503,209.35181184850717,85.84028615569332,-99.42126021724721
20.38,-1.3823892694311444,4.342827399966088,1.5768298338151816,217.29908724244376,82.71400026123166,-99.95672794009131
20.39,-1.7035682357522512,4.447049349970326,1.1957412295882839,224.25295321213827,79.97850010357772,-100.4252621975799
20.4,-1.9845998312832198,4.538243556224035,0.8622887008897484,230.337585935621,77.5849374656305,-100.83522967288242
20.41,-2.2305024773728173,4.618038486696031,0.5705177382785298,235.66163956866836,75.4905701574267,-101.19395121377212
20.42,-2.445667292701215,4.687859050859028,0.3152181459937136,246.8608098725848,64.15549876274837,-66.2497063120506
20.43,-2.633936506113563,4.7489520445016495,0.0918310027444994,256.6600838885117,54.23731129240482,-35.67349202304428
20.44,-2.7986720678493673,4.802408413938943,-0.10363274759856302,265.2344486524477,45.55889725585422,-8.919304520163749
20.45,-2.9428156843681963,4.849182737196576,-0.27466352914874265,272.73701782089177,37.96528497387244,14.490609544856719
20.46,-3.0689413488221717,4.890110270047003,-0.4243154630051498,279.3017658432803,31.32087422713839,34.97428435174963
20.47,-2.5777234302194003,4.446713861291128,-0.806725780129506,285.0459203628703,25.50701482374609,52.897499807780925
20.48,-2.1479077514419753,4.058742003629737,-1.1413348076133178,290.0720555675115,20.41988784577783,68.5803133318083
20.49,-1.7718190325117285,3.71926662817602,-1.434117706661653,294.4699238715725,15.968651740055602,82.30277516533226
20.5,-1.4427414034477624,3.4222256746540176,-1.6903027433289466,298.31805863762594,12.073820147548652,94.30992926966573
20.51,-1.1547984780167921,3.1623148403222654,-1.9144646504128284,301.68517655792266,8.665842504105072,104.81618911095751
20.52,-0.9028484182646932,2.934892860281982,-2.1106063191112248,304.6314047381823,5.683862066091938,114.00916647208781
20.53,-0.6823921159816067,2.7358986277467343,-2.2822302792223215,307.2093543959095,3.074629182830445,122.05302166307683
20.54,-0.4894928514839058,2.5617786742783926,-2.4324012443195313,309.4650603464208,0.7915504099766391,129.09139495519224
20.55,-0.32070599504841757,2.4094237149935935,-2.56380083877959,311.4388030531182,-1.206143516270441,135.24997158579322
20.56,-0.17301749566736535,2.2761131256193945,-2.6787754839321414,313.1658279214784,-2.9541257017366362,140.63872613756905
20.57,-0.04379005870894469,2.15946635991697,-2.7793782984406237,314.6769746812936,-4.483610114019557,145.35388637037292
20.58,0.0692839486296734,2.057400439927349,-2.867405761135546,301.7104774711319,-7.221908849767113,162.6702768240763
20.59,0.1682237050509642,1.9680927599364304,-2.9444297909936026,290.36479241224043,-9.617920243546223,177.82211847106674
20.6,0.2547959919195937,1.8899485399443765,-3.0118258171194023,280.43731798571037,-11.714430213102945,191.0799799121834
20.61,0.3305467429296445,1.8215723474513295,-3.0707973399794772,271.7507778624966,-13.548876436465077,202.68060867316046
20.62,0.3968286500634389,1.7617431790199132,-3.1223974224820426,264.1500552546845,-15.154016881906943,212.83115883901542
20.63,0.7383265688055091,1.657144531642424,-1.8045874946717873,257.49942297284895,-16.558514771668577,221.71289023413848
20.64,1.0371372477048204,1.565620715187121,-0.6515038078378138,251.68011972624282,-17.787450425210004,229.48440520487117
20.65,1.2985965917417177,1.485537375788731,0.35744441814191286,246.58822938546248,-18.86276912205875,236.28448080426227
20.66,1.527373517774003,1.4154644538151395,1.2402741158741737,242.13282533727968,-19.803672981801405,242.23454695372948
20.67,1.7275533280522528,1.354150647088247,2.012750101389902,238.23434679511973,-20.626963859076227,247.4408548345133
20.68,1.9027106620457213,1.300501066202216,2.6886665887161643,234.82317807072977,-21.347343376691697,251.99637423019914
20.69,2.055973329290006,1.253557682926939,3.280093515126644,231.83840543688856,-21.977675454605233,255.98245370142425
20.7,2.1900781631287556,1.2124822225610716,3.7975920757358135,229.2267293822775,-22.52921602277958,259.47027323874624
20.71,2.307419892737661,1.1765411947409377,4.250403316268836,226.94151283449284,-23.01181401993213,262.52211533390295
20.72,2.410093906145453,1.1450927953983203,4.646613151735232,224.94194835518124,-23.434087267440617,265.19247716716507
20.73,2.4999336678772717,1.1175754459735303,4.993296757768328,223.1923294357836,-23.803576359010542,267.5290437712694
20.74,2.5785434593926126,1.093497765226839,5.296644913047287,202.75703813131062,-17.476879314134223,237.46978842486072
20.75,2.647327026968536,1.072429794573484,5.562074548916376,184.8761582398968,-11.941019399867445,211.16793999675312
20.76,2.707512648597469,1.0539953202517984,5.794325480301829,169.2303883349097,-7.097141974884014,188.15382262215897
20.77,2.7601750675227854,1.0378651552203235,5.997545045264101,155.54033966804596,-2.858749228023513,168.0164699193891
20.78,2.8062546840824374,1.023751260817783,6.175362164606088,143.5615470845402,0.849844425479426,150.39628630446546
20.79,2.846574348572133,1.0114016032155602,6.330952144030327,133.08010357397268,4.094863872294497,134.97862564140726
20.8,3.5834251800006163,0.9798659028136151,5.862845501026536,123.9088405022261,6.934255888257685,121.48817256123135
20.81,4.228169657500539,0.9522721649619131,5.453252188398219,115.88398531444784,9.418723902225475,109.68402611607743
20.82,4.792321075312971,0.9281276443416739,5.094858039848441,108.86223702514187,11.59263341444729,99.35539797656774
20.83,5.285953565898851,0.9070011887989646,4.781263159867386,102.71820727199913,13.494804237641379,90.31784835449677
20.84,5.717881995161495,0.888515540199094,4.506867639883962,97.34218123799924,15.159203707936207,82.40999243518468
20.85,6.095819370766309,0.8723405976742071,4.266771559898467,92.63815845824934,16.615553244444182,75.49061850578659
20.86,6.426514574420521,0.8581875229649312,4.056687489911158,88.52213852596817,17.88985908888866,69.43616631756325
20.87,6.715872877617956,0.8458035825943148,3.8728639286722633,84.92062108522215,19.004876702777576,64.13852065286784
20.88,6.969061392915712,0.8349676347700253,3.7120183125882305,81.76929332456939,19.98051711493038,59.50308069625936
20.89,7.190601343801248,0.8254861804237721,3.5712783985147016,79.01188153399822,20.834202475564084,55.44707073422694
20.9,7.3844488008260925,0.8171899078708006,3.4481309737003643,70.85477134224844,23.59367729111857,39.87993689244857
20.91,7.554065325722831,0.8099306693869505,3.3403769769878187,63.71729992446738,26.008217754728747,26.2586947808925
20.92,7.702479785007478,0.8035788357135816,3.2460922298643413,57.47201243390896,28.120940660387653,14.340107933280937
20.93,7.832342436881543,0.7980209812493838,3.1635930761312987,52.00738587967034,29.969573202839197,3.9113444416208196
20.94,7.94597225727135,0.7931578585932108,3.0914063166148864,47.22583764471155,31.587126677484296,-5.213823613581783
20.95,6.663281850112432,1.4546665012690594,2.2144446520380257,43.041982939122605,33.00248596779876,-13.198345661884062
20.96,5.5409277438483775,2.0334865636104267,1.4471031955332725,39.38111007173228,34.24092534682392,-20.184802454148553
20.97,4.55886790086733,2.539954118159123,0.7756794210916134,36.177846312765745,35.32455980347093,-26.297952147379984
20.98,3.699565538258914,2.9831132283892328,0.18818361845516168,33.37499052367003,36.27273995303707,-31.646958128957486
20.99,2.94767597097655,3.3708774498405787,-0.32587520885173354,30.922491708211275,37.10239758390743,-36.3273383628378
21.0,2.2897725996044813,3.7101711436105065,-0.7756766827452668,28.776555244684864,37.82834801091901,-40.42267106748308
21.01,1.714107149653921,4.007053125659193,-1.1692529724021083,26.898860839099257,38.463554634554136,-44.0060871840477
21.02,1.2103998809471808,4.266824859951794,-1.5136322258518446,25.25587823421185,39.01936043023487,-47.14157628604174
21.03,0.7696560208287831,4.49412512745782,-1.814964072620364,23.818268454935367,39.50569050145551,-49.885129250286525
21.04,0.3840051432251852,4.693012861525592,-2.0786294385428183,22.560359898068445,39.93122931377358,-52.285738094000706
21.05,0.04656062532203703,4.867039628834894,-2.309336633724966,21.45968991080989,40.30357577455188,-54.38627083225062
21.06,-0.2487033278432176,5.019313050230531,-2.511205429509345,19.92347867195865,34.3643788027329,-43.733611728219294
21.07,-0.5070592868628154,5.1525522939517145,-2.6878406258206766,18.579293837963817,29.167581452391286,-34.41253501219189
21.08,-0.7331207510049635,5.269136632207751,-2.842396422593092,17.40313210821834,24.620383770842373,-26.256592885667903
21.09,-0.9309245321293431,5.371147928181783,-2.9776327447689557,16.373990594691048,20.641585799487075,-19.120143524959413
21.1,-1.1040028406131752,5.46040781215906,-3.0959645266728364,15.473491770354666,17.16013757455119,-12.875750334339486
21.11,-0.8626087355365284,5.440488460639177,-3.161970960838732,14.685555299060333,14.113870377732292,-7.41190629254705
21.12,-0.6513888935944623,5.42305902805928,-3.2197265907338903,13.996110886677792,11.448386580515756,-2.6310427559786684
21.13,-0.4665715318951545,5.40780827455187,-3.270262766892154,13.392847025843068,9.116088257951287,1.552212838518665
21.14,-0.30485634040826015,5.394463865232886,-3.314481921030635,12.864991147612685,7.075327225707375,5.212561483703832
21.15,-0.1633555478572276,5.382787507078776,-3.353173680901806,12.4031172541611,5.289661322493953,8.415366548240852
21.16,-0.03954235437507414,5.372570693693929,-3.3870289707890806,11.998977597390962,3.7272036571822085,11.217820979710746
21.17,0.06879418992181013,5.363630981982187,-3.4166523494404455,11.645355397717092,2.3600532000344323,13.669968607246902
21.18,0.16358866618158388,5.355808734234413,-3.4425728057603897,11.335935973002455,1.1637965500301282,15.81559778134104
21.19,0.2465338329088859,5.348964267455111,-3.4652532050403413,11.065193976377149,0.1170719812763622,17.69302330867341
21.2,0.31911085379527515,5.342975359023223,-3.485098554410299,10.828294729330006,-0.7988120163831831,19.335770645089234
21.21,0.38261574707086576,5.3377350641453205,-3.5024632351090115,10.621007888163755,-1.6002105143352852,20.77317456445308
21.22,0.4381825286870075,5.333149806127155,-3.517657330720385,-0.7559932228567146,-0.0264342000433746,23.925277743896444
21.23,0.4868034626011316,5.32913770536126,-3.530952164380337,-10.710869194999624,1.3506200749620472,26.683368025909388
21.24,0.5293467797759901,5.325627117191102,-3.542585143832795,-19.421385670624673,2.555542565591791,29.096697022670718
21.25,0.5665721823039913,5.322555352542214,-3.5527640008536956,-27.043087586796588,3.6098497448928173,31.208359894836878
21.26,0.5991444095159923,5.319867558474437,-3.5616705007469838,-33.712076763447016,4.532368526781215,33.05606490798227
21.27,0.2698627333264933,4.131301238665133,-3.3991363131536105,-39.54744229301614,5.339572460933563,34.67280679448449
21.28,-0.01825873333931835,3.0913057088319915,-3.256918899009409,-44.65338713138912,6.045875903316868,36.08745594517393
21.29,-0.27036501667190355,2.1813096202279922,-3.1324786616332325,-49.12108886496547,6.66389141540226,37.32527395202719
21.3,-0.49095801458791555,1.3850630426994932,-3.0235934539290783,-53.030327881844784,7.204654988476977,38.40836470802379
21.31,-0.6839768877644261,0.6883472873620566,-2.9283188971879435,-56.45091202161419,7.677823114917356,39.35606911952082
21.32,-0.8528684017938728,0.07872100144179961,-2.8449536600394505,-59.443923143912414,8.091845225552685,40.185310479580714
21.33,-1.0006484765696386,-0.4547019987384253,-2.772009077534519,-62.06280787592336,8.454114572358598,40.910896669633125
21.34,-1.1299560419984338,-0.9214471238961222,-2.708182567842704,-64.35433201643295,8.771100250813774,41.545784585928985
21.35,-1.2431001617486295,-1.3298491084091069,-2.6523343718623655,-66.35941563937882,9.048462719462051,42.101311512687865
21.36,-1.342101266530051,-1.6872008448579685,-2.6034672003795696,-68.11386380945648,9.291154879529294,42.58739757360188
21.37,-1.4287272332137946,-1.9998836142507224,-2.5607084253321233,-69.64900595827442,9.503510519588131,43.01272287690165
21.38,-1.5045249540620702,-2.273481037469382,-2.5232944971656077,-83.18100621349012,9.886196704639614,38.20050751728894
21.39,-1.5708479598043115,-2.5128787827857093,-2.4905573100199065,-95.02150643680386,10.221047116559662,33.98981907762782
21.4,-1.6288805898287726,-2.7223518099374955,-2.461912271267418,-105.38194413220339,10.514041226989704,30.30546669292434
21.41,-1.679659141100176,-2.9056407086953087,-2.4368478623589906,-114.44732711567795,10.77041107361599,27.081658356308797
21.42,-1.724090373462654,-3.066018495108395,-2.4149165045641166,-122.37953722621822,10.994734689413992,24.260826061770196
21.43,-1.7629677017798222,-3.2063490582198453,-2.3957265664936016,-129.32022107294094,11.191017853237243,21.79259780404892
21.44,-2.0188072390573444,-3.823450925942365,-2.4308578706819017,-135.3933194388233,11.362765621582588,19.632898078542805
21.45,-2.2426668341751763,-4.36341506019957,-2.4615977618466642,-140.7072805089704,11.513044918884765,17.743160818724952
21.46,-2.438543979903279,-4.835883677674623,-2.4884951666158313,-145.3569964453491,11.64453930402417,16.08964071638433
21.47,-2.6099364824153692,-5.249293717965295,-2.5120303957888526,-149.42549788968046,11.759596891021149,14.642810626836289
21.48,-2.759904922113448,-5.611027503219633,-2.5326237213152463,-152.9854366534704,11.860272279643505,13.376834298481752
21.49,-2.891127306849267,-5.927544565317179,-2.5506428811508406,-156.10038307178658,11.948363244688066,12.269105011171533
21.5,-3.0059468934931086,-6.204496994652532,-2.566409646006986,-158.82596118781325,12.025442839102057,11.299841884775091
21.51,-3.10641403180647,-6.446830370320965,-2.580205565256113,-161.2108420393366,12.0928874842143,10.451736649178205
21.52,-3.1943227778306613,-6.658872074030844,-2.592276994599099,-163.29761278441953,12.151901548687512,9.70964456803093
21.53,-3.271242930601829,-6.844408564776988,-2.6028394952742118,-165.1235371863671,12.203538855101574,9.060313997027064
21.54,-3.3385480642766003,-7.006752994179864,-2.6120816833649356,-173.83496903807122,21.987471623213878,11.865274622398681
21.55,-3.3974400562420253,-7.148804369907381,-2.620168597944319,-181.45747190831233,30.548412795312146,14.319615169598846
21.56,-3.448970549211772,-7.2730993236689585,-2.6272446482012795,-188.1271619197733,38.03923632089813,16.46716314839899
21.57,-3.4940597305603007,-7.3818574082103385,-2.6334361921761196,-193.96314067980165,44.593706905785865,18.346267629849116
21.58,-3.533512764240263,-7.477020732184046,-2.6388537931541047,-199.06962209482646,50.32886866756263,19.990484051117978
21.59,-3.56803416871023,-7.560288640661041,-2.6435941940098417,-203.53779333297317,55.347135209117305,21.42917341972823
21.6,-3.6935767726214515,-7.65510281057841,-2.6990961697586116,-207.44744316635152,59.73811843297764,22.688026617262203
21.61,-3.80342655104377,-7.738065209256108,-2.7476603985387853,-210.86838677055758,63.58022875385544,23.789523165104427
21.62,-3.899545107163299,-7.810657308099095,-2.7901540987214375,-213.86171242423788,66.94207528462351,24.753332644466376
21.63,-3.9836488437678867,-7.8741753945867075,-2.827336086381258,-216.48087237120816,69.88369099904557,25.596665938908078
21.64,-4.0572396132969,-7.929753720263369,-2.859870325583601,-218.77263732480716,72.45760474916487,26.33458257154457
21.65,-4.121631536634788,-7.978384755230447,-2.888337784885651,-220.77793165920627,74.70977928051926,26.9802596251015
21.66,-4.17797446955544,-8.020936910826642,-2.913246811774945,-222.53256420180549,76.68043199545436,27.545227046963813
21.67,-4.227274535861009,-8.058170046973311,-2.935042210303077,-224.0678676765798,78.40475312102257,28.039573541093336
21.68,-4.270412093878383,-8.090749041101647,-2.9541131840151924,-225.41125821700734,79.91353410589474,28.472126723456668
21.69,-4.308157457143585,-8.119255660963942,-2.9708002860132936,-226.58672493988144,81.2337174676579,28.850610758024587
21.7,-4.341184650000637,-8.14419895334345,-2.985401500261632,-218.57213394739625,89.85700253420066,23.433034413271514
21.71,-4.370083443750557,-8.16602433417552,-2.9981775627289284,-211.55936682897172,97.40237696742558,18.692655111612574
21.72,-4.395369888281738,-8.18512154240358,-3.009356617387813,-205.42319560035025,104.0045795964974,14.544823222661003
21.73,-4.41749552724652,-8.201831599603134,-3.0191382902143364,-200.05404577530646,109.78150689693523,10.915470319828378
21.74,-4.436855461340705,-8.216452899652742,-3.0276972539375446,-195.35603967839316,114.83631828481833,7.739786529849831
21.75,-4.3303880286731165,-7.274046162196149,-3.3202388471953515,-191.245284343594,119.25927824921604,4.961063213618602
21.76,-4.237229025088977,-6.449440266921631,-3.5762127412959326,-187.64837342564473,123.12936821806403,2.5296803119162767
21.77,-4.155714896952855,-5.7279101085564275,-3.800189898633941,-184.50107637243914,126.51569694080604,0.4022202729267421
21.78,-4.084390034833748,-5.096571219986874,-3.9961699113046985,-181.74719145088423,129.4787345732053,-1.4593072611891007
21.79,-4.02198078047953,-4.544149692488515,-4.167652422391611,-179.3375421445237,132.0713925015546,-3.088143853540463
21.8,-3.9673726829195886,-4.060780855927451,-4.317699619592659,-177.22909900145822,134.3399681888603,-4.513375871847905
21.81,-3.91959059755464,-3.63783312393652,-4.448990917143576,-175.38421125127593,136.32497191525275,-5.760453887866917
21.82,-3.87778127286031,-3.267753858444455,-4.563870802500629,-173.76993446986643,138.06185017584616,-6.851647151883553
21.83,-3.841198113752771,-2.9439345011388984,-4.66439070218805,-172.3574422861331,139.58161865386538,-7.806441257898109
21.84,-3.8091878495336746,-2.6605925634965364,-4.752345614414543,-171.12151162536645,140.9114160721322,-8.641886100660845
21.85,-3.781178868341965,-2.4126683680594696,-4.829306162612725,-170.04007229719562,142.07498881311568,-9.372900338078239
21.86,-3.7566710097992195,-2.195734697052036,-4.896646642286134,-156.79568838504616,154.60811546147622,-7.055037795818459
21.87,-3.735226633574317,-2.0059177349205317,-4.955569562000367,-145.2068524619154,165.57460127879168,-5.026908071341151
21.88,-3.716462804377527,-1.8398278930554652,-5.007127116750321,-135.06662102917596,175.1702763689427,-3.252294562423507
21.89,-3.700044453830336,-1.694499281423532,-5.052239977156531,-126.19391852552897,183.56649207282484,-1.6995077421205684
21.9,-3.685678397101544,-1.5673367462455905,-5.091713730011964,-118.43030383483786,190.91318081372174,-0.3408192743554974
21.91,-2.671049972463851,-1.3112891529648916,-3.702774888760469,-111.63714098048312,197.3415334620065,0.8480331349389397
21.92,-1.7832501009058692,-1.0872475088442801,-2.4874534026654103,-105.69312348292274,202.96634202925569,1.8882789930715722
21.93,-1.0064252132926357,-0.8912110702387451,-1.424047102332234,-100.49210817255741,207.88804952559872,2.798494118937626
21.94,-0.3267034366310563,-0.719679186458902,-0.49356658954070476,-95.94121977598773,212.19454358489887,3.5949323540704228
21.95,0.26805311794782577,-0.5695887881515393,0.3206038591518833,-91.95919242898927,215.9627258867865,4.29181580981162
21.96,0.7884651032043475,-0.438259689632597,1.0330030017578977,-88.47491850036562,219.25988540093817,4.901588833585167
21.97,1.243825590303804,-0.3233467284285224,1.6563522515381606,-85.42617881281991,222.1448999758209,5.435140229387022
21.98,1.6422660165158285,-0.22279788737495712,2.2017828450958903,-82.75853158621743,224.66928772884327,5.901997700713644
21.99,1.9909013894513499,-0.13481765145308747,2.679034614458904,-80.42434026294025,226.87812701273785,6.310497988124439
22.0,2.295957340769931,-0.057834945021451534,3.096629912651541,-78.38192285507272,228.8108613861456,6.667935739608884
22.01,2.5628812981736897,0.009524923106229911,3.4620257985700986,-76.59480762318863,230.50200396287738,6.980693772157774
22.02,2.7964397609019787,0.06846480771795117,3.7817471987488362,-29.023581545290043,224.5661285925177,6.5806070506380525
22.03,3.0008034157892314,0.12003720675320728,4.061503423905232,12.601241272871214,219.372237643453,6.230531169308296
22.04,3.1796216138155775,0.1651630559090564,4.306290120917078,49.02296123876231,214.82758306302136,5.92421477314476
22.05,3.3360875370886305,0.20464817392042434,4.520478480802443,80.89196620891703,210.8510103051437,5.656187926501665
22.06,3.472995219952552,0.23919765218037128,4.707893295702138,108.7773455578024,207.37150914200072,5.421664435688957
22.07,2.078764067458483,1.1111746956578248,3.962185008739371,133.1770524880771,204.3269456242506,5.216456381227838
22.08,0.8588118090261725,1.8741546087005967,3.3096902576469494,154.52679605206745,201.6629525462193,5.036899333574358
22.09,-0.20864641710209908,2.541762032613022,2.7387573504410807,173.207821670559,199.33195860294188,4.879786916877563
22.1,-1.1426723649643367,3.125918528536394,2.2391910566359456,189.55371908673914,197.29233890257413,4.742313552267868
22.11,-1.9599450693437945,3.6370554624693447,1.8020705495564524,203.85637932589674,195.50767166475237,4.622024358234385
22.12,-2.67505868567582,4.084300279660677,1.4195901058618958,216.37120703515964,193.94608783165833,4.516771313455087
22.13,-3.3007830999663423,4.475639494703092,1.0849197176291587,227.3216812807647,192.57970197770103,4.424674899273201
22.14,-3.8482919624705496,4.8180613078652055,0.7920831279255138,236.9033462456691,191.3841143554884,4.344090536864051
22.15,-4.327362217161731,5.117680394382054,0.5358511119348246,245.28730308996046,190.33797518605235,4.273579219756045
22.16,-4.746548690016515,5.379847095084298,0.31164809794297155,252.6232653287154,189.4226034127958,4.21188181728654
22.17,-5.11333685376445,5.6092429581987595,0.11547046070010011,259.042232287626,188.62165311119634,4.1578965901257225
22.18,-5.434276497043893,5.809964338423914,-0.05618497188741241,259.51820262667275,132.9401960972968,31.738785516360004
22.19,-5.715098684913405,5.9855955461209245,-0.20638347540148586,259.93467667333863,84.21892121013468,55.872063326815
22.2,-5.96081809929923,6.139272852855809,-0.3378071659763001,260.2990914641713,41.58780568386785,76.98868141096312
22.21,-6.1758225868868255,6.273740496248832,-0.45280289522926265,260.61795440614986,4.285579598384373,95.46572223459273
22.22,-6.363951513525972,6.391399684217728,-0.5534241583256049,260.8969594803811,-28.35386822641367,111.63313295526865
22.23,-6.528564324335225,6.494351473690511,-0.6414677635349043,261.14108892033346,-56.913385073111954,125.77961733586008
22.24,-5.474296158793322,5.668320789479196,-0.8553740430930412,261.3547021802918,-81.90296231397295,138.15779116887757
22.25,-4.551811513944157,4.9455439407942965,-1.042542037706411,261.5416137827553,-103.76884239972634,148.98869327276788
22.26,-3.744637449701137,4.313114198195009,-1.2063140329931095,261.70516143491085,-122.90148747476056,158.4657326136719
22.27,-3.038360143488495,3.7597381734206334,-1.3496145288689707,261.84826563054696,-139.64255191541548,166.7581420369629
22.28,-2.4203675005524325,3.2755341517430545,-1.4750024627603493,261.9734818017286,-154.29098330098856,174.01400028234255
22.29,-1.8796239379833783,2.8518556327751727,-1.5847169049153056,262.08304595151253,-167.108360763365,180.36287624704974
22.3,-1.406473320735456,2.4811369286782763,-1.6807170418008923,262.17891458257344,-178.32356604294438,185.91814271616852
22.31,-0.9924665306435241,2.156758062593492,-1.7647171615757806,262.26279963475173,-188.13687066257634,190.77900087664747
22.32,-0.6302105893130836,1.8729265547693055,-1.838217266378808,262.33619905540775,-196.72351220475431,195.03225176706655
22.33,-0.3132366406489482,1.6245739854231422,-1.902529858081457,262.4004235484818,-204.23682355416003,198.75384629618324
22.34,-0.03588443556782969,1.4072654872452495,-1.9588033758212746,254.28412097992157,-194.26034510989,194.68211613416034
22.35,0.206798743878149,1.2171205513395933,-2.0080427038436155,247.18235623243135,-185.53092647115375,191.11935224239028
22.36,0.4191465258933804,1.050743732422144,-2.0511271158631637,240.9683120783774,-177.89268516225954,188.00193383709149
22.37,0.6049508351567079,0.905164015869376,-2.088825976380268,235.5310234435802,-171.2092240169771,185.27419273245505
22.38,0.7675296057621194,0.777781763885704,-2.1218124793327346,230.77339588813268,-165.36119551485496,182.88741926589816
22.39,0.9097860300418544,0.6663222933999909,-2.1506756694161426,226.6104717771161,-160.2441705754981,180.79899248266088
22.4,1.0182244012866226,0.3880073817249921,-1.4871984607391249,222.96791317997656,-155.7667737535608,178.97161904732826
22.41,1.1131079761257947,0.1444818340093681,-0.9066559031467343,219.78067440747947,-151.8490515343657,177.37266729141223
22.42,1.1961311041100704,-0.06860302024180293,-0.39868116525339253,216.99184048154453,-148.42104459256998,175.9735845049857
22.43,1.2687763410963115,-0.2550522677115776,0.04579673040328153,214.55161079635144,-145.42153851849872,174.74938706686248
22.44,1.3323409234592727,-0.4181953592476304,0.4347148891028713,212.4164098218075,-142.79697070368638,173.67821430850466
22.45,1.3879599330268637,-0.5609455643416765,0.7750182779650123,210.54810896908154,-140.50047386572558,172.74093814494157
22.46,1.4366265663985058,-0.6858519937989669,1.0727837432193859,208.91334572294633,-138.49103913250988,171.92082150182387
22.47,1.4792098705986927,-0.795145119574096,1.3333285253169627,207.48292788257802,-136.73278374094616,171.20321943909588
22.48,1.5164702617738561,-0.890776604627334,1.5613052096523423,206.23131227225576,-135.1943102733279,170.5753176342089
22.49,1.5490731040521242,-0.9744541540489173,1.7607848084457995,205.13614861322378,-133.8481459891619,170.02590355493277
22.5,1.5776005910456088,-1.0476720097928027,1.9353294573900746,193.31475491157082,-122.80462799051666,152.1020407355662
22.51,1.6025621421649077,-1.1117376335687024,2.088056025216315,182.97103542262445,-113.14154974170208,136.41866076862044
22.52,1.6244034993942942,-1.1677950543726145,2.221691772064276,173.9202808697964,-104.68635627398932,122.69570329754289
22.53,1.6435146869700075,-1.2168452975760378,2.3386230505562415,166.00087063607182,-97.28806198974065,110.68811551035003
22.54,1.6602369760987565,-1.259764260379033,2.4409379192367116,159.07138668156284,-90.81455449102307,100.18147619655628
22.55,1.674868979086412,-1.297318352831654,2.530463429332123,153.00808822136747,-85.15023542964519,90.98816679698673
22.56,2.4120177317006104,-1.1039466837276972,2.9457425006656077,147.70270206869654,-80.19395625093955,82.94402107236338
22.57,3.057022890238034,-0.9347464732617351,3.3091116880824067,143.06048918510947,-75.8572119695721,75.90539356331796
22.58,3.6214024039582795,-0.7866962891040182,3.6270597270721057,138.9985529119708,-72.0625607233756,69.74659449290321
22.59,4.115234478463495,-0.657152377966016,3.9052642611880923,135.44435867297443,-68.74224088295365,64.35764530629031
22.6,4.547337543655558,-0.5438014557202641,4.148693228539581,132.33443871385262,-65.83696102258445,59.64231476800402
22.61,4.925427725698613,-0.44461939875523104,4.361693574972133,129.61325874962105,-63.29484114476139,55.516400547003514
22.62,5.256256634986287,-0.35783509891082715,4.548068878100616,127.23222628091841,-61.07048625166622,51.90622560362807
22.63,5.545731930613002,-0.28189883654697373,4.711147268338039,125.1488228708036,-59.12417572020794,48.747322528174564
22.64,5.799022814286377,-0.21545460697860203,4.853840859795785,123.32584488695315,-57.42115400518195,45.983282337152744
22.65,6.0206523375005805,-0.15731590610627677,4.978697752321312,121.73073915108401,-55.9310100045342,43.56474717000865
22.66,6.2145781703130085,-0.10644454284299218,5.087947533281149,121.72627138219852,-44.75713375396743,30.016654023757567
22.67,6.3842632740238825,-0.06193209998761816,5.183541091621005,121.72236208442371,-34.979992034721505,18.162072520787873
22.68,6.532737739770898,-0.022983712489165888,5.26718545516838,121.71894144887074,-26.424993030381316,7.7893137056893895
22.69,6.6626528972995365,0.011096126571979847,5.3403742732723325,121.7159483927619,-18.939368901583652,-1.2868502575217837
22.7,6.776328660137095,0.040915985750482366,5.404414489113291,121.71332946866667,-12.389447788885693,-9.22849372533156
22.71,5.8434950776199575,0.8975403625316721,4.388533927974129,121.71103791008335,-6.658266815274982,-16.177431759665115
22.72,5.027265692917463,1.647086692215213,3.499638436977363,121.70903279632293,-1.6434834633656088,-22.257752539706978
22.73,4.31306498130278,2.3029397306883115,2.721854882355193,121.70727832178255,2.7444519695550924,-27.578033222243604
22.74,3.6881393586399325,2.8768111393522724,2.041294272060794,121.70574315655975,6.583895473360705,-32.23327881946315
22.75,3.1413294388099406,3.378948621933238,1.4458037380531947,121.70439988698979,9.943408539190617,-36.30661871703026
22.76,2.662870758958698,3.8183189191915834,0.9247495207965453,121.70322452611606,12.882982471791792,-39.870791127401475
22.77,2.2442194140888607,4.202767929292635,0.46882708069697704,121.70219608535155,15.455109662817819,-42.98944198647629
22.78,1.8778994873277532,4.539160813131057,0.06989494560985487,121.70129619968262,17.705720954965592,-45.71826148816675
22.79,1.5573695514117842,4.833504586489675,-0.279170672591377,121.70050879972229,19.675005835594895,-48.105978552145906
22.8,1.2769058574853112,5.091055388178466,-0.5846030885174549,121.69981982475701,21.398130106145533,-50.195230983127665
22.81,1.0315001252996474,5.316412339656158,-0.851856452452773,121.6992169716624,22.90586384287734,-52.02332686023671
22.82,0.8167701096371915,5.513599672199138,-1.0857031458961763,106.0143148502046,22.396380862517674,-42.01603600270712
22.83,0.6288813459325426,5.686138588174247,-1.2903190026591542,92.29002549392902,21.950583254702963,-33.25965650236873
22.84,0.4644786776909748,5.8371101396524665,-1.46935787732676,80.28127230718789,21.56051034786509,-25.597824439572637
22.85,0.32062634297960296,5.9692102471959085,-1.626016892660915,69.7736132687894,21.219196554381952,-18.89372138462606
22.86,0.19475555010715262,6.08479784129642,-1.7630935310783007,60.57941161019073,20.920546985084208,-13.027631211547803
22.87,0.08461860634375856,6.185936986134368,-1.8830355896935131,52.534485158916894,20.659228611948684,-7.894802310104328
22.88,0.2845711555507887,6.100410112867572,-1.651768515981824,45.49517451405229,20.4305750354551,-3.4035770213412877
22.89,0.4595296361069401,6.025574098759126,-1.449409826484096,39.335777699795756,20.23050315602321,0.5262451063263733
22.9,0.6126183065935725,5.960092586414236,-1.272345973173584,33.94630548732129,20.05544026152031,3.9648394680355765
22.91,0.746570893269376,5.902796263112457,-1.117415101526886,29.230517301406127,19.902260228830272,6.973609534531129
22.92,0.863779406610704,5.8526619802234,-0.9818505888360253,25.10420263873036,19.76822770022649,9.606283342714738
22.93,0.9663368557843659,5.8087944826954745,-0.8632316402315221,21.493677308889065,19.65094923769818,11.909872924875396
22.94,1.0560746238113201,5.77041042235854,-0.7594400602025818,18.334467645277932,19.548330582985905,13.92551380926597
22.95,1.1345951708349051,5.736824369563723,-0.668622427677259,15.570159189618192,19.458539260112666,15.689199583107724
22.96,1.203300649480542,5.707436573368258,-0.5891569992176016,13.151389290915917,19.37997185259858,17.23242463521926
22.97,1.2634179432954742,5.681722251697226,-0.5196247493154013,11.034965629551428,19.31122537102376,18.582746555816854
22.98,1.31602057538354,5.6592222202350735,-0.4587840306509761,-0.5906553241424994,16.45982219964579,28.667403736339743
22.99,1.3620478784605974,5.6395346927056895,-0.4055484018196041,-10.763073658624686,13.964844424690066,37.491478769297274
23.0,1.4023217686530227,5.622308106117479,-0.3589672265921536,-19.6639397012966,11.781738871603807,45.212544423135114
23.01,1.4375614225713949,5.607234842852794,-0.31820869826813436,-27.45219748863452,9.87152151265333,51.96847687024322
23.02,1.4683961197499704,5.594045737496195,-0.2825449859846176,-34.26692305255521,8.200081323571665,57.87991776146282
23.03,1.3311662297812241,4.74824952030917,-0.05898061273654037,-40.229807920985806,6.737571158125206,63.052428541279966
23.04,1.211090076058571,4.008177830270523,0.13663821385552719,-45.447332180862574,5.4578747633595555,67.57837547361997
23.05,1.1060234415512495,3.360615101486708,0.3078046871235863,-50.012665908254746,4.338140417939611,71.53857903941747
23.06,1.0140901363573434,2.7939977138008696,0.457575351233138,-54.0073329197229,3.3583728656971594,75.00375715949029
23.07,0.9336484943126754,2.298207499575761,0.5886246823289958,-57.50266655475754,2.5010762574850145,78.035788014554
23.08,0.863262057523591,1.864391062128791,0.7032928470378712,-60.56108348541285,1.7509417252993877,80.68881501273475
23.09,0.8016739253331421,1.4848016793626921,0.8036274911581374,-63.23719829973625,1.0945740096369643,83.01021363614291
23.1,0.7477843096664993,1.1526609694423557,0.8914203047633702,-65.57879876226922,0.5202522584323437,85.04143743162504
23.11,0.7006308959581868,0.8620378482620614,0.9682390166679489,-67.62769916698556,0.017720726128300723,86.81875825267191
23.12,0.6593716589634134,0.6077426172293038,1.0354553895844552,-69.42048702111236,-0.4219943646377369,88.37391397108792
23.13,0.6232698265929867,0.3852342900756408,1.0942697158863983,-70.98917639347331,-0.8067450690580198,89.73467522470193
23.14,0.5916807232688633,0.1905395038161857,1.1457322514005985,-78.95053009428915,10.774098189574232,84.29721607161419
23.15,0.5640402578602554,0.020181565839162502,1.1907619699755236,-85.916714582503,20.907336040877453,79.53943931266241
23.16,0.5398548506277234,-0.1288816298907328,1.230162973728583,-92.01212600969012,29.773919160767772,75.37638464857962
23.17,0.518692619299258,-0.2593119261543912,1.2646388520125103,-97.34561100847887,37.5321793906718,71.73371181750717
23.18,0.5001756668868508,-0.37343843538509225,1.2948052455109464,-102.012410382419,44.32065709183783,68.54637309031877
23.19,0.4839733335259945,-0.47329913096195575,1.321200839822078,-106.09585983461662,50.26057508035811,65.75745170402892
23.2,-0.3154283331647549,-0.9714234895917113,1.1859799848443182,-109.66887810528954,55.45800332031335,63.31714549102531
23.21,-1.0149047915191605,-1.4072823033927475,1.0676617367387784,-112.79526909212834,60.00575303027418,61.181877554647144
23.22,-1.6269466925792653,-1.788658765468654,0.9641332696464311,-115.5308612056123,63.98503402648991,59.31351811031625
23.23,-2.1624833560068573,-2.1223631697850722,0.8735458609406273,-117.92450430491076,67.46690489817867,57.678703596526724
23.24,-2.631077936506,-2.414354523561938,0.7942818783230489,-120.0189420167969,70.51354191090634,56.24824089696089
23.25,-3.04109819444275,-2.669846958116696,0.7249258935326678,-121.85157501469729,73.17934929704305,54.996586034840774
23.26,-3.3998659201374064,-2.8934028383521087,0.6642394068410843,-123.45512888786013,75.51193075991267,53.90138803048568
23.27,-3.7137876801202303,-3.0890142335580952,0.6111387309859487,-124.85823852687761,77.55293953992359,52.94308977667497
23.28,-3.9884692201052014,-3.2601742043633335,0.5646756396127052,-126.08595946101792,79.33882222243314,52.104578804590595
23.29,-4.228815567592052,-3.4099391788179165,0.524020434661117,-127.1602152783907,80.901469569629,51.370881704016774
23.3,-4.439118621643045,-3.5409835314656775,0.4884471303284774,-134.50081399359186,82.73691087342539,44.070146491014675
23.31,-4.623133793937664,-3.655647340032468,0.45732048903741773,-140.92383786939288,84.34292201424722,37.68200317963784
23.32,-4.7841470696954564,-3.75597817252841,0.4300846779077405,-146.5439837607188,85.74818176246632,32.09237778218311
23.33,-4.925033685983524,-3.8437676509623593,0.406253343169273,-151.46161141562897,86.97778404215804,27.201455559410217
23.34,-5.048309475235584,-3.920583444592064,0.38540092527311387,-155.76453561367535,88.05368603688828,22.92189861448394
23.35,-5.110148415831136,-4.459806764018056,0.3099331846139746,-159.52959428696593,88.99510028227725,19.177286287673446
23.36,-5.164257488852245,-4.931627168515799,0.24389891153722776,-162.8240206260952,89.8188377469926,15.900750501714267
23.37,-5.211602927745715,-5.344470022451324,0.1861189225950743,-165.7066436728333,90.53960802861853,13.033781688999984
23.38,-5.253030186777501,-5.705707519644908,0.13556143227069,-168.22893883872916,91.17028202504122,10.525183977874986
23.39,-5.289279038430314,-6.021790329689294,0.09132362823685376,-170.43594710888803,91.72212177191108,8.330160980640613
23.4,-5.320996783626525,-6.298362788478132,0.052615549707247036,-172.36707934527703,92.20498155042219,6.409515858060537
23.41,-5.348749810673209,-6.540363689918365,0.018745980993841158,-174.05682005211742,92.62748385661942,4.7289513758029695
23.42,-5.373033709339058,-6.752114478678569,-0.01088989163038899,-175.53534317060274,92.997173374542,3.258457453827598
23.43,-5.394282120671677,-6.937396418843748,-0.036821280176590365,-176.8290508992774,93.32065170272426,1.9717752720991482
23.44,-5.412874480587718,-7.099518116488279,-0.05951124515451657,-177.96104516186773,93.60369523988373,0.8459283630867547
23.45,-5.429142795514253,-7.2413746019272445,-0.079364964510202,-178.95154014163427,93.85135833489826,-0.13918768229908962
23.46,-5.443377571074972,-7.365499026686338,-0.09673696894642675,-177.95009824892998,105.90243866803598,-9.156164097011702
23.47,-5.4558329996906005,-7.474107898350546,-0.1119374728281234,-177.07383659281373,116.44713395953148,-17.04601845988524
23.48,-5.466731499729276,-7.569140661056728,-0.12523791372460796,-176.30710764371202,125.67374233959005,-23.949641027399586
23.49,-5.476267687263117,-7.652294328424636,-0.13687579950903195,-175.636219813248,133.7470246721413,-29.990310773974635
23.5,-5.484611851355227,-7.725053787371556,-0.14705894957040294,-175.04919296159198,140.81114671312363,-35.275896802227805
23.51,-5.184306869935824,-7.244319063950112,-0.6329423308741026,-174.535544466393,146.9922534989832,-39.90078457694933
23.52,-4.921540011193846,-6.8236761809563475,-1.0580902895148396,-174.08610203309385,152.4007219366103,-43.94756137983066
23.53,-4.691619009794615,-6.455613658336804,-1.4300947533254846,-173.69283990395712,157.13313181953401,-47.48849108235183
23.54,-4.490438133570288,-6.133558951044704,-1.7555986591597992,-173.34873554096248,161.2739904670923,-50.586804572057844
23.55,-4.3144048668740025,-5.851761082164116,-2.040414576764824,-173.04764422334216,164.89724178370574,-53.29782887555061
23.56,-4.160375758514752,-5.605187946893602,-2.289628504669221,-172.7841893204244,168.06758668574253,-55.669975141106775
23.57,-4.025600288700407,-5.389436453531902,-2.5076906915855686,-172.55366628037132,170.8416384750247,-57.74560312346843
23.58,-3.9076717526128566,-5.200653896840414,-2.6984951051373725,-172.3519586203249,173.2689337906466,-59.56177760803487
23.59,-3.8044842835362496,-5.035469159735363,-2.865448966995201,-172.17546441778427,175.39281719181577,-61.150930282030515
23.6,-3.714195248094218,-4.890932514768442,-3.0115335961208007,-172.02103199056123,177.25121516783878,-62.5414388717767
23.61,-3.635192342082441,-4.764462950422387,-3.139357646605701,-171.88590361674107,178.87731339685894,-63.75813388780461
23.62,-3.566064799322136,-4.653802081619589,-3.251203690779988,-170.32829103964846,169.26639959725156,-63.632742026829035
23.63,-3.505578199406869,-4.556973821417141,-3.3490689794324897,-168.9653800346924,160.8568500225951,-63.52302414847541
23.64,-3.4526524244810104,-4.472249093739998,-3.434701107003429,-167.77283290535587,153.4984941447707,-63.42702100491598
23.65,-3.4063423714208843,-4.398114957022498,-3.5096292186280005,-166.7293541671864,147.05993275167435,-63.343018254301484
23.66,-3.3658210749932738,-4.333247587394686,-3.5751913162995006,-165.8163102712881,141.42619153271505,-63.2695158475138
23.67,-3.3303649406191145,-4.27648863897035,-3.632558151762063,-165.0173968623771,136.49666796612567,-63.20520124157458
23.68,-2.361810323041725,-3.647652934099056,-2.8109680077918053,-164.31834762957996,132.18333484535998,-63.148925961377756
23.69,-1.5143250326615096,-3.097421692336674,-2.0920766318178297,-163.70667955088248,128.40916836469,-63.09968509120554
23.7,-0.7727754035788208,-2.6159693557945896,-1.463046677840601,-163.1714699820222,125.10677269410375,-63.05659932980485
23.71,-0.12391947813146809,-2.1946985613202656,-0.9126454681105258,-162.70316160926942,122.21717648234079,-63.01889928857924
23.72,0.4438294566349655,-1.8260866161552325,-0.4310444095967101,-162.29339178311074,119.68877979704818,-62.98591175250684
23.73,0.9406097745555948,-1.5035511641358286,-0.009643483397121289,-161.9348431852219,117.47643269741717,-62.957047658443486
23.74,1.3752925527361455,-1.22133264361885,0.35908232702751886,-161.62111316206918,115.54062898524002,-62.93179157613805
23.75,1.7556399836441274,-0.9743914381664938,0.681717411149079,-161.34659939181054,113.84680073708502,-62.9096925041208
23.76,2.0884439856886114,-0.7583178833956821,0.9640231097554441,-161.10639984283424,112.3647010199494,-62.890355816105696
23.77,2.379647487477535,-0.5692535229712219,1.2110405960360136,-160.89622523747997,111.06786376745572,-62.873436214092486
23.78,2.6344505515428436,-0.4038222075998192,1.4271808965315118,-138.79357195779497,119.84688192152376,-62.88050706233093
23.79,2.857403232599988,-0.2590698066498418,1.6163036594650728,-119.4537503380706,127.52852280633329,-62.88669405453956
23.8,3.052486828524989,-0.13241145581861158,1.7817860770319387,-102.53140642081179,134.24995858054163,-62.89210767272211
23.81,3.2231849749593655,-0.02158539884128513,1.9265831924029464,-87.72435549321033,140.13121488297392,-62.89684458863185
23.82,3.372545853089445,0.0753874010138755,2.053280668352578,-74.76818593155905,145.27731414760217,-62.90098939005287
23.83,2.7133103714532645,0.06692410088714107,2.841697959808506,-63.43153756511416,149.7801510041519,-62.90461609129626
23.84,2.1364793250216065,0.059518713276248435,3.5315630898324426,-53.51197024447489,153.72013325363292,-62.90778945488423
23.85,1.6317521593939057,0.05303899911671738,4.135195078603387,-44.83234883891553,157.16761772192882,-62.910566148023705
23.86,1.1901158894696677,0.04736924922712771,4.663373068777964,-37.237680109051084,160.18416663168773,-62.91299575452074
23.87,0.8036841532859592,0.04240821807373674,5.125528810180718,-30.592344970419695,162.82364692772677,-62.91512166020565
23.88,0.4655563841252143,0.03806731581451965,5.529915083908128,-24.77767672411723,165.13319218676094,-62.91698182767994
23.89,0.1696945861095625,0.03426902633770469,5.883753073419612,-19.689842008602575,167.15404428841583,-62.91860947421995
23.9,-0.0891844871541328,0.030945523045491606,6.193361314242161,-15.237986632527255,168.92228987736385,-62.92003366494246
23.91,-0.3157036762598662,0.028037457664805154,6.4642685249618905,-11.342613178461349,170.46950476769337,-62.92127983182465
23.92,-0.5139079667273829,0.02549290045670451,6.7013123343416545,-7.93416140615368,171.82331779673171,-62.922370227846564
23.93,-0.68733672088646,0.023266412899616444,6.908725667548948,-4.95176610538447,173.00790419714025,-62.923324324365744
23.94,-0.8390868807756525,0.021318236287164387,7.090212334105329,45.170329157788586,147.8469161724977,-48.64853353382003
23.95,-0.971868270678696,0.019613581751268837,7.249013167342163,89.02716251306501,125.8310516509355,-36.15809159209253
23.96,-1.088051986843859,0.01812200903236023,7.3879638964243926,127.40189169893188,106.56717019456858,-25.228954893080964
23.97,-1.1897127384883766,0.016816882903315202,7.509545784371343,160.97977973656538,89.7112739202475,-15.665960281445845
23.98,-1.2786658961773294,0.0156748975404008,7.6159299363249255,190.3604317694947,74.96236468021657,-7.298339996265113
23.99,-1.356499909155163,0.0146756603478507,7.70901606928431,216.06850229830786,62.057069095189505,0.02332775326802583
24.0,-1.1091600455107677,0.7069700778043694,5.692186435623771,238.56306401101938,50.76493545829082,6.4297870341095225
24.01,-0.8927376648219217,1.3127276930788232,3.9274605061708003,258.24580550964197,40.88431852600446,12.035438904845833
24.02,-0.7033680817191815,1.8427656064439701,2.3833253178994505,275.4682043209367,32.23877871025391,16.940384291740102
24.03,-0.5376696965042838,2.3065487806384737,1.032207028162019,290.5378032808196,24.67393137147217,21.232211505272588
24.04,-0.3926836094412483,2.7123590580586647,-0.1500214753582333,303.72370237071715,18.05468995003815,24.987560317113516
24.05,-0.26582078326109226,3.0674430508013315,-1.1844714159384542,315.2613640743775,12.26285370628338,28.273490527474326
24.06,-0.15481581035345576,3.3781415444511653,-2.0896151139461474,325.35681806508035,7.194996992997957,31.148679461540034
24.07,-0.05768645905927379,3.65000272639477,-2.8816158497028788,334.1903403069453,2.7606223688732126,33.66446977884753
24.08,0.027301723323135428,3.8878812605954236,-3.574616493490019,341.91967226857713,-1.1194554272359394,35.865786306491586
24.09,0.10166638290774349,4.096024978020996,-4.180992056803767,348.682837735005,-4.514523498831447,37.79193826818013
24.1,0.16673546004427553,4.278150730768371,-4.711570674703296,329.75935801812943,-15.740833186477516,53.704821234657615
24.11,0.22367090253874106,4.437510764422325,-5.175826965365384,313.2013132658633,-25.563854163167825,67.62859383032541
24.12,0.2734894147213984,4.576950793869535,-5.582051219694711,298.7130241076304,-34.158997517771844,79.81189485153473
24.13,0.31708061288122363,4.698960819635842,-5.937497442232872,286.03577109417665,-41.67974795305037,90.4722832450929
24.14,0.35522291127107064,4.805719592181362,-6.248512886953763,274.9431747074046,-48.26040458391907,99.80012308945629
24.15,0.9306515473621868,4.672440518158691,-5.502925526084542,265.237152868979,-54.018479135929184,107.96198295327426
24.16,1.4341516039419133,4.555821328388854,-4.850536585323975,256.74438376035664,-59.056794368938036,115.10361033411498
24.17,1.8747141534491742,4.453779537340247,-4.279696262158478,249.31321079031207,-63.46532019782078,121.35253429235061
24.18,2.2602063842680273,4.364492970172716,-3.7802109793886687,242.81093444152307,-67.32278029809318,126.82034275580679
24.19,2.597512086234524,4.286367223901126,-3.343161356965085,237.1214426363327,-70.69805788583153,131.60467516133093
24.2,2.8926545754552087,4.2180071959134855,-2.9607429373444494,232.14313730679112,-73.6514257751026,135.79096601616456
24.21,3.150904253523308,4.158192171424299,-2.626126820176393,227.78712014344222,-76.23562267821478,139.45397051414398
24.22,3.3768727218328944,4.105854024996262,-2.333337717654344,223.97560512551195,-78.49679496843794,142.65909944987598
24.23,3.5745951316037825,4.060058146871729,-2.077147252947551,220.64052948482296,-80.4753207223832,145.46358726864148
24.24,3.74760224015331,4.019986753512763,-1.852980596329107,217.7223382992201,-82.2065307570853,147.9175141100613
24.25,3.898983460134146,3.9849242843236676,-1.6568347717879686,215.1689210118176,-83.72133953744965,150.06470009630362
24.26,4.031442027617378,3.954244623783209,-1.4852071753144724,199.2190557603404,-66.82492184526843,136.74036270926567
24.27,4.147343274165205,3.927399920810308,-1.3350330284001632,185.26292366529788,-52.040556364609884,125.08156749560746
24.28,4.248756864894554,3.9039108057090193,-1.2036306498501428,173.05130808213565,-39.10423656903365,114.88012168365653
24.29,4.337493756782735,3.883357829995392,-1.088653568618875,162.3661444468687,-27.784956747904445,105.95385659819947
24.3,4.415138537184894,3.865373976245968,-0.9880486225415155,153.01662626601012,-17.88058690441639,98.14337464842454
24.31,4.300453470036782,3.3496154792152217,-0.12151216972382606,144.83579785775888,-9.214263291364341,91.30920294237147
24.32,4.200104036282184,2.898326794313319,0.6367072264916522,137.677573000539,-1.6312301299437983,85.32930269957504
24.33,4.112298281746911,2.503449195024154,1.3001491981801956,131.41412625047164,5.003923886299177,80.09688998712816
24.34,4.035468246528548,2.1579312956461347,1.8806609234076712,125.93361034416267,10.80968365051178,75.51852886373715
24.35,3.9682419657124792,1.855603133690368,2.3886086829817126,121.13815892614235,15.889723444197807,71.51246288077
24.36,3.9094189699984194,1.5910659919790722,2.8330629726089986,116.94213893537457,20.33475826367308,68.00715514567375
24.37,3.857948848748617,1.359595992981688,3.2219604760328737,113.27062144345274,24.224163730713947,64.94001087746453
24.38,3.81291249265504,1.157059743858977,3.5622457915287646,110.05804363802116,27.627393514374702,62.256259642781465
24.39,3.77350568107316,0.9798405258766049,3.8599954425876692,107.24703805826852,30.60521957507786,59.907977312433786
24.4,3.7390247209390153,0.8247737101420293,4.120526387264211,104.78740817598495,33.21081737819313,57.853230273379566
24.41,3.7088538808216387,0.6890902463742756,4.348490963856184,102.63523202898682,35.49071545591899,56.055326614207125
24.42,3.682454395718934,0.5703672155774911,4.547959968374161,94.81082802536346,27.878125898929117,38.27278591243124
24.43,3.6593548462540673,0.46648456363030477,4.72249534732739,87.96447452219303,21.21711003656298,22.713062798377337
24.44,3.639142740472309,0.3755872431765167,4.875213803911467,81.97391520691889,15.388721156992606,9.09830507358017
24.45,3.6214571479132704,0.29605208777945213,5.008842453422534,76.73217580605402,10.288880887368531,-2.814607935617352
24.46,3.605982254424112,0.22645882680702062,5.125767521744717,72.14565383029726,5.826520651447464,-13.238406818665183
24.47,3.592441722621098,0.16556472345614304,5.228076956526627,68.13244710151011,1.9219554450165308,-22.359230841332035
24.48,3.944459257293461,0.23324263302412515,4.865406961960799,64.62089121382134,-1.4945391106105357,-30.33995186116553
24.49,4.252474600131778,0.2924608038961095,4.548070716715699,61.548279812093675,-4.483971846784219,-37.32308275351984
24.5,4.521988025115307,0.34427670340909583,4.270401502126237,58.85974483558197,-7.099725490936192,-43.43332228432986
24.51,4.757812271975894,0.38961561548295887,4.027440939360457,56.507276731134226,-9.388509929569167,-48.77978187378863
24.52,4.964158487978907,0.429287163547589,3.8148504469404,54.448867139742454,-11.391196313373023,-53.45793401456505
24.53,5.144711426981544,0.46399976810414034,3.62883376607285,52.64775874727465,-13.143546899201393,-57.55131713774441
24.54,5.302695248608852,0.49437329709112277,3.466069170313743,51.07178890386532,-14.676853661801218,-61.13302737052636
24.55,5.440931092532746,0.5209501349547324,3.323650149024525,49.69281529088216,-16.018497079076067,-64.26702382421057
24.56,5.561887455966153,0.5442048680853908,3.1990335053964594,48.48621337952189,-17.192435069191557,-67.00927072118425
24.57,5.667724273970385,0.564552759574717,3.0899939422219016,47.43043670708166,-18.21963081054261,-69.40873675603622
24.58,5.760331489724087,0.5823571646278773,2.9945843244441637,47.604756993696455,-10.145301959224785,-62.333894661531694
24.59,5.841362803508576,0.5979360190493926,2.9111009088886433,47.757287244484395,-3.080264214321687,-56.14340782884023
24.6,5.912265203070005,0.6115675166682185,2.838052920277563,47.89075121392384,3.1016438124685237,-50.726731850235204
24.61,5.974304802686254,0.6234950770846912,2.7741359302428674,48.00753218718336,8.510813335909958,-45.98714036895581
24.62,6.028589452350473,0.6339316924491049,2.718208563962509,48.10971553878544,13.243836668921213,-41.83999782283633
24.63,6.076088520806664,0.6430637308929668,2.669272118467195,48.199125971437255,17.38523208530606,-38.21124809498179
24.64,5.266229705705831,1.529289764531346,1.7286382286587956,48.2773601000076,21.008953074642804,-35.03609208310907
24.65,4.557603242492601,2.3047375439649276,0.9055835750764462,48.345814962506644,24.17970894031245,-32.25783057272044
24.66,3.9375550871810265,2.983254350969312,0.18541075319189038,48.40571296719331,26.954120322773395,-29.826851751130384
24.67,3.3950129512833986,3.576956557098148,-0.44474046595709593,48.45812372129414,29.38173028242672,-27.699745282239085
24.68,2.920288582372974,4.096445987460879,-0.996122782712459,48.50398313113237,31.505888997123378,-25.8385271219592
24.69,2.5049047595763523,4.55099923902827,-1.4785823098734017,48.544110114740825,33.36452787248295,-24.2099612317143
24.7,2.1414439146293085,4.948733334149736,-1.9007343961392267,48.57922122539822,34.990836888422585,-22.784966077750013
24.71,1.823415675300645,5.296750667381019,-2.2701174716218233,48.60994344722344,36.41385727736976,-21.53809531803126
24.72,1.5451409658880644,5.601265833958392,-2.5933276626690955,48.636825391320514,37.65900011769854,-20.447083403277354
24.73,1.3016505951520563,5.867716604713593,-2.8761365798354586,48.66034709240545,38.74850010298622,-19.492447977867684
24.74,1.0885965207580492,6.100861029124394,-3.123594382356026,34.112178705854774,34.75806259011294,-6.770266605634221
24.75,0.9021742056632931,6.304862400483844,-3.340119959561523,21.382531367622928,31.26642976634882,4.3616420950700565
24.76,0.7390546799553814,6.483363600423364,-3.529579839616333,10.244089946670062,28.211251045555215,14.1020622081863
24.77,0.5963250949609588,6.639552150370443,-3.6953572346642916,0.4979537033363055,25.53796966486081,22.624929807163014
24.78,0.47143670809083893,6.776217131574138,-3.840412455331255,-8.029915509580732,23.198848456753208,30.082438956267637
24.79,0.362159369579484,6.895798990127371,-3.9673357734148484,-15.49180107088314,21.152117399659055,36.60775946173418
24.8,0.5957583233820485,5.94448049136145,-3.0445684267379924,-22.020950937022747,19.36122772470167,42.31741490401741
24.81,0.8001574079592925,5.112076804941269,-2.2371469983957435,-27.733957069894903,17.79419925911396,47.313363416015235
24.82,0.9790066069643809,4.383723579323611,-1.5306532485962756,-32.732837436158036,16.423049351724714,51.68481836401333
24.83,1.1354996560938333,3.7464145069081596,-0.9124712175217412,-37.10685775663828,15.223293182759125,55.50984144351167
24.84,1.272431074082104,3.1887690685446395,-0.37156194033152357,-40.93412553705849,14.173506534914235,58.85673663807271
24.85,1.3922460648218413,2.7008293099765592,0.10173367720991688,-44.282984844926176,13.254943218049956,61.78526993331362
24.86,1.4970841817191114,2.2738820212294892,0.5158673425586773,-47.2132367393104,12.451200315793711,64.34773656664942
24.87,1.5888175340042223,1.900303143575803,0.8782342997388426,-49.7772071468966,11.747925276319497,66.58989487081824
24.88,1.6690842172536944,1.5734216256288278,1.1953053872714872,-52.02068125353452,11.132559616779561,68.55178338696597
24.89,1.7393175650969828,1.2874002974252243,1.4727425888625514,-53.9837210968427,10.594114664682117,70.26843583859522
24.9,1.80077174445986,1.0371316352470714,1.7155001402547323,-52.65200595973736,30.164850456596852,70.84738110877082
24.91,1.8545441514023775,0.8181465558411875,1.9279129977228906,-51.486755214770184,47.28924427452225,71.35395822017446
24.92,1.9015950074770802,0.6265346113610389,2.1137742480075294,-50.46716081292391,62.27308886520696,71.79721319265265
24.93,1.9427645065424453,0.45887415994090913,2.276402842006588,-49.57501571130842,75.3839528820561,72.18506129357107
24.94,1.9787878182246397,0.3121712649482955,2.4187028617557647,-48.79438874739486,86.85595889679908,72.52442838187469
24.95,1.3897422159465598,0.16193110682975856,2.672126254036294,-48.1113401539705,96.8939641596992,72.82137458414034
24.96,0.8743273139532397,0.030470968476038723,2.893871722281757,-47.51367263472419,105.67721876473679,73.0812025111228
24.97,0.4233392747090848,-0.08455665258346612,3.087899006996537,-46.990713555383664,113.36256654414468,73.30855194723244
24.98,0.028724740370449198,-0.18520582101053285,3.2576728811219695,-46.533124360960706,120.0872458511266,73.50748270382839
24.99,-0.31656297717585696,-0.27327384338421623,3.406225020981723,-46.132733815840616,125.97134024473577,73.68154711584984
25.0,-0.6186897300288748,-0.3503333629611892,3.5362081433590076,-45.78239208886054,131.1199228391438,73.8338534763686
25.01,-0.8830506387752655,-0.4177604425910406,3.6499433754391317,-45.47584307775297,135.62493260925083,73.96712154182252
25.02,-1.1143664339283572,-0.47675913726716057,3.7494617035092404,-45.207612693033845,139.56681615809447,74.0837310990947
25.03,-1.3167677546873127,-0.5283829951087655,3.836540240570585,-44.97291110640461,143.01596426333265,74.18576446170786
25.04,-1.4938689103513987,-0.5735538707201698,3.9127339604992617,-44.767547218104035,146.03396885541608,74.27504365399437
25.05,-1.648832421557474,-0.6130783868801486,3.979403465436854,-44.58785381584103,148.67472287348906,74.35316294724508
25.06,-1.7844254938627897,-0.64766233852013,4.037739282257247,-53.1237474638609,133.7566325143029,58.26464245383944
25.07,-1.903069432129941,-0.6779232962051138,4.088783121975091,-60.592654405878285,120.70330345001504,44.18718702210951
25.08,-2.0068828781136983,-0.7044016341794747,4.133446481728204,-67.1279479801435,109.28164051876317,31.86941351934582
25.09,-2.097719643349486,-0.7275701799070403,4.172526921512179,-72.84632985762556,99.28768545391777,21.09136170442759
25.1,-2.1772018129308,-0.7478426574186603,4.206722306323156,-77.84991400042237,90.54297477217806,11.660566366374143
25.11,-2.20546371131445,-1.0711034502413277,3.8858315180327616,-82.22805012536958,82.89135292565581,3.408620445577375
25.12,-2.2301928724001434,-1.3539566439611617,3.6050520782786664,-86.05891923469838,76.19618380994883,-3.8118322351197973
25.13,-2.2518308883501255,-1.6014531884660164,3.359370068493833,-89.41092970536108,70.33791083370524,-10.129728330729822
25.14,-2.2707641523063598,-1.8180126649077641,3.1443983099321042,-92.34393886719094,65.21192197949209,-15.657887414388595
25.15,-2.2873307582680646,-2.007502206794294,2.9562980211905914,-94.91032188379208,60.726681732055575,-20.49502661259002
25.16,-2.301826538484556,-2.173305555945007,2.7917102685417676,-97.15590702331806,56.80209651554863,-24.72752341101627
25.17,-2.3145103461739867,-2.3183834864518813,2.647695984974047,-99.12079402040331,53.36808445110505,-28.430958109639235
25.18,-2.3256086779022382,-2.445326675645396,2.5216834868522913,-100.8400701428529,50.36332389471691,-31.671463470934334
25.19,-2.3353197181644583,-2.5564019661897217,2.411422550995755,-102.34443674999628,47.734158407877295,-34.506905662067545
25.2,-2.3438168783939006,-2.6535928454160067,2.314944232121286,-103.66075753124674,45.43363860689263,-36.987917579309105
25.21,-2.3512518935946627,-2.738634864739006,2.2305257031061254,-104.8125382148409,43.42068378103105,-39.15880300689547
25.22,-2.3577575318953294,-2.8130466316466305,2.15665949021786,-113.9447205629858,45.37372305840217,-38.205827631033536
25.23,-2.363449965408413,-2.8781569276908017,2.0920265539406273,-121.93538011761257,47.0826324261019,-37.37197417715435
25.24,-2.368430844732361,-2.9351284367294515,2.035472734698049,-128.927207227911,48.57792812283917,-36.64235240501006
25.25,-2.3727891141408155,-2.9849785071382704,1.9859881428607928,-135.04505594942214,49.88631185748427,-36.003933354383804
25.26,-2.3766025998732134,-3.028597318745987,1.9426891250031937,-140.39817358074436,51.03114762529874,-35.44531668508583
25.27,-2.3799393998890617,-3.0667637789027387,1.9048024843777944,-145.0821515081513,52.032878922136405,-34.9565270994501
25.28,-2.561239224902929,-3.449682931539896,1.3053739238305702,-149.18063219463238,52.90939380686935,-34.52883621201884
25.29,-2.719876571790063,-3.7847371900974087,0.7808739333517488,-152.76680279530333,53.67634433101069,-34.154606685516484
25.3,-2.8586842503163052,-4.077909666335232,0.32193644168278024,-155.9047020708904,54.34742603963436,-33.82715584982692
25.31,-2.9801409690267673,-4.334435583043328,-0.0796338635275673,-158.6503639370291,54.93462253468007,-33.54063636859856
25.32,-3.0864155978984216,-4.558895760162912,-0.43100788058662143,-161.05281806990047,55.44841946784506,-33.28993182252374
25.33,-3.179405898161119,-4.755298415142548,-0.7384601455132938,-163.1549654361629,55.897991784364436,-33.07056534470828
25.34,-3.2607724108909792,-4.927150738249729,-1.0074808773241322,-164.99434438164255,56.291367561318886,-32.87861967661974
25.35,-3.331968109529607,-5.077521520968513,-1.2428740176586155,-166.60380095893723,56.635571366154025,-32.71066721704228
25.36,-3.394264345838406,-5.209095955847449,-1.4488430154512888,-168.01207546407008,56.936749695384776,-32.563708814912
25.37,-3.4487735526086056,-5.324223586366518,-1.6290658885198779,-169.24431565606133,57.20028073346168,-32.435120213048
25.38,-3.49646910853253,-5.4249602630707034,-1.7867609024548932,-170.09940057405365,64.25587114177897,-36.999480436417
25.39,-3.538202719965964,-5.5131048551868655,-1.9247440396480315,-170.84759987729694,70.4295127490566,-40.993295631864875
25.4,-3.5747196299702186,-5.590231373288507,-2.0454792846920276,-171.50227426763482,75.83144915542452,-44.48788392788176
25.41,-3.6066719262239415,-5.657717076627444,-2.151122624105524,-172.07511435918045,80.55814351099646,-47.54564868689654
25.42,-3.634630185445949,-5.716767067049013,-2.2435605460923336,-172.5763494392829,84.69400107212189,-50.22119285103447
25.43,-3.6590936622652053,-5.768435808667887,-2.324443727830792,-173.01493013437252,88.31287643810666,-52.562293994655164
25.44,-3.1966405794820543,-5.679785957584401,-2.667237136851943,-173.39868824257596,91.47939238334332,-54.61075749532326
25.45,-2.7919941320467974,-5.602217337886351,-2.9671813697454503,-173.73447658725397,94.2500938354254,-56.403163058407856
25.46,-2.4379284905409477,-5.534344795650558,-3.229632573527269,-174.0282913888472,96.67445760599722,-57.97151792610687
25.47,-2.128121054223329,-5.474956321194239,-3.4592773768363605,-174.2853793402413,98.79577590524757,-59.34382843534351
25.48,-1.857039547445413,-5.422991406044959,-3.6602165797318156,-174.51033129771113,100.65192941709162,-60.544600130925566
25.49,-1.6198432290147364,-5.37752210528934,-3.8360383822653388,-174.70716426049722,102.27606373995516,-61.59527536455987
25.5,-1.4122964503878943,-5.337736467128173,-3.989882459482171,-174.87939310293507,103.69718127246077,-62.51461619398988
25.51,-1.2306930190894076,-5.302924033737152,-4.1244960270468995,-175.0300933400682,104.94065911340317,-63.319039419741145
25.52,-1.0717900167032317,-5.2724631545200085,-4.242282898666037,-175.16195604755967,106.02870222422777,-64.0229097422735
25.53,-0.9327498896153278,-5.2458098852050075,-4.345346411332782,-175.2773359166147,106.9807399461993,-64.63879627448931
25.54,-0.8110897784134119,-5.222488274554382,-4.4355269849161845,-168.73704430203787,118.22627345292439,-73.39394749017814
25.55,-0.7046371811117355,-5.202081865235085,-4.514434986801661,-163.01428913928314,128.06611527130883,-81.05470480390588
25.56,-0.6114911584727686,-5.1842262570807,-4.583479488451454,-158.00687837187274,136.67597686239523,-87.75786745341765
25.57,-0.5299883886636726,-5.168602599945612,-4.643893427395023,-153.62539395038866,144.20960575459583,-93.62313477174044
25.58,-0.4586734650807135,-5.154931899952411,-4.696755623970645,-149.7915950815901,150.80153103527135,-98.75524367527288
25.59,-0.5342345319456243,-4.5656610374583595,-3.3107820459743147,-146.43702107139134,156.56946565586242,-103.24583896586378
25.6,-0.6003504654524213,-4.050049032776065,-2.0980551652275254,-143.50176881246742,161.6164084488796,-107.1751098451308
25.61,-0.6582019072708687,-3.5988885286790566,-1.0369191445740849,-140.933423085909,166.03248339276965,-110.61322186448945
25.62,-0.7088219188620102,-3.2041230875941746,-0.10842512650232417,-138.68612057517038,169.89654896867344,-113.62156988142826
25.63,-0.753114429004259,-2.8587033266449025,0.7040071393104663,-136.71973087827408,173.27760634758926,-116.25387439624973
25.64,-0.7918703753787266,-2.5564610358142894,1.414885371896658,-134.99913989348983,176.2360315541406,-118.55714084671851
25.65,-0.8257818284563858,-2.291999031337503,2.036903825409576,-133.4936227818036,178.82465360987302,-120.5724989908787
25.66,-0.8554543498993377,-2.060594777420315,2.581169972233379,-132.17629530907814,181.0896979086389,-122.33593736701886
25.67,-0.8814178061619204,-1.8581160552427756,3.057402850704207,-131.02363377044338,183.071611670059,-123.8789459461415
25.68,-0.9041358303916804,-1.6809471733374288,3.474106619366181,-130.01505492413796,184.80578621130164,-125.22907845287381
25.69,-0.9240141015927203,-1.5259244016702502,3.838722416945408,-129.1325484336207,186.32318893488892,-126.41044439626458
25.7,-0.9414075888936303,-1.390279476461469,4.157761239827233,-88.60473025441812,166.72966519302778,-128.4022648467315
25.71,-0.9566268902819265,-1.2715901669037855,4.436920209848829,-53.14288934761585,149.5853319188993,-130.14510774089007
25.72,-0.9699437789966857,-1.1677370210408125,4.681184308617725,-22.11377855416387,134.58404030403688,-131.6700952732788
25.73,-0.9815960566221,-1.076865518410711,4.89491539504051,5.036693390106617,121.45791014103227,-133.00445936411896
25.74,-0.9917917995443375,-0.997352953609372,5.081930095660446,28.79335634134329,109.97254624840325,-134.1720279436041
25.75,-0.9406151996012952,-0.29570445940820056,4.58157320870289,49.58043642367538,99.92285284235285,-135.1936504506536
25.76,-0.8958356746511333,0.31823797301782447,4.143760932615029,67.76913149571595,91.12937111205875,-136.0875701443219
25.77,-0.8566535903197416,0.8554376013905964,3.76067519103815,83.68423968375146,83.43507459805141,-136.86974987628165
25.78,-0.8223692665297739,1.325487276216772,3.4254751671583814,97.60995934828253,76.702565148295,-137.55415714174643
25.79,-0.7923704832135521,1.7367807416896754,3.1321751462635836,109.79496405474723,70.81161937975813,-138.15301349902813
25.8,-0.7661215478118582,2.096662523978466,2.8755376279806355,120.45684317290383,65.65704183228837,-138.6770128116496
25.81,-0.7431537293353758,2.411559083481158,2.650979799483056,129.78598740129084,61.146786478252324,-139.1355122101934
25.82,-0.7230568881684538,2.6870935730460133,2.454491699547674,137.94898860112949,57.20031304347078,-139.53669918391924
25.83,-0.705472152147397,2.9281862514152617,2.2825646121042147,145.0916146509883,53.74714878803693,-139.88773778592935
25.84,-0.6900855081289723,3.139142344988354,2.132128410591188,151.34141244461478,50.72563006453231,-140.19489656268817
25.85,-0.6766221946128508,3.32372892686481,2.0004967342672897,156.80998551403792,48.08180118146577,-140.46366049235215
25.86,-0.6648417952862444,3.4852421860067087,1.8853190174838783,186.6374878247832,31.777201158782546,-120.97195305580813
25.87,-0.6545339458754638,3.62656628775587,1.7845385152983935,212.7365523466853,17.510676138934727,-103.9167090488321
25.88,-0.6455145776410307,3.7502248767863864,1.6963555758860942,235.57323380334964,5.027466746567885,-88.99337054272809
25.89,-0.6376226304359018,3.858426142188088,1.6191955039003323,255.55533007793093,-5.895341471753101,-75.93544934988707
25.9,-0.6307171766314141,3.9531022494145773,1.5516804409127907,273.0396643181896,-15.452798662783964,-64.50976830615117
25.91,-0.44419727955248733,3.939222843237755,0.7380300107986919,288.3384567784159,-23.81557370493597,-54.51229739288228
25.92,-0.28099236960842644,3.927078362833036,0.0260858844488554,301.72490018111387,-31.13300186681898,-45.764510343772
25.93,-0.13818807340737313,3.9164519424789064,-0.5968652261072516,313.4380381584746,-37.53575150846661,-38.1101966758005
25.94,-0.01323431423145148,3.907153824669043,-1.1419474478438452,323.68703388866527,-43.13815744490829,-31.412672216325436
25.95,0.09610022504747996,3.8990179715854127,-1.6188943918633645,332.6549051525821,-48.04026263929475,-25.552338314284757
25.96,0.19176794691654497,3.8918991001372363,-2.0362229678804438,340.5017925085093,-52.329604684382915,-20.424546149999163
25.97,0.27547720355197686,3.8856700876200816,-2.401385471895388,347.3678189449456,-56.082778973835055,-15.937728006249266
25.98,0.34872280310797976,3.8802197016675715,-2.7209026629084647,353.3755920768274,-59.366806477105676,-12.011762130468107
25.99,0.41281270271948234,3.875450613959125,-3.000480205044907,358.63239356722397,-62.24033054246747,-8.576541989159594
26.0,0.4688913648795471,3.8712776622142346,-3.2451105544142935,363.23209487132095,-64.75466409965904,-5.570724365514645
26.01,0.5179601942696037,3.8676263294374555,-3.4591621101125067,367.2568335124058,-66.95470596220166,-2.940633944825314
26.02,0.5608954199859033,3.8644314132577735,-3.6464572213484434,357.4434780733551,-65.34474271692645,9.26569517327785
26.03,0.5984637424876654,3.861635861600552,-3.8103404436798884,348.8567920641857,-63.936024877310636,19.946233151618117
26.04,0.6313360246767072,3.859189753900483,-3.9537382632199023,341.34344180616245,-62.70339676764681,29.29170388266585
26.05,0.6600992715921189,3.8570494096629226,-4.0792113553174145,334.76926033039217,-61.62484717169095,37.46899077233262
26.06,0.685267112643104,3.855176608455057,-4.189000310902737,329.0168515390932,-60.681116275229584,44.624116800791036
26.07,0.707288973562716,3.853537907398175,-4.285065647039895,323.98349384670655,-59.85535174082589,50.88485207569215
26.08,1.0038184768673766,3.398119168973403,-3.5037004411599084,319.57930586586826,-59.13280777322265,56.36299544123063
26.09,1.2632817922589545,2.9996277728517278,-2.82000588601492,315.72564138263476,-58.500581801569815,61.1563708860768
26.1,1.4903121932265853,2.6509478012452616,-2.2217731502630556,312.3536849598054,-57.94738407637359,65.3505744003172
26.11,1.688963794073262,2.3458528260896037,-1.6983195064801735,309.4032230898297,-57.46333606682689,69.02050247527755
26.12,1.8627839448141044,2.078894722828403,-1.2402975681701518,306.82156895360094,-57.039794058473525,72.23168954086786
26.13,2.014876576712341,1.8453063824748526,-0.8395283721488827,304.56262158440086,-56.66919480116433,75.04147822325938
26.14,2.1479576296232983,1.640916584665496,-0.4888553256302723,302.5860426363507,-56.34492045101879,77.50004332035196
26.15,2.264403550920386,1.4620755115823092,-0.18201640992648827,300.85653605680693,-56.06118039464144,79.65128778030797
26.16,2.3662937320553374,1.3055895726345206,0.08646764131432277,299.34321779970605,-55.81290784531126,81.53362668276948
26.17,2.4554476405484205,1.1686643760552056,0.3213911861500324,298.01906432474277,-55.59566936464735,83.1806732224233
26.18,2.533457310479868,1.0488548290483048,0.5269492878812784,277.2429314091499,-46.98371069406643,76.23933919462038
26.19,2.6017157716698844,0.9440214754172667,0.7068126268961186,259.06381510800617,-39.44824685730813,70.16567192029284
26.2,2.661441925211149,0.8522922909901083,0.8641930485341038,243.1570883445054,-32.85471600014461,64.85121305525624
26.21,2.713702309559755,0.7720292546163446,1.0019009174673408,229.23870242644225,-27.085376500126536,60.2010615483492
26.22,2.7594301458647856,0.7017990977893015,1.1223953027839233,217.06011474813698,-22.03720443761072,56.132178979805545
26.23,2.6930051276316873,0.6008559605656388,1.193286139935933,206.40385052961986,-17.620053882909378,52.57190673232985
26.24,2.6348832366777266,0.512530715494934,1.2553156224439412,197.0796193384174,-13.755047147545707,49.456668515788614
26.25,2.584026582093011,0.4352461260580673,1.3095914196384486,188.92091704611522,-10.373166254102493,46.73083507631503
26.26,2.5395270093313846,0.3676221103008089,1.3570827421836427,181.78205254035083,-7.414020472339681,44.34573081677565
26.27,2.500589883164962,0.3084510965132078,1.3986376494106874,175.53554609780699,-4.8247679132972205,42.25876458967869
26.28,2.4665198977693414,0.2566764594490568,1.4349981932343514,170.06985296058113,-2.5591719241350677,40.432669140968855
26.29,2.436708660548174,0.21137365201792474,1.4668136690800575,165.2873714655085,-0.5767754336181841,38.83483562334774
26.3,2.410623827979652,0.17173369551568413,1.4946522104450504,161.10270015731996,1.157821495584089,37.43673129542927
26.31,2.3877995994821957,0.1370487335762236,1.5190109341394191,157.44111276265497,2.675593808636078,36.21339000850061
26.32,2.367828399546921,0.10669939187919565,1.5403248173719917,154.2372237923231,4.003644582556568,35.14296638243803
26.33,2.350353599603556,0.0801437178942962,1.5589744652004927,151.4338209432827,5.165689009736997,34.206345709633275
26.34,2.3350631496531116,0.05690750315750917,1.5752929070504311,140.2702187003724,15.951853383519873,43.663677495929115
26.35,2.3216840059464725,0.03657581526282053,1.5895715436691273,130.50206673782586,25.38974721057989,51.93884280893798
26.36,2.3099772552031634,0.018785588354967964,1.6020653507104865,121.95493377059762,33.647904309257406,59.17961245782073
26.37,2.299733848302768,0.0032191398105969674,1.6129974318716758,114.47619242427292,40.873791770600235,65.51528590059314
26.38,2.290770867264922,-0.010401502665727654,1.6225630028877163,107.93229374623881,47.1964432992752,71.059000163019
26.39,2.5121375088568065,0.014800560167488302,1.9384876275267517,102.20638240295897,52.72876338686581,75.90975014264161
26.4,2.7058333202497056,0.03685236514655226,2.214921674085908,97.19620997758909,57.569543463507586,80.15415637481141
26.41,2.875317155218492,0.05614769450323323,2.4568014648251695,92.81230910539045,61.805226030569145,83.86801182795998
26.42,3.0236155108161804,0.07303110769032908,2.6684462817220234,88.97639584221665,65.511448276748,87.11763534946498
26.43,3.1533765719641575,0.08780409422903795,2.8536354965067705,85.61997173693956,68.7543927421545,89.96105593078185
26.44,3.2669175004686375,0.10073045745040822,3.0156760594434244,82.68310064482212,71.59196914938518,92.44904893943412
26.45,3.3662658129100578,0.1120410252691072,3.1574615520129963,80.11333843921935,74.07484850571203,94.62604282200486
26.46,3.4531955862963004,0.1219377721104688,3.2815238580113717,77.86479650931693,76.24736794249803,96.53091246925426
26.47,3.529259138009263,0.13059742559666018,3.39007837575995,75.89732232065232,78.14832244968578,98.19767341059747
26.48,3.595814745758105,0.13817462239707765,3.4850635787899567,74.17578240557079,79.81165764347506,99.6560892342728
26.49,3.6540509025383416,0.14480466959744293,3.5681756314412123,72.66943497987444,81.26707593804068,100.9322030799887
26.5,3.705007539721049,0.15060596089776254,3.6408986775110606,70.32325573239014,71.2005664457856,106.25755331999011
26.51,3.7495945972559177,0.1556820907855422,3.704531342822178,68.27034889084138,62.392370640062396,110.91723477999133
26.52,3.788608272598928,0.1601237044373494,3.7602099249694056,66.47405540448621,54.6851993100546,114.99445605749241
26.53,3.8227452385240617,0.16401011638268073,3.80892868434823,64.90229860392543,47.941424396297776,118.56202467530585
26.54,3.852615083708554,0.16741072683484562,3.851557598804701,63.527011403434756,42.04062134676056,121.68364721589262
26.55,3.8736949482449847,0.5589732609804898,3.5229438989541135,62.323635103005415,36.877418678415495,124.41506693890605
26.56,3.8921398297143615,0.9015904783579286,3.235406911584849,61.27068084012974,32.35961634361356,126.8050591965428
26.57,3.9082791010000664,1.2013805435631875,2.983812047636743,60.34934586011353,28.406539300661866,128.89630242197495
26.58,3.922400963375058,1.463696850617789,2.76366654168215,59.543177752599334,24.947596888079133,130.72614024422808
26.59,3.9347575929531757,1.6932236192905654,2.5710392239718813,58.83778065852442,21.92102227706924,132.32724833869958
26.6,3.9455696438340286,1.8940595418792447,2.4024903209753963,58.220558201208874,19.272769492435586,133.72821792136213
26.61,3.955030188354775,2.069790974144339,2.2550100308534717,57.68048855105776,16.955548305881138,134.95406630619186
26.62,3.963308164810428,2.2235559773762965,2.125964776996788,57.20792760717555,14.927979767645995,136.02668364291787
26.63,3.9705513942091244,2.358100355204259,2.0130501798721894,56.794436781278606,13.153857296690246,136.96522381255315
26.64,3.9768892199329837,2.4758266858037272,1.9142499073881656,56.43263230861878,11.601500134603965,137.786446460984
26.65,3.9824348174413604,2.578837225078261,1.8277996689646447,56.11605339504143,10.243187617778469,138.50501627836098
26.66,3.9872872152611905,2.6689714469434787,1.7521557103440641,55.865296970661255,14.16903941555616,132.76376474356587
26.67,3.9915330633535415,2.747838891075544,1.685967246551056,55.6458850993286,17.604159738611642,127.74016965062015
26.68,3.9952481804343485,2.816847904691101,1.6280523407321739,55.45389971191253,20.60989002128519,123.34452394429263
26.69,3.998498907880055,2.8772307916047133,1.5773767981406521,55.28591249792346,23.23990401862454,119.49833395125606
26.7,4.001343294395048,2.930065817654124,1.5330356983730706,55.13892368568303,25.54116626629647,116.13291770734905
26.71,4.003832132595667,2.9762964654473585,1.4942372360764367,55.01030847497265,27.554770733009413,113.18817849393042
26.72,3.4697338660212083,3.2138932822664388,1.6806345815668822,54.897770165601074,29.316674641383237,110.61153168218912
26.73,3.002397882768557,3.421790496983134,1.843732258871022,54.79929914490094,30.858340561210333,108.35696572191549
26.74,2.5934788974224876,3.603700559860242,1.9864427265121445,54.713137001788326,32.20729824105904,106.38422050667606
26.75,2.2356747852446768,3.7628718648777117,2.1113143856981265,54.63774512656479,33.38763621092666,104.65806844334156
26.76,1.9225961870890922,3.9021467567679977,2.220577087485861,54.57177723574419,34.420431934560824,103.14768538792387
26.77,1.6486524137029557,4.024012287171998,2.3161819515501283,54.51405533127617,35.324128192740716,101.8261002144334
26.78,1.4089516119900862,4.130644626275498,2.3998362076063624,54.46354866486665,36.11486241864813,100.66971318762923
26.79,1.1992134104913252,4.223947922991061,2.473033681655567,54.41935533175832,36.806754866317114,99.65787453917558
26.8,1.0156924841799095,4.305588307617178,2.537081471448621,54.38068616528853,37.41216075802747,98.77251572177863
26.81,0.8551116736574208,4.377023644165031,2.5931232875175434,54.346850644627466,37.94189091327404,97.99782675655631
26.82,0.7146034644502433,4.439529563644402,2.6421598765778507,49.64911931404903,34.53790454911478,86.28622341198677
26.83,0.5916587813939629,4.494222243188851,2.6850668920056195,45.5386043997929,31.55941648047543,76.03857048548842
26.84,0.48408218371971756,4.542078337790245,2.7226105305049173,41.941903849818786,28.953239420416004,67.07187417480236
26.85,0.3899526607547529,4.583952420566464,2.755461214191803,38.794790868591434,26.672834492864006,59.226014902952066
26.86,0.3075893281604088,4.620592242995657,2.7842055624178275,36.0410670100175,24.677480181256005,52.36088804008306
26.87,0.2355214121403577,4.6526520876212,2.809356867115599,33.63155863376531,22.931545158599004,46.35390203507268
26.88,0.029069360622812984,4.63204020166855,2.6724531337261492,31.523238804544647,21.40385201377413,41.097789280688595
26.89,-0.15157618445503865,4.6140048014599815,2.5526623670103805,29.678458953976566,20.067120512052366,36.498690620602524
