time,ax_filtered,ay_filtered,az_filtered,wx_filtered,wy_filtered,wz_filtered
0.000,0.574608,1.222001,9.143935,0.910000,-2.100000,1.680000
0.010,0.574608,1.222001,9.143935,0.910000,-2.100000,1.680000
0.020,0.574608,1.222001,9.143935,0.910000,-2.100000,1.680000
0.030,0.574608,1.222001,9.143935,0.910000,-2.100000,1.680000
0.040,0.574608,1.222001,9.143935,0.910000,-2.100000,1.680000
0.050,0.574608,1.222001,9.143935,0.910000,-2.100000,1.680000
0.060,0.574608,1.222001,9.143935,0.910000,-2.100000,1.680000
0.070,0.574608,1.222001,9.143935,0.910000,-2.100000,1.680000
0.080,0.574608,1.222001,9.143935,0.910000,-2.100000,1.680000
0.090,0.574608,1.222001,9.143935,0.910000,-2.100000,1.680000
0.100,0.574608,1.222001,9.143935,0.910000,-2.100000,1.680000
0.110,0.574608,1.222001,9.143935,0.910000,-2.100000,1.680000
0.120,0.574608,1.222001,9.143935,0.910000,-2.100000,1.680000
0.130,0.574608,1.222001,9.143935,0.910000,-2.100000,1.680000
0.140,0.574608,1.222001,9.143935,0.910000,-2.100000,1.680000
0.150,0.574608,1.222001,9.143935,0.910000,-2.100000,1.680000
0.160,0.586101,-4.400734,4.497651,0.910000,-2.100000,1.680000
0.170,0.586101,-4.400734,4.497651,0.910000,-2.100000,1.680000
0.180,0.586101,-4.400734,4.497651,0.910000,-2.100000,1.680000
0.190,0.586101,-4.400734,4.497651,0.910000,-2.100000,1.680000
0.200,0.586101,-4.400734,4.497651,0.910000,-2.100000,1.680000
0.210,0.586101,-4.400734,4.497651,0.910000,-2.100000,1.680000
0.220,0.586101,-4.400734,4.497651,0.910000,-2.100000,1.680000
0.230,0.586101,-4.400734,4.497651,0.910000,-2.100000,1.680000
0.240,0.586101,-4.400734,4.497651,4.970000,-0.805000,-41.090001
0.250,0.586101,-4.400734,4.497651,4.970000,-0.805000,-41.090001
0.260,0.586101,-4.400734,4.497651,4.970000,-0.805000,-41.090001
0.270,0.586101,-4.400734,4.497651,4.970000,-0.805000,-41.090001
0.280,0.586101,-4.400734,4.497651,4.970000,-0.805000,-41.090001
0.290,0.586101,-4.400734,4.497651,4.970000,-0.805000,-41.090001
0.300,0.586101,-4.400734,4.497651,4.970000,-0.805000,-41.090001
0.310,0.586101,-4.400734,4.497651,4.970000,-0.805000,-41.090001
0.320,0.708301,-0.944426,2.843469,4.970000,-0.805000,-41.090001
0.330,0.708301,-0.944426,2.843469,4.970000,-0.805000,-41.090001
0.340,0.708301,-0.944426,2.843469,4.970000,-0.805000,-41.090001
0.350,0.708301,-0.944426,2.843469,4.970000,-0.805000,-41.090001
0.360,0.708301,-0.944426,2.843469,4.970000,-0.805000,-41.090001
0.370,0.708301,-0.944426,2.843469,4.970000,-0.805000,-41.090001
0.380,0.708301,-0.944426,2.843469,4.970000,-0.805000,-41.090001
0.390,0.708301,-0.944426,2.843469,4.970000,-0.805000,-41.090001
0.400,0.708301,-0.944426,2.843469,27.195001,-31.710000,3.080000
0.410,0.708301,-0.944426,2.843469,27.195001,-31.710000,3.080000
0.420,0.708301,-0.944426,2.843469,27.195001,-31.710000,3.080000
0.430,0.708301,-0.944426,2.843469,27.195001,-31.710000,3.080000
0.440,0.708301,-0.944426,2.843469,27.195001,-31.710000,3.080000
0.450,0.708301,-0.944426,2.843469,27.195001,-31.710000,3.080000
0.460,0.708301,-0.944426,2.843469,27.195001,-31.710000,3.080000
0.470,0.708301,-0.944426,2.843469,27.195001,-31.710000,3.080000
0.480,-2.614775,-3.910141,0.252153,27.195001,-31.710000,3.080000
0.490,-2.614775,-3.910141,0.252153,27.195001,-31.710000,3.080000
0.500,-2.614775,-3.910141,0.252153,27.195001,-31.710000,3.080000
0.510,-2.614775,-3.910141,0.252153,27.195001,-31.710000,3.080000
0.520,-2.614775,-3.910141,0.252153,27.195001,-31.710000,3.080000
0.530,-2.614775,-3.910141,0.252153,27.195001,-31.710000,3.080000
0.540,-2.614775,-3.910141,0.252153,27.195001,-31.710000,3.080000
0.550,-2.614775,-3.910141,0.252153,27.195001,-31.710000,3.080000
0.560,-2.614775,-3.910141,0.252153,27.195001,-31.710000,3.080000
0.570,-2.614775,-3.910141,0.252153,-18.340000,61.600001,86.204999
0.580,-2.614775,-3.910141,0.252153,-18.340000,61.600001,86.204999
0.590,-2.614775,-3.910141,0.252153,-18.340000,61.600001,86.204999
0.600,-2.614775,-3.910141,0.252153,-18.340000,61.600001,86.204999
0.610,-2.614775,-3.910141,0.252153,-18.340000,61.600001,86.204999
0.620,-2.614775,-3.910141,0.252153,-18.340000,61.600001,86.204999
0.630,-2.614775,-3.910141,0.252153,-18.340000,61.600001,86.204999
0.640,-2.614775,-3.910141,0.252153,-18.340000,61.600001,86.204999
0.650,-1.685763,-5.342271,0.059986,-18.340000,61.600001,86.204999
0.660,-1.685763,-5.342271,0.059986,-18.340000,61.600001,86.204999
0.670,-1.685763,-5.342271,0.059986,-18.340000,61.600001,86.204999
0.680,-1.685763,-5.342271,0.059986,-18.340000,61.600001,86.204999
0.690,-1.685763,-5.342271,0.059986,-18.340000,61.600001,86.204999
0.700,-1.685763,-5.342271,0.059986,-18.340000,61.600001,86.204999
0.710,-1.685763,-5.342271,0.059986,-18.340000,61.600001,86.204999
0.720,-1.685763,-5.342271,0.059986,-18.340000,61.600001,86.204999
0.730,-1.685763,-5.342271,0.059986,-142.695001,131.424997,24.780000
0.740,-1.685763,-5.342271,0.059986,-142.695001,131.424997,24.780000
0.750,-1.685763,-5.342271,0.059986,-142.695001,131.424997,24.780000
0.760,-1.685763,-5.342271,0.059986,-142.695001,131.424997,24.780000
0.770,-1.685763,-5.342271,0.059986,-142.695001,131.424997,24.780000
0.780,-1.685763,-5.342271,0.059986,-142.695001,131.424997,24.780000
0.790,-1.685763,-5.342271,0.059986,-142.695001,131.424997,24.780000
0.800,-2.698940,-11.745641,1.400234,-142.695001,131.424997,24.780000
0.810,-2.698940,-11.745641,1.400234,-142.695001,131.424997,24.780000
0.820,-2.698940,-11.745641,1.400234,-142.695001,131.424997,24.780000
0.830,-2.698940,-11.745641,1.400234,-142.695001,131.424997,24.780000
0.840,-2.698940,-11.745641,1.400234,-142.695001,131.424997,24.780000
0.850,-2.698940,-11.745641,1.400234,-142.695001,131.424997,24.780000
0.860,-2.698940,-11.745641,1.400234,-142.695001,131.424997,24.780000
0.870,-2.698940,-11.745641,1.400234,-142.695001,131.424997,24.780000
0.880,-2.698940,-11.745641,1.400234,-233.100013,173.145009,-209.685004
0.890,-2.698940,-11.745641,1.400234,-233.100013,173.145009,-209.685004
0.900,-2.698940,-11.745641,1.400234,-233.100013,173.145009,-209.685004
0.910,-2.698940,-11.745641,1.400234,-233.100013,173.145009,-209.685004
0.920,-2.698940,-11.745641,1.400234,-233.100013,173.145009,-209.685004
0.930,-2.698940,-11.745641,1.400234,-233.100013,173.145009,-209.685004
0.940,-2.698940,-11.745641,1.400234,-233.100013,173.145009,-209.685004
0.950,-2.698940,-11.745641,1.400234,-233.100013,173.145009,-209.685004
0.960,-7.029916,-16.446958,5.424004,-233.100013,173.145009,-209.685004
0.970,-7.029916,-16.446958,5.424004,-233.100013,173.145009,-209.685004
0.980,-7.029916,-16.446958,5.424004,-233.100013,173.145009,-209.685004
0.990,-7.029916,-16.446958,5.424004,-233.100013,173.145009,-209.685004
1.000,-7.029916,-16.446958,5.424004,-233.100013,173.145009,-209.685004
1.010,-7.029916,-16.446958,5.424004,-233.100013,173.145009,-209.685004
1.020,-7.029916,-16.446958,5.424004,-233.100013,173.145009,-209.685004
1.030,-7.029916,-16.446958,5.424004,-233.100013,173.145009,-209.685004
1.040,-7.029916,-16.446958,5.424004,-114.555004,137.304998,-298.305015
1.050,-7.029916,-16.446958,5.424004,-114.555004,137.304998,-298.305015
1.060,-7.029916,-16.446958,5.424004,-114.555004,137.304998,-298.305015
1.070,-7.029916,-16.446958,5.424004,-114.555004,137.304998,-298.305015
1.080,-7.029916,-16.446958,5.424004,-114.555004,137.304998,-298.305015
1.090,-7.029916,-16.446958,5.424004,-114.555004,137.304998,-298.305015
1.100,-7.029916,-16.446958,5.424004,-114.555004,137.304998,-298.305015
1.110,-7.029916,-16.446958,5.424004,-114.555004,137.304998,-298.305015
1.120,-0.703370,0.127380,7.666186,-114.555004,137.304998,-298.305015
1.130,-0.703370,0.127380,7.666186,-114.555004,137.304998,-298.305015
1.140,-0.703370,0.127380,7.666186,-114.555004,137.304998,-298.305015
1.150,-0.703370,0.127380,7.666186,-114.555004,137.304998,-298.305015
1.160,-0.703370,0.127380,7.666186,-114.555004,137.304998,-298.305015
1.170,-0.703370,0.127380,7.666186,-114.555004,137.304998,-298.305015
1.180,-0.703370,0.127380,7.666186,-114.555004,137.304998,-298.305015
1.190,-0.703370,0.127380,7.666186,-114.555004,137.304998,-298.305015
1.200,-0.703370,0.127380,7.666186,381.185017,94.465000,-184.275007
1.210,-0.703370,0.127380,7.666186,381.185017,94.465000,-184.275007
1.220,-0.703370,0.127380,7.666186,381.185017,94.465000,-184.275007
1.230,-0.703370,0.127380,7.666186,381.185017,94.465000,-184.275007
1.240,-0.703370,0.127380,7.666186,381.185017,94.465000,-184.275007
1.250,-0.703370,0.127380,7.666186,381.185017,94.465000,-184.275007
1.260,-0.703370,0.127380,7.666186,381.185017,94.465000,-184.275007
1.270,-0.703370,0.127380,7.666186,381.185017,94.465000,-184.275007
1.280,-1.554853,3.656814,-4.788442,381.185017,94.465000,-184.275007
1.290,-1.554853,3.656814,-4.788442,381.185017,94.465000,-184.275007
1.300,-1.554853,3.656814,-4.788442,381.185017,94.465000,-184.275007
1.310,-1.554853,3.656814,-4.788442,381.185017,94.465000,-184.275007
1.320,-1.554853,3.656814,-4.788442,381.185017,94.465000,-184.275007
1.330,-1.554853,3.656814,-4.788442,381.185017,94.465000,-184.275007
1.340,-1.554853,3.656814,-4.788442,381.185017,94.465000,-184.275007
1.350,-1.554853,3.656814,-4.788442,381.185017,94.465000,-184.275007
1.360,-1.554853,3.656814,-4.788442,381.185017,94.465000,-184.275007
1.370,-1.554853,3.656814,-4.788442,398.090008,26.705000,279.089999
1.380,-1.554853,3.656814,-4.788442,398.090008,26.705000,279.089999
1.390,-1.554853,3.656814,-4.788442,398.090008,26.705000,279.089999
1.400,-1.554853,3.656814,-4.788442,398.090008,26.705000,279.089999
1.410,-1.554853,3.656814,-4.788442,398.090008,26.705000,279.089999
1.420,-1.554853,3.656814,-4.788442,398.090008,26.705000,279.089999
1.430,-1.554853,3.656814,-4.788442,398.090008,26.705000,279.089999
1.440,-1.554853,3.656814,-4.788442,398.090008,26.705000,279.089999
1.450,2.943098,3.465584,-7.136667,398.090008,26.705000,279.089999
1.460,2.943098,3.465584,-7.136667,398.090008,26.705000,279.089999
1.470,2.943098,3.465584,-7.136667,398.090008,26.705000,279.089999
1.480,2.943098,3.465584,-7.136667,398.090008,26.705000,279.089999
1.490,2.943098,3.465584,-7.136667,398.090008,26.705000,279.089999
1.500,2.943098,3.465584,-7.136667,398.090008,26.705000,279.089999
1.510,2.943098,3.465584,-7.136667,398.090008,26.705000,279.089999
1.520,2.943098,3.465584,-7.136667,398.090008,26.705000,279.089999
1.530,2.943098,3.465584,-7.136667,58.134998,109.865000,182.245006
1.540,2.943098,3.465584,-7.136667,58.134998,109.865000,182.245006
1.550,2.943098,3.465584,-7.136667,58.134998,109.865000,182.245006
1.560,2.943098,3.465584,-7.136667,58.134998,109.865000,182.245006
1.570,2.943098,3.465584,-7.136667,58.134998,109.865000,182.245006
1.580,2.943098,3.465584,-7.136667,58.134998,109.865000,182.245006
1.590,2.943098,3.465584,-7.136667,58.134998,109.865000,182.245006
1.600,10.257259,-5.454010,2.157055,58.134998,109.865000,182.245006
1.610,10.257259,-5.454010,2.157055,58.134998,109.865000,182.245006
1.620,10.257259,-5.454010,2.157055,58.134998,109.865000,182.245006
1.630,10.257259,-5.454010,2.157055,58.134998,109.865000,182.245006
1.640,10.257259,-5.454010,2.157055,58.134998,109.865000,182.245006
1.650,10.257259,-5.454010,2.157055,58.134998,109.865000,182.245006
1.660,10.257259,-5.454010,2.157055,58.134998,109.865000,182.245006
1.670,10.257259,-5.454010,2.157055,58.134998,109.865000,182.245006
1.680,10.257259,-5.454010,2.157055,-27.895000,115.850008,-8.610000
1.690,10.257259,-5.454010,2.157055,-27.895000,115.850008,-8.610000
1.700,10.257259,-5.454010,2.157055,-27.895000,115.850008,-8.610000
1.710,10.257259,-5.454010,2.157055,-27.895000,115.850008,-8.610000
1.720,10.257259,-5.454010,2.157055,-27.895000,115.850008,-8.610000
1.730,10.257259,-5.454010,2.157055,-27.895000,115.850008,-8.610000
1.740,10.257259,-5.454010,2.157055,-27.895000,115.850008,-8.610000
1.750,10.257259,-5.454010,2.157055,-27.895000,115.850008,-8.610000
1.760,7.575653,1.026619,5.698104,-27.895000,115.850008,-8.610000
1.770,7.575653,1.026619,5.698104,-27.895000,115.850008,-8.610000
1.780,7.575653,1.026619,5.698104,-27.895000,115.850008,-8.610000
1.790,7.575653,1.026619,5.698104,-27.895000,115.850008,-8.610000
1.800,7.575653,1.026619,5.698104,-27.895000,115.850008,-8.610000
1.810,7.575653,1.026619,5.698104,-27.895000,115.850008,-8.610000
1.820,7.575653,1.026619,5.698104,-27.895000,115.850008,-8.610000
1.830,7.575653,1.026619,5.698104,-27.895000,115.850008,-8.610000
1.840,7.575653,1.026619,5.698104,-27.895000,115.850008,-8.610000
1.850,7.575653,1.026619,5.698104,-22.434999,117.424995,26.040001
1.860,7.575653,1.026619,5.698104,-22.434999,117.424995,26.040001
1.870,7.575653,1.026619,5.698104,-22.434999,117.424995,26.040001
1.880,7.575653,1.026619,5.698104,-22.434999,117.424995,26.040001
1.890,7.575653,1.026619,5.698104,-22.434999,117.424995,26.040001
1.900,7.575653,1.026619,5.698104,-22.434999,117.424995,26.040001
1.910,7.575653,1.026619,5.698104,-22.434999,117.424995,26.040001
1.920,7.575653,1.026619,5.698104,-22.434999,117.424995,26.040001
1.930,3.449885,3.711575,0.019077,-22.434999,117.424995,26.040001
1.940,3.449885,3.711575,0.019077,-22.434999,117.424995,26.040001
1.950,3.449885,3.711575,0.019077,-22.434999,117.424995,26.040001
1.960,3.449885,3.711575,0.019077,-22.434999,117.424995,26.040001
1.970,3.449885,3.711575,0.019077,-22.434999,117.424995,26.040001
1.980,3.449885,3.711575,0.019077,-22.434999,117.424995,26.040001
1.990,3.449885,3.711575,0.019077,-22.434999,117.424995,26.040001
2.000,3.449885,3.711575,0.019077,-22.434999,117.424995,26.040001
2.010,3.449885,3.711575,0.019077,2.415000,52.674999,12.145000
2.020,3.449885,3.711575,0.019077,2.415000,52.674999,12.145000
2.030,3.449885,3.711575,0.019077,2.415000,52.674999,12.145000
2.040,3.449885,3.711575,0.019077,2.415000,52.674999,12.145000
2.050,3.449885,3.711575,0.019077,2.415000,52.674999,12.145000
2.060,3.449885,3.711575,0.019077,2.415000,52.674999,12.145000
2.070,3.449885,3.711575,0.019077,2.415000,52.674999,12.145000
2.080,3.449885,3.711575,0.019077,2.415000,52.674999,12.145000
2.090,-3.101098,1.099867,-2.030345,2.415000,52.674999,12.145000
2.100,-3.101098,1.099867,-2.030345,2.415000,52.674999,12.145000
2.110,-3.101098,1.099867,-2.030345,2.415000,52.674999,12.145000
2.120,-3.101098,1.099867,-2.030345,2.415000,52.674999,12.145000
2.130,-3.101098,1.099867,-2.030345,2.415000,52.674999,12.145000
2.140,-3.101098,1.099867,-2.030345,2.415000,52.674999,12.145000
2.150,-3.101098,1.099867,-2.030345,2.415000,52.674999,12.145000
2.160,-3.101098,1.099867,-2.030345,2.415000,52.674999,12.145000
2.170,-3.101098,1.099867,-2.030345,-1.365000,98.175001,-2.065000
2.180,-3.101098,1.099867,-2.030345,-1.365000,98.175001,-2.065000
2.190,-3.101098,1.099867,-2.030345,-1.365000,98.175001,-2.065000
2.200,-3.101098,1.099867,-2.030345,-1.365000,98.175001,-2.065000
2.210,-3.101098,1.099867,-2.030345,-1.365000,98.175001,-2.065000
2.220,-3.101098,1.099867,-2.030345,-1.365000,98.175001,-2.065000
2.230,-3.101098,1.099867,-2.030345,-1.365000,98.175001,-2.065000
2.240,-3.101098,1.099867,-2.030345,-1.365000,98.175001,-2.065000
2.250,-2.448317,-0.363176,0.001866,-1.365000,98.175001,-2.065000
2.260,-2.448317,-0.363176,0.001866,-1.365000,98.175001,-2.065000
2.270,-2.448317,-0.363176,0.001866,-1.365000,98.175001,-2.065000
2.280,-2.448317,-0.363176,0.001866,-1.365000,98.175001,-2.065000
2.290,-2.448317,-0.363176,0.001866,-1.365000,98.175001,-2.065000
2.300,-2.448317,-0.363176,0.001866,-1.365000,98.175001,-2.065000
2.310,-2.448317,-0.363176,0.001866,-1.365000,98.175001,-2.065000
2.320,-2.448317,-0.363176,0.001866,-1.365000,98.175001,-2.065000
2.330,-2.448317,-0.363176,0.001866,-46.339999,22.890001,8.750000
2.340,-2.448317,-0.363176,0.001866,-46.339999,22.890001,8.750000
2.350,-2.448317,-0.363176,0.001866,-46.339999,22.890001,8.750000
2.360,-2.448317,-0.363176,0.001866,-46.339999,22.890001,8.750000
2.370,-2.448317,-0.363176,0.001866,-46.339999,22.890001,8.750000
2.380,-2.448317,-0.363176,0.001866,-46.339999,22.890001,8.750000
2.390,-2.448317,-0.363176,0.001866,-46.339999,22.890001,8.750000
2.400,-2.448317,-0.363176,0.001866,-46.339999,22.890001,8.750000
2.410,-2.717137,-2.732626,-3.118631,-46.339999,22.890001,8.750000
2.420,-2.717137,-2.732626,-3.118631,-46.339999,22.890001,8.750000
2.430,-2.717137,-2.732626,-3.118631,-46.339999,22.890001,8.750000
2.440,-2.717137,-2.732626,-3.118631,-46.339999,22.890001,8.750000
2.450,-2.717137,-2.732626,-3.118631,-46.339999,22.890001,8.750000
2.460,-2.717137,-2.732626,-3.118631,-46.339999,22.890001,8.750000
2.470,-2.717137,-2.732626,-3.118631,-46.339999,22.890001,8.750000
2.480,-2.717137,-2.732626,-3.118631,-127.994999,73.639999,9.520000
2.490,-2.717137,-2.732626,-3.118631,-127.994999,73.639999,9.520000
2.500,-2.717137,-2.732626,-3.118631,-127.994999,73.639999,9.520000
2.510,-2.717137,-2.732626,-3.118631,-127.994999,73.639999,9.520000
2.520,-2.717137,-2.732626,-3.118631,-127.994999,73.639999,9.520000
2.530,-2.717137,-2.732626,-3.118631,-127.994999,73.639999,9.520000
2.540,-2.717137,-2.732626,-3.118631,-127.994999,73.639999,9.520000
2.550,-2.717137,-2.732626,-3.118631,-127.994999,73.639999,9.520000
2.560,-6.232360,-10.473869,-6.735515,-127.994999,73.639999,9.520000
2.570,-6.232360,-10.473869,-6.735515,-127.994999,73.639999,9.520000
2.580,-6.232360,-10.473869,-6.735515,-127.994999,73.639999,9.520000
2.590,-6.232360,-10.473869,-6.735515,-127.994999,73.639999,9.520000
2.600,-6.232360,-10.473869,-6.735515,-127.994999,73.639999,9.520000
2.610,-6.232360,-10.473869,-6.735515,-127.994999,73.639999,9.520000
2.620,-6.232360,-10.473869,-6.735515,-127.994999,73.639999,9.520000
2.630,-6.232360,-10.473869,-6.735515,-127.994999,73.639999,9.520000
2.640,-6.232360,-10.473869,-6.735515,-127.994999,73.639999,9.520000
2.650,-6.232360,-10.473869,-6.735515,-266.805002,190.050000,-229.249999
2.660,-6.232360,-10.473869,-6.735515,-266.805002,190.050000,-229.249999
2.670,-6.232360,-10.473869,-6.735515,-266.805002,190.050000,-229.249999
2.680,-6.232360,-10.473869,-6.735515,-266.805002,190.050000,-229.249999
2.690,-6.232360,-10.473869,-6.735515,-266.805002,190.050000,-229.249999
2.700,-6.232360,-10.473869,-6.735515,-266.805002,190.050000,-229.249999
2.710,-6.232360,-10.473869,-6.735515,-266.805002,190.050000,-229.249999
2.720,-6.232360,-10.473869,-6.735515,-266.805002,190.050000,-229.249999
2.730,-6.612030,-9.250584,1.830585,-266.805002,190.050000,-229.249999
2.740,-6.612030,-9.250584,1.830585,-266.805002,190.050000,-229.249999
2.750,-6.612030,-9.250584,1.830585,-266.805002,190.050000,-229.249999
2.760,-6.612030,-9.250584,1.830585,-266.805002,190.050000,-229.249999
2.770,-6.612030,-9.250584,1.830585,-266.805002,190.050000,-229.249999
2.780,-6.612030,-9.250584,1.830585,-266.805002,190.050000,-229.249999
2.790,-6.612030,-9.250584,1.830585,-266.805002,190.050000,-229.249999
2.800,-6.612030,-9.250584,1.830585,-266.805002,190.050000,-229.249999
2.810,-6.612030,-9.250584,1.830585,-115.465004,152.635002,-262.745001
2.820,-6.612030,-9.250584,1.830585,-115.465004,152.635002,-262.745001
2.830,-6.612030,-9.250584,1.830585,-115.465004,152.635002,-262.745001
2.840,-6.612030,-9.250584,1.830585,-115.465004,152.635002,-262.745001
2.850,-6.612030,-9.250584,1.830585,-115.465004,152.635002,-262.745001
2.860,-6.612030,-9.250584,1.830585,-115.465004,152.635002,-262.745001
2.870,-6.612030,-9.250584,1.830585,-115.465004,152.635002,-262.745001
2.880,-6.612030,-9.250584,1.830585,-115.465004,152.635002,-262.745001
2.890,2.164963,8.778589,8.951616,-115.465004,152.635002,-262.745001
2.900,2.164963,8.778589,8.951616,-115.465004,152.635002,-262.745001
2.910,2.164963,8.778589,8.951616,-115.465004,152.635002,-262.745001
2.920,2.164963,8.778589,8.951616,-115.465004,152.635002,-262.745001
2.930,2.164963,8.778589,8.951616,-115.465004,152.635002,-262.745001
2.940,2.164963,8.778589,8.951616,-115.465004,152.635002,-262.745001
2.950,2.164963,8.778589,8.951616,-115.465004,152.635002,-262.745001
2.960,2.164963,8.778589,8.951616,-115.465004,152.635002,-262.745001
2.970,2.164963,8.778589,8.951616,418.284992,242.479994,-144.829995
2.980,2.164963,8.778589,8.951616,418.284992,242.479994,-144.829995
2.990,2.164963,8.778589,8.951616,418.284992,242.479994,-144.829995
3.000,2.164963,8.778589,8.951616,418.284992,242.479994,-144.829995
3.010,2.164963,8.778589,8.951616,418.284992,242.479994,-144.829995
3.020,2.164963,8.778589,8.951616,418.284992,242.479994,-144.829995
3.030,2.164963,8.778589,8.951616,418.284992,242.479994,-144.829995
3.040,-4.427832,-0.753496,-7.678927,418.284992,242.479994,-144.829995
3.050,-4.427832,-0.753496,-7.678927,418.284992,242.479994,-144.829995
3.060,-4.427832,-0.753496,-7.678927,418.284992,242.479994,-144.829995
3.070,-4.427832,-0.753496,-7.678927,418.284992,242.479994,-144.829995
3.080,-4.427832,-0.753496,-7.678927,418.284992,242.479994,-144.829995
3.090,-4.427832,-0.753496,-7.678927,418.284992,242.479994,-144.829995
3.100,-4.427832,-0.753496,-7.678927,418.284992,242.479994,-144.829995
3.110,-4.427832,-0.753496,-7.678927,418.284992,242.479994,-144.829995
3.120,-4.427832,-0.753496,-7.678927,418.284992,242.479994,-144.829995
3.130,-4.427832,-0.753496,-7.678927,353.080018,9.100000,437.605002
3.140,-4.427832,-0.753496,-7.678927,353.080018,9.100000,437.605002
3.150,-4.427832,-0.753496,-7.678927,353.080018,9.100000,437.605002
3.160,-4.427832,-0.753496,-7.678927,353.080018,9.100000,437.605002
3.170,-4.427832,-0.753496,-7.678927,353.080018,9.100000,437.605002
3.180,-4.427832,-0.753496,-7.678927,353.080018,9.100000,437.605002
3.190,-4.427832,-0.753496,-7.678927,353.080018,9.100000,437.605002
3.200,-4.427832,-0.753496,-7.678927,353.080018,9.100000,437.605002
3.210,3.264929,4.827253,-0.379820,353.080018,9.100000,437.605002
3.220,3.264929,4.827253,-0.379820,353.080018,9.100000,437.605002
3.230,3.264929,4.827253,-0.379820,353.080018,9.100000,437.605002
3.240,3.264929,4.827253,-0.379820,353.080018,9.100000,437.605002
3.250,3.264929,4.827253,-0.379820,353.080018,9.100000,437.605002
3.260,3.264929,4.827253,-0.379820,353.080018,9.100000,437.605002
3.270,3.264929,4.827253,-0.379820,353.080018,9.100000,437.605002
3.280,3.264929,4.827253,-0.379820,67.935001,34.439999,145.635001
3.290,3.264929,4.827253,-0.379820,67.935001,34.439999,145.635001
3.300,3.264929,4.827253,-0.379820,67.935001,34.439999,145.635001
3.310,3.264929,4.827253,-0.379820,67.935001,34.439999,145.635001
3.320,3.264929,4.827253,-0.379820,67.935001,34.439999,145.635001
3.330,3.264929,4.827253,-0.379820,67.935001,34.439999,145.635001
3.340,3.264929,4.827253,-0.379820,67.935001,34.439999,145.635001
3.350,3.264929,4.827253,-0.379820,67.935001,34.439999,145.635001
3.360,4.793540,-0.085758,2.686024,67.935001,34.439999,145.635001
3.370,4.793540,-0.085758,2.686024,67.935001,34.439999,145.635001
3.380,4.793540,-0.085758,2.686024,67.935001,34.439999,145.635001
3.390,4.793540,-0.085758,2.686024,67.935001,34.439999,145.635001
3.400,4.793540,-0.085758,2.686024,67.935001,34.439999,145.635001
3.410,4.793540,-0.085758,2.686024,67.935001,34.439999,145.635001
3.420,4.793540,-0.085758,2.686024,67.935001,34.439999,145.635001
3.430,4.793540,-0.085758,2.686024,67.935001,34.439999,145.635001
3.440,4.793540,-0.085758,2.686024,-31.219999,42.769999,-100.695000
3.450,4.793540,-0.085758,2.686024,-31.219999,42.769999,-100.695000
3.460,4.793540,-0.085758,2.686024,-31.219999,42.769999,-100.695000
3.470,4.793540,-0.085758,2.686024,-31.219999,42.769999,-100.695000
3.480,4.793540,-0.085758,2.686024,-31.219999,42.769999,-100.695000
3.490,4.793540,-0.085758,2.686024,-31.219999,42.769999,-100.695000
3.500,4.793540,-0.085758,2.686024,-31.219999,42.769999,-100.695000
3.510,4.793540,-0.085758,2.686024,-31.219999,42.769999,-100.695000
3.520,4.225565,1.705018,3.288459,-31.219999,42.769999,-100.695000
3.530,4.225565,1.705018,3.288459,-31.219999,42.769999,-100.695000
3.540,4.225565,1.705018,3.288459,-31.219999,42.769999,-100.695000
3.550,4.225565,1.705018,3.288459,-31.219999,42.769999,-100.695000
3.560,4.225565,1.705018,3.288459,-31.219999,42.769999,-100.695000
3.570,4.225565,1.705018,3.288459,-31.219999,42.769999,-100.695000
3.580,4.225565,1.705018,3.288459,-31.219999,42.769999,-100.695000
3.590,4.225565,1.705018,3.288459,-31.219999,42.769999,-100.695000
3.600,4.225565,1.705018,3.288459,-32.935001,42.489999,14.035001
3.610,4.225565,1.705018,3.288459,-32.935001,42.489999,14.035001
3.620,4.225565,1.705018,3.288459,-32.935001,42.489999,14.035001
3.630,4.225565,1.705018,3.288459,-32.935001,42.489999,14.035001
3.640,4.225565,1.705018,3.288459,-32.935001,42.489999,14.035001
3.650,4.225565,1.705018,3.288459,-32.935001,42.489999,14.035001
3.660,4.225565,1.705018,3.288459,-32.935001,42.489999,14.035001
3.670,4.225565,1.705018,3.288459,-32.935001,42.489999,14.035001
3.680,2.189098,1.749002,2.123196,-32.935001,42.489999,14.035001
3.690,2.189098,1.749002,2.123196,-32.935001,42.489999,14.035001
3.700,2.189098,1.749002,2.123196,-32.935001,42.489999,14.035001
3.710,2.189098,1.749002,2.123196,-32.935001,42.489999,14.035001
3.720,2.189098,1.749002,2.123196,-32.935001,42.489999,14.035001
3.730,2.189098,1.749002,2.123196,-32.935001,42.489999,14.035001
3.740,2.189098,1.749002,2.123196,-32.935001,42.489999,14.035001
3.750,2.189098,1.749002,2.123196,-32.935001,42.489999,14.035001
3.760,2.189098,1.749002,2.123196,-32.935001,42.489999,14.035001
3.770,2.189098,1.749002,2.123196,-12.110001,86.870000,-1.470000
3.780,2.189098,1.749002,2.123196,-12.110001,86.870000,-1.470000
3.790,2.189098,1.749002,2.123196,-12.110001,86.870000,-1.470000
3.800,2.189098,1.749002,2.123196,-12.110001,86.870000,-1.470000
3.810,2.189098,1.749002,2.123196,-12.110001,86.870000,-1.470000
3.820,2.189098,1.749002,2.123196,-12.110001,86.870000,-1.470000
3.830,2.189098,1.749002,2.123196,-12.110001,86.870000,-1.470000
3.840,1.000456,1.895281,-0.136359,-12.110001,86.870000,-1.470000
3.850,1.000456,1.895281,-0.136359,-12.110001,86.870000,-1.470000
3.860,1.000456,1.895281,-0.136359,-12.110001,86.870000,-1.470000
3.870,1.000456,1.895281,-0.136359,-12.110001,86.870000,-1.470000
3.880,1.000456,1.895281,-0.136359,-12.110001,86.870000,-1.470000
3.890,1.000456,1.895281,-0.136359,-12.110001,86.870000,-1.470000
3.900,1.000456,1.895281,-0.136359,-12.110001,86.870000,-1.470000
3.910,1.000456,1.895281,-0.136359,-12.110001,86.870000,-1.470000
3.920,1.000456,1.895281,-0.136359,-12.110001,86.870000,-1.470000
3.930,1.000456,1.895281,-0.136359,-24.255001,50.225000,16.415000
3.940,1.000456,1.895281,-0.136359,-24.255001,50.225000,16.415000
3.950,1.000456,1.895281,-0.136359,-24.255001,50.225000,16.415000
3.960,1.000456,1.895281,-0.136359,-24.255001,50.225000,16.415000
3.970,1.000456,1.895281,-0.136359,-24.255001,50.225000,16.415000
3.980,1.000456,1.895281,-0.136359,-24.255001,50.225000,16.415000
3.990,1.000456,1.895281,-0.136359,-24.255001,50.225000,16.415000
4.000,1.000456,1.895281,-0.136359,-24.255001,50.225000,16.415000
4.010,-1.712589,-2.084655,-3.681236,-24.255001,50.225000,16.415000
4.020,-1.712589,-2.084655,-3.681236,-24.255001,50.225000,16.415000
4.030,-1.712589,-2.084655,-3.681236,-24.255001,50.225000,16.415000
4.040,-1.712589,-2.084655,-3.681236,-24.255001,50.225000,16.415000
4.050,-1.712589,-2.084655,-3.681236,-24.255001,50.225000,16.415000
4.060,-1.712589,-2.084655,-3.681236,-24.255001,50.225000,16.415000
4.070,-1.712589,-2.084655,-3.681236,-24.255001,50.225000,16.415000
4.080,-1.712589,-2.084655,-3.681236,-24.255001,50.225000,16.415000
4.090,-1.712589,-2.084655,-3.681236,-74.725002,-25.025000,47.425002
4.100,-1.712589,-2.084655,-3.681236,-74.725002,-25.025000,47.425002
4.110,-1.712589,-2.084655,-3.681236,-74.725002,-25.025000,47.425002
4.120,-1.712589,-2.084655,-3.681236,-74.725002,-25.025000,47.425002
4.130,-1.712589,-2.084655,-3.681236,-74.725002,-25.025000,47.425002
4.140,-1.712589,-2.084655,-3.681236,-74.725002,-25.025000,47.425002
4.150,-1.712589,-2.084655,-3.681236,-74.725002,-25.025000,47.425002
4.160,-3.478884,-4.828071,-1.282455,-74.725002,-25.025000,47.425002
4.170,-3.478884,-4.828071,-1.282455,-74.725002,-25.025000,47.425002
4.180,-3.478884,-4.828071,-1.282455,-74.725002,-25.025000,47.425002
4.190,-3.478884,-4.828071,-1.282455,-74.725002,-25.025000,47.425002
4.200,-3.478884,-4.828071,-1.282455,-74.725002,-25.025000,47.425002
4.210,-3.478884,-4.828071,-1.282455,-74.725002,-25.025000,47.425002
4.220,-3.478884,-4.828071,-1.282455,-74.725002,-25.025000,47.425002
4.230,-3.478884,-4.828071,-1.282455,-74.725002,-25.025000,47.425002
4.240,-3.478884,-4.828071,-1.282455,-74.725002,-25.025000,47.425002
4.250,-3.478884,-4.828071,-1.282455,-85.715001,108.570003,-15.575000
4.260,-3.478884,-4.828071,-1.282455,-85.715001,108.570003,-15.575000
4.270,-3.478884,-4.828071,-1.282455,-85.715001,108.570003,-15.575000
4.280,-3.478884,-4.828071,-1.282455,-85.715001,108.570003,-15.575000
4.290,-3.478884,-4.828071,-1.282455,-85.715001,108.570003,-15.575000
4.300,-3.478884,-4.828071,-1.282455,-85.715001,108.570003,-15.575000
4.310,-3.478884,-4.828071,-1.282455,-85.715001,108.570003,-15.575000
4.320,-3.478884,-4.828071,-1.282455,-85.715001,108.570003,-15.575000
4.330,-3.030189,-4.783744,2.419770,-85.715001,108.570003,-15.575000
4.340,-3.030189,-4.783744,2.419770,-85.715001,108.570003,-15.575000
4.350,-3.030189,-4.783744,2.419770,-85.715001,108.570003,-15.575000
4.360,-3.030189,-4.783744,2.419770,-85.715001,108.570003,-15.575000
4.370,-3.030189,-4.783744,2.419770,-85.715001,108.570003,-15.575000
4.380,-3.030189,-4.783744,2.419770,-85.715001,108.570003,-15.575000
4.390,-3.030189,-4.783744,2.419770,-85.715001,108.570003,-15.575000
4.400,-3.030189,-4.783744,2.419770,-85.715001,108.570003,-15.575000
4.410,-3.030189,-4.783744,2.419770,-90.299998,151.305001,-179.199999
4.420,-3.030189,-4.783744,2.419770,-90.299998,151.305001,-179.199999
4.430,-3.030189,-4.783744,2.419770,-90.299998,151.305001,-179.199999
4.440,-3.030189,-4.783744,2.419770,-90.299998,151.305001,-179.199999
4.450,-3.030189,-4.783744,2.419770,-90.299998,151.305001,-179.199999
4.460,-3.030189,-4.783744,2.419770,-90.299998,151.305001,-179.199999
4.470,-3.030189,-4.783744,2.419770,-90.299998,151.305001,-179.199999
4.480,-3.030189,-4.783744,2.419770,-90.299998,151.305001,-179.199999
4.490,-1.654176,-0.308477,-0.981279,-90.299998,151.305001,-179.199999
4.500,-1.654176,-0.308477,-0.981279,-90.299998,151.305001,-179.199999
4.510,-1.654176,-0.308477,-0.981279,-90.299998,151.305001,-179.199999
4.520,-1.654176,-0.308477,-0.981279,-90.299998,151.305001,-179.199999
4.530,-1.654176,-0.308477,-0.981279,-90.299998,151.305001,-179.199999
4.540,-1.654176,-0.308477,-0.981279,-90.299998,151.305001,-179.199999
4.550,-1.654176,-0.308477,-0.981279,-90.299998,151.305001,-179.199999
4.560,-1.654176,-0.308477,-0.981279,-90.299998,151.305001,-179.199999
4.570,-1.654176,-0.308477,-0.981279,1.260000,62.370002,-311.849990
4.580,-1.654176,-0.308477,-0.981279,1.260000,62.370002,-311.849990
4.590,-1.654176,-0.308477,-0.981279,1.260000,62.370002,-311.849990
4.600,-1.654176,-0.308477,-0.981279,1.260000,62.370002,-311.849990
4.610,-1.654176,-0.308477,-0.981279,1.260000,62.370002,-311.849990
4.620,-1.654176,-0.308477,-0.981279,1.260000,62.370002,-311.849990
4.630,-1.654176,-0.308477,-0.981279,1.260000,62.370002,-311.849990
4.640,0.628413,6.623620,4.248547,1.260000,62.370002,-311.849990
4.650,0.628413,6.623620,4.248547,1.260000,62.370002,-311.849990
4.660,0.628413,6.623620,4.248547,1.260000,62.370002,-311.849990
4.670,0.628413,6.623620,4.248547,1.260000,62.370002,-311.849990
4.680,0.628413,6.623620,4.248547,1.260000,62.370002,-311.849990
4.690,0.628413,6.623620,4.248547,1.260000,62.370002,-311.849990
4.700,0.628413,6.623620,4.248547,1.260000,62.370002,-311.849990
4.710,0.628413,6.623620,4.248547,1.260000,62.370002,-311.849990
4.720,0.628413,6.623620,4.248547,1.260000,62.370002,-311.849990
4.730,0.628413,6.623620,4.248547,375.199995,24.570000,-201.250008
4.740,0.628413,6.623620,4.248547,375.199995,24.570000,-201.250008
4.750,0.628413,6.623620,4.248547,375.199995,24.570000,-201.250008
4.760,0.628413,6.623620,4.248547,375.199995,24.570000,-201.250008
4.770,0.628413,6.623620,4.248547,375.199995,24.570000,-201.250008
4.780,0.628413,6.623620,4.248547,375.199995,24.570000,-201.250008
4.790,0.628413,6.623620,4.248547,375.199995,24.570000,-201.250008
4.800,0.628413,6.623620,4.248547,375.199995,24.570000,-201.250008
4.810,1.504464,6.415551,-3.197667,375.199995,24.570000,-201.250008
4.820,1.504464,6.415551,-3.197667,375.199995,24.570000,-201.250008
4.830,1.504464,6.415551,-3.197667,375.199995,24.570000,-201.250008
4.840,1.504464,6.415551,-3.197667,375.199995,24.570000,-201.250008
4.850,1.504464,6.415551,-3.197667,375.199995,24.570000,-201.250008
4.860,1.504464,6.415551,-3.197667,375.199995,24.570000,-201.250008
4.870,1.504464,6.415551,-3.197667,375.199995,24.570000,-201.250008
4.880,1.504464,6.415551,-3.197667,375.199995,24.570000,-201.250008
4.890,1.504464,6.415551,-3.197667,292.075008,-23.485001,279.684990
4.900,1.504464,6.415551,-3.197667,292.075008,-23.485001,279.684990
4.910,1.504464,6.415551,-3.197667,292.075008,-23.485001,279.684990
4.920,1.504464,6.415551,-3.197667,292.075008,-23.485001,279.684990
4.930,1.504464,6.415551,-3.197667,292.075008,-23.485001,279.684990
4.940,1.504464,6.415551,-3.197667,292.075008,-23.485001,279.684990
4.950,1.504464,6.415551,-3.197667,292.075008,-23.485001,279.684990
4.960,3.046149,3.973647,-2.198046,292.075008,-23.485001,279.684990
4.970,3.046149,3.973647,-2.198046,292.075008,-23.485001,279.684990
4.980,3.046149,3.973647,-2.198046,292.075008,-23.485001,279.684990
4.990,3.046149,3.973647,-2.198046,292.075008,-23.485001,279.684990
5.000,3.046149,3.973647,-2.198046,292.075008,-23.485001,279.684990
5.010,3.046149,3.973647,-2.198046,292.075008,-23.485001,279.684990
5.020,3.046149,3.973647,-2.198046,292.075008,-23.485001,279.684990
5.030,3.046149,3.973647,-2.198046,292.075008,-23.485001,279.684990
5.040,3.046149,3.973647,-2.198046,127.050002,129.325001,163.589997
5.050,3.046149,3.973647,-2.198046,127.050002,129.325001,163.589997
5.060,3.046149,3.973647,-2.198046,127.050002,129.325001,163.589997
5.070,3.046149,3.973647,-2.198046,127.050002,129.325001,163.589997
5.080,3.046149,3.973647,-2.198046,127.050002,129.325001,163.589997
5.090,3.046149,3.973647,-2.198046,127.050002,129.325001,163.589997
5.100,3.046149,3.973647,-2.198046,127.050002,129.325001,163.589997
5.110,3.046149,3.973647,-2.198046,127.050002,129.325001,163.589997
5.120,1.982978,-4.199054,1.660483,127.050002,129.325001,163.589997
5.130,1.982978,-4.199054,1.660483,127.050002,129.325001,163.589997
5.140,1.982978,-4.199054,1.660483,127.050002,129.325001,163.589997
5.150,1.982978,-4.199054,1.660483,127.050002,129.325001,163.589997
5.160,1.982978,-4.199054,1.660483,127.050002,129.325001,163.589997
5.170,1.982978,-4.199054,1.660483,127.050002,129.325001,163.589997
5.180,1.982978,-4.199054,1.660483,127.050002,129.325001,163.589997
5.190,1.982978,-4.199054,1.660483,127.050002,129.325001,163.589997
5.200,1.982978,-4.199054,1.660483,-64.819998,90.720000,-41.124999
5.210,1.982978,-4.199054,1.660483,-64.819998,90.720000,-41.124999
5.220,1.982978,-4.199054,1.660483,-64.819998,90.720000,-41.124999
5.230,1.982978,-4.199054,1.660483,-64.819998,90.720000,-41.124999
5.240,1.982978,-4.199054,1.660483,-64.819998,90.720000,-41.124999
5.250,1.982978,-4.199054,1.660483,-64.819998,90.720000,-41.124999
5.260,1.982978,-4.199054,1.660483,-64.819998,90.720000,-41.124999
5.270,1.982978,-4.199054,1.660483,-64.819998,90.720000,-41.124999
5.280,3.856086,0.785599,4.969489,-64.819998,90.720000,-41.124999
5.290,3.856086,0.785599,4.969489,-64.819998,90.720000,-41.124999
5.300,3.856086,0.785599,4.969489,-64.819998,90.720000,-41.124999
5.310,3.856086,0.785599,4.969489,-64.819998,90.720000,-41.124999
5.320,3.856086,0.785599,4.969489,-64.819998,90.720000,-41.124999
5.330,3.856086,0.785599,4.969489,-64.819998,90.720000,-41.124999
5.340,3.856086,0.785599,4.969489,-64.819998,90.720000,-41.124999
5.350,3.856086,0.785599,4.969489,-64.819998,90.720000,-41.124999
5.360,3.856086,0.785599,4.969489,-34.265000,37.729999,28.245001
5.370,3.856086,0.785599,4.969489,-34.265000,37.729999,28.245001
5.380,3.856086,0.785599,4.969489,-34.265000,37.729999,28.245001
5.390,3.856086,0.785599,4.969489,-34.265000,37.729999,28.245001
5.400,3.856086,0.785599,4.969489,-34.265000,37.729999,28.245001
5.410,3.856086,0.785599,4.969489,-34.265000,37.729999,28.245001
5.420,3.856086,0.785599,4.969489,-34.265000,37.729999,28.245001
5.430,3.856086,0.785599,4.969489,-34.265000,37.729999,28.245001
5.440,3.856086,0.785599,4.969489,-34.265000,37.729999,28.245001
5.450,1.156100,0.281798,2.872343,-34.265000,37.729999,28.245001
5.460,1.156100,0.281798,2.872343,-34.265000,37.729999,28.245001
5.470,1.156100,0.281798,2.872343,-34.265000,37.729999,28.245001
5.480,1.156100,0.281798,2.872343,-34.265000,37.729999,28.245001
5.490,1.156100,0.281798,2.872343,-34.265000,37.729999,28.245001
5.500,1.156100,0.281798,2.872343,-34.265000,37.729999,28.245001
5.510,1.156100,0.281798,2.872343,-34.265000,37.729999,28.245001
5.520,1.156100,0.281798,2.872343,-34.265000,37.729999,28.245001
5.530,1.156100,0.281798,2.872343,-0.070000,48.510001,1.995000
5.540,1.156100,0.281798,2.872343,-0.070000,48.510001,1.995000
5.550,1.156100,0.281798,2.872343,-0.070000,48.510001,1.995000
5.560,1.156100,0.281798,2.872343,-0.070000,48.510001,1.995000
5.570,1.156100,0.281798,2.872343,-0.070000,48.510001,1.995000
5.580,1.156100,0.281798,2.872343,-0.070000,48.510001,1.995000
5.590,1.156100,0.281798,2.872343,-0.070000,48.510001,1.995000
5.600,1.156100,0.281798,2.872343,-0.070000,48.510001,1.995000
5.610,-0.155384,1.435947,-0.933341,-0.070000,48.510001,1.995000
5.620,-0.155384,1.435947,-0.933341,-0.070000,48.510001,1.995000
5.630,-0.155384,1.435947,-0.933341,-0.070000,48.510001,1.995000
5.640,-0.155384,1.435947,-0.933341,-0.070000,48.510001,1.995000
5.650,-0.155384,1.435947,-0.933341,-0.070000,48.510001,1.995000
5.660,-0.155384,1.435947,-0.933341,-0.070000,48.510001,1.995000
5.670,-0.155384,1.435947,-0.933341,-0.070000,48.510001,1.995000
5.680,-0.155384,1.435947,-0.933341,-0.070000,48.510001,1.995000
5.690,-0.155384,1.435947,-0.933341,-18.480001,38.570000,-0.175000
5.700,-0.155384,1.435947,-0.933341,-18.480001,38.570000,-0.175000
5.710,-0.155384,1.435947,-0.933341,-18.480001,38.570000,-0.175000
5.720,-0.155384,1.435947,-0.933341,-18.480001,38.570000,-0.175000
5.730,-0.155384,1.435947,-0.933341,-18.480001,38.570000,-0.175000
5.740,-0.155384,1.435947,-0.933341,-18.480001,38.570000,-0.175000
5.750,-0.155384,1.435947,-0.933341,-18.480001,38.570000,-0.175000
5.760,-0.155384,1.435947,-0.933341,-18.480001,38.570000,-0.175000
5.770,-1.308000,-0.287763,-3.320918,-18.480001,38.570000,-0.175000
5.780,-1.308000,-0.287763,-3.320918,-18.480001,38.570000,-0.175000
5.790,-1.308000,-0.287763,-3.320918,-18.480001,38.570000,-0.175000
5.800,-1.308000,-0.287763,-3.320918,-18.480001,38.570000,-0.175000
5.810,-1.308000,-0.287763,-3.320918,-18.480001,38.570000,-0.175000
5.820,-1.308000,-0.287763,-3.320918,-18.480001,38.570000,-0.175000
5.830,-1.308000,-0.287763,-3.320918,-18.480001,38.570000,-0.175000
5.840,-1.308000,-0.287763,-3.320918,-18.480001,38.570000,-0.175000
5.850,-1.308000,-0.287763,-3.320918,-60.935000,31.745001,19.565000
5.860,-1.308000,-0.287763,-3.320918,-60.935000,31.745001,19.565000
5.870,-1.308000,-0.287763,-3.320918,-60.935000,31.745001,19.565000
5.880,-1.308000,-0.287763,-3.320918,-60.935000,31.745001,19.565000
5.890,-1.308000,-0.287763,-3.320918,-60.935000,31.745001,19.565000
5.900,-1.308000,-0.287763,-3.320918,-60.935000,31.745001,19.565000
5.910,-1.308000,-0.287763,-3.320918,-60.935000,31.745001,19.565000
5.920,-1.308000,-0.287763,-3.320918,-60.935000,31.745001,19.565000
5.930,-1.416065,-5.145028,-3.510986,-60.935000,31.745001,19.565000
5.940,-1.416065,-5.145028,-3.510986,-60.935000,31.745001,19.565000
5.950,-1.416065,-5.145028,-3.510986,-60.935000,31.745001,19.565000
5.960,-1.416065,-5.145028,-3.510986,-60.935000,31.745001,19.565000
5.970,-1.416065,-5.145028,-3.510986,-60.935000,31.745001,19.565000
5.980,-1.416065,-5.145028,-3.510986,-60.935000,31.745001,19.565000
5.990,-1.416065,-5.145028,-3.510986,-60.935000,31.745001,19.565000
6.000,-1.416065,-5.145028,-3.510986,-139.369996,86.310000,-25.655000
6.010,-1.416065,-5.145028,-3.510986,-139.369996,86.310000,-25.655000
6.020,-1.416065,-5.145028,-3.510986,-139.369996,86.310000,-25.655000
6.030,-1.416065,-5.145028,-3.510986,-139.369996,86.310000,-25.655000
6.040,-1.416065,-5.145028,-3.510986,-139.369996,86.310000,-25.655000
6.050,-1.416065,-5.145028,-3.510986,-139.369996,86.310000,-25.655000
6.060,-1.416065,-5.145028,-3.510986,-139.369996,86.310000,-25.655000
6.070,-1.416065,-5.145028,-3.510986,-139.369996,86.310000,-25.655000
6.080,-6.402011,-7.073340,1.341800,-139.369996,86.310000,-25.655000
6.090,-6.402011,-7.073340,1.341800,-139.369996,86.310000,-25.655000
6.100,-6.402011,-7.073340,1.341800,-139.369996,86.310000,-25.655000
6.110,-6.402011,-7.073340,1.341800,-139.369996,86.310000,-25.655000
6.120,-6.402011,-7.073340,1.341800,-139.369996,86.310000,-25.655000
6.130,-6.402011,-7.073340,1.341800,-139.369996,86.310000,-25.655000
6.140,-6.402011,-7.073340,1.341800,-139.369996,86.310000,-25.655000
6.150,-6.402011,-7.073340,1.341800,-139.369996,86.310000,-25.655000
6.160,-6.402011,-7.073340,1.341800,-89.705000,124.634997,-213.325003
6.170,-6.402011,-7.073340,1.341800,-89.705000,124.634997,-213.325003
6.180,-6.402011,-7.073340,1.341800,-89.705000,124.634997,-213.325003
6.190,-6.402011,-7.073340,1.341800,-89.705000,124.634997,-213.325003
6.200,-6.402011,-7.073340,1.341800,-89.705000,124.634997,-213.325003
6.210,-6.402011,-7.073340,1.341800,-89.705000,124.634997,-213.325003
6.220,-6.402011,-7.073340,1.341800,-89.705000,124.634997,-213.325003
6.230,-6.402011,-7.073340,1.341800,-89.705000,124.634997,-213.325003
6.240,-6.402011,-7.073340,1.341800,-89.705000,124.634997,-213.325003
6.250,-2.131730,-0.577218,-3.012026,-89.705000,124.634997,-213.325003
6.260,-2.131730,-0.577218,-3.012026,-89.705000,124.634997,-213.325003
6.270,-2.131730,-0.577218,-3.012026,-89.705000,124.634997,-213.325003
6.280,-2.131730,-0.577218,-3.012026,-89.705000,124.634997,-213.325003
6.290,-2.131730,-0.577218,-3.012026,-89.705000,124.634997,-213.325003
6.300,-2.131730,-0.577218,-3.012026,-89.705000,124.634997,-213.325003
6.310,-2.131730,-0.577218,-3.012026,-89.705000,124.634997,-213.325003
6.320,-2.131730,-0.577218,-3.012026,-89.705000,124.634997,-213.325003
6.330,-2.131730,-0.577218,-3.012026,-107.765004,-37.100000,-310.555014
6.340,-2.131730,-0.577218,-3.012026,-107.765004,-37.100000,-310.555014
6.350,-2.131730,-0.577218,-3.012026,-107.765004,-37.100000,-310.555014
6.360,-2.131730,-0.577218,-3.012026,-107.765004,-37.100000,-310.555014
6.370,-2.131730,-0.577218,-3.012026,-107.765004,-37.100000,-310.555014
6.380,-2.131730,-0.577218,-3.012026,-107.765004,-37.100000,-310.555014
6.390,-2.131730,-0.577218,-3.012026,-107.765004,-37.100000,-310.555014
6.400,-2.131730,-0.577218,-3.012026,-107.765004,-37.100000,-310.555014
6.410,5.130541,8.934988,8.092305,-107.765004,-37.100000,-310.555014
6.420,5.130541,8.934988,8.092305,-107.765004,-37.100000,-310.555014
6.430,5.130541,8.934988,8.092305,-107.765004,-37.100000,-310.555014
6.440,5.130541,8.934988,8.092305,-107.765004,-37.100000,-310.555014
6.450,5.130541,8.934988,8.092305,-107.765004,-37.100000,-310.555014
6.460,5.130541,8.934988,8.092305,-107.765004,-37.100000,-310.555014
6.470,5.130541,8.934988,8.092305,-107.765004,-37.100000,-310.555014
6.480,5.130541,8.934988,8.092305,-107.765004,-37.100000,-310.555014
6.490,5.130541,8.934988,8.092305,225.679996,207.900003,-105.630002
6.500,5.130541,8.934988,8.092305,225.679996,207.900003,-105.630002
6.510,5.130541,8.934988,8.092305,225.679996,207.900003,-105.630002
6.520,5.130541,8.934988,8.092305,225.679996,207.900003,-105.630002
6.530,5.130541,8.934988,8.092305,225.679996,207.900003,-105.630002
6.540,5.130541,8.934988,8.092305,225.679996,207.900003,-105.630002
6.550,5.130541,8.934988,8.092305,225.679996,207.900003,-105.630002
6.560,5.130541,8.934988,8.092305,225.679996,207.900003,-105.630002
6.570,-2.131984,-4.618074,-1.314015,225.679996,207.900003,-105.630002
6.580,-2.131984,-4.618074,-1.314015,225.679996,207.900003,-105.630002
6.590,-2.131984,-4.618074,-1.314015,225.679996,207.900003,-105.630002
6.600,-2.131984,-4.618074,-1.314015,225.679996,207.900003,-105.630002
6.610,-2.131984,-4.618074,-1.314015,225.679996,207.900003,-105.630002
6.620,-2.131984,-4.618074,-1.314015,225.679996,207.900003,-105.630002
6.630,-2.131984,-4.618074,-1.314015,225.679996,207.900003,-105.630002
6.640,-2.131984,-4.618074,-1.314015,225.679996,207.900003,-105.630002
6.650,-2.131984,-4.618074,-1.314015,500.465009,-77.210002,258.754996
6.660,-2.131984,-4.618074,-1.314015,500.465009,-77.210002,258.754996
6.670,-2.131984,-4.618074,-1.314015,500.465009,-77.210002,258.754996
6.680,-2.131984,-4.618074,-1.314015,500.465009,-77.210002,258.754996
6.690,-2.131984,-4.618074,-1.314015,500.465009,-77.210002,258.754996
6.700,-2.131984,-4.618074,-1.314015,500.465009,-77.210002,258.754996
6.710,-2.131984,-4.618074,-1.314015,500.465009,-77.210002,258.754996
6.720,3.651679,0.900492,-4.473963,500.465009,-77.210002,258.754996
6.730,3.651679,0.900492,-4.473963,500.465009,-77.210002,258.754996
6.740,3.651679,0.900492,-4.473963,500.465009,-77.210002,258.754996
6.750,3.651679,0.900492,-4.473963,500.465009,-77.210002,258.754996
6.760,3.651679,0.900492,-4.473963,500.465009,-77.210002,258.754996
6.770,3.651679,0.900492,-4.473963,500.465009,-77.210002,258.754996
6.780,3.651679,0.900492,-4.473963,500.465009,-77.210002,258.754996
6.790,3.651679,0.900492,-4.473963,500.465009,-77.210002,258.754996
6.800,3.651679,0.900492,-4.473963,109.270002,138.320005,123.969996
6.810,3.651679,0.900492,-4.473963,109.270002,138.320005,123.969996
6.820,3.651679,0.900492,-4.473963,109.270002,138.320005,123.969996
6.830,3.651679,0.900492,-4.473963,109.270002,138.320005,123.969996
6.840,3.651679,0.900492,-4.473963,109.270002,138.320005,123.969996
6.850,3.651679,0.900492,-4.473963,109.270002,138.320005,123.969996
6.860,3.651679,0.900492,-4.473963,109.270002,138.320005,123.969996
6.870,3.651679,0.900492,-4.473963,109.270002,138.320005,123.969996
6.880,0.350928,-4.267208,-2.133072,109.270002,138.320005,123.969996
6.890,0.350928,-4.267208,-2.133072,109.270002,138.320005,123.969996
6.900,0.350928,-4.267208,-2.133072,109.270002,138.320005,123.969996
6.910,0.350928,-4.267208,-2.133072,109.270002,138.320005,123.969996
6.920,0.350928,-4.267208,-2.133072,109.270002,138.320005,123.969996
6.930,0.350928,-4.267208,-2.133072,109.270002,138.320005,123.969996
6.940,0.350928,-4.267208,-2.133072,109.270002,138.320005,123.969996
6.950,0.350928,-4.267208,-2.133072,109.270002,138.320005,123.969996
6.960,0.350928,-4.267208,-2.133072,109.270002,138.320005,123.969996
6.970,0.350928,-4.267208,-2.133072,-119.700008,34.300001,7.525000
6.980,0.350928,-4.267208,-2.133072,-119.700008,34.300001,7.525000
6.990,0.350928,-4.267208,-2.133072,-119.700008,34.300001,7.525000
7.000,0.350928,-4.267208,-2.133072,-119.700008,34.300001,7.525000
7.010,0.350928,-4.267208,-2.133072,-119.700008,34.300001,7.525000
7.020,0.350928,-4.267208,-2.133072,-119.700008,34.300001,7.525000
7.030,0.350928,-4.267208,-2.133072,-119.700008,34.300001,7.525000
7.040,0.350928,-4.267208,-2.133072,-119.700008,34.300001,7.525000
7.050,3.006302,-0.075291,6.506611,-119.700008,34.300001,7.525000
7.060,3.006302,-0.075291,6.506611,-119.700008,34.300001,7.525000
7.070,3.006302,-0.075291,6.506611,-119.700008,34.300001,7.525000
7.080,3.006302,-0.075291,6.506611,-119.700008,34.300001,7.525000
7.090,3.006302,-0.075291,6.506611,-119.700008,34.300001,7.525000
7.100,3.006302,-0.075291,6.506611,-119.700008,34.300001,7.525000
7.110,3.006302,-0.075291,6.506611,-119.700008,34.300001,7.525000
7.120,3.006302,-0.075291,6.506611,-119.700008,34.300001,7.525000
7.130,3.006302,-0.075291,6.506611,-32.445000,76.790000,29.155001
7.140,3.006302,-0.075291,6.506611,-32.445000,76.790000,29.155001
7.150,3.006302,-0.075291,6.506611,-32.445000,76.790000,29.155001
7.160,3.006302,-0.075291,6.506611,-32.445000,76.790000,29.155001
7.170,3.006302,-0.075291,6.506611,-32.445000,76.790000,29.155001
7.180,3.006302,-0.075291,6.506611,-32.445000,76.790000,29.155001
7.190,3.006302,-0.075291,6.506611,-32.445000,76.790000,29.155001
7.200,3.006302,-0.075291,6.506611,-32.445000,76.790000,29.155001
7.210,1.184956,2.927731,0.541385,-32.445000,76.790000,29.155001
7.220,1.184956,2.927731,0.541385,-32.445000,76.790000,29.155001
7.230,1.184956,2.927731,0.541385,-32.445000,76.790000,29.155001
7.240,1.184956,2.927731,0.541385,-32.445000,76.790000,29.155001
7.250,1.184956,2.927731,0.541385,-32.445000,76.790000,29.155001
7.260,1.184956,2.927731,0.541385,-32.445000,76.790000,29.155001
7.270,1.184956,2.927731,0.541385,-32.445000,76.790000,29.155001
7.280,1.184956,2.927731,0.541385,-32.445000,76.790000,29.155001
7.290,1.184956,2.927731,0.541385,-5.285000,59.185003,0.840000
7.300,1.184956,2.927731,0.541385,-5.285000,59.185003,0.840000
7.310,1.184956,2.927731,0.541385,-5.285000,59.185003,0.840000
7.320,1.184956,2.927731,0.541385,-5.285000,59.185003,0.840000
7.330,1.184956,2.927731,0.541385,-5.285000,59.185003,0.840000
7.340,1.184956,2.927731,0.541385,-5.285000,59.185003,0.840000
7.350,1.184956,2.927731,0.541385,-5.285000,59.185003,0.840000
7.360,-0.032700,2.192787,-1.072366,-5.285000,59.185003,0.840000
7.370,-0.032700,2.192787,-1.072366,-5.285000,59.185003,0.840000
7.380,-0.032700,2.192787,-1.072366,-5.285000,59.185003,0.840000
7.390,-0.032700,2.192787,-1.072366,-5.285000,59.185003,0.840000
7.400,-0.032700,2.192787,-1.072366,-5.285000,59.185003,0.840000
7.410,-0.032700,2.192787,-1.072366,-5.285000,59.185003,0.840000
7.420,-0.032700,2.192787,-1.072366,-5.285000,59.185003,0.840000
7.430,-0.032700,2.192787,-1.072366,-5.285000,59.185003,0.840000
7.440,-0.032700,2.192787,-1.072366,-2.730000,31.640001,4.165000
7.450,-0.032700,2.192787,-1.072366,-2.730000,31.640001,4.165000
7.460,-0.032700,2.192787,-1.072366,-2.730000,31.640001,4.165000
7.470,-0.032700,2.192787,-1.072366,-2.730000,31.640001,4.165000
7.480,-0.032700,2.192787,-1.072366,-2.730000,31.640001,4.165000
7.490,-0.032700,2.192787,-1.072366,-2.730000,31.640001,4.165000
7.500,-0.032700,2.192787,-1.072366,-2.730000,31.640001,4.165000
7.510,-0.032700,2.192787,-1.072366,-2.730000,31.640001,4.165000
7.520,-1.926199,1.593339,-1.857712,-2.730000,31.640001,4.165000
7.530,-1.926199,1.593339,-1.857712,-2.730000,31.640001,4.165000
7.540,-1.926199,1.593339,-1.857712,-2.730000,31.640001,4.165000
7.550,-1.926199,1.593339,-1.857712,-2.730000,31.640001,4.165000
7.560,-1.926199,1.593339,-1.857712,-2.730000,31.640001,4.165000
7.570,-1.926199,1.593339,-1.857712,-2.730000,31.640001,4.165000
7.580,-1.926199,1.593339,-1.857712,-2.730000,31.640001,4.165000
7.590,-1.926199,1.593339,-1.857712,-2.730000,31.640001,4.165000
7.600,-1.926199,1.593339,-1.857712,-2.730000,31.640001,4.165000
7.610,-1.926199,1.593339,-1.857712,-34.230002,12.390000,18.480001
7.620,-1.926199,1.593339,-1.857712,-34.230002,12.390000,18.480001
7.630,-1.926199,1.593339,-1.857712,-34.230002,12.390000,18.480001
7.640,-1.926199,1.593339,-1.857712,-34.230002,12.390000,18.480001
7.650,-1.926199,1.593339,-1.857712,-34.230002,12.390000,18.480001
7.660,-1.926199,1.593339,-1.857712,-34.230002,12.390000,18.480001
7.670,-1.926199,1.593339,-1.857712,-34.230002,12.390000,18.480001
7.680,-1.926199,1.593339,-1.857712,-34.230002,12.390000,18.480001
7.690,-1.598420,-2.153826,-4.251951,-34.230002,12.390000,18.480001
7.700,-1.598420,-2.153826,-4.251951,-34.230002,12.390000,18.480001
7.710,-1.598420,-2.153826,-4.251951,-34.230002,12.390000,18.480001
7.720,-1.598420,-2.153826,-4.251951,-34.230002,12.390000,18.480001
7.730,-1.598420,-2.153826,-4.251951,-34.230002,12.390000,18.480001
7.740,-1.598420,-2.153826,-4.251951,-34.230002,12.390000,18.480001
7.750,-1.598420,-2.153826,-4.251951,-34.230002,12.390000,18.480001
7.760,-1.598420,-2.153826,-4.251951,-34.230002,12.390000,18.480001
7.770,-1.598420,-2.153826,-4.251951,-81.550000,19.985000,52.710001
7.780,-1.598420,-2.153826,-4.251951,-81.550000,19.985000,52.710001
7.790,-1.598420,-2.153826,-4.251951,-81.550000,19.985000,52.710001
7.800,-1.598420,-2.153826,-4.251951,-81.550000,19.985000,52.710001
7.810,-1.598420,-2.153826,-4.251951,-81.550000,19.985000,52.710001
7.820,-1.598420,-2.153826,-4.251951,-81.550000,19.985000,52.710001
7.830,-1.598420,-2.153826,-4.251951,-81.550000,19.985000,52.710001
7.840,-1.598420,-2.153826,-4.251951,-81.550000,19.985000,52.710001
7.850,-3.462248,-6.492310,-1.380855,-81.550000,19.985000,52.710001
7.860,-3.462248,-6.492310,-1.380855,-81.550000,19.985000,52.710001
7.870,-3.462248,-6.492310,-1.380855,-81.550000,19.985000,52.710001
7.880,-3.462248,-6.492310,-1.380855,-81.550000,19.985000,52.710001
7.890,-3.462248,-6.492310,-1.380855,-81.550000,19.985000,52.710001
7.900,-3.462248,-6.492310,-1.380855,-81.550000,19.985000,52.710001
7.910,-3.462248,-6.492310,-1.380855,-81.550000,19.985000,52.710001
7.920,-3.462248,-6.492310,-1.380855,-81.550000,19.985000,52.710001
7.930,-3.462248,-6.492310,-1.380855,-184.414998,154.559996,-104.860001
7.940,-3.462248,-6.492310,-1.380855,-184.414998,154.559996,-104.860001
7.950,-3.462248,-6.492310,-1.380855,-184.414998,154.559996,-104.860001
7.960,-3.462248,-6.492310,-1.380855,-184.414998,154.559996,-104.860001
7.970,-3.462248,-6.492310,-1.380855,-184.414998,154.559996,-104.860001
7.980,-3.462248,-6.492310,-1.380855,-184.414998,154.559996,-104.860001
7.990,-3.462248,-6.492310,-1.380855,-184.414998,154.559996,-104.860001
8.000,-3.462248,-6.492310,-1.380855,-184.414998,154.559996,-104.860001
8.010,1.848138,-2.826462,1.174596,-184.414998,154.559996,-104.860001
8.020,1.848138,-2.826462,1.174596,-184.414998,154.559996,-104.860001
8.030,1.848138,-2.826462,1.174596,-184.414998,154.559996,-104.860001
8.040,1.848138,-2.826462,1.174596,-184.414998,154.559996,-104.860001
8.050,1.848138,-2.826462,1.174596,-184.414998,154.559996,-104.860001
8.060,1.848138,-2.826462,1.174596,-184.414998,154.559996,-104.860001
8.070,1.848138,-2.826462,1.174596,-184.414998,154.559996,-104.860001
8.080,1.848138,-2.826462,1.174596,-184.414998,154.559996,-104.860001
8.090,1.848138,-2.826462,1.174596,80.010004,106.575000,-271.285005
8.100,1.848138,-2.826462,1.174596,80.010004,106.575000,-271.285005
8.110,1.848138,-2.826462,1.174596,80.010004,106.575000,-271.285005
8.120,1.848138,-2.826462,1.174596,80.010004,106.575000,-271.285005
8.130,1.848138,-2.826462,1.174596,80.010004,106.575000,-271.285005
8.140,1.848138,-2.826462,1.174596,80.010004,106.575000,-271.285005
8.150,1.848138,-2.826462,1.174596,80.010004,106.575000,-271.285005
8.160,-1.670344,5.766110,3.038913,80.010004,106.575000,-271.285005
8.170,-1.670344,5.766110,3.038913,80.010004,106.575000,-271.285005
8.180,-1.670344,5.766110,3.038913,80.010004,106.575000,-271.285005
8.190,-1.670344,5.766110,3.038913,80.010004,106.575000,-271.285005
8.200,-1.670344,5.766110,3.038913,80.010004,106.575000,-271.285005
8.210,-1.670344,5.766110,3.038913,80.010004,106.575000,-271.285005
8.220,-1.670344,5.766110,3.038913,80.010004,106.575000,-271.285005
8.230,-1.670344,5.766110,3.038913,80.010004,106.575000,-271.285005
8.240,-1.670344,5.766110,3.038913,80.010004,106.575000,-271.285005
8.250,-1.670344,5.766110,3.038913,347.830006,57.085000,-33.810000
8.260,-1.670344,5.766110,3.038913,347.830006,57.085000,-33.810000
8.270,-1.670344,5.766110,3.038913,347.830006,57.085000,-33.810000
8.280,-1.670344,5.766110,3.038913,347.830006,57.085000,-33.810000
8.290,-1.670344,5.766110,3.038913,347.830006,57.085000,-33.810000
8.300,-1.670344,5.766110,3.038913,347.830006,57.085000,-33.810000
8.310,-1.670344,5.766110,3.038913,347.830006,57.085000,-33.810000
8.320,-1.670344,5.766110,3.038913,347.830006,57.085000,-33.810000
8.330,-2.744065,6.407582,-3.037226,347.830006,57.085000,-33.810000
8.340,-2.744065,6.407582,-3.037226,347.830006,57.085000,-33.810000
8.350,-2.744065,6.407582,-3.037226,347.830006,57.085000,-33.810000
8.360,-2.744065,6.407582,-3.037226,347.830006,57.085000,-33.810000
8.370,-2.744065,6.407582,-3.037226,347.830006,57.085000,-33.810000
8.380,-2.744065,6.407582,-3.037226,347.830006,57.085000,-33.810000
8.390,-2.744065,6.407582,-3.037226,347.830006,57.085000,-33.810000
8.400,-2.744065,6.407582,-3.037226,347.830006,57.085000,-33.810000
8.410,-2.744065,6.407582,-3.037226,341.005008,-0.280000,272.615007
8.420,-2.744065,6.407582,-3.037226,341.005008,-0.280000,272.615007
8.430,-2.744065,6.407582,-3.037226,341.005008,-0.280000,272.615007
8.440,-2.744065,6.407582,-3.037226,341.005008,-0.280000,272.615007
8.450,-2.744065,6.407582,-3.037226,341.005008,-0.280000,272.615007
8.460,-2.744065,6.407582,-3.037226,341.005008,-0.280000,272.615007
8.470,-2.744065,6.407582,-3.037226,341.005008,-0.280000,272.615007
8.480,-2.744065,6.407582,-3.037226,341.005008,-0.280000,272.615007
8.490,3.501032,3.643576,-3.149957,341.005008,-0.280000,272.615007
8.500,3.501032,3.643576,-3.149957,341.005008,-0.280000,272.615007
8.510,3.501032,3.643576,-3.149957,341.005008,-0.280000,272.615007
8.520,3.501032,3.643576,-3.149957,341.005008,-0.280000,272.615007
8.530,3.501032,3.643576,-3.149957,341.005008,-0.280000,272.615007
8.540,3.501032,3.643576,-3.149957,341.005008,-0.280000,272.615007
8.550,3.501032,3.643576,-3.149957,341.005008,-0.280000,272.615007
8.560,3.501032,3.643576,-3.149957,341.005008,-0.280000,272.615007
8.570,3.501032,3.643576,-3.149957,12.390000,167.825002,63.490003
8.580,3.501032,3.643576,-3.149957,12.390000,167.825002,63.490003
8.590,3.501032,3.643576,-3.149957,12.390000,167.825002,63.490003
8.600,3.501032,3.643576,-3.149957,12.390000,167.825002,63.490003
8.610,3.501032,3.643576,-3.149957,12.390000,167.825002,63.490003
8.620,3.501032,3.643576,-3.149957,12.390000,167.825002,63.490003
8.630,3.501032,3.643576,-3.149957,12.390000,167.825002,63.490003
8.640,-0.190969,-10.090443,2.080733,12.390000,167.825002,63.490003
8.650,-0.190969,-10.090443,2.080733,12.390000,167.825002,63.490003
8.660,-0.190969,-10.090443,2.080733,12.390000,167.825002,63.490003
8.670,-0.190969,-10.090443,2.080733,12.390000,167.825002,63.490003
8.680,-0.190969,-10.090443,2.080733,12.390000,167.825002,63.490003
8.690,-0.190969,-10.090443,2.080733,12.390000,167.825002,63.490003
8.700,-0.190969,-10.090443,2.080733,12.390000,167.825002,63.490003
8.710,-0.190969,-10.090443,2.080733,12.390000,167.825002,63.490003
8.720,-0.190969,-10.090443,2.080733,12.390000,167.825002,63.490003
8.730,-0.190969,-10.090443,2.080733,-76.090001,60.235001,6.825000
8.740,-0.190969,-10.090443,2.080733,-76.090001,60.235001,6.825000
8.750,-0.190969,-10.090443,2.080733,-76.090001,60.235001,6.825000
8.760,-0.190969,-10.090443,2.080733,-76.090001,60.235001,6.825000
8.770,-0.190969,-10.090443,2.080733,-76.090001,60.235001,6.825000
8.780,-0.190969,-10.090443,2.080733,-76.090001,60.235001,6.825000
8.790,-0.190969,-10.090443,2.080733,-76.090001,60.235001,6.825000
8.800,-0.190969,-10.090443,2.080733,-76.090001,60.235001,6.825000
8.810,5.715892,1.937324,5.945418,-76.090001,60.235001,6.825000
8.820,5.715892,1.937324,5.945418,-76.090001,60.235001,6.825000
8.830,5.715892,1.937324,5.945418,-76.090001,60.235001,6.825000
8.840,5.715892,1.937324,5.945418,-76.090001,60.235001,6.825000
8.850,5.715892,1.937324,5.945418,-76.090001,60.235001,6.825000
8.860,5.715892,1.937324,5.945418,-76.090001,60.235001,6.825000
8.870,5.715892,1.937324,5.945418,-76.090001,60.235001,6.825000
8.880,5.715892,1.937324,5.945418,-76.090001,60.235001,6.825000
8.890,5.715892,1.937324,5.945418,-17.605000,45.255000,10.430000
8.900,5.715892,1.937324,5.945418,-17.605000,45.255000,10.430000
8.910,5.715892,1.937324,5.945418,-17.605000,45.255000,10.430000
8.920,5.715892,1.937324,5.945418,-17.605000,45.255000,10.430000
8.930,5.715892,1.937324,5.945418,-17.605000,45.255000,10.430000
8.940,5.715892,1.937324,5.945418,-17.605000,45.255000,10.430000
8.950,5.715892,1.937324,5.945418,-17.605000,45.255000,10.430000
8.960,-0.052884,1.724157,0.954343,-17.605000,45.255000,10.430000
8.970,-0.052884,1.724157,0.954343,-17.605000,45.255000,10.430000
8.980,-0.052884,1.724157,0.954343,-17.605000,45.255000,10.430000
8.990,-0.052884,1.724157,0.954343,-17.605000,45.255000,10.430000
9.000,-0.052884,1.724157,0.954343,-17.605000,45.255000,10.430000
9.010,-0.052884,1.724157,0.954343,-17.605000,45.255000,10.430000
9.020,-0.052884,1.724157,0.954343,-17.605000,45.255000,10.430000
9.030,-0.052884,1.724157,0.954343,-17.605000,45.255000,10.430000
9.040,-0.052884,1.724157,0.954343,-17.605000,45.255000,10.430000
9.050,-0.052884,1.724157,0.954343,-8.295000,46.655000,0.385000
9.060,-0.052884,1.724157,0.954343,-8.295000,46.655000,0.385000
9.070,-0.052884,1.724157,0.954343,-8.295000,46.655000,0.385000
9.080,-0.052884,1.724157,0.954343,-8.295000,46.655000,0.385000
9.090,-0.052884,1.724157,0.954343,-8.295000,46.655000,0.385000
9.100,-0.052884,1.724157,0.954343,-8.295000,46.655000,0.385000
9.110,-0.052884,1.724157,0.954343,-8.295000,46.655000,0.385000
9.120,-0.052884,1.724157,0.954343,-8.295000,46.655000,0.385000
9.130,-0.450279,2.352329,-1.130818,-8.295000,46.655000,0.385000
9.140,-0.450279,2.352329,-1.130818,-8.295000,46.655000,0.385000
9.150,-0.450279,2.352329,-1.130818,-8.295000,46.655000,0.385000
9.160,-0.450279,2.352329,-1.130818,-8.295000,46.655000,0.385000
9.170,-0.450279,2.352329,-1.130818,-8.295000,46.655000,0.385000
9.180,-0.450279,2.352329,-1.130818,-8.295000,46.655000,0.385000
9.190,-0.450279,2.352329,-1.130818,-8.295000,46.655000,0.385000
9.200,-0.450279,2.352329,-1.130818,-8.295000,46.655000,0.385000
9.210,-0.450279,2.352329,-1.130818,-18.550000,42.140000,12.215000
9.220,-0.450279,2.352329,-1.130818,-18.550000,42.140000,12.215000
9.230,-0.450279,2.352329,-1.130818,-18.550000,42.140000,12.215000
9.240,-0.450279,2.352329,-1.130818,-18.550000,42.140000,12.215000
9.250,-0.450279,2.352329,-1.130818,-18.550000,42.140000,12.215000
9.260,-0.450279,2.352329,-1.130818,-18.550000,42.140000,12.215000
9.270,-0.450279,2.352329,-1.130818,-18.550000,42.140000,12.215000
9.280,-0.450279,2.352329,-1.130818,-18.550000,42.140000,12.215000
9.290,-1.444318,-1.952690,-2.846831,-18.550000,42.140000,12.215000
9.300,-1.444318,-1.952690,-2.846831,-18.550000,42.140000,12.215000
9.310,-1.444318,-1.952690,-2.846831,-18.550000,42.140000,12.215000
9.320,-1.444318,-1.952690,-2.846831,-18.550000,42.140000,12.215000
9.330,-1.444318,-1.952690,-2.846831,-18.550000,42.140000,12.215000
9.340,-1.444318,-1.952690,-2.846831,-18.550000,42.140000,12.215000
9.350,-1.444318,-1.952690,-2.846831,-18.550000,42.140000,12.215000
9.360,-1.444318,-1.952690,-2.846831,-18.550000,42.140000,12.215000
9.370,-1.444318,-1.952690,-2.846831,-53.760002,-18.865000,33.635000
9.380,-1.444318,-1.952690,-2.846831,-53.760002,-18.865000,33.635000
9.390,-1.444318,-1.952690,-2.846831,-53.760002,-18.865000,33.635000
9.400,-1.444318,-1.952690,-2.846831,-53.760002,-18.865000,33.635000
9.410,-1.444318,-1.952690,-2.846831,-53.760002,-18.865000,33.635000
9.420,-1.444318,-1.952690,-2.846831,-53.760002,-18.865000,33.635000
9.430,-1.444318,-1.952690,-2.846831,-53.760002,-18.865000,33.635000
9.440,-1.444318,-1.952690,-2.846831,-53.760002,-18.865000,33.635000
9.450,-2.452154,-3.356846,-6.550636,-53.760002,-18.865000,33.635000
9.460,-2.452154,-3.356846,-6.550636,-53.760002,-18.865000,33.635000
9.470,-2.452154,-3.356846,-6.550636,-53.760002,-18.865000,33.635000
9.480,-2.452154,-3.356846,-6.550636,-53.760002,-18.865000,33.635000
9.490,-2.452154,-3.356846,-6.550636,-53.760002,-18.865000,33.635000
9.500,-2.452154,-3.356846,-6.550636,-53.760002,-18.865000,33.635000
9.510,-2.452154,-3.356846,-6.550636,-53.760002,-18.865000,33.635000
9.520,-2.452154,-3.356846,-6.550636,-53.760002,-18.865000,33.635000
9.530,-2.452154,-3.356846,-6.550636,-215.635001,62.720002,-59.535002
9.540,-2.452154,-3.356846,-6.550636,-215.635001,62.720002,-59.535002
9.550,-2.452154,-3.356846,-6.550636,-215.635001,62.720002,-59.535002
9.560,-2.452154,-3.356846,-6.550636,-215.635001,62.720002,-59.535002
9.570,-2.452154,-3.356846,-6.550636,-215.635001,62.720002,-59.535002
9.580,-2.452154,-3.356846,-6.550636,-215.635001,62.720002,-59.535002
9.590,-2.452154,-3.356846,-6.550636,-215.635001,62.720002,-59.535002
9.600,-2.452154,-3.356846,-6.550636,-215.635001,62.720002,-59.535002
9.610,-3.061140,-6.531522,6.033308,-215.635001,62.720002,-59.535002
9.620,-3.061140,-6.531522,6.033308,-215.635001,62.720002,-59.535002
9.630,-3.061140,-6.531522,6.033308,-215.635001,62.720002,-59.535002
9.640,-3.061140,-6.531522,6.033308,-215.635001,62.720002,-59.535002
9.650,-3.061140,-6.531522,6.033308,-215.635001,62.720002,-59.535002
9.660,-3.061140,-6.531522,6.033308,-215.635001,62.720002,-59.535002
9.670,-3.061140,-6.531522,6.033308,-215.635001,62.720002,-59.535002
9.680,-3.061140,-6.531522,6.033308,-215.635001,62.720002,-59.535002
9.690,-3.061140,-6.531522,6.033308,-86.240004,164.675000,-194.110001
9.700,-3.061140,-6.531522,6.033308,-86.240004,164.675000,-194.110001
9.710,-3.061140,-6.531522,6.033308,-86.240004,164.675000,-194.110001
9.720,-3.061140,-6.531522,6.033308,-86.240004,164.675000,-194.110001
9.730,-3.061140,-6.531522,6.033308,-86.240004,164.675000,-194.110001
9.740,-3.061140,-6.531522,6.033308,-86.240004,164.675000,-194.110001
9.750,-3.061140,-6.531522,6.033308,-86.240004,164.675000,-194.110001
9.760,2.647864,0.430844,0.450046,-86.240004,164.675000,-194.110001
9.770,2.647864,0.430844,0.450046,-86.240004,164.675000,-194.110001
9.780,2.647864,0.430844,0.450046,-86.240004,164.675000,-194.110001
9.790,2.647864,0.430844,0.450046,-86.240004,164.675000,-194.110001
9.800,2.647864,0.430844,0.450046,-86.240004,164.675000,-194.110001
9.810,2.647864,0.430844,0.450046,-86.240004,164.675000,-194.110001
9.820,2.647864,0.430844,0.450046,-86.240004,164.675000,-194.110001
9.830,2.647864,0.430844,0.450046,-86.240004,164.675000,-194.110001
9.840,2.647864,0.430844,0.450046,-86.240004,164.675000,-194.110001
9.850,2.647864,0.430844,0.450046,160.790002,133.770006,-256.444999
9.860,2.647864,0.430844,0.450046,160.790002,133.770006,-256.444999
9.870,2.647864,0.430844,0.450046,160.790002,133.770006,-256.444999
9.880,2.647864,0.430844,0.450046,160.790002,133.770006,-256.444999
9.890,2.647864,0.430844,0.450046,160.790002,133.770006,-256.444999
9.900,2.647864,0.430844,0.450046,160.790002,133.770006,-256.444999
9.910,2.647864,0.430844,0.450046,160.790002,133.770006,-256.444999
9.920,2.647864,0.430844,0.450046,160.790002,133.770006,-256.444999
9.930,-3.242805,13.307841,-0.134127,160.790002,133.770006,-256.444999
9.940,-3.242805,13.307841,-0.134127,160.790002,133.770006,-256.444999
9.950,-3.242805,13.307841,-0.134127,160.790002,133.770006,-256.444999
9.960,-3.242805,13.307841,-0.134127,160.790002,133.770006,-256.444999
9.970,-3.242805,13.307841,-0.134127,160.790002,133.770006,-256.444999
9.980,-3.242805,13.307841,-0.134127,160.790002,133.770006,-256.444999
9.990,-3.242805,13.307841,-0.134127,160.790002,133.770006,-256.444999
10.000,-3.242805,13.307841,-0.134127,160.790002,133.770006,-256.444999
10.010,-3.242805,13.307841,-0.134127,334.844997,-53.864999,35.349999
10.020,-3.242805,13.307841,-0.134127,334.844997,-53.864999,35.349999
10.030,-3.242805,13.307841,-0.134127,334.844997,-53.864999,35.349999
10.040,-3.242805,13.307841,-0.134127,334.844997,-53.864999,35.349999
10.050,-3.242805,13.307841,-0.134127,334.844997,-53.864999,35.349999
10.060,-3.242805,13.307841,-0.134127,334.844997,-53.864999,35.349999
10.070,-3.242805,13.307841,-0.134127,334.844997,-53.864999,35.349999
10.080,-3.242805,13.307841,-0.134127,334.844997,-53.864999,35.349999
10.090,0.068108,5.453728,-4.554770,334.844997,-53.864999,35.349999
10.100,0.068108,5.453728,-4.554770,334.844997,-53.864999,35.349999
10.110,0.068108,5.453728,-4.554770,334.844997,-53.864999,35.349999
10.120,0.068108,5.453728,-4.554770,334.844997,-53.864999,35.349999
10.130,0.068108,5.453728,-4.554770,334.844997,-53.864999,35.349999
10.140,0.068108,5.453728,-4.554770,334.844997,-53.864999,35.349999
10.150,0.068108,5.453728,-4.554770,334.844997,-53.864999,35.349999
10.160,0.068108,5.453728,-4.554770,334.844997,-53.864999,35.349999
10.170,0.068108,5.453728,-4.554770,160.404998,66.430003,281.364998
10.180,0.068108,5.453728,-4.554770,160.404998,66.430003,281.364998
10.190,0.068108,5.453728,-4.554770,160.404998,66.430003,281.364998
10.200,0.068108,5.453728,-4.554770,160.404998,66.430003,281.364998
10.210,0.068108,5.453728,-4.554770,160.404998,66.430003,281.364998
10.220,0.068108,5.453728,-4.554770,160.404998,66.430003,281.364998
10.230,0.068108,5.453728,-4.554770,160.404998,66.430003,281.364998
10.240,3.097996,0.334978,3.617318,160.404998,66.430003,281.364998
10.250,3.097996,0.334978,3.617318,160.404998,66.430003,281.364998
10.260,3.097996,0.334978,3.617318,160.404998,66.430003,281.364998
10.270,3.097996,0.334978,3.617318,160.404998,66.430003,281.364998
10.280,3.097996,0.334978,3.617318,160.404998,66.430003,281.364998
10.290,3.097996,0.334978,3.617318,160.404998,66.430003,281.364998
10.300,3.097996,0.334978,3.617318,160.404998,66.430003,281.364998
10.310,3.097996,0.334978,3.617318,160.404998,66.430003,281.364998
10.320,3.097996,0.334978,3.617318,160.404998,66.430003,281.364998
10.330,3.097996,0.334978,3.617318,63.245004,77.630004,60.935000
10.340,3.097996,0.334978,3.617318,63.245004,77.630004,60.935000
10.350,3.097996,0.334978,3.617318,63.245004,77.630004,60.935000
10.360,3.097996,0.334978,3.617318,63.245004,77.630004,60.935000
10.370,3.097996,0.334978,3.617318,63.245004,77.630004,60.935000
10.380,3.097996,0.334978,3.617318,63.245004,77.630004,60.935000
10.390,3.097996,0.334978,3.617318,63.245004,77.630004,60.935000
10.400,3.097996,0.334978,3.617318,63.245004,77.630004,60.935000
10.410,6.406803,-4.401669,2.221563,63.245004,77.630004,60.935000
10.420,6.406803,-4.401669,2.221563,63.245004,77.630004,60.935000
10.430,6.406803,-4.401669,2.221563,63.245004,77.630004,60.935000
10.440,6.406803,-4.401669,2.221563,63.245004,77.630004,60.935000
10.450,6.406803,-4.401669,2.221563,63.245004,77.630004,60.935000
10.460,6.406803,-4.401669,2.221563,63.245004,77.630004,60.935000
10.470,6.406803,-4.401669,2.221563,63.245004,77.630004,60.935000
10.480,6.406803,-4.401669,2.221563,63.245004,77.630004,60.935000
10.490,6.406803,-4.401669,2.221563,-57.015001,76.335000,-39.410000
10.500,6.406803,-4.401669,2.221563,-57.015001,76.335000,-39.410000
10.510,6.406803,-4.401669,2.221563,-57.015001,76.335000,-39.410000
10.520,6.406803,-4.401669,2.221563,-57.015001,76.335000,-39.410000
10.530,6.406803,-4.401669,2.221563,-57.015001,76.335000,-39.410000
10.540,6.406803,-4.401669,2.221563,-57.015001,76.335000,-39.410000
10.550,6.406803,-4.401669,2.221563,-57.015001,76.335000,-39.410000
10.560,6.406803,-4.401669,2.221563,-57.015001,76.335000,-39.410000
10.570,2.039795,3.839399,1.514846,-57.015001,76.335000,-39.410000
10.580,2.039795,3.839399,1.514846,-57.015001,76.335000,-39.410000
10.590,2.039795,3.839399,1.514846,-57.015001,76.335000,-39.410000
10.600,2.039795,3.839399,1.514846,-57.015001,76.335000,-39.410000
10.610,2.039795,3.839399,1.514846,-57.015001,76.335000,-39.410000
10.620,2.039795,3.839399,1.514846,-57.015001,76.335000,-39.410000
10.630,2.039795,3.839399,1.514846,-57.015001,76.335000,-39.410000
10.640,2.039795,3.839399,1.514846,-57.015001,76.335000,-39.410000
10.650,2.039795,3.839399,1.514846,-54.845002,23.240000,15.400000
10.660,2.039795,3.839399,1.514846,-54.845002,23.240000,15.400000
10.670,2.039795,3.839399,1.514846,-54.845002,23.240000,15.400000
10.680,2.039795,3.839399,1.514846,-54.845002,23.240000,15.400000
10.690,2.039795,3.839399,1.514846,-54.845002,23.240000,15.400000
10.700,2.039795,3.839399,1.514846,-54.845002,23.240000,15.400000
10.710,2.039795,3.839399,1.514846,-54.845002,23.240000,15.400000
10.720,0.660748,1.656067,2.295971,-54.845002,23.240000,15.400000
10.730,0.660748,1.656067,2.295971,-54.845002,23.240000,15.400000
10.740,0.660748,1.656067,2.295971,-54.845002,23.240000,15.400000
10.750,0.660748,1.656067,2.295971,-54.845002,23.240000,15.400000
10.760,0.660748,1.656067,2.295971,-54.845002,23.240000,15.400000
10.770,0.660748,1.656067,2.295971,-54.845002,23.240000,15.400000
10.780,0.660748,1.656067,2.295971,-54.845002,23.240000,15.400000
10.790,0.660748,1.656067,2.295971,-54.845002,23.240000,15.400000
10.800,0.660748,1.656067,2.295971,-54.845002,23.240000,15.400000
10.810,0.660748,1.656067,2.295971,2.345000,15.715000,-3.465000
10.820,0.660748,1.656067,2.295971,2.345000,15.715000,-3.465000
10.830,0.660748,1.656067,2.295971,2.345000,15.715000,-3.465000
10.840,0.660748,1.656067,2.295971,2.345000,15.715000,-3.465000
10.850,0.660748,1.656067,2.295971,2.345000,15.715000,-3.465000
10.860,0.660748,1.656067,2.295971,2.345000,15.715000,-3.465000
10.870,0.660748,1.656067,2.295971,2.345000,15.715000,-3.465000
10.880,0.660748,1.656067,2.295971,2.345000,15.715000,-3.465000
10.890,-1.359948,0.685123,-0.681923,2.345000,15.715000,-3.465000
10.900,-1.359948,0.685123,-0.681923,2.345000,15.715000,-3.465000
10.910,-1.359948,0.685123,-0.681923,2.345000,15.715000,-3.465000
10.920,-1.359948,0.685123,-0.681923,2.345000,15.715000,-3.465000
10.930,-1.359948,0.685123,-0.681923,2.345000,15.715000,-3.465000
10.940,-1.359948,0.685123,-0.681923,2.345000,15.715000,-3.465000
10.950,-1.359948,0.685123,-0.681923,2.345000,15.715000,-3.465000
10.960,-1.359948,0.685123,-0.681923,2.345000,15.715000,-3.465000
10.970,-1.359948,0.685123,-0.681923,2.345000,15.715000,-3.465000
10.980,-1.359948,0.685123,-0.681923,2.345000,15.715000,-3.465000
10.990,-1.359948,0.685123,-0.681923,2.345000,15.715000,-3.465000
11.000,-1.359948,0.685123,-0.681923,2.345000,15.715000,-3.465000
11.010,-1.359948,0.685123,-0.681923,2.345000,15.715000,-3.465000
11.020,-1.359948,0.685123,-0.681923,2.345000,15.715000,-3.465000
11.030,-1.359948,0.685123,-0.681923,2.345000,15.715000,-3.465000
11.040,-1.359948,0.685123,-0.681923,-24.990001,32.585002,17.535000
11.050,-1.359948,0.685123,-0.681923,-24.990001,32.585002,17.535000
11.060,-1.359948,0.685123,-0.681923,-24.990001,32.585002,17.535000
11.070,-1.359948,0.685123,-0.681923,-24.990001,32.585002,17.535000
11.080,-1.359948,0.685123,-0.681923,-24.990001,32.585002,17.535000
11.090,-1.359948,0.685123,-0.681923,-24.990001,32.585002,17.535000
11.100,-1.359948,0.685123,-0.681923,-24.990001,32.585002,17.535000
11.110,-1.359948,0.685123,-0.681923,-24.990001,32.585002,17.535000
11.120,-1.359948,0.685123,-0.681923,-24.990001,32.585002,17.535000
11.130,-1.359948,0.685123,-0.681923,-24.990001,32.585002,17.535000
11.140,-1.359948,0.685123,-0.681923,-24.990001,32.585002,17.535000
11.150,-1.359948,0.685123,-0.681923,-24.990001,32.585002,17.535000
11.160,-1.359948,0.685123,-0.681923,-24.990001,32.585002,17.535000
11.170,-1.359948,0.685123,-0.681923,-24.990001,32.585002,17.535000
11.180,-1.359948,0.685123,-0.681923,-24.990001,32.585002,17.535000
11.190,-1.857934,-1.725436,-2.794173,-24.990001,32.585002,17.535000
11.200,-1.857934,-1.725436,-2.794173,-74.270002,16.064999,50.330001
11.210,-2.344429,-4.102077,-4.120054,-74.270002,16.064999,50.330001
11.220,-2.344429,-4.102077,-4.120054,-74.270002,16.064999,50.330001
11.230,-2.344429,-4.102077,-4.120054,-74.270002,16.064999,50.330001
11.240,-2.344429,-4.102077,-4.120054,-74.270002,16.064999,50.330001
11.250,-2.344429,-4.102077,-4.120054,-74.270002,16.064999,50.330001
11.260,-2.344429,-4.102077,-4.120054,-74.270002,16.064999,50.330001
11.270,-2.344429,-4.102077,-4.120054,-74.270002,16.064999,50.330001
11.280,-2.344429,-4.102077,-4.120054,-74.270002,16.064999,50.330001
11.290,-2.344429,-4.102077,-4.120054,-208.390000,77.105002,-21.490000
11.300,-2.344429,-4.102077,-4.120054,-208.390000,77.105002,-21.490000
11.310,-2.344429,-4.102077,-4.120054,-208.390000,77.105002,-21.490000
11.320,-2.344429,-4.102077,-4.120054,-208.390000,77.105002,-21.490000
11.330,-2.344429,-4.102077,-4.120054,-208.390000,77.105002,-21.490000
11.340,-2.344429,-4.102077,-4.120054,-208.390000,77.105002,-21.490000
11.350,-2.344429,-4.102077,-4.120054,-208.390000,77.105002,-21.490000
11.360,-6.177445,-9.424225,1.145680,-208.390000,77.105002,-21.490000
11.370,-6.177445,-9.424225,1.145680,-208.390000,77.105002,-21.490000
11.380,-6.177445,-9.424225,1.145680,-208.390000,77.105002,-21.490000
11.390,-6.177445,-9.424225,1.145680,-208.390000,77.105002,-21.490000
11.400,-6.177445,-9.424225,1.145680,-208.390000,77.105002,-21.490000
11.410,-6.177445,-9.424225,1.145680,-208.390000,77.105002,-21.490000
11.420,-6.177445,-9.424225,1.145680,-208.390000,77.105002,-21.490000
11.430,-6.177445,-9.424225,1.145680,-208.390000,77.105002,-21.490000
11.440,-6.177445,-9.424225,1.145680,-208.390000,77.105002,-21.490000
11.450,-6.177445,-9.424225,1.145680,-161.630006,218.995003,-210.699998
11.460,-6.177445,-9.424225,1.145680,-161.630006,218.995003,-210.699998
11.470,-6.177445,-9.424225,1.145680,-161.630006,218.995003,-210.699998
11.480,-6.177445,-9.424225,1.145680,-161.630006,218.995003,-210.699998
11.490,-6.177445,-9.424225,1.145680,-161.630006,218.995003,-210.699998
11.500,-6.177445,-9.424225,1.145680,-161.630006,218.995003,-210.699998
11.510,-6.177445,-9.424225,1.145680,-161.630006,218.995003,-210.699998
11.520,-6.177445,-9.424225,1.145680,-161.630006,218.995003,-210.699998
11.530,2.154458,0.365316,0.673293,-161.630006,218.995003,-210.699998
11.540,2.154458,0.365316,0.673293,-161.630006,218.995003,-210.699998
11.550,2.154458,0.365316,0.673293,-161.630006,218.995003,-210.699998
11.560,2.154458,0.365316,0.673293,-161.630006,218.995003,-210.699998
11.570,2.154458,0.365316,0.673293,-161.630006,218.995003,-210.699998
11.580,2.154458,0.365316,0.673293,-161.630006,218.995003,-210.699998
11.590,2.154458,0.365316,0.673293,-161.630006,218.995003,-210.699998
11.600,2.154458,0.365316,0.673293,-161.630006,218.995003,-210.699998
11.610,2.154458,0.365316,0.673293,55.229999,163.905006,-244.684997
11.620,2.154458,0.365316,0.673293,55.229999,163.905006,-244.684997
11.630,2.154458,0.365316,0.673293,55.229999,163.905006,-244.684997
11.640,2.154458,0.365316,0.673293,55.229999,163.905006,-244.684997
11.650,2.154458,0.365316,0.673293,55.229999,163.905006,-244.684997
11.660,2.154458,0.365316,0.673293,55.229999,163.905006,-244.684997
11.670,2.154458,0.365316,0.673293,55.229999,163.905006,-244.684997
11.680,2.154458,0.365316,0.673293,55.229999,163.905006,-244.684997
11.690,-0.820033,8.558952,9.979450,55.229999,163.905006,-244.684997
11.700,-0.820033,8.558952,9.979450,55.229999,163.905006,-244.684997
11.710,-0.820033,8.558952,9.979450,55.229999,163.905006,-244.684997
11.720,-0.820033,8.558952,9.979450,55.229999,163.905006,-244.684997
11.730,-0.820033,8.558952,9.979450,55.229999,163.905006,-244.684997
11.740,-0.820033,8.558952,9.979450,55.229999,163.905006,-244.684997
11.750,-0.820033,8.558952,9.979450,55.229999,163.905006,-244.684997
11.760,-0.820033,8.558952,9.979450,55.229999,163.905006,-244.684997
11.770,-0.820033,8.558952,9.979450,417.235001,0.420000,50.540002
11.780,-0.820033,8.558952,9.979450,417.235001,0.420000,50.540002
11.790,-0.820033,8.558952,9.979450,417.235001,0.420000,50.540002
11.800,-0.820033,8.558952,9.979450,417.235001,0.420000,50.540002
11.810,-0.820033,8.558952,9.979450,417.235001,0.420000,50.540002
11.820,-0.820033,8.558952,9.979450,417.235001,0.420000,50.540002
11.830,-0.820033,8.558952,9.979450,417.235001,0.420000,50.540002
11.840,-0.297854,-2.702830,-4.638671,417.235001,0.420000,50.540002
11.850,-0.297854,-2.702830,-4.638671,417.235001,0.420000,50.540002
11.860,-0.297854,-2.702830,-4.638671,417.235001,0.420000,50.540002
11.870,-0.297854,-2.702830,-4.638671,417.235001,0.420000,50.540002
11.880,-0.297854,-2.702830,-4.638671,417.235001,0.420000,50.540002
11.890,-0.297854,-2.702830,-4.638671,417.235001,0.420000,50.540002
11.900,-0.297854,-2.702830,-4.638671,417.235001,0.420000,50.540002
11.910,-0.297854,-2.702830,-4.638671,417.235001,0.420000,50.540002
11.920,-0.297854,-2.702830,-4.638671,310.520016,73.955000,168.769999
11.930,-0.297854,-2.702830,-4.638671,310.520016,73.955000,168.769999
11.940,-0.297854,-2.702830,-4.638671,310.520016,73.955000,168.769999
11.950,-0.297854,-2.702830,-4.638671,310.520016,73.955000,168.769999
11.960,-0.297854,-2.702830,-4.638671,310.520016,73.955000,168.769999
11.970,-0.297854,-2.702830,-4.638671,310.520016,73.955000,168.769999
11.980,-0.297854,-2.702830,-4.638671,310.520016,73.955000,168.769999
11.990,-0.297854,-2.702830,-4.638671,310.520016,73.955000,168.769999
12.000,2.770749,0.287484,-4.597749,310.520016,73.955000,168.769999
12.010,2.770749,0.287484,-4.597749,310.520016,73.955000,168.769999
12.020,2.770749,0.287484,-4.597749,310.520016,73.955000,168.769999
12.030,2.770749,0.287484,-4.597749,310.520016,73.955000,168.769999
12.040,2.770749,0.287484,-4.597749,310.520016,73.955000,168.769999
12.050,2.770749,0.287484,-4.597749,310.520016,73.955000,168.769999
12.060,2.770749,0.287484,-4.597749,310.520016,73.955000,168.769999
12.070,2.770749,0.287484,-4.597749,310.520016,73.955000,168.769999
12.080,2.770749,0.287484,-4.597749,310.520016,73.955000,168.769999
12.090,2.770749,0.287484,-4.597749,-12.845000,42.769999,53.340000
12.100,2.770749,0.287484,-4.597749,-12.845000,42.769999,53.340000
12.110,2.770749,0.287484,-4.597749,-12.845000,42.769999,53.340000
12.120,2.770749,0.287484,-4.597749,-12.845000,42.769999,53.340000
12.130,2.770749,0.287484,-4.597749,-12.845000,42.769999,53.340000
12.140,2.770749,0.287484,-4.597749,-12.845000,42.769999,53.340000
12.150,2.770749,0.287484,-4.597749,-12.845000,42.769999,53.340000
12.160,2.770749,0.287484,-4.597749,-12.845000,42.769999,53.340000
12.170,8.033552,-0.340791,-4.193431,-12.845000,42.769999,53.340000
12.180,8.033552,-0.340791,-4.193431,-12.845000,42.769999,53.340000
12.190,8.033552,-0.340791,-4.193431,-12.845000,42.769999,53.340000
12.200,8.033552,-0.340791,-4.193431,-12.845000,42.769999,53.340000
12.210,8.033552,-0.340791,-4.193431,-12.845000,42.769999,53.340000
12.220,8.033552,-0.340791,-4.193431,-12.845000,42.769999,53.340000
12.230,8.033552,-0.340791,-4.193431,-12.845000,42.769999,53.340000
12.240,8.033552,-0.340791,-4.193431,-12.845000,42.769999,53.340000
12.250,8.033552,-0.340791,-4.193431,-78.294998,55.405002,50.715002
12.260,8.033552,-0.340791,-4.193431,-78.294998,55.405002,50.715002
12.270,8.033552,-0.340791,-4.193431,-78.294998,55.405002,50.715002
12.280,8.033552,-0.340791,-4.193431,-78.294998,55.405002,50.715002
12.290,8.033552,-0.340791,-4.193431,-78.294998,55.405002,50.715002
12.300,8.033552,-0.340791,-4.193431,-78.294998,55.405002,50.715002
12.310,8.033552,-0.340791,-4.193431,-78.294998,55.405002,50.715002
12.320,2.170908,1.410970,5.249058,-78.294998,55.405002,50.715002
12.330,2.170908,1.410970,5.249058,-78.294998,55.405002,50.715002
12.340,2.170908,1.410970,5.249058,-78.294998,55.405002,50.715002
12.350,2.170908,1.410970,5.249058,-78.294998,55.405002,50.715002
12.360,2.170908,1.410970,5.249058,-78.294998,55.405002,50.715002
12.370,2.170908,1.410970,5.249058,-78.294998,55.405002,50.715002
12.380,2.170908,1.410970,5.249058,-78.294998,55.405002,50.715002
12.390,2.170908,1.410970,5.249058,-78.294998,55.405002,50.715002
12.400,2.170908,1.410970,5.249058,-78.294998,55.405002,50.715002
12.410,2.170908,1.410970,5.249058,-42.594999,59.395004,22.050000
12.420,2.170908,1.410970,5.249058,-42.594999,59.395004,22.050000
12.430,2.170908,1.410970,5.249058,-42.594999,59.395004,22.050000
12.440,2.170908,1.410970,5.249058,-42.594999,59.395004,22.050000
12.450,2.170908,1.410970,5.249058,-42.594999,59.395004,22.050000
12.460,2.170908,1.410970,5.249058,-42.594999,59.395004,22.050000
12.470,2.170908,1.410970,5.249058,-42.594999,59.395004,22.050000
12.480,2.170908,1.410970,5.249058,-42.594999,59.395004,22.050000
12.490,-0.728343,1.370111,2.172794,-42.594999,59.395004,22.050000
12.500,-0.728343,1.370111,2.172794,-42.594999,59.395004,22.050000
12.510,-0.728343,1.370111,2.172794,-42.594999,59.395004,22.050000
12.520,-0.728343,1.370111,2.172794,-42.594999,59.395004,22.050000
12.530,-0.728343,1.370111,2.172794,-42.594999,59.395004,22.050000
12.540,-0.728343,1.370111,2.172794,-42.594999,59.395004,22.050000
12.550,-0.728343,1.370111,2.172794,-42.594999,59.395004,22.050000
12.560,-0.728343,1.370111,2.172794,-42.594999,59.395004,22.050000
12.570,-0.728343,1.370111,2.172794,-8.890000,62.334997,19.914999
12.580,-0.728343,1.370111,2.172794,-8.890000,62.334997,19.914999
12.590,-0.728343,1.370111,2.172794,-8.890000,62.334997,19.914999
12.600,-0.728343,1.370111,2.172794,-8.890000,62.334997,19.914999
12.610,-0.728343,1.370111,2.172794,-8.890000,62.334997,19.914999
12.620,-0.728343,1.370111,2.172794,-8.890000,62.334997,19.914999
12.630,-0.728343,1.370111,2.172794,-8.890000,62.334997,19.914999
12.640,-0.728343,1.370111,2.172794,-8.890000,62.334997,19.914999
12.650,-4.327206,-1.822922,-5.748912,-8.890000,62.334997,19.914999
12.660,-4.327206,-1.822922,-5.748912,-8.890000,62.334997,19.914999
12.670,-4.327206,-1.822922,-5.748912,-8.890000,62.334997,19.914999
12.680,-4.327206,-1.822922,-5.748912,-8.890000,62.334997,19.914999
12.690,-4.327206,-1.822922,-5.748912,-8.890000,62.334997,19.914999
12.700,-4.327206,-1.822922,-5.748912,-8.890000,62.334997,19.914999
12.710,-4.327206,-1.822922,-5.748912,-8.890000,62.334997,19.914999
12.720,-4.327206,-1.822922,-5.748912,-8.890000,62.334997,19.914999
12.730,-4.327206,-1.822922,-5.748912,-76.160004,31.815001,27.965001
12.740,-4.327206,-1.822922,-5.748912,-76.160004,31.815001,27.965001
12.750,-4.327206,-1.822922,-5.748912,-76.160004,31.815001,27.965001
12.760,-4.327206,-1.822922,-5.748912,-76.160004,31.815001,27.965001
12.770,-4.327206,-1.822922,-5.748912,-76.160004,31.815001,27.965001
12.780,-4.327206,-1.822922,-5.748912,-76.160004,31.815001,27.965001
12.790,-4.327206,-1.822922,-5.748912,-76.160004,31.815001,27.965001
12.800,-0.891350,-5.999660,-4.794497,-76.160004,31.815001,27.965001
12.810,-0.891350,-5.999660,-4.794497,-76.160004,31.815001,27.965001
12.820,-0.891350,-5.999660,-4.794497,-76.160004,31.815001,27.965001
12.830,-0.891350,-5.999660,-4.794497,-76.160004,31.815001,27.965001
12.840,-0.891350,-5.999660,-4.794497,-76.160004,31.815001,27.965001
12.850,-0.891350,-5.999660,-4.794497,-76.160004,31.815001,27.965001
12.860,-0.891350,-5.999660,-4.794497,-76.160004,31.815001,27.965001
12.870,-0.891350,-5.999660,-4.794497,-76.160004,31.815001,27.965001
12.880,-0.891350,-5.999660,-4.794497,-76.160004,31.815001,27.965001
12.890,-0.891350,-5.999660,-4.794497,-182.490005,87.814998,-9.030000
12.900,-0.891350,-5.999660,-4.794497,-182.490005,87.814998,-9.030000
12.910,-0.891350,-5.999660,-4.794497,-182.490005,87.814998,-9.030000
12.920,-0.891350,-5.999660,-4.794497,-182.490005,87.814998,-9.030000
12.930,-0.891350,-5.999660,-4.794497,-182.490005,87.814998,-9.030000
12.940,-0.891350,-5.999660,-4.794497,-182.490005,87.814998,-9.030000
12.950,-0.891350,-5.999660,-4.794497,-182.490005,87.814998,-9.030000
12.960,-0.891350,-5.999660,-4.794497,-182.490005,87.814998,-9.030000
12.970,-4.532311,-8.934992,1.594452,-182.490005,87.814998,-9.030000
12.980,-4.532311,-8.934992,1.594452,-182.490005,87.814998,-9.030000
12.990,-4.532311,-8.934992,1.594452,-182.490005,87.814998,-9.030000
13.000,-4.532311,-8.934992,1.594452,-182.490005,87.814998,-9.030000
13.010,-4.532311,-8.934992,1.594452,-182.490005,87.814998,-9.030000
13.020,-4.532311,-8.934992,1.594452,-182.490005,87.814998,-9.030000
13.030,-4.532311,-8.934992,1.594452,-182.490005,87.814998,-9.030000
13.040,-4.532311,-8.934992,1.594452,-182.490005,87.814998,-9.030000
13.050,-4.532311,-8.934992,1.594452,-170.275004,190.155007,-167.615001
13.060,-4.532311,-8.934992,1.594452,-170.275004,190.155007,-167.615001
13.070,-4.532311,-8.934992,1.594452,-170.275004,190.155007,-167.615001
13.080,-4.532311,-8.934992,1.594452,-170.275004,190.155007,-167.615001
13.090,-4.532311,-8.934992,1.594452,-170.275004,190.155007,-167.615001
13.100,-4.532311,-8.934992,1.594452,-170.275004,190.155007,-167.615001
13.110,-4.532311,-8.934992,1.594452,-170.275004,190.155007,-167.615001
13.120,1.269815,1.250865,-0.840913,-170.275004,190.155007,-167.615001
13.130,1.269815,1.250865,-0.840913,-170.275004,190.155007,-167.615001
13.140,1.269815,1.250865,-0.840913,-170.275004,190.155007,-167.615001
13.150,1.269815,1.250865,-0.840913,-170.275004,190.155007,-167.615001
13.160,1.269815,1.250865,-0.840913,-170.275004,190.155007,-167.615001
13.170,1.269815,1.250865,-0.840913,-170.275004,190.155007,-167.615001
13.180,1.269815,1.250865,-0.840913,-170.275004,190.155007,-167.615001
13.190,1.269815,1.250865,-0.840913,-170.275004,190.155007,-167.615001
13.200,1.269815,1.250865,-0.840913,-170.275004,190.155007,-167.615001
13.210,1.269815,1.250865,-0.840913,27.825001,178.955000,-246.295010
13.220,1.269815,1.250865,-0.840913,27.825001,178.955000,-246.295010
13.230,1.269815,1.250865,-0.840913,27.825001,178.955000,-246.295010
13.240,1.269815,1.250865,-0.840913,27.825001,178.955000,-246.295010
13.250,1.269815,1.250865,-0.840913,27.825001,178.955000,-246.295010
13.260,1.269815,1.250865,-0.840913,27.825001,178.955000,-246.295010
13.270,1.269815,1.250865,-0.840913,27.825001,178.955000,-246.295010
13.280,1.269815,1.250865,-0.840913,27.825001,178.955000,-246.295010
13.290,-3.870235,7.344370,3.548726,27.825001,178.955000,-246.295010
13.300,-3.870235,7.344370,3.548726,27.825001,178.955000,-246.295010
13.310,-3.870235,7.344370,3.548726,27.825001,178.955000,-246.295010
13.320,-3.870235,7.344370,3.548726,27.825001,178.955000,-246.295010
13.330,-3.870235,7.344370,3.548726,27.825001,178.955000,-246.295010
13.340,-3.870235,7.344370,3.548726,27.825001,178.955000,-246.295010
13.350,-3.870235,7.344370,3.548726,27.825001,178.955000,-246.295010
13.360,-3.870235,7.344370,3.548726,27.825001,178.955000,-246.295010
13.370,-3.870235,7.344370,3.548726,316.364991,157.430000,-100.100001
13.380,-3.870235,7.344370,3.548726,316.364991,157.430000,-100.100001
13.390,-3.870235,7.344370,3.548726,316.364991,157.430000,-100.100001
13.400,-3.870235,7.344370,3.548726,316.364991,157.430000,-100.100001
13.410,-3.870235,7.344370,3.548726,316.364991,157.430000,-100.100001
13.420,-3.870235,7.344370,3.548726,316.364991,157.430000,-100.100001
13.430,-3.870235,7.344370,3.548726,316.364991,157.430000,-100.100001
13.440,-1.311071,6.260483,-2.280780,316.364991,157.430000,-100.100001
13.450,-1.311071,6.260483,-2.280780,316.364991,157.430000,-100.100001
13.460,-1.311071,6.260483,-2.280780,316.364991,157.430000,-100.100001
13.470,-1.311071,6.260483,-2.280780,316.364991,157.430000,-100.100001
13.480,-1.311071,6.260483,-2.280780,316.364991,157.430000,-100.100001
13.490,-1.311071,6.260483,-2.280780,316.364991,157.430000,-100.100001
13.500,-1.311071,6.260483,-2.280780,316.364991,157.430000,-100.100001
13.510,-1.311071,6.260483,-2.280780,316.364991,157.430000,-100.100001
13.520,-1.311071,6.260483,-2.280780,316.364991,157.430000,-100.100001
13.530,-1.311071,6.260483,-2.280780,369.565007,20.615000,235.164998
13.540,-1.311071,6.260483,-2.280780,369.565007,20.615000,235.164998
13.550,-1.311071,6.260483,-2.280780,369.565007,20.615000,235.164998
13.560,-1.311071,6.260483,-2.280780,369.565007,20.615000,235.164998
13.570,-1.311071,6.260483,-2.280780,369.565007,20.615000,235.164998
13.580,-1.311071,6.260483,-2.280780,369.565007,20.615000,235.164998
13.590,-1.311071,6.260483,-2.280780,369.565007,20.615000,235.164998
13.600,-1.311071,6.260483,-2.280780,369.565007,20.615000,235.164998
13.610,3.360305,5.902860,-0.110375,369.565007,20.615000,235.164998
13.620,3.360305,5.902860,-0.110375,369.565007,20.615000,235.164998
13.630,3.360305,5.902860,-0.110375,369.565007,20.615000,235.164998
13.640,3.360305,5.902860,-0.110375,369.565007,20.615000,235.164998
13.650,3.360305,5.902860,-0.110375,369.565007,20.615000,235.164998
13.660,3.360305,5.902860,-0.110375,369.565007,20.615000,235.164998
13.670,3.360305,5.902860,-0.110375,369.565007,20.615000,235.164998
13.680,3.360305,5.902860,-0.110375,369.565007,20.615000,235.164998
13.690,3.360305,5.902860,-0.110375,131.424997,187.495004,201.424997
13.700,3.360305,5.902860,-0.110375,131.424997,187.495004,201.424997
13.710,3.360305,5.902860,-0.110375,131.424997,187.495004,201.424997
13.720,3.360305,5.902860,-0.110375,131.424997,187.495004,201.424997
13.730,3.360305,5.902860,-0.110375,131.424997,187.495004,201.424997
13.740,3.360305,5.902860,-0.110375,131.424997,187.495004,201.424997
13.750,3.360305,5.902860,-0.110375,131.424997,187.495004,201.424997
13.760,3.360305,5.902860,-0.110375,131.424997,187.495004,201.424997
13.770,2.437332,-8.215977,4.918454,131.424997,187.495004,201.424997
13.780,2.437332,-8.215977,4.918454,131.424997,187.495004,201.424997
13.790,2.437332,-8.215977,4.918454,131.424997,187.495004,201.424997
13.800,2.437332,-8.215977,4.918454,131.424997,187.495004,201.424997
13.810,2.437332,-8.215977,4.918454,131.424997,187.495004,201.424997
13.820,2.437332,-8.215977,4.918454,131.424997,187.495004,201.424997
13.830,2.437332,-8.215977,4.918454,131.424997,187.495004,201.424997
13.840,2.437332,-8.215977,4.918454,131.424997,187.495004,201.424997
13.850,2.437332,-8.215977,4.918454,-86.520001,71.085003,3.990000
13.860,2.437332,-8.215977,4.918454,-86.520001,71.085003,3.990000
13.870,2.437332,-8.215977,4.918454,-86.520001,71.085003,3.990000
13.880,2.437332,-8.215977,4.918454,-86.520001,71.085003,3.990000
13.890,2.437332,-8.215977,4.918454,-86.520001,71.085003,3.990000
13.900,2.437332,-8.215977,4.918454,-86.520001,71.085003,3.990000
13.910,2.437332,-8.215977,4.918454,-86.520001,71.085003,3.990000
13.920,5.602460,-1.037388,6.403664,-86.520001,71.085003,3.990000
13.930,5.602460,-1.037388,6.403664,-86.520001,71.085003,3.990000
13.940,5.602460,-1.037388,6.403664,-86.520001,71.085003,3.990000
13.950,5.602460,-1.037388,6.403664,-86.520001,71.085003,3.990000
13.960,5.602460,-1.037388,6.403664,-86.520001,71.085003,3.990000
13.970,5.602460,-1.037388,6.403664,-86.520001,71.085003,3.990000
13.980,5.602460,-1.037388,6.403664,-86.520001,71.085003,3.990000
13.990,5.602460,-1.037388,6.403664,-86.520001,71.085003,3.990000
14.000,5.602460,-1.037388,6.403664,-86.520001,71.085003,3.990000
14.010,5.602460,-1.037388,6.403664,-25.410001,60.340002,7.910000
14.020,5.602460,-1.037388,6.403664,-25.410001,60.340002,7.910000
14.030,5.602460,-1.037388,6.403664,-25.410001,60.340002,7.910000
14.040,5.602460,-1.037388,6.403664,-25.410001,60.340002,7.910000
14.050,5.602460,-1.037388,6.403664,-25.410001,60.340002,7.910000
14.060,5.602460,-1.037388,6.403664,-25.410001,60.340002,7.910000
14.070,5.602460,-1.037388,6.403664,-25.410001,60.340002,7.910000
14.080,5.602460,-1.037388,6.403664,-25.410001,60.340002,7.910000
14.090,-0.972982,2.673285,0.133415,-25.410001,60.340002,7.910000
14.100,-0.972982,2.673285,0.133415,-25.410001,60.340002,7.910000
14.110,-0.972982,2.673285,0.133415,-25.410001,60.340002,7.910000
14.120,-0.972982,2.673285,0.133415,-25.410001,60.340002,7.910000
14.130,-0.972982,2.673285,0.133415,-25.410001,60.340002,7.910000
14.140,-0.972982,2.673285,0.133415,-25.410001,60.340002,7.910000
14.150,-0.972982,2.673285,0.133415,-25.410001,60.340002,7.910000
14.160,-0.972982,2.673285,0.133415,-25.410001,60.340002,7.910000
14.170,-0.972982,2.673285,0.133415,-16.975001,44.205001,-0.665000
14.180,-0.972982,2.673285,0.133415,-16.975001,44.205001,-0.665000
14.190,-0.972982,2.673285,0.133415,-16.975001,44.205001,-0.665000
14.200,-0.972982,2.673285,0.133415,-16.975001,44.205001,-0.665000
14.210,-0.972982,2.673285,0.133415,-16.975001,44.205001,-0.665000
14.220,-0.972982,2.673285,0.133415,-16.975001,44.205001,-0.665000
14.230,-0.972982,2.673285,0.133415,-16.975001,44.205001,-0.665000
14.240,-0.276561,2.242058,0.629626,-16.975001,44.205001,-0.665000
14.250,-0.276561,2.242058,0.629626,-16.975001,44.205001,-0.665000
14.260,-0.276561,2.242058,0.629626,-16.975001,44.205001,-0.665000
14.270,-0.276561,2.242058,0.629626,-16.975001,44.205001,-0.665000
14.280,-0.276561,2.242058,0.629626,-16.975001,44.205001,-0.665000
14.290,-0.276561,2.242058,0.629626,-16.975001,44.205001,-0.665000
14.300,-0.276561,2.242058,0.629626,-16.975001,44.205001,-0.665000
14.310,-0.276561,2.242058,0.629626,-16.975001,44.205001,-0.665000
14.320,-0.276561,2.242058,0.629626,-16.975001,44.205001,-0.665000
14.330,-0.276561,2.242058,0.629626,-14.770001,-2.590000,-10.115000
14.340,-0.276561,2.242058,0.629626,-14.770001,-2.590000,-10.115000
14.350,-0.276561,2.242058,0.629626,-14.770001,-2.590000,-10.115000
14.360,-0.276561,2.242058,0.629626,-14.770001,-2.590000,-10.115000
14.370,-0.276561,2.242058,0.629626,-14.770001,-2.590000,-10.115000
14.380,-0.276561,2.242058,0.629626,-14.770001,-2.590000,-10.115000
14.390,-0.276561,2.242058,0.629626,-14.770001,-2.590000,-10.115000
14.400,-3.956203,-2.678722,-2.306135,-14.770001,-2.590000,-10.115000
14.410,-3.956203,-2.678722,-2.306135,-14.770001,-2.590000,-10.115000
14.420,-3.956203,-2.678722,-2.306135,-14.770001,-2.590000,-10.115000
14.430,-3.956203,-2.678722,-2.306135,-14.770001,-2.590000,-10.115000
14.440,-3.956203,-2.678722,-2.306135,-14.770001,-2.590000,-10.115000
14.450,-3.956203,-2.678722,-2.306135,-14.770001,-2.590000,-10.115000
14.460,-3.956203,-2.678722,-2.306135,-14.770001,-2.590000,-10.115000
14.470,-3.956203,-2.678722,-2.306135,-14.770001,-2.590000,-10.115000
14.480,-3.956203,-2.678722,-2.306135,-14.770001,-2.590000,-10.115000
14.490,-3.956203,-2.678722,-2.306135,-16.835001,12.985000,75.705004
14.500,-3.956203,-2.678722,-2.306135,-16.835001,12.985000,75.705004
14.510,-3.956203,-2.678722,-2.306135,-16.835001,12.985000,75.705004
14.520,-3.956203,-2.678722,-2.306135,-16.835001,12.985000,75.705004
14.530,-3.956203,-2.678722,-2.306135,-16.835001,12.985000,75.705004
14.540,-3.956203,-2.678722,-2.306135,-16.835001,12.985000,75.705004
14.550,-3.956203,-2.678722,-2.306135,-16.835001,12.985000,75.705004
14.560,-3.956203,-2.678722,-2.306135,-16.835001,12.985000,75.705004
14.570,-0.653924,-4.058339,-7.635045,-16.835001,12.985000,75.705004
14.580,-0.653924,-4.058339,-7.635045,-16.835001,12.985000,75.705004
14.590,-0.653924,-4.058339,-7.635045,-16.835001,12.985000,75.705004
14.600,-0.653924,-4.058339,-7.635045,-16.835001,12.985000,75.705004
14.610,-0.653924,-4.058339,-7.635045,-16.835001,12.985000,75.705004
14.620,-0.653924,-4.058339,-7.635045,-16.835001,12.985000,75.705004
14.630,-0.653924,-4.058339,-7.635045,-16.835001,12.985000,75.705004
14.640,-0.653924,-4.058339,-7.635045,-16.835001,12.985000,75.705004
14.650,-0.653924,-4.058339,-7.635045,-236.705014,40.389999,6.265000
14.660,-0.653924,-4.058339,-7.635045,-236.705014,40.389999,6.265000
14.670,-0.653924,-4.058339,-7.635045,-236.705014,40.389999,6.265000
14.680,-0.653924,-4.058339,-7.635045,-236.705014,40.389999,6.265000
14.690,-0.653924,-4.058339,-7.635045,-236.705014,40.389999,6.265000
14.700,-0.653924,-4.058339,-7.635045,-236.705014,40.389999,6.265000
14.710,-0.653924,-4.058339,-7.635045,-236.705014,40.389999,6.265000
14.720,-4.489852,-7.648173,5.263464,-236.705014,40.389999,6.265000
14.730,-4.489852,-7.648173,5.263464,-236.705014,40.389999,6.265000
14.740,-4.489852,-7.648173,5.263464,-236.705014,40.389999,6.265000
14.750,-4.489852,-7.648173,5.263464,-236.705014,40.389999,6.265000
14.760,-4.489852,-7.648173,5.263464,-236.705014,40.389999,6.265000
14.770,-4.489852,-7.648173,5.263464,-236.705014,40.389999,6.265000
14.780,-4.489852,-7.648173,5.263464,-236.705014,40.389999,6.265000
14.790,-4.489852,-7.648173,5.263464,-236.705014,40.389999,6.265000
14.800,-4.489852,-7.648173,5.263464,-236.705014,40.389999,6.265000
14.810,-4.489852,-7.648173,5.263464,-111.720004,152.180002,-215.985007
14.820,-4.489852,-7.648173,5.263464,-111.720004,152.180002,-215.985007
14.830,-4.489852,-7.648173,5.263464,-111.720004,152.180002,-215.985007
14.840,-4.489852,-7.648173,5.263464,-111.720004,152.180002,-215.985007
14.850,-4.489852,-7.648173,5.263464,-111.720004,152.180002,-215.985007
14.860,-4.489852,-7.648173,5.263464,-111.720004,152.180002,-215.985007
14.870,-4.489852,-7.648173,5.263464,-111.720004,152.180002,-215.985007
14.880,-4.489852,-7.648173,5.263464,-111.720004,152.180002,-215.985007
14.890,-0.274476,-0.286262,0.255550,-111.720004,152.180002,-215.985007
14.900,-0.274476,-0.286262,0.255550,-111.720004,152.180002,-215.985007
14.910,-0.274476,-0.286262,0.255550,-111.720004,152.180002,-215.985007
14.920,-0.274476,-0.286262,0.255550,-111.720004,152.180002,-215.985007
14.930,-0.274476,-0.286262,0.255550,-111.720004,152.180002,-215.985007
14.940,-0.274476,-0.286262,0.255550,-111.720004,152.180002,-215.985007
14.950,-0.274476,-0.286262,0.255550,-111.720004,152.180002,-215.985007
14.960,-0.274476,-0.286262,0.255550,-111.720004,152.180002,-215.985007
14.970,-0.274476,-0.286262,0.255550,112.139999,92.260003,-238.874993
14.980,-0.274476,-0.286262,0.255550,112.139999,92.260003,-238.874993
14.990,-0.274476,-0.286262,0.255550,112.139999,92.260003,-238.874993
15.000,-0.274476,-0.286262,0.255550,112.139999,92.260003,-238.874993
15.010,-0.274476,-0.286262,0.255550,112.139999,92.260003,-238.874993
15.020,-0.274476,-0.286262,0.255550,112.139999,92.260003,-238.874993
15.030,-0.274476,-0.286262,0.255550,112.139999,92.260003,-238.874993
15.040,-3.257344,11.726676,-1.230165,112.139999,92.260003,-238.874993
15.050,-3.257344,11.726676,-1.230165,112.139999,92.260003,-238.874993
15.060,-3.257344,11.726676,-1.230165,112.139999,92.260003,-238.874993
15.070,-3.257344,11.726676,-1.230165,112.139999,92.260003,-238.874993
15.080,-3.257344,11.726676,-1.230165,112.139999,92.260003,-238.874993
15.090,-3.257344,11.726676,-1.230165,112.139999,92.260003,-238.874993
15.100,-3.257344,11.726676,-1.230165,112.139999,92.260003,-238.874993
15.110,-3.257344,11.726676,-1.230165,112.139999,92.260003,-238.874993
15.120,-3.257344,11.726676,-1.230165,234.430015,38.045001,77.770002
15.130,-3.257344,11.726676,-1.230165,234.430015,38.045001,77.770002
15.140,-3.257344,11.726676,-1.230165,234.430015,38.045001,77.770002
15.150,-3.257344,11.726676,-1.230165,234.430015,38.045001,77.770002
15.160,-3.257344,11.726676,-1.230165,234.430015,38.045001,77.770002
15.170,-3.257344,11.726676,-1.230165,234.430015,38.045001,77.770002
15.180,-3.257344,11.726676,-1.230165,234.430015,38.045001,77.770002
15.190,-3.257344,11.726676,-1.230165,234.430015,38.045001,77.770002
15.200,1.561951,4.338194,0.122947,234.430015,38.045001,77.770002
15.210,1.561951,4.338194,0.122947,234.430015,38.045001,77.770002
15.220,1.561951,4.338194,0.122947,234.430015,38.045001,77.770002
15.230,1.561951,4.338194,0.122947,234.430015,38.045001,77.770002
15.240,1.561951,4.338194,0.122947,234.430015,38.045001,77.770002
15.250,1.561951,4.338194,0.122947,234.430015,38.045001,77.770002
15.260,1.561951,4.338194,0.122947,234.430015,38.045001,77.770002
15.270,1.561951,4.338194,0.122947,234.430015,38.045001,77.770002
15.280,1.561951,4.338194,0.122947,234.430015,38.045001,77.770002
15.290,1.561951,4.338194,0.122947,241.710013,-40.635002,283.360015
15.300,1.561951,4.338194,0.122947,241.710013,-40.635002,283.360015
15.310,1.561951,4.338194,0.122947,241.710013,-40.635002,283.360015
15.320,1.561951,4.338194,0.122947,241.710013,-40.635002,283.360015
15.330,1.561951,4.338194,0.122947,241.710013,-40.635002,283.360015
15.340,1.561951,4.338194,0.122947,241.710013,-40.635002,283.360015
15.350,1.561951,4.338194,0.122947,241.710013,-40.635002,283.360015
15.360,1.561951,4.338194,0.122947,241.710013,-40.635002,283.360015
15.370,2.414101,5.343779,0.075373,241.710013,-40.635002,283.360015
15.380,2.414101,5.343779,0.075373,241.710013,-40.635002,283.360015
15.390,2.414101,5.343779,0.075373,241.710013,-40.635002,283.360015
15.400,2.414101,5.343779,0.075373,241.710013,-40.635002,283.360015
15.410,2.414101,5.343779,0.075373,241.710013,-40.635002,283.360015
15.420,2.414101,5.343779,0.075373,241.710013,-40.635002,283.360015
15.430,2.414101,5.343779,0.075373,241.710013,-40.635002,283.360015
15.440,2.414101,5.343779,0.075373,241.710013,-40.635002,283.360015
15.450,2.414101,5.343779,0.075373,68.705003,-24.675001,28.875000
15.460,2.414101,5.343779,0.075373,68.705003,-24.675001,28.875000
15.470,2.414101,5.343779,0.075373,68.705003,-24.675001,28.875000
15.480,2.414101,5.343779,0.075373,68.705003,-24.675001,28.875000
15.490,2.414101,5.343779,0.075373,68.705003,-24.675001,28.875000
15.500,2.414101,5.343779,0.075373,68.705003,-24.675001,28.875000
15.510,2.414101,5.343779,0.075373,68.705003,-24.675001,28.875000
15.520,2.050033,-11.350495,1.014148,68.705003,-24.675001,28.875000
15.530,2.050033,-11.350495,1.014148,68.705003,-24.675001,28.875000
15.540,2.050033,-11.350495,1.014148,68.705003,-24.675001,28.875000
15.550,2.050033,-11.350495,1.014148,68.705003,-24.675001,28.875000
15.560,2.050033,-11.350495,1.014148,68.705003,-24.675001,28.875000
15.570,2.050033,-11.350495,1.014148,68.705003,-24.675001,28.875000
15.580,2.050033,-11.350495,1.014148,68.705003,-24.675001,28.875000
15.590,2.050033,-11.350495,1.014148,68.705003,-24.675001,28.875000
15.600,2.050033,-11.350495,1.014148,68.705003,-24.675001,28.875000
15.610,2.050033,-11.350495,1.014148,-106.050004,-8.925001,-9.205000
15.620,2.050033,-11.350495,1.014148,-106.050004,-8.925001,-9.205000
15.630,2.050033,-11.350495,1.014148,-106.050004,-8.925001,-9.205000
15.640,2.050033,-11.350495,1.014148,-106.050004,-8.925001,-9.205000
15.650,2.050033,-11.350495,1.014148,-106.050004,-8.925001,-9.205000
15.660,2.050033,-11.350495,1.014148,-106.050004,-8.925001,-9.205000
15.670,2.050033,-11.350495,1.014148,-106.050004,-8.925001,-9.205000
15.680,2.050033,-11.350495,1.014148,-106.050004,-8.925001,-9.205000
15.690,7.104552,4.227535,0.880272,-106.050004,-8.925001,-9.205000
15.700,7.104552,4.227535,0.880272,-106.050004,-8.925001,-9.205000
15.710,7.104552,4.227535,0.880272,-106.050004,-8.925001,-9.205000
15.720,7.104552,4.227535,0.880272,-106.050004,-8.925001,-9.205000
15.730,7.104552,4.227535,0.880272,-106.050004,-8.925001,-9.205000
15.740,7.104552,4.227535,0.880272,-106.050004,-8.925001,-9.205000
15.750,7.104552,4.227535,0.880272,-106.050004,-8.925001,-9.205000
15.760,7.104552,4.227535,0.880272,-106.050004,-8.925001,-9.205000
15.770,7.104552,4.227535,0.880272,-12.145000,-5.670000,27.755000
15.780,7.104552,4.227535,0.880272,-12.145000,-5.670000,27.755000
15.790,7.104552,4.227535,0.880272,-12.145000,-5.670000,27.755000
15.800,7.104552,4.227535,0.880272,-12.145000,-5.670000,27.755000
15.810,7.104552,4.227535,0.880272,-12.145000,-5.670000,27.755000
15.820,7.104552,4.227535,0.880272,-12.145000,-5.670000,27.755000
15.830,7.104552,4.227535,0.880272,-12.145000,-5.670000,27.755000
15.840,7.104552,4.227535,0.880272,-12.145000,-5.670000,27.755000
15.850,2.423697,3.186661,-0.123219,-12.145000,-5.670000,27.755000
15.860,2.423697,3.186661,-0.123219,-12.145000,-5.670000,27.755000
15.870,2.423697,3.186661,-0.123219,-12.145000,-5.670000,27.755000
15.880,2.423697,3.186661,-0.123219,-12.145000,-5.670000,27.755000
15.890,2.423697,3.186661,-0.123219,-12.145000,-5.670000,27.755000
15.900,2.423697,3.186661,-0.123219,-12.145000,-5.670000,27.755000
15.910,2.423697,3.186661,-0.123219,-12.145000,-5.670000,27.755000
15.920,2.423697,3.186661,-0.123219,-12.145000,-5.670000,27.755000
15.930,2.423697,3.186661,-0.123219,-13.475000,-25.655000,-0.595000
15.940,2.423697,3.186661,-0.123219,-13.475000,-25.655000,-0.595000
15.950,2.423697,3.186661,-0.123219,-13.475000,-25.655000,-0.595000
15.960,2.423697,3.186661,-0.123219,-13.475000,-25.655000,-0.595000
15.970,2.423697,3.186661,-0.123219,-13.475000,-25.655000,-0.595000
15.980,2.423697,3.186661,-0.123219,-13.475000,-25.655000,-0.595000
15.990,2.423697,3.186661,-0.123219,-13.475000,-25.655000,-0.595000
16.000,2.423697,3.186661,-0.123219,-13.475000,-25.655000,-0.595000
16.010,2.705102,2.712135,0.422403,-13.475000,-25.655000,-0.595000
16.020,2.705102,2.712135,0.422403,-13.475000,-25.655000,-0.595000
16.030,2.705102,2.712135,0.422403,-13.475000,-25.655000,-0.595000
16.040,2.705102,2.712135,0.422403,-13.475000,-25.655000,-0.595000
16.050,2.705102,2.712135,0.422403,-13.475000,-25.655000,-0.595000
16.060,2.705102,2.712135,0.422403,-13.475000,-25.655000,-0.595000
16.070,2.705102,2.712135,0.422403,-13.475000,-25.655000,-0.595000
16.080,2.705102,2.712135,0.422403,-13.475000,-25.655000,-0.595000
16.090,2.705102,2.712135,0.422403,2.100000,3.710000,-10.990000
16.100,2.705102,2.712135,0.422403,2.100000,3.710000,-10.990000
16.110,2.705102,2.712135,0.422403,2.100000,3.710000,-10.990000
16.120,2.705102,2.712135,0.422403,2.100000,3.710000,-10.990000
16.130,2.705102,2.712135,0.422403,2.100000,3.710000,-10.990000
16.140,2.705102,2.712135,0.422403,2.100000,3.710000,-10.990000
16.150,2.705102,2.712135,0.422403,2.100000,3.710000,-10.990000
16.160,2.705102,2.712135,0.422403,2.100000,3.710000,-10.990000
16.170,1.309830,1.897726,-0.196463,2.100000,3.710000,-10.990000
16.180,1.309830,1.897726,-0.196463,2.100000,3.710000,-10.990000
16.190,1.309830,1.897726,-0.196463,2.100000,3.710000,-10.990000
16.200,1.309830,1.897726,-0.196463,2.100000,3.710000,-10.990000
16.210,1.309830,1.897726,-0.196463,2.100000,3.710000,-10.990000
16.220,1.309830,1.897726,-0.196463,2.100000,3.710000,-10.990000
16.230,1.309830,1.897726,-0.196463,2.100000,3.710000,-10.990000
16.240,1.309830,1.897726,-0.196463,2.100000,3.710000,-10.990000
16.250,1.309830,1.897726,-0.196463,3.115000,-8.645000,-6.685000
16.260,1.309830,1.897726,-0.196463,3.115000,-8.645000,-6.685000
16.270,1.309830,1.897726,-0.196463,3.115000,-8.645000,-6.685000
16.280,1.309830,1.897726,-0.196463,3.115000,-8.645000,-6.685000
16.290,1.309830,1.897726,-0.196463,3.115000,-8.645000,-6.685000
16.300,1.309830,1.897726,-0.196463,3.115000,-8.645000,-6.685000
16.310,1.309830,1.897726,-0.196463,3.115000,-8.645000,-6.685000
