time,ax_filtered,ay_filtered,az_filtered,wx_filtered,wy_filtered,wz_filtered
0.000,-3.993528,-12.652877,4.250187,11.270000,-18.724999,-25.550001
0.010,-3.993528,-12.652877,4.250187,11.270000,-18.724999,-25.550001
0.020,-3.993528,-12.652877,4.250187,11.270000,-18.724999,-25.550001
0.030,-3.993528,-12.652877,4.250187,11.270000,-18.724999,-25.550001
0.040,-3.993528,-12.652877,4.250187,11.270000,-18.724999,-25.550001
0.050,-3.993528,-12.652877,4.250187,11.270000,-18.724999,-25.550001
0.060,-3.993528,-12.652877,4.250187,11.270000,-18.724999,-25.550001
0.070,-3.993528,-12.652877,4.250187,11.270000,-18.724999,-25.550001
0.080,-3.993528,-12.652877,4.250187,11.270000,-18.724999,-25.550001
0.090,-3.993528,-12.652877,4.250187,11.270000,-18.724999,-25.550001
0.100,-3.993528,-12.652877,4.250187,11.270000,-18.724999,-25.550001
0.110,-3.993528,-12.652877,4.250187,11.270000,-18.724999,-25.550001
0.120,-3.993528,-12.652877,4.250187,11.270000,-18.724999,-25.550001
0.130,-3.993528,-12.652877,4.250187,11.270000,-18.724999,-25.550001
0.140,-3.993528,-12.652877,4.250187,11.270000,-18.724999,-25.550001
0.150,-3.993528,-12.652877,4.250187,11.270000,-18.724999,-25.550001
0.160,-3.993528,-12.652877,4.250187,11.270000,-18.724999,-25.550001
0.170,-2.817496,-19.406058,-1.388254,11.270000,-18.724999,-25.550001
0.180,-2.817496,-19.406058,-1.388254,11.270000,-18.724999,-25.550001
0.190,-2.817496,-19.406058,-1.388254,11.270000,-18.724999,-25.550001
0.200,-2.817496,-19.406058,-1.388254,11.270000,-18.724999,-25.550001
0.210,-2.817496,-19.406058,-1.388254,11.270000,-18.724999,-25.550001
0.220,-2.817496,-19.406058,-1.388254,11.270000,-18.724999,-25.550001
0.230,-2.817496,-19.406058,-1.388254,11.270000,-18.724999,-25.550001
0.240,-2.817496,-19.406058,-1.388254,11.270000,-18.724999,-25.550001
0.250,-2.817496,-19.406058,-1.388254,-318.010001,142.590007,-359.170005
0.260,-2.817496,-19.406058,-1.388254,-318.010001,142.590007,-359.170005
0.270,-2.817496,-19.406058,-1.388254,-318.010001,142.590007,-359.170005
0.280,-2.817496,-19.406058,-1.388254,-318.010001,142.590007,-359.170005
0.290,-2.817496,-19.406058,-1.388254,-318.010001,142.590007,-359.170005
0.300,-2.817496,-19.406058,-1.388254,-318.010001,142.590007,-359.170005
0.310,-2.817496,-19.406058,-1.388254,-318.010001,142.590007,-359.170005
0.320,1.069155,-22.550393,4.522475,-318.010001,142.590007,-359.170005
0.330,1.069155,-22.550393,4.522475,-318.010001,142.590007,-359.170005
0.340,1.069155,-22.550393,4.522475,-318.010001,142.590007,-359.170005
0.350,1.069155,-22.550393,4.522475,-318.010001,142.590007,-359.170005
0.360,1.069155,-22.550393,4.522475,-318.010001,142.590007,-359.170005
0.370,1.069155,-22.550393,4.522475,-318.010001,142.590007,-359.170005
0.380,1.069155,-22.550393,4.522475,-318.010001,142.590007,-359.170005
0.390,1.069155,-22.550393,4.522475,-318.010001,142.590007,-359.170005
0.400,1.069155,-22.550393,4.522475,-202.860006,217.315009,-231.979999
0.410,1.069155,-22.550393,4.522475,-202.860006,217.315009,-231.979999
0.420,1.069155,-22.550393,4.522475,-202.860006,217.315009,-231.979999
0.430,1.069155,-22.550393,4.522475,-202.860006,217.315009,-231.979999
0.440,1.069155,-22.550393,4.522475,-202.860006,217.315009,-231.979999
0.450,1.069155,-22.550393,4.522475,-202.860006,217.315009,-231.979999
0.460,1.069155,-22.550393,4.522475,-202.860006,217.315009,-231.979999
0.470,1.069155,-22.550393,4.522475,-202.860006,217.315009,-231.979999
0.480,1.069155,-22.550393,4.522475,-202.860006,217.315009,-231.979999
0.490,-5.800557,-0.338544,7.109683,-202.860006,217.315009,-231.979999
0.500,-5.800557,-0.338544,7.109683,-202.860006,217.315009,-231.979999
0.510,-5.800557,-0.338544,7.109683,-202.860006,217.315009,-231.979999
0.520,-5.800557,-0.338544,7.109683,-202.860006,217.315009,-231.979999
0.530,-5.800557,-0.338544,7.109683,-202.860006,217.315009,-231.979999
0.540,-5.800557,-0.338544,7.109683,-202.860006,217.315009,-231.979999
0.550,-5.800557,-0.338544,7.109683,-202.860006,217.315009,-231.979999
0.560,-5.800557,-0.338544,7.109683,-202.860006,217.315009,-231.979999
0.570,-5.800557,-0.338544,7.109683,327.320014,227.955009,133.875000
0.580,-5.800557,-0.338544,7.109683,327.320014,227.955009,133.875000
0.590,-5.800557,-0.338544,7.109683,327.320014,227.955009,133.875000
0.600,-5.800557,-0.338544,7.109683,327.320014,227.955009,133.875000
0.610,-5.800557,-0.338544,7.109683,327.320014,227.955009,133.875000
0.620,-5.800557,-0.338544,7.109683,327.320014,227.955009,133.875000
0.630,-5.800557,-0.338544,7.109683,327.320014,227.955009,133.875000
0.640,-5.800557,-0.338544,7.109683,327.320014,227.955009,133.875000
0.650,0.372055,1.811162,-8.005172,327.320014,227.955009,133.875000
0.660,0.372055,1.811162,-8.005172,327.320014,227.955009,133.875000
0.670,0.372055,1.811162,-8.005172,327.320014,227.955009,133.875000
0.680,0.372055,1.811162,-8.005172,327.320014,227.955009,133.875000
0.690,0.372055,1.811162,-8.005172,327.320014,227.955009,133.875000
0.700,0.372055,1.811162,-8.005172,327.320014,227.955009,133.875000
0.710,0.372055,1.811162,-8.005172,327.320014,227.955009,133.875000
0.720,0.372055,1.811162,-8.005172,327.320014,227.955009,133.875000
0.730,0.372055,1.811162,-8.005172,258.895015,-198.975008,377.125015
0.740,0.372055,1.811162,-8.005172,258.895015,-198.975008,377.125015
0.750,0.372055,1.811162,-8.005172,258.895015,-198.975008,377.125015
0.760,0.372055,1.811162,-8.005172,258.895015,-198.975008,377.125015
0.770,0.372055,1.811162,-8.005172,258.895015,-198.975008,377.125015
0.780,0.372055,1.811162,-8.005172,258.895015,-198.975008,377.125015
0.790,0.372055,1.811162,-8.005172,258.895015,-198.975008,377.125015
0.800,0.372055,1.811162,-8.005172,258.895015,-198.975008,377.125015
0.810,6.558960,-0.020152,3.998191,258.895015,-198.975008,377.125015
0.820,6.558960,-0.020152,3.998191,258.895015,-198.975008,377.125015
0.830,6.558960,-0.020152,3.998191,258.895015,-198.975008,377.125015
0.840,6.558960,-0.020152,3.998191,258.895015,-198.975008,377.125015
0.850,6.558960,-0.020152,3.998191,258.895015,-198.975008,377.125015
0.860,6.558960,-0.020152,3.998191,258.895015,-198.975008,377.125015
0.870,6.558960,-0.020152,3.998191,258.895015,-198.975008,377.125015
0.880,6.558960,-0.020152,3.998191,258.895015,-198.975008,377.125015
0.890,6.558960,-0.020152,3.998191,136.884996,29.715001,131.914995
0.900,6.558960,-0.020152,3.998191,136.884996,29.715001,131.914995
0.910,6.558960,-0.020152,3.998191,136.884996,29.715001,131.914995
0.920,6.558960,-0.020152,3.998191,136.884996,29.715001,131.914995
0.930,6.558960,-0.020152,3.998191,136.884996,29.715001,131.914995
0.940,6.558960,-0.020152,3.998191,136.884996,29.715001,131.914995
0.950,6.558960,-0.020152,3.998191,136.884996,29.715001,131.914995
0.960,6.558960,-0.020152,3.998191,136.884996,29.715001,131.914995
0.970,8.509029,2.425964,10.810198,136.884996,29.715001,131.914995
0.980,8.509029,2.425964,10.810198,136.884996,29.715001,131.914995
0.990,8.509029,2.425964,10.810198,136.884996,29.715001,131.914995
1.000,8.509029,2.425964,10.810198,136.884996,29.715001,131.914995
1.010,8.509029,2.425964,10.810198,136.884996,29.715001,131.914995
1.020,8.509029,2.425964,10.810198,136.884996,29.715001,131.914995
1.030,8.509029,2.425964,10.810198,136.884996,29.715001,131.914995
1.040,8.509029,2.425964,10.810198,136.884996,29.715001,131.914995
1.050,8.509029,2.425964,10.810198,84.279999,-47.600002,-80.850001
1.060,8.509029,2.425964,10.810198,84.279999,-47.600002,-80.850001
1.070,8.509029,2.425964,10.810198,84.279999,-47.600002,-80.850001
1.080,8.509029,2.425964,10.810198,84.279999,-47.600002,-80.850001
1.090,8.509029,2.425964,10.810198,84.279999,-47.600002,-80.850001
1.100,8.509029,2.425964,10.810198,84.279999,-47.600002,-80.850001
1.110,8.509029,2.425964,10.810198,84.279999,-47.600002,-80.850001
1.120,-2.622101,4.637600,-7.078873,84.279999,-47.600002,-80.850001
1.130,-2.622101,4.637600,-7.078873,84.279999,-47.600002,-80.850001
1.140,-2.622101,4.637600,-7.078873,84.279999,-47.600002,-80.850001
1.150,-2.622101,4.637600,-7.078873,84.279999,-47.600002,-80.850001
1.160,-2.622101,4.637600,-7.078873,84.279999,-47.600002,-80.850001
1.170,-2.622101,4.637600,-7.078873,84.279999,-47.600002,-80.850001
1.180,-2.622101,4.637600,-7.078873,84.279999,-47.600002,-80.850001
1.190,-2.622101,4.637600,-7.078873,84.279999,-47.600002,-80.850001
1.200,-2.622101,4.637600,-7.078873,84.279999,-47.600002,-80.850001
1.210,-2.622101,4.637600,-7.078873,36.750000,174.719996,-41.720001
1.220,-2.622101,4.637600,-7.078873,36.750000,174.719996,-41.720001
1.230,-2.622101,4.637600,-7.078873,36.750000,174.719996,-41.720001
1.240,-2.622101,4.637600,-7.078873,36.750000,174.719996,-41.720001
1.250,-2.622101,4.637600,-7.078873,36.750000,174.719996,-41.720001
1.260,-2.622101,4.637600,-7.078873,36.750000,174.719996,-41.720001
1.270,-2.622101,4.637600,-7.078873,36.750000,174.719996,-41.720001
1.280,-2.622101,4.637600,-7.078873,36.750000,174.719996,-41.720001
1.290,0.779192,6.257511,-1.935806,36.750000,174.719996,-41.720001
1.300,0.779192,6.257511,-1.935806,36.750000,174.719996,-41.720001
1.310,0.779192,6.257511,-1.935806,36.750000,174.719996,-41.720001
1.320,0.779192,6.257511,-1.935806,36.750000,174.719996,-41.720001
1.330,0.779192,6.257511,-1.935806,36.750000,174.719996,-41.720001
1.340,0.779192,6.257511,-1.935806,36.750000,174.719996,-41.720001
1.350,0.779192,6.257511,-1.935806,36.750000,174.719996,-41.720001
1.360,0.779192,6.257511,-1.935806,36.750000,174.719996,-41.720001
1.370,0.779192,6.257511,-1.935806,-82.704998,26.075000,95.269999
1.380,0.779192,6.257511,-1.935806,-82.704998,26.075000,95.269999
1.390,0.779192,6.257511,-1.935806,-82.704998,26.075000,95.269999
1.400,0.779192,6.257511,-1.935806,-82.704998,26.075000,95.269999
1.410,0.779192,6.257511,-1.935806,-82.704998,26.075000,95.269999
1.420,0.779192,6.257511,-1.935806,-82.704998,26.075000,95.269999
1.430,0.779192,6.257511,-1.935806,-82.704998,26.075000,95.269999
1.440,0.779192,6.257511,-1.935806,-82.704998,26.075000,95.269999
1.450,-2.785990,-0.318696,1.653840,-82.704998,26.075000,95.269999
1.460,-2.785990,-0.318696,1.653840,-82.704998,26.075000,95.269999
1.470,-2.785990,-0.318696,1.653840,-82.704998,26.075000,95.269999
1.480,-2.785990,-0.318696,1.653840,-82.704998,26.075000,95.269999
1.490,-2.785990,-0.318696,1.653840,-82.704998,26.075000,95.269999
1.500,-2.785990,-0.318696,1.653840,-82.704998,26.075000,95.269999
1.510,-2.785990,-0.318696,1.653840,-82.704998,26.075000,95.269999
1.520,-2.785990,-0.318696,1.653840,-209.579997,50.050001,-42.594999
1.530,-2.785990,-0.318696,1.653840,-209.579997,50.050001,-42.594999
1.540,-2.785990,-0.318696,1.653840,-209.579997,50.050001,-42.594999
1.550,-2.785990,-0.318696,1.653840,-209.579997,50.050001,-42.594999
1.560,-2.785990,-0.318696,1.653840,-209.579997,50.050001,-42.594999
1.570,-2.785990,-0.318696,1.653840,-209.579997,50.050001,-42.594999
1.580,-2.785990,-0.318696,1.653840,-209.579997,50.050001,-42.594999
1.590,-2.785990,-0.318696,1.653840,-209.579997,50.050001,-42.594999
1.600,-5.241655,-8.590609,2.022179,-209.579997,50.050001,-42.594999
1.610,-5.241655,-8.590609,2.022179,-209.579997,50.050001,-42.594999
1.620,-5.241655,-8.590609,2.022179,-209.579997,50.050001,-42.594999
1.630,-5.241655,-8.590609,2.022179,-209.579997,50.050001,-42.594999
1.640,-5.241655,-8.590609,2.022179,-209.579997,50.050001,-42.594999
1.650,-5.241655,-8.590609,2.022179,-209.579997,50.050001,-42.594999
1.660,-5.241655,-8.590609,2.022179,-209.579997,50.050001,-42.594999
1.670,-5.241655,-8.590609,2.022179,-209.579997,50.050001,-42.594999
1.680,-5.241655,-8.590609,2.022179,-209.579997,50.050001,-42.594999
1.690,-5.241655,-8.590609,2.022179,-216.755001,93.065002,-133.805004
1.700,-5.241655,-8.590609,2.022179,-216.755001,93.065002,-133.805004
1.710,-5.241655,-8.590609,2.022179,-216.755001,93.065002,-133.805004
1.720,-5.241655,-8.590609,2.022179,-216.755001,93.065002,-133.805004
1.730,-5.241655,-8.590609,2.022179,-216.755001,93.065002,-133.805004
1.740,-5.241655,-8.590609,2.022179,-216.755001,93.065002,-133.805004
1.750,-5.241655,-8.590609,2.022179,-216.755001,93.065002,-133.805004
1.760,-5.241655,-8.590609,2.022179,-216.755001,93.065002,-133.805004
1.770,-6.120178,-10.582543,-3.699300,-216.755001,93.065002,-133.805004
1.780,-6.120178,-10.582543,-3.699300,-216.755001,93.065002,-133.805004
1.790,-6.120178,-10.582543,-3.699300,-216.755001,93.065002,-133.805004
1.800,-6.120178,-10.582543,-3.699300,-216.755001,93.065002,-133.805004
1.810,-6.120178,-10.582543,-3.699300,-216.755001,93.065002,-133.805004
1.820,-6.120178,-10.582543,-3.699300,-216.755001,93.065002,-133.805004
1.830,-6.120178,-10.582543,-3.699300,-216.755001,93.065002,-133.805004
1.840,-6.120178,-10.582543,-3.699300,-216.755001,93.065002,-133.805004
1.850,-6.120178,-10.582543,-3.699300,-250.915004,54.880000,-83.580000
1.860,-6.120178,-10.582543,-3.699300,-250.915004,54.880000,-83.580000
1.870,-6.120178,-10.582543,-3.699300,-250.915004,54.880000,-83.580000
1.880,-6.120178,-10.582543,-3.699300,-250.915004,54.880000,-83.580000
1.890,-6.120178,-10.582543,-3.699300,-250.915004,54.880000,-83.580000
1.900,-6.120178,-10.582543,-3.699300,-250.915004,54.880000,-83.580000
1.910,-6.120178,-10.582543,-3.699300,-250.915004,54.880000,-83.580000
1.920,3.286282,-1.926990,-2.398239,-250.915004,54.880000,-83.580000
1.930,3.286282,-1.926990,-2.398239,-250.915004,54.880000,-83.580000
1.940,3.286282,-1.926990,-2.398239,-250.915004,54.880000,-83.580000
1.950,3.286282,-1.926990,-2.398239,-250.915004,54.880000,-83.580000
1.960,3.286282,-1.926990,-2.398239,-250.915004,54.880000,-83.580000
1.970,3.286282,-1.926990,-2.398239,-250.915004,54.880000,-83.580000
1.980,3.286282,-1.926990,-2.398239,-250.915004,54.880000,-83.580000
1.990,3.286282,-1.926990,-2.398239,-250.915004,54.880000,-83.580000
2.000,3.286282,-1.926990,-2.398239,-250.915004,54.880000,-83.580000
2.010,3.286282,-1.926990,-2.398239,-66.220002,228.270004,-92.365003
2.020,3.286282,-1.926990,-2.398239,-66.220002,228.270004,-92.365003
2.030,3.286282,-1.926990,-2.398239,-66.220002,228.270004,-92.365003
2.040,3.286282,-1.926990,-2.398239,-66.220002,228.270004,-92.365003
2.050,3.286282,-1.926990,-2.398239,-66.220002,228.270004,-92.365003
2.060,3.286282,-1.926990,-2.398239,-66.220002,228.270004,-92.365003
2.070,3.286282,-1.926990,-2.398239,-66.220002,228.270004,-92.365003
2.080,3.286282,-1.926990,-2.398239,-66.220002,228.270004,-92.365003
2.090,-1.305127,1.360180,6.269578,-66.220002,228.270004,-92.365003
2.100,-1.305127,1.360180,6.269578,-66.220002,228.270004,-92.365003
2.110,-1.305127,1.360180,6.269578,-66.220002,228.270004,-92.365003
2.120,-1.305127,1.360180,6.269578,-66.220002,228.270004,-92.365003
2.130,-1.305127,1.360180,6.269578,-66.220002,228.270004,-92.365003
2.140,-1.305127,1.360180,6.269578,-66.220002,228.270004,-92.365003
2.150,-1.305127,1.360180,6.269578,-66.220002,228.270004,-92.365003
2.160,-1.305127,1.360180,6.269578,-66.220002,228.270004,-92.365003
2.170,-1.305127,1.360180,6.269578,318.430003,208.110004,96.984998
2.180,-1.305127,1.360180,6.269578,318.430003,208.110004,96.984998
2.190,-1.305127,1.360180,6.269578,318.430003,208.110004,96.984998
2.200,-1.305127,1.360180,6.269578,318.430003,208.110004,96.984998
2.210,-1.305127,1.360180,6.269578,318.430003,208.110004,96.984998
2.220,-1.305127,1.360180,6.269578,318.430003,208.110004,96.984998
2.230,-1.305127,1.360180,6.269578,318.430003,208.110004,96.984998
2.240,-1.305127,1.360180,6.269578,318.430003,208.110004,96.984998
2.250,-2.850287,2.082217,-4.980608,318.430003,208.110004,96.984998
2.260,-2.850287,2.082217,-4.980608,318.430003,208.110004,96.984998
2.270,-2.850287,2.082217,-4.980608,318.430003,208.110004,96.984998
2.280,-2.850287,2.082217,-4.980608,318.430003,208.110004,96.984998
2.290,-2.850287,2.082217,-4.980608,318.430003,208.110004,96.984998
2.300,-2.850287,2.082217,-4.980608,318.430003,208.110004,96.984998
2.310,-2.850287,2.082217,-4.980608,318.430003,208.110004,96.984998
2.320,-2.850287,2.082217,-4.980608,318.430003,208.110004,96.984998
2.330,-2.850287,2.082217,-4.980608,303.450005,-250.320013,343.419999
2.340,-2.850287,2.082217,-4.980608,303.450005,-250.320013,343.419999
2.350,-2.850287,2.082217,-4.980608,303.450005,-250.320013,343.419999
2.360,-2.850287,2.082217,-4.980608,303.450005,-250.320013,343.419999
2.370,-2.850287,2.082217,-4.980608,303.450005,-250.320013,343.419999
2.380,-2.850287,2.082217,-4.980608,303.450005,-250.320013,343.419999
2.390,-2.850287,2.082217,-4.980608,303.450005,-250.320013,343.419999
2.400,-2.850287,2.082217,-4.980608,303.450005,-250.320013,343.419999
2.410,5.429100,3.372361,-2.682041,303.450005,-250.320013,343.419999
2.420,5.429100,3.372361,-2.682041,303.450005,-250.320013,343.419999
2.430,5.429100,3.372361,-2.682041,303.450005,-250.320013,343.419999
2.440,5.429100,3.372361,-2.682041,303.450005,-250.320013,343.419999
2.450,5.429100,3.372361,-2.682041,303.450005,-250.320013,343.419999
2.460,5.429100,3.372361,-2.682041,303.450005,-250.320013,343.419999
2.470,5.429100,3.372361,-2.682041,303.450005,-250.320013,343.419999
2.480,5.429100,3.372361,-2.682041,303.450005,-250.320013,343.419999
2.490,5.429100,3.372361,-2.682041,204.819997,-69.020004,131.214996
2.500,5.429100,3.372361,-2.682041,204.819997,-69.020004,131.214996
2.510,5.429100,3.372361,-2.682041,204.819997,-69.020004,131.214996
2.520,5.429100,3.372361,-2.682041,204.819997,-69.020004,131.214996
2.530,5.429100,3.372361,-2.682041,204.819997,-69.020004,131.214996
2.540,5.429100,3.372361,-2.682041,204.819997,-69.020004,131.214996
2.550,5.429100,3.372361,-2.682041,204.819997,-69.020004,131.214996
2.560,5.429100,3.372361,-2.682041,204.819997,-69.020004,131.214996
2.570,6.630221,3.624923,8.017274,204.819997,-69.020004,131.214996
2.580,6.630221,3.624923,8.017274,204.819997,-69.020004,131.214996
2.590,6.630221,3.624923,8.017274,204.819997,-69.020004,131.214996
2.600,6.630221,3.624923,8.017274,204.819997,-69.020004,131.214996
2.610,6.630221,3.624923,8.017274,204.819997,-69.020004,131.214996
2.620,6.630221,3.624923,8.017274,204.819997,-69.020004,131.214996
2.630,6.630221,3.624923,8.017274,204.819997,-69.020004,131.214996
2.640,6.630221,3.624923,8.017274,204.819997,-69.020004,131.214996
2.650,6.630221,3.624923,8.017274,69.265003,-10.535000,-79.414999
2.660,6.630221,3.624923,8.017274,69.265003,-10.535000,-79.414999
2.670,6.630221,3.624923,8.017274,69.265003,-10.535000,-79.414999
2.680,6.630221,3.624923,8.017274,69.265003,-10.535000,-79.414999
2.690,6.630221,3.624923,8.017274,69.265003,-10.535000,-79.414999
2.700,6.630221,3.624923,8.017274,69.265003,-10.535000,-79.414999
2.710,6.630221,3.624923,8.017274,69.265003,-10.535000,-79.414999
2.720,5.089657,2.945907,1.703946,69.265003,-10.535000,-79.414999
2.730,5.089657,2.945907,1.703946,69.265003,-10.535000,-79.414999
2.740,5.089657,2.945907,1.703946,69.265003,-10.535000,-79.414999
2.750,5.089657,2.945907,1.703946,69.265003,-10.535000,-79.414999
2.760,5.089657,2.945907,1.703946,69.265003,-10.535000,-79.414999
2.770,5.089657,2.945907,1.703946,69.265003,-10.535000,-79.414999
2.780,5.089657,2.945907,1.703946,69.265003,-10.535000,-79.414999
2.790,5.089657,2.945907,1.703946,69.265003,-10.535000,-79.414999
2.800,5.089657,2.945907,1.703946,30.975000,131.705008,-94.045004
2.810,5.089657,2.945907,1.703946,30.975000,131.705008,-94.045004
2.820,5.089657,2.945907,1.703946,30.975000,131.705008,-94.045004
2.830,5.089657,2.945907,1.703946,30.975000,131.705008,-94.045004
2.840,5.089657,2.945907,1.703946,30.975000,131.705008,-94.045004
2.850,5.089657,2.945907,1.703946,30.975000,131.705008,-94.045004
2.860,5.089657,2.945907,1.703946,30.975000,131.705008,-94.045004
2.870,5.089657,2.945907,1.703946,30.975000,131.705008,-94.045004
2.880,-0.823938,8.604634,-3.586137,30.975000,131.705008,-94.045004
2.890,-0.823938,8.604634,-3.586137,30.975000,131.705008,-94.045004
2.900,-0.823938,8.604634,-3.586137,30.975000,131.705008,-94.045004
2.910,-0.823938,8.604634,-3.586137,30.975000,131.705008,-94.045004
2.920,-0.823938,8.604634,-3.586137,30.975000,131.705008,-94.045004
2.930,-0.823938,8.604634,-3.586137,30.975000,131.705008,-94.045004
2.940,-0.823938,8.604634,-3.586137,30.975000,131.705008,-94.045004
2.950,-0.823938,8.604634,-3.586137,30.975000,131.705008,-94.045004
2.960,-0.823938,8.604634,-3.586137,-34.650000,45.850001,41.475002
2.970,-0.823938,8.604634,-3.586137,-34.650000,45.850001,41.475002
2.980,-0.823938,8.604634,-3.586137,-34.650000,45.850001,41.475002
2.990,-0.823938,8.604634,-3.586137,-34.650000,45.850001,41.475002
3.000,-0.823938,8.604634,-3.586137,-34.650000,45.850001,41.475002
3.010,-0.823938,8.604634,-3.586137,-34.650000,45.850001,41.475002
3.020,-0.823938,8.604634,-3.586137,-34.650000,45.850001,41.475002
3.030,-0.823938,8.604634,-3.586137,-34.650000,45.850001,41.475002
3.040,-0.274163,3.156414,-0.878849,-34.650000,45.850001,41.475002
3.050,-0.274163,3.156414,-0.878849,-34.650000,45.850001,41.475002
3.060,-0.274163,3.156414,-0.878849,-34.650000,45.850001,41.475002
3.070,-0.274163,3.156414,-0.878849,-34.650000,45.850001,41.475002
3.080,-0.274163,3.156414,-0.878849,-34.650000,45.850001,41.475002
3.090,-0.274163,3.156414,-0.878849,-34.650000,45.850001,41.475002
3.100,-0.274163,3.156414,-0.878849,-34.650000,45.850001,41.475002
3.110,-0.274163,3.156414,-0.878849,-34.650000,45.850001,41.475002
3.120,-0.274163,3.156414,-0.878849,-128.590004,61.074998,31.815001
3.130,-0.274163,3.156414,-0.878849,-128.590004,61.074998,31.815001
3.140,-0.274163,3.156414,-0.878849,-128.590004,61.074998,31.815001
3.150,-0.274163,3.156414,-0.878849,-128.590004,61.074998,31.815001
3.160,-0.274163,3.156414,-0.878849,-128.590004,61.074998,31.815001
3.170,-0.274163,3.156414,-0.878849,-128.590004,61.074998,31.815001
3.180,-0.274163,3.156414,-0.878849,-128.590004,61.074998,31.815001
3.190,-0.274163,3.156414,-0.878849,-128.590004,61.074998,31.815001
3.200,-3.739765,-4.931370,2.664126,-128.590004,61.074998,31.815001
3.210,-3.739765,-4.931370,2.664126,-128.590004,61.074998,31.815001
3.220,-3.739765,-4.931370,2.664126,-128.590004,61.074998,31.815001
3.230,-3.739765,-4.931370,2.664126,-128.590004,61.074998,31.815001
3.240,-3.739765,-4.931370,2.664126,-128.590004,61.074998,31.815001
3.250,-3.739765,-4.931370,2.664126,-128.590004,61.074998,31.815001
3.260,-3.739765,-4.931370,2.664126,-128.590004,61.074998,31.815001
3.270,-3.739765,-4.931370,2.664126,-128.590004,61.074998,31.815001
3.280,-3.739765,-4.931370,2.664126,-128.590004,61.074998,31.815001
3.290,-3.739765,-4.931370,2.664126,-197.400008,32.165000,-1.750000
3.300,-3.739765,-4.931370,2.664126,-197.400008,32.165000,-1.750000
3.310,-3.739765,-4.931370,2.664126,-197.400008,32.165000,-1.750000
3.320,-3.739765,-4.931370,2.664126,-197.400008,32.165000,-1.750000
3.330,-3.739765,-4.931370,2.664126,-197.400008,32.165000,-1.750000
3.340,-3.739765,-4.931370,2.664126,-197.400008,32.165000,-1.750000
3.350,-3.739765,-4.931370,2.664126,-197.400008,32.165000,-1.750000
3.360,-3.739765,-4.931370,2.664126,-197.400008,32.165000,-1.750000
3.370,-5.719286,-8.630069,1.667784,-197.400008,32.165000,-1.750000
3.380,-5.719286,-8.630069,1.667784,-197.400008,32.165000,-1.750000
3.390,-5.719286,-8.630069,1.667784,-197.400008,32.165000,-1.750000
3.400,-5.719286,-8.630069,1.667784,-197.400008,32.165000,-1.750000
3.410,-5.719286,-8.630069,1.667784,-197.400008,32.165000,-1.750000
3.420,-5.719286,-8.630069,1.667784,-197.400008,32.165000,-1.750000
3.430,-5.719286,-8.630069,1.667784,-197.400008,32.165000,-1.750000
3.440,-5.719286,-8.630069,1.667784,-197.400008,32.165000,-1.750000
3.450,-5.719286,-8.630069,1.667784,-180.319999,72.660003,-40.915002
3.460,-5.719286,-8.630069,1.667784,-180.319999,72.660003,-40.915002
3.470,-5.719286,-8.630069,1.667784,-180.319999,72.660003,-40.915002
3.480,-5.719286,-8.630069,1.667784,-180.319999,72.660003,-40.915002
3.490,-5.719286,-8.630069,1.667784,-180.319999,72.660003,-40.915002
3.500,-5.719286,-8.630069,1.667784,-180.319999,72.660003,-40.915002
3.510,-5.719286,-8.630069,1.667784,-180.319999,72.660003,-40.915002
3.520,-5.719286,-8.630069,1.667784,-180.319999,72.660003,-40.915002
3.530,-4.753558,-6.666551,-2.442866,-180.319999,72.660003,-40.915002
3.540,-4.753558,-6.666551,-2.442866,-180.319999,72.660003,-40.915002
3.550,-4.753558,-6.666551,-2.442866,-180.319999,72.660003,-40.915002
3.560,-4.753558,-6.666551,-2.442866,-180.319999,72.660003,-40.915002
3.570,-4.753558,-6.666551,-2.442866,-180.319999,72.660003,-40.915002
3.580,-4.753558,-6.666551,-2.442866,-180.319999,72.660003,-40.915002
3.590,-4.753558,-6.666551,-2.442866,-180.319999,72.660003,-40.915002
3.600,-4.753558,-6.666551,-2.442866,-180.319999,72.660003,-40.915002
3.610,-4.753558,-6.666551,-2.442866,-119.805001,220.990006,-132.579996
3.620,-4.753558,-6.666551,-2.442866,-119.805001,220.990006,-132.579996
3.630,-4.753558,-6.666551,-2.442866,-119.805001,220.990006,-132.579996
3.640,-4.753558,-6.666551,-2.442866,-119.805001,220.990006,-132.579996
3.650,-4.753558,-6.666551,-2.442866,-119.805001,220.990006,-132.579996
3.660,-4.753558,-6.666551,-2.442866,-119.805001,220.990006,-132.579996
3.670,-4.753558,-6.666551,-2.442866,-119.805001,220.990006,-132.579996
3.680,-4.753558,-6.666551,-2.442866,-119.805001,220.990006,-132.579996
3.690,-0.203882,-0.920249,0.529931,-119.805001,220.990006,-132.579996
3.700,-0.203882,-0.920249,0.529931,-119.805001,220.990006,-132.579996
3.710,-0.203882,-0.920249,0.529931,-119.805001,220.990006,-132.579996
3.720,-0.203882,-0.920249,0.529931,-119.805001,220.990006,-132.579996
3.730,-0.203882,-0.920249,0.529931,-119.805001,220.990006,-132.579996
3.740,-0.203882,-0.920249,0.529931,-119.805001,220.990006,-132.579996
3.750,-0.203882,-0.920249,0.529931,-119.805001,220.990006,-132.579996
3.760,-0.203882,-0.920249,0.529931,-69.090000,79.204998,-132.055000
3.770,-0.203882,-0.920249,0.529931,-69.090000,79.204998,-132.055000
3.780,-0.203882,-0.920249,0.529931,-69.090000,79.204998,-132.055000
3.790,-0.203882,-0.920249,0.529931,-69.090000,79.204998,-132.055000
3.800,-0.203882,-0.920249,0.529931,-69.090000,79.204998,-132.055000
3.810,-0.203882,-0.920249,0.529931,-69.090000,79.204998,-132.055000
3.820,-0.203882,-0.920249,0.529931,-69.090000,79.204998,-132.055000
3.830,-0.203882,-0.920249,0.529931,-69.090000,79.204998,-132.055000
3.840,-1.015441,3.540803,8.981779,-69.090000,79.204998,-132.055000
3.850,-1.015441,3.540803,8.981779,-69.090000,79.204998,-132.055000
3.860,-1.015441,3.540803,8.981779,-69.090000,79.204998,-132.055000
3.870,-1.015441,3.540803,8.981779,-69.090000,79.204998,-132.055000
3.880,-1.015441,3.540803,8.981779,-69.090000,79.204998,-132.055000
3.890,-1.015441,3.540803,8.981779,-69.090000,79.204998,-132.055000
3.900,-1.015441,3.540803,8.981779,-69.090000,79.204998,-132.055000
3.910,-1.015441,3.540803,8.981779,-69.090000,79.204998,-132.055000
3.920,-1.015441,3.540803,8.981779,307.370015,125.370007,-37.030000
3.930,-1.015441,3.540803,8.981779,307.370015,125.370007,-37.030000
3.940,-1.015441,3.540803,8.981779,307.370015,125.370007,-37.030000
3.950,-1.015441,3.540803,8.981779,307.370015,125.370007,-37.030000
3.960,-1.015441,3.540803,8.981779,307.370015,125.370007,-37.030000
3.970,-1.015441,3.540803,8.981779,307.370015,125.370007,-37.030000
3.980,-1.015441,3.540803,8.981779,307.370015,125.370007,-37.030000
3.990,-1.015441,3.540803,8.981779,307.370015,125.370007,-37.030000
4.000,-0.597833,3.221461,-9.688910,307.370015,125.370007,-37.030000
4.010,-0.597833,3.221461,-9.688910,307.370015,125.370007,-37.030000
4.020,-0.597833,3.221461,-9.688910,307.370015,125.370007,-37.030000
4.030,-0.597833,3.221461,-9.688910,307.370015,125.370007,-37.030000
4.040,-0.597833,3.221461,-9.688910,307.370015,125.370007,-37.030000
4.050,-0.597833,3.221461,-9.688910,307.370015,125.370007,-37.030000
4.060,-0.597833,3.221461,-9.688910,307.370015,125.370007,-37.030000
4.070,-0.597833,3.221461,-9.688910,307.370015,125.370007,-37.030000
4.080,-0.597833,3.221461,-9.688910,307.370015,125.370007,-37.030000
4.090,-0.597833,3.221461,-9.688910,268.274995,-186.444999,263.724997
4.100,-0.597833,3.221461,-9.688910,268.274995,-186.444999,263.724997
4.110,-0.597833,3.221461,-9.688910,268.274995,-186.444999,263.724997
4.120,-0.597833,3.221461,-9.688910,268.274995,-186.444999,263.724997
4.130,-0.597833,3.221461,-9.688910,268.274995,-186.444999,263.724997
4.140,-0.597833,3.221461,-9.688910,268.274995,-186.444999,263.724997
4.150,-0.597833,3.221461,-9.688910,268.274995,-186.444999,263.724997
4.160,-0.597833,3.221461,-9.688910,268.274995,-186.444999,263.724997
4.170,5.332940,0.328534,1.388976,268.274995,-186.444999,263.724997
4.180,5.332940,0.328534,1.388976,268.274995,-186.444999,263.724997
4.190,5.332940,0.328534,1.388976,268.274995,-186.444999,263.724997
4.200,5.332940,0.328534,1.388976,268.274995,-186.444999,263.724997
4.210,5.332940,0.328534,1.388976,268.274995,-186.444999,263.724997
4.220,5.332940,0.328534,1.388976,268.274995,-186.444999,263.724997
4.230,5.332940,0.328534,1.388976,268.274995,-186.444999,263.724997
4.240,5.332940,0.328534,1.388976,268.274995,-186.444999,263.724997
4.250,5.332940,0.328534,1.388976,140.489997,-49.035000,116.899999
4.260,5.332940,0.328534,1.388976,140.489997,-49.035000,116.899999
4.270,5.332940,0.328534,1.388976,140.489997,-49.035000,116.899999
4.280,5.332940,0.328534,1.388976,140.489997,-49.035000,116.899999
4.290,5.332940,0.328534,1.388976,140.489997,-49.035000,116.899999
4.300,5.332940,0.328534,1.388976,140.489997,-49.035000,116.899999
4.310,5.332940,0.328534,1.388976,140.489997,-49.035000,116.899999
4.320,8.960902,3.321659,6.818958,140.489997,-49.035000,116.899999
4.330,8.960902,3.321659,6.818958,140.489997,-49.035000,116.899999
4.340,8.960902,3.321659,6.818958,140.489997,-49.035000,116.899999
4.350,8.960902,3.321659,6.818958,140.489997,-49.035000,116.899999
4.360,8.960902,3.321659,6.818958,140.489997,-49.035000,116.899999
4.370,8.960902,3.321659,6.818958,140.489997,-49.035000,116.899999
4.380,8.960902,3.321659,6.818958,140.489997,-49.035000,116.899999
4.390,8.960902,3.321659,6.818958,140.489997,-49.035000,116.899999
4.400,8.960902,3.321659,6.818958,140.489997,-49.035000,116.899999
4.410,8.960902,3.321659,6.818958,64.469998,-4.865000,-97.930002
4.420,8.960902,3.321659,6.818958,64.469998,-4.865000,-97.930002
4.430,8.960902,3.321659,6.818958,64.469998,-4.865000,-97.930002
4.440,8.960902,3.321659,6.818958,64.469998,-4.865000,-97.930002
4.450,8.960902,3.321659,6.818958,64.469998,-4.865000,-97.930002
4.460,8.960902,3.321659,6.818958,64.469998,-4.865000,-97.930002
4.470,8.960902,3.321659,6.818958,64.469998,-4.865000,-97.930002
4.480,8.960902,3.321659,6.818958,64.469998,-4.865000,-97.930002
4.490,2.838090,2.082720,-3.725161,64.469998,-4.865000,-97.930002
4.500,2.838090,2.082720,-3.725161,64.469998,-4.865000,-97.930002
4.510,2.838090,2.082720,-3.725161,64.469998,-4.865000,-97.930002
4.520,2.838090,2.082720,-3.725161,64.469998,-4.865000,-97.930002
4.530,2.838090,2.082720,-3.725161,64.469998,-4.865000,-97.930002
4.540,2.838090,2.082720,-3.725161,64.469998,-4.865000,-97.930002
4.550,2.838090,2.082720,-3.725161,64.469998,-4.865000,-97.930002
4.560,2.838090,2.082720,-3.725161,64.469998,-4.865000,-97.930002
4.570,2.838090,2.082720,-3.725161,-6.755000,131.004995,0.490000
4.580,2.838090,2.082720,-3.725161,-6.755000,131.004995,0.490000
4.590,2.838090,2.082720,-3.725161,-6.755000,131.004995,0.490000
4.600,2.838090,2.082720,-3.725161,-6.755000,131.004995,0.490000
4.610,2.838090,2.082720,-3.725161,-6.755000,131.004995,0.490000
4.620,2.838090,2.082720,-3.725161,-6.755000,131.004995,0.490000
4.630,2.838090,2.082720,-3.725161,-6.755000,131.004995,0.490000
4.640,-0.345911,6.807005,-3.250194,-6.755000,131.004995,0.490000
4.650,-0.345911,6.807005,-3.250194,-6.755000,131.004995,0.490000
4.660,-0.345911,6.807005,-3.250194,-6.755000,131.004995,0.490000
4.670,-0.345911,6.807005,-3.250194,-6.755000,131.004995,0.490000
4.680,-0.345911,6.807005,-3.250194,-6.755000,131.004995,0.490000
4.690,-0.345911,6.807005,-3.250194,-6.755000,131.004995,0.490000
4.700,-0.345911,6.807005,-3.250194,-6.755000,131.004995,0.490000
4.710,-0.345911,6.807005,-3.250194,-6.755000,131.004995,0.490000
4.720,-0.345911,6.807005,-3.250194,-6.755000,131.004995,0.490000
4.730,-0.345911,6.807005,-3.250194,-73.325004,88.865003,70.139998
4.740,-0.345911,6.807005,-3.250194,-73.325004,88.865003,70.139998
4.750,-0.345911,6.807005,-3.250194,-73.325004,88.865003,70.139998
4.760,-0.345911,6.807005,-3.250194,-73.325004,88.865003,70.139998
4.770,-0.345911,6.807005,-3.250194,-73.325004,88.865003,70.139998
4.780,-0.345911,6.807005,-3.250194,-73.325004,88.865003,70.139998
4.790,-0.345911,6.807005,-3.250194,-73.325004,88.865003,70.139998
4.800,-1.979485,0.163038,2.207401,-73.325004,88.865003,70.139998
4.810,-1.979485,0.163038,2.207401,-73.325004,88.865003,70.139998
4.820,-1.979485,0.163038,2.207401,-73.325004,88.865003,70.139998
4.830,-1.979485,0.163038,2.207401,-73.325004,88.865003,70.139998
4.840,-1.979485,0.163038,2.207401,-73.325004,88.865003,70.139998
4.850,-1.979485,0.163038,2.207401,-73.325004,88.865003,70.139998
4.860,-1.979485,0.163038,2.207401,-73.325004,88.865003,70.139998
4.870,-1.979485,0.163038,2.207401,-73.325004,88.865003,70.139998
4.880,-1.979485,0.163038,2.207401,-73.325004,88.865003,70.139998
4.890,-1.979485,0.163038,2.207401,-140.630002,101.115002,-21.735001
4.900,-1.979485,0.163038,2.207401,-140.630002,101.115002,-21.735001
4.910,-1.979485,0.163038,2.207401,-140.630002,101.115002,-21.735001
4.920,-1.979485,0.163038,2.207401,-140.630002,101.115002,-21.735001
4.930,-1.979485,0.163038,2.207401,-140.630002,101.115002,-21.735001
4.940,-1.979485,0.163038,2.207401,-140.630002,101.115002,-21.735001
4.950,-1.979485,0.163038,2.207401,-140.630002,101.115002,-21.735001
4.960,-1.979485,0.163038,2.207401,-140.630002,101.115002,-21.735001
4.970,-6.751233,-6.399037,-3.116335,-140.630002,101.115002,-21.735001
4.980,-6.751233,-6.399037,-3.116335,-140.630002,101.115002,-21.735001
4.990,-6.751233,-6.399037,-3.116335,-140.630002,101.115002,-21.735001
5.000,-6.751233,-6.399037,-3.116335,-140.630002,101.115002,-21.735001
5.010,-6.751233,-6.399037,-3.116335,-140.630002,101.115002,-21.735001
5.020,-6.751233,-6.399037,-3.116335,-140.630002,101.115002,-21.735001
5.030,-6.751233,-6.399037,-3.116335,-140.630002,101.115002,-21.735001
5.040,-6.751233,-6.399037,-3.116335,-140.630002,101.115002,-21.735001
5.050,-6.751233,-6.399037,-3.116335,-250.144996,7.770000,-100.765002
5.060,-6.751233,-6.399037,-3.116335,-250.144996,7.770000,-100.765002
5.070,-6.751233,-6.399037,-3.116335,-250.144996,7.770000,-100.765002
5.080,-6.751233,-6.399037,-3.116335,-250.144996,7.770000,-100.765002
5.090,-6.751233,-6.399037,-3.116335,-250.144996,7.770000,-100.765002
5.100,-6.751233,-6.399037,-3.116335,-250.144996,7.770000,-100.765002
5.110,-6.751233,-6.399037,-3.116335,-250.144996,7.770000,-100.765002
5.120,-2.476230,-12.841967,0.096501,-250.144996,7.770000,-100.765002
5.130,-2.476230,-12.841967,0.096501,-250.144996,7.770000,-100.765002
5.140,-2.476230,-12.841967,0.096501,-250.144996,7.770000,-100.765002
5.150,-2.476230,-12.841967,0.096501,-250.144996,7.770000,-100.765002
5.160,-2.476230,-12.841967,0.096501,-250.144996,7.770000,-100.765002
5.170,-2.476230,-12.841967,0.096501,-250.144996,7.770000,-100.765002
5.180,-2.476230,-12.841967,0.096501,-250.144996,7.770000,-100.765002
5.190,-2.476230,-12.841967,0.096501,-250.144996,7.770000,-100.765002
5.200,-2.476230,-12.841967,0.096501,-247.590013,101.535004,-103.460004
5.210,-2.476230,-12.841967,0.096501,-247.590013,101.535004,-103.460004
5.220,-2.476230,-12.841967,0.096501,-247.590013,101.535004,-103.460004
5.230,-2.476230,-12.841967,0.096501,-247.590013,101.535004,-103.460004
5.240,-2.476230,-12.841967,0.096501,-247.590013,101.535004,-103.460004
5.250,-2.476230,-12.841967,0.096501,-247.590013,101.535004,-103.460004
5.260,-2.476230,-12.841967,0.096501,-247.590013,101.535004,-103.460004
5.270,-2.476230,-12.841967,0.096501,-247.590013,101.535004,-103.460004
5.280,1.202347,-3.933727,-2.889694,-247.590013,101.535004,-103.460004
5.290,1.202347,-3.933727,-2.889694,-247.590013,101.535004,-103.460004
5.300,1.202347,-3.933727,-2.889694,-247.590013,101.535004,-103.460004
5.310,1.202347,-3.933727,-2.889694,-247.590013,101.535004,-103.460004
5.320,1.202347,-3.933727,-2.889694,-247.590013,101.535004,-103.460004
5.330,1.202347,-3.933727,-2.889694,-247.590013,101.535004,-103.460004
5.340,1.202347,-3.933727,-2.889694,-247.590013,101.535004,-103.460004
5.350,1.202347,-3.933727,-2.889694,-247.590013,101.535004,-103.460004
5.360,1.202347,-3.933727,-2.889694,-247.590013,101.535004,-103.460004
5.370,1.202347,-3.933727,-2.889694,-139.755000,144.865006,-114.170000
5.380,1.202347,-3.933727,-2.889694,-139.755000,144.865006,-114.170000
5.390,1.202347,-3.933727,-2.889694,-139.755000,144.865006,-114.170000
5.400,1.202347,-3.933727,-2.889694,-139.755000,144.865006,-114.170000
5.410,1.202347,-3.933727,-2.889694,-139.755000,144.865006,-114.170000
5.420,1.202347,-3.933727,-2.889694,-139.755000,144.865006,-114.170000
5.430,1.202347,-3.933727,-2.889694,-139.755000,144.865006,-114.170000
5.440,1.202347,-3.933727,-2.889694,-139.755000,144.865006,-114.170000
5.450,2.258577,1.428817,9.605623,-139.755000,144.865006,-114.170000
5.460,2.258577,1.428817,9.605623,-139.755000,144.865006,-114.170000
5.470,2.258577,1.428817,9.605623,-139.755000,144.865006,-114.170000
5.480,2.258577,1.428817,9.605623,-139.755000,144.865006,-114.170000
5.490,2.258577,1.428817,9.605623,-139.755000,144.865006,-114.170000
5.500,2.258577,1.428817,9.605623,-139.755000,144.865006,-114.170000
5.510,2.258577,1.428817,9.605623,-139.755000,144.865006,-114.170000
5.520,2.258577,1.428817,9.605623,-139.755000,144.865006,-114.170000
5.530,2.258577,1.428817,9.605623,244.719995,206.745004,-48.755000
5.540,2.258577,1.428817,9.605623,244.719995,206.745004,-48.755000
5.550,2.258577,1.428817,9.605623,244.719995,206.745004,-48.755000
5.560,2.258577,1.428817,9.605623,244.719995,206.745004,-48.755000
5.570,2.258577,1.428817,9.605623,244.719995,206.745004,-48.755000
5.580,2.258577,1.428817,9.605623,244.719995,206.745004,-48.755000
5.590,2.258577,1.428817,9.605623,244.719995,206.745004,-48.755000
5.600,2.258577,1.428817,9.605623,244.719995,206.745004,-48.755000
5.610,-5.492581,4.653911,-5.454881,244.719995,206.745004,-48.755000
5.620,-5.492581,4.653911,-5.454881,244.719995,206.745004,-48.755000
5.630,-5.492581,4.653911,-5.454881,244.719995,206.745004,-48.755000
5.640,-5.492581,4.653911,-5.454881,244.719995,206.745004,-48.755000
5.650,-5.492581,4.653911,-5.454881,244.719995,206.745004,-48.755000
5.660,-5.492581,4.653911,-5.454881,244.719995,206.745004,-48.755000
5.670,-5.492581,4.653911,-5.454881,244.719995,206.745004,-48.755000
5.680,-5.492581,4.653911,-5.454881,244.719995,206.745004,-48.755000
5.690,-5.492581,4.653911,-5.454881,297.219998,-161.665004,270.725012
5.700,-5.492581,4.653911,-5.454881,297.219998,-161.665004,270.725012
5.710,-5.492581,4.653911,-5.454881,297.219998,-161.665004,270.725012
5.720,-5.492581,4.653911,-5.454881,297.219998,-161.665004,270.725012
5.730,-5.492581,4.653911,-5.454881,297.219998,-161.665004,270.725012
5.740,-5.492581,4.653911,-5.454881,297.219998,-161.665004,270.725012
5.750,-5.492581,4.653911,-5.454881,297.219998,-161.665004,270.725012
5.760,-5.492581,4.653911,-5.454881,297.219998,-161.665004,270.725012
5.770,3.537447,0.413384,-5.200917,297.219998,-161.665004,270.725012
5.780,3.537447,0.413384,-5.200917,297.219998,-161.665004,270.725012
5.790,3.537447,0.413384,-5.200917,297.219998,-161.665004,270.725012
5.800,3.537447,0.413384,-5.200917,297.219998,-161.665004,270.725012
5.810,3.537447,0.413384,-5.200917,297.219998,-161.665004,270.725012
5.820,3.537447,0.413384,-5.200917,297.219998,-161.665004,270.725012
5.830,3.537447,0.413384,-5.200917,297.219998,-161.665004,270.725012
5.840,3.537447,0.413384,-5.200917,297.219998,-161.665004,270.725012
5.850,3.537447,0.413384,-5.200917,234.640002,-56.490002,179.970007
5.860,3.537447,0.413384,-5.200917,234.640002,-56.490002,179.970007
5.870,3.537447,0.413384,-5.200917,234.640002,-56.490002,179.970007
5.880,3.537447,0.413384,-5.200917,234.640002,-56.490002,179.970007
5.890,3.537447,0.413384,-5.200917,234.640002,-56.490002,179.970007
5.900,3.537447,0.413384,-5.200917,234.640002,-56.490002,179.970007
5.910,3.537447,0.413384,-5.200917,234.640002,-56.490002,179.970007
5.920,5.155206,-0.161540,7.936688,234.640002,-56.490002,179.970007
5.930,5.155206,-0.161540,7.936688,234.640002,-56.490002,179.970007
5.940,5.155206,-0.161540,7.936688,234.640002,-56.490002,179.970007
5.950,5.155206,-0.161540,7.936688,234.640002,-56.490002,179.970007
5.960,5.155206,-0.161540,7.936688,234.640002,-56.490002,179.970007
5.970,5.155206,-0.161540,7.936688,234.640002,-56.490002,179.970007
5.980,5.155206,-0.161540,7.936688,234.640002,-56.490002,179.970007
5.990,5.155206,-0.161540,7.936688,234.640002,-56.490002,179.970007
6.000,5.155206,-0.161540,7.936688,95.200003,-15.925001,-7.700000
6.010,5.155206,-0.161540,7.936688,95.200003,-15.925001,-7.700000
6.020,5.155206,-0.161540,7.936688,95.200003,-15.925001,-7.700000
6.030,5.155206,-0.161540,7.936688,95.200003,-15.925001,-7.700000
6.040,5.155206,-0.161540,7.936688,95.200003,-15.925001,-7.700000
6.050,5.155206,-0.161540,7.936688,95.200003,-15.925001,-7.700000
6.060,5.155206,-0.161540,7.936688,95.200003,-15.925001,-7.700000
6.070,5.155206,-0.161540,7.936688,95.200003,-15.925001,-7.700000
6.080,6.520282,3.873873,3.384371,95.200003,-15.925001,-7.700000
6.090,6.520282,3.873873,3.384371,95.200003,-15.925001,-7.700000
6.100,6.520282,3.873873,3.384371,95.200003,-15.925001,-7.700000
6.110,6.520282,3.873873,3.384371,95.200003,-15.925001,-7.700000
6.120,6.520282,3.873873,3.384371,95.200003,-15.925001,-7.700000
6.130,6.520282,3.873873,3.384371,95.200003,-15.925001,-7.700000
6.140,6.520282,3.873873,3.384371,95.200003,-15.925001,-7.700000
6.150,6.520282,3.873873,3.384371,95.200003,-15.925001,-7.700000
6.160,6.520282,3.873873,3.384371,95.200003,-15.925001,-7.700000
6.170,6.520282,3.873873,3.384371,78.330003,8.855000,-143.849999
6.180,6.520282,3.873873,3.384371,78.330003,8.855000,-143.849999
6.190,6.520282,3.873873,3.384371,78.330003,8.855000,-143.849999
6.200,6.520282,3.873873,3.384371,78.330003,8.855000,-143.849999
6.210,6.520282,3.873873,3.384371,78.330003,8.855000,-143.849999
6.220,6.520282,3.873873,3.384371,78.330003,8.855000,-143.849999
6.230,6.520282,3.873873,3.384371,78.330003,8.855000,-143.849999
6.240,6.520282,3.873873,3.384371,78.330003,8.855000,-143.849999
6.250,-1.974041,9.569189,-7.114476,78.330003,8.855000,-143.849999
6.260,-1.974041,9.569189,-7.114476,78.330003,8.855000,-143.849999
6.270,-1.974041,9.569189,-7.114476,78.330003,8.855000,-143.849999
6.280,-1.974041,9.569189,-7.114476,78.330003,8.855000,-143.849999
6.290,-1.974041,9.569189,-7.114476,78.330003,8.855000,-143.849999
6.300,-1.974041,9.569189,-7.114476,78.330003,8.855000,-143.849999
6.310,-1.974041,9.569189,-7.114476,78.330003,8.855000,-143.849999
6.320,-1.974041,9.569189,-7.114476,78.330003,8.855000,-143.849999
6.330,-1.974041,9.569189,-7.114476,-32.795000,43.155000,37.800002
6.340,-1.974041,9.569189,-7.114476,-32.795000,43.155000,37.800002
6.350,-1.974041,9.569189,-7.114476,-32.795000,43.155000,37.800002
6.360,-1.974041,9.569189,-7.114476,-32.795000,43.155000,37.800002
6.370,-1.974041,9.569189,-7.114476,-32.795000,43.155000,37.800002
6.380,-1.974041,9.569189,-7.114476,-32.795000,43.155000,37.800002
6.390,-1.974041,9.569189,-7.114476,-32.795000,43.155000,37.800002
6.400,0.927975,3.357280,-0.397522,-32.795000,43.155000,37.800002
6.410,0.927975,3.357280,-0.397522,-32.795000,43.155000,37.800002
6.420,0.927975,3.357280,-0.397522,-32.795000,43.155000,37.800002
6.430,0.927975,3.357280,-0.397522,-32.795000,43.155000,37.800002
6.440,0.927975,3.357280,-0.397522,-32.795000,43.155000,37.800002
6.450,0.927975,3.357280,-0.397522,-32.795000,43.155000,37.800002
6.460,0.927975,3.357280,-0.397522,-32.795000,43.155000,37.800002
6.470,0.927975,3.357280,-0.397522,-32.795000,43.155000,37.800002
6.480,0.927975,3.357280,-0.397522,-115.010004,94.115000,72.624998
6.490,0.927975,3.357280,-0.397522,-115.010004,94.115000,72.624998
6.500,0.927975,3.357280,-0.397522,-115.010004,94.115000,72.624998
6.510,0.927975,3.357280,-0.397522,-115.010004,94.115000,72.624998
6.520,0.927975,3.357280,-0.397522,-115.010004,94.115000,72.624998
6.530,0.927975,3.357280,-0.397522,-115.010004,94.115000,72.624998
6.540,0.927975,3.357280,-0.397522,-115.010004,94.115000,72.624998
6.550,0.927975,3.357280,-0.397522,-115.010004,94.115000,72.624998
6.560,-4.844729,-2.682934,1.331108,-115.010004,94.115000,72.624998
6.570,-4.844729,-2.682934,1.331108,-115.010004,94.115000,72.624998
6.580,-4.844729,-2.682934,1.331108,-115.010004,94.115000,72.624998
6.590,-4.844729,-2.682934,1.331108,-115.010004,94.115000,72.624998
6.600,-4.844729,-2.682934,1.331108,-115.010004,94.115000,72.624998
6.610,-4.844729,-2.682934,1.331108,-115.010004,94.115000,72.624998
6.620,-4.844729,-2.682934,1.331108,-115.010004,94.115000,72.624998
6.630,-4.844729,-2.682934,1.331108,-115.010004,94.115000,72.624998
6.640,-4.844729,-2.682934,1.331108,-173.845007,107.310004,-25.585001
6.650,-4.844729,-2.682934,1.331108,-173.845007,107.310004,-25.585001
6.660,-4.844729,-2.682934,1.331108,-173.845007,107.310004,-25.585001
6.670,-4.844729,-2.682934,1.331108,-173.845007,107.310004,-25.585001
6.680,-4.844729,-2.682934,1.331108,-173.845007,107.310004,-25.585001
6.690,-4.844729,-2.682934,1.331108,-173.845007,107.310004,-25.585001
6.700,-4.844729,-2.682934,1.331108,-173.845007,107.310004,-25.585001
6.710,-4.844729,-2.682934,1.331108,-173.845007,107.310004,-25.585001
6.720,-4.833464,-6.754707,-0.689584,-173.845007,107.310004,-25.585001
6.730,-4.833464,-6.754707,-0.689584,-173.845007,107.310004,-25.585001
6.740,-4.833464,-6.754707,-0.689584,-173.845007,107.310004,-25.585001
6.750,-4.833464,-6.754707,-0.689584,-173.845007,107.310004,-25.585001
6.760,-4.833464,-6.754707,-0.689584,-173.845007,107.310004,-25.585001
6.770,-4.833464,-6.754707,-0.689584,-173.845007,107.310004,-25.585001
6.780,-4.833464,-6.754707,-0.689584,-173.845007,107.310004,-25.585001
6.790,-4.833464,-6.754707,-0.689584,-173.845007,107.310004,-25.585001
6.800,-4.833464,-6.754707,-0.689584,-173.845007,107.310004,-25.585001
6.810,-4.833464,-6.754707,-0.689584,-185.779998,41.510000,-57.295001
6.820,-4.833464,-6.754707,-0.689584,-185.779998,41.510000,-57.295001
6.830,-4.833464,-6.754707,-0.689584,-185.779998,41.510000,-57.295001
6.840,-4.833464,-6.754707,-0.689584,-185.779998,41.510000,-57.295001
6.850,-4.833464,-6.754707,-0.689584,-185.779998,41.510000,-57.295001
6.860,-4.833464,-6.754707,-0.689584,-185.779998,41.510000,-57.295001
6.870,-4.833464,-6.754707,-0.689584,-185.779998,41.510000,-57.295001
6.880,-4.833464,-6.754707,-0.689584,-185.779998,41.510000,-57.295001
6.890,-2.949313,-5.413342,-4.093170,-185.779998,41.510000,-57.295001
6.900,-2.949313,-5.413342,-4.093170,-185.779998,41.510000,-57.295001
6.910,-2.949313,-5.413342,-4.093170,-185.779998,41.510000,-57.295001
6.920,-2.949313,-5.413342,-4.093170,-185.779998,41.510000,-57.295001
6.930,-2.949313,-5.413342,-4.093170,-185.779998,41.510000,-57.295001
6.940,-2.949313,-5.413342,-4.093170,-185.779998,41.510000,-57.295001
6.950,-2.949313,-5.413342,-4.093170,-185.779998,41.510000,-57.295001
6.960,-2.949313,-5.413342,-4.093170,-185.779998,41.510000,-57.295001
6.970,-2.949313,-5.413342,-4.093170,-154.175005,100.660002,-91.560004
6.980,-2.949313,-5.413342,-4.093170,-154.175005,100.660002,-91.560004
6.990,-2.949313,-5.413342,-4.093170,-154.175005,100.660002,-91.560004
7.000,-2.949313,-5.413342,-4.093170,-154.175005,100.660002,-91.560004
7.010,-2.949313,-5.413342,-4.093170,-154.175005,100.660002,-91.560004
7.020,-2.949313,-5.413342,-4.093170,-154.175005,100.660002,-91.560004
7.030,-2.949313,-5.413342,-4.093170,-154.175005,100.660002,-91.560004
7.040,-2.949313,-5.413342,-4.093170,-154.175005,100.660002,-91.560004
7.050,3.279374,-2.553218,-4.711057,-154.175005,100.660002,-91.560004
7.060,3.279374,-2.553218,-4.711057,-154.175005,100.660002,-91.560004
7.070,3.279374,-2.553218,-4.711057,-154.175005,100.660002,-91.560004
7.080,3.279374,-2.553218,-4.711057,-154.175005,100.660002,-91.560004
7.090,3.279374,-2.553218,-4.711057,-154.175005,100.660002,-91.560004
7.100,3.279374,-2.553218,-4.711057,-154.175005,100.660002,-91.560004
7.110,3.279374,-2.553218,-4.711057,-154.175005,100.660002,-91.560004
7.120,3.279374,-2.553218,-4.711057,-154.175005,100.660002,-91.560004
7.130,3.279374,-2.553218,-4.711057,-152.249998,108.534998,-121.065007
7.140,3.279374,-2.553218,-4.711057,-152.249998,108.534998,-121.065007
7.150,3.279374,-2.553218,-4.711057,-152.249998,108.534998,-121.065007
7.160,3.279374,-2.553218,-4.711057,-152.249998,108.534998,-121.065007
7.170,3.279374,-2.553218,-4.711057,-152.249998,108.534998,-121.065007
7.180,3.279374,-2.553218,-4.711057,-152.249998,108.534998,-121.065007
7.190,3.279374,-2.553218,-4.711057,-152.249998,108.534998,-121.065007
7.200,4.236233,-1.594380,6.867156,-152.249998,108.534998,-121.065007
7.210,4.236233,-1.594380,6.867156,-152.249998,108.534998,-121.065007
7.220,4.236233,-1.594380,6.867156,-152.249998,108.534998,-121.065007
7.230,4.236233,-1.594380,6.867156,-152.249998,108.534998,-121.065007
7.240,4.236233,-1.594380,6.867156,-152.249998,108.534998,-121.065007
7.250,4.236233,-1.594380,6.867156,-152.249998,108.534998,-121.065007
7.260,4.236233,-1.594380,6.867156,-152.249998,108.534998,-121.065007
7.270,4.236233,-1.594380,6.867156,-152.249998,108.534998,-121.065007
7.280,4.236233,-1.594380,6.867156,-152.249998,108.534998,-121.065007
7.290,4.236233,-1.594380,6.867156,304.745009,178.920002,-31.674999
7.300,4.236233,-1.594380,6.867156,304.745009,178.920002,-31.674999
7.310,4.236233,-1.594380,6.867156,304.745009,178.920002,-31.674999
7.320,4.236233,-1.594380,6.867156,304.745009,178.920002,-31.674999
7.330,4.236233,-1.594380,6.867156,304.745009,178.920002,-31.674999
7.340,4.236233,-1.594380,6.867156,304.745009,178.920002,-31.674999
7.350,4.236233,-1.594380,6.867156,304.745009,178.920002,-31.674999
7.360,4.236233,-1.594380,6.867156,304.745009,178.920002,-31.674999
7.370,-8.424963,2.375175,-1.953200,304.745009,178.920002,-31.674999
7.380,-8.424963,2.375175,-1.953200,304.745009,178.920002,-31.674999
7.390,-8.424963,2.375175,-1.953200,304.745009,178.920002,-31.674999
7.400,-8.424963,2.375175,-1.953200,304.745009,178.920002,-31.674999
7.410,-8.424963,2.375175,-1.953200,304.745009,178.920002,-31.674999
7.420,-8.424963,2.375175,-1.953200,304.745009,178.920002,-31.674999
7.430,-8.424963,2.375175,-1.953200,304.745009,178.920002,-31.674999
7.440,-8.424963,2.375175,-1.953200,304.745009,178.920002,-31.674999
7.450,-8.424963,2.375175,-1.953200,337.680017,-123.900000,287.560007
7.460,-8.424963,2.375175,-1.953200,337.680017,-123.900000,287.560007
7.470,-8.424963,2.375175,-1.953200,337.680017,-123.900000,287.560007
7.480,-8.424963,2.375175,-1.953200,337.680017,-123.900000,287.560007
7.490,-8.424963,2.375175,-1.953200,337.680017,-123.900000,287.560007
7.500,-8.424963,2.375175,-1.953200,337.680017,-123.900000,287.560007
7.510,-8.424963,2.375175,-1.953200,337.680017,-123.900000,287.560007
7.520,3.986054,0.413820,-5.088740,337.680017,-123.900000,287.560007
7.530,3.986054,0.413820,-5.088740,337.680017,-123.900000,287.560007
7.540,3.986054,0.413820,-5.088740,337.680017,-123.900000,287.560007
7.550,3.986054,0.413820,-5.088740,337.680017,-123.900000,287.560007
7.560,3.986054,0.413820,-5.088740,337.680017,-123.900000,287.560007
7.570,3.986054,0.413820,-5.088740,337.680017,-123.900000,287.560007
7.580,3.986054,0.413820,-5.088740,337.680017,-123.900000,287.560007
7.590,3.986054,0.413820,-5.088740,337.680017,-123.900000,287.560007
7.600,3.986054,0.413820,-5.088740,337.680017,-123.900000,287.560007
7.610,3.986054,0.413820,-5.088740,192.779999,30.764999,200.934999
7.620,3.986054,0.413820,-5.088740,192.779999,30.764999,200.934999
7.630,3.986054,0.413820,-5.088740,192.779999,30.764999,200.934999
7.640,3.986054,0.413820,-5.088740,192.779999,30.764999,200.934999
7.650,3.986054,0.413820,-5.088740,192.779999,30.764999,200.934999
7.660,3.986054,0.413820,-5.088740,192.779999,30.764999,200.934999
7.670,3.986054,0.413820,-5.088740,192.779999,30.764999,200.934999
7.680,3.986054,0.413820,-5.088740,192.779999,30.764999,200.934999
7.690,6.975512,1.298313,9.150747,192.779999,30.764999,200.934999
7.700,6.975512,1.298313,9.150747,192.779999,30.764999,200.934999
7.710,6.975512,1.298313,9.150747,192.779999,30.764999,200.934999
7.720,6.975512,1.298313,9.150747,192.779999,30.764999,200.934999
7.730,6.975512,1.298313,9.150747,192.779999,30.764999,200.934999
7.740,6.975512,1.298313,9.150747,192.779999,30.764999,200.934999
7.750,6.975512,1.298313,9.150747,192.779999,30.764999,200.934999
7.760,6.975512,1.298313,9.150747,192.779999,30.764999,200.934999
7.770,6.975512,1.298313,9.150747,125.720000,5.495000,-18.235000
7.780,6.975512,1.298313,9.150747,125.720000,5.495000,-18.235000
7.790,6.975512,1.298313,9.150747,125.720000,5.495000,-18.235000
7.800,6.975512,1.298313,9.150747,125.720000,5.495000,-18.235000
7.810,6.975512,1.298313,9.150747,125.720000,5.495000,-18.235000
7.820,6.975512,1.298313,9.150747,125.720000,5.495000,-18.235000
7.830,6.975512,1.298313,9.150747,125.720000,5.495000,-18.235000
7.840,6.975512,1.298313,9.150747,125.720000,5.495000,-18.235000
7.850,6.821564,6.378678,1.861818,125.720000,5.495000,-18.235000
7.860,6.821564,6.378678,1.861818,125.720000,5.495000,-18.235000
7.870,6.821564,6.378678,1.861818,125.720000,5.495000,-18.235000
7.880,6.821564,6.378678,1.861818,125.720000,5.495000,-18.235000
7.890,6.821564,6.378678,1.861818,125.720000,5.495000,-18.235000
7.900,6.821564,6.378678,1.861818,125.720000,5.495000,-18.235000
7.910,6.821564,6.378678,1.861818,125.720000,5.495000,-18.235000
7.920,6.821564,6.378678,1.861818,125.720000,5.495000,-18.235000
7.930,6.821564,6.378678,1.861818,47.250002,92.400001,-85.050000
7.940,6.821564,6.378678,1.861818,47.250002,92.400001,-85.050000
7.950,6.821564,6.378678,1.861818,47.250002,92.400001,-85.050000
7.960,6.821564,6.378678,1.861818,47.250002,92.400001,-85.050000
7.970,6.821564,6.378678,1.861818,47.250002,92.400001,-85.050000
7.980,6.821564,6.378678,1.861818,47.250002,92.400001,-85.050000
7.990,6.821564,6.378678,1.861818,47.250002,92.400001,-85.050000
8.000,6.821564,6.378678,1.861818,47.250002,92.400001,-85.050000
8.010,-2.943524,7.468414,-3.580507,47.250002,92.400001,-85.050000
8.020,-2.943524,7.468414,-3.580507,47.250002,92.400001,-85.050000
8.030,-2.943524,7.468414,-3.580507,47.250002,92.400001,-85.050000
8.040,-2.943524,7.468414,-3.580507,47.250002,92.400001,-85.050000
8.050,-2.943524,7.468414,-3.580507,47.250002,92.400001,-85.050000
8.060,-2.943524,7.468414,-3.580507,47.250002,92.400001,-85.050000
8.070,-2.943524,7.468414,-3.580507,47.250002,92.400001,-85.050000
8.080,-2.943524,7.468414,-3.580507,47.250002,92.400001,-85.050000
8.090,-2.943524,7.468414,-3.580507,-50.330001,-4.480000,64.330000
8.100,-2.943524,7.468414,-3.580507,-50.330001,-4.480000,64.330000
8.110,-2.943524,7.468414,-3.580507,-50.330001,-4.480000,64.330000
8.120,-2.943524,7.468414,-3.580507,-50.330001,-4.480000,64.330000
8.130,-2.943524,7.468414,-3.580507,-50.330001,-4.480000,64.330000
8.140,-2.943524,7.468414,-3.580507,-50.330001,-4.480000,64.330000
8.150,-2.943524,7.468414,-3.580507,-50.330001,-4.480000,64.330000
8.160,-2.943524,7.468414,-3.580507,-50.330001,-4.480000,64.330000
8.170,0.211765,2.057817,-0.504681,-50.330001,-4.480000,64.330000
8.180,0.211765,2.057817,-0.504681,-50.330001,-4.480000,64.330000
8.190,0.211765,2.057817,-0.504681,-50.330001,-4.480000,64.330000
8.200,0.211765,2.057817,-0.504681,-50.330001,-4.480000,64.330000
8.210,0.211765,2.057817,-0.504681,-50.330001,-4.480000,64.330000
8.220,0.211765,2.057817,-0.504681,-50.330001,-4.480000,64.330000
8.230,0.211765,2.057817,-0.504681,-50.330001,-4.480000,64.330000
8.240,0.211765,2.057817,-0.504681,-50.330001,-4.480000,64.330000
8.250,0.211765,2.057817,-0.504681,-139.090000,103.390001,48.370000
8.260,0.211765,2.057817,-0.504681,-139.090000,103.390001,48.370000
8.270,0.211765,2.057817,-0.504681,-139.090000,103.390001,48.370000
8.280,0.211765,2.057817,-0.504681,-139.090000,103.390001,48.370000
8.290,0.211765,2.057817,-0.504681,-139.090000,103.390001,48.370000
8.300,0.211765,2.057817,-0.504681,-139.090000,103.390001,48.370000
8.310,0.211765,2.057817,-0.504681,-139.090000,103.390001,48.370000
8.320,-3.609596,-3.427539,3.350364,-139.090000,103.390001,48.370000
8.330,-3.609596,-3.427539,3.350364,-139.090000,103.390001,48.370000
8.340,-3.609596,-3.427539,3.350364,-139.090000,103.390001,48.370000
8.350,-3.609596,-3.427539,3.350364,-139.090000,103.390001,48.370000
8.360,-3.609596,-3.427539,3.350364,-139.090000,103.390001,48.370000
8.370,-3.609596,-3.427539,3.350364,-139.090000,103.390001,48.370000
8.380,-3.609596,-3.427539,3.350364,-139.090000,103.390001,48.370000
8.390,-3.609596,-3.427539,3.350364,-139.090000,103.390001,48.370000
8.400,-3.609596,-3.427539,3.350364,-139.090000,103.390001,48.370000
8.410,-3.609596,-3.427539,3.350364,-188.929999,77.489999,-53.970000
8.420,-3.609596,-3.427539,3.350364,-188.929999,77.489999,-53.970000
8.430,-3.609596,-3.427539,3.350364,-188.929999,77.489999,-53.970000
8.440,-3.609596,-3.427539,3.350364,-188.929999,77.489999,-53.970000
8.450,-3.609596,-3.427539,3.350364,-188.929999,77.489999,-53.970000
8.460,-3.609596,-3.427539,3.350364,-188.929999,77.489999,-53.970000
8.470,-3.609596,-3.427539,3.350364,-188.929999,77.489999,-53.970000
8.480,-3.609596,-3.427539,3.350364,-188.929999,77.489999,-53.970000
8.490,-7.442406,-7.607049,0.803237,-188.929999,77.489999,-53.970000
8.500,-7.442406,-7.607049,0.803237,-188.929999,77.489999,-53.970000
8.510,-7.442406,-7.607049,0.803237,-188.929999,77.489999,-53.970000
8.520,-7.442406,-7.607049,0.803237,-188.929999,77.489999,-53.970000
8.530,-7.442406,-7.607049,0.803237,-188.929999,77.489999,-53.970000
8.540,-7.442406,-7.607049,0.803237,-188.929999,77.489999,-53.970000
8.550,-7.442406,-7.607049,0.803237,-188.929999,77.489999,-53.970000
8.560,-7.442406,-7.607049,0.803237,-188.929999,77.489999,-53.970000
8.570,-7.442406,-7.607049,0.803237,-204.995000,70.840004,-75.354998
8.580,-7.442406,-7.607049,0.803237,-204.995000,70.840004,-75.354998
8.590,-7.442406,-7.607049,0.803237,-204.995000,70.840004,-75.354998
8.600,-7.442406,-7.607049,0.803237,-204.995000,70.840004,-75.354998
8.610,-7.442406,-7.607049,0.803237,-204.995000,70.840004,-75.354998
8.620,-7.442406,-7.607049,0.803237,-204.995000,70.840004,-75.354998
8.630,-7.442406,-7.607049,0.803237,-204.995000,70.840004,-75.354998
8.640,-7.442406,-7.607049,0.803237,-204.995000,70.840004,-75.354998
8.650,-3.253265,-5.662343,-3.783811,-204.995000,70.840004,-75.354998
8.660,-3.253265,-5.662343,-3.783811,-204.995000,70.840004,-75.354998
8.670,-3.253265,-5.662343,-3.783811,-204.995000,70.840004,-75.354998
8.680,-3.253265,-5.662343,-3.783811,-204.995000,70.840004,-75.354998
8.690,-3.253265,-5.662343,-3.783811,-204.995000,70.840004,-75.354998
8.700,-3.253265,-5.662343,-3.783811,-204.995000,70.840004,-75.354998
8.710,-3.253265,-5.662343,-3.783811,-204.995000,70.840004,-75.354998
8.720,-3.253265,-5.662343,-3.783811,-204.995000,70.840004,-75.354998
8.730,-3.253265,-5.662343,-3.783811,-186.200000,124.285004,-89.844998
8.740,-3.253265,-5.662343,-3.783811,-186.200000,124.285004,-89.844998
8.750,-3.253265,-5.662343,-3.783811,-186.200000,124.285004,-89.844998
8.760,-3.253265,-5.662343,-3.783811,-186.200000,124.285004,-89.844998
8.770,-3.253265,-5.662343,-3.783811,-186.200000,124.285004,-89.844998
8.780,-3.253265,-5.662343,-3.783811,-186.200000,124.285004,-89.844998
8.790,-3.253265,-5.662343,-3.783811,-186.200000,124.285004,-89.844998
8.800,6.330633,-3.757984,-1.500505,-186.200000,124.285004,-89.844998
8.810,6.330633,-3.757984,-1.500505,-186.200000,124.285004,-89.844998
8.820,6.330633,-3.757984,-1.500505,-186.200000,124.285004,-89.844998
8.830,6.330633,-3.757984,-1.500505,-186.200000,124.285004,-89.844998
8.840,6.330633,-3.757984,-1.500505,-186.200000,124.285004,-89.844998
8.850,6.330633,-3.757984,-1.500505,-186.200000,124.285004,-89.844998
8.860,6.330633,-3.757984,-1.500505,-186.200000,124.285004,-89.844998
8.870,6.330633,-3.757984,-1.500505,-186.200000,124.285004,-89.844998
8.880,6.330633,-3.757984,-1.500505,-186.200000,124.285004,-89.844998
8.890,6.330633,-3.757984,-1.500505,-36.925000,181.719997,-116.760007
8.900,6.330633,-3.757984,-1.500505,-36.925000,181.719997,-116.760007
8.910,6.330633,-3.757984,-1.500505,-36.925000,181.719997,-116.760007
8.920,6.330633,-3.757984,-1.500505,-36.925000,181.719997,-116.760007
8.930,6.330633,-3.757984,-1.500505,-36.925000,181.719997,-116.760007
8.940,6.330633,-3.757984,-1.500505,-36.925000,181.719997,-116.760007
8.950,6.330633,-3.757984,-1.500505,-36.925000,181.719997,-116.760007
8.960,6.330633,-3.757984,-1.500505,-36.925000,181.719997,-116.760007
8.970,-4.579338,-1.445368,7.734757,-36.925000,181.719997,-116.760007
8.980,-4.579338,-1.445368,7.734757,-36.925000,181.719997,-116.760007
8.990,-4.579338,-1.445368,7.734757,-36.925000,181.719997,-116.760007
9.000,-4.579338,-1.445368,7.734757,-36.925000,181.719997,-116.760007
9.010,-4.579338,-1.445368,7.734757,-36.925000,181.719997,-116.760007
9.020,-4.579338,-1.445368,7.734757,-36.925000,181.719997,-116.760007
9.030,-4.579338,-1.445368,7.734757,-36.925000,181.719997,-116.760007
9.040,-4.579338,-1.445368,7.734757,-36.925000,181.719997,-116.760007
9.050,-4.579338,-1.445368,7.734757,422.135006,74.935003,17.185000
9.060,-4.579338,-1.445368,7.734757,422.135006,74.935003,17.185000
9.070,-4.579338,-1.445368,7.734757,422.135006,74.935003,17.185000
9.080,-4.579338,-1.445368,7.734757,422.135006,74.935003,17.185000
9.090,-4.579338,-1.445368,7.734757,422.135006,74.935003,17.185000
9.100,-4.579338,-1.445368,7.734757,422.135006,74.935003,17.185000
9.110,-4.579338,-1.445368,7.734757,422.135006,74.935003,17.185000
9.120,-0.935996,6.710094,-10.372409,422.135006,74.935003,17.185000
9.130,-0.935996,6.710094,-10.372409,422.135006,74.935003,17.185000
9.140,-0.935996,6.710094,-10.372409,422.135006,74.935003,17.185000
9.150,-0.935996,6.710094,-10.372409,422.135006,74.935003,17.185000
9.160,-0.935996,6.710094,-10.372409,422.135006,74.935003,17.185000
9.170,-0.935996,6.710094,-10.372409,422.135006,74.935003,17.185000
9.180,-0.935996,6.710094,-10.372409,422.135006,74.935003,17.185000
9.190,-0.935996,6.710094,-10.372409,422.135006,74.935003,17.185000
9.200,-0.935996,6.710094,-10.372409,271.494992,-133.175001,178.289999
9.210,-0.935996,6.710094,-10.372409,271.494992,-133.175001,178.289999
9.220,-0.935996,6.710094,-10.372409,271.494992,-133.175001,178.289999
9.230,-0.935996,6.710094,-10.372409,271.494992,-133.175001,178.289999
9.240,-0.935996,6.710094,-10.372409,271.494992,-133.175001,178.289999
9.250,-0.935996,6.710094,-10.372409,271.494992,-133.175001,178.289999
9.260,-0.935996,6.710094,-10.372409,271.494992,-133.175001,178.289999
9.270,-0.935996,6.710094,-10.372409,271.494992,-133.175001,178.289999
9.280,-0.935996,6.710094,-10.372409,271.494992,-133.175001,178.289999
9.290,3.302193,3.807056,1.457008,271.494992,-133.175001,178.289999
9.300,3.302193,3.807056,1.457008,271.494992,-133.175001,178.289999
9.310,3.302193,3.807056,1.457008,271.494992,-133.175001,178.289999
9.320,3.302193,3.807056,1.457008,271.494992,-133.175001,178.289999
9.330,3.302193,3.807056,1.457008,271.494992,-133.175001,178.289999
9.340,3.302193,3.807056,1.457008,271.494992,-133.175001,178.289999
9.350,3.302193,3.807056,1.457008,271.494992,-133.175001,178.289999
9.360,3.302193,3.807056,1.457008,271.494992,-133.175001,178.289999
9.370,3.302193,3.807056,1.457008,130.200003,-19.180001,87.710004
9.380,3.302193,3.807056,1.457008,130.200003,-19.180001,87.710004
9.390,3.302193,3.807056,1.457008,130.200003,-19.180001,87.710004
9.400,3.302193,3.807056,1.457008,130.200003,-19.180001,87.710004
9.410,3.302193,3.807056,1.457008,130.200003,-19.180001,87.710004
9.420,3.302193,3.807056,1.457008,130.200003,-19.180001,87.710004
9.430,3.302193,3.807056,1.457008,130.200003,-19.180001,87.710004
9.440,3.302193,3.807056,1.457008,130.200003,-19.180001,87.710004
9.450,10.195939,1.957720,6.674186,130.200003,-19.180001,87.710004
9.460,10.195939,1.957720,6.674186,130.200003,-19.180001,87.710004
9.470,10.195939,1.957720,6.674186,130.200003,-19.180001,87.710004
9.480,10.195939,1.957720,6.674186,130.200003,-19.180001,87.710004
9.490,10.195939,1.957720,6.674186,130.200003,-19.180001,87.710004
9.500,10.195939,1.957720,6.674186,130.200003,-19.180001,87.710004
9.510,10.195939,1.957720,6.674186,130.200003,-19.180001,87.710004
9.520,10.195939,1.957720,6.674186,130.200003,-19.180001,87.710004
9.530,10.195939,1.957720,6.674186,81.550000,-43.504999,-50.924999
9.540,10.195939,1.957720,6.674186,81.550000,-43.504999,-50.924999
9.550,10.195939,1.957720,6.674186,81.550000,-43.504999,-50.924999
9.560,10.195939,1.957720,6.674186,81.550000,-43.504999,-50.924999
9.570,10.195939,1.957720,6.674186,81.550000,-43.504999,-50.924999
9.580,10.195939,1.957720,6.674186,81.550000,-43.504999,-50.924999
9.590,10.195939,1.957720,6.674186,81.550000,-43.504999,-50.924999
9.600,-0.165494,4.858682,-2.053946,81.550000,-43.504999,-50.924999
9.610,-0.165494,4.858682,-2.053946,81.550000,-43.504999,-50.924999
9.620,-0.165494,4.858682,-2.053946,81.550000,-43.504999,-50.924999
9.630,-0.165494,4.858682,-2.053946,81.550000,-43.504999,-50.924999
9.640,-0.165494,4.858682,-2.053946,81.550000,-43.504999,-50.924999
9.650,-0.165494,4.858682,-2.053946,81.550000,-43.504999,-50.924999
9.660,-0.165494,4.858682,-2.053946,81.550000,-43.504999,-50.924999
9.670,-0.165494,4.858682,-2.053946,81.550000,-43.504999,-50.924999
9.680,-0.165494,4.858682,-2.053946,13.090000,89.844998,-62.789997
9.690,-0.165494,4.858682,-2.053946,13.090000,89.844998,-62.789997
9.700,-0.165494,4.858682,-2.053946,13.090000,89.844998,-62.789997
9.710,-0.165494,4.858682,-2.053946,13.090000,89.844998,-62.789997
9.720,-0.165494,4.858682,-2.053946,13.090000,89.844998,-62.789997
9.730,-0.165494,4.858682,-2.053946,13.090000,89.844998,-62.789997
9.740,-0.165494,4.858682,-2.053946,13.090000,89.844998,-62.789997
9.750,-0.165494,4.858682,-2.053946,13.090000,89.844998,-62.789997
9.760,-1.626377,6.235178,-3.796023,13.090000,89.844998,-62.789997
9.770,-1.626377,6.235178,-3.796023,13.090000,89.844998,-62.789997
9.780,-1.626377,6.235178,-3.796023,13.090000,89.844998,-62.789997
9.790,-1.626377,6.235178,-3.796023,13.090000,89.844998,-62.789997
9.800,-1.626377,6.235178,-3.796023,13.090000,89.844998,-62.789997
9.810,-1.626377,6.235178,-3.796023,13.090000,89.844998,-62.789997
9.820,-1.626377,6.235178,-3.796023,13.090000,89.844998,-62.789997
9.830,-1.626377,6.235178,-3.796023,13.090000,89.844998,-62.789997
9.840,-1.626377,6.235178,-3.796023,13.090000,89.844998,-62.789997
9.850,-1.626377,6.235178,-3.796023,-61.634999,87.290002,82.110000
9.860,-1.626377,6.235178,-3.796023,-61.634999,87.290002,82.110000
9.870,-1.626377,6.235178,-3.796023,-61.634999,87.290002,82.110000
9.880,-1.626377,6.235178,-3.796023,-61.634999,87.290002,82.110000
9.890,-1.626377,6.235178,-3.796023,-61.634999,87.290002,82.110000
9.900,-1.626377,6.235178,-3.796023,-61.634999,87.290002,82.110000
9.910,-1.626377,6.235178,-3.796023,-61.634999,87.290002,82.110000
9.920,-1.626377,6.235178,-3.796023,-61.634999,87.290002,82.110000
9.930,0.869003,-2.372591,-0.533441,-61.634999,87.290002,82.110000
9.940,0.869003,-2.372591,-0.533441,-61.634999,87.290002,82.110000
9.950,0.869003,-2.372591,-0.533441,-61.634999,87.290002,82.110000
9.960,0.869003,-2.372591,-0.533441,-61.634999,87.290002,82.110000
9.970,0.869003,-2.372591,-0.533441,-61.634999,87.290002,82.110000
9.980,0.869003,-2.372591,-0.533441,-61.634999,87.290002,82.110000
9.990,0.869003,-2.372591,-0.533441,-61.634999,87.290002,82.110000
10.000,0.869003,-2.372591,-0.533441,-61.634999,87.290002,82.110000
10.010,0.869003,-2.372591,-0.533441,-183.994996,113.085004,19.180001
10.020,0.869003,-2.372591,-0.533441,-183.994996,113.085004,19.180001
10.030,0.869003,-2.372591,-0.533441,-183.994996,113.085004,19.180001
10.040,0.869003,-2.372591,-0.533441,-183.994996,113.085004,19.180001
10.050,0.869003,-2.372591,-0.533441,-183.994996,113.085004,19.180001
10.060,0.869003,-2.372591,-0.533441,-183.994996,113.085004,19.180001
10.070,0.869003,-2.372591,-0.533441,-183.994996,113.085004,19.180001
10.080,0.869003,-2.372591,-0.533441,-183.994996,113.085004,19.180001
10.090,-5.644644,-8.157474,1.396671,-183.994996,113.085004,19.180001
10.100,-5.644644,-8.157474,1.396671,-183.994996,113.085004,19.180001
10.110,-5.644644,-8.157474,1.396671,-183.994996,113.085004,19.180001
10.120,-5.644644,-8.157474,1.396671,-183.994996,113.085004,19.180001
10.130,-5.644644,-8.157474,1.396671,-183.994996,113.085004,19.180001
10.140,-5.644644,-8.157474,1.396671,-183.994996,113.085004,19.180001
10.150,-5.644644,-8.157474,1.396671,-183.994996,113.085004,19.180001
10.160,-5.644644,-8.157474,1.396671,-183.994996,113.085004,19.180001
10.170,-5.644644,-8.157474,1.396671,-209.160009,69.020004,-76.124999
10.180,-5.644644,-8.157474,1.396671,-209.160009,69.020004,-76.124999
10.190,-5.644644,-8.157474,1.396671,-209.160009,69.020004,-76.124999
10.200,-5.644644,-8.157474,1.396671,-209.160009,69.020004,-76.124999
10.210,-5.644644,-8.157474,1.396671,-209.160009,69.020004,-76.124999
10.220,-5.644644,-8.157474,1.396671,-209.160009,69.020004,-76.124999
10.230,-5.644644,-8.157474,1.396671,-209.160009,69.020004,-76.124999
10.240,-5.644644,-8.157474,1.396671,-209.160009,69.020004,-76.124999
10.250,-2.481601,-8.311096,-6.300858,-209.160009,69.020004,-76.124999
10.260,-2.481601,-8.311096,-6.300858,-209.160009,69.020004,-76.124999
10.270,-2.481601,-8.311096,-6.300858,-209.160009,69.020004,-76.124999
10.280,-2.481601,-8.311096,-6.300858,-209.160009,69.020004,-76.124999
10.290,-2.481601,-8.311096,-6.300858,-209.160009,69.020004,-76.124999
10.300,-2.481601,-8.311096,-6.300858,-209.160009,69.020004,-76.124999
10.310,-2.481601,-8.311096,-6.300858,-209.160009,69.020004,-76.124999
10.320,-2.481601,-8.311096,-6.300858,-209.160009,69.020004,-76.124999
10.330,-2.481601,-8.311096,-6.300858,-281.225007,127.154995,-136.745004
10.340,-2.481601,-8.311096,-6.300858,-281.225007,127.154995,-136.745004
10.350,-2.481601,-8.311096,-6.300858,-281.225007,127.154995,-136.745004
10.360,-2.481601,-8.311096,-6.300858,-281.225007,127.154995,-136.745004
10.370,-2.481601,-8.311096,-6.300858,-281.225007,127.154995,-136.745004
10.380,-2.481601,-8.311096,-6.300858,-281.225007,127.154995,-136.745004
10.390,-2.481601,-8.311096,-6.300858,-281.225007,127.154995,-136.745004
10.400,1.406824,-8.899426,3.741245,-281.225007,127.154995,-136.745004
10.410,1.406824,-8.899426,3.741245,-281.225007,127.154995,-136.745004
10.420,1.406824,-8.899426,3.741245,-281.225007,127.154995,-136.745004
10.430,1.406824,-8.899426,3.741245,-281.225007,127.154995,-136.745004
10.440,1.406824,-8.899426,3.741245,-281.225007,127.154995,-136.745004
10.450,1.406824,-8.899426,3.741245,-281.225007,127.154995,-136.745004
10.460,1.406824,-8.899426,3.741245,-281.225007,127.154995,-136.745004
10.470,1.406824,-8.899426,3.741245,-281.225007,127.154995,-136.745004
10.480,1.406824,-8.899426,3.741245,-281.225007,127.154995,-136.745004
10.490,1.406824,-8.899426,3.741245,2.485000,211.330001,-116.024997
10.500,1.406824,-8.899426,3.741245,2.485000,211.330001,-116.024997
10.510,1.406824,-8.899426,3.741245,2.485000,211.330001,-116.024997
10.520,1.406824,-8.899426,3.741245,2.485000,211.330001,-116.024997
10.530,1.406824,-8.899426,3.741245,2.485000,211.330001,-116.024997
10.540,1.406824,-8.899426,3.741245,2.485000,211.330001,-116.024997
10.550,1.406824,-8.899426,3.741245,2.485000,211.330001,-116.024997
10.560,1.406824,-8.899426,3.741245,2.485000,211.330001,-116.024997
10.570,-2.421790,1.880742,6.731782,2.485000,211.330001,-116.024997
10.580,-2.421790,1.880742,6.731782,2.485000,211.330001,-116.024997
10.590,-2.421790,1.880742,6.731782,2.485000,211.330001,-116.024997
10.600,-2.421790,1.880742,6.731782,2.485000,211.330001,-116.024997
10.610,-2.421790,1.880742,6.731782,2.485000,211.330001,-116.024997
10.620,-2.421790,1.880742,6.731782,2.485000,211.330001,-116.024997
10.630,-2.421790,1.880742,6.731782,2.485000,211.330001,-116.024997
10.640,-2.421790,1.880742,6.731782,2.485000,211.330001,-116.024997
10.650,-2.421790,1.880742,6.731782,331.764992,155.434997,113.365000
10.660,-2.421790,1.880742,6.731782,331.764992,155.434997,113.365000
10.670,-2.421790,1.880742,6.731782,331.764992,155.434997,113.365000
10.680,-2.421790,1.880742,6.731782,331.764992,155.434997,113.365000
10.690,-2.421790,1.880742,6.731782,331.764992,155.434997,113.365000
10.700,-2.421790,1.880742,6.731782,331.764992,155.434997,113.365000
10.710,-2.421790,1.880742,6.731782,331.764992,155.434997,113.365000
10.720,-4.289496,2.898977,-5.781131,331.764992,155.434997,113.365000
10.730,-4.289496,2.898977,-5.781131,331.764992,155.434997,113.365000
10.740,-4.289496,2.898977,-5.781131,331.764992,155.434997,113.365000
10.750,-4.289496,2.898977,-5.781131,331.764992,155.434997,113.365000
10.760,-4.289496,2.898977,-5.781131,331.764992,155.434997,113.365000
10.770,-4.289496,2.898977,-5.781131,331.764992,155.434997,113.365000
10.780,-4.289496,2.898977,-5.781131,331.764992,155.434997,113.365000
10.790,-4.289496,2.898977,-5.781131,331.764992,155.434997,113.365000
10.800,-4.289496,2.898977,-5.781131,267.575010,-187.809998,362.740009
10.810,-4.289496,2.898977,-5.781131,267.575010,-187.809998,362.740009
10.820,-4.289496,2.898977,-5.781131,267.575010,-187.809998,362.740009
10.830,-4.289496,2.898977,-5.781131,267.575010,-187.809998,362.740009
10.840,-4.289496,2.898977,-5.781131,267.575010,-187.809998,362.740009
10.850,-4.289496,2.898977,-5.781131,267.575010,-187.809998,362.740009
10.860,-4.289496,2.898977,-5.781131,267.575010,-187.809998,362.740009
10.870,-4.289496,2.898977,-5.781131,267.575010,-187.809998,362.740009
10.880,5.415458,3.184925,-0.162113,267.575010,-187.809998,362.740009
10.890,5.415458,3.184925,-0.162113,267.575010,-187.809998,362.740009
10.900,5.415458,3.184925,-0.162113,267.575010,-187.809998,362.740009
10.910,5.415458,3.184925,-0.162113,267.575010,-187.809998,362.740009
10.920,5.415458,3.184925,-0.162113,267.575010,-187.809998,362.740009
10.930,5.415458,3.184925,-0.162113,267.575010,-187.809998,362.740009
10.940,5.415458,3.184925,-0.162113,267.575010,-187.809998,362.740009
10.950,5.415458,3.184925,-0.162113,267.575010,-187.809998,362.740009
10.960,5.415458,3.184925,-0.162113,267.575010,-187.809998,362.740009
10.970,5.415458,3.184925,-0.162113,145.320006,-21.280001,116.305008
10.980,5.415458,3.184925,-0.162113,145.320006,-21.280001,116.305008
10.990,5.415458,3.184925,-0.162113,145.320006,-21.280001,116.305008
11.000,5.415458,3.184925,-0.162113,145.320006,-21.280001,116.305008
11.010,5.415458,3.184925,-0.162113,145.320006,-21.280001,116.305008
11.020,5.415458,3.184925,-0.162113,145.320006,-21.280001,116.305008
11.030,5.415458,3.184925,-0.162113,145.320006,-21.280001,116.305008
11.040,5.415458,3.184925,-0.162113,145.320006,-21.280001,116.305008
11.050,7.228393,2.454087,8.479859,145.320006,-21.280001,116.305008
11.060,7.228393,2.454087,8.479859,145.320006,-21.280001,116.305008
11.070,7.228393,2.454087,8.479859,145.320006,-21.280001,116.305008
11.080,7.228393,2.454087,8.479859,145.320006,-21.280001,116.305008
11.090,7.228393,2.454087,8.479859,145.320006,-21.280001,116.305008
11.100,7.228393,2.454087,8.479859,145.320006,-21.280001,116.305008
11.110,7.228393,2.454087,8.479859,145.320006,-21.280001,116.305008
11.120,7.228393,2.454087,8.479859,145.320006,-21.280001,116.305008
11.130,7.228393,2.454087,8.479859,66.675002,-16.659999,-96.110003
11.140,7.228393,2.454087,8.479859,66.675002,-16.659999,-96.110003
11.150,7.228393,2.454087,8.479859,66.675002,-16.659999,-96.110003
11.160,7.228393,2.454087,8.479859,66.675002,-16.659999,-96.110003
11.170,7.228393,2.454087,8.479859,66.675002,-16.659999,-96.110003
11.180,7.228393,2.454087,8.479859,66.675002,-16.659999,-96.110003
11.190,7.228393,2.454087,8.479859,66.675002,-16.659999,-96.110003
11.200,7.228393,2.454087,8.479859,66.675002,-16.659999,-96.110003
11.210,2.120543,2.095430,0.332950,66.675002,-16.659999,-96.110003
11.220,2.120543,2.095430,0.332950,66.675002,-16.659999,-96.110003
11.230,2.120543,2.095430,0.332950,66.675002,-16.659999,-96.110003
11.240,2.120543,2.095430,0.332950,66.675002,-16.659999,-96.110003
11.250,2.120543,2.095430,0.332950,66.675002,-16.659999,-96.110003
11.260,2.120543,2.095430,0.332950,66.675002,-16.659999,-96.110003
11.270,2.120543,2.095430,0.332950,66.675002,-16.659999,-96.110003
11.280,2.120543,2.095430,0.332950,33.285001,129.325001,-56.244999
11.290,2.120543,2.095430,0.332950,33.285001,129.325001,-56.244999
11.300,2.120543,2.095430,0.332950,33.285001,129.325001,-56.244999
11.310,2.120543,2.095430,0.332950,33.285001,129.325001,-56.244999
11.320,2.120543,2.095430,0.332950,33.285001,129.325001,-56.244999
11.330,2.120543,2.095430,0.332950,33.285001,129.325001,-56.244999
11.340,2.120543,2.095430,0.332950,33.285001,129.325001,-56.244999
11.350,2.120543,2.095430,0.332950,33.285001,129.325001,-56.244999
11.360,-2.274110,9.314805,-5.479724,33.285001,129.325001,-56.244999
11.370,-2.274110,9.314805,-5.479724,33.285001,129.325001,-56.244999
11.380,-2.274110,9.314805,-5.479724,33.285001,129.325001,-56.244999
11.390,-2.274110,9.314805,-5.479724,33.285001,129.325001,-56.244999
11.400,-2.274110,9.314805,-5.479724,33.285001,129.325001,-56.244999
11.410,-2.274110,9.314805,-5.479724,33.285001,129.325001,-56.244999
11.420,-2.274110,9.314805,-5.479724,33.285001,129.325001,-56.244999
11.430,-2.274110,9.314805,-5.479724,33.285001,129.325001,-56.244999
11.440,-2.274110,9.314805,-5.479724,33.285001,129.325001,-56.244999
11.450,-2.274110,9.314805,-5.479724,-74.480003,16.204999,103.495001
11.460,-2.274110,9.314805,-5.479724,-74.480003,16.204999,103.495001
11.470,-2.274110,9.314805,-5.479724,-74.480003,16.204999,103.495001
11.480,-2.274110,9.314805,-5.479724,-74.480003,16.204999,103.495001
11.490,-2.274110,9.314805,-5.479724,-74.480003,16.204999,103.495001
11.500,-2.274110,9.314805,-5.479724,-74.480003,16.204999,103.495001
11.510,-2.274110,9.314805,-5.479724,-74.480003,16.204999,103.495001
11.520,-2.274110,9.314805,-5.479724,-74.480003,16.204999,103.495001
11.530,-0.867353,0.483759,0.042621,-74.480003,16.204999,103.495001
11.540,-0.867353,0.483759,0.042621,-74.480003,16.204999,103.495001
11.550,-0.867353,0.483759,0.042621,-74.480003,16.204999,103.495001
11.560,-0.867353,0.483759,0.042621,-74.480003,16.204999,103.495001
11.570,-0.867353,0.483759,0.042621,-74.480003,16.204999,103.495001
11.580,-0.867353,0.483759,0.042621,-74.480003,16.204999,103.495001
11.590,-0.867353,0.483759,0.042621,-74.480003,16.204999,103.495001
11.600,-0.867353,0.483759,0.042621,-74.480003,16.204999,103.495001
11.610,-0.867353,0.483759,0.042621,-157.709997,89.494999,61.670003
11.620,-0.867353,0.483759,0.042621,-157.709997,89.494999,61.670003
11.630,-0.867353,0.483759,0.042621,-157.709997,89.494999,61.670003
11.640,-0.867353,0.483759,0.042621,-157.709997,89.494999,61.670003
11.650,-0.867353,0.483759,0.042621,-157.709997,89.494999,61.670003
11.660,-0.867353,0.483759,0.042621,-157.709997,89.494999,61.670003
11.670,-0.867353,0.483759,0.042621,-157.709997,89.494999,61.670003
11.680,-3.589909,-5.755557,2.384245,-157.709997,89.494999,61.670003
11.690,-3.589909,-5.755557,2.384245,-157.709997,89.494999,61.670003
11.700,-3.589909,-5.755557,2.384245,-157.709997,89.494999,61.670003
11.710,-3.589909,-5.755557,2.384245,-157.709997,89.494999,61.670003
11.720,-3.589909,-5.755557,2.384245,-157.709997,89.494999,61.670003
11.730,-3.589909,-5.755557,2.384245,-157.709997,89.494999,61.670003
11.740,-3.589909,-5.755557,2.384245,-157.709997,89.494999,61.670003
11.750,-3.589909,-5.755557,2.384245,-157.709997,89.494999,61.670003
11.760,-3.589909,-5.755557,2.384245,-157.709997,89.494999,61.670003
11.770,-3.589909,-5.755557,2.384245,-213.290006,56.350000,-38.675000
11.780,-3.589909,-5.755557,2.384245,-213.290006,56.350000,-38.675000
11.790,-3.589909,-5.755557,2.384245,-213.290006,56.350000,-38.675000
11.800,-3.589909,-5.755557,2.384245,-213.290006,56.350000,-38.675000
11.810,-3.589909,-5.755557,2.384245,-213.290006,56.350000,-38.675000
11.820,-3.589909,-5.755557,2.384245,-213.290006,56.350000,-38.675000
11.830,-3.589909,-5.755557,2.384245,-213.290006,56.350000,-38.675000
11.840,-3.589909,-5.755557,2.384245,-213.290006,56.350000,-38.675000
11.850,-4.616821,-4.746181,-0.168855,-213.290006,56.350000,-38.675000
11.860,-4.616821,-4.746181,-0.168855,-213.290006,56.350000,-38.675000
11.870,-4.616821,-4.746181,-0.168855,-213.290006,56.350000,-38.675000
11.880,-4.616821,-4.746181,-0.168855,-213.290006,56.350000,-38.675000
11.890,-4.616821,-4.746181,-0.168855,-213.290006,56.350000,-38.675000
11.900,-4.616821,-4.746181,-0.168855,-213.290006,56.350000,-38.675000
11.910,-4.616821,-4.746181,-0.168855,-213.290006,56.350000,-38.675000
11.920,-4.616821,-4.746181,-0.168855,-213.290006,56.350000,-38.675000
11.930,-4.616821,-4.746181,-0.168855,-181.160003,83.509998,-52.465002
11.940,-4.616821,-4.746181,-0.168855,-181.160003,83.509998,-52.465002
11.950,-4.616821,-4.746181,-0.168855,-181.160003,83.509998,-52.465002
11.960,-4.616821,-4.746181,-0.168855,-181.160003,83.509998,-52.465002
11.970,-4.616821,-4.746181,-0.168855,-181.160003,83.509998,-52.465002
11.980,-4.616821,-4.746181,-0.168855,-181.160003,83.509998,-52.465002
11.990,-4.616821,-4.746181,-0.168855,-181.160003,83.509998,-52.465002
12.000,-4.616821,-4.746181,-0.168855,-181.160003,83.509998,-52.465002
12.010,-1.446738,-3.471335,-7.375151,-181.160003,83.509998,-52.465002
12.020,-1.446738,-3.471335,-7.375151,-181.160003,83.509998,-52.465002
12.030,-1.446738,-3.471335,-7.375151,-181.160003,83.509998,-52.465002
12.040,-1.446738,-3.471335,-7.375151,-181.160003,83.509998,-52.465002
12.050,-1.446738,-3.471335,-7.375151,-181.160003,83.509998,-52.465002
12.060,-1.446738,-3.471335,-7.375151,-181.160003,83.509998,-52.465002
12.070,-1.446738,-3.471335,-7.375151,-181.160003,83.509998,-52.465002
12.080,-1.446738,-3.471335,-7.375151,-185.710002,115.675005,-52.745002
12.090,-1.446738,-3.471335,-7.375151,-185.710002,115.675005,-52.745002
12.100,-1.446738,-3.471335,-7.375151,-185.710002,115.675005,-52.745002
12.110,-1.446738,-3.471335,-7.375151,-185.710002,115.675005,-52.745002
12.120,-1.446738,-3.471335,-7.375151,-185.710002,115.675005,-52.745002
12.130,-1.446738,-3.471335,-7.375151,-185.710002,115.675005,-52.745002
12.140,-1.446738,-3.471335,-7.375151,-185.710002,115.675005,-52.745002
12.150,-1.446738,-3.471335,-7.375151,-185.710002,115.675005,-52.745002
12.160,4.747669,-4.707752,-1.025526,-185.710002,115.675005,-52.745002
12.170,4.747669,-4.707752,-1.025526,-185.710002,115.675005,-52.745002
12.180,4.747669,-4.707752,-1.025526,-185.710002,115.675005,-52.745002
12.190,4.747669,-4.707752,-1.025526,-185.710002,115.675005,-52.745002
12.200,4.747669,-4.707752,-1.025526,-185.710002,115.675005,-52.745002
12.210,4.747669,-4.707752,-1.025526,-185.710002,115.675005,-52.745002
12.220,4.747669,-4.707752,-1.025526,-185.710002,115.675005,-52.745002
12.230,4.747669,-4.707752,-1.025526,-185.710002,115.675005,-52.745002
12.240,4.747669,-4.707752,-1.025526,-185.710002,115.675005,-52.745002
12.250,4.747669,-4.707752,-1.025526,-69.020004,181.615003,-134.609997
12.260,4.747669,-4.707752,-1.025526,-69.020004,181.615003,-134.609997
12.270,4.747669,-4.707752,-1.025526,-69.020004,181.615003,-134.609997
12.280,4.747669,-4.707752,-1.025526,-69.020004,181.615003,-134.609997
12.290,4.747669,-4.707752,-1.025526,-69.020004,181.615003,-134.609997
12.300,4.747669,-4.707752,-1.025526,-69.020004,181.615003,-134.609997
12.310,4.747669,-4.707752,-1.025526,-69.020004,181.615003,-134.609997
12.320,4.747669,-4.707752,-1.025526,-69.020004,181.615003,-134.609997
12.330,-5.223217,0.738729,6.228109,-69.020004,181.615003,-134.609997
12.340,-5.223217,0.738729,6.228109,-69.020004,181.615003,-134.609997
12.350,-5.223217,0.738729,6.228109,-69.020004,181.615003,-134.609997
12.360,-5.223217,0.738729,6.228109,-69.020004,181.615003,-134.609997
12.370,-5.223217,0.738729,6.228109,-69.020004,181.615003,-134.609997
12.380,-5.223217,0.738729,6.228109,-69.020004,181.615003,-134.609997
12.390,-5.223217,0.738729,6.228109,-69.020004,181.615003,-134.609997
12.400,-5.223217,0.738729,6.228109,-69.020004,181.615003,-134.609997
12.410,-5.223217,0.738729,6.228109,339.640008,223.824999,19.810001
12.420,-5.223217,0.738729,6.228109,339.640008,223.824999,19.810001
12.430,-5.223217,0.738729,6.228109,339.640008,223.824999,19.810001
12.440,-5.223217,0.738729,6.228109,339.640008,223.824999,19.810001
12.450,-5.223217,0.738729,6.228109,339.640008,223.824999,19.810001
12.460,-5.223217,0.738729,6.228109,339.640008,223.824999,19.810001
12.470,-5.223217,0.738729,6.228109,339.640008,223.824999,19.810001
12.480,-5.223217,0.738729,6.228109,339.640008,223.824999,19.810001
12.490,-0.566202,1.048754,-5.950395,339.640008,223.824999,19.810001
12.500,-0.566202,1.048754,-5.950395,339.640008,223.824999,19.810001
12.510,-0.566202,1.048754,-5.950395,339.640008,223.824999,19.810001
12.520,-0.566202,1.048754,-5.950395,339.640008,223.824999,19.810001
12.530,-0.566202,1.048754,-5.950395,339.640008,223.824999,19.810001
12.540,-0.566202,1.048754,-5.950395,339.640008,223.824999,19.810001
12.550,-0.566202,1.048754,-5.950395,339.640008,223.824999,19.810001
12.560,-0.566202,1.048754,-5.950395,339.640008,223.824999,19.810001
12.570,-0.566202,1.048754,-5.950395,343.944995,-186.899999,288.050005
12.580,-0.566202,1.048754,-5.950395,343.944995,-186.899999,288.050005
12.590,-0.566202,1.048754,-5.950395,343.944995,-186.899999,288.050005
12.600,-0.566202,1.048754,-5.950395,343.944995,-186.899999,288.050005
12.610,-0.566202,1.048754,-5.950395,343.944995,-186.899999,288.050005
12.620,-0.566202,1.048754,-5.950395,343.944995,-186.899999,288.050005
12.630,-0.566202,1.048754,-5.950395,343.944995,-186.899999,288.050005
12.640,-0.566202,1.048754,-5.950395,343.944995,-186.899999,288.050005
12.650,6.045859,2.633697,1.232849,343.944995,-186.899999,288.050005
12.660,6.045859,2.633697,1.232849,343.944995,-186.899999,288.050005
12.670,6.045859,2.633697,1.232849,343.944995,-186.899999,288.050005
12.680,6.045859,2.633697,1.232849,343.944995,-186.899999,288.050005
12.690,6.045859,2.633697,1.232849,343.944995,-186.899999,288.050005
12.700,6.045859,2.633697,1.232849,343.944995,-186.899999,288.050005
12.710,6.045859,2.633697,1.232849,343.944995,-186.899999,288.050005
12.720,6.045859,2.633697,1.232849,343.944995,-186.899999,288.050005
12.730,6.045859,2.633697,1.232849,198.029997,63.804998,135.100008
12.740,6.045859,2.633697,1.232849,198.029997,63.804998,135.100008
12.750,6.045859,2.633697,1.232849,198.029997,63.804998,135.100008
12.760,6.045859,2.633697,1.232849,198.029997,63.804998,135.100008
12.770,6.045859,2.633697,1.232849,198.029997,63.804998,135.100008
12.780,6.045859,2.633697,1.232849,198.029997,63.804998,135.100008
12.790,6.045859,2.633697,1.232849,198.029997,63.804998,135.100008
12.800,6.045859,2.633697,1.232849,198.029997,63.804998,135.100008
12.810,5.780961,4.757818,7.776235,198.029997,63.804998,135.100008
12.820,5.780961,4.757818,7.776235,198.029997,63.804998,135.100008
12.830,5.780961,4.757818,7.776235,198.029997,63.804998,135.100008
12.840,5.780961,4.757818,7.776235,198.029997,63.804998,135.100008
12.850,5.780961,4.757818,7.776235,198.029997,63.804998,135.100008
12.860,5.780961,4.757818,7.776235,198.029997,63.804998,135.100008
12.870,5.780961,4.757818,7.776235,198.029997,63.804998,135.100008
12.880,5.780961,4.757818,7.776235,198.029997,63.804998,135.100008
12.890,5.780961,4.757818,7.776235,76.860003,-5.915000,-20.370001
12.900,5.780961,4.757818,7.776235,76.860003,-5.915000,-20.370001
12.910,5.780961,4.757818,7.776235,76.860003,-5.915000,-20.370001
12.920,5.780961,4.757818,7.776235,76.860003,-5.915000,-20.370001
12.930,5.780961,4.757818,7.776235,76.860003,-5.915000,-20.370001
12.940,5.780961,4.757818,7.776235,76.860003,-5.915000,-20.370001
12.950,5.780961,4.757818,7.776235,76.860003,-5.915000,-20.370001
12.960,5.780961,4.757818,7.776235,76.860003,-5.915000,-20.370001
12.970,1.140726,7.543124,-1.373419,76.860003,-5.915000,-20.370001
12.980,1.140726,7.543124,-1.373419,76.860003,-5.915000,-20.370001
12.990,1.140726,7.543124,-1.373419,76.860003,-5.915000,-20.370001
13.000,1.140726,7.543124,-1.373419,76.860003,-5.915000,-20.370001
13.010,1.140726,7.543124,-1.373419,76.860003,-5.915000,-20.370001
13.020,1.140726,7.543124,-1.373419,76.860003,-5.915000,-20.370001
13.030,1.140726,7.543124,-1.373419,76.860003,-5.915000,-20.370001
13.040,1.140726,7.543124,-1.373419,76.860003,-5.915000,-20.370001
13.050,1.140726,7.543124,-1.373419,-27.825001,87.535001,-28.350000
13.060,1.140726,7.543124,-1.373419,-27.825001,87.535001,-28.350000
13.070,1.140726,7.543124,-1.373419,-27.825001,87.535001,-28.350000
13.080,1.140726,7.543124,-1.373419,-27.825001,87.535001,-28.350000
13.090,1.140726,7.543124,-1.373419,-27.825001,87.535001,-28.350000
13.100,1.140726,7.543124,-1.373419,-27.825001,87.535001,-28.350000
13.110,1.140726,7.543124,-1.373419,-27.825001,87.535001,-28.350000
13.120,1.140726,7.543124,-1.373419,-27.825001,87.535001,-28.350000
13.130,-2.948788,6.111114,-4.102022,-27.825001,87.535001,-28.350000
13.140,-2.948788,6.111114,-4.102022,-27.825001,87.535001,-28.350000
13.150,-2.948788,6.111114,-4.102022,-27.825001,87.535001,-28.350000
13.160,-2.948788,6.111114,-4.102022,-27.825001,87.535001,-28.350000
13.170,-2.948788,6.111114,-4.102022,-27.825001,87.535001,-28.350000
13.180,-2.948788,6.111114,-4.102022,-27.825001,87.535001,-28.350000
13.190,-2.948788,6.111114,-4.102022,-27.825001,87.535001,-28.350000
13.200,-2.948788,6.111114,-4.102022,-27.825001,87.535001,-28.350000
13.210,-2.948788,6.111114,-4.102022,-130.200003,20.475000,71.540002
13.220,-2.948788,6.111114,-4.102022,-130.200003,20.475000,71.540002
13.230,-2.948788,6.111114,-4.102022,-130.200003,20.475000,71.540002
13.240,-2.948788,6.111114,-4.102022,-130.200003,20.475000,71.540002
13.250,-2.948788,6.111114,-4.102022,-130.200003,20.475000,71.540002
13.260,-2.948788,6.111114,-4.102022,-130.200003,20.475000,71.540002
13.270,-2.948788,6.111114,-4.102022,-130.200003,20.475000,71.540002
13.280,-2.948788,6.111114,-4.102022,-130.200003,20.475000,71.540002
13.290,-0.610305,-4.902436,0.972400,-130.200003,20.475000,71.540002
13.300,-0.610305,-4.902436,0.972400,-130.200003,20.475000,71.540002
13.310,-0.610305,-4.902436,0.972400,-130.200003,20.475000,71.540002
13.320,-0.610305,-4.902436,0.972400,-130.200003,20.475000,71.540002
13.330,-0.610305,-4.902436,0.972400,-130.200003,20.475000,71.540002
13.340,-0.610305,-4.902436,0.972400,-130.200003,20.475000,71.540002
13.350,-0.610305,-4.902436,0.972400,-130.200003,20.475000,71.540002
13.360,-0.610305,-4.902436,0.972400,-130.200003,20.475000,71.540002
13.370,-0.610305,-4.902436,0.972400,-184.904996,85.084998,-6.720000
13.380,-0.610305,-4.902436,0.972400,-184.904996,85.084998,-6.720000
13.390,-0.610305,-4.902436,0.972400,-184.904996,85.084998,-6.720000
13.400,-0.610305,-4.902436,0.972400,-184.904996,85.084998,-6.720000
13.410,-0.610305,-4.902436,0.972400,-184.904996,85.084998,-6.720000
13.420,-0.610305,-4.902436,0.972400,-184.904996,85.084998,-6.720000
13.430,-0.610305,-4.902436,0.972400,-184.904996,85.084998,-6.720000
13.440,-0.610305,-4.902436,0.972400,-184.904996,85.084998,-6.720000
13.450,-3.512600,-6.557487,4.817417,-184.904996,85.084998,-6.720000
13.460,-3.512600,-6.557487,4.817417,-184.904996,85.084998,-6.720000
13.470,-3.512600,-6.557487,4.817417,-184.904996,85.084998,-6.720000
13.480,-3.512600,-6.557487,4.817417,-184.904996,85.084998,-6.720000
13.490,-3.512600,-6.557487,4.817417,-184.904996,85.084998,-6.720000
13.500,-3.512600,-6.557487,4.817417,-184.904996,85.084998,-6.720000
13.510,-3.512600,-6.557487,4.817417,-184.904996,85.084998,-6.720000
13.520,-3.512600,-6.557487,4.817417,-184.904996,85.084998,-6.720000
13.530,-3.512600,-6.557487,4.817417,-166.950000,45.010001,-51.870000
13.540,-3.512600,-6.557487,4.817417,-166.950000,45.010001,-51.870000
13.550,-3.512600,-6.557487,4.817417,-166.950000,45.010001,-51.870000
13.560,-3.512600,-6.557487,4.817417,-166.950000,45.010001,-51.870000
13.570,-3.512600,-6.557487,4.817417,-166.950000,45.010001,-51.870000
13.580,-3.512600,-6.557487,4.817417,-166.950000,45.010001,-51.870000
13.590,-3.512600,-6.557487,4.817417,-166.950000,45.010001,-51.870000
13.600,-1.814092,-5.617568,-2.166047,-166.950000,45.010001,-51.870000
13.610,-1.814092,-5.617568,-2.166047,-166.950000,45.010001,-51.870000
13.620,-1.814092,-5.617568,-2.166047,-166.950000,45.010001,-51.870000
13.630,-1.814092,-5.617568,-2.166047,-166.950000,45.010001,-51.870000
13.640,-1.814092,-5.617568,-2.166047,-166.950000,45.010001,-51.870000
13.650,-1.814092,-5.617568,-2.166047,-166.950000,45.010001,-51.870000
13.660,-1.814092,-5.617568,-2.166047,-166.950000,45.010001,-51.870000
13.670,-1.814092,-5.617568,-2.166047,-166.950000,45.010001,-51.870000
13.680,-1.814092,-5.617568,-2.166047,-211.715005,124.775002,-91.314998
13.690,-1.814092,-5.617568,-2.166047,-211.715005,124.775002,-91.314998
13.700,-1.814092,-5.617568,-2.166047,-211.715005,124.775002,-91.314998
13.710,-1.814092,-5.617568,-2.166047,-211.715005,124.775002,-91.314998
13.720,-1.814092,-5.617568,-2.166047,-211.715005,124.775002,-91.314998
13.730,-1.814092,-5.617568,-2.166047,-211.715005,124.775002,-91.314998
13.740,-1.814092,-5.617568,-2.166047,-211.715005,124.775002,-91.314998
13.750,-1.814092,-5.617568,-2.166047,-211.715005,124.775002,-91.314998
13.760,-2.391716,-7.158323,-6.890906,-211.715005,124.775002,-91.314998
13.770,-2.391716,-7.158323,-6.890906,-211.715005,124.775002,-91.314998
13.780,-2.391716,-7.158323,-6.890906,-211.715005,124.775002,-91.314998
13.790,-2.391716,-7.158323,-6.890906,-211.715005,124.775002,-91.314998
13.800,-2.391716,-7.158323,-6.890906,-211.715005,124.775002,-91.314998
13.810,-2.391716,-7.158323,-6.890906,-211.715005,124.775002,-91.314998
13.820,-2.391716,-7.158323,-6.890906,-211.715005,124.775002,-91.314998
13.830,-2.391716,-7.158323,-6.890906,-211.715005,124.775002,-91.314998
13.840,-2.391716,-7.158323,-6.890906,-211.715005,124.775002,-91.314998
13.850,-2.391716,-7.158323,-6.890906,-192.500003,129.604998,-102.690002
13.860,-2.391716,-7.158323,-6.890906,-192.500003,129.604998,-102.690002
13.870,-2.391716,-7.158323,-6.890906,-192.500003,129.604998,-102.690002
13.880,-2.391716,-7.158323,-6.890906,-192.500003,129.604998,-102.690002
13.890,-2.391716,-7.158323,-6.890906,-192.500003,129.604998,-102.690002
13.900,-2.391716,-7.158323,-6.890906,-192.500003,129.604998,-102.690002
13.910,-2.391716,-7.158323,-6.890906,-192.500003,129.604998,-102.690002
13.920,-2.391716,-7.158323,-6.890906,-192.500003,129.604998,-102.690002
13.930,0.831340,0.952207,14.288281,-192.500003,129.604998,-102.690002
13.940,0.831340,0.952207,14.288281,-192.500003,129.604998,-102.690002
13.950,0.831340,0.952207,14.288281,-192.500003,129.604998,-102.690002
13.960,0.831340,0.952207,14.288281,-192.500003,129.604998,-102.690002
13.970,0.831340,0.952207,14.288281,-192.500003,129.604998,-102.690002
13.980,0.831340,0.952207,14.288281,-192.500003,129.604998,-102.690002
13.990,0.831340,0.952207,14.288281,-192.500003,129.604998,-102.690002
14.000,0.831340,0.952207,14.288281,-192.500003,129.604998,-102.690002
14.010,0.831340,0.952207,14.288281,331.274994,253.329995,-30.415000
14.020,0.831340,0.952207,14.288281,331.274994,253.329995,-30.415000
14.030,0.831340,0.952207,14.288281,331.274994,253.329995,-30.415000
14.040,0.831340,0.952207,14.288281,331.274994,253.329995,-30.415000
14.050,0.831340,0.952207,14.288281,331.274994,253.329995,-30.415000
14.060,0.831340,0.952207,14.288281,331.274994,253.329995,-30.415000
14.070,0.831340,0.952207,14.288281,331.274994,253.329995,-30.415000
14.080,-7.199401,-1.090389,-7.533368,331.274994,253.329995,-30.415000
14.090,-7.199401,-1.090389,-7.533368,331.274994,253.329995,-30.415000
14.100,-7.199401,-1.090389,-7.533368,331.274994,253.329995,-30.415000
14.110,-7.199401,-1.090389,-7.533368,331.274994,253.329995,-30.415000
14.120,-7.199401,-1.090389,-7.533368,331.274994,253.329995,-30.415000
14.130,-7.199401,-1.090389,-7.533368,331.274994,253.329995,-30.415000
14.140,-7.199401,-1.090389,-7.533368,331.274994,253.329995,-30.415000
14.150,-7.199401,-1.090389,-7.533368,331.274994,253.329995,-30.415000
14.160,-7.199401,-1.090389,-7.533368,362.600017,-193.585005,301.700001
14.170,-7.199401,-1.090389,-7.533368,362.600017,-193.585005,301.700001
14.180,-7.199401,-1.090389,-7.533368,362.600017,-193.585005,301.700001
14.190,-7.199401,-1.090389,-7.533368,362.600017,-193.585005,301.700001
14.200,-7.199401,-1.090389,-7.533368,362.600017,-193.585005,301.700001
14.210,-7.199401,-1.090389,-7.533368,362.600017,-193.585005,301.700001
14.220,-7.199401,-1.090389,-7.533368,362.600017,-193.585005,301.700001
14.230,-7.199401,-1.090389,-7.533368,362.600017,-193.585005,301.700001
14.240,3.909223,4.933149,-2.814633,362.600017,-193.585005,301.700001
14.250,3.909223,4.933149,-2.814633,362.600017,-193.585005,301.700001
14.260,3.909223,4.933149,-2.814633,362.600017,-193.585005,301.700001
14.270,3.909223,4.933149,-2.814633,362.600017,-193.585005,301.700001
14.280,3.909223,4.933149,-2.814633,362.600017,-193.585005,301.700001
14.290,3.909223,4.933149,-2.814633,362.600017,-193.585005,301.700001
14.300,3.909223,4.933149,-2.814633,362.600017,-193.585005,301.700001
14.310,3.909223,4.933149,-2.814633,362.600017,-193.585005,301.700001
14.320,3.909223,4.933149,-2.814633,167.649998,-11.865000,154.314997
14.330,3.909223,4.933149,-2.814633,167.649998,-11.865000,154.314997
14.340,3.909223,4.933149,-2.814633,167.649998,-11.865000,154.314997
14.350,3.909223,4.933149,-2.814633,167.649998,-11.865000,154.314997
14.360,3.909223,4.933149,-2.814633,167.649998,-11.865000,154.314997
14.370,3.909223,4.933149,-2.814633,167.649998,-11.865000,154.314997
14.380,3.909223,4.933149,-2.814633,167.649998,-11.865000,154.314997
14.390,3.909223,4.933149,-2.814633,167.649998,-11.865000,154.314997
14.400,8.835155,2.557882,8.436010,167.649998,-11.865000,154.314997
14.410,8.835155,2.557882,8.436010,167.649998,-11.865000,154.314997
14.420,8.835155,2.557882,8.436010,167.649998,-11.865000,154.314997
14.430,8.835155,2.557882,8.436010,167.649998,-11.865000,154.314997
14.440,8.835155,2.557882,8.436010,167.649998,-11.865000,154.314997
14.450,8.835155,2.557882,8.436010,167.649998,-11.865000,154.314997
14.460,8.835155,2.557882,8.436010,167.649998,-11.865000,154.314997
14.470,8.835155,2.557882,8.436010,167.649998,-11.865000,154.314997
14.480,8.835155,2.557882,8.436010,167.649998,-11.865000,154.314997
14.490,8.835155,2.557882,8.436010,76.230000,-24.780000,-27.160000
14.500,8.835155,2.557882,8.436010,76.230000,-24.780000,-27.160000
14.510,8.835155,2.557882,8.436010,76.230000,-24.780000,-27.160000
14.520,8.835155,2.557882,8.436010,76.230000,-24.780000,-27.160000
14.530,8.835155,2.557882,8.436010,76.230000,-24.780000,-27.160000
14.540,8.835155,2.557882,8.436010,76.230000,-24.780000,-27.160000
14.550,8.835155,2.557882,8.436010,76.230000,-24.780000,-27.160000
14.560,8.835155,2.557882,8.436010,76.230000,-24.780000,-27.160000
14.570,4.813744,5.530348,-0.326537,76.230000,-24.780000,-27.160000
14.580,4.813744,5.530348,-0.326537,76.230000,-24.780000,-27.160000
14.590,4.813744,5.530348,-0.326537,76.230000,-24.780000,-27.160000
14.600,4.813744,5.530348,-0.326537,76.230000,-24.780000,-27.160000
14.610,4.813744,5.530348,-0.326537,76.230000,-24.780000,-27.160000
14.620,4.813744,5.530348,-0.326537,76.230000,-24.780000,-27.160000
14.630,4.813744,5.530348,-0.326537,76.230000,-24.780000,-27.160000
14.640,4.813744,5.530348,-0.326537,76.230000,-24.780000,-27.160000
14.650,4.813744,5.530348,-0.326537,17.780000,27.195001,-70.909999
14.660,4.813744,5.530348,-0.326537,17.780000,27.195001,-70.909999
14.670,4.813744,5.530348,-0.326537,17.780000,27.195001,-70.909999
14.680,4.813744,5.530348,-0.326537,17.780000,27.195001,-70.909999
14.690,4.813744,5.530348,-0.326537,17.780000,27.195001,-70.909999
14.700,4.813744,5.530348,-0.326537,17.780000,27.195001,-70.909999
14.710,4.813744,5.530348,-0.326537,17.780000,27.195001,-70.909999
14.720,4.813744,5.530348,-0.326537,17.780000,27.195001,-70.909999
14.730,-0.782264,8.829610,-5.457605,17.780000,27.195001,-70.909999
14.740,-0.782264,8.829610,-5.457605,17.780000,27.195001,-70.909999
14.750,-0.782264,8.829610,-5.457605,17.780000,27.195001,-70.909999
14.760,-0.782264,8.829610,-5.457605,17.780000,27.195001,-70.909999
14.770,-0.782264,8.829610,-5.457605,17.780000,27.195001,-70.909999
14.780,-0.782264,8.829610,-5.457605,17.780000,27.195001,-70.909999
14.790,-0.782264,8.829610,-5.457605,17.780000,27.195001,-70.909999
14.800,-0.782264,8.829610,-5.457605,17.780000,27.195001,-70.909999
14.810,-0.782264,8.829610,-5.457605,-67.514999,67.375001,10.570000
14.820,-0.782264,8.829610,-5.457605,-67.514999,67.375001,10.570000
14.830,-0.782264,8.829610,-5.457605,-67.514999,67.375001,10.570000
14.840,-0.782264,8.829610,-5.457605,-67.514999,67.375001,10.570000
14.850,-0.782264,8.829610,-5.457605,-67.514999,67.375001,10.570000
14.860,-0.782264,8.829610,-5.457605,-67.514999,67.375001,10.570000
14.870,-0.782264,8.829610,-5.457605,-67.514999,67.375001,10.570000
14.880,-0.374899,-0.653303,-0.742220,-67.514999,67.375001,10.570000
14.890,-0.374899,-0.653303,-0.742220,-67.514999,67.375001,10.570000
14.900,-0.374899,-0.653303,-0.742220,-67.514999,67.375001,10.570000
14.910,-0.374899,-0.653303,-0.742220,-67.514999,67.375001,10.570000
14.920,-0.374899,-0.653303,-0.742220,-67.514999,67.375001,10.570000
14.930,-0.374899,-0.653303,-0.742220,-67.514999,67.375001,10.570000
14.940,-0.374899,-0.653303,-0.742220,-67.514999,67.375001,10.570000
14.950,-0.374899,-0.653303,-0.742220,-67.514999,67.375001,10.570000
14.960,-0.374899,-0.653303,-0.742220,-144.829995,56.665001,57.400001
14.970,-0.374899,-0.653303,-0.742220,-144.829995,56.665001,57.400001
14.980,-0.374899,-0.653303,-0.742220,-144.829995,56.665001,57.400001
14.990,-0.374899,-0.653303,-0.742220,-144.829995,56.665001,57.400001
15.000,-0.374899,-0.653303,-0.742220,-144.829995,56.665001,57.400001
15.010,-0.374899,-0.653303,-0.742220,-144.829995,56.665001,57.400001
15.020,-0.374899,-0.653303,-0.742220,-144.829995,56.665001,57.400001
15.030,-0.374899,-0.653303,-0.742220,-144.829995,56.665001,57.400001
15.040,-2.866503,-6.875896,0.884883,-144.829995,56.665001,57.400001
15.050,-2.866503,-6.875896,0.884883,-144.829995,56.665001,57.400001
15.060,-2.866503,-6.875896,0.884883,-144.829995,56.665001,57.400001
15.070,-2.866503,-6.875896,0.884883,-144.829995,56.665001,57.400001
15.080,-2.866503,-6.875896,0.884883,-144.829995,56.665001,57.400001
15.090,-2.866503,-6.875896,0.884883,-144.829995,56.665001,57.400001
15.100,-2.866503,-6.875896,0.884883,-144.829995,56.665001,57.400001
15.110,-2.866503,-6.875896,0.884883,-144.829995,56.665001,57.400001
15.120,-2.866503,-6.875896,0.884883,-144.829995,56.665001,57.400001
15.130,-2.866503,-6.875896,0.884883,-204.750001,54.950002,-7.105000
15.140,-2.866503,-6.875896,0.884883,-204.750001,54.950002,-7.105000
15.150,-2.866503,-6.875896,0.884883,-204.750001,54.950002,-7.105000
15.160,-2.866503,-6.875896,0.884883,-204.750001,54.950002,-7.105000
15.170,-2.866503,-6.875896,0.884883,-204.750001,54.950002,-7.105000
15.180,-2.866503,-6.875896,0.884883,-204.750001,54.950002,-7.105000
15.190,-2.866503,-6.875896,0.884883,-204.750001,54.950002,-7.105000
15.200,-2.866503,-6.875896,0.884883,-204.750001,54.950002,-7.105000
15.210,-3.764200,-9.415716,-0.138684,-204.750001,54.950002,-7.105000
15.220,-3.764200,-9.415716,-0.138684,-204.750001,54.950002,-7.105000
15.230,-3.764200,-9.415716,-0.138684,-204.750001,54.950002,-7.105000
15.240,-3.764200,-9.415716,-0.138684,-204.750001,54.950002,-7.105000
15.250,-3.764200,-9.415716,-0.138684,-204.750001,54.950002,-7.105000
15.260,-3.764200,-9.415716,-0.138684,-204.750001,54.950002,-7.105000
15.270,-3.764200,-9.415716,-0.138684,-204.750001,54.950002,-7.105000
15.280,-3.764200,-9.415716,-0.138684,-204.750001,54.950002,-7.105000
15.290,-3.764200,-9.415716,-0.138684,-223.755003,144.690003,-97.825002
15.300,-3.764200,-9.415716,-0.138684,-223.755003,144.690003,-97.825002
15.310,-3.764200,-9.415716,-0.138684,-223.755003,144.690003,-97.825002
15.320,-3.764200,-9.415716,-0.138684,-223.755003,144.690003,-97.825002
15.330,-3.764200,-9.415716,-0.138684,-223.755003,144.690003,-97.825002
15.340,-3.764200,-9.415716,-0.138684,-223.755003,144.690003,-97.825002
15.350,-3.764200,-9.415716,-0.138684,-223.755003,144.690003,-97.825002
15.360,-3.764200,-9.415716,-0.138684,-223.755003,144.690003,-97.825002
15.370,-3.873273,-4.044699,-2.911205,-223.755003,144.690003,-97.825002
15.380,-3.873273,-4.044699,-2.911205,-223.755003,144.690003,-97.825002
15.390,-3.873273,-4.044699,-2.911205,-223.755003,144.690003,-97.825002
15.400,-3.873273,-4.044699,-2.911205,-223.755003,144.690003,-97.825002
15.410,-3.873273,-4.044699,-2.911205,-223.755003,144.690003,-97.825002
15.420,-3.873273,-4.044699,-2.911205,-223.755003,144.690003,-97.825002
15.430,-3.873273,-4.044699,-2.911205,-223.755003,144.690003,-97.825002
15.440,-3.873273,-4.044699,-2.911205,-223.755003,144.690003,-97.825002
15.450,-3.873273,-4.044699,-2.911205,-207.025001,120.784997,-115.885006
15.460,-3.873273,-4.044699,-2.911205,-207.025001,120.784997,-115.885006
15.470,-3.873273,-4.044699,-2.911205,-207.025001,120.784997,-115.885006
15.480,-3.873273,-4.044699,-2.911205,-207.025001,120.784997,-115.885006
15.490,-3.873273,-4.044699,-2.911205,-207.025001,120.784997,-115.885006
15.500,-3.873273,-4.044699,-2.911205,-207.025001,120.784997,-115.885006
15.510,-3.873273,-4.044699,-2.911205,-207.025001,120.784997,-115.885006
15.520,-3.873273,-4.044699,-2.911205,-207.025001,120.784997,-115.885006
15.530,9.990962,0.476211,6.211632,-207.025001,120.784997,-115.885006
15.540,9.990962,0.476211,6.211632,-207.025001,120.784997,-115.885006
15.550,9.990962,0.476211,6.211632,-207.025001,120.784997,-115.885006
15.560,9.990962,0.476211,6.211632,-207.025001,120.784997,-115.885006
15.570,9.990962,0.476211,6.211632,-207.025001,120.784997,-115.885006
15.580,9.990962,0.476211,6.211632,-207.025001,120.784997,-115.885006
15.590,9.990962,0.476211,6.211632,-207.025001,120.784997,-115.885006
15.600,9.990962,0.476211,6.211632,-207.025001,120.784997,-115.885006
15.610,9.990962,0.476211,6.211632,31.570002,217.069996,-165.725005
15.620,9.990962,0.476211,6.211632,31.570002,217.069996,-165.725005
15.630,9.990962,0.476211,6.211632,31.570002,217.069996,-165.725005
15.640,9.990962,0.476211,6.211632,31.570002,217.069996,-165.725005
15.650,9.990962,0.476211,6.211632,31.570002,217.069996,-165.725005
15.660,9.990962,0.476211,6.211632,31.570002,217.069996,-165.725005
15.670,9.990962,0.476211,6.211632,31.570002,217.069996,-165.725005
15.680,9.990962,0.476211,6.211632,31.570002,217.069996,-165.725005
15.690,-8.732167,3.388086,0.328385,31.570002,217.069996,-165.725005
15.700,-8.732167,3.388086,0.328385,31.570002,217.069996,-165.725005
15.710,-8.732167,3.388086,0.328385,31.570002,217.069996,-165.725005
15.720,-8.732167,3.388086,0.328385,31.570002,217.069996,-165.725005
15.730,-8.732167,3.388086,0.328385,31.570002,217.069996,-165.725005
15.740,-8.732167,3.388086,0.328385,31.570002,217.069996,-165.725005
15.750,-8.732167,3.388086,0.328385,31.570002,217.069996,-165.725005
15.760,-8.732167,3.388086,0.328385,31.570002,217.069996,-165.725005
15.770,-8.732167,3.388086,0.328385,321.264996,-21.490000,232.400001
15.780,-8.732167,3.388086,0.328385,321.264996,-21.490000,232.400001
15.790,-8.732167,3.388086,0.328385,321.264996,-21.490000,232.400001
15.800,-8.732167,3.388086,0.328385,321.264996,-21.490000,232.400001
15.810,-8.732167,3.388086,0.328385,321.264996,-21.490000,232.400001
15.820,-8.732167,3.388086,0.328385,321.264996,-21.490000,232.400001
15.830,-8.732167,3.388086,0.328385,321.264996,-21.490000,232.400001
15.840,-8.732167,3.388086,0.328385,321.264996,-21.490000,232.400001
15.850,-0.877646,0.258806,-6.084799,321.264996,-21.490000,232.400001
15.860,-0.877646,0.258806,-6.084799,321.264996,-21.490000,232.400001
15.870,-0.877646,0.258806,-6.084799,321.264996,-21.490000,232.400001
15.880,-0.877646,0.258806,-6.084799,321.264996,-21.490000,232.400001
15.890,-0.877646,0.258806,-6.084799,321.264996,-21.490000,232.400001
15.900,-0.877646,0.258806,-6.084799,321.264996,-21.490000,232.400001
15.910,-0.877646,0.258806,-6.084799,321.264996,-21.490000,232.400001
15.920,-0.877646,0.258806,-6.084799,321.264996,-21.490000,232.400001
15.930,-0.877646,0.258806,-6.084799,256.899998,-46.550000,299.564994
15.940,-0.877646,0.258806,-6.084799,256.899998,-46.550000,299.564994
15.950,-0.877646,0.258806,-6.084799,256.899998,-46.550000,299.564994
15.960,-0.877646,0.258806,-6.084799,256.899998,-46.550000,299.564994
15.970,-0.877646,0.258806,-6.084799,256.899998,-46.550000,299.564994
15.980,-0.877646,0.258806,-6.084799,256.899998,-46.550000,299.564994
15.990,-0.877646,0.258806,-6.084799,256.899998,-46.550000,299.564994
16.000,5.130159,0.940628,1.529467,256.899998,-46.550000,299.564994
16.010,5.130159,0.940628,1.529467,256.899998,-46.550000,299.564994
16.020,5.130159,0.940628,1.529467,256.899998,-46.550000,299.564994
16.030,5.130159,0.940628,1.529467,256.899998,-46.550000,299.564994
16.040,5.130159,0.940628,1.529467,256.899998,-46.550000,299.564994
16.050,5.130159,0.940628,1.529467,256.899998,-46.550000,299.564994
16.060,5.130159,0.940628,1.529467,256.899998,-46.550000,299.564994
16.070,5.130159,0.940628,1.529467,256.899998,-46.550000,299.564994
16.080,5.130159,0.940628,1.529467,256.899998,-46.550000,299.564994
16.090,5.130159,0.940628,1.529467,135.205002,34.300001,80.429999
16.100,5.130159,0.940628,1.529467,135.205002,34.300001,80.429999
16.110,5.130159,0.940628,1.529467,135.205002,34.300001,80.429999
16.120,5.130159,0.940628,1.529467,135.205002,34.300001,80.429999
16.130,5.130159,0.940628,1.529467,135.205002,34.300001,80.429999
16.140,5.130159,0.940628,1.529467,135.205002,34.300001,80.429999
16.150,5.130159,0.940628,1.529467,135.205002,34.300001,80.429999
16.160,5.130159,0.940628,1.529467,135.205002,34.300001,80.429999
16.170,4.713212,1.800205,2.683079,135.205002,34.300001,80.429999
16.180,4.713212,1.800205,2.683079,135.205002,34.300001,80.429999
16.190,4.713212,1.800205,2.683079,135.205002,34.300001,80.429999
16.200,4.713212,1.800205,2.683079,135.205002,34.300001,80.429999
16.210,4.713212,1.800205,2.683079,135.205002,34.300001,80.429999
16.220,4.713212,1.800205,2.683079,135.205002,34.300001,80.429999
16.230,4.713212,1.800205,2.683079,135.205002,34.300001,80.429999
16.240,4.713212,1.800205,2.683079,135.205002,34.300001,80.429999
16.250,4.713212,1.800205,2.683079,48.475000,-11.935000,74.899998
16.260,4.713212,1.800205,2.683079,48.475000,-11.935000,74.899998
16.270,4.713212,1.800205,2.683079,48.475000,-11.935000,74.899998
16.280,4.713212,1.800205,2.683079,48.475000,-11.935000,74.899998
16.290,4.713212,1.800205,2.683079,48.475000,-11.935000,74.899998
16.300,4.713212,1.800205,2.683079,48.475000,-11.935000,74.899998
16.310,4.713212,1.800205,2.683079,48.475000,-11.935000,74.899998
16.320,4.713212,1.800205,2.683079,48.475000,-11.935000,74.899998
16.330,0.914766,5.316856,4.149931,48.475000,-11.935000,74.899998
16.340,0.914766,5.316856,4.149931,48.475000,-11.935000,74.899998
16.350,0.914766,5.316856,4.149931,48.475000,-11.935000,74.899998
16.360,0.914766,5.316856,4.149931,48.475000,-11.935000,74.899998
16.370,0.914766,5.316856,4.149931,48.475000,-11.935000,74.899998
16.380,0.914766,5.316856,4.149931,48.475000,-11.935000,74.899998
16.390,0.914766,5.316856,4.149931,48.475000,-11.935000,74.899998
16.400,0.914766,5.316856,4.149931,48.475000,-11.935000,74.899998
16.410,0.914766,5.316856,4.149931,58.380004,-42.840002,95.305004
16.420,0.914766,5.316856,4.149931,58.380004,-42.840002,95.305004
16.430,0.914766,5.316856,4.149931,58.380004,-42.840002,95.305004
16.440,0.914766,5.316856,4.149931,58.380004,-42.840002,95.305004
16.450,0.914766,5.316856,4.149931,58.380004,-42.840002,95.305004
16.460,0.914766,5.316856,4.149931,58.380004,-42.840002,95.305004
16.470,0.914766,5.316856,4.149931,58.380004,-42.840002,95.305004
16.480,3.164322,6.490627,1.996430,58.380004,-42.840002,95.305004
16.490,3.164322,6.490627,1.996430,58.380004,-42.840002,95.305004
16.500,3.164322,6.490627,1.996430,58.380004,-42.840002,95.305004
16.510,3.164322,6.490627,1.996430,58.380004,-42.840002,95.305004
16.520,3.164322,6.490627,1.996430,58.380004,-42.840002,95.305004
16.530,3.164322,6.490627,1.996430,58.380004,-42.840002,95.305004
16.540,3.164322,6.490627,1.996430,58.380004,-42.840002,95.305004
16.550,3.164322,6.490627,1.996430,58.380004,-42.840002,95.305004
16.560,3.164322,6.490627,1.996430,63.945003,10.675000,78.330003
16.570,3.164322,6.490627,1.996430,63.945003,10.675000,78.330003
16.580,3.164322,6.490627,1.996430,63.945003,10.675000,78.330003
16.590,3.164322,6.490627,1.996430,63.945003,10.675000,78.330003
16.600,3.164322,6.490627,1.996430,63.945003,10.675000,78.330003
16.610,3.164322,6.490627,1.996430,63.945003,10.675000,78.330003
16.620,3.164322,6.490627,1.996430,63.945003,10.675000,78.330003
16.630,3.164322,6.490627,1.996430,63.945003,10.675000,78.330003
16.640,3.164322,6.490627,1.996430,63.945003,10.675000,78.330003
16.650,3.366555,7.473697,0.880799,63.945003,10.675000,78.330003
16.660,3.366555,7.473697,0.880799,63.945003,10.675000,78.330003
16.670,3.366555,7.473697,0.880799,63.945003,10.675000,78.330003
16.680,3.366555,7.473697,0.880799,63.945003,10.675000,78.330003
16.690,3.366555,7.473697,0.880799,63.945003,10.675000,78.330003
16.700,3.366555,7.473697,0.880799,63.945003,10.675000,78.330003
16.710,3.366555,7.473697,0.880799,63.945003,10.675000,78.330003
16.720,3.366555,7.473697,0.880799,43.330000,-17.115001,42.280001
16.730,3.366555,7.473697,0.880799,43.330000,-17.115001,42.280001
16.740,3.366555,7.473697,0.880799,43.330000,-17.115001,42.280001
16.750,3.366555,7.473697,0.880799,43.330000,-17.115001,42.280001
16.760,3.366555,7.473697,0.880799,43.330000,-17.115001,42.280001
16.770,3.366555,7.473697,0.880799,43.330000,-17.115001,42.280001
16.780,3.366555,7.473697,0.880799,43.330000,-17.115001,42.280001
16.790,3.366555,7.473697,0.880799,43.330000,-17.115001,42.280001
16.800,1.452090,6.904077,1.591452,43.330000,-17.115001,42.280001
16.810,1.452090,6.904077,1.591452,43.330000,-17.115001,42.280001
16.820,1.452090,6.904077,1.591452,43.330000,-17.115001,42.280001
16.830,1.452090,6.904077,1.591452,43.330000,-17.115001,42.280001
16.840,1.452090,6.904077,1.591452,43.330000,-17.115001,42.280001
16.850,1.452090,6.904077,1.591452,43.330000,-17.115001,42.280001
16.860,1.452090,6.904077,1.591452,43.330000,-17.115001,42.280001
16.870,1.452090,6.904077,1.591452,43.330000,-17.115001,42.280001
16.880,1.452090,6.904077,1.591452,43.330000,-17.115001,42.280001
16.890,1.452090,6.904077,1.591452,32.864999,-12.915000,-4.515000
16.900,1.452090,6.904077,1.591452,32.864999,-12.915000,-4.515000
16.910,1.452090,6.904077,1.591452,32.864999,-12.915000,-4.515000
16.920,1.452090,6.904077,1.591452,32.864999,-12.915000,-4.515000
16.930,1.452090,6.904077,1.591452,32.864999,-12.915000,-4.515000
16.940,1.452090,6.904077,1.591452,32.864999,-12.915000,-4.515000
16.950,1.452090,6.904077,1.591452,32.864999,-12.915000,-4.515000
16.960,1.452090,6.904077,1.591452,32.864999,-12.915000,-4.515000
