time,ax_filtered,ay_filtered,az_filtered,wx_filtered,wy_filtered,wz_filtered
0.000,1.442267,-5.832275,6.290047,7.035000,-8.855000,-17.885001
0.010,1.442267,-5.832275,6.290047,7.035000,-8.855000,-17.885001
0.020,1.442267,-5.832275,6.290047,7.035000,-8.855000,-17.885001
0.030,1.442267,-5.832275,6.290047,7.035000,-8.855000,-17.885001
0.040,1.442267,-5.832275,6.290047,7.035000,-8.855000,-17.885001
0.050,1.442267,-5.832275,6.290047,7.035000,-8.855000,-17.885001
0.060,1.442267,-5.832275,6.290047,7.035000,-8.855000,-17.885001
0.070,1.442267,-5.832275,6.290047,7.035000,-8.855000,-17.885001
0.080,1.442267,-5.832275,6.290047,7.035000,-8.855000,-17.885001
0.090,1.442267,-5.832275,6.290047,4.760000,0.910000,4.550000
0.100,1.442267,-5.832275,6.290047,4.760000,0.910000,4.550000
0.110,1.442267,-5.832275,6.290047,4.760000,0.910000,4.550000
0.120,1.442267,-5.832275,6.290047,4.760000,0.910000,4.550000
0.130,1.442267,-5.832275,6.290047,4.760000,0.910000,4.550000
0.140,1.442267,-5.832275,6.290047,4.760000,0.910000,4.550000
0.150,1.442267,-5.832275,6.290047,4.760000,0.910000,4.550000
0.160,1.442267,-5.832275,6.290047,4.760000,0.910000,4.550000
0.170,1.442267,-5.832275,6.290047,4.760000,0.910000,4.550000
0.180,1.442267,-5.832275,6.290047,4.760000,0.910000,4.550000
0.190,1.442267,-5.832275,6.290047,4.760000,0.910000,4.550000
0.200,1.442267,-5.832275,6.290047,4.760000,0.910000,4.550000
0.210,1.442267,-5.832275,6.290047,4.760000,0.910000,4.550000
0.220,1.442267,-5.832275,6.290047,4.760000,0.910000,4.550000
0.230,1.442267,-5.832275,6.290047,4.760000,0.910000,4.550000
0.240,1.442267,-5.832275,6.290047,4.760000,0.910000,4.550000
0.250,1.442267,-5.832275,6.290047,4.760000,0.910000,4.550000
0.260,1.442267,-5.832275,6.290047,4.760000,0.910000,4.550000
0.270,1.442267,-5.832275,6.290047,4.760000,0.910000,4.550000
0.280,1.442267,-5.832275,6.290047,4.760000,0.910000,4.550000
0.290,1.442267,-5.832275,6.290047,4.760000,0.910000,4.550000
0.300,1.442267,-5.832275,6.290047,4.760000,0.910000,4.550000
0.310,1.442267,-5.832275,6.290047,4.760000,0.910000,4.550000
0.320,1.442267,-5.832275,6.290047,4.760000,0.910000,4.550000
0.330,-3.820380,-18.937178,-8.049881,4.760000,0.910000,4.550000
0.340,-3.820380,-18.937178,-8.049881,4.760000,0.910000,4.550000
0.350,-3.820380,-18.937178,-8.049881,4.760000,0.910000,4.550000
0.360,-3.820380,-18.937178,-8.049881,4.760000,0.910000,4.550000
0.370,-3.820380,-18.937178,-8.049881,4.760000,0.910000,4.550000
0.380,-3.820380,-18.937178,-8.049881,4.760000,0.910000,4.550000
0.390,-3.820380,-18.937178,-8.049881,4.760000,0.910000,4.550000
0.400,-3.820380,-18.937178,-8.049881,4.760000,0.910000,4.550000
0.410,-3.820380,-18.937178,-8.049881,-353.185011,141.364999,-250.845008
0.420,-3.820380,-18.937178,-8.049881,-353.185011,141.364999,-250.845008
0.430,-3.820380,-18.937178,-8.049881,-353.185011,141.364999,-250.845008
0.440,-3.820380,-18.937178,-8.049881,-353.185011,141.364999,-250.845008
0.450,-3.820380,-18.937178,-8.049881,-353.185011,141.364999,-250.845008
0.460,-3.820380,-18.937178,-8.049881,-353.185011,141.364999,-250.845008
0.470,-3.820380,-18.937178,-8.049881,-353.185011,141.364999,-250.845008
0.480,-3.820380,-18.937178,-8.049881,-353.185011,141.364999,-250.845008
0.490,-4.611577,-34.215250,7.502011,-353.185011,141.364999,-250.845008
0.500,-4.611577,-34.215250,7.502011,-353.185011,141.364999,-250.845008
0.510,-4.611577,-34.215250,7.502011,-353.185011,141.364999,-250.845008
0.520,-4.611577,-34.215250,7.502011,-353.185011,141.364999,-250.845008
0.530,-4.611577,-34.215250,7.502011,-353.185011,141.364999,-250.845008
0.540,-4.611577,-34.215250,7.502011,-353.185011,141.364999,-250.845008
0.550,-4.611577,-34.215250,7.502011,-353.185011,141.364999,-250.845008
0.560,-4.611577,-34.215250,7.502011,-353.185011,141.364999,-250.845008
0.570,-4.611577,-34.215250,7.502011,-402.779998,151.865008,-262.919991
0.580,-4.611577,-34.215250,7.502011,-402.779998,151.865008,-262.919991
0.590,-4.611577,-34.215250,7.502011,-402.779998,151.865008,-262.919991
0.600,-4.611577,-34.215250,7.502011,-402.779998,151.865008,-262.919991
0.610,-4.611577,-34.215250,7.502011,-402.779998,151.865008,-262.919991
0.620,-4.611577,-34.215250,7.502011,-402.779998,151.865008,-262.919991
0.630,-4.611577,-34.215250,7.502011,-402.779998,151.865008,-262.919991
0.640,-4.611577,-34.215250,7.502011,-402.779998,151.865008,-262.919991
0.650,-6.851523,-1.850009,13.910135,-402.779998,151.865008,-262.919991
0.660,-6.851523,-1.850009,13.910135,-402.779998,151.865008,-262.919991
0.670,-6.851523,-1.850009,13.910135,-402.779998,151.865008,-262.919991
0.680,-6.851523,-1.850009,13.910135,-402.779998,151.865008,-262.919991
0.690,-6.851523,-1.850009,13.910135,-402.779998,151.865008,-262.919991
0.700,-6.851523,-1.850009,13.910135,-402.779998,151.865008,-262.919991
0.710,-6.851523,-1.850009,13.910135,-402.779998,151.865008,-262.919991
0.720,-6.851523,-1.850009,13.910135,-402.779998,151.865008,-262.919991
0.730,-6.851523,-1.850009,13.910135,384.440011,344.610009,7.105000
0.740,-6.851523,-1.850009,13.910135,384.440011,344.610009,7.105000
0.750,-6.851523,-1.850009,13.910135,384.440011,344.610009,7.105000
0.760,-6.851523,-1.850009,13.910135,384.440011,344.610009,7.105000
0.770,-6.851523,-1.850009,13.910135,384.440011,344.610009,7.105000
0.780,-6.851523,-1.850009,13.910135,384.440011,344.610009,7.105000
0.790,-6.851523,-1.850009,13.910135,384.440011,344.610009,7.105000
0.800,-6.851523,-1.850009,13.910135,384.440011,344.610009,7.105000
0.810,0.220812,-0.526157,-12.312084,384.440011,344.610009,7.105000
0.820,0.220812,-0.526157,-12.312084,384.440011,344.610009,7.105000
0.830,0.220812,-0.526157,-12.312084,384.440011,344.610009,7.105000
0.840,0.220812,-0.526157,-12.312084,384.440011,344.610009,7.105000
0.850,0.220812,-0.526157,-12.312084,384.440011,344.610009,7.105000
0.860,0.220812,-0.526157,-12.312084,384.440011,344.610009,7.105000
0.870,0.220812,-0.526157,-12.312084,384.440011,344.610009,7.105000
0.880,0.220812,-0.526157,-12.312084,384.440011,344.610009,7.105000
0.890,0.220812,-0.526157,-12.312084,162.995006,13.335000,331.870013
0.900,0.220812,-0.526157,-12.312084,162.995006,13.335000,331.870013
0.910,0.220812,-0.526157,-12.312084,162.995006,13.335000,331.870013
0.920,0.220812,-0.526157,-12.312084,162.995006,13.335000,331.870013
0.930,0.220812,-0.526157,-12.312084,162.995006,13.335000,331.870013
0.940,0.220812,-0.526157,-12.312084,162.995006,13.335000,331.870013
0.950,0.220812,-0.526157,-12.312084,162.995006,13.335000,331.870013
0.960,0.220812,-0.526157,-12.312084,162.995006,13.335000,331.870013
0.970,6.179392,2.494254,5.735629,162.995006,13.335000,331.870013
0.980,6.179392,2.494254,5.735629,162.995006,13.335000,331.870013
0.990,6.179392,2.494254,5.735629,162.995006,13.335000,331.870013
1.000,6.179392,2.494254,5.735629,162.995006,13.335000,331.870013
1.010,6.179392,2.494254,5.735629,162.995006,13.335000,331.870013
1.020,6.179392,2.494254,5.735629,162.995006,13.335000,331.870013
1.030,6.179392,2.494254,5.735629,162.995006,13.335000,331.870013
1.040,6.179392,2.494254,5.735629,162.995006,13.335000,331.870013
1.050,6.179392,2.494254,5.735629,75.250004,-29.155001,-7.805000
1.060,6.179392,2.494254,5.735629,75.250004,-29.155001,-7.805000
1.070,6.179392,2.494254,5.735629,75.250004,-29.155001,-7.805000
1.080,6.179392,2.494254,5.735629,75.250004,-29.155001,-7.805000
1.090,6.179392,2.494254,5.735629,75.250004,-29.155001,-7.805000
1.100,6.179392,2.494254,5.735629,75.250004,-29.155001,-7.805000
1.110,6.179392,2.494254,5.735629,75.250004,-29.155001,-7.805000
1.120,6.179392,2.494254,5.735629,75.250004,-29.155001,-7.805000
1.130,11.053516,4.408759,9.673787,75.250004,-29.155001,-7.805000
1.140,11.053516,4.408759,9.673787,75.250004,-29.155001,-7.805000
1.150,11.053516,4.408759,9.673787,75.250004,-29.155001,-7.805000
1.160,11.053516,4.408759,9.673787,75.250004,-29.155001,-7.805000
1.170,11.053516,4.408759,9.673787,75.250004,-29.155001,-7.805000
1.180,11.053516,4.408759,9.673787,75.250004,-29.155001,-7.805000
1.190,11.053516,4.408759,9.673787,75.250004,-29.155001,-7.805000
1.200,11.053516,4.408759,9.673787,75.250004,-29.155001,-7.805000
1.210,11.053516,4.408759,9.673787,32.655001,83.369999,-158.340000
1.220,11.053516,4.408759,9.673787,32.655001,83.369999,-158.340000
1.230,11.053516,4.408759,9.673787,32.655001,83.369999,-158.340000
1.240,11.053516,4.408759,9.673787,32.655001,83.369999,-158.340000
1.250,11.053516,4.408759,9.673787,32.655001,83.369999,-158.340000
1.260,11.053516,4.408759,9.673787,32.655001,83.369999,-158.340000
1.270,11.053516,4.408759,9.673787,32.655001,83.369999,-158.340000
1.280,11.053516,4.408759,9.673787,32.655001,83.369999,-158.340000
1.290,-3.585967,6.557109,-7.080121,32.655001,83.369999,-158.340000
1.300,-3.585967,6.557109,-7.080121,32.655001,83.369999,-158.340000
1.310,-3.585967,6.557109,-7.080121,32.655001,83.369999,-158.340000
1.320,-3.585967,6.557109,-7.080121,32.655001,83.369999,-158.340000
1.330,-3.585967,6.557109,-7.080121,32.655001,83.369999,-158.340000
1.340,-3.585967,6.557109,-7.080121,32.655001,83.369999,-158.340000
1.350,-3.585967,6.557109,-7.080121,32.655001,83.369999,-158.340000
1.360,-3.585967,6.557109,-7.080121,32.655001,83.369999,-158.340000
1.370,-3.585967,6.557109,-7.080121,-62.615001,53.025002,92.470004
1.380,-3.585967,6.557109,-7.080121,-62.615001,53.025002,92.470004
1.390,-3.585967,6.557109,-7.080121,-62.615001,53.025002,92.470004
1.400,-3.585967,6.557109,-7.080121,-62.615001,53.025002,92.470004
1.410,-3.585967,6.557109,-7.080121,-62.615001,53.025002,92.470004
1.420,-3.585967,6.557109,-7.080121,-62.615001,53.025002,92.470004
1.430,-3.585967,6.557109,-7.080121,-62.615001,53.025002,92.470004
1.440,-3.585967,6.557109,-7.080121,-62.615001,53.025002,92.470004
1.450,0.856605,3.721059,-0.751195,-62.615001,53.025002,92.470004
1.460,0.856605,3.721059,-0.751195,-62.615001,53.025002,92.470004
1.470,0.856605,3.721059,-0.751195,-62.615001,53.025002,92.470004
1.480,0.856605,3.721059,-0.751195,-62.615001,53.025002,92.470004
1.490,0.856605,3.721059,-0.751195,-62.615001,53.025002,92.470004
1.500,0.856605,3.721059,-0.751195,-62.615001,53.025002,92.470004
1.510,0.856605,3.721059,-0.751195,-62.615001,53.025002,92.470004
1.520,0.856605,3.721059,-0.751195,-62.615001,53.025002,92.470004
1.530,0.856605,3.721059,-0.751195,-149.205004,79.345003,68.145002
1.540,0.856605,3.721059,-0.751195,-149.205004,79.345003,68.145002
1.550,0.856605,3.721059,-0.751195,-149.205004,79.345003,68.145002
1.560,0.856605,3.721059,-0.751195,-149.205004,79.345003,68.145002
1.570,0.856605,3.721059,-0.751195,-149.205004,79.345003,68.145002
1.580,0.856605,3.721059,-0.751195,-149.205004,79.345003,68.145002
1.590,0.856605,3.721059,-0.751195,-149.205004,79.345003,68.145002
1.600,0.856605,3.721059,-0.751195,-149.205004,79.345003,68.145002
1.610,-4.447885,-4.259388,-0.694809,-149.205004,79.345003,68.145002
1.620,-4.447885,-4.259388,-0.694809,-149.205004,79.345003,68.145002
1.630,-4.447885,-4.259388,-0.694809,-149.205004,79.345003,68.145002
1.640,-4.447885,-4.259388,-0.694809,-149.205004,79.345003,68.145002
1.650,-4.447885,-4.259388,-0.694809,-149.205004,79.345003,68.145002
1.660,-4.447885,-4.259388,-0.694809,-149.205004,79.345003,68.145002
1.670,-4.447885,-4.259388,-0.694809,-149.205004,79.345003,68.145002
1.680,-4.447885,-4.259388,-0.694809,-149.205004,79.345003,68.145002
1.690,-4.447885,-4.259388,-0.694809,-213.184998,67.130002,-37.310001
1.700,-4.447885,-4.259388,-0.694809,-213.184998,67.130002,-37.310001
1.710,-4.447885,-4.259388,-0.694809,-213.184998,67.130002,-37.310001
1.720,-4.447885,-4.259388,-0.694809,-213.184998,67.130002,-37.310001
1.730,-4.447885,-4.259388,-0.694809,-213.184998,67.130002,-37.310001
1.740,-4.447885,-4.259388,-0.694809,-213.184998,67.130002,-37.310001
1.750,-4.447885,-4.259388,-0.694809,-213.184998,67.130002,-37.310001
1.760,-4.447885,-4.259388,-0.694809,-213.184998,67.130002,-37.310001
1.770,-4.820531,-7.098412,2.336349,-213.184998,67.130002,-37.310001
1.780,-4.820531,-7.098412,2.336349,-213.184998,67.130002,-37.310001
1.790,-4.820531,-7.098412,2.336349,-213.184998,67.130002,-37.310001
1.800,-4.820531,-7.098412,2.336349,-213.184998,67.130002,-37.310001
1.810,-4.820531,-7.098412,2.336349,-213.184998,67.130002,-37.310001
1.820,-4.820531,-7.098412,2.336349,-213.184998,67.130002,-37.310001
1.830,-4.820531,-7.098412,2.336349,-213.184998,67.130002,-37.310001
1.840,-4.820531,-7.098412,2.336349,-213.184998,67.130002,-37.310001
1.850,-4.820531,-7.098412,2.336349,-182.315002,125.825007,-105.244998
1.860,-4.820531,-7.098412,2.336349,-182.315002,125.825007,-105.244998
1.870,-4.820531,-7.098412,2.336349,-182.315002,125.825007,-105.244998
1.880,-4.820531,-7.098412,2.336349,-182.315002,125.825007,-105.244998
1.890,-4.820531,-7.098412,2.336349,-182.315002,125.825007,-105.244998
1.900,-4.820531,-7.098412,2.336349,-182.315002,125.825007,-105.244998
1.910,-4.820531,-7.098412,2.336349,-182.315002,125.825007,-105.244998
1.920,-4.820531,-7.098412,2.336349,-182.315002,125.825007,-105.244998
1.930,-1.517769,-2.524129,-4.798294,-182.315002,125.825007,-105.244998
1.940,-1.517769,-2.524129,-4.798294,-182.315002,125.825007,-105.244998
1.950,-1.517769,-2.524129,-4.798294,-182.315002,125.825007,-105.244998
1.960,-1.517769,-2.524129,-4.798294,-182.315002,125.825007,-105.244998
1.970,-1.517769,-2.524129,-4.798294,-182.315002,125.825007,-105.244998
1.980,-1.517769,-2.524129,-4.798294,-182.315002,125.825007,-105.244998
1.990,-1.517769,-2.524129,-4.798294,-182.315002,125.825007,-105.244998
2.000,-1.517769,-2.524129,-4.798294,-182.315002,125.825007,-105.244998
2.010,-1.517769,-2.524129,-4.798294,-140.350006,117.040004,-109.795004
2.020,-1.517769,-2.524129,-4.798294,-140.350006,117.040004,-109.795004
2.030,-1.517769,-2.524129,-4.798294,-140.350006,117.040004,-109.795004
2.040,-1.517769,-2.524129,-4.798294,-140.350006,117.040004,-109.795004
2.050,-1.517769,-2.524129,-4.798294,-140.350006,117.040004,-109.795004
2.060,-1.517769,-2.524129,-4.798294,-140.350006,117.040004,-109.795004
2.070,-1.517769,-2.524129,-4.798294,-140.350006,117.040004,-109.795004
2.080,-1.517769,-2.524129,-4.798294,-140.350006,117.040004,-109.795004
2.090,4.102828,-3.068922,6.192112,-140.350006,117.040004,-109.795004
2.100,4.102828,-3.068922,6.192112,-140.350006,117.040004,-109.795004
2.110,4.102828,-3.068922,6.192112,-140.350006,117.040004,-109.795004
2.120,4.102828,-3.068922,6.192112,-140.350006,117.040004,-109.795004
2.130,4.102828,-3.068922,6.192112,-140.350006,117.040004,-109.795004
2.140,4.102828,-3.068922,6.192112,-140.350006,117.040004,-109.795004
2.150,4.102828,-3.068922,6.192112,-140.350006,117.040004,-109.795004
2.160,4.102828,-3.068922,6.192112,-140.350006,117.040004,-109.795004
2.170,4.102828,-3.068922,6.192112,162.540006,130.759996,-93.239998
2.180,4.102828,-3.068922,6.192112,162.540006,130.759996,-93.239998
2.190,4.102828,-3.068922,6.192112,162.540006,130.759996,-93.239998
2.200,4.102828,-3.068922,6.192112,162.540006,130.759996,-93.239998
2.210,4.102828,-3.068922,6.192112,162.540006,130.759996,-93.239998
2.220,4.102828,-3.068922,6.192112,162.540006,130.759996,-93.239998
2.230,4.102828,-3.068922,6.192112,162.540006,130.759996,-93.239998
2.240,4.102828,-3.068922,6.192112,162.540006,130.759996,-93.239998
2.250,-3.352549,3.306270,3.034498,162.540006,130.759996,-93.239998
2.260,-3.352549,3.306270,3.034498,162.540006,130.759996,-93.239998
2.270,-3.352549,3.306270,3.034498,162.540006,130.759996,-93.239998
2.280,-3.352549,3.306270,3.034498,162.540006,130.759996,-93.239998
2.290,-3.352549,3.306270,3.034498,162.540006,130.759996,-93.239998
2.300,-3.352549,3.306270,3.034498,162.540006,130.759996,-93.239998
2.310,-3.352549,3.306270,3.034498,162.540006,130.759996,-93.239998
2.320,-3.352549,3.306270,3.034498,162.540006,130.759996,-93.239998
2.330,-3.352549,3.306270,3.034498,367.884999,-124.110001,53.165001
2.340,-3.352549,3.306270,3.034498,367.884999,-124.110001,53.165001
2.350,-3.352549,3.306270,3.034498,367.884999,-124.110001,53.165001
2.360,-3.352549,3.306270,3.034498,367.884999,-124.110001,53.165001
2.370,-3.352549,3.306270,3.034498,367.884999,-124.110001,53.165001
2.380,-3.352549,3.306270,3.034498,367.884999,-124.110001,53.165001
2.390,-3.352549,3.306270,3.034498,367.884999,-124.110001,53.165001
2.400,-3.352549,3.306270,3.034498,367.884999,-124.110001,53.165001
2.410,1.495364,4.073876,-6.017230,367.884999,-124.110001,53.165001
2.420,1.495364,4.073876,-6.017230,367.884999,-124.110001,53.165001
2.430,1.495364,4.073876,-6.017230,367.884999,-124.110001,53.165001
2.440,1.495364,4.073876,-6.017230,367.884999,-124.110001,53.165001
2.450,1.495364,4.073876,-6.017230,367.884999,-124.110001,53.165001
2.460,1.495364,4.073876,-6.017230,367.884999,-124.110001,53.165001
2.470,1.495364,4.073876,-6.017230,367.884999,-124.110001,53.165001
2.480,1.495364,4.073876,-6.017230,367.884999,-124.110001,53.165001
2.490,1.495364,4.073876,-6.017230,303.765014,-3.640000,122.290002
2.500,1.495364,4.073876,-6.017230,303.765014,-3.640000,122.290002
2.510,1.495364,4.073876,-6.017230,303.765014,-3.640000,122.290002
2.520,1.495364,4.073876,-6.017230,303.765014,-3.640000,122.290002
2.530,1.495364,4.073876,-6.017230,303.765014,-3.640000,122.290002
2.540,1.495364,4.073876,-6.017230,303.765014,-3.640000,122.290002
2.550,1.495364,4.073876,-6.017230,303.765014,-3.640000,122.290002
2.560,1.495364,4.073876,-6.017230,303.765014,-3.640000,122.290002
2.570,5.814227,2.381865,4.638524,303.765014,-3.640000,122.290002
2.580,5.814227,2.381865,4.638524,303.765014,-3.640000,122.290002
2.590,5.814227,2.381865,4.638524,303.765014,-3.640000,122.290002
2.600,5.814227,2.381865,4.638524,303.765014,-3.640000,122.290002
2.610,5.814227,2.381865,4.638524,303.765014,-3.640000,122.290002
2.620,5.814227,2.381865,4.638524,303.765014,-3.640000,122.290002
2.630,5.814227,2.381865,4.638524,303.765014,-3.640000,122.290002
2.640,5.814227,2.381865,4.638524,303.765014,-3.640000,122.290002
2.650,5.814227,2.381865,4.638524,110.109999,11.235000,-21.665000
2.660,5.814227,2.381865,4.638524,110.109999,11.235000,-21.665000
2.670,5.814227,2.381865,4.638524,110.109999,11.235000,-21.665000
2.680,5.814227,2.381865,4.638524,110.109999,11.235000,-21.665000
2.690,5.814227,2.381865,4.638524,110.109999,11.235000,-21.665000
2.700,5.814227,2.381865,4.638524,110.109999,11.235000,-21.665000
2.710,5.814227,2.381865,4.638524,110.109999,11.235000,-21.665000
2.720,5.814227,2.381865,4.638524,110.109999,11.235000,-21.665000
2.730,6.118549,2.688875,0.615596,110.109999,11.235000,-21.665000
2.740,6.118549,2.688875,0.615596,110.109999,11.235000,-21.665000
2.750,6.118549,2.688875,0.615596,110.109999,11.235000,-21.665000
2.760,6.118549,2.688875,0.615596,110.109999,11.235000,-21.665000
2.770,6.118549,2.688875,0.615596,110.109999,11.235000,-21.665000
2.780,6.118549,2.688875,0.615596,110.109999,11.235000,-21.665000
2.790,6.118549,2.688875,0.615596,110.109999,11.235000,-21.665000
2.800,6.118549,2.688875,0.615596,110.109999,11.235000,-21.665000
2.810,6.118549,2.688875,0.615596,28.245001,79.030002,-125.544997
2.820,6.118549,2.688875,0.615596,28.245001,79.030002,-125.544997
2.830,6.118549,2.688875,0.615596,28.245001,79.030002,-125.544997
2.840,6.118549,2.688875,0.615596,28.245001,79.030002,-125.544997
2.850,6.118549,2.688875,0.615596,28.245001,79.030002,-125.544997
2.860,6.118549,2.688875,0.615596,28.245001,79.030002,-125.544997
2.870,6.118549,2.688875,0.615596,28.245001,79.030002,-125.544997
2.880,6.118549,2.688875,0.615596,28.245001,79.030002,-125.544997
2.890,-1.249640,8.318564,-1.959186,28.245001,79.030002,-125.544997
2.900,-1.249640,8.318564,-1.959186,28.245001,79.030002,-125.544997
2.910,-1.249640,8.318564,-1.959186,28.245001,79.030002,-125.544997
2.920,-1.249640,8.318564,-1.959186,28.245001,79.030002,-125.544997
2.930,-1.249640,8.318564,-1.959186,28.245001,79.030002,-125.544997
2.940,-1.249640,8.318564,-1.959186,28.245001,79.030002,-125.544997
2.950,-1.249640,8.318564,-1.959186,28.245001,79.030002,-125.544997
2.960,-1.249640,8.318564,-1.959186,28.245001,79.030002,-125.544997
2.970,-1.249640,8.318564,-1.959186,-28.245001,47.215001,56.140002
2.980,-1.249640,8.318564,-1.959186,-28.245001,47.215001,56.140002
2.990,-1.249640,8.318564,-1.959186,-28.245001,47.215001,56.140002
3.000,-1.249640,8.318564,-1.959186,-28.245001,47.215001,56.140002
3.010,-1.249640,8.318564,-1.959186,-28.245001,47.215001,56.140002
3.020,-1.249640,8.318564,-1.959186,-28.245001,47.215001,56.140002
3.030,-1.249640,8.318564,-1.959186,-28.245001,47.215001,56.140002
3.040,-1.249640,8.318564,-1.959186,-28.245001,47.215001,56.140002
3.050,1.745001,4.818019,0.962843,-28.245001,47.215001,56.140002
3.060,1.745001,4.818019,0.962843,-28.245001,47.215001,56.140002
3.070,1.745001,4.818019,0.962843,-28.245001,47.215001,56.140002
3.080,1.745001,4.818019,0.962843,-28.245001,47.215001,56.140002
3.090,1.745001,4.818019,0.962843,-28.245001,47.215001,56.140002
3.100,1.745001,4.818019,0.962843,-28.245001,47.215001,56.140002
3.110,1.745001,4.818019,0.962843,-28.245001,47.215001,56.140002
3.120,1.745001,4.818019,0.962843,-28.245001,47.215001,56.140002
3.130,1.745001,4.818019,0.962843,-74.339997,43.260000,69.160003
3.140,1.745001,4.818019,0.962843,-74.339997,43.260000,69.160003
3.150,1.745001,4.818019,0.962843,-74.339997,43.260000,69.160003
3.160,1.745001,4.818019,0.962843,-74.339997,43.260000,69.160003
3.170,1.745001,4.818019,0.962843,-74.339997,43.260000,69.160003
3.180,1.745001,4.818019,0.962843,-74.339997,43.260000,69.160003
3.190,1.745001,4.818019,0.962843,-74.339997,43.260000,69.160003
3.200,1.745001,4.818019,0.962843,-74.339997,43.260000,69.160003
3.210,-3.639485,0.728546,0.557670,-74.339997,43.260000,69.160003
3.220,-3.639485,0.728546,0.557670,-74.339997,43.260000,69.160003
3.230,-3.639485,0.728546,0.557670,-74.339997,43.260000,69.160003
3.240,-3.639485,0.728546,0.557670,-74.339997,43.260000,69.160003
3.250,-3.639485,0.728546,0.557670,-74.339997,43.260000,69.160003
3.260,-3.639485,0.728546,0.557670,-74.339997,43.260000,69.160003
3.270,-3.639485,0.728546,0.557670,-74.339997,43.260000,69.160003
3.280,-3.639485,0.728546,0.557670,-74.339997,43.260000,69.160003
3.290,-3.639485,0.728546,0.557670,-116.830003,49.420001,34.265000
3.300,-3.639485,0.728546,0.557670,-116.830003,49.420001,34.265000
3.310,-3.639485,0.728546,0.557670,-116.830003,49.420001,34.265000
3.320,-3.639485,0.728546,0.557670,-116.830003,49.420001,34.265000
3.330,-3.639485,0.728546,0.557670,-116.830003,49.420001,34.265000
3.340,-3.639485,0.728546,0.557670,-116.830003,49.420001,34.265000
3.350,-3.639485,0.728546,0.557670,-116.830003,49.420001,34.265000
3.360,-3.639485,0.728546,0.557670,-116.830003,49.420001,34.265000
3.370,0.963188,-3.146372,4.516279,-116.830003,49.420001,34.265000
3.380,0.963188,-3.146372,4.516279,-116.830003,49.420001,34.265000
3.390,0.963188,-3.146372,4.516279,-116.830003,49.420001,34.265000
3.400,0.963188,-3.146372,4.516279,-116.830003,49.420001,34.265000
3.410,0.963188,-3.146372,4.516279,-116.830003,49.420001,34.265000
3.420,0.963188,-3.146372,4.516279,-116.830003,49.420001,34.265000
3.430,0.963188,-3.146372,4.516279,-116.830003,49.420001,34.265000
3.440,0.963188,-3.146372,4.516279,-116.830003,49.420001,34.265000
3.450,0.963188,-3.146372,4.516279,-111.440000,64.924998,-2.100000
3.460,0.963188,-3.146372,4.516279,-111.440000,64.924998,-2.100000
3.470,0.963188,-3.146372,4.516279,-111.440000,64.924998,-2.100000
3.480,0.963188,-3.146372,4.516279,-111.440000,64.924998,-2.100000
3.490,0.963188,-3.146372,4.516279,-111.440000,64.924998,-2.100000
3.500,0.963188,-3.146372,4.516279,-111.440000,64.924998,-2.100000
3.510,0.963188,-3.146372,4.516279,-111.440000,64.924998,-2.100000
3.520,0.963188,-3.146372,4.516279,-111.440000,64.924998,-2.100000
3.530,-3.316830,-3.926804,-2.443350,-111.440000,64.924998,-2.100000
3.540,-3.316830,-3.926804,-2.443350,-111.440000,64.924998,-2.100000
3.550,-3.316830,-3.926804,-2.443350,-111.440000,64.924998,-2.100000
3.560,-3.316830,-3.926804,-2.443350,-111.440000,64.924998,-2.100000
3.570,-2.255069,-4.759923,-2.764878,-111.440000,64.924998,-2.100000
3.580,-2.255069,-4.759923,-2.764878,-111.440000,64.924998,-2.100000
3.590,-0.354127,-4.643037,-2.058673,-111.440000,64.924998,-2.100000
3.600,-0.354127,-4.643037,-2.058673,-111.440000,64.924998,-2.100000
3.610,-1.120314,-4.601241,-3.175397,-131.214996,83.650003,-102.025001
3.620,-1.120314,-4.601241,-3.175397,-131.214996,83.650003,-102.025001
3.630,-2.964842,-5.102190,-3.971092,-131.214996,83.650003,-102.025001
3.640,-2.964842,-5.102190,-3.971092,-131.214996,83.650003,-102.025001
3.650,-2.572986,-4.920681,-4.640210,-131.214996,83.650003,-102.025001
3.660,-2.572986,-4.920681,-4.640210,-131.214996,83.650003,-102.025001
3.670,-2.144580,-4.221934,-5.238711,-131.214996,83.650003,-102.025001
3.680,-2.144580,-4.221934,-5.238711,-131.214996,83.650003,-102.025001
3.690,-2.483724,-3.459908,-4.949452,-131.214996,83.650003,-102.025001
3.700,-2.483724,-3.459908,-4.949452,-131.214996,83.650003,-102.025001
3.710,-0.021819,-3.202714,-3.771856,-131.214996,83.650003,-102.025001
3.720,-0.021819,-3.202714,-3.771856,-131.214996,83.650003,-102.025001
3.730,0.499693,-3.498783,-0.881857,-131.214996,83.650003,-102.025001
3.740,0.499693,-3.498783,-0.881857,-131.214996,83.650003,-102.025001
3.750,0.993516,-3.457910,1.566133,-131.214996,83.650003,-102.025001
3.760,0.993516,-3.457910,1.566133,-131.214996,83.650003,-102.025001
3.770,4.162018,-2.649491,4.409422,-279.159995,48.300000,-153.755003
3.780,4.162018,-2.649491,4.409422,-279.159995,48.300000,-153.755003
3.790,6.530184,-1.726943,7.049887,-279.159995,48.300000,-153.755003
3.800,6.530184,-1.726943,7.049887,-279.159995,48.300000,-153.755003
3.810,7.876922,-0.284052,8.555089,-279.159995,48.300000,-153.755003
3.820,7.876922,-0.284052,8.555089,-279.159995,48.300000,-153.755003
3.830,6.709510,1.278231,7.838144,-279.159995,48.300000,-153.755003
3.840,6.709510,1.278231,7.838144,-279.159995,48.300000,-153.755003
3.850,4.704892,2.022404,6.900669,-279.159995,48.300000,-153.755003
3.860,4.704892,2.022404,6.900669,-279.159995,48.300000,-153.755003
3.870,4.704892,2.022404,6.900669,-279.159995,48.300000,-153.755003
3.880,2.233541,1.627501,6.206235,-279.159995,48.300000,-153.755003
3.890,-1.409906,1.102803,5.001380,-279.159995,48.300000,-153.755003
3.900,-1.409906,1.102803,5.001380,-279.159995,48.300000,-153.755003
3.910,-2.945602,1.703931,3.505026,-279.159995,48.300000,-153.755003
3.920,-2.945602,1.703931,3.505026,-279.159995,48.300000,-153.755003
3.930,-4.053492,2.113968,2.568431,231.139995,300.720006,-116.340005
3.940,-4.053492,2.113968,2.568431,231.139995,300.720006,-116.340005
3.950,-6.303541,1.951663,1.451406,231.139995,300.720006,-116.340005
3.960,-6.303541,1.951663,1.451406,231.139995,300.720006,-116.340005
3.970,-8.184025,1.473223,-0.219851,231.139995,300.720006,-116.340005
3.980,-8.184025,1.473223,-0.219851,231.139995,300.720006,-116.340005
3.990,-7.684945,2.513586,-3.763353,231.139995,300.720006,-116.340005
4.000,-7.684945,2.513586,-3.763353,231.139995,300.720006,-116.340005
4.010,-5.707423,3.240531,-5.533213,231.139995,300.720006,-116.340005
4.020,-5.707423,3.240531,-5.533213,231.139995,300.720006,-116.340005
4.030,-3.705941,3.165118,-5.958859,231.139995,300.720006,-116.340005
4.040,-3.705941,3.165118,-5.958859,231.139995,300.720006,-116.340005
4.050,-2.629565,2.861536,-6.387483,231.139995,300.720006,-116.340005
4.060,-2.629565,2.861536,-6.387483,231.139995,300.720006,-116.340005
4.070,-2.007884,2.457780,-8.017505,231.139995,300.720006,-116.340005
4.080,-2.007884,2.457780,-8.017505,231.139995,300.720006,-116.340005
4.090,-0.016557,2.006447,-8.572616,348.180012,-23.415000,312.445009
4.100,-0.016557,2.006447,-8.572616,348.180012,-23.415000,312.445009
4.110,2.177928,1.603243,-7.892388,348.180012,-23.415000,312.445009
4.120,2.177928,1.603243,-7.892388,348.180012,-23.415000,312.445009
4.130,3.538951,1.872525,-6.787005,348.180012,-23.415000,312.445009
4.140,3.538951,1.872525,-6.787005,348.180012,-23.415000,312.445009
4.150,3.620290,2.028575,-4.560030,348.180012,-23.415000,312.445009
4.160,3.620290,2.028575,-4.560030,348.180012,-23.415000,312.445009
4.170,4.771371,1.866111,-1.889722,348.180012,-23.415000,312.445009
4.180,4.771371,1.866111,-1.889722,348.180012,-23.415000,312.445009
4.190,5.219141,2.165181,-0.559843,348.180012,-23.415000,312.445009
4.200,5.219141,2.165181,-0.559843,348.180012,-23.415000,312.445009
4.210,4.238520,2.896684,0.435107,348.180012,-23.415000,312.445009
4.220,4.238520,2.896684,0.435107,348.180012,-23.415000,312.445009
4.230,3.724089,2.995385,1.298105,348.180012,-23.415000,312.445009
4.240,3.724089,2.995385,1.298105,348.180012,-23.415000,312.445009
4.250,2.879672,2.976663,3.246896,169.504996,-31.990000,247.449995
4.260,2.879672,2.976663,3.246896,169.504996,-31.990000,247.449995
4.270,1.750198,2.436876,4.553100,169.504996,-31.990000,247.449995
4.280,1.750198,2.436876,4.553100,169.504996,-31.990000,247.449995
4.290,1.168400,0.997566,4.563769,169.504996,-31.990000,247.449995
4.300,1.168400,0.997566,4.563769,169.504996,-31.990000,247.449995
4.310,1.850263,0.286651,5.332703,169.504996,-31.990000,247.449995
4.320,1.850263,0.286651,5.332703,169.504996,-31.990000,247.449995
4.330,1.681323,-0.375933,5.570523,169.504996,-31.990000,247.449995
4.340,1.681323,-0.375933,5.570523,169.504996,-31.990000,247.449995
4.350,1.230137,-1.187558,6.126613,169.504996,-31.990000,247.449995
4.360,1.230137,-1.187558,6.126613,169.504996,-31.990000,247.449995
4.370,0.798319,-1.294812,5.991131,169.504996,-31.990000,247.449995
4.380,0.798319,-1.294812,5.991131,169.504996,-31.990000,247.449995
4.390,1.251571,-1.072241,5.739094,169.504996,-31.990000,247.449995
4.400,1.251571,-1.072241,5.739094,169.504996,-31.990000,247.449995
4.410,1.301968,-0.813740,5.585347,52.045000,-24.395001,1.820000
4.420,1.301968,-0.813740,5.585347,52.045000,-24.395001,1.820000
4.430,1.301968,-0.813740,5.585347,52.045000,-24.395001,1.820000
4.440,1.301968,-0.813740,5.585347,52.045000,-24.395001,1.820000
4.450,2.501540,-0.362202,5.091588,52.045000,-24.395001,1.820000
4.460,2.501540,-0.362202,5.091588,52.045000,-24.395001,1.820000
4.470,3.861047,0.309747,4.067524,52.045000,-24.395001,1.820000
4.480,3.861047,0.309747,4.067524,52.045000,-24.395001,1.820000
4.490,3.861047,0.309747,4.067524,52.045000,-24.395001,1.820000
4.500,4.278277,0.985212,3.095045,52.045000,-24.395001,1.820000
4.510,3.192779,0.824561,1.583478,52.045000,-24.395001,1.820000
4.520,3.192779,0.824561,1.583478,52.045000,-24.395001,1.820000
4.530,2.452709,0.439382,-1.297887,52.045000,-24.395001,1.820000
4.540,2.452709,0.439382,-1.297887,52.045000,-24.395001,1.820000
4.550,1.186446,0.525804,-2.779372,52.045000,-24.395001,1.820000
4.560,1.186446,0.525804,-2.779372,52.045000,-24.395001,1.820000
4.570,-0.131107,1.372577,-3.625543,70.175003,16.940000,-124.879996
4.580,-0.131107,1.372577,-3.625543,70.175003,16.940000,-124.879996
4.590,-2.663808,1.682247,-4.233526,70.175003,16.940000,-124.879996
4.600,-2.663808,1.682247,-4.233526,70.175003,16.940000,-124.879996
4.610,-4.050239,2.163657,-5.888282,70.175003,16.940000,-124.879996
4.620,-4.050239,2.163657,-5.888282,70.175003,16.940000,-124.879996
4.630,-4.243841,2.008653,-6.486166,70.175003,16.940000,-124.879996
4.640,-4.243841,2.008653,-6.486166,70.175003,16.940000,-124.879996
4.650,-5.069098,1.195120,-5.280870,70.175003,16.940000,-124.879996
4.660,-5.069098,1.195120,-5.280870,70.175003,16.940000,-124.879996
4.670,-4.551357,2.361971,-4.935295,70.175003,16.940000,-124.879996
4.680,-4.551357,2.361971,-4.935295,70.175003,16.940000,-124.879996
4.690,-3.847945,3.642132,-4.934647,70.175003,16.940000,-124.879996
4.700,-3.847945,3.642132,-4.934647,70.175003,16.940000,-124.879996
4.710,-3.145394,3.193349,-3.348210,70.175003,16.940000,-124.879996
4.720,-3.145394,3.193349,-3.348210,70.175003,16.940000,-124.879996
4.730,-1.683133,2.665770,-1.831978,-12.110001,103.950001,9.275000
4.740,-1.683133,2.665770,-1.831978,-12.110001,103.950001,9.275000
4.750,-0.195374,1.979387,-1.438767,-12.110001,103.950001,9.275000
4.760,-0.195374,1.979387,-1.438767,-12.110001,103.950001,9.275000
4.770,-0.644716,1.441773,-1.087807,-12.110001,103.950001,9.275000
4.780,-0.644716,1.441773,-1.087807,-12.110001,103.950001,9.275000
4.790,-1.073143,0.883352,-0.492919,-12.110001,103.950001,9.275000
4.800,-1.073143,0.883352,-0.492919,-12.110001,103.950001,9.275000
4.810,0.593329,0.394478,0.281787,-12.110001,103.950001,9.275000
4.820,0.593329,0.394478,0.281787,-12.110001,103.950001,9.275000
4.830,1.700495,0.179592,0.884314,-12.110001,103.950001,9.275000
4.840,1.700495,0.179592,0.884314,-12.110001,103.950001,9.275000
4.850,0.354831,-0.854230,1.831768,-12.110001,103.950001,9.275000
4.860,0.354831,-0.854230,1.831768,-12.110001,103.950001,9.275000
4.870,-0.926643,-1.382491,2.095569,-12.110001,103.950001,9.275000
4.880,-0.926643,-1.382491,2.095569,-12.110001,103.950001,9.275000
4.890,-0.909867,-1.761046,2.398546,-83.475000,78.155000,66.499999
4.900,-0.909867,-1.761046,2.398546,-83.475000,78.155000,66.499999
4.910,-0.837069,-1.841709,2.269348,-83.475000,78.155000,66.499999
4.920,-0.837069,-1.841709,2.269348,-83.475000,78.155000,66.499999
4.930,-1.106357,-2.477016,2.208127,-83.475000,78.155000,66.499999
4.940,-1.106357,-2.477016,2.208127,-83.475000,78.155000,66.499999
4.950,-1.879159,-2.745842,2.572869,-83.475000,78.155000,66.499999
4.960,-1.879159,-2.745842,2.572869,-83.475000,78.155000,66.499999
4.970,-1.917045,-1.570351,1.596693,-83.475000,78.155000,66.499999
4.980,-1.917045,-1.570351,1.596693,-83.475000,78.155000,66.499999
4.990,-1.960761,-1.493785,0.110899,-83.475000,78.155000,66.499999
5.000,-1.960761,-1.493785,0.110899,-83.475000,78.155000,66.499999
5.010,-2.558851,-2.374891,1.167068,-83.475000,78.155000,66.499999
5.020,-2.558851,-2.374891,1.167068,-83.475000,78.155000,66.499999
5.030,-2.340131,-1.626016,0.671250,-83.475000,78.155000,66.499999
5.040,-2.340131,-1.626016,0.671250,-83.475000,78.155000,66.499999
5.050,-2.417983,-1.197383,-1.956800,-105.315001,97.790004,12.215000
5.060,-2.417983,-1.197383,-1.956800,-105.315001,97.790004,12.215000
5.070,-2.417983,-1.197383,-1.956800,-105.315001,97.790004,12.215000
5.080,-3.437945,-1.915587,-0.751412,-105.315001,97.790004,12.215000
5.090,-2.028265,-1.971088,0.329736,-105.315001,97.790004,12.215000
5.100,-2.028265,-1.971088,0.329736,-105.315001,97.790004,12.215000
5.110,0.497693,-2.394730,-0.776252,-105.315001,97.790004,12.215000
5.120,0.497693,-2.394730,-0.776252,-105.315001,97.790004,12.215000
5.130,1.679531,-2.603398,0.214096,-105.315001,97.790004,12.215000
5.140,1.679531,-2.603398,0.214096,-105.315001,97.790004,12.215000
5.150,-0.133119,-1.988866,-1.585110,-105.315001,97.790004,12.215000
5.160,-0.133119,-1.988866,-1.585110,-105.315001,97.790004,12.215000
5.170,-0.891793,-2.558350,-1.716282,-105.315001,97.790004,12.215000
5.180,-0.891793,-2.558350,-1.716282,-105.315001,97.790004,12.215000
5.190,0.562196,-3.343380,-1.304073,-105.315001,97.790004,12.215000
5.200,0.562196,-3.343380,-1.304073,-105.315001,97.790004,12.215000
5.210,1.499375,-3.896704,-0.324998,-170.905007,53.795000,-68.845001
5.220,1.499375,-3.896704,-0.324998,-170.905007,53.795000,-68.845001
5.230,2.224218,-3.485114,-1.462845,-170.905007,53.795000,-68.845001
5.240,2.224218,-3.485114,-1.462845,-170.905007,53.795000,-68.845001
5.250,1.308196,-3.646172,-3.597039,-170.905007,53.795000,-68.845001
5.260,1.308196,-3.646172,-3.597039,-170.905007,53.795000,-68.845001
5.270,1.308196,-3.646172,-3.597039,-170.905007,53.795000,-68.845001
5.280,-2.644345,-4.820807,-4.938560,-170.905007,53.795000,-68.845001
5.290,-2.644345,-4.820807,-4.938560,-170.905007,53.795000,-68.845001
5.300,-3.617119,-5.695392,-2.717355,-170.905007,53.795000,-68.845001
5.310,0.132576,-5.322459,-1.631837,-170.905007,53.795000,-68.845001
5.320,0.132576,-5.322459,-1.631837,-170.905007,53.795000,-68.845001
5.330,0.720892,-4.690838,-0.776830,-170.905007,53.795000,-68.845001
5.340,0.720892,-4.690838,-0.776830,-170.905007,53.795000,-68.845001
5.350,-0.470989,-4.589684,-1.406762,-170.905007,53.795000,-68.845001
5.360,-0.470989,-4.589684,-1.406762,-170.905007,53.795000,-68.845001
5.370,-1.121867,-4.568137,-1.198193,-246.820005,83.020000,-164.919999
5.380,-1.121867,-4.568137,-1.198193,-246.820005,83.020000,-164.919999
5.390,-2.600250,-3.784754,-0.732542,-246.820005,83.020000,-164.919999
5.400,-2.600250,-3.784754,-0.732542,-246.820005,83.020000,-164.919999
5.410,-2.823360,-1.773241,-1.185542,-246.820005,83.020000,-164.919999
5.420,-2.823360,-1.773241,-1.185542,-246.820005,83.020000,-164.919999
5.430,-1.371876,-0.347906,-1.285537,-246.820005,83.020000,-164.919999
5.440,-1.371876,-0.347906,-1.285537,-246.820005,83.020000,-164.919999
5.450,-0.026814,0.763632,0.116956,-246.820005,83.020000,-164.919999
5.460,-0.026814,0.763632,0.116956,-246.820005,83.020000,-164.919999
5.470,1.348032,1.311928,2.711864,-246.820005,83.020000,-164.919999
5.480,1.348032,1.311928,2.711864,-246.820005,83.020000,-164.919999
5.490,2.685414,2.145130,4.824182,-246.820005,83.020000,-164.919999
5.500,2.685414,2.145130,4.824182,-246.820005,83.020000,-164.919999
5.510,3.877903,2.842335,6.125218,-246.820005,83.020000,-164.919999
5.520,3.877903,2.842335,6.125218,-246.820005,83.020000,-164.919999
5.530,3.742053,3.419254,7.518473,-209.510001,94.850004,-124.950005
5.540,3.742053,3.419254,7.518473,-209.510001,94.850004,-124.950005
5.550,4.054752,3.549432,7.847780,-209.510001,94.850004,-124.950005
5.560,4.054752,3.549432,7.847780,-209.510001,94.850004,-124.950005
5.570,4.021439,3.096205,6.822187,-209.510001,94.850004,-124.950005
5.580,4.021439,3.096205,6.822187,-209.510001,94.850004,-124.950005
5.590,3.864543,2.988365,5.702915,-209.510001,94.850004,-124.950005
5.600,3.864543,2.988365,5.702915,-209.510001,94.850004,-124.950005
5.610,1.967317,2.181918,3.589329,-209.510001,94.850004,-124.950005
5.620,1.967317,2.181918,3.589329,-209.510001,94.850004,-124.950005
5.630,-1.707160,1.421838,2.338992,-209.510001,94.850004,-124.950005
5.640,-1.707160,1.421838,2.338992,-209.510001,94.850004,-124.950005
5.650,-5.334357,1.671856,0.963313,-209.510001,94.850004,-124.950005
5.660,-5.334357,1.671856,0.963313,-209.510001,94.850004,-124.950005
5.670,-7.738120,2.218552,-1.259633,-209.510001,94.850004,-124.950005
5.680,-7.738120,2.218552,-1.259633,-209.510001,94.850004,-124.950005
5.690,-6.420339,2.857020,-4.045469,272.930015,255.149995,10.570000
5.700,-6.420339,2.857020,-4.045469,272.930015,255.149995,10.570000
5.710,-1.977841,4.258438,-5.463941,272.930015,255.149995,10.570000
5.720,-1.977841,4.258438,-5.463941,272.930015,255.149995,10.570000
5.730,0.206675,4.873918,-5.696583,272.930015,255.149995,10.570000
5.740,0.206675,4.873918,-5.696583,272.930015,255.149995,10.570000
5.750,0.358791,3.761228,-5.951649,272.930015,255.149995,10.570000
5.760,0.358791,3.761228,-5.951649,272.930015,255.149995,10.570000
5.770,-0.490604,2.208362,-6.375969,272.930015,255.149995,10.570000
5.780,-0.490604,2.208362,-6.375969,272.930015,255.149995,10.570000
5.790,-0.411636,0.592573,-6.882061,272.930015,255.149995,10.570000
5.800,-0.411636,0.592573,-6.882061,272.930015,255.149995,10.570000
5.810,1.528591,-0.048836,-7.756199,272.930015,255.149995,10.570000
5.820,1.528591,-0.048836,-7.756199,272.930015,255.149995,10.570000
5.830,2.969683,0.209929,-6.059392,272.930015,255.149995,10.570000
5.840,2.969683,0.209929,-6.059392,272.930015,255.149995,10.570000
5.850,4.277700,0.727229,-3.663820,314.650013,-133.315006,345.344992
5.860,4.277700,0.727229,-3.663820,314.650013,-133.315006,345.344992
5.870,4.489016,1.976165,-1.057832,314.650013,-133.315006,345.344992
5.880,4.489016,1.976165,-1.057832,314.650013,-133.315006,345.344992
5.890,4.154329,2.891040,1.955908,314.650013,-133.315006,345.344992
5.900,4.154329,2.891040,1.955908,314.650013,-133.315006,345.344992
5.910,3.432639,3.136437,2.551137,314.650013,-133.315006,345.344992
5.920,3.432639,3.136437,2.551137,314.650013,-133.315006,345.344992
5.930,2.818895,3.802018,2.387590,314.650013,-133.315006,345.344992
5.940,2.818895,3.802018,2.387590,314.650013,-133.315006,345.344992
5.950,1.395119,4.068249,3.453854,314.650013,-133.315006,345.344992
5.960,1.395119,4.068249,3.453854,314.650013,-133.315006,345.344992
5.970,-0.167197,3.852192,4.260895,314.650013,-133.315006,345.344992
5.980,-0.167197,3.852192,4.260895,314.650013,-133.315006,345.344992
5.990,0.460004,3.112399,3.820519,314.650013,-133.315006,345.344992
6.000,0.460004,3.112399,3.820519,314.650013,-133.315006,345.344992
6.010,1.249070,2.438205,3.937481,186.795005,-109.094998,219.485001
6.020,1.249070,2.438205,3.937481,186.795005,-109.094998,219.485001
6.030,1.717516,1.827980,4.456261,186.795005,-109.094998,219.485001
6.040,1.717516,1.827980,4.456261,186.795005,-109.094998,219.485001
6.050,1.195884,0.514281,4.792756,186.795005,-109.094998,219.485001
6.060,1.195884,0.514281,4.792756,186.795005,-109.094998,219.485001
6.070,1.195884,0.514281,4.792756,186.795005,-109.094998,219.485001
6.080,0.171409,0.087728,4.339860,186.795005,-109.094998,219.485001
6.090,0.608306,-0.040908,3.605963,186.795005,-109.094998,219.485001
6.100,0.608306,-0.040908,3.605963,186.795005,-109.094998,219.485001
6.110,0.000143,-0.791210,2.580228,186.795005,-109.094998,219.485001
6.120,0.000143,-0.791210,2.580228,186.795005,-109.094998,219.485001
6.130,-0.382958,-1.745793,2.995048,186.795005,-109.094998,219.485001
6.140,-0.382958,-1.745793,2.995048,186.795005,-109.094998,219.485001
6.150,-0.526633,-2.515206,3.349888,186.795005,-109.094998,219.485001
6.160,-0.526633,-2.515206,3.349888,186.795005,-109.094998,219.485001
6.170,0.092011,-2.019826,3.438394,38.605001,47.390001,-16.345000
6.180,0.092011,-2.019826,3.438394,38.605001,47.390001,-16.345000
6.190,0.910621,-1.439647,3.693073,38.605001,47.390001,-16.345000
6.200,0.910621,-1.439647,3.693073,38.605001,47.390001,-16.345000
6.210,1.638294,-2.350734,4.151559,38.605001,47.390001,-16.345000
6.220,1.638294,-2.350734,4.151559,38.605001,47.390001,-16.345000
6.230,2.498159,-2.213860,3.723473,38.605001,47.390001,-16.345000
6.240,2.498159,-2.213860,3.723473,38.605001,47.390001,-16.345000
6.250,3.843020,-1.108373,3.053478,38.605001,47.390001,-16.345000
6.260,3.843020,-1.108373,3.053478,38.605001,47.390001,-16.345000
6.270,3.915260,-0.331244,0.879848,38.605001,47.390001,-16.345000
6.280,3.915260,-0.331244,0.879848,38.605001,47.390001,-16.345000
6.290,3.603387,-0.140496,-1.163599,38.605001,47.390001,-16.345000
6.300,3.603387,-0.140496,-1.163599,38.605001,47.390001,-16.345000
6.310,1.296790,0.008271,-2.417200,38.605001,47.390001,-16.345000
6.320,1.296790,0.008271,-2.417200,38.605001,47.390001,-16.345000
6.330,0.093159,0.282428,-3.839545,46.444999,-72.274999,-138.565004
6.340,0.093159,0.282428,-3.839545,46.444999,-72.274999,-138.565004
6.350,-0.149570,1.589680,-5.312609,46.444999,-72.274999,-138.565004
6.360,-0.149570,1.589680,-5.312609,46.444999,-72.274999,-138.565004
6.370,-3.753097,1.955528,-7.883527,46.444999,-72.274999,-138.565004
6.380,-3.753097,1.955528,-7.883527,46.444999,-72.274999,-138.565004
6.390,-5.691645,2.324821,-8.720177,46.444999,-72.274999,-138.565004
6.400,-5.691645,2.324821,-8.720177,46.444999,-72.274999,-138.565004
6.410,-5.953445,3.317447,-7.864869,46.444999,-72.274999,-138.565004
6.420,-5.953445,3.317447,-7.864869,46.444999,-72.274999,-138.565004
6.430,-6.032640,4.034933,-7.678617,46.444999,-72.274999,-138.565004
6.440,-6.032640,4.034933,-7.678617,46.444999,-72.274999,-138.565004
6.450,-3.561974,4.158812,-5.600846,46.444999,-72.274999,-138.565004
6.460,-3.561974,4.158812,-5.600846,46.444999,-72.274999,-138.565004
6.470,-0.685221,2.986115,-3.739432,46.444999,-72.274999,-138.565004
6.480,-0.685221,2.986115,-3.739432,46.444999,-72.274999,-138.565004
6.490,0.604871,2.385061,-2.819163,25.200000,111.825005,-39.305000
6.500,0.604871,2.385061,-2.819163,25.200000,111.825005,-39.305000
6.510,1.772935,2.157046,-1.680722,25.200000,111.825005,-39.305000
6.520,1.772935,2.157046,-1.680722,25.200000,111.825005,-39.305000
6.530,0.901200,1.744791,0.038313,25.200000,111.825005,-39.305000
6.540,0.901200,1.744791,0.038313,25.200000,111.825005,-39.305000
6.550,0.010361,0.635434,0.997908,25.200000,111.825005,-39.305000
6.560,0.010361,0.635434,0.997908,25.200000,111.825005,-39.305000
6.570,0.923832,-0.516371,1.326966,25.200000,111.825005,-39.305000
6.580,0.923832,-0.516371,1.326966,25.200000,111.825005,-39.305000
6.590,0.898040,-1.581467,1.825802,25.200000,111.825005,-39.305000
6.600,0.898040,-1.581467,1.825802,25.200000,111.825005,-39.305000
6.610,0.272153,-1.435641,2.657743,25.200000,111.825005,-39.305000
6.620,0.272153,-1.435641,2.657743,25.200000,111.825005,-39.305000
6.630,0.095139,-1.495193,2.654834,25.200000,111.825005,-39.305000
6.640,0.095139,-1.495193,2.654834,25.200000,111.825005,-39.305000
6.650,0.621989,-1.655842,2.160259,-121.415000,49.454999,60.619998
6.660,0.621989,-1.655842,2.160259,-121.415000,49.454999,60.619998
6.670,0.621989,-1.655842,2.160259,-121.415000,49.454999,60.619998
6.680,0.003428,-2.222978,2.321969,-121.415000,49.454999,60.619998
6.690,-0.173471,-2.674771,2.045281,-121.415000,49.454999,60.619998
6.700,-0.173471,-2.674771,2.045281,-121.415000,49.454999,60.619998
6.710,-1.483360,-2.570774,2.078673,-121.415000,49.454999,60.619998
6.720,-1.483360,-2.570774,2.078673,-121.415000,49.454999,60.619998
6.730,-2.648109,-2.884055,1.157283,-121.415000,49.454999,60.619998
6.740,-2.648109,-2.884055,1.157283,-121.415000,49.454999,60.619998
6.750,-1.695192,-3.533075,2.103774,-121.415000,49.454999,60.619998
6.760,-1.695192,-3.533075,2.103774,-121.415000,49.454999,60.619998
6.770,-1.486398,-3.696034,0.395896,-121.415000,49.454999,60.619998
6.780,-1.486398,-3.696034,0.395896,-121.415000,49.454999,60.619998
6.790,-2.179360,-3.226893,0.565714,-121.415000,49.454999,60.619998
6.800,-2.179360,-3.226893,0.565714,-121.415000,49.454999,60.619998
6.810,-3.185755,-3.234652,1.209139,-160.335002,64.679999,4.200000
6.820,-3.185755,-3.234652,1.209139,-160.335002,64.679999,4.200000
6.830,-2.498805,-4.114265,0.867712,-160.335002,64.679999,4.200000
6.840,-2.498805,-4.114265,0.867712,-160.335002,64.679999,4.200000
6.850,-0.780874,-3.036669,-0.635091,-160.335002,64.679999,4.200000
6.860,-0.780874,-3.036669,-0.635091,-160.335002,64.679999,4.200000
6.870,-0.130536,-2.341229,-1.544283,-160.335002,64.679999,4.200000
6.880,-0.130536,-2.341229,-1.544283,-160.335002,64.679999,4.200000
6.890,0.188621,-2.426522,-1.289057,-160.335002,64.679999,4.200000
6.900,0.188621,-2.426522,-1.289057,-160.335002,64.679999,4.200000
6.910,0.769559,-3.230257,-1.471778,-160.335002,64.679999,4.200000
6.920,0.769559,-3.230257,-1.471778,-160.335002,64.679999,4.200000
6.930,0.663531,-2.768080,-1.951229,-160.335002,64.679999,4.200000
6.940,0.663531,-2.768080,-1.951229,-160.335002,64.679999,4.200000
6.950,-1.367298,-1.988451,-2.039823,-160.335002,64.679999,4.200000
6.960,-1.367298,-1.988451,-2.039823,-160.335002,64.679999,4.200000
6.970,2.238890,-3.075166,1.116685,-196.700009,36.960001,-41.195002
6.980,2.238890,-3.075166,1.116685,-196.700009,36.960001,-41.195002
6.990,2.238890,-3.075166,1.116685,-196.700009,36.960001,-41.195002
7.000,2.238890,-3.075166,1.116685,-196.700009,36.960001,-41.195002
7.010,2.238890,-3.075166,1.116685,-196.700009,36.960001,-41.195002
7.020,2.238890,-3.075166,1.116685,-196.700009,36.960001,-41.195002
7.030,2.238890,-3.075166,1.116685,-196.700009,36.960001,-41.195002
7.040,2.238890,-3.075166,1.116685,-196.700009,36.960001,-41.195002
7.050,2.238890,-3.075166,1.116685,-196.700009,36.960001,-41.195002
7.060,2.238890,-3.075166,1.116685,-196.700009,36.960001,-41.195002
7.070,2.238890,-3.075166,1.116685,-196.700009,36.960001,-41.195002
7.080,2.238890,-3.075166,1.116685,-196.700009,36.960001,-41.195002
7.090,2.238890,-3.075166,1.116685,-196.700009,36.960001,-41.195002
7.100,2.238890,-3.075166,1.116685,-196.700009,36.960001,-41.195002
7.110,2.238890,-3.075166,1.116685,-196.700009,36.960001,-41.195002
7.120,2.238890,-3.075166,1.116685,-196.700009,36.960001,-41.195002
7.130,-2.884285,-5.287207,-4.743561,-196.805002,124.705006,-100.345000
7.140,-2.884285,-5.287207,-4.743561,-196.805002,124.705006,-100.345000
7.150,-2.884285,-5.287207,-4.743561,-196.805002,124.705006,-100.345000
7.160,-2.884285,-5.287207,-4.743561,-196.805002,124.705006,-100.345000
7.170,-2.884285,-5.287207,-4.743561,-196.805002,124.705006,-100.345000
7.180,-2.884285,-5.287207,-4.743561,-196.805002,124.705006,-100.345000
7.190,-2.884285,-5.287207,-4.743561,-196.805002,124.705006,-100.345000
7.200,-2.884285,-5.287207,-4.743561,-196.805002,124.705006,-100.345000
7.210,-2.884285,-5.287207,-4.743561,-196.805002,124.705006,-100.345000
7.220,-2.884285,-5.287207,-4.743561,-196.805002,124.705006,-100.345000
7.230,-2.884285,-5.287207,-4.743561,-196.805002,124.705006,-100.345000
7.240,-2.884285,-5.287207,-4.743561,-196.805002,124.705006,-100.345000
7.250,-2.884285,-5.287207,-4.743561,-196.805002,124.705006,-100.345000
7.260,-2.884285,-5.287207,-4.743561,-196.805002,124.705006,-100.345000
7.270,-2.884285,-5.287207,-4.743561,-196.805002,124.705006,-100.345000
7.280,-2.884285,-5.287207,-4.743561,-196.805002,124.705006,-100.345000
7.290,1.435188,0.187059,-1.366170,-152.565007,139.090000,-85.925002
7.300,1.435188,0.187059,-1.366170,-152.565007,139.090000,-85.925002
7.310,1.435188,0.187059,-1.366170,-152.565007,139.090000,-85.925002
7.320,1.435188,0.187059,-1.366170,-152.565007,139.090000,-85.925002
7.330,1.435188,0.187059,-1.366170,-152.565007,139.090000,-85.925002
7.340,1.435188,0.187059,-1.366170,-152.565007,139.090000,-85.925002
7.350,1.435188,0.187059,-1.366170,-152.565007,139.090000,-85.925002
7.360,1.435188,0.187059,-1.366170,-152.565007,139.090000,-85.925002
7.370,1.435188,0.187059,-1.366170,-152.565007,139.090000,-85.925002
7.380,1.435188,0.187059,-1.366170,-152.565007,139.090000,-85.925002
7.390,1.435188,0.187059,-1.366170,-152.565007,139.090000,-85.925002
7.400,1.435188,0.187059,-1.366170,-152.565007,139.090000,-85.925002
7.410,1.435188,0.187059,-1.366170,-152.565007,139.090000,-85.925002
7.420,1.435188,0.187059,-1.366170,-152.565007,139.090000,-85.925002
7.430,1.435188,0.187059,-1.366170,-152.565007,139.090000,-85.925002
7.440,1.435188,0.187059,-1.366170,-152.565007,139.090000,-85.925002
7.450,3.278032,3.382776,7.587482,127.784998,185.150009,-49.630002
7.460,3.278032,3.382776,7.587482,127.784998,185.150009,-49.630002
7.470,3.278032,3.382776,7.587482,127.784998,185.150009,-49.630002
7.480,3.278032,3.382776,7.587482,127.784998,185.150009,-49.630002
7.490,3.278032,3.382776,7.587482,127.784998,185.150009,-49.630002
7.500,3.278032,3.382776,7.587482,127.784998,185.150009,-49.630002
7.510,3.278032,3.382776,7.587482,127.784998,185.150009,-49.630002
7.520,3.278032,3.382776,7.587482,127.784998,185.150009,-49.630002
7.530,3.278032,3.382776,7.587482,127.784998,185.150009,-49.630002
7.540,3.278032,3.382776,7.587482,127.784998,185.150009,-49.630002
7.550,3.278032,3.382776,7.587482,127.784998,185.150009,-49.630002
7.560,3.278032,3.382776,7.587482,127.784998,185.150009,-49.630002
7.570,3.278032,3.382776,7.587482,127.784998,185.150009,-49.630002
7.580,3.278032,3.382776,7.587482,127.784998,185.150009,-49.630002
7.590,3.278032,3.382776,7.587482,127.784998,185.150009,-49.630002
7.600,3.278032,3.382776,7.587482,127.784998,185.150009,-49.630002
7.610,-2.334529,5.247906,-3.857333,317.659995,-37.695001,219.240002
7.620,-2.334529,5.247906,-3.857333,317.659995,-37.695001,219.240002
7.630,-2.334529,5.247906,-3.857333,317.659995,-37.695001,219.240002
7.640,-2.334529,5.247906,-3.857333,317.659995,-37.695001,219.240002
7.650,-2.334529,5.247906,-3.857333,317.659995,-37.695001,219.240002
7.660,-2.334529,5.247906,-3.857333,317.659995,-37.695001,219.240002
7.670,-2.334529,5.247906,-3.857333,317.659995,-37.695001,219.240002
7.680,-2.334529,5.247906,-3.857333,317.659995,-37.695001,219.240002
7.690,-2.334529,5.247906,-3.857333,317.659995,-37.695001,219.240002
7.700,-2.334529,5.247906,-3.857333,317.659995,-37.695001,219.240002
7.710,-2.334529,5.247906,-3.857333,317.659995,-37.695001,219.240002
7.720,-2.334529,5.247906,-3.857333,317.659995,-37.695001,219.240002
7.730,-2.334529,5.247906,-3.857333,317.659995,-37.695001,219.240002
7.740,-2.334529,5.247906,-3.857333,317.659995,-37.695001,219.240002
7.750,-2.334529,5.247906,-3.857333,317.659995,-37.695001,219.240002
7.760,-2.334529,5.247906,-3.857333,317.659995,-37.695001,219.240002
7.770,5.366696,6.575288,-1.840881,238.560012,-270.690014,277.655003
7.780,5.366696,6.575288,-1.840881,238.560012,-270.690014,277.655003
7.790,5.366696,6.575288,-1.840881,238.560012,-270.690014,277.655003
7.800,5.366696,6.575288,-1.840881,238.560012,-270.690014,277.655003
7.810,5.366696,6.575288,-1.840881,238.560012,-270.690014,277.655003
7.820,5.366696,6.575288,-1.840881,238.560012,-270.690014,277.655003
7.830,5.366696,6.575288,-1.840881,238.560012,-270.690014,277.655003
7.840,5.366696,6.575288,-1.840881,238.560012,-270.690014,277.655003
7.850,5.366696,6.575288,-1.840881,238.560012,-270.690014,277.655003
7.860,5.366696,6.575288,-1.840881,238.560012,-270.690014,277.655003
7.870,5.366696,6.575288,-1.840881,238.560012,-270.690014,277.655003
7.880,5.366696,6.575288,-1.840881,238.560012,-270.690014,277.655003
7.890,5.366696,6.575288,-1.840881,238.560012,-270.690014,277.655003
7.900,5.366696,6.575288,-1.840881,238.560012,-270.690014,277.655003
7.910,5.366696,6.575288,-1.840881,238.560012,-270.690014,277.655003
7.920,5.366696,6.575288,-1.840881,238.560012,-270.690014,277.655003
7.930,1.864679,4.995911,5.275113,85.015003,29.785000,48.965001
7.940,1.864679,4.995911,5.275113,85.015003,29.785000,48.965001
7.950,1.864679,4.995911,5.275113,85.015003,29.785000,48.965001
7.960,1.864679,4.995911,5.275113,85.015003,29.785000,48.965001
7.970,1.864679,4.995911,5.275113,85.015003,29.785000,48.965001
7.980,1.864679,4.995911,5.275113,85.015003,29.785000,48.965001
7.990,1.864679,4.995911,5.275113,85.015003,29.785000,48.965001
8.000,1.864679,4.995911,5.275113,85.015003,29.785000,48.965001
8.010,1.864679,4.995911,5.275113,85.015003,29.785000,48.965001
8.020,1.864679,4.995911,5.275113,85.015003,29.785000,48.965001
8.030,1.864679,4.995911,5.275113,85.015003,29.785000,48.965001
8.040,1.864679,4.995911,5.275113,85.015003,29.785000,48.965001
8.050,1.864679,4.995911,5.275113,85.015003,29.785000,48.965001
8.060,1.864679,4.995911,5.275113,85.015003,29.785000,48.965001
8.070,1.864679,4.995911,5.275113,85.015003,29.785000,48.965001
8.080,1.864679,4.995911,5.275113,85.015003,29.785000,48.965001
8.090,5.989012,0.332642,8.956779,21.385000,-66.885003,-108.815002
8.100,5.989012,0.332642,8.956779,21.385000,-66.885003,-108.815002
8.110,5.989012,0.332642,8.956779,21.385000,-66.885003,-108.815002
8.120,5.989012,0.332642,8.956779,21.385000,-66.885003,-108.815002
8.130,5.989012,0.332642,8.956779,21.385000,-66.885003,-108.815002
8.140,5.989012,0.332642,8.956779,21.385000,-66.885003,-108.815002
8.150,5.989012,0.332642,8.956779,21.385000,-66.885003,-108.815002
8.160,5.989012,0.332642,8.956779,21.385000,-66.885003,-108.815002
8.170,5.989012,0.332642,8.956779,21.385000,-66.885003,-108.815002
8.180,5.989012,0.332642,8.956779,21.385000,-66.885003,-108.815002
8.190,5.989012,0.332642,8.956779,21.385000,-66.885003,-108.815002
8.200,5.989012,0.332642,8.956779,21.385000,-66.885003,-108.815002
8.210,5.989012,0.332642,8.956779,21.385000,-66.885003,-108.815002
8.220,5.989012,0.332642,8.956779,21.385000,-66.885003,-108.815002
8.230,5.989012,0.332642,8.956779,21.385000,-66.885003,-108.815002
8.240,5.989012,0.332642,8.956779,21.385000,-66.885003,-108.815002
8.250,-0.759508,6.337809,-6.596448,74.690004,97.510000,-75.354998
8.260,-0.759508,6.337809,-6.596448,74.690004,97.510000,-75.354998
8.270,-0.759508,6.337809,-6.596448,74.690004,97.510000,-75.354998
8.280,-0.759508,6.337809,-6.596448,74.690004,97.510000,-75.354998
8.290,-0.759508,6.337809,-6.596448,74.690004,97.510000,-75.354998
8.300,-0.759508,6.337809,-6.596448,74.690004,97.510000,-75.354998
8.310,-0.759508,6.337809,-6.596448,74.690004,97.510000,-75.354998
8.320,-0.759508,6.337809,-6.596448,74.690004,97.510000,-75.354998
8.330,-0.759508,6.337809,-6.596448,74.690004,97.510000,-75.354998
8.340,-0.759508,6.337809,-6.596448,74.690004,97.510000,-75.354998
8.350,-0.759508,6.337809,-6.596448,74.690004,97.510000,-75.354998
8.360,-0.759508,6.337809,-6.596448,74.690004,97.510000,-75.354998
8.370,-0.759508,6.337809,-6.596448,74.690004,97.510000,-75.354998
8.380,-0.759508,6.337809,-6.596448,74.690004,97.510000,-75.354998
8.390,-0.759508,6.337809,-6.596448,74.690004,97.510000,-75.354998
8.400,-0.759508,6.337809,-6.596448,74.690004,97.510000,-75.354998
8.410,1.309670,6.079643,-1.655210,-43.575002,33.670001,45.149999
8.420,1.309670,6.079643,-1.655210,-43.575002,33.670001,45.149999
8.430,1.309670,6.079643,-1.655210,-43.575002,33.670001,45.149999
8.440,1.309670,6.079643,-1.655210,-43.575002,33.670001,45.149999
8.450,1.309670,6.079643,-1.655210,-43.575002,33.670001,45.149999
8.460,1.309670,6.079643,-1.655210,-43.575002,33.670001,45.149999
8.470,1.309670,6.079643,-1.655210,-43.575002,33.670001,45.149999
8.480,1.309670,6.079643,-1.655210,-43.575002,33.670001,45.149999
8.490,1.309670,6.079643,-1.655210,-43.575002,33.670001,45.149999
8.500,1.309670,6.079643,-1.655210,-43.575002,33.670001,45.149999
8.510,1.309670,6.079643,-1.655210,-43.575002,33.670001,45.149999
8.520,1.309670,6.079643,-1.655210,-43.575002,33.670001,45.149999
8.530,1.309670,6.079643,-1.655210,-43.575002,33.670001,45.149999
8.540,1.309670,6.079643,-1.655210,-43.575002,33.670001,45.149999
8.550,1.309670,6.079643,-1.655210,-43.575002,33.670001,45.149999
8.560,1.309670,6.079643,-1.655210,-43.575002,33.670001,45.149999
8.570,-2.137510,-1.922411,0.577786,-114.659998,67.165000,47.110000
8.580,-2.137510,-1.922411,0.577786,-114.659998,67.165000,47.110000
8.590,-2.137510,-1.922411,0.577786,-114.659998,67.165000,47.110000
8.600,-2.137510,-1.922411,0.577786,-114.659998,67.165000,47.110000
8.610,-2.137510,-1.922411,0.577786,-114.659998,67.165000,47.110000
8.620,-2.137510,-1.922411,0.577786,-114.659998,67.165000,47.110000
8.630,-2.137510,-1.922411,0.577786,-114.659998,67.165000,47.110000
8.640,-2.137510,-1.922411,0.577786,-114.659998,67.165000,47.110000
8.650,-2.137510,-1.922411,0.577786,-114.659998,67.165000,47.110000
8.660,-2.137510,-1.922411,0.577786,-114.659998,67.165000,47.110000
8.670,-2.137510,-1.922411,0.577786,-114.659998,67.165000,47.110000
8.680,-2.137510,-1.922411,0.577786,-114.659998,67.165000,47.110000
8.690,-2.137510,-1.922411,0.577786,-114.659998,67.165000,47.110000
8.700,-2.137510,-1.922411,0.577786,-114.659998,67.165000,47.110000
8.710,-2.137510,-1.922411,0.577786,-114.659998,67.165000,47.110000
8.720,-2.137510,-1.922411,0.577786,-114.659998,67.165000,47.110000
8.730,-3.717306,-6.178849,0.782094,-177.905008,66.044999,-7.315000
8.740,-3.717306,-6.178849,0.782094,-177.905008,66.044999,-7.315000
8.750,-3.717306,-6.178849,0.782094,-177.905008,66.044999,-7.315000
8.760,-3.717306,-6.178849,0.782094,-177.905008,66.044999,-7.315000
8.770,-3.717306,-6.178849,0.782094,-177.905008,66.044999,-7.315000
8.780,-3.717306,-6.178849,0.782094,-177.905008,66.044999,-7.315000
8.790,-3.717306,-6.178849,0.782094,-177.905008,66.044999,-7.315000
8.800,-3.717306,-6.178849,0.782094,-177.905008,66.044999,-7.315000
8.810,-3.717306,-6.178849,0.782094,-177.905008,66.044999,-7.315000
8.820,-3.717306,-6.178849,0.782094,-177.905008,66.044999,-7.315000
8.830,-3.717306,-6.178849,0.782094,-177.905008,66.044999,-7.315000
8.840,-3.717306,-6.178849,0.782094,-177.905008,66.044999,-7.315000
8.850,-3.717306,-6.178849,0.782094,-177.905008,66.044999,-7.315000
8.860,-3.717306,-6.178849,0.782094,-177.905008,66.044999,-7.315000
8.870,-3.717306,-6.178849,0.782094,-177.905008,66.044999,-7.315000
8.880,-3.717306,-6.178849,0.782094,-177.905008,66.044999,-7.315000
8.890,-0.799910,-8.773803,-2.682154,-203.175001,47.495001,-53.620001
8.900,-0.799910,-8.773803,-2.682154,-203.175001,47.495001,-53.620001
8.910,-0.799910,-8.773803,-2.682154,-203.175001,47.495001,-53.620001
8.920,-0.799910,-8.773803,-2.682154,-203.175001,47.495001,-53.620001
8.930,-0.799910,-8.773803,-2.682154,-203.175001,47.495001,-53.620001
8.940,-0.799910,-8.773803,-2.682154,-203.175001,47.495001,-53.620001
8.950,-0.799910,-8.773803,-2.682154,-203.175001,47.495001,-53.620001
8.960,-0.799910,-8.773803,-2.682154,-203.175001,47.495001,-53.620001
8.970,-0.799910,-8.773803,-2.682154,-203.175001,47.495001,-53.620001
8.980,-0.799910,-8.773803,-2.682154,-203.175001,47.495001,-53.620001
8.990,-0.799910,-8.773803,-2.682154,-203.175001,47.495001,-53.620001
9.000,-0.799910,-8.773803,-2.682154,-203.175001,47.495001,-53.620001
9.010,-0.799910,-8.773803,-2.682154,-203.175001,47.495001,-53.620001
9.020,-0.799910,-8.773803,-2.682154,-203.175001,47.495001,-53.620001
9.030,-0.799910,-8.773803,-2.682154,-203.175001,47.495001,-53.620001
9.040,-0.799910,-8.773803,-2.682154,-203.175001,47.495001,-53.620001
9.050,-3.901789,-6.766215,-5.304154,-228.270004,128.029997,-72.450002
9.060,-3.901789,-6.766215,-5.304154,-228.270004,128.029997,-72.450002
9.070,-3.901789,-6.766215,-5.304154,-228.270004,128.029997,-72.450002
9.080,-3.901789,-6.766215,-5.304154,-228.270004,128.029997,-72.450002
9.090,-3.901789,-6.766215,-5.304154,-228.270004,128.029997,-72.450002
9.100,-3.901789,-6.766215,-5.304154,-228.270004,128.029997,-72.450002
9.110,-3.901789,-6.766215,-5.304154,-228.270004,128.029997,-72.450002
9.120,-3.901789,-6.766215,-5.304154,-228.270004,128.029997,-72.450002
9.130,-3.901789,-6.766215,-5.304154,-228.270004,128.029997,-72.450002
9.140,-3.901789,-6.766215,-5.304154,-228.270004,128.029997,-72.450002
9.150,-3.901789,-6.766215,-5.304154,-228.270004,128.029997,-72.450002
9.160,-3.901789,-6.766215,-5.304154,-228.270004,128.029997,-72.450002
9.170,-3.901789,-6.766215,-5.304154,-228.270004,128.029997,-72.450002
9.180,-3.901789,-6.766215,-5.304154,-228.270004,128.029997,-72.450002
9.190,-3.901789,-6.766215,-5.304154,-228.270004,128.029997,-72.450002
9.200,-3.901789,-6.766215,-5.304154,-228.270004,128.029997,-72.450002
9.210,4.053513,-0.205103,5.354552,-133.070007,156.485002,-65.100001
9.220,4.053513,-0.205103,5.354552,-133.070007,156.485002,-65.100001
9.230,4.053513,-0.205103,5.354552,-133.070007,156.485002,-65.100001
9.240,4.053513,-0.205103,5.354552,-133.070007,156.485002,-65.100001
9.250,4.053513,-0.205103,5.354552,-133.070007,156.485002,-65.100001
9.260,4.053513,-0.205103,5.354552,-133.070007,156.485002,-65.100001
9.270,4.053513,-0.205103,5.354552,-133.070007,156.485002,-65.100001
9.280,4.053513,-0.205103,5.354552,-133.070007,156.485002,-65.100001
9.290,4.053513,-0.205103,5.354552,-133.070007,156.485002,-65.100001
9.300,4.053513,-0.205103,5.354552,-133.070007,156.485002,-65.100001
9.310,4.053513,-0.205103,5.354552,-133.070007,156.485002,-65.100001
9.320,4.053513,-0.205103,5.354552,-133.070007,156.485002,-65.100001
9.330,4.053513,-0.205103,5.354552,-133.070007,156.485002,-65.100001
9.340,4.053513,-0.205103,5.354552,-133.070007,156.485002,-65.100001
9.350,4.053513,-0.205103,5.354552,-133.070007,156.485002,-65.100001
9.360,4.053513,-0.205103,5.354552,-133.070007,156.485002,-65.100001
9.370,-6.498718,0.058099,2.586632,403.200000,93.205000,147.105008
9.380,-6.498718,0.058099,2.586632,403.200000,93.205000,147.105008
9.390,-6.498718,0.058099,2.586632,403.200000,93.205000,147.105008
9.400,-6.498718,0.058099,2.586632,403.200000,93.205000,147.105008
9.410,-6.498718,0.058099,2.586632,403.200000,93.205000,147.105008
9.420,-6.498718,0.058099,2.586632,403.200000,93.205000,147.105008
9.430,-6.498718,0.058099,2.586632,403.200000,93.205000,147.105008
9.440,-6.498718,0.058099,2.586632,403.200000,93.205000,147.105008
9.450,-6.498718,0.058099,2.586632,403.200000,93.205000,147.105008
9.460,-6.498718,0.058099,2.586632,403.200000,93.205000,147.105008
9.470,-6.498718,0.058099,2.586632,403.200000,93.205000,147.105008
9.480,-6.498718,0.058099,2.586632,403.200000,93.205000,147.105008
9.490,-6.498718,0.058099,2.586632,403.200000,93.205000,147.105008
9.500,-6.498718,0.058099,2.586632,403.200000,93.205000,147.105008
9.510,-6.498718,0.058099,2.586632,403.200000,93.205000,147.105008
9.520,-6.498718,0.058099,2.586632,403.200000,93.205000,147.105008
9.530,1.569913,2.593910,-7.172313,257.740002,-157.254997,305.899994
9.540,1.569913,2.593910,-7.172313,257.740002,-157.254997,305.899994
9.550,1.569913,2.593910,-7.172313,257.740002,-157.254997,305.899994
9.560,1.569913,2.593910,-7.172313,257.740002,-157.254997,305.899994
9.570,1.569913,2.593910,-7.172313,257.740002,-157.254997,305.899994
9.580,1.569913,2.593910,-7.172313,257.740002,-157.254997,305.899994
9.590,1.569913,2.593910,-7.172313,257.740002,-157.254997,305.899994
9.600,1.569913,2.593910,-7.172313,257.740002,-157.254997,305.899994
9.610,1.569913,2.593910,-7.172313,257.740002,-157.254997,305.899994
9.620,1.569913,2.593910,-7.172313,257.740002,-157.254997,305.899994
9.630,1.569913,2.593910,-7.172313,257.740002,-157.254997,305.899994
9.640,1.569913,2.593910,-7.172313,257.740002,-157.254997,305.899994
9.650,1.569913,2.593910,-7.172313,257.740002,-157.254997,305.899994
9.660,1.569913,2.593910,-7.172313,257.740002,-157.254997,305.899994
9.670,1.569913,2.593910,-7.172313,257.740002,-157.254997,305.899994
9.680,1.569913,2.593910,-7.172313,257.740002,-157.254997,305.899994
9.690,3.644386,5.151198,2.659094,70.000000,2.100000,123.340007
9.700,3.644386,5.151198,2.659094,70.000000,2.100000,123.340007
9.710,3.644386,5.151198,2.659094,70.000000,2.100000,123.340007
9.720,3.644386,5.151198,2.659094,70.000000,2.100000,123.340007
9.730,3.644386,5.151198,2.659094,70.000000,2.100000,123.340007
9.740,3.644386,5.151198,2.659094,70.000000,2.100000,123.340007
9.750,3.644386,5.151198,2.659094,70.000000,2.100000,123.340007
9.760,3.644386,5.151198,2.659094,70.000000,2.100000,123.340007
9.770,3.644386,5.151198,2.659094,70.000000,2.100000,123.340007
9.780,3.644386,5.151198,2.659094,70.000000,2.100000,123.340007
9.790,3.644386,5.151198,2.659094,70.000000,2.100000,123.340007
9.800,3.644386,5.151198,2.659094,70.000000,2.100000,123.340007
9.810,3.644386,5.151198,2.659094,70.000000,2.100000,123.340007
9.820,3.644386,5.151198,2.659094,70.000000,2.100000,123.340007
9.830,3.644386,5.151198,2.659094,70.000000,2.100000,123.340007
9.840,3.644386,5.151198,2.659094,70.000000,2.100000,123.340007
9.850,6.614071,3.084748,11.072013,56.595002,-99.855002,-37.100000
9.860,6.614071,3.084748,11.072013,56.595002,-99.855002,-37.100000
9.870,6.614071,3.084748,11.072013,56.595002,-99.855002,-37.100000
9.880,6.614071,3.084748,11.072013,56.595002,-99.855002,-37.100000
9.890,6.614071,3.084748,11.072013,56.595002,-99.855002,-37.100000
9.900,6.614071,3.084748,11.072013,56.595002,-99.855002,-37.100000
9.910,6.614071,3.084748,11.072013,56.595002,-99.855002,-37.100000
9.920,6.614071,3.084748,11.072013,56.595002,-99.855002,-37.100000
9.930,6.614071,3.084748,11.072013,56.595002,-99.855002,-37.100000
9.940,6.614071,3.084748,11.072013,56.595002,-99.855002,-37.100000
9.950,6.614071,3.084748,11.072013,56.595002,-99.855002,-37.100000
9.960,6.614071,3.084748,11.072013,56.595002,-99.855002,-37.100000
9.970,6.614071,3.084748,11.072013,56.595002,-99.855002,-37.100000
9.980,6.614071,3.084748,11.072013,56.595002,-99.855002,-37.100000
9.990,6.614071,3.084748,11.072013,56.595002,-99.855002,-37.100000
10.000,6.614071,3.084748,11.072013,56.595002,-99.855002,-37.100000
10.010,0.776751,4.639818,-6.788977,61.739999,109.654999,-98.875000
10.020,0.776751,4.639818,-6.788977,61.739999,109.654999,-98.875000
10.030,0.776751,4.639818,-6.788977,61.739999,109.654999,-98.875000
10.040,0.776751,4.639818,-6.788977,61.739999,109.654999,-98.875000
10.050,0.776751,4.639818,-6.788977,61.739999,109.654999,-98.875000
10.060,0.776751,4.639818,-6.788977,61.739999,109.654999,-98.875000
10.070,0.776751,4.639818,-6.788977,61.739999,109.654999,-98.875000
10.080,0.776751,4.639818,-6.788977,61.739999,109.654999,-98.875000
10.090,0.776751,4.639818,-6.788977,61.739999,109.654999,-98.875000
10.100,0.776751,4.639818,-6.788977,61.739999,109.654999,-98.875000
10.110,0.776751,4.639818,-6.788977,61.739999,109.654999,-98.875000
10.120,0.776751,4.639818,-6.788977,61.739999,109.654999,-98.875000
10.130,0.776751,4.639818,-6.788977,61.739999,109.654999,-98.875000
10.140,0.776751,4.639818,-6.788977,61.739999,109.654999,-98.875000
10.150,0.776751,4.639818,-6.788977,61.739999,109.654999,-98.875000
10.160,0.776751,4.639818,-6.788977,61.739999,109.654999,-98.875000
10.170,1.439260,6.060088,-1.347631,-49.980001,56.630000,30.555002
10.180,1.439260,6.060088,-1.347631,-49.980001,56.630000,30.555002
10.190,1.439260,6.060088,-1.347631,-49.980001,56.630000,30.555002
10.200,1.439260,6.060088,-1.347631,-49.980001,56.630000,30.555002
10.210,1.439260,6.060088,-1.347631,-49.980001,56.630000,30.555002
10.220,1.439260,6.060088,-1.347631,-49.980001,56.630000,30.555002
10.230,1.439260,6.060088,-1.347631,-49.980001,56.630000,30.555002
10.240,1.439260,6.060088,-1.347631,-49.980001,56.630000,30.555002
10.250,1.439260,6.060088,-1.347631,-49.980001,56.630000,30.555002
10.260,1.439260,6.060088,-1.347631,-49.980001,56.630000,30.555002
10.270,1.439260,6.060088,-1.347631,-49.980001,56.630000,30.555002
10.280,1.439260,6.060088,-1.347631,-49.980001,56.630000,30.555002
10.290,1.439260,6.060088,-1.347631,-49.980001,56.630000,30.555002
10.300,1.439260,6.060088,-1.347631,-49.980001,56.630000,30.555002
10.310,1.439260,6.060088,-1.347631,-49.980001,56.630000,30.555002
10.320,1.439260,6.060088,-1.347631,-49.980001,56.630000,30.555002
10.330,-3.219447,0.052005,-0.746747,-110.669999,142.625005,-27.930001
10.340,-3.219447,0.052005,-0.746747,-110.669999,142.625005,-27.930001
10.350,-3.219447,0.052005,-0.746747,-110.669999,142.625005,-27.930001
10.360,-3.219447,0.052005,-0.746747,-110.669999,142.625005,-27.930001
10.370,-3.219447,0.052005,-0.746747,-110.669999,142.625005,-27.930001
10.380,-3.219447,0.052005,-0.746747,-110.669999,142.625005,-27.930001
10.390,-3.219447,0.052005,-0.746747,-110.669999,142.625005,-27.930001
10.400,-3.219447,0.052005,-0.746747,-110.669999,142.625005,-27.930001
10.410,-3.219447,0.052005,-0.746747,-110.669999,142.625005,-27.930001
10.420,-3.219447,0.052005,-0.746747,-110.669999,142.625005,-27.930001
10.430,-3.219447,0.052005,-0.746747,-110.669999,142.625005,-27.930001
10.440,-3.219447,0.052005,-0.746747,-110.669999,142.625005,-27.930001
10.450,-3.219447,0.052005,-0.746747,-110.669999,142.625005,-27.930001
10.460,-3.219447,0.052005,-0.746747,-110.669999,142.625005,-27.930001
10.470,-3.219447,0.052005,-0.746747,-110.669999,142.625005,-27.930001
10.480,-3.219447,0.052005,-0.746747,-110.669999,142.625005,-27.930001
10.490,4.143530,-8.571776,-0.072589,-210.350005,29.854999,-75.004998
10.500,4.143530,-8.571776,-0.072589,-210.350005,29.854999,-75.004998
10.510,4.143530,-8.571776,-0.072589,-210.350005,29.854999,-75.004998
10.520,4.143530,-8.571776,-0.072589,-210.350005,29.854999,-75.004998
10.530,4.143530,-8.571776,-0.072589,-210.350005,29.854999,-75.004998
10.540,4.143530,-8.571776,-0.072589,-210.350005,29.854999,-75.004998
10.550,4.143530,-8.571776,-0.072589,-210.350005,29.854999,-75.004998
10.560,4.143530,-8.571776,-0.072589,-210.350005,29.854999,-75.004998
10.570,4.143530,-8.571776,-0.072589,-210.350005,29.854999,-75.004998
10.580,4.143530,-8.571776,-0.072589,-210.350005,29.854999,-75.004998
10.590,4.143530,-8.571776,-0.072589,-210.350005,29.854999,-75.004998
10.600,4.143530,-8.571776,-0.072589,-210.350005,29.854999,-75.004998
10.610,4.143530,-8.571776,-0.072589,-210.350005,29.854999,-75.004998
10.620,4.143530,-8.571776,-0.072589,-210.350005,29.854999,-75.004998
10.630,4.143530,-8.571776,-0.072589,-210.350005,29.854999,-75.004998
10.640,4.143530,-8.571776,-0.072589,-210.350005,29.854999,-75.004998
10.650,-5.503499,-13.157044,-2.367997,-287.980009,51.484999,-145.355004
10.660,-5.503499,-13.157044,-2.367997,-287.980009,51.484999,-145.355004
10.670,-5.503499,-13.157044,-2.367997,-287.980009,51.484999,-145.355004
10.680,-5.503499,-13.157044,-2.367997,-287.980009,51.484999,-145.355004
10.690,-5.503499,-13.157044,-2.367997,-287.980009,51.484999,-145.355004
10.700,-5.503499,-13.157044,-2.367997,-287.980009,51.484999,-145.355004
10.710,-5.503499,-13.157044,-2.367997,-287.980009,51.484999,-145.355004
10.720,-5.503499,-13.157044,-2.367997,-287.980009,51.484999,-145.355004
10.730,-5.503499,-13.157044,-2.367997,-287.980009,51.484999,-145.355004
10.740,-5.503499,-13.157044,-2.367997,-287.980009,51.484999,-145.355004
10.750,-5.503499,-13.157044,-2.367997,-287.980009,51.484999,-145.355004
10.760,-5.503499,-13.157044,-2.367997,-287.980009,51.484999,-145.355004
10.770,-5.503499,-13.157044,-2.367997,-287.980009,51.484999,-145.355004
10.780,-5.503499,-13.157044,-2.367997,-287.980009,51.484999,-145.355004
10.790,-5.503499,-13.157044,-2.367997,-287.980009,51.484999,-145.355004
10.800,-5.503499,-13.157044,-2.367997,-287.980009,51.484999,-145.355004
10.810,0.956381,-2.297243,0.645372,-210.909999,38.710001,-91.700002
10.820,0.956381,-2.297243,0.645372,-210.909999,38.710001,-91.700002
10.830,0.956381,-2.297243,0.645372,-210.909999,38.710001,-91.700002
10.840,0.956381,-2.297243,0.645372,-210.909999,38.710001,-91.700002
10.850,0.956381,-2.297243,0.645372,-210.909999,38.710001,-91.700002
10.860,0.956381,-2.297243,0.645372,-210.909999,38.710001,-91.700002
10.870,0.956381,-2.297243,0.645372,-210.909999,38.710001,-91.700002
10.880,0.956381,-2.297243,0.645372,-210.909999,38.710001,-91.700002
10.890,0.956381,-2.297243,0.645372,-210.909999,38.710001,-91.700002
10.900,0.956381,-2.297243,0.645372,-210.909999,38.710001,-91.700002
10.910,0.956381,-2.297243,0.645372,-210.909999,38.710001,-91.700002
10.920,0.956381,-2.297243,0.645372,-210.909999,38.710001,-91.700002
10.930,0.956381,-2.297243,0.645372,-210.909999,38.710001,-91.700002
10.940,0.956381,-2.297243,0.645372,-210.909999,38.710001,-91.700002
10.950,0.956381,-2.297243,0.645372,-210.909999,38.710001,-91.700002
10.960,0.956381,-2.297243,0.645372,-210.909999,38.710001,-91.700002
10.970,2.094366,1.812884,4.059716,101.465001,230.020007,-30.484999
10.980,2.094366,1.812884,4.059716,101.465001,230.020007,-30.484999
10.990,2.094366,1.812884,4.059716,101.465001,230.020007,-30.484999
11.000,2.094366,1.812884,4.059716,101.465001,230.020007,-30.484999
11.010,2.094366,1.812884,4.059716,101.465001,230.020007,-30.484999
11.020,2.094366,1.812884,4.059716,101.465001,230.020007,-30.484999
11.030,2.094366,1.812884,4.059716,101.465001,230.020007,-30.484999
11.040,2.094366,1.812884,4.059716,101.465001,230.020007,-30.484999
11.050,2.094366,1.812884,4.059716,101.465001,230.020007,-30.484999
11.060,2.094366,1.812884,4.059716,101.465001,230.020007,-30.484999
11.070,2.094366,1.812884,4.059716,101.465001,230.020007,-30.484999
11.080,2.094366,1.812884,4.059716,101.465001,230.020007,-30.484999
11.090,2.094366,1.812884,4.059716,101.465001,230.020007,-30.484999
11.100,2.094366,1.812884,4.059716,101.465001,230.020007,-30.484999
11.110,2.094366,1.812884,4.059716,101.465001,230.020007,-30.484999
11.120,2.094366,1.812884,4.059716,101.465001,230.020007,-30.484999
11.130,-5.208316,0.661179,-2.783700,369.985009,46.899999,166.635005
11.140,-5.208316,0.661179,-2.783700,369.985009,46.899999,166.635005
11.150,-5.208316,0.661179,-2.783700,369.985009,46.899999,166.635005
11.160,-5.208316,0.661179,-2.783700,369.985009,46.899999,166.635005
11.170,-5.208316,0.661179,-2.783700,369.985009,46.899999,166.635005
11.180,-5.208316,0.661179,-2.783700,369.985009,46.899999,166.635005
11.190,-5.208316,0.661179,-2.783700,369.985009,46.899999,166.635005
11.200,-5.208316,0.661179,-2.783700,369.985009,46.899999,166.635005
11.210,-5.208316,0.661179,-2.783700,369.985009,46.899999,166.635005
11.220,-5.208316,0.661179,-2.783700,369.985009,46.899999,166.635005
11.230,-5.208316,0.661179,-2.783700,369.985009,46.899999,166.635005
11.240,-5.208316,0.661179,-2.783700,369.985009,46.899999,166.635005
11.250,-5.208316,0.661179,-2.783700,369.985009,46.899999,166.635005
11.260,-5.208316,0.661179,-2.783700,369.985009,46.899999,166.635005
11.270,-5.208316,0.661179,-2.783700,369.985009,46.899999,166.635005
11.280,-5.208316,0.661179,-2.783700,369.985009,46.899999,166.635005
11.290,2.989137,6.751952,-2.579387,237.825001,-169.224999,286.510016
11.300,2.989137,6.751952,-2.579387,237.825001,-169.224999,286.510016
11.310,2.989137,6.751952,-2.579387,237.825001,-169.224999,286.510016
11.320,2.989137,6.751952,-2.579387,237.825001,-169.224999,286.510016
11.330,2.989137,6.751952,-2.579387,237.825001,-169.224999,286.510016
11.340,2.989137,6.751952,-2.579387,237.825001,-169.224999,286.510016
11.350,2.989137,6.751952,-2.579387,237.825001,-169.224999,286.510016
11.360,2.989137,6.751952,-2.579387,237.825001,-169.224999,286.510016
11.370,2.989137,6.751952,-2.579387,237.825001,-169.224999,286.510016
11.380,2.989137,6.751952,-2.579387,237.825001,-169.224999,286.510016
11.390,2.989137,6.751952,-2.579387,237.825001,-169.224999,286.510016
11.400,2.989137,6.751952,-2.579387,237.825001,-169.224999,286.510016
11.410,2.989137,6.751952,-2.579387,237.825001,-169.224999,286.510016
11.420,2.989137,6.751952,-2.579387,237.825001,-169.224999,286.510016
11.430,2.989137,6.751952,-2.579387,237.825001,-169.224999,286.510016
11.440,2.989137,6.751952,-2.579387,237.825001,-169.224999,286.510016
11.450,1.895231,2.829232,5.651566,87.290002,20.440000,102.690002
11.460,1.895231,2.829232,5.651566,87.290002,20.440000,102.690002
11.470,1.895231,2.829232,5.651566,87.290002,20.440000,102.690002
11.480,1.895231,2.829232,5.651566,87.290002,20.440000,102.690002
11.490,1.895231,2.829232,5.651566,87.290002,20.440000,102.690002
11.500,1.895231,2.829232,5.651566,87.290002,20.440000,102.690002
11.510,1.895231,2.829232,5.651566,87.290002,20.440000,102.690002
11.520,1.895231,2.829232,5.651566,87.290002,20.440000,102.690002
11.530,1.895231,2.829232,5.651566,87.290002,20.440000,102.690002
11.540,1.895231,2.829232,5.651566,87.290002,20.440000,102.690002
11.550,1.895231,2.829232,5.651566,87.290002,20.440000,102.690002
11.560,1.895231,2.829232,5.651566,87.290002,20.440000,102.690002
11.570,1.895231,2.829232,5.651566,87.290002,20.440000,102.690002
11.580,1.895231,2.829232,5.651566,87.290002,20.440000,102.690002
11.590,1.895231,2.829232,5.651566,87.290002,20.440000,102.690002
11.600,1.895231,2.829232,5.651566,87.290002,20.440000,102.690002
11.610,5.189848,4.182577,6.744988,53.864999,-33.670001,-30.660002
11.620,5.189848,4.182577,6.744988,53.864999,-33.670001,-30.660002
11.630,5.189848,4.182577,6.744988,53.864999,-33.670001,-30.660002
11.640,5.189848,4.182577,6.744988,53.864999,-33.670001,-30.660002
11.650,5.189848,4.182577,6.744988,53.864999,-33.670001,-30.660002
11.660,5.189848,4.182577,6.744988,53.864999,-33.670001,-30.660002
11.670,5.189848,4.182577,6.744988,53.864999,-33.670001,-30.660002
11.680,5.189848,4.182577,6.744988,53.864999,-33.670001,-30.660002
11.690,5.189848,4.182577,6.744988,53.864999,-33.670001,-30.660002
11.700,5.189848,4.182577,6.744988,53.864999,-33.670001,-30.660002
11.710,5.189848,4.182577,6.744988,53.864999,-33.670001,-30.660002
11.720,5.189848,4.182577,6.744988,53.864999,-33.670001,-30.660002
11.730,5.189848,4.182577,6.744988,53.864999,-33.670001,-30.660002
11.740,5.189848,4.182577,6.744988,53.864999,-33.670001,-30.660002
11.750,5.189848,4.182577,6.744988,53.864999,-33.670001,-30.660002
11.760,5.189848,4.182577,6.744988,53.864999,-33.670001,-30.660002
11.770,-2.481018,5.903069,-5.485178,52.360001,47.950001,-102.514999
11.780,-2.481018,5.903069,-5.485178,52.360001,47.950001,-102.514999
11.790,-2.481018,5.903069,-5.485178,52.360001,47.950001,-102.514999
11.800,-2.481018,5.903069,-5.485178,52.360001,47.950001,-102.514999
11.810,-2.481018,5.903069,-5.485178,52.360001,47.950001,-102.514999
11.820,-2.481018,5.903069,-5.485178,52.360001,47.950001,-102.514999
11.830,-2.481018,5.903069,-5.485178,52.360001,47.950001,-102.514999
11.840,-2.481018,5.903069,-5.485178,52.360001,47.950001,-102.514999
11.850,-2.481018,5.903069,-5.485178,52.360001,47.950001,-102.514999
11.860,-2.481018,5.903069,-5.485178,52.360001,47.950001,-102.514999
11.870,-2.481018,5.903069,-5.485178,52.360001,47.950001,-102.514999
11.880,-2.481018,5.903069,-5.485178,52.360001,47.950001,-102.514999
11.890,-2.481018,5.903069,-5.485178,52.360001,47.950001,-102.514999
11.900,-2.481018,5.903069,-5.485178,52.360001,47.950001,-102.514999
11.910,-2.481018,5.903069,-5.485178,52.360001,47.950001,-102.514999
11.920,-2.481018,5.903069,-5.485178,52.360001,47.950001,-102.514999
11.930,1.880385,5.856349,-1.645345,-33.495002,43.190001,68.109998
11.940,1.880385,5.856349,-1.645345,-33.495002,43.190001,68.109998
11.950,1.880385,5.856349,-1.645345,-33.495002,43.190001,68.109998
11.960,1.880385,5.856349,-1.645345,-33.495002,43.190001,68.109998
11.970,1.880385,5.856349,-1.645345,-33.495002,43.190001,68.109998
11.980,1.880385,5.856349,-1.645345,-33.495002,43.190001,68.109998
11.990,1.880385,5.856349,-1.645345,-33.495002,43.190001,68.109998
12.000,1.880385,5.856349,-1.645345,-33.495002,43.190001,68.109998
12.010,1.880385,5.856349,-1.645345,-33.495002,43.190001,68.109998
12.020,1.880385,5.856349,-1.645345,-33.495002,43.190001,68.109998
12.030,1.880385,5.856349,-1.645345,-33.495002,43.190001,68.109998
12.040,1.880385,5.856349,-1.645345,-33.495002,43.190001,68.109998
12.050,1.880385,5.856349,-1.645345,-33.495002,43.190001,68.109998
12.060,1.880385,5.856349,-1.645345,-33.495002,43.190001,68.109998
12.070,1.880385,5.856349,-1.645345,-33.495002,43.190001,68.109998
12.080,1.880385,5.856349,-1.645345,-33.495002,43.190001,68.109998
12.090,-3.458393,-0.905860,0.823183,-94.919999,91.700002,51.555002
12.100,-3.458393,-0.905860,0.823183,-94.919999,91.700002,51.555002
12.110,-3.458393,-0.905860,0.823183,-94.919999,91.700002,51.555002
12.120,-3.458393,-0.905860,0.823183,-94.919999,91.700002,51.555002
12.130,-3.458393,-0.905860,0.823183,-94.919999,91.700002,51.555002
12.140,-3.458393,-0.905860,0.823183,-94.919999,91.700002,51.555002
12.150,-3.458393,-0.905860,0.823183,-94.919999,91.700002,51.555002
12.160,-3.458393,-0.905860,0.823183,-94.919999,91.700002,51.555002
12.170,-3.458393,-0.905860,0.823183,-94.919999,91.700002,51.555002
12.180,-3.458393,-0.905860,0.823183,-94.919999,91.700002,51.555002
12.190,-3.458393,-0.905860,0.823183,-94.919999,91.700002,51.555002
12.200,-3.458393,-0.905860,0.823183,-94.919999,91.700002,51.555002
12.210,-3.458393,-0.905860,0.823183,-94.919999,91.700002,51.555002
12.220,-3.458393,-0.905860,0.823183,-94.919999,91.700002,51.555002
12.230,-3.458393,-0.905860,0.823183,-94.919999,91.700002,51.555002
12.240,-3.458393,-0.905860,0.823183,-94.919999,91.700002,51.555002
12.250,-1.902887,-7.030058,1.805848,-192.535000,46.725000,-57.050002
12.260,-1.902887,-7.030058,1.805848,-192.535000,46.725000,-57.050002
12.270,-1.902887,-7.030058,1.805848,-192.535000,46.725000,-57.050002
12.280,-1.902887,-7.030058,1.805848,-192.535000,46.725000,-57.050002
12.290,-1.902887,-7.030058,1.805848,-192.535000,46.725000,-57.050002
12.300,-1.902887,-7.030058,1.805848,-192.535000,46.725000,-57.050002
12.310,-1.902887,-7.030058,1.805848,-192.535000,46.725000,-57.050002
12.320,-1.902887,-7.030058,1.805848,-192.535000,46.725000,-57.050002
12.330,-1.902887,-7.030058,1.805848,-192.535000,46.725000,-57.050002
12.340,-1.902887,-7.030058,1.805848,-192.535000,46.725000,-57.050002
12.350,-1.902887,-7.030058,1.805848,-192.535000,46.725000,-57.050002
12.360,-1.902887,-7.030058,1.805848,-192.535000,46.725000,-57.050002
12.370,-1.902887,-7.030058,1.805848,-192.535000,46.725000,-57.050002
12.380,-1.902887,-7.030058,1.805848,-192.535000,46.725000,-57.050002
12.390,-1.902887,-7.030058,1.805848,-192.535000,46.725000,-57.050002
12.400,-1.902887,-7.030058,1.805848,-192.535000,46.725000,-57.050002
12.410,-5.377932,-10.015970,-0.466853,-170.310002,81.234998,-119.595000
12.420,-5.377932,-10.015970,-0.466853,-170.310002,81.234998,-119.595000
12.430,-5.377932,-10.015970,-0.466853,-170.310002,81.234998,-119.595000
12.440,-5.377932,-10.015970,-0.466853,-170.310002,81.234998,-119.595000
12.450,-5.377932,-10.015970,-0.466853,-170.310002,81.234998,-119.595000
12.460,-5.377932,-10.015970,-0.466853,-170.310002,81.234998,-119.595000
12.470,-5.377932,-10.015970,-0.466853,-170.310002,81.234998,-119.595000
12.480,-5.377932,-10.015970,-0.466853,-170.310002,81.234998,-119.595000
12.490,-5.377932,-10.015970,-0.466853,-170.310002,81.234998,-119.595000
12.500,-5.377932,-10.015970,-0.466853,-170.310002,81.234998,-119.595000
12.510,-5.377932,-10.015970,-0.466853,-170.310002,81.234998,-119.595000
12.520,-5.377932,-10.015970,-0.466853,-170.310002,81.234998,-119.595000
12.530,-5.377932,-10.015970,-0.466853,-170.310002,81.234998,-119.595000
12.540,-5.377932,-10.015970,-0.466853,-170.310002,81.234998,-119.595000
12.550,-5.377932,-10.015970,-0.466853,-170.310002,81.234998,-119.595000
12.560,-5.377932,-10.015970,-0.466853,-170.310002,81.234998,-119.595000
12.570,-2.626404,-2.860453,-4.033738,-193.514996,71.785001,-86.520001
12.580,-2.626404,-2.860453,-4.033738,-193.514996,71.785001,-86.520001
12.590,-2.626404,-2.860453,-4.033738,-193.514996,71.785001,-86.520001
12.600,-2.626404,-2.860453,-4.033738,-193.514996,71.785001,-86.520001
12.610,-2.626404,-2.860453,-4.033738,-193.514996,71.785001,-86.520001
12.620,-2.626404,-2.860453,-4.033738,-193.514996,71.785001,-86.520001
12.630,-2.626404,-2.860453,-4.033738,-193.514996,71.785001,-86.520001
12.640,-2.626404,-2.860453,-4.033738,-193.514996,71.785001,-86.520001
12.650,-2.626404,-2.860453,-4.033738,-193.514996,71.785001,-86.520001
12.660,-2.626404,-2.860453,-4.033738,-193.514996,71.785001,-86.520001
12.670,-2.626404,-2.860453,-4.033738,-193.514996,71.785001,-86.520001
12.680,-2.626404,-2.860453,-4.033738,-193.514996,71.785001,-86.520001
12.690,-2.626404,-2.860453,-4.033738,-193.514996,71.785001,-86.520001
12.700,-2.626404,-2.860453,-4.033738,-193.514996,71.785001,-86.520001
12.710,-2.626404,-2.860453,-4.033738,-193.514996,71.785001,-86.520001
12.720,-2.626404,-2.860453,-4.033738,-193.514996,71.785001,-86.520001
12.730,5.975955,-1.227253,4.924788,-6.825000,180.109998,-131.424997
12.740,5.975955,-1.227253,4.924788,-6.825000,180.109998,-131.424997
12.750,5.975955,-1.227253,4.924788,-6.825000,180.109998,-131.424997
12.760,5.975955,-1.227253,4.924788,-6.825000,180.109998,-131.424997
12.770,5.975955,-1.227253,4.924788,-6.825000,180.109998,-131.424997
12.780,5.975955,-1.227253,4.924788,-6.825000,180.109998,-131.424997
12.790,5.975955,-1.227253,4.924788,-6.825000,180.109998,-131.424997
12.800,5.975955,-1.227253,4.924788,-6.825000,180.109998,-131.424997
12.810,5.975955,-1.227253,4.924788,-6.825000,180.109998,-131.424997
12.820,5.975955,-1.227253,4.924788,-6.825000,180.109998,-131.424997
12.830,5.975955,-1.227253,4.924788,-6.825000,180.109998,-131.424997
12.840,5.975955,-1.227253,4.924788,-6.825000,180.109998,-131.424997
12.850,5.975955,-1.227253,4.924788,-6.825000,180.109998,-131.424997
12.860,5.975955,-1.227253,4.924788,-6.825000,180.109998,-131.424997
12.870,5.975955,-1.227253,4.924788,-6.825000,180.109998,-131.424997
12.880,5.975955,-1.227253,4.924788,-6.825000,180.109998,-131.424997
12.890,-6.104234,2.167052,-0.040291,338.099992,50.225000,72.905002
12.900,-6.104234,2.167052,-0.040291,338.099992,50.225000,72.905002
12.910,-6.104234,2.167052,-0.040291,338.099992,50.225000,72.905002
12.920,-6.104234,2.167052,-0.040291,338.099992,50.225000,72.905002
12.930,-6.104234,2.167052,-0.040291,338.099992,50.225000,72.905002
12.940,-6.104234,2.167052,-0.040291,338.099992,50.225000,72.905002
12.950,-6.104234,2.167052,-0.040291,338.099992,50.225000,72.905002
12.960,-6.104234,2.167052,-0.040291,338.099992,50.225000,72.905002
12.970,-6.104234,2.167052,-0.040291,338.099992,50.225000,72.905002
12.980,-6.104234,2.167052,-0.040291,338.099992,50.225000,72.905002
12.990,-6.104234,2.167052,-0.040291,338.099992,50.225000,72.905002
13.000,-6.104234,2.167052,-0.040291,338.099992,50.225000,72.905002
13.010,-6.104234,2.167052,-0.040291,338.099992,50.225000,72.905002
13.020,-6.104234,2.167052,-0.040291,338.099992,50.225000,72.905002
13.030,-6.104234,2.167052,-0.040291,338.099992,50.225000,72.905002
13.040,-6.104234,2.167052,-0.040291,338.099992,50.225000,72.905002
13.050,-0.083492,3.719871,-6.536800,289.589994,-166.564996,243.285000
13.060,-0.083492,3.719871,-6.536800,289.589994,-166.564996,243.285000
13.070,-0.083492,3.719871,-6.536800,289.589994,-166.564996,243.285000
13.080,-0.083492,3.719871,-6.536800,289.589994,-166.564996,243.285000
13.090,-0.083492,3.719871,-6.536800,289.589994,-166.564996,243.285000
13.100,-0.083492,3.719871,-6.536800,289.589994,-166.564996,243.285000
13.110,-0.083492,3.719871,-6.536800,289.589994,-166.564996,243.285000
13.120,-0.083492,3.719871,-6.536800,289.589994,-166.564996,243.285000
13.130,-0.083492,3.719871,-6.536800,289.589994,-166.564996,243.285000
13.140,-0.083492,3.719871,-6.536800,289.589994,-166.564996,243.285000
13.150,-0.083492,3.719871,-6.536800,289.589994,-166.564996,243.285000
13.160,-0.083492,3.719871,-6.536800,289.589994,-166.564996,243.285000
13.170,-0.083492,3.719871,-6.536800,289.589994,-166.564996,243.285000
13.180,-0.083492,3.719871,-6.536800,289.589994,-166.564996,243.285000
13.190,-0.083492,3.719871,-6.536800,289.589994,-166.564996,243.285000
13.200,-0.083492,3.719871,-6.536800,289.589994,-166.564996,243.285000
13.210,2.055427,2.023962,2.068087,102.340003,-6.685000,128.625002
13.220,2.055427,2.023962,2.068087,102.340003,-6.685000,128.625002
13.230,2.055427,2.023962,2.068087,102.340003,-6.685000,128.625002
13.240,2.055427,2.023962,2.068087,102.340003,-6.685000,128.625002
13.250,2.055427,2.023962,2.068087,102.340003,-6.685000,128.625002
13.260,2.055427,2.023962,2.068087,102.340003,-6.685000,128.625002
13.270,2.055427,2.023962,2.068087,102.340003,-6.685000,128.625002
13.280,2.055427,2.023962,2.068087,102.340003,-6.685000,128.625002
13.290,2.055427,2.023962,2.068087,102.340003,-6.685000,128.625002
13.300,2.055427,2.023962,2.068087,102.340003,-6.685000,128.625002
13.310,2.055427,2.023962,2.068087,102.340003,-6.685000,128.625002
13.320,2.055427,2.023962,2.068087,102.340003,-6.685000,128.625002
13.330,2.055427,2.023962,2.068087,102.340003,-6.685000,128.625002
13.340,2.055427,2.023962,2.068087,102.340003,-6.685000,128.625002
13.350,2.055427,2.023962,2.068087,102.340003,-6.685000,128.625002
13.360,2.055427,2.023962,2.068087,102.340003,-6.685000,128.625002
13.370,9.062536,1.247589,5.988933,30.484999,-127.329998,-8.470000
13.380,9.062536,1.247589,5.988933,30.484999,-127.329998,-8.470000
13.390,9.062536,1.247589,5.988933,30.484999,-127.329998,-8.470000
13.400,9.062536,1.247589,5.988933,30.484999,-127.329998,-8.470000
13.410,9.062536,1.247589,5.988933,30.484999,-127.329998,-8.470000
13.420,9.062536,1.247589,5.988933,30.484999,-127.329998,-8.470000
13.430,9.062536,1.247589,5.988933,30.484999,-127.329998,-8.470000
13.440,9.062536,1.247589,5.988933,30.484999,-127.329998,-8.470000
13.450,9.062536,1.247589,5.988933,30.484999,-127.329998,-8.470000
13.460,9.062536,1.247589,5.988933,30.484999,-127.329998,-8.470000
13.470,9.062536,1.247589,5.988933,30.484999,-127.329998,-8.470000
13.480,9.062536,1.247589,5.988933,30.484999,-127.329998,-8.470000
13.490,9.062536,1.247589,5.988933,30.484999,-127.329998,-8.470000
13.500,9.062536,1.247589,5.988933,30.484999,-127.329998,-8.470000
13.510,9.062536,1.247589,5.988933,30.484999,-127.329998,-8.470000
13.520,9.062536,1.247589,5.988933,30.484999,-127.329998,-8.470000
13.530,-0.250526,3.039847,-8.256296,49.700001,134.819998,-97.055001
13.540,-0.250526,3.039847,-8.256296,49.700001,134.819998,-97.055001
13.550,-0.250526,3.039847,-8.256296,49.700001,134.819998,-97.055001
13.560,-0.250526,3.039847,-8.256296,49.700001,134.819998,-97.055001
13.570,-0.250526,3.039847,-8.256296,49.700001,134.819998,-97.055001
13.580,-0.250526,3.039847,-8.256296,49.700001,134.819998,-97.055001
13.590,-0.250526,3.039847,-8.256296,49.700001,134.819998,-97.055001
13.600,-0.250526,3.039847,-8.256296,49.700001,134.819998,-97.055001
13.610,-0.250526,3.039847,-8.256296,49.700001,134.819998,-97.055001
13.620,-0.250526,3.039847,-8.256296,49.700001,134.819998,-97.055001
13.630,-0.250526,3.039847,-8.256296,49.700001,134.819998,-97.055001
13.640,-0.250526,3.039847,-8.256296,49.700001,134.819998,-97.055001
13.650,-0.250526,3.039847,-8.256296,49.700001,134.819998,-97.055001
13.660,-0.250526,3.039847,-8.256296,49.700001,134.819998,-97.055001
13.670,-0.250526,3.039847,-8.256296,49.700001,134.819998,-97.055001
13.680,-0.250526,3.039847,-8.256296,49.700001,134.819998,-97.055001
13.690,1.190131,3.221006,0.043183,-62.194999,38.080002,32.480002
13.700,1.190131,3.221006,0.043183,-62.194999,38.080002,32.480002
13.710,1.190131,3.221006,0.043183,-62.194999,38.080002,32.480002
13.720,1.190131,3.221006,0.043183,-62.194999,38.080002,32.480002
13.730,1.190131,3.221006,0.043183,-62.194999,38.080002,32.480002
13.740,1.190131,3.221006,0.043183,-62.194999,38.080002,32.480002
13.750,1.190131,3.221006,0.043183,-62.194999,38.080002,32.480002
13.760,1.190131,3.221006,0.043183,-62.194999,38.080002,32.480002
13.770,1.190131,3.221006,0.043183,-62.194999,38.080002,32.480002
13.780,1.190131,3.221006,0.043183,-62.194999,38.080002,32.480002
13.790,1.190131,3.221006,0.043183,-62.194999,38.080002,32.480002
13.800,1.190131,3.221006,0.043183,-62.194999,38.080002,32.480002
13.810,1.190131,3.221006,0.043183,-62.194999,38.080002,32.480002
13.820,1.190131,3.221006,0.043183,-62.194999,38.080002,32.480002
13.830,1.190131,3.221006,0.043183,-62.194999,38.080002,32.480002
13.840,1.190131,3.221006,0.043183,-62.194999,38.080002,32.480002
13.850,-4.322800,-2.033469,-0.208705,-125.124995,144.900004,5.495000
13.860,-4.322800,-2.033469,-0.208705,-125.124995,144.900004,5.495000
13.870,-4.322800,-2.033469,-0.208705,-125.124995,144.900004,5.495000
13.880,-4.322800,-2.033469,-0.208705,-125.124995,144.900004,5.495000
13.890,-4.322800,-2.033469,-0.208705,-125.124995,144.900004,5.495000
13.900,-4.322800,-2.033469,-0.208705,-125.124995,144.900004,5.495000
13.910,-4.322800,-2.033469,-0.208705,-125.124995,144.900004,5.495000
13.920,-4.322800,-2.033469,-0.208705,-125.124995,144.900004,5.495000
13.930,-4.322800,-2.033469,-0.208705,-125.124995,144.900004,5.495000
13.940,-4.322800,-2.033469,-0.208705,-125.124995,144.900004,5.495000
13.950,-4.322800,-2.033469,-0.208705,-125.124995,144.900004,5.495000
13.960,-4.322800,-2.033469,-0.208705,-125.124995,144.900004,5.495000
13.970,-4.322800,-2.033469,-0.208705,-125.124995,144.900004,5.495000
13.980,-4.322800,-2.033469,-0.208705,-125.124995,144.900004,5.495000
13.990,-4.322800,-2.033469,-0.208705,-125.124995,144.900004,5.495000
14.000,-4.322800,-2.033469,-0.208705,-125.124995,144.900004,5.495000
14.010,-1.389650,-10.042874,-1.503886,-243.600008,-17.290001,6.405000
14.020,-1.389650,-10.042874,-1.503886,-243.600008,-17.290001,6.405000
14.030,-1.389650,-10.042874,-1.503886,-243.600008,-17.290001,6.405000
14.040,-1.389650,-10.042874,-1.503886,-243.600008,-17.290001,6.405000
14.050,-1.389650,-10.042874,-1.503886,-243.600008,-17.290001,6.405000
14.060,-1.389650,-10.042874,-1.503886,-243.600008,-17.290001,6.405000
14.070,-1.389650,-10.042874,-1.503886,-243.600008,-17.290001,6.405000
14.080,-1.389650,-10.042874,-1.503886,-243.600008,-17.290001,6.405000
14.090,-1.389650,-10.042874,-1.503886,-243.600008,-17.290001,6.405000
14.100,-1.389650,-10.042874,-1.503886,-243.600008,-17.290001,6.405000
14.110,-1.389650,-10.042874,-1.503886,-243.600008,-17.290001,6.405000
14.120,-1.389650,-10.042874,-1.503886,-243.600008,-17.290001,6.405000
14.130,-1.389650,-10.042874,-1.503886,-243.600008,-17.290001,6.405000
14.140,-1.389650,-10.042874,-1.503886,-243.600008,-17.290001,6.405000
14.150,-1.389650,-10.042874,-1.503886,-243.600008,-17.290001,6.405000
14.160,-1.389650,-10.042874,-1.503886,-243.600008,-17.290001,6.405000
14.170,-4.923289,-8.409710,-2.524708,-274.085000,97.544998,-61.355002
14.180,-4.923289,-8.409710,-2.524708,-274.085000,97.544998,-61.355002
14.190,-4.923289,-8.409710,-2.524708,-274.085000,97.544998,-61.355002
14.200,-4.923289,-8.409710,-2.524708,-274.085000,97.544998,-61.355002
14.210,-4.923289,-8.409710,-2.524708,-274.085000,97.544998,-61.355002
14.220,-4.923289,-8.409710,-2.524708,-274.085000,97.544998,-61.355002
14.230,-4.923289,-8.409710,-2.524708,-274.085000,97.544998,-61.355002
14.240,-4.923289,-8.409710,-2.524708,-274.085000,97.544998,-61.355002
14.250,-4.923289,-8.409710,-2.524708,-274.085000,97.544998,-61.355002
14.260,-4.923289,-8.409710,-2.524708,-274.085000,97.544998,-61.355002
14.270,-4.923289,-8.409710,-2.524708,-274.085000,97.544998,-61.355002
14.280,-4.923289,-8.409710,-2.524708,-274.085000,97.544998,-61.355002
14.290,-4.923289,-8.409710,-2.524708,-274.085000,97.544998,-61.355002
14.300,-4.923289,-8.409710,-2.524708,-274.085000,97.544998,-61.355002
14.310,-4.923289,-8.409710,-2.524708,-274.085000,97.544998,-61.355002
14.320,-4.923289,-8.409710,-2.524708,-274.085000,97.544998,-61.355002
14.330,1.527810,0.177110,1.079288,-186.095006,91.350003,-9.415000
14.340,1.527810,0.177110,1.079288,-186.095006,91.350003,-9.415000
14.350,1.527810,0.177110,1.079288,-186.095006,91.350003,-9.415000
14.360,1.527810,0.177110,1.079288,-186.095006,91.350003,-9.415000
14.370,1.527810,0.177110,1.079288,-186.095006,91.350003,-9.415000
14.380,1.527810,0.177110,1.079288,-186.095006,91.350003,-9.415000
14.390,1.527810,0.177110,1.079288,-186.095006,91.350003,-9.415000
14.400,1.527810,0.177110,1.079288,-186.095006,91.350003,-9.415000
14.410,1.527810,0.177110,1.079288,-186.095006,91.350003,-9.415000
14.420,1.527810,0.177110,1.079288,-186.095006,91.350003,-9.415000
14.430,1.527810,0.177110,1.079288,-186.095006,91.350003,-9.415000
14.440,1.527810,0.177110,1.079288,-186.095006,91.350003,-9.415000
14.450,1.527810,0.177110,1.079288,-186.095006,91.350003,-9.415000
14.460,1.527810,0.177110,1.079288,-186.095006,91.350003,-9.415000
14.470,1.527810,0.177110,1.079288,-186.095006,91.350003,-9.415000
14.480,1.527810,0.177110,1.079288,-186.095006,91.350003,-9.415000
14.490,2.214405,3.959003,3.594736,123.479998,186.130004,-13.055000
14.500,2.214405,3.959003,3.594736,123.479998,186.130004,-13.055000
14.510,2.214405,3.959003,3.594736,123.479998,186.130004,-13.055000
14.520,2.214405,3.959003,3.594736,123.479998,186.130004,-13.055000
14.530,2.214405,3.959003,3.594736,123.479998,186.130004,-13.055000
14.540,2.214405,3.959003,3.594736,123.479998,186.130004,-13.055000
14.550,2.214405,3.959003,3.594736,123.479998,186.130004,-13.055000
14.560,2.214405,3.959003,3.594736,123.479998,186.130004,-13.055000
14.570,2.214405,3.959003,3.594736,123.479998,186.130004,-13.055000
14.580,2.214405,3.959003,3.594736,123.479998,186.130004,-13.055000
14.590,2.214405,3.959003,3.594736,123.479998,186.130004,-13.055000
14.600,2.214405,3.959003,3.594736,123.479998,186.130004,-13.055000
14.610,2.214405,3.959003,3.594736,123.479998,186.130004,-13.055000
14.620,2.214405,3.959003,3.594736,123.479998,186.130004,-13.055000
14.630,2.214405,3.959003,3.594736,123.479998,186.130004,-13.055000
14.640,2.214405,3.959003,3.594736,123.479998,186.130004,-13.055000
14.650,-6.246179,1.690459,-2.682590,349.894991,-6.860000,66.605000
14.660,-6.246179,1.690459,-2.682590,349.894991,-6.860000,66.605000
14.670,-6.246179,1.690459,-2.682590,349.894991,-6.860000,66.605000
14.680,-6.246179,1.690459,-2.682590,349.894991,-6.860000,66.605000
14.690,-6.246179,1.690459,-2.682590,349.894991,-6.860000,66.605000
14.700,-6.246179,1.690459,-2.682590,349.894991,-6.860000,66.605000
14.710,-6.246179,1.690459,-2.682590,349.894991,-6.860000,66.605000
14.720,-6.246179,1.690459,-2.682590,349.894991,-6.860000,66.605000
14.730,-6.246179,1.690459,-2.682590,349.894991,-6.860000,66.605000
14.740,-6.246179,1.690459,-2.682590,349.894991,-6.860000,66.605000
14.750,-6.246179,1.690459,-2.682590,349.894991,-6.860000,66.605000
14.760,-6.246179,1.690459,-2.682590,349.894991,-6.860000,66.605000
14.770,-6.246179,1.690459,-2.682590,349.894991,-6.860000,66.605000
14.780,-6.246179,1.690459,-2.682590,349.894991,-6.860000,66.605000
14.790,-6.246179,1.690459,-2.682590,349.894991,-6.860000,66.605000
14.800,-6.246179,1.690459,-2.682590,349.894991,-6.860000,66.605000
14.810,1.136044,3.187283,-0.228795,345.380017,-200.410004,187.809998
14.820,1.136044,3.187283,-0.228795,345.380017,-200.410004,187.809998
14.830,1.136044,3.187283,-0.228795,345.380017,-200.410004,187.809998
14.840,1.136044,3.187283,-0.228795,345.380017,-200.410004,187.809998
14.850,1.136044,3.187283,-0.228795,345.380017,-200.410004,187.809998
14.860,1.136044,3.187283,-0.228795,345.380017,-200.410004,187.809998
14.870,1.136044,3.187283,-0.228795,345.380017,-200.410004,187.809998
14.880,1.136044,3.187283,-0.228795,345.380017,-200.410004,187.809998
14.890,1.136044,3.187283,-0.228795,345.380017,-200.410004,187.809998
14.900,1.136044,3.187283,-0.228795,345.380017,-200.410004,187.809998
14.910,1.136044,3.187283,-0.228795,345.380017,-200.410004,187.809998
14.920,1.136044,3.187283,-0.228795,345.380017,-200.410004,187.809998
14.930,1.136044,3.187283,-0.228795,345.380017,-200.410004,187.809998
14.940,1.136044,3.187283,-0.228795,345.380017,-200.410004,187.809998
14.950,1.136044,3.187283,-0.228795,345.380017,-200.410004,187.809998
14.960,1.136044,3.187283,-0.228795,345.380017,-200.410004,187.809998
14.970,9.137228,3.478777,5.898236,99.330000,-53.690000,62.265002
14.980,9.137228,3.478777,5.898236,99.330000,-53.690000,62.265002
14.990,9.137228,3.478777,5.898236,99.330000,-53.690000,62.265002
15.000,9.137228,3.478777,5.898236,99.330000,-53.690000,62.265002
15.010,9.137228,3.478777,5.898236,99.330000,-53.690000,62.265002
15.020,9.137228,3.478777,5.898236,99.330000,-53.690000,62.265002
15.030,9.137228,3.478777,5.898236,99.330000,-53.690000,62.265002
15.040,9.137228,3.478777,5.898236,99.330000,-53.690000,62.265002
15.050,9.137228,3.478777,5.898236,99.330000,-53.690000,62.265002
15.060,9.137228,3.478777,5.898236,99.330000,-53.690000,62.265002
15.070,9.137228,3.478777,5.898236,99.330000,-53.690000,62.265002
15.080,9.137228,3.478777,5.898236,99.330000,-53.690000,62.265002
15.090,9.137228,3.478777,5.898236,99.330000,-53.690000,62.265002
15.100,9.137228,3.478777,5.898236,99.330000,-53.690000,62.265002
15.110,9.137228,3.478777,5.898236,99.330000,-53.690000,62.265002
15.120,9.137228,3.478777,5.898236,99.330000,-53.690000,62.265002
15.130,6.989917,2.376965,1.780425,29.399999,45.010001,-121.100005
15.140,6.989917,2.376965,1.780425,29.399999,45.010001,-121.100005
15.150,6.989917,2.376965,1.780425,29.399999,45.010001,-121.100005
15.160,6.989917,2.376965,1.780425,29.399999,45.010001,-121.100005
15.170,6.989917,2.376965,1.780425,29.399999,45.010001,-121.100005
15.180,6.989917,2.376965,1.780425,29.399999,45.010001,-121.100005
15.190,6.989917,2.376965,1.780425,29.399999,45.010001,-121.100005
15.200,6.989917,2.376965,1.780425,29.399999,45.010001,-121.100005
15.210,6.989917,2.376965,1.780425,29.399999,45.010001,-121.100005
15.220,6.989917,2.376965,1.780425,29.399999,45.010001,-121.100005
15.230,6.989917,2.376965,1.780425,29.399999,45.010001,-121.100005
15.240,6.989917,2.376965,1.780425,29.399999,45.010001,-121.100005
15.250,6.989917,2.376965,1.780425,29.399999,45.010001,-121.100005
15.260,6.989917,2.376965,1.780425,29.399999,45.010001,-121.100005
15.270,6.989917,2.376965,1.780425,29.399999,45.010001,-121.100005
15.280,6.989917,2.376965,1.780425,29.399999,45.010001,-121.100005
15.290,-2.270625,6.818305,-5.317732,-60.550003,101.149999,35.385001
15.300,-2.270625,6.818305,-5.317732,-60.550003,101.149999,35.385001
15.310,-2.270625,6.818305,-5.317732,-60.550003,101.149999,35.385001
15.320,-2.270625,6.818305,-5.317732,-60.550003,101.149999,35.385001
15.330,-2.270625,6.818305,-5.317732,-60.550003,101.149999,35.385001
15.340,-2.270625,6.818305,-5.317732,-60.550003,101.149999,35.385001
15.350,-2.270625,6.818305,-5.317732,-60.550003,101.149999,35.385001
15.360,-2.270625,6.818305,-5.317732,-60.550003,101.149999,35.385001
15.370,-2.270625,6.818305,-5.317732,-60.550003,101.149999,35.385001
15.380,-2.270625,6.818305,-5.317732,-60.550003,101.149999,35.385001
15.390,-2.270625,6.818305,-5.317732,-60.550003,101.149999,35.385001
15.400,-2.270625,6.818305,-5.317732,-60.550003,101.149999,35.385001
15.410,-2.270625,6.818305,-5.317732,-60.550003,101.149999,35.385001
15.420,-2.270625,6.818305,-5.317732,-60.550003,101.149999,35.385001
15.430,-2.270625,6.818305,-5.317732,-60.550003,101.149999,35.385001
15.440,-2.270625,6.818305,-5.317732,-60.550003,101.149999,35.385001
15.450,0.087369,2.051046,1.432522,-106.225001,117.530002,31.185001
15.460,0.087369,2.051046,1.432522,-106.225001,117.530002,31.185001
15.470,0.087369,2.051046,1.432522,-106.225001,117.530002,31.185001
15.480,0.087369,2.051046,1.432522,-106.225001,117.530002,31.185001
15.490,0.087369,2.051046,1.432522,-106.225001,117.530002,31.185001
15.500,0.087369,2.051046,1.432522,-106.225001,117.530002,31.185001
15.510,0.087369,2.051046,1.432522,-106.225001,117.530002,31.185001
15.520,0.087369,2.051046,1.432522,-106.225001,117.530002,31.185001
15.530,0.087369,2.051046,1.432522,-106.225001,117.530002,31.185001
15.540,0.087369,2.051046,1.432522,-106.225001,117.530002,31.185001
15.550,0.087369,2.051046,1.432522,-106.225001,117.530002,31.185001
15.560,0.087369,2.051046,1.432522,-106.225001,117.530002,31.185001
15.570,0.087369,2.051046,1.432522,-106.225001,117.530002,31.185001
15.580,0.087369,2.051046,1.432522,-106.225001,117.530002,31.185001
15.590,0.087369,2.051046,1.432522,-106.225001,117.530002,31.185001
15.600,0.087369,2.051046,1.432522,-106.225001,117.530002,31.185001
15.610,-5.404207,-6.723545,-2.138827,-165.374999,121.625001,-40.775000
15.620,-5.404207,-6.723545,-2.138827,-165.374999,121.625001,-40.775000
15.630,-5.404207,-6.723545,-2.138827,-165.374999,121.625001,-40.775000
15.640,-5.404207,-6.723545,-2.138827,-165.374999,121.625001,-40.775000
15.650,-5.404207,-6.723545,-2.138827,-165.374999,121.625001,-40.775000
15.660,-5.404207,-6.723545,-2.138827,-165.374999,121.625001,-40.775000
15.670,-5.404207,-6.723545,-2.138827,-165.374999,121.625001,-40.775000
15.680,-5.404207,-6.723545,-2.138827,-165.374999,121.625001,-40.775000
15.690,-5.404207,-6.723545,-2.138827,-165.374999,121.625001,-40.775000
15.700,-5.404207,-6.723545,-2.138827,-165.374999,121.625001,-40.775000
15.710,-5.404207,-6.723545,-2.138827,-165.374999,121.625001,-40.775000
15.720,-5.404207,-6.723545,-2.138827,-165.374999,121.625001,-40.775000
15.730,-5.404207,-6.723545,-2.138827,-165.374999,121.625001,-40.775000
15.740,-5.404207,-6.723545,-2.138827,-165.374999,121.625001,-40.775000
15.750,-5.404207,-6.723545,-2.138827,-165.374999,121.625001,-40.775000
15.760,-5.404207,-6.723545,-2.138827,-165.374999,121.625001,-40.775000
15.770,-2.099631,-10.942961,-1.699570,-250.775013,20.230001,-132.160008
15.780,-2.099631,-10.942961,-1.699570,-250.775013,20.230001,-132.160008
15.790,-2.099631,-10.942961,-1.699570,-250.775013,20.230001,-132.160008
15.800,-2.099631,-10.942961,-1.699570,-250.775013,20.230001,-132.160008
15.810,-2.099631,-10.942961,-1.699570,-250.775013,20.230001,-132.160008
15.820,-2.099631,-10.942961,-1.699570,-250.775013,20.230001,-132.160008
15.830,-2.099631,-10.942961,-1.699570,-250.775013,20.230001,-132.160008
15.840,-2.099631,-10.942961,-1.699570,-250.775013,20.230001,-132.160008
15.850,-2.099631,-10.942961,-1.699570,-250.775013,20.230001,-132.160008
15.860,-2.099631,-10.942961,-1.699570,-250.775013,20.230001,-132.160008
15.870,-2.099631,-10.942961,-1.699570,-250.775013,20.230001,-132.160008
15.880,-2.099631,-10.942961,-1.699570,-250.775013,20.230001,-132.160008
15.890,-2.099631,-10.942961,-1.699570,-250.775013,20.230001,-132.160008
15.900,-2.099631,-10.942961,-1.699570,-250.775013,20.230001,-132.160008
15.910,-2.099631,-10.942961,-1.699570,-250.775013,20.230001,-132.160008
15.920,-2.099631,-10.942961,-1.699570,-250.775013,20.230001,-132.160008
15.930,-1.131912,-7.921187,-1.786781,-293.020006,7.665001,-93.344999
15.940,-1.131912,-7.921187,-1.786781,-293.020006,7.665001,-93.344999
15.950,-1.131912,-7.921187,-1.786781,-293.020006,7.665001,-93.344999
15.960,-1.131912,-7.921187,-1.786781,-293.020006,7.665001,-93.344999
15.970,-1.131912,-7.921187,-1.786781,-293.020006,7.665001,-93.344999
15.980,-1.131912,-7.921187,-1.786781,-293.020006,7.665001,-93.344999
15.990,-1.131912,-7.921187,-1.786781,-293.020006,7.665001,-93.344999
16.000,-1.131912,-7.921187,-1.786781,-293.020006,7.665001,-93.344999
16.010,-1.131912,-7.921187,-1.786781,-293.020006,7.665001,-93.344999
16.020,-1.131912,-7.921187,-1.786781,-293.020006,7.665001,-93.344999
16.030,-1.131912,-7.921187,-1.786781,-293.020006,7.665001,-93.344999
16.040,-1.131912,-7.921187,-1.786781,-293.020006,7.665001,-93.344999
16.050,-1.131912,-7.921187,-1.786781,-293.020006,7.665001,-93.344999
16.060,-1.131912,-7.921187,-1.786781,-293.020006,7.665001,-93.344999
16.070,-1.131912,-7.921187,-1.786781,-293.020006,7.665001,-93.344999
16.080,-1.131912,-7.921187,-1.786781,-293.020006,7.665001,-93.344999
16.090,2.498068,0.156125,3.265126,-33.110001,206.604999,-60.900002
16.100,2.498068,0.156125,3.265126,-33.110001,206.604999,-60.900002
16.110,2.498068,0.156125,3.265126,-33.110001,206.604999,-60.900002
16.120,2.498068,0.156125,3.265126,-33.110001,206.604999,-60.900002
16.130,2.498068,0.156125,3.265126,-33.110001,206.604999,-60.900002
16.140,2.498068,0.156125,3.265126,-33.110001,206.604999,-60.900002
16.150,2.498068,0.156125,3.265126,-33.110001,206.604999,-60.900002
16.160,2.498068,0.156125,3.265126,-33.110001,206.604999,-60.900002
16.170,2.498068,0.156125,3.265126,-33.110001,206.604999,-60.900002
16.180,2.498068,0.156125,3.265126,-33.110001,206.604999,-60.900002
16.190,2.498068,0.156125,3.265126,-33.110001,206.604999,-60.900002
16.200,2.498068,0.156125,3.265126,-33.110001,206.604999,-60.900002
16.210,2.498068,0.156125,3.265126,-33.110001,206.604999,-60.900002
16.220,2.498068,0.156125,3.265126,-33.110001,206.604999,-60.900002
16.230,2.498068,0.156125,3.265126,-33.110001,206.604999,-60.900002
16.240,2.498068,0.156125,3.265126,-33.110001,206.604999,-60.900002
16.250,-3.619301,2.168591,3.110094,333.865001,91.175000,-84.455002
16.260,-3.619301,2.168591,3.110094,333.865001,91.175000,-84.455002
16.270,-3.619301,2.168591,3.110094,333.865001,91.175000,-84.455002
16.280,-3.619301,2.168591,3.110094,333.865001,91.175000,-84.455002
16.290,-3.619301,2.168591,3.110094,333.865001,91.175000,-84.455002
16.300,-3.619301,2.168591,3.110094,333.865001,91.175000,-84.455002
16.310,-3.619301,2.168591,3.110094,333.865001,91.175000,-84.455002
16.320,-3.619301,2.168591,3.110094,333.865001,91.175000,-84.455002
16.330,-3.619301,2.168591,3.110094,333.865001,91.175000,-84.455002
16.340,-3.619301,2.168591,3.110094,333.865001,91.175000,-84.455002
16.350,-3.619301,2.168591,3.110094,333.865001,91.175000,-84.455002
16.360,-3.619301,2.168591,3.110094,333.865001,91.175000,-84.455002
16.370,-3.619301,2.168591,3.110094,333.865001,91.175000,-84.455002
16.380,-3.619301,2.168591,3.110094,333.865001,91.175000,-84.455002
16.390,-3.619301,2.168591,3.110094,333.865001,91.175000,-84.455002
16.400,-3.619301,2.168591,3.110094,333.865001,91.175000,-84.455002
16.410,-1.824754,3.780479,-5.225085,383.915016,-116.130004,100.345000
16.420,-1.824754,3.780479,-5.225085,383.915016,-116.130004,100.345000
16.430,-1.824754,3.780479,-5.225085,383.915016,-116.130004,100.345000
16.440,-1.824754,3.780479,-5.225085,383.915016,-116.130004,100.345000
16.450,-1.824754,3.780479,-5.225085,383.915016,-116.130004,100.345000
16.460,-1.824754,3.780479,-5.225085,383.915016,-116.130004,100.345000
16.470,-1.824754,3.780479,-5.225085,383.915016,-116.130004,100.345000
16.480,-1.824754,3.780479,-5.225085,383.915016,-116.130004,100.345000
16.490,-1.824754,3.780479,-5.225085,383.915016,-116.130004,100.345000
16.500,-1.824754,3.780479,-5.225085,383.915016,-116.130004,100.345000
16.510,-1.824754,3.780479,-5.225085,383.915016,-116.130004,100.345000
16.520,-1.824754,3.780479,-5.225085,383.915016,-116.130004,100.345000
16.530,-1.824754,3.780479,-5.225085,383.915016,-116.130004,100.345000
16.540,-1.824754,3.780479,-5.225085,383.915016,-116.130004,100.345000
16.550,-1.824754,3.780479,-5.225085,383.915016,-116.130004,100.345000
16.560,-1.824754,3.780479,-5.225085,383.915016,-116.130004,100.345000
16.570,3.167710,2.899884,0.684950,248.675003,18.129999,124.740004
16.580,3.167710,2.899884,0.684950,248.675003,18.129999,124.740004
16.590,3.167710,2.899884,0.684950,248.675003,18.129999,124.740004
16.600,3.167710,2.899884,0.684950,248.675003,18.129999,124.740004
16.610,3.167710,2.899884,0.684950,248.675003,18.129999,124.740004
16.620,3.167710,2.899884,0.684950,248.675003,18.129999,124.740004
16.630,3.167710,2.899884,0.684950,248.675003,18.129999,124.740004
16.640,3.167710,2.899884,0.684950,248.675003,18.129999,124.740004
16.650,3.167710,2.899884,0.684950,248.675003,18.129999,124.740004
16.660,3.167710,2.899884,0.684950,248.675003,18.129999,124.740004
16.670,3.167710,2.899884,0.684950,248.675003,18.129999,124.740004
16.680,3.167710,2.899884,0.684950,248.675003,18.129999,124.740004
16.690,3.167710,2.899884,0.684950,248.675003,18.129999,124.740004
16.700,3.167710,2.899884,0.684950,248.675003,18.129999,124.740004
16.710,3.167710,2.899884,0.684950,248.675003,18.129999,124.740004
16.720,3.167710,2.899884,0.684950,248.675003,18.129999,124.740004
16.730,6.487474,2.727879,4.298238,113.120002,16.380001,22.750001
16.740,6.487474,2.727879,4.298238,113.120002,16.380001,22.750001
16.750,6.487474,2.727879,4.298238,113.120002,16.380001,22.750001
16.760,6.487474,2.727879,4.298238,113.120002,16.380001,22.750001
16.770,6.487474,2.727879,4.298238,113.120002,16.380001,22.750001
16.780,6.487474,2.727879,4.298238,113.120002,16.380001,22.750001
16.790,6.487474,2.727879,4.298238,113.120002,16.380001,22.750001
16.800,6.487474,2.727879,4.298238,113.120002,16.380001,22.750001
16.810,6.487474,2.727879,4.298238,113.120002,16.380001,22.750001
16.820,6.487474,2.727879,4.298238,113.120002,16.380001,22.750001
16.830,6.487474,2.727879,4.298238,113.120002,16.380001,22.750001
16.840,6.487474,2.727879,4.298238,113.120002,16.380001,22.750001
16.850,6.487474,2.727879,4.298238,113.120002,16.380001,22.750001
16.860,6.487474,2.727879,4.298238,113.120002,16.380001,22.750001
16.870,6.487474,2.727879,4.298238,113.120002,16.380001,22.750001
16.880,6.487474,2.727879,4.298238,113.120002,16.380001,22.750001
16.890,2.970075,2.927379,4.266026,32.585002,58.344999,-22.470001
16.900,2.970075,2.927379,4.266026,32.585002,58.344999,-22.470001
16.910,2.970075,2.927379,4.266026,32.585002,58.344999,-22.470001
16.920,2.970075,2.927379,4.266026,32.585002,58.344999,-22.470001
16.930,2.970075,2.927379,4.266026,32.585002,58.344999,-22.470001
16.940,2.970075,2.927379,4.266026,32.585002,58.344999,-22.470001
16.950,2.970075,2.927379,4.266026,32.585002,58.344999,-22.470001
16.960,2.970075,2.927379,4.266026,32.585002,58.344999,-22.470001
16.970,2.970075,2.927379,4.266026,32.585002,58.344999,-22.470001
16.980,2.970075,2.927379,4.266026,32.585002,58.344999,-22.470001
16.990,2.970075,2.927379,4.266026,32.585002,58.344999,-22.470001
17.000,2.970075,2.927379,4.266026,32.585002,58.344999,-22.470001
17.010,2.970075,2.927379,4.266026,32.585002,58.344999,-22.470001
17.020,2.970075,2.927379,4.266026,32.585002,58.344999,-22.470001
17.030,2.970075,2.927379,4.266026,32.585002,58.344999,-22.470001
17.040,2.970075,2.927379,4.266026,32.585002,58.344999,-22.470001
17.050,1.288135,4.556061,2.960795,65.905001,50.610001,87.325000
17.060,1.288135,4.556061,2.960795,65.905001,50.610001,87.325000
17.070,1.288135,4.556061,2.960795,65.905001,50.610001,87.325000
17.080,1.288135,4.556061,2.960795,65.905001,50.610001,87.325000
17.090,1.288135,4.556061,2.960795,65.905001,50.610001,87.325000
17.100,1.288135,4.556061,2.960795,65.905001,50.610001,87.325000
17.110,1.288135,4.556061,2.960795,65.905001,50.610001,87.325000
17.120,1.288135,4.556061,2.960795,65.905001,50.610001,87.325000
17.130,1.288135,4.556061,2.960795,65.905001,50.610001,87.325000
17.140,1.288135,4.556061,2.960795,65.905001,50.610001,87.325000
17.150,1.288135,4.556061,2.960795,65.905001,50.610001,87.325000
17.160,1.288135,4.556061,2.960795,65.905001,50.610001,87.325000
17.170,1.288135,4.556061,2.960795,65.905001,50.610001,87.325000
17.180,1.288135,4.556061,2.960795,65.905001,50.610001,87.325000
17.190,1.288135,4.556061,2.960795,65.905001,50.610001,87.325000
17.200,1.288135,4.556061,2.960795,65.905001,50.610001,87.325000
17.210,2.679634,6.799449,0.625658,79.695002,-39.340001,77.000001
17.220,2.679634,6.799449,0.625658,79.695002,-39.340001,77.000001
17.230,2.679634,6.799449,0.625658,79.695002,-39.340001,77.000001
17.240,2.679634,6.799449,0.625658,79.695002,-39.340001,77.000001
17.250,2.679634,6.799449,0.625658,79.695002,-39.340001,77.000001
17.260,2.679634,6.799449,0.625658,79.695002,-39.340001,77.000001
17.270,2.679634,6.799449,0.625658,79.695002,-39.340001,77.000001
17.280,2.679634,6.799449,0.625658,79.695002,-39.340001,77.000001
17.290,2.679634,6.799449,0.625658,79.695002,-39.340001,77.000001
17.300,2.679634,6.799449,0.625658,79.695002,-39.340001,77.000001
17.310,2.679634,6.799449,0.625658,79.695002,-39.340001,77.000001
17.320,2.679634,6.799449,0.625658,79.695002,-39.340001,77.000001
17.330,2.679634,6.799449,0.625658,79.695002,-39.340001,77.000001
17.340,2.679634,6.799449,0.625658,79.695002,-39.340001,77.000001
17.350,2.679634,6.799449,0.625658,79.695002,-39.340001,77.000001
17.360,2.679634,6.799449,0.625658,79.695002,-39.340001,77.000001
17.370,1.343086,6.937372,1.105781,65.800000,-10.115000,55.825001
17.380,1.343086,6.937372,1.105781,65.800000,-10.115000,55.825001
17.390,1.343086,6.937372,1.105781,65.800000,-10.115000,55.825001
17.400,1.343086,6.937372,1.105781,65.800000,-10.115000,55.825001
17.410,1.343086,6.937372,1.105781,65.800000,-10.115000,55.825001
17.420,1.343086,6.937372,1.105781,65.800000,-10.115000,55.825001
17.430,1.343086,6.937372,1.105781,65.800000,-10.115000,55.825001
17.440,1.343086,6.937372,1.105781,65.800000,-10.115000,55.825001
17.450,1.343086,6.937372,1.105781,65.800000,-10.115000,55.825001
17.460,1.343086,6.937372,1.105781,65.800000,-10.115000,55.825001
17.470,1.343086,6.937372,1.105781,65.800000,-10.115000,55.825001
17.480,1.343086,6.937372,1.105781,65.800000,-10.115000,55.825001
17.490,1.343086,6.937372,1.105781,65.800000,-10.115000,55.825001
17.500,1.343086,6.937372,1.105781,65.800000,-10.115000,55.825001
17.510,1.343086,6.937372,1.105781,65.800000,-10.115000,55.825001
17.520,1.343086,6.937372,1.105781,65.800000,-10.115000,55.825001
17.530,0.810149,6.616754,1.405603,30.415000,3.115000,30.975000
17.540,0.810149,6.616754,1.405603,30.415000,3.115000,30.975000
17.550,0.810149,6.616754,1.405603,30.415000,3.115000,30.975000
17.560,0.810149,6.616754,1.405603,30.415000,3.115000,30.975000
17.570,0.810149,6.616754,1.405603,30.415000,3.115000,30.975000
17.580,0.810149,6.616754,1.405603,30.415000,3.115000,30.975000
17.590,0.810149,6.616754,1.405603,30.415000,3.115000,30.975000
17.600,0.810149,6.616754,1.405603,30.415000,3.115000,30.975000
17.610,0.810149,6.616754,1.405603,30.415000,3.115000,30.975000
17.620,0.810149,6.616754,1.405603,30.415000,3.115000,30.975000
17.630,0.810149,6.616754,1.405603,30.415000,3.115000,30.975000
17.640,0.810149,6.616754,1.405603,30.415000,3.115000,30.975000
17.650,0.810149,6.616754,1.405603,30.415000,3.115000,30.975000
17.660,0.810149,6.616754,1.405603,30.415000,3.115000,30.975000
17.670,0.810149,6.616754,1.405603,30.415000,3.115000,30.975000
17.680,0.810149,6.616754,1.405603,30.415000,3.115000,30.975000
