time,ax_filtered,ay_filtered,az_filtered,wx_filtered,wy_filtered,wz_filtered
0.0,-3.334644,-2.941995,7.724652,19.39,-49.700001,1.19
0.01,-3.334644,-2.941995,7.724652,19.39,-49.700001,1.19
0.02,-3.334644,-2.941995,7.724652,19.39,-49.700001,1.19
0.03,-3.334644,-2.941995,7.724652,19.39,-49.700001,1.19
0.04,-3.334644,-2.941995,7.724652,19.39,-49.700001,1.19
0.05,-3.141144625,-2.95511525,7.65004875,19.39,-49.700001,1.19
0.06,-2.971832671875,-2.96659546875,7.58477090625,19.39,-49.700001,1.19
0.07,-2.583412212890625,-3.00006553515625,7.53692304296875,19.39,-49.700001,1.19
0.08,-2.243544311279297,-3.0293518432617192,7.495056162597656,19.39,-49.700001,1.19
0.09,-1.723535522369385,-3.0533664878540043,7.429207767272949,19.39,-49.700001,1.19
0.1,-1.2685278320732118,-3.074379301872254,7.37159042136383,19.39,-49.700001,1.19
0.11,-1.2726511030640606,-2.989244514138222,7.169713368693351,19.39,-49.700001,1.19
0.12,-1.2762589651810532,-2.9147515748709445,6.993070947606682,19.39,-49.700001,1.19
0.13,-1.1379418445334215,-2.8864633780120763,6.769293579155847,19.39,-49.700001,1.19
0.14,-1.0169143639667437,-2.8617112057605665,6.573488381761366,19.39,-49.700001,1.19
0.15,-0.8330308184709008,-2.7635045550404955,6.335533959041195,19.39,-49.700001,1.19
0.16,-0.6721327161620382,-2.6775737356604337,6.127323839161045,19.39,-49.700001,1.19
0.17,-0.6786913766417834,-2.5327657687028795,5.859518234265915,19.39,-49.700001,1.19
0.18,-0.6844302045615605,-2.4060587976150196,5.6251883299826755,19.39,-49.700001,1.19
0.19,-0.8973493039913654,-2.199512197913142,5.475193038734841,19.39,-49.700001,1.19
0.2,-1.0836535159924447,-2.018783923173999,5.343947158892986,19.39,-49.700001,1.19
0.21,-0.9499492014933891,-1.556655057777249,5.2812821390313625,19.39,-49.700001,1.19
0.22,-0.8329579263067155,-1.152292300555093,5.226450246652442,19.39,-49.700001,1.19
0.23,-0.3550686855183761,-0.5279877629857064,5.025324340820887,19.39,-49.700001,1.19
0.24,0.06308440017142086,0.018278707387506865,4.849339173218277,19.39,-49.700001,1.19
0.25,-0.09374064985000674,0.6393889939640686,4.285769026565992,19.39,-49.700001,1.19
0.26,-0.23096256861875591,1.1828604947185601,3.792645148245243,19.39,-49.700001,1.19
0.27,-0.6801347475414115,1.86986493287874,2.820890129714588,19.39,-49.700001,1.19
0.28,-1.073160404098735,2.470993816268898,1.9706044885002645,19.39,-49.700001,1.19
0.29,-1.4921558535863932,3.1367064642352855,0.8554394274377315,19.39,-49.700001,1.19
0.3,-1.8587768718880942,3.719205031205875,-0.12033000099198499,19.39,-49.700001,1.19
0.31,-1.9726952629020822,4.056958152305141,-1.314156125867987,19.39,-49.700001,1.19
0.32,-2.072373855039322,4.352492133266998,-2.3587539851344888,19.39,-49.700001,1.19
0.33,-1.6136539981594065,4.306183366608623,-3.4480734869926777,19.39,-49.700001,1.19
0.34,-1.2122741233894807,4.265663195782546,-4.4012280511185935,19.39,-49.700001,1.19
0.35,-0.48824098296579566,3.917094671309728,-5.1923190447287695,19.39,-49.700001,1.19
0.36,0.14528801490492876,3.6120972123960122,-5.8845236641376735,19.39,-49.700001,1.19
0.37,0.9576638880418127,2.8280196858465105,-6.398406581120464,19.39,-49.700001,1.19
0.38,1.668492777036586,2.1419518501156967,-6.848054133480407,19.39,-49.700001,1.19
0.39,2.3340928049070127,0.7955634938512346,-7.162791491795356,19.39,-49.700001,1.19
0.4,2.9164928292936363,-0.3825263178801699,-7.438186680320936,19.39,-49.700001,1.19
0.41,3.1993063506319315,-2.2359912781451485,-7.456979595280819,9.673125125000002,-73.81062775000001,-15.828750375
0.42,3.44676818180294,-3.857773118377005,-7.473423395870716,1.170859609375002,-94.90742615625001,-30.720156953125
0.43,3.693754909077572,-5.8772411035798795,-7.093154846386876,-6.268622716796873,-113.36712476171876,-43.75013770898437
0.44,3.9098682954428754,-7.644275590632395,-6.760419865588517,-12.778169752197265,-129.5193610415039,-55.15137087036132
0.45,4.598822133512516,-8.959440641803345,-5.669443632389952,-18.474023408172606,-143.65256778631593,-65.12744988656615
0.46,5.201656741823452,-10.110210061577927,-4.714839428341208,-23.45789535715103,-156.01912368802644,-73.85651902574538
0.47,5.62719602409552,-10.068273678880686,-3.5947543747985575,-27.818783312507154,-166.83986010202312,-81.49445452252722
0.48,5.999542896083581,-10.031579344020601,-2.6146799529487375,-31.63456027344376,-176.30800446427025,-88.17764808221132
0.49,5.758249409073133,-9.170200301018026,-2.644009958830145,-34.97336511426329,-184.5926307812365,-94.0254424469349
0.5,5.547117607938992,-8.416493638390772,-2.6696737139763766,-37.89481934998038,-191.84167880858195,-99.14226251606804
0.51,4.155483906946618,-7.2290949335919255,-3.5828867497293295,-40.45109180623284,-198.18459583250922,-103.61948007655954
0.52,2.9378044185782906,-6.190121066892935,-4.381948156013163,-42.687830205453736,-203.73464822844556,-107.5370454419896
0.53,0.39422161625600394,-5.498664683531318,-4.830784761511517,-44.644976304772015,-208.59094407488988,-110.96491513674091
0.54,-1.8314133357759967,-4.893640348089904,-5.223516791322578,-46.35747914167551,-212.84020294052863,-113.9643011196483
0.55,-3.462085418803997,-4.821834429578666,-5.334561942407255,-47.855919123966075,-216.55830444796254,-116.58876385469226
0.56,-4.888923491453497,-4.759004250881333,-5.431726449606348,-49.16705410847031,-219.81164326696722,-118.88516874785573
0.57,-4.99503305502181,-4.523982469521166,-5.126922518405555,-68.96054721991152,-164.02456260859634,-87.45639790437377
0.58,-5.087878923144084,-4.3183384108310205,-4.86021907860486,-86.27985369242258,-115.21086703252179,-59.95622341632706
0.59,-5.506908557751073,-4.140649359477143,-3.9616109437792533,-101.43424685586976,-72.49888340345656,-35.893570739286176
0.6,-5.873559488032189,-3.9851714395425,-3.175328825806847,-114.69434087388603,-35.12589772802449,-14.838749646875403
0.61,-6.907777552028166,-3.8344077595996873,-2.298227097580991,-126.29692313965027,-2.424535262021429,3.584218808984021
0.62,-7.812718358024645,-3.702489539649726,-1.5307630853833671,-136.44918262219397,26.18915689573125,19.70431620786102
0.63,-8.950444688271563,-3.4740102221935105,-0.6698803247104463,-145.33240966941972,51.22613753376484,33.80940143187839
0.64,-9.945955227237619,-3.274090819419322,0.08339209087835942,-153.10523333574224,73.13349559204424,46.15135100289359
0.65,-10.592403573832916,-2.861955841991907,1.0589473295185645,-159.90645404377446,92.30243389303871,56.950556877531895
0.66,-11.158045877103802,-2.5013377367429186,1.912558163328744,-165.85752216330266,109.07525490640887,66.3998620178404
0.67,-11.652982892465827,-2.185796894650054,2.6594676429126514,-171.06470676788982,123.75147329310776,74.66800401561035
0.68,-11.991108905907598,-1.5425240328187972,3.73471868754857,-175.62099329690358,136.5931643814693,81.90262826365905
0.69,-12.12314691766915,-0.5235936537164476,4.558268726604998,-179.60774400979062,147.82964408378564,88.23292448070167
0.7,-12.238680177960507,0.36797042799810836,5.278875010779373,-183.0961508835668,157.6615638233124,93.77193367061396
0.71,-12.316692405715445,1.707351499498345,5.6441448844319515,-186.14850689812096,166.26449359539833,98.61856671178721
0.72,-12.384953105001015,2.879309937061052,5.9637560238779574,-188.81931841085583,173.79205714597356,102.8593706228138
0.73,-12.935943216875888,3.6844405699284204,6.9343001458932125,-171.89752873449885,221.70492262772686,125.31257591996207
0.74,-13.418059564766402,4.388929873687368,7.783526252656561,-157.0909627676865,263.628679924261,144.9591305549668
0.75,-13.475395369170602,4.447695389476447,9.28640509607449,-144.1352175467257,300.3119675587284,162.14986586059595
0.76,-13.525564198024277,4.499115215791891,10.60142408406518,-132.798940478385,332.40984423888733,177.19175925302144
0.77,-12.714493923271242,4.5337221888179045,11.161133823557034,-122.87969804358687,360.4954863340264,190.35341597139376
0.78,-12.004807432862336,4.564003290215666,11.650879845612405,-114.20036091313852,385.07042316727313,201.86986559996953
0.79,-11.375261253754545,4.701182753938708,11.137637739910854,-106.60594092399622,406.573492896364,211.94675902497335
0.8,-10.824408347035227,4.8212147846963695,10.688550897421997,-99.9608234334967,425.3886789093185,220.76404077185168
0.81,-9.454968303655823,4.835224561609324,9.491187660244247,-94.14634562930962,441.8519666706537,228.4791623003702
0.82,-7.696870015698846,4.600849366408158,8.125576452713716,-89.05867755064592,456.25734346182196,235.22989363782392
0.83,-6.158534013736491,4.395771070607139,6.930666646124502,-84.60696798181519,468.86204815409417,241.13678355809594
0.84,-4.812490012019429,4.216327561781246,5.88512056535894,-80.7117221090883,479.89116475983235,246.30531223833395
0.85,-3.4030271355170005,3.1870819915585904,4.625911119689072,-77.30338197045226,489.5416417898533,250.8277748335422
0.86,-2.1697471185773756,2.2864921176137667,3.5241028547279383,-74.32108434914574,497.9858091911217,254.78492960434943
0.87,-0.9804653537552035,1.0152106029120458,2.767206247886946,-71.71157393050252,505.3744556672315,258.2474400288057
0.88,0.06015619046419696,-0.09716072245195984,2.1049217169010777,-69.4282523141897,511.8395213338275,261.277136650205
0.89,1.7931307916561723,0.6016759928545352,0.9125770022884429,-87.41534614991599,439.6739562920991,274.4193703189294
0.9,3.309483567699151,1.2131581187477183,-0.13072462299761256,-103.1540532561765,376.5290868805867,285.91882477906324
0.91,4.287235746736757,2.5472389789042538,-1.1421987951229111,-116.92542197415445,321.27732614551337,295.98084743168033
0.92,5.142768903394662,3.7145597315412218,-2.0272386957325472,-128.97536960238514,272.93203550232425,304.7851172527203
0.93,5.65281666547033,4.802499515098569,-2.8199434837659787,-139.519073777087,230.62990618953373,312.48885334613027
0.94,6.099108457286539,5.754446825711248,-3.5135601732952315,-148.7448149299511,193.615543040842,319.229622427864
0.95,7.314159650125721,6.1962642224973425,-4.1813187766333275,-156.8173384387072,161.22797528573673,325.12779537438104
0.96,8.377329443860006,6.582854444685175,-4.765607554554162,-163.8807965088688,132.88885350001965,330.2886967025834
0.97,10.284711013377505,6.596240514099528,-4.946772735234891,-170.0613223202602,108.09212193751719,334.8044853647605
0.98,11.953669886705317,6.607953324837087,-5.10529226833053,-175.46928240522766,86.39498182032754,338.75580044416546
0.99,13.402256650867152,6.6518270342324515,-4.653597234789213,-180.2012474795742,67.4099842177866,342.2132011386448
1.0,14.669770069508758,6.690216529953394,-4.258364080440561,-184.3417169196274,50.798111315563276,345.23842674631425
1.01,15.903517810820162,6.69492233870922,-3.719139820385491,-187.96462767967398,36.26272252611786,347.88549915302497
1.02,16.983047084467643,6.699039921370567,-3.2473185928373045,-191.13467459471474,23.54425733535313,350.20168750889684
1.03,17.77406769890919,6.633087306199246,-2.7891738937326416,-193.90846564537537,12.415600293433988,352.2283523202848
1.04,18.46621073654554,6.575378767924341,-2.3882972820160613,-196.33553281470344,2.6780253817547397,354.0016840302492
1.05,18.42704576947735,6.268605421933798,-1.8154991217640535,-175.30234133786553,-29.672976540964605,292.31272327646803
1.06,18.39277642329268,6.000178744192073,-1.3143007315435469,-156.89829879563234,-57.98010322334403,238.33488261690954
1.07,17.618551745381097,4.770435401168065,-0.9488003901006035,-140.7947615711783,-82.74883907042603,191.10427203979586
1.08,16.94110515220846,3.694409976022057,-0.6289875913380281,-126.70416649978102,-104.42148293662278,149.77748778482137
1.09,15.854941133182404,1.4743207290192994,-0.7432568924207745,-114.37489581230841,-123.38504631954494,113.6165515617187
1.1,14.904547616534604,-0.468257362108113,-0.8432425308681777,-103.58678396076986,-139.97816427960183,81.97573236650386
1.11,12.534045914467779,-3.5758543168445986,-1.9422483395096555,-94.14718609067364,-154.4971424946516,54.29001557069088
1.12,10.459856925159306,-6.295001652239024,-2.9038784220709486,-85.88753795433945,-167.20124843282014,30.06501337435452
1.13,7.966876184514393,-10.651428070709146,-3.9789532443120796,-78.66034583504702,-178.3173411287176,8.868136452560208
1.14,5.785518036450094,-14.463301186870503,-4.91964371377307,-72.33655273066616,-188.0439222376279,-9.679130854009816
1.15,0.7682719068938324,-19.242521663511692,-4.588434999551436,-66.80323376433289,-196.55468070792443,-25.90798974725859
1.16,-3.621818456467897,-23.42433958057273,-4.298627374607506,-61.96157966879127,-204.00159436943386,-40.10824127885127
1.17,-8.82639464940941,-22.36863163300114,0.678960297218433,-57.72513233519236,-210.51764382325462,-52.53346136899486
1.18,-13.380398818233235,-21.444887178875998,5.0343495100661295,-54.018240918293316,-216.21918709534776,-63.4055289478705
1.19,-13.30366784095408,-17.968019656516496,0.9621243213078636,-50.77471092850665,-221.20803745842932,-72.9185880793867
1.2,-13.236528235834822,-14.925760574451933,-2.601072718855619,-47.93662218744332,-225.57328152612564,-81.24251481946335
1.21,-10.777816706355468,-10.655635627645442,-4.035014253998666,-26.478919789012902,-283.55975021035994,-90.57345009203043
1.22,-8.626444118061034,-6.919276299189762,-5.289713097248832,-7.703430190386289,-334.29791030906495,-98.73801845552663
1.23,-6.300765103303405,-3.539475011791042,-5.838237710092727,8.725123208411997,-378.6938003954318,-105.8820157735858
1.24,-4.265795965390479,-0.5821488853171619,-6.318196746331136,23.100107432360495,-417.5402042210028,-112.13301342688757
1.25,-0.3385555947166692,1.6852107253474833,-5.326406278039744,35.678218628315435,-451.53080756837744,-117.60263637352662
1.26,3.0977797296229146,3.669150384679048,-4.458589618284776,46.68406592477601,-481.2725854973303,-122.3885564518358
1.27,4.68931351342005,4.851497086594167,-3.6079720409991793,56.314182309179,-507.29664118516394,-126.57623652035632
1.28,6.081905574242544,5.886050450769896,-2.863681660874282,64.74053414553163,-530.0676899120184,-130.2404565803118
1.29,4.508315877462227,6.6613265194236595,-2.440117078264997,72.11359200234017,-549.9923575480161,-133.44664913277282
1.3,3.1314248927794486,7.339693079495702,-2.0694980684818725,78.56501762704765,-567.4264417295141,-136.25206761617622
1.31,2.433601781182017,7.2166209445587395,-2.0236048099216384,84.2100150486667,-582.6812653883248,-138.7068087891542
1.32,1.8230065585342652,7.108932826488897,-1.9834482086814336,89.14938779258337,-596.0292360897843,-140.85470731550993
1.33,4.417705363717483,6.677699223177785,-1.0014624325962544,93.47133894351045,-607.7087104535613,-142.7341185260712
1.34,6.688066818252798,6.3003698202805625,-0.14222487852172272,97.25304620057165,-617.9282505218661,-144.3786033353123
1.35,6.532339340971198,5.229422467745492,0.7103574812934926,100.5620400505002,-626.8703480816328,-145.81752754339828
1.36,6.396077798349799,4.292343534277305,1.4563670461318061,103.45740966918768,-634.6946834464286,-147.0765862254735
1.37,4.611376698556073,3.376808467492642,1.9682614153653304,77.80710783553923,-569.436598515625,-123.43763807228933
1.38,3.0497632362365645,2.575715284056062,2.416168988444664,55.363093731096825,-512.3357742011718,-102.75355843825317
1.39,2.133935706706994,2.003947873549054,2.7193388648890813,35.724581389709726,-462.3725529260254,-84.65498875847152
1.4,1.3325866183686197,1.5036513893554224,2.984612506777946,18.54088309099601,-418.6547343102722,-68.81874028866258
1.41,1.5267381660725423,1.0914317156859947,3.388739068430703,3.5051470796215103,-380.4016430214882,-54.962022877579756
1.42,1.6966207703134746,0.7307395012252453,3.742349809876865,-9.651121930331179,-346.9301881438022,-42.837395142882286
1.43,1.4360194240242903,0.2902375635720897,3.820182958642257,-21.162857314039783,-317.6426651258269,-32.228345875022
1.44,1.207993246021254,-0.09520163187442154,3.888286963811975,-31.235625774784808,-292.01608248509854,-22.94542776564425
1.45,1.4690033402685971,-0.08538042789011885,3.457116843335478,-40.049298177936706,-269.5928226744612,-14.82287441993872
1.46,1.6973871727350227,-0.07678687440385398,3.079842987918543,-47.76126153069462,-249.97247034015356,-7.71564024244638
1.47,1.6548885261431447,0.18613073489662776,3.0083423644287253,-54.50922946435779,-232.8046620476344,-1.496810337140582
1.48,1.6177022103752516,0.4161836430345493,2.9457793188751347,-60.413701406313066,-217.78282979168011,3.9446658300019903
1.49,0.5516500590783453,-0.0030039373447693918,2.852522154015743,-65.58011435552393,-204.6387265677201,8.705957476251742
1.5,-0.3811455733064478,-0.36979307017667323,2.770922134763775,-70.10072568608344,-193.1376362467551,12.872087666720274
1.51,-0.5299318766431419,-0.6869718114045891,2.301918742918303,-74.05626060032301,-183.07418221591072,16.51745158338024
1.52,-0.6601198920627491,-0.9645032099790154,1.8915407750535151,-77.51735365028264,-174.2686599389219,19.707145010457708
1.53,0.27009796944509445,-0.6663568087316385,1.5536358031718258,-81.28518481899731,-148.85382744655666,29.769377134150496
1.54,1.0840385982644576,-0.4054787076401837,1.2579689527753475,-84.58203709162264,-126.6158490157371,38.57383024238168
1.55,1.0547212734814004,-0.1547873691851607,0.9295309586784292,-87.4667828301698,-107.15761788876996,46.27772671208397
1.56,1.0290686142962255,0.06456755196298439,0.6421477138436256,-89.99093535139858,-90.13166565267372,53.01863612307347
1.57,-0.3637475874908025,-0.2541982670323886,0.8546849996131723,-92.19956880747375,-75.2339574460895,58.916931857689285
1.58,-1.582461764054452,-0.53311835865334,1.0406551246615257,-94.13212308153953,-62.19846276532831,64.07794062547812
1.59,-2.465671418547646,-1.2015361888216725,1.236994609078835,-95.8231080713471,-50.79240491966227,68.59382329729335
1.6,-3.23847986622919,-1.7864017902189635,1.4087916579439808,-97.3027199374287,-40.812104304704484,72.54522063513168
1.61,-2.632345757950541,-1.700798441441593,1.1148275757009831,-98.59738032025011,-32.079341266616424,76.00269330574022
1.62,-2.101978413206723,-1.625895511261394,0.8576090037383602,-99.73020815521885,-24.438173608289368,79.0279818925227
1.63,-1.6408222365558827,-1.2869315723537198,0.43297625327106526,-100.72143251081648,-17.752151907253197,81.67510940595737
1.64,-1.2373105819863974,-0.990338125809505,0.06142259661218208,-101.58875382196442,-11.901882918846548,83.9913459802127
1.65,-1.3292580092380977,-1.1484584850833168,-0.04050735296434069,-102.34765996921885,-6.782897553990729,86.01805298268611
1.66,-1.4097120080833354,-1.286813799447902,-0.1296960588437981,-103.01170284806649,-2.303785359741888,87.79142160985036
1.67,-0.7407781320729185,-1.3045658245169143,-0.09910317648832333,-103.59274036705817,1.6154378102258482,89.34311915861907
1.68,-0.15546099056380375,-1.3200988464523,-0.07233440442728291,-104.1011481961759,5.044758083947617,90.7008545137917
1.69,0.11952325825667173,-1.5081803656457624,-0.19041210387387253,-106.9391300466539,12.074788198454165,92.30449757456773
1.7,0.36013447597458775,-1.6727516949400423,-0.2937300908896385,-109.42236416582216,18.226064548647393,93.70768525274677
1.71,-0.11418620852223571,-1.8074243580725369,-0.5380352045284337,-111.5951940200944,23.608431355066468,94.93547447115343
1.72,-0.5292168074569562,-1.9252629383134698,-0.7518021789623794,-113.4964201425826,28.31800231068316,96.00979003725925
1.73,-1.4222964565248368,-2.136549946024286,-0.952075781592082,-115.15999299975977,32.43887689684776,96.94981615760184
1.74,-2.2037411494592325,-2.3214260777712505,-1.1273151838930717,-116.6156192497898,36.044642159741784,97.77233901290161
1.75,-2.818481505776828,-2.3537781930498443,-1.2438265359064378,-117.88929221856608,39.19968676477406,98.4920465112889
1.76,-3.3563793175547247,-2.3820862939186136,-1.3457739689181332,-119.00375606624533,41.9603507941773,99.12179057237779
1.77,-3.346371152860384,-2.071805007178787,-1.3102303478033666,-119.97891193296465,44.375931819905134,99.67281662583056
1.78,-3.3376140087528356,-1.8003088812814385,-1.2791296793279456,-120.83217331634407,46.489565217416995,100.15496442260174
1.79,-3.245649507658731,-1.3780272711212587,-1.0963334694119524,-121.57877702680105,48.33899444023987,100.57684374477651
1.8,-3.1651805692013895,-1.0085308622311013,-0.9363867857354584,-122.23205527345092,49.95724501020989,100.94598815167944
1.81,-3.3725724980512157,-0.5929891294522137,-0.7708474375185261,-122.80367373926956,51.37321425893366,101.26898950771951
1.82,-3.5540404357948137,-0.22939011327068703,-0.6260005078287104,-123.30383989686086,52.612187351566945,101.55161569425456
1.83,-4.1558120063204615,0.11921015088814885,-0.40576756935012165,-123.74148528475325,53.69628880762107,101.79891360747274
1.84,-4.682362130530404,0.42423538202713024,-0.21306374818135643,-124.12442499915909,54.64487758166844,102.01529928153865
1.85,-5.555662239214103,0.668087834273739,0.1359299703413131,-112.33199687426419,111.28239375895988,108.3515116213463
1.86,-6.31979983431234,0.8814587299895216,0.44129947404864894,-102.01362226498117,160.8402204140899,113.89569741867803
1.87,-7.181287730023297,1.2522722637408314,0.6586301647925679,-92.98504448185851,204.2033187373287,118.74685999134326
1.88,-7.935089638770385,1.5767341057732276,0.8487945191934969,-85.0850389216262,242.1460297701626,122.99162724242535
1.89,-8.637869183924087,1.7677909675515742,1.2953990792943098,-78.17253405642292,275.34590192389226,126.70579858712219
1.9,-9.252801285933575,1.9349657216076275,1.686178069382521,-72.12409229937005,304.39579005840574,129.9556985137319
1.91,-9.137814375191878,1.937294506406674,2.348764685709706,-66.8317057619488,329.81444217610505,132.7993609495154
1.92,-9.037200828292892,1.9393321931058396,2.9285279749959927,-62.2008675417052,352.05576277909194,135.28756558082597
1.93,-8.72264547475628,2.1087110439676096,3.0585996031214933,-58.148884098992056,371.51691830670546,137.46474463322272
1.94,-8.447409540411746,2.2569175384716584,3.172412277731307,-54.60339858661805,388.5454293933673,139.3697763040699
1.95,-8.660784347860277,2.499366596162701,2.874692743014893,-51.5010987632908,403.4453765941964,141.03667901606116
1.96,-8.847487304377742,2.7115095216423635,2.6141881501380313,-48.786586417879455,416.48283039492185,142.49521888905352
1.97,-9.107263766330524,2.500847456437068,2.4409398813707774,-46.41138811564453,427.89060247055664,143.77144127792184
1.98,-9.334568170539209,2.3165181493824343,2.28934764619943,-44.333089601188966,437.87240303673707,144.8881358681816
1.99,-8.498721524221807,1.46685975570963,2.2150636904245014,-42.514578401040346,446.60647853214493,145.8652436346589
2.0,-7.767355708694081,0.7234086612459262,2.150065229121439,-40.923381100910305,454.2487945906268,146.72021293032654
2.01,-6.306563370107321,0.23973482859018536,1.505415575481259,-35.182333463296516,410.89894551679845,189.52080906403572
2.02,-5.028370073843907,-0.1834797749835878,0.9413471285461017,-30.158916780384452,372.96782757719865,226.97133068103125
2.03,-3.5525483146134182,0.4178941968893607,-0.06744463752216112,-25.763427182836395,339.77809938004884,259.7405370959023
2.04,-2.261204275286741,0.9440964222781907,-0.950137432831891,-21.917373784981848,310.73708720754274,288.4135927089145
2.05,-0.8779174908758987,2.3209759944934167,-1.8045186287279047,-18.552077061859116,285.3262015565999,313.50251637030016
2.06,0.3324584454835886,3.5257456201817394,-2.5521021751369166,-15.607442429126728,263.0916766120249,335.4553245740126
2.07,1.62223838979814,4.812214042659022,-2.8203114032448022,-13.030887125485886,243.6364672855218,354.664031752261
2.08,2.750795841073373,5.937873912326644,-3.054994477839202,-10.77640123480015,226.61315912483158,371.47165053322834
2.09,4.824500735939202,6.7035634232858134,-2.842186043109302,-8.803726080450133,211.71776448422764,386.17831696657476
2.1,6.638992518946801,7.373541745375086,-2.655978662720639,-7.077635320393866,198.6842941736992,399.0466500957529
2.11,8.668281454078452,7.892580402203201,-1.9528604548805593,-5.567305905344632,187.2800076519868,410.3064415837838
2.12,10.443909272318646,8.3467392269278,-1.3376320230204892,-4.245767667176553,177.30125694548846,420.1587591358108
2.13,11.348178863278815,8.518710073561826,-0.7155138951429281,-3.089421708779484,168.56985007730242,428.7795369938344
2.14,12.139414755368962,8.669184564366597,-0.17116053325006203,-2.077618995182049,160.92986906763963,436.3227176196051
2.15,12.052451535947842,8.297776743820773,-0.059252091593804276,-1.1922916207842928,154.24488568418468,442.92300066715444
2.16,11.976358718954362,7.9727949008431755,0.03866779485542125,-0.4176301681862563,148.3955252236616,448.6982483337601
2.17,11.498468004085067,7.110721788237779,-0.0927130545015064,-8.542301772162974,102.1523346957039,400.5384672920401
2.18,11.080313628574434,6.3564078147080565,-0.2076712976888181,-15.651389425642602,61.689542983740914,358.3986588805351
2.19,10.42273055000263,5.09127808786955,-0.5870138854777158,-21.871841122437274,26.284600235773297,321.5263265204682
2.2,9.847345356252301,3.9842895768858564,-0.9189386497930013,-27.314736357132617,-4.694724668698367,289.2630357054097
2.21,9.381309061720764,2.281636004775124,-1.346663693568876,-32.07726968749104,-31.801633960111072,261.0326562422335
2.22,8.973527304005668,0.7918141291782337,-1.7209231068727666,-36.24448635155466,-55.520179590097186,236.3310742119543
2.23,8.302851641004958,-1.2565493869690454,-2.0969413435136706,-39.89080093261033,-76.27390701633504,214.71718993546003
2.24,7.716010435879339,-3.0488674635979147,-2.4259573005744617,-43.081326191034044,-94.43341851429318,195.80504119352753
2.25,6.692378256394421,-5.536417905648175,-3.226252263002654,-45.87303579215479,-110.32299107500654,179.2569110443366
2.26,5.796700099345118,-7.713024542442152,-3.9265103551273226,-48.31578169313544,-124.22636706563074,164.77729716379451
2.27,3.867211336926979,-11.689177099636883,-4.009436810736407,-50.453184356493516,-136.3918210574269,152.1076350183202
2.28,2.178908669811107,-15.168310587182273,-4.081997459394356,-52.32341168693183,-147.03659330024854,141.02168064103017
2.29,-2.4906611639152816,-17.870451888784487,-1.3398967769700616,-53.95986060106535,-156.35076901271748,131.32147056090142
2.3,-6.576534768425871,-20.234825527686425,1.0594413201511959,-55.39175340093218,-164.5006727611278,122.83378674078874
2.31,-9.661769672372637,-17.64163958672562,-0.4952593448677036,-56.64465960081566,-171.63183854098682,115.40706339819015
2.32,-12.361350213326057,-15.372601888384919,-1.8556224267592407,-57.7409525257137,-177.87160859836348,108.90868047341637
2.33,-10.319356061660299,-12.663504027336804,-4.6986346234143355,-43.488333334999496,-229.54891039856804,48.408220289239324
2.34,-8.532611178952761,-10.293043398919705,-7.186270295487544,-31.01729154312456,-274.76654947374703,-4.529682371915598
2.35,-3.292679031583666,-7.145535849054742,-7.2867772585516,-20.10512997523399,-314.33198366452865,-50.85034720042615
2.36,1.2922615973642921,-4.3914667429228995,-7.3747208512326505,-10.556988603329742,-348.95173858146256,-91.38092892537288
2.37,2.5195756476937556,-1.631261650057537,-5.440460369828569,-2.2023649029135246,-379.24402413377976,-126.84518793470127
2.38,3.593475441732036,0.783917806199655,-3.747982448599998,5.107930834950666,-405.74977399205727,-157.8764145678636
2.39,2.9593870115155316,2.283999455424698,-2.6132003925249983,11.504439605581833,-428.9423051180501,-185.02873787188065
2.4,2.4045596350760903,3.5965708984966107,-1.6202660934593736,17.101384779884103,-449.23576985329385,-208.78702076289557
2.41,2.937689180691579,4.822175911184534,-1.6070360817769518,21.998711807398593,-466.99255149663213,-229.57551829253362
2.42,3.4041775331051314,5.894580297286467,-1.5954598215548328,26.28387295647377,-482.5297354345531,-247.76545363096693
2.43,3.50651184146699,6.439480385125659,-1.3439628438604787,30.033388961914547,-496.124771380234,-263.6816470520961
2.44,3.5960543612836164,6.916267961984952,-1.123902988377919,33.31421546667523,-508.02042783270474,-277.6083162955841
2.45,3.548482066123164,6.332994591736833,-1.0669802398306791,36.184938658340826,-518.4291272286166,-289.79415188363606
2.46,3.5068563078577686,5.822630392769729,-1.0171728348518443,38.69682145104822,-527.5367392000396,-300.4567580231816
2.47,4.926406144375548,5.037533343673513,-0.3432444804953638,40.89471889466719,-535.5058996750347,-309.7865383952839
2.48,6.168512251328605,4.350573425714323,0.2464428295665566,42.81787915783379,-542.4789150906554,-317.95009622087343
2.49,6.020424594912529,3.581611497500033,0.812516725870737,34.22814426310457,-502.6953010793235,-264.99820919326424
2.5,5.890847895548464,2.9087698103125286,1.3078313851368948,26.712126230216494,-467.88463881940805,-218.6653080441062
2.51,4.593199283604906,2.3842149590234625,1.649868086994783,20.135610451439433,-437.4253093419821,-178.12401953859293
2.52,3.457756748154293,1.9252294641455296,1.9491502011204354,14.381159145009502,-410.77339604923435,-142.65039209626883
2.53,3.0436117796350066,1.5589212811273385,2.157563550980381,9.346014251883314,-387.4529719180801,-111.61096808423522
2.54,2.681234932180631,1.2384016209864213,2.3399252321078334,4.9402624703979,-367.0476008033201,-84.45147207370583
2.55,2.916473940658052,1.1145195433631185,2.5048483280943543,1.085229661598163,-349.1929010779051,-60.68691306449259
2.56,3.122308073075796,1.0061227254427287,2.64915603708256,-2.2879240461016073,-333.570038818167,-39.892923931431014
2.57,2.9422103139413216,0.6697418847623877,2.64922653244724,-5.239433540338906,-319.9000343408961,-21.698183440002133
2.58,2.7846247746986568,0.3754086491670892,2.649288215891335,-7.822004347796542,-307.93878042328413,-5.7777855100018645
2.59,2.3695886778613247,-0.06147355697879692,2.510554938904918,-10.081753804321973,-297.4726832453736,8.15256267874837
2.6,2.006432093128659,-0.4437454873564473,2.3891633215418038,-12.059034578781727,-288.31484821470195,20.341617343904822
2.61,1.7951962064875768,-0.6403870514368915,2.1711975313490783,-13.789155256434011,-280.3017425628642,31.00704017591672
2.62,1.6103648056766298,-0.81244842000728,1.9804774649304435,-15.30301084937976,-273.2902751175062,40.33928515392713
2.63,1.615260954967051,-0.99110999250637,1.8403176568141382,-16.62763449320729,-267.15524110281797,48.50499950968624
2.64,1.6195450855961697,-1.1474388684430736,1.717677824712371,-17.786680181556378,-261.78708633996575,55.64999957097547
2.65,1.6407133248966486,-1.3648921348876895,1.7619887216233245,-30.84084590886183,-243.33495054747004,60.96124999960353
2.66,1.6592355342845675,-1.5551637430267282,1.800760756420409,-42.2632409202541,-227.1893317290363,65.6085941246531
2.67,1.5591335924989966,-1.6676706501483871,1.7524759118678577,-52.25783655522234,-213.06191526290678,69.67502023407145
2.68,1.4715443934366221,-1.7661141938798386,1.7102266728843754,-61.00310773581955,-200.70042585504345,73.23314307981252
2.69,1.2836607192570444,-1.8682045446448587,1.6826680887738286,-68.6552200188421,-189.88412262316302,76.34650056983595
2.7,1.1192625043499138,-1.9575336015642513,1.6585543276771,-75.35081826648684,-180.41985729526766,79.07068837360646
2.71,0.8121994413061746,-2.07647040136872,1.5291030367174625,-81.20946673317599,-172.1386251333592,81.45435270190565
2.72,0.5435192611429028,-2.18054010119763,1.4158331571277798,-86.33578414152899,-164.8925469916893,83.54005898916743
2.73,0.39740060350004,-2.262082338547926,1.3121617624868072,-90.82131187383787,-158.55222861772813,85.36505199052151
2.74,0.26954677806253496,-2.3334317962294353,1.221449292175956,-94.74614863960814,-153.00445004051213,86.96192086670632
2.75,0.1824084308047181,-2.399979196700756,1.0917407556539616,-98.18038080965712,-148.1501437854481,88.35918113336803
2.76,0.10616237695412836,-2.458208172113162,0.9782457861972164,-101.18533395844999,-143.9026258122671,89.58178386669702
2.77,-0.16869392016513768,-2.413571150599017,0.7117768129225643,-103.81466796364374,-140.18604758573372,90.65156125835989
2.78,-0.40919318014449546,-2.3745137567741397,0.4786164613072438,-106.11533521818828,-136.934041637517,91.58761647606491
2.79,-0.7811151576264335,-2.2351384121773723,0.24382315364383833,-108.12841906591474,-134.08853643282737,92.40666479155679
2.8,-1.1065468879231293,-2.113184985655201,0.038379009438358536,-109.8898674326754,-131.59871937872396,93.1233320676122
2.81,-1.480504401932738,-2.036758237448301,-0.10232124174143628,-108.72300912859097,-118.95512958138347,99.91916530916068
2.82,-1.8077172266911459,-1.9698848327672633,-0.22543396152375675,-107.70200811251709,-107.89198850871054,105.86551939551559
2.83,-2.0600474483547524,-1.9109364786713554,-0.34428421633328715,-106.80863222345246,-98.21174007012173,111.06857922107615
2.84,-2.2808363923104085,-1.8593566688374359,-0.4482781892916262,-106.02692832052091,-89.74152268635652,115.62125656844164
2.85,-2.391056968271607,-1.8043002102327566,-0.513937165630173,-105.34293740545579,-82.33008247556195,119.60484924738644
2.86,-2.4874999722376563,-1.756125808953662,-0.5713887699264014,-104.7444453547738,-75.84507229111671,123.09049284146313
2.87,-2.506469600707949,-1.6665295828344542,-0.6021085486856013,-104.22076481042708,-70.17068837972712,126.14043098628024
2.88,-2.5230680256194558,-1.5881328849801475,-0.6289883550999011,-103.7625443341237,-65.20560245726124,128.8091268629952
2.89,-2.735690647417024,-1.508395899357629,-0.5078204357124135,-103.36160141735823,-60.86115227510358,131.1442357551208
2.9,-2.921735441489896,-1.4386260369379253,-0.40179850624836183,-103.01077636518846,-57.05975836571563,133.1874560357307
2.91,-3.094084511303659,-1.3013885323206846,-0.3038913179673166,-102.70380444453991,-53.73353869500117,134.97527378126435
2.92,-3.2448899473907016,-1.181305715780599,-0.21822252822140203,-102.43520401397242,-50.82309648312602,136.5396143086063
2.93,-3.3203279539668635,-0.9494415013080242,-0.05343946219372678,-102.20017863722586,-48.276459547735264,137.9084122700305
2.94,-3.3863362097210055,-0.7465603136445211,0.09074572058048906,-101.99453143257261,-46.048152229268354,139.1061104862767
2.95,-3.5061403085058798,-0.581330524438956,0.11494713050792793,-101.81459012850104,-44.09838332560981,140.1540964254921
2.96,-3.6109688949426446,-0.4367544588840866,0.13612336419443694,-101.6571414874384,-42.39233553490858,141.0710841223056
2.97,-4.1114616580748145,-0.16422077652357575,-0.033697431329867675,-93.4124990515086,12.121081281954986,147.4428239820174
2.98,-4.549392825815462,0.0742461955418712,-0.18229062741363422,-86.19843692007004,59.820320996710606,153.0180963592652
2.99,-5.18896797258853,0.5587034210991373,-0.16970004898692995,-79.8861325550613,101.55715574712178,157.89645968935704
3.0,-5.748596226014963,0.9826034934617451,-0.1586832928635637,-74.36286623567864,138.07688615373155,162.1650276031874
3.01,-6.238270947763093,1.353516056779027,-0.14904363125561823,-69.53000820621881,170.03165025951512,165.900024527789
3.02,-6.742797079292707,1.6928020496816485,0.06158557265133405,-65.30125743044147,197.99206885207573,169.16814683681537
3.03,-7.184257444381119,1.9896772934714422,0.24588612606991728,-61.60110050163628,222.45743512056626,172.02775385721344
3.04,-7.570535263833479,2.249443131787512,0.4071491103111776,-58.363463188931746,243.86463060549548,174.52991000006176
3.05,-7.908528355854294,2.4767382403140727,0.5482542215222804,-55.530530540315276,262.5959266548085,176.71929662505403
3.06,-8.204272311372508,2.6756214602748134,0.6717211938319954,-53.05171447277586,278.98581069795745,178.63500992192226
3.07,-8.463048272450944,2.849644277740462,0.7797547946029959,-50.88275041367888,293.32695923571276,180.31125905668196
3.08,-8.689477238394575,3.0019142430229038,0.8742841952776215,-48.984906861969016,305.87546420624864,181.7779770495967
3.09,-8.887602583595253,3.135150462645041,0.9569974208679188,-47.324293754222886,316.85540605546754,183.0613552933971
3.1,-9.060962260645846,3.2517321548144107,1.0293714932594291,-45.871257284945024,326.4628551735341,184.18431125672245
3.11,-9.212651978065116,3.353741135462609,1.0926988066020005,-44.59985037432689,334.8693731518423,185.16689772463215
3.12,-9.345380480806977,3.4429989935297827,1.1481102057767503,-43.48736932753603,342.22507638286197,186.02666088405311
3.13,-9.461517920706104,3.5210996193385595,1.1965951800546566,-31.764573161594022,353.3119412100042,207.07895539854647
3.14,-9.563138180617841,3.5894376669212393,1.2390195325478246,-21.50712651639477,363.0129479337537,225.49971309872817
3.15,-9.65205590804061,3.6492334585560844,1.2761408409793464,-12.531860701845423,371.5013288170345,241.61787608638716
3.16,-9.729858919535534,3.701554776236574,1.3086219858569281,-4.678503114114745,378.9286620899052,255.72126870058875
3.17,-9.549214679593593,3.336310054207002,1.2091001126248122,2.1931847751495983,385.427578703667,268.06173723801516
3.18,-9.391150969644395,3.016720922431127,1.1220184735467107,8.205911678255898,391.1141307407087,278.85964720826325
3.19,-9.252845223438845,2.737080432127236,1.045822039353372,13.46704771847391,396.0898637731201,288.30781843223036
3.2,-9.13182769550899,2.4923950031113313,0.9791501594342005,18.07054175366467,400.44363017648004,296.5749682532016
3.21,-9.025937358570367,2.278295252722415,0.9208122645049254,22.098599034456587,404.2531757794201,303.8087243465514
3.22,-8.93328331374907,2.090957971132113,0.8697666064418097,25.623149155149513,407.58652818199255,310.13826092823246
3.23,-8.852211024530437,1.9270378497405989,0.8251016556365834,28.707130510755825,410.5032115342435,315.6766054372034
3.24,-8.781272771464133,1.7836077435230242,0.7860198236820105,31.405614196911344,413.0553094674631,320.522656882553
3.25,-8.719201800031117,1.6581064005826462,0.7518232207217592,33.766787422297426,415.2883951590302,324.7629518972339
3.26,-8.664889700027228,1.5482927255098156,0.7219011931315393,35.832813994510246,417.24234513915144,328.47321003507966
3.27,-8.617366612523824,1.4522057598210887,0.6957194189900969,37.640587245196464,418.95205137175753,331.7196859056947
3.28,-8.575783910958346,1.3681296648434527,0.6728103666163348,39.22238883954691,420.4480443252878,334.56035229248283
3.29,-8.539399047088553,1.2945630817380211,0.6527649457892929,24.926464734603545,356.0532889096268,350.09656225592244
3.3,-8.507562291202484,1.2301923215207686,0.6352252025656313,12.417531142778103,299.70787792092347,363.6907459739321
3.31,-8.479705129802174,1.1738679063306727,0.6198779272449274,1.4722142499308397,250.40564330580807,375.58565672719055
3.32,-8.455330113576903,1.1245840430393388,0.6064490613393114,-8.104938031310516,207.26618801758207,385.99370363629174
3.33,-5.461102724379789,3.7949519126594216,0.9537071786718974,-16.484946277396702,169.51916464038433,395.10074468175526
3.34,-2.8411537588323155,6.131523798576994,1.2575580313379102,-23.817453492722116,136.4905191853363,403.06940559653583
3.35,-0.548698413978276,8.17602419875487,1.5234275274206714,-30.233397306131852,107.59045441216925,410.0419838969688
3.36,1.4572000127690083,9.964962048910511,1.7560633364930873,-35.84734814286537,82.30289773564809,416.1429899098477
3.37,3.2123611361728823,11.530282667796698,1.9596196694314514,-40.759555125007196,60.176285643692076,421.48137017111674
3.38,4.748127119151272,12.89993820932211,2.13773146075252,-45.057736234381295,40.815500063230566,426.1524528997271
3.39,6.091922354257363,14.098386808156846,2.293579278158455,-48.81864470508363,23.874812680326748,430.2396502872612
3.4,7.267743184975193,15.14702933213724,2.4299461183886484,-52.10943961694818,9.051711220285904,433.81594800135355
3.41,8.296586411853294,16.064591540620086,2.549267103590067,-54.988885164829654,-3.918502557249833,436.9452085011843
3.42,9.196824235371633,16.867458473042575,2.6536729656413085,-57.508400019225945,-15.267439612593604,439.68331143853624
3.43,9.984532330950177,17.569967038912253,2.7450280949361447,-59.712975516822695,-25.197759536019404,442.0791515087192
3.44,10.673776914581406,18.184662034048223,2.8249638330691265,-61.64197907721986,-33.886789469016975,444.17551157012923
3.45,11.276865925258729,18.722520154792196,2.8949076039354855,-56.85923169256738,-110.26469241038986,334.59169649886303
3.46,11.804568809601388,19.193146010443172,2.9561084034435496,-52.67432773099645,-177.09535748409112,238.70585831150518
3.47,12.266308833401215,19.604943634137776,3.0096591030131057,-49.0125367646219,-235.57218942357974,154.80574989756704
3.48,12.670331354226064,19.965266554870553,3.0565159651364673,-45.80846966904416,-286.7394173706323,81.39315503537117
3.49,9.435101934947806,16.692089985511736,-0.39045490550559103,-43.00491096041364,-331.51074182430324,17.157134530949776
3.5,6.60427619307933,13.82806048732277,-3.406554417317392,-40.55179709036193,-370.68565072126535,-39.04938341041894
3.51,4.127303668944414,11.322034676407423,-6.045641490152718,-38.40532245406669,-404.9636960061072,-88.23008660911657
3.52,1.9599527103263623,9.129262091856495,-8.354842678883628,-36.52715714730836,-434.95698563034387,-131.263201907977
3.53,0.06352062153556703,7.210586080374433,-10.375393719023174,-34.883762503894815,-461.2011140515509,-168.91717779447987
3.54,-1.5958574561563788,5.5317445703276285,-12.143375879145276,-33.445792190907966,-484.16472642010706,-201.8644066951699
3.55,-3.047813274136831,4.0627582490366745,-13.690360269252116,-32.18756816704447,-504.2578872425937,-230.69323198327365
3.56,-4.318274614869727,2.77739521790709,-15.043971610595602,-31.086622146163908,-521.8394029622694,-255.91845411036445
3.57,-5.429928288011011,1.6527025656687035,-16.22838153427115,-30.12329437789342,-537.2232292169857,-277.99052347156885
3.58,-6.402625252009634,0.6685964949601155,-17.264740217487258,-29.28038258065674,-550.6840771898625,-297.30358416262277
3.59,-7.253735095508429,-0.19249631690989888,-18.17155406530135,-28.542834758074648,-562.4623191661296,-314.2025122672949
3.6,-7.998456208569875,-0.9459525272961615,-18.965016182138683,-27.897480413315314,-572.7682808953634,-328.98907435888304
3.61,-8.650087182498641,-1.6052267113841414,-19.659295534371346,-32.237170486650896,-509.182870908443,-269.11419043902265
3.62,-9.220264284686312,-2.1820916224611238,-20.266789967574926,-36.03439930081954,-453.54563716988764,-216.72366700914483
3.63,-9.719169249100524,-2.686848419653483,-20.79834759662806,-39.3569745132171,-404.8630576486517,-170.88195900800173
3.64,-10.155711092962958,-3.1285106171967976,-21.263460522049552,-42.26422782406496,-362.26580056757024,-130.77046450700152
3.65,-7.275697706342588,-3.1554754150471975,-18.74824545679336,-44.80807447105684,-324.99320062162394,-95.67290681862633
3.66,-4.755685993049764,-3.1790696131662974,-16.547432274694188,-47.03394028717474,-292.3796756689209,-64.96254384129804
3.67,-2.550675743918543,-3.19971453652051,-14.621720740357414,-48.981572876277895,-263.8428413353058,-38.09097623613579
3.68,-0.6212917759287249,-3.217778844455446,-12.936723147812737,-50.68575139174316,-238.87311129339258,-14.578354581618811
3.69,1.0669191960623658,-3.233585113898515,-11.462350254336144,-52.176907592775265,-217.0245975067185,5.99518936608354
3.7,2.54410379655457,-3.247415599661201,-10.172273972544126,-53.48166926867836,-197.90714794337867,23.997040320323098
3.71,3.836640321985249,-3.2595172747035503,-9.043457225976109,-54.62333573509356,-181.17937957545632,39.74865990528271
3.72,4.967609781737093,-3.2701062403656063,-8.055742572729095,-55.622293893206866,-166.54258225352427,53.53132704212237
3.73,5.9572080590199565,-3.2793715853199052,-7.191492251137958,-56.49638228155601,-153.73538459683374,65.59116078685707
3.74,6.8231065516424625,-3.287478762154917,-6.435273219745713,-57.26120962136151,-142.52908664722952,76.14351531349993
3.75,7.580767732687155,-3.294572541885552,-5.773581567277499,-57.93043354369132,-132.72357594132583,85.37682552431244
3.76,8.24372126610126,-3.300779599149858,-5.194601371367812,-58.51600447572991,-124.1437540736601,93.45597195877339
3.77,8.823805607838603,-3.3062107742561255,-4.687993699946835,-75.11962941626366,-119.09953493945258,112.46022583892672
3.78,9.331379406858778,-3.3109630524741096,-4.24471198745348,-89.6478012392307,-114.685843197021,129.0889479840609
3.79,9.77550648100143,-3.315121295914846,-3.856840489021795,-102.35995158432686,-110.82386292239337,143.6390798610533
3.8,10.164117670876252,-3.31875975892549,-3.5174529278940705,-113.48308313628601,-107.4446301820942,156.37044525342162
3.81,9.86528971201672,-3.8426340390598037,-2.458601311907312,-123.21582324425026,-104.48780153433242,167.5103899717439
3.82,9.60381524801463,-4.3010240341773285,-1.5321061479188978,-131.73197083871898,-101.90057646754086,177.25784160027592
3.83,9.375025092012802,-4.702115279905162,-0.7214228794290356,-139.1835999838791,-99.63675453409824,185.78686177524145
3.84,9.174833705511201,-5.053070119917017,-0.012075019500406126,-145.70377548589423,-97.65591034233596,193.24975442833625
3.85,8.9996662423223,-5.36015560492739,0.6086043579371446,-151.40892905015744,-95.92267167454396,199.77978549979423
3.86,8.846394712032014,-5.628855404311466,1.1516988131950017,-156.40093841888776,-94.40608784022596,205.49356268731992
3.87,8.712282123028013,-5.863967728772533,1.6269064615456266,-160.7689466165268,-93.07907698519772,210.49311772640493
3.88,8.594933607649512,-6.069691012675966,2.0427131538524232,-164.59095378946094,-91.917942487048,214.86772838560432
3.89,8.492253656693324,-6.24969888609147,2.4065440096208706,-167.93521006577834,-90.90194980116699,218.6955127124038
3.9,8.402408699606658,-6.407205775330036,2.724896008418262,-170.86143430755604,-90.01295620102111,222.0448239983533
3.91,8.323794362155827,-6.545024303413782,3.003454007365979,-173.42188051911154,-89.23508680089347,224.97547137355912
3.92,8.255006816886349,-6.665615515487059,3.247192256445232,-175.6622709542226,-88.55445107578178,227.5397878268642
3.93,8.194817714775555,-6.7711328260511765,3.460463224389578,-154.2207370849448,1.404858433690947,217.10481434850618
3.94,8.14215225042861,-6.863460472794779,3.6470753213408806,-135.4593949493267,80.11925425447959,207.9742125549429
3.95,8.096069969125034,-6.944247163695432,3.8103609061732704,-119.04322058066087,148.99435059766967,199.98493598557505
3.96,8.055747972984406,-7.014935518233504,3.9532357929016118,-104.67906800807826,209.26005989796096,192.99431898737816
3.97,5.031616601361355,-6.255059453454316,4.582176943788911,-92.11043450706848,261.99255553571584,186.8775291139559
3.98,2.3855016511911855,-5.590167896772527,5.1325004508152965,-81.11288019368492,308.1334892187514,181.5253379747114
3.99,0.07015106979228758,-5.008387784675961,5.6140335194633835,-71.4900201694743,348.50680619140746,176.84217072787246
4.0,-1.9557806889317484,-4.499330186591465,6.035374954530461,-63.07001764829002,383.83345854248154,172.7443993868884
4.01,-3.72847097781528,-4.053904788267532,6.404048710214154,-55.70251544225377,414.7442793496714,169.15884946352736
4.02,-5.27957498058837,-3.664157564734091,6.726638246437384,-49.255951011972044,441.7912475559625,166.02149328058644
4.03,-6.636790983014823,-3.3231287441423296,7.008904090632711,-43.615207135475536,465.45734473646723,163.27630662051314
4.04,-7.824354985137971,-3.0247285261245382,7.255886704303622,-38.67955624354109,486.16517976940884,160.87426829294898
4.05,-8.863473486995725,-2.763628335358971,7.471996491265669,-34.36086171309846,504.28453542323274,158.77248475633036
4.06,-9.772702176121259,-2.5351656684390997,7.6610925548574595,-30.58200399896115,520.1389716203287,156.93342416178905
4.07,-10.568277279106102,-2.3352608348842123,7.826551610500276,-27.275503499091005,534.0116032927876,155.32424614156542
4.08,-11.26440549421784,-2.1603441055236856,7.9713282841877415,-24.38231556170463,546.1501560061891,153.91621537386973
4.09,-11.87351768244061,-2.007291967333225,8.098007873664274,-10.528276366491554,513.0957621304156,194.83293757713602
4.1,-12.406490847135535,-1.8733713464165718,8.20885251445624,1.5940079293198899,484.1731674891136,230.63506950499402
4.11,-12.872842366243594,-1.7561908031145002,8.30584157514921,12.201006688154903,458.86589717797443,261.96193494186974
4.12,-13.280899945463146,-1.6536578277251877,8.390707003255558,21.48213060213554,436.7220356557276,289.37294219913605
4.13,-12.025445827280253,-1.5776534742595394,7.877384127848614,29.603114026868596,417.34615682376165,313.357573549244
4.14,-10.926923473870222,-1.511149664977097,7.428226611867537,36.70897452351002,400.39226284579144,334.3441259805885
4.15,-9.965716414636445,-1.4529588318549598,7.035213785384094,42.926602458071265,385.55760561506753,352.7073593580149
4.16,-9.12466023780689,-1.4020418528730896,6.691327562211082,48.367026900812355,372.5772805381841,368.77518856326304
4.17,-8.388736083081028,-1.3574894962639532,6.3904271169346964,53.12739828821081,361.2194960959111,382.8345391178552
4.18,-7.7448024476959,-1.318506184230959,6.127139227317859,57.29272325218446,351.28143470892223,395.1364708531233
4.19,-7.181360516733912,-1.2843957862020892,5.896762323903126,60.9373825956614,342.58563099530693,405.90066112148287
4.2,-6.688348827142174,-1.2545491879268278,5.6951825334152355,64.12645952120371,334.97680274589356,415.3193276062975
4.21,-6.256963598749403,-1.2284334144359743,5.518800216738331,66.91690183105325,328.3190780276569,423.5606607805103
4.22,-5.879501523905728,-1.2055821126314776,5.36446568964604,69.35853885217159,322.4935688991998,430.7718273079465
4.23,-5.549222208417512,-1.185587223552543,5.229422978440285,71.49497124565013,317.3962484117998,437.0815980194532
4.24,-5.2602278073653235,-1.1680916956084753,5.111260606135249,73.36434958994386,312.9360929853248,442.60264739202154
4.25,-5.007357706444658,-1.1527831086574158,5.007868530368343,48.70630589120087,239.01595486215925,418.99606609301884
4.26,-4.786096368139076,-1.1393880950752386,4.9174004640723,27.13051765480076,174.33583400438934,398.3403074563915
4.27,-4.592492697121692,-1.127667458190834,4.8382409060632625,8.251702947950662,117.74072825384067,380.2665186493425
4.28,-4.423089484981481,-1.1174119009169798,4.7689762928053545,-8.267259920543172,68.2200107221106,364.4519534431747
4.29,-1.2476255493587955,1.7390295866976428,4.478683631204685,-22.721352430475278,24.889382881846778,350.61420888777786
4.3,1.530905394311054,4.2384158883604375,4.224677552304099,-35.36868337666587,-13.024916478384068,338.50618240180563
4.31,3.9621199700221723,6.4253789023153836,4.002422233266087,-46.43509795458264,-46.199928418586055,327.9116592265799
4.32,6.0894327237694,8.33897153952596,3.8079488291078256,-56.1182107102598,-75.2280638662628,318.6414514482574
4.33,7.950831383298226,10.013365097085217,3.6377846004693475,-64.59093437147733,-100.62768238297994,310.53001964222517
4.34,9.579555210385948,11.478459459949566,3.488890900410679,-72.00456757504267,-122.85234858510745,303.43251681194704
4.35,11.004688559087704,12.76041702745587,3.358608912859344,-78.49149662816234,-142.29893151196902,297.22220183545363
4.36,12.251680239201741,13.882129899023887,3.244612173751926,-84.16755954964204,-159.3146915729729,291.7881762310219
4.37,13.342797959301523,14.863628661645903,3.1448650270329352,-89.13411460593677,-174.20348162635128,287.0334038271442
4.38,14.297525964388832,15.722440078940165,3.0575862736538184,-93.47985028019467,-187.23117292305736,282.8729779737512
4.39,15.132912968840229,16.473900069072645,2.981217364447091,-97.28236899517033,-198.63040280767518,279.2326053520323
4.4,15.8638765977352,17.131427560438564,2.914394568891205,-100.60957287077403,-208.60472895671577,276.04727930802824
4.41,16.5034697730183,17.70676411538374,2.8559246227798045,-77.72587626192727,-254.42788908712632,172.7663710195247
4.42,17.06311380139101,18.21018360096077,2.8047634199323292,-57.70264172918636,-294.52315420123557,82.39557626708412
4.43,17.552802326217137,18.650675650840675,2.7599973674407883,-40.182311513038066,-329.6065111760811,3.3211308586986092
4.44,17.981279785439995,19.03610619448559,2.7208270715106897,-24.852022573908307,-360.304448529071,-65.8690088736387
4.45,16.975994437259995,15.80780404517489,-2.1311735624281463,-11.43801975216977,-387.16514371293715,-126.41038113943387
4.46,16.096369757602496,12.983039664528029,-6.376674117124628,0.29923271685144925,-410.66825199882,-179.38408187200463
4.47,15.326698162902183,10.511370831462024,-10.091487102484049,10.569328627245017,-431.23347174896753,-225.73607001300405
4.48,14.653235517539411,8.348660602529272,-13.341948464673543,19.55566254883939,-449.2280390303466,-266.2940596363785
4.49,14.063955702846984,6.456289152213112,-16.18610215658935,27.418704730234467,-464.9732854015533,-301.78230055683116
4.5,13.548335864991111,4.800464133186473,-18.67473663701568,34.298866638955154,-478.7503759763591,-332.83451136222726
4.51,13.097168506867222,3.351617241538164,-20.85229180738872,40.31900830908576,-490.8053302293142,-360.00519581694886
4.52,12.70239706850882,2.0838762113458937,-22.75765258146513,45.58663227045004,-501.3534152006499,-383.77954471483025
4.53,12.356972059945218,0.974602809927657,-24.42484325878199,50.19580323664378,-510.58298955056864,-404.5821000004765
4.54,12.054725177452065,0.003988583686699854,-25.88363510143424,54.22882783206331,-518.6588671067476,-422.7843358754169
4.55,11.790259155270556,-0.8452988642741376,-27.16007796375496,57.757724353055394,-525.7252599684042,-438.71129226598975
4.56,11.558851385861736,-1.5884253812398703,-28.276965468285592,60.84550880892347,-531.9083537223537,-452.647379107741
4.57,11.356369587629018,-2.2386610835848866,-29.254242034749893,49.49919495780804,-471.09418463205947,-371.81583084427336
4.58,11.179198014175391,-2.8076173231367756,-30.109359030406157,39.571170338082034,-417.88178667805204,-301.08822611373915
4.59,11.024172887403466,-3.3054540327446786,-30.85758640160539,30.88414879582178,-371.32093846829554,-239.20157197452178
4.6,10.888525901478033,-3.741061153651594,-31.512285351404717,23.283004946344057,-330.5801962847586,-185.05074960270656
4.61,10.937950913793278,-3.5298830094451445,-26.482470557479125,16.63200407805105,-294.93204687416375,-137.66878002736823
4.62,10.981197799569118,-3.3451021332645015,-22.081382612794233,10.81237831829467,-263.73991613989324,-96.2095566489472
4.63,11.019038824622978,-3.1834188666064387,-18.23043066119495,5.720205778507837,-236.4468017474066,-59.9327361928288
4.64,11.052149721545105,-3.0419460082806338,-14.86084770354558,1.264554806194357,-212.56532665398078,-28.1905182937252
4.65,11.081121756351966,-2.9181572572455545,-11.912462615602383,-2.6341397945799376,-191.6690359472332,-0.41607763200955006
4.66,11.10647228680797,-2.80984210008986,-9.332625663652085,-6.045497570257446,-173.38478157882906,23.886557946991644
4.67,11.128654000956972,-2.7150663375786275,-7.075268330695574,-9.030435623975265,-157.38605900647545,45.15136407861769
4.68,11.14806300083735,-2.632137545381299,-5.100080664358628,-11.642256420978356,-143.38717675566602,63.758069443790475
4.69,11.16504587573268,-2.5595748522086366,-3.371791456313799,-13.927599618356062,-131.13815478620776,80.03893663831667
4.7,11.179905891266094,-2.4960824956825567,-1.859538399274574,-15.927274916061556,-120.42026056293179,94.28469543352708
4.71,11.192908404857832,-2.440526683722237,-0.5363169743652523,-17.676990801553863,-111.0421031175653,106.74973437933619
4.72,11.204285604250602,-2.391915348256957,0.6215017724304044,-19.20799220135963,-102.83621535286964,117.65664345691917
4.73,11.214240653719276,-2.349380429724837,1.634593175876604,-34.48636917618968,-86.25418830876093,122.24331402480428
4.74,11.222951322004366,-2.312162376009232,2.5210481538920284,-47.85494902916598,-71.7449146451658,126.25665077170375
4.75,11.23057315675382,-2.2795965790080777,3.296696259655525,-59.55245640052023,-59.04930018952008,129.76832042524077
4.76,11.237242262159592,-2.2511015066320677,3.975388352198584,-69.7877753504552,-47.940637540830075,132.8410313720857
4.77,9.972653104389643,-2.613495068303059,4.625224183173761,-78.7436794316483,-38.220557723226314,135.52965345057498
4.78,8.866137591340937,-2.9305894347651766,5.193830535277041,-86.58009550269227,-29.715487882823027,137.8821977692531
4.79,7.89793651742332,-3.2080470054195294,5.69136109336741,-93.43695956485574,-22.27355177247015,139.94067404809647
4.8,7.050760577745405,-3.450822379742088,6.126700331696484,-99.43671561924877,-15.761857675911381,141.74184079208442
4.81,6.3094816305272285,-3.663250832274327,6.507622165234424,-104.68650216684269,-10.064125341422457,143.31786169307387
4.82,5.6608625517113245,-3.849125728240036,6.840928769580121,-109.28006539598735,-5.07860954874465,144.69687998143962
4.83,5.0933208577474085,-4.011766262210031,7.132572048382606,-113.29943322148894,-0.7162832301515683,145.90352098375968
4.84,4.596721875528982,-4.154076729433777,7.3877599173347805,-116.81638006880283,3.100752298617378,146.95933186078972
4.85,4.162197766087859,-4.278598388254555,7.611049302667933,-119.89370856020248,6.440658386290206,147.883166378191
4.86,3.781989170326877,-4.3875548397227355,7.806427514834441,-122.58637099017717,9.36307621300393,148.69152158091714
4.87,3.4493066490360174,-4.482891734757393,7.977383450480136,-124.94245061640503,11.920191811378439,149.39883238330248
4.88,3.1582094429065153,-4.566311517912719,8.12696989417012,-127.0040202893544,14.157667959956134,150.01772933538967
4.89,2.903499387543201,-4.639303828173629,8.257858032398856,-122.0747676281851,40.20421046496162,146.43801341846597
4.9,2.6806280891003014,-4.703172099651925,8.372385153348999,-117.76167154966197,62.994935156841414,143.30576199115774
4.91,2.4856157029627637,-4.759056837195435,8.472596384180374,-113.98771248095423,82.93681926223624,140.56504199226302
4.92,2.3149798650924183,-4.807955982546005,8.560281211157827,-110.68549829583495,100.38596785445671,138.16691199323014
4.93,1.376543631955866,-4.239554859727755,8.356657059763098,-107.79606088385557,115.65397287264963,136.0685482440764
4.94,0.5554119279613827,-3.7422038772617854,8.17848592729271,-105.26780314837362,129.01347726356843,134.23247996356685
4.95,-0.16307831303379017,-3.307021767604062,8.02258618638112,-103.05557762982693,140.70304360562238,132.625920218121
4.96,-0.7917572739045664,-2.926237421653554,7.886173913083481,-101.11988030109856,150.9314141549196,131.22018044085587
4.97,-1.3418513646664958,-2.5930511189468595,7.766813173948046,-99.42614513846124,159.88123838555464,129.99015813574889
4.98,-1.8231836940831838,-2.3015131040785017,7.662372527204541,-97.94412687115357,167.7123345873603,128.91388861878028
4.99,-2.244349482322786,-2.0464173410686888,7.570986961303974,-96.64736088725937,174.56454376394024,127.97215279143275
5.0,-2.612869547032438,-1.8232085484351026,7.491024591140977,-95.51269065135196,180.5602267934477,127.14813394250365
5.01,-2.935324603653383,-1.6279008548807148,7.4210575172483555,-94.51985419493298,185.80644944426672,126.4271174496907
5.02,-3.2174727781967096,-1.4570066230206256,7.359836327592311,-93.65112229556635,190.39689426373337,125.79622801847935
5.03,-3.464352430922121,-1.3074741701430475,7.306267786643272,-92.89098188362055,194.4135334807667,125.24419976616943
5.04,-3.680372127056856,-1.1766332738751666,7.259395313312863,-92.225859023168,197.92809279567084,124.76117504539825
5.05,-3.8693893611747487,-1.0621474896407708,7.218381899148755,-76.948251520272,236.786455946212,120.75977828972347
5.06,-4.034779441027905,-0.9619724284356744,7.182495161755162,-63.58034495523799,270.78752370293546,117.25855612850803
5.07,-4.179495760899417,-0.8743192498812151,7.151094266535766,-51.88342671083324,300.53845799006854,114.19498673744452
5.08,-4.3061225407869905,-0.7976227186460633,7.123618483218796,-41.648623246979085,326.57052549131,111.51436352026396
5.09,-5.308953473188617,-0.44890075381530536,6.208992172816446,-32.6931702161067,349.3485845548962,109.16881820523096
5.1,-6.18643053904004,-0.14376903458839219,5.40869415121439,-24.857148814093364,369.27938623553416,107.11646605457709
5.11,-6.954222971660035,0.12322121973515685,4.708433382312591,-18.000630087331693,386.71883770609236,105.32065792275495
5.12,-7.62604135020253,0.35683769226826223,4.0957052095235165,-12.00117620141523,401.9783577428308,103.74932580741059
5.13,-8.213882431427214,0.5612521057347295,3.559568058333077,-6.751654051238326,415.33043777497693,102.37441020648426
5.14,-8.728243377498812,0.7401147175178884,3.0904480510414425,-2.1583221698335353,427.0135078031048,101.17135905567372
5.15,-9.17830920531146,0.8966195028281523,2.6799680446612624,1.8608432263956565,437.2361940777167,100.1186892987145
5.16,-9.572116804647528,1.0335611899746333,2.3207980390786047,5.377612948096199,446.18104456800205,99.19760326137519
5.17,-9.916698454066589,1.153385166227804,2.0065242841937794,8.454786454584173,454.00778874700177,98.39165297870329
5.18,-10.218207397308266,1.2582311454493287,1.731534748669557,11.147313272761151,460.85618990362656,97.68644648136538
5.19,-10.482027722644734,1.3499713772681625,1.4909189050858624,13.503274238666007,466.8485409156732,97.06939079619471
5.2,-10.712870507314143,1.4302440801096423,1.2803800419501297,15.564740083832756,472.091848051214,96.52946707167037
5.21,-10.914857943899877,1.5004826950959371,1.0961585367063635,7.726022323353662,437.94349191981223,123.84266081271156
5.22,-11.091596950912393,1.561941483208945,0.934964719618068,0.8671442829344542,408.0636803048357,147.7417053361226
5.23,-11.246243582048345,1.615717922807827,0.7939201296658095,-5.134374002432352,381.91884514173125,168.65336929410728
5.24,-11.381559384292302,1.6627723074568486,0.6705061134575833,-10.385702502128307,359.04211437401483,186.95107525734386
5.25,-12.549493336255765,1.8092852690247425,0.6135617242753854,-14.980614939362269,339.02497495226294,202.96156797517588
5.26,-13.571435544223794,1.9374841103966496,0.5637353837409622,-19.001163321941984,321.5099779582301,216.97074910327888
5.27,-14.46563497619582,2.0496580965970685,0.520137335773342,-22.519143156699236,306.1843555884513,229.228782590369
5.28,-15.248059479171344,2.147810334522435,0.48198904380167423,-25.59737551211183,292.7744360148949,239.95456189157287
5.29,-15.932680919274926,2.2336935427071305,0.44860928832646496,-28.290828823097854,281.040756388033,249.33961878012624
5.3,-16.53172467936556,2.3088413498687395,0.4194020022856568,-30.647600470210623,270.77378671452885,257.55154355761044
5.31,-17.055887969444864,2.374595681135147,0.39384562699994974,-32.70977566143429,261.79018825021274,264.73697773790917
5.32,-17.514530848264258,2.432130720993254,0.37148379862495606,-34.51417895375501,253.92953959393614,271.0242326456705
5.33,-17.915843367231226,2.4824738808690974,0.3519171987968366,-36.09303183453563,247.05147201969413,276.5255806899617
5.34,-18.266991821327323,2.5265241457604604,0.334796423947232,-37.474528105218674,241.03316289223238,281.3392602287165
5.35,-18.574246718661406,2.565068127540403,0.31981574595382806,-38.68333734206634,235.76714240570334,285.55122982512694
5.36,-18.84309475382873,2.5987941115978526,0.30670765270959954,-39.74104542430804,231.15937447999042,289.2367032219861
5.37,-19.07833678460014,2.628304347648121,0.2952380711208996,-51.542789371269535,148.5657035449916,297.42711506923786
5.38,-19.284173561525122,2.654125804192106,0.28520218723078716,-61.86931532486085,76.29624147686764,304.5937254355831
5.39,-19.464280741334484,2.676719578668093,0.27642078882693877,-70.90502553425324,13.060462167259182,310.8645095061352
5.4,-19.621874523667675,2.6964891313345816,0.26873706522357144,-78.81127196747158,-42.270844728648214,316.3514455678683
5.41,-14.208791833209213,2.867731114917759,0.313622057070625,-85.72923759653763,-90.68573826256718,321.1525146218848
5.42,-9.47234447905806,3.0175678505530388,0.35289642493679685,-91.78245752197043,-133.0487701047463,325.3534500441492
5.43,-5.327953044175802,3.1486749942339087,0.38726149681969724,-97.07902495672413,-170.116422966653,329.02926853863056
5.44,-1.7016105386538265,3.26339374495467,0.4173309347172351,-101.71352146213361,-202.55061922082137,332.2456097213017
5.45,1.471439153677902,3.3637726518353364,0.4436416928775807,-105.76870590436691,-230.93054094321872,335.059908256139
5.46,4.247857634468164,3.451604195355919,0.4666636062678831,-109.31699229132104,-255.7629724503164,337.52241947412165
5.47,6.6772238051596435,3.528456795936429,0.4868077804843977,-112.4217428799059,-277.49135001902687,339.6771167898564
5.48,8.802919204514689,3.5957028214443754,0.504433932923848,-115.13839964491767,-296.5036803916485,341.5624769411244
5.49,10.662902678950353,3.654543093763828,0.519856816308367,-117.51547431430296,-313.13946946769244,343.21216707348384
5.5,12.290388219081558,3.7060283320433496,0.5333518392698211,-119.59541465001509,-327.6957849092309,344.6556459392984
5.51,13.714438066696363,3.751077915537931,0.5451599843610935,-121.4153624437632,-340.43256092057703,345.9186899468861
5.52,14.960481683359319,3.7904963010956894,0.5554921113159568,-123.0078167632928,-351.5772399305049,347.02385345352536
5.53,16.050769847939403,3.824987388458728,0.5645327224014622,-98.8643399178812,-388.7425838141918,232.12336827183466
5.54,17.004771991946978,3.855167089901387,0.5724432571012795,-77.73879767814604,-421.26225971241786,131.58544373785534
5.55,17.839523867953606,3.8815743286637137,0.5793649749636196,-59.253948218377786,-449.7169761233656,43.61475977062342
5.56,18.569931759459404,3.9046806625807493,0.5854214780931672,-43.079704941080564,-474.61485298294497,-33.359588700704506
5.57,16.63552766452698,4.528569954758156,-0.20309008166847864,-28.9272420734455,-496.40049523507685,-100.71214361311644
5.58,14.942924081461108,5.074473085413387,-0.8930376964599188,-16.543837064264814,-515.4629322056923,-159.64562916147688
5.59,13.461895946278469,5.552138324736713,-1.4967418594024289,-5.708357681231712,-532.1425645549807,-211.21242901629228
5.6,12.16599632799366,5.970095409144624,-2.0249830019771253,3.7726867789222522,-546.7372428606081,-256.33337888925575
5.61,11.032084161994453,6.335807858001545,-2.4871940017299847,12.06860068155697,-559.5075863780321,-295.8142100280988
5.62,10.039911016745148,6.655806250751352,-2.8916286265137368,19.32752534636235,-570.6816369557781,-330.3599372745864
5.63,9.171759514652004,6.935804844407433,-3.2455089231995196,25.679084428067057,-580.4589312113059,-360.58744861526304
5.64,8.412126950320504,7.1808036138565035,-3.55515418279958,31.236698624558677,-589.0140636848927,-387.0365210383552
5.65,7.7474484565304405,7.39517753712444,-3.8260937849496326,36.099611046488846,-596.4998045992811,-410.1794594085608
5.66,7.165854774464135,7.582754719983885,-4.063165936830928,40.35465941567774,-603.0498278993709,-430.4295304824907
5.67,6.656960302656118,7.7468847549859,-4.270604069727062,44.07782673871802,-608.7810982869496,-448.1483426721793
5.68,6.211677639824103,7.890498535612663,-4.452112436011179,47.33559814637826,-613.7959598760809,-463.6523033381569
5.69,5.82205530984609,8.01616059366108,-4.6109322565097814,30.450523128080974,-544.0495900165708,-385.1026409208873
5.7,5.481135771115328,8.126114894453444,-4.749899599446058,15.67608248707085,-483.02151638949954,-316.37168630577645
5.71,5.182831174725912,8.222324907646763,-4.8714960245153005,2.7484469261869933,-429.6219519658121,-256.2321010175544
5.72,4.921814652885173,8.306508669190919,-4.9778928964508875,-8.563234189586382,-382.8973330950856,-203.6099638903601
5.73,4.656998571274526,6.505775335542054,-3.2151114093945266,-18.460955165888084,-342.01329158319993,-157.56559390406508
5.74,4.42528449986521,4.9301336685992965,-1.6726776082202106,-27.121461020152072,-306.23975526029994,-117.27677016605695
5.75,4.222534687382058,3.5514472100243846,-0.3230480321926843,-34.69940364263306,-274.9379109777625,-82.02404939529983
5.76,4.045128601459301,2.3450965587713366,0.8578778468314012,-41.330103437303926,-247.5487972305422,-51.17791872088735
5.77,3.8898982762768886,1.2895397389249195,1.891187990977476,-47.131965757640934,-223.5833227017244,-24.18755438077643
5.78,3.7540717417422775,0.36592752155930464,2.7953343671052915,-52.208595287935815,-202.61353248900883,-0.5709855831793789
5.79,3.635223524024493,-0.4422331686356084,3.58646244621713,-56.65064612694384,-184.26496605288273,20.09351211471804
5.8,3.5312313335214314,-1.1493737725561572,4.278699515439989,-60.53744061107586,-168.20997042127237,38.17494760037829
5.81,3.4402381668312523,-1.7681218009866377,4.88440695100999,-63.93838578469138,-154.16184924361332,53.996203650331
5.82,3.3606191459773456,-2.309526325863308,5.414400957133741,-66.91421281160495,-141.86974321316166,67.83980269403962
5.83,3.2909525027301774,-2.783255285130394,5.878145712492023,-69.51806146015434,-131.11415043651644,79.95295185728466
5.84,3.229994189888905,-3.1977681244890945,6.28392237343052,-71.79642902763504,-121.7030067569519,90.55195737512408
5.85,3.176655666152792,-3.5604668589279576,6.6389769517517045,-80.15562514918066,-106.4288809123329,92.31421270323357
5.86,3.129984457883693,-3.877828251561963,6.949649707782742,-87.46992175553308,-93.06402079829128,93.85618611532936
5.87,3.0891471506482313,-4.155519470116718,7.221488369309899,-93.86993128609144,-81.36976819850487,95.20541285091319
5.88,3.0534145068172025,-4.398499286352128,7.459347198146162,-99.46993962533001,-71.13729717369176,96.38598624454904
5.89,2.670029318465052,-4.627892625558112,7.214788548377892,-104.36994692216376,-62.18388502698029,97.41898796398041
5.9,2.3345672786569205,-4.828611797363348,7.000799729830656,-108.65745330689329,-54.34964939860775,98.32286446848286
5.91,2.0410379938248053,-5.004241072692929,6.813559513601825,-112.40902139353162,-47.49469322378178,99.1137564099225
5.92,1.7841998695967047,-5.1579166886063135,6.649724324401597,-115.69164346934016,-41.49660657080906,99.80578685868218
5.93,1.5594665108971166,-5.292382852530524,6.506368533851398,-118.56393778567264,-36.248280749457926,100.41131350134691
5.94,1.362824822034977,-5.410040745964209,6.380932217119973,-121.07719531246356,-31.655995655775683,100.94114931367854
5.95,1.190763344280605,-5.512991402718683,6.271175439979976,-123.27629564840561,-27.637746198803722,101.40475564946871
5.96,1.0402095512455294,-5.6030732273788475,6.17513825998248,-125.2005084423549,-24.121777923953257,101.81041119328512
5.97,0.9084749823398383,-5.681894823956491,6.09110572748467,-126.88419463706053,-21.045305683459098,102.16535979412448
5.98,0.7932072345473585,-5.75086372096193,6.017577261549087,-128.35742005742796,-18.35339247302671,102.47593981985892
5.99,0.6923479552289388,-5.811211505841689,5.953239853855451,-129.64649230024946,-15.997968413898372,102.74769734237655
6.0,0.6040960858253215,-5.864015817611477,5.89694462212352,-130.77443051271828,-13.936972362161075,102.98548517457948
6.01,0.5268757000971563,-5.910219590410043,5.8476862943580805,-128.7995024486285,5.84327405810906,105.49917552775705
6.02,0.45930786258501183,-5.950647891608788,5.80458525756332,-127.07144039254993,23.15098967584543,107.69865458678741
6.03,0.40018600476188537,-5.986022655157689,5.766871850367906,-125.5593860934812,38.29524084136475,109.62319876343899
6.04,0.34845437916664973,-6.016975573262978,5.733872619071918,-124.23633858179605,51.546460611194156,111.30717491800912
6.05,-0.3323690432291815,-5.339706626605106,5.343568416687928,-123.07867200907154,63.14127790979489,112.78065405325799
6.06,-0.9280895378255338,-4.747096298279468,5.0020522396019365,-122.0657137579376,73.28674304607053,114.06994829660074
6.07,-1.449344970597342,-4.228562260994535,4.703225584651694,-121.1793752881954,82.16402504031171,115.19808075952565
6.08,-1.9054434742726745,-3.7748449783702176,4.441752261570232,-120.40382912717098,89.93164678527276,116.18519666458495
6.09,-2.30452966498859,-3.3778423560739403,4.212963103873953,-119.72522623627461,96.72831581211366,117.04892308151183
6.1,-2.6537300818650165,-3.0304650615646977,4.012772590889709,-119.13144870674029,102.67540121059946,117.80468369632285
6.11,-2.9592804466318894,-2.7265099288691106,3.837605892028495,-118.61189336839776,107.87910093427453,118.4659742342825
6.12,-3.226637015802903,-2.460549187760472,3.684335030524933,-118.15728244734804,112.43233819249022,119.04460345499719
6.13,-3.4605740138275403,-2.227833539290413,3.5502230267093164,-117.75949789142953,116.41642079342895,119.55090402312254
6.14,-3.665268887099098,-2.0242073468791113,3.4328750233706518,-117.41143640500084,119.90249306925034,119.99391702023223
6.15,-3.8443769012117106,-1.8460344285192225,3.3301955204493203,-117.10688260437574,122.95280631059404,120.38155339270321
6.16,-4.001096413560247,-1.6901331249543197,3.2403509553931555,-116.84039802882877,125.62183039676978,120.72073521861532
6.17,-4.138225986865216,-1.5537194843350297,3.1617369609690114,-100.55972327522518,181.82660234717355,125.1343936912884
6.18,-4.258214363507063,-1.434357548793151,3.092949715847885,-86.31413286582203,231.00577780377685,128.99634485487735
6.19,-4.36320419306868,-1.3299158551940071,3.032760876366899,-73.84924125759429,274.03755632830473,132.37555212301768
6.2,-4.455070293935095,-1.2385293732947562,2.9800956418210367,-62.94246110039501,311.69036253726665,135.33235848264047
6.21,-6.806032382193209,-1.5565954516329117,2.0444039365934072,-53.399028462845635,344.63656797010833,137.91956404731042
6.22,-8.863124209419057,-1.8349032701787977,1.2256736945192312,-45.04852490498993,373.4644977238448,140.18336891639663
6.23,-10.663079558241675,-2.078422611406448,0.5092847327043273,-37.7418342918662,398.68893625836415,142.16419817684707
6.24,-12.238040488461465,-2.291502034980642,-0.11755560888371364,-31.34848000538292,420.7603199760686,143.8974237797412
6.25,-13.616131302403781,-2.4779465306080617,-0.6660409077732494,-25.754295004710055,440.07278072906,145.41399618227354
6.26,-14.821960764603308,-2.641085464282054,-1.1459655443015933,-20.859383129121298,456.9711838879275,146.74099703448934
6.27,-15.877061544027894,-2.7838320312467975,-1.5658996012638942,-16.576335237981137,471.75728665193657,147.9021227801782
6.28,-16.80027472602441,-2.908735277340948,-1.9333419011059074,-12.828668333233495,484.6951265704445,148.91810780765593
6.29,-17.608086260271357,-3.0180256176733296,-2.2548539134676693,-9.549459791579308,496.0157364991389,149.80709470669896
6.3,-18.314921352737436,-3.1136546654641633,-2.5361769242842103,-6.680152317631894,505.92127018674654,150.5849582433616
6.31,-18.933402058645257,-3.197330082281143,-2.7823345587486843,-4.169508277927907,514.5886121634032,151.2655888379414
6.32,-19.4745726763146,-3.2705460719960002,-2.997722488905099,-1.9726947431869186,522.1725363929779,151.86114060819875
6.33,-19.948096966775275,-3.3346100629965,-3.1861869277919617,-27.249858900288555,435.49846909385565,171.1072477821739
6.34,-20.362430720928366,-3.3906660551219376,-3.3510933118179667,-49.36737753775249,359.6586602071237,187.94759155940216
6.35,-20.72497275581232,-3.4397150482316956,-3.495386397840721,-68.72020634553343,293.29882743123324,202.68289236447688
6.36,-21.04219703633578,-3.4826329172027335,-3.621642848110631,-85.65393155234175,235.23397375232906,215.57628056891727
6.37,-17.376979281793805,-0.679220802552392,-2.449674242096802,-100.47094110829903,184.42722678328792,226.8579952478026
6.38,-14.169913746569579,1.7737647977666569,-1.424201711834702,-113.43582446976166,139.97132318537692,236.72949559182726
6.39,-11.363731403248382,3.920127198045825,-0.5269132478553642,-124.78009741104145,101.0724075372048,245.36705839284883
6.4,-8.908321852842334,5.798194298290097,0.25821415812655635,-134.70633623466128,67.0358563450542,252.92492584374273
6.41,-6.759838496237043,7.441503011003835,0.9452006383607368,-143.3917952053286,37.25387405192242,259.5380598632749
6.42,-4.879915559207412,8.879398134628357,1.5463138085656447,-150.99157180466253,11.194639545432121,265.32455213036553
6.43,-3.234982989306486,10.137556367799812,2.072287832494939,-157.64137632907972,-11.607190647746894,270.38773286406985
6.44,-1.795666990643175,11.238444821824835,2.5325151034330715,-163.45995528794475,-31.55879206677853,274.8180160060611
6.45,-0.536265491812778,12.201722219096732,2.9352139655039378,-168.55121187695167,-49.016443308431214,278.6945137553035
6.46,0.5657108196638193,13.04458994170964,3.2875754698159456,-173.00606139233273,-64.2918881448773,282.0864492858906
6.47,1.529940092205842,13.782099198995935,3.5958917860889525,-176.90405471829115,-77.65790237676764,285.0543928751543
6.48,2.3736407056801117,14.427419799121443,3.8656685628278336,-180.31479887850475,-89.35316482967168,287.65134351576
6.49,3.1118787424700978,14.992075324231264,4.101723242474354,-151.65044914369167,-135.91214285096274,202.10867432629001
6.5,3.7578370246613355,15.486148908702356,4.3082710871650605,-126.5691431257302,-176.6512486195924,127.25883878550377
6.51,4.3230505215786685,15.918463295114561,4.489000451269428,-104.62300036001393,-212.29796616714333,61.76523268731581
6.52,4.817612331381335,16.29673838322524,4.64713864486075,-85.42012544001219,-243.4888440212504,4.458327351401337
6.53,4.981834289958669,8.455317335322086,3.6839761892531566,-68.61760988501067,-270.7808621435941,-45.68521481752383
6.54,5.125528503713835,1.594073918406825,2.841209040596512,-53.91540877438433,-294.66137800064485,-89.56081421533335
6.55,5.251260940749606,-4.409514071394028,2.1037877855219485,-41.05098280258629,-315.5568293755643,-127.95196368841667
6.56,5.361276823155905,-9.662653562469774,1.4585441873317049,-29.794610077263002,-333.8403493286188,-161.54421947736458
6.57,5.4575407202614175,-14.259150617161053,0.8939560389152417,-19.945283942605126,-349.8384292875415,-190.937443292694
6.58,5.54177163022874,-18.281085540015923,0.3999414090508364,-11.327123574779485,-363.8367492515988,-216.65651413110726
6.59,5.615473676450148,-21.80027859751393,-0.03232139208051815,-3.7862332529320497,-376.08527922014895,-239.16070111471885
6.6,5.679962966893879,-24.879572522824688,-0.4105513430704534,2.812045778684457,-386.80274294263035,-258.85186472537896
6.61,5.736391096032144,-27.573954707471604,-0.7415025501866468,8.585539931348901,-396.1805236998016,-276.08163288470655
6.62,5.7857657090281265,-29.93153911903765,-1.031084856413316,13.637347314930288,-404.3860818623264,-291.15768002411824
6.63,5.828968495399611,-31.994425479157943,-1.2844693743616515,18.057678775564003,-411.5659452545356,-304.34922127110343
6.64,5.86677093347466,-33.7994510442632,-1.506180827566445,21.925468803618504,-417.8483257227187,-315.89181986221547
6.65,5.8998480667903275,-35.378848413730296,-1.7001783491206395,26.17603532816619,-386.2322848823789,-260.25721787943854
6.66,5.928790558441537,-36.760821112014014,-1.8699261804805596,29.895281037145416,-358.5682491470816,-211.57694114450874
6.67,5.954115238636345,-37.97004722301226,-2.0184555329204894,33.14962103250224,-334.3622178786964,-168.98169900144515
6.68,5.976274333806802,-39.02812007013573,-2.1484187163054282,35.99716852843946,-313.1819405188594,-131.71086212626452
6.69,5.743498292080952,-33.18776293636876,-2.75406600176725,38.488772587384524,-294.649197829002,-99.09887986048145
6.7,5.539819255570833,-28.07745044432267,-3.284007376546344,40.66892613896146,-278.4330479753768,-70.56339537792127
6.71,5.361600098624479,-23.605927013782335,-3.747706079478051,42.57656049659128,-264.2439168534547,-45.59484645568111
6.72,5.20565833629642,-19.693344012059544,-4.153442444543295,44.245740559517365,-251.82842712177288,-23.747366148720964
6.73,5.069209294259367,-16.2698338855521,-4.508461763975383,45.7062731145777,-240.96487360655127,-4.630820880130841
6.74,4.949816382476946,-13.274262524858086,-4.81910366847846,46.984239100255486,-231.45926428073236,12.096156229885516
6.75,4.845347584667328,-10.653137584250825,-5.090915334918653,48.10245933772355,-223.1418561206408,26.73226120114983
6.76,4.753937386583912,-8.35965326121947,-5.328750543053821,49.08090204550811,-215.8641239805607,39.5388530510061
6.77,4.673953463260923,-6.352854478567037,-5.536856350172093,49.9370394148196,-209.4961083579906,50.74462091963034
6.78,4.603967530353308,-4.596905543746157,-5.718948931400582,50.68615961296715,-203.92409468824178,60.54966780467655
6.79,4.542729839059144,-3.060450225777887,-5.878279939975509,51.341639786346256,-199.04858272721154,69.12908382909198
6.8,4.489146859176751,-1.716051822555651,-6.017694572478571,51.915184938052974,-194.78250976131008,76.63607285045549
6.81,4.442261751779657,-0.5397032197361946,-6.13968237591875,27.374535945796353,-174.01344604114632,86.97593961914855
6.82,4.4012372828072,0.48960180773082973,-6.246421703928906,5.901468077571806,-155.84051528600304,96.02332304175498
6.83,4.3653408724563,1.390243706764476,-6.339818615937793,-12.88746630712467,-139.93920087525268,103.9397835365356
6.84,4.333931513399262,2.1783053684189166,-6.421540913945569,-29.327783893734086,-126.02555076584609,110.86668646946865
6.85,4.953221199224354,2.007508697366552,-4.492389674702373,-43.71306178201733,-113.85110692011533,116.92772653578507
6.86,5.4950996743213105,1.8580616101957332,-2.804382340364577,-56.30017993426516,-103.19846855510092,122.23113659381194
6.87,5.969243340031147,1.7272954089212667,-1.327375922819005,-67.31390831748202,-93.8774099857133,126.87162039458545
6.88,6.384119047527253,1.6128749828061084,-0.03499530746662938,-76.95092065279677,-85.72148373749914,130.93204372026227
6.89,6.747135291586347,1.512757109955345,1.0958377309666991,-85.38330644619717,-78.58504827031175,134.48491413022947
6.9,7.064774505138054,1.425153971210927,2.0853166395958618,-92.76164401542252,-72.34066723652278,137.59367573895076
6.91,7.342708816995797,1.3485012248095611,2.951110684646379,-99.2176893884947,-66.87683383195743,140.31384214658192
6.92,7.585901339871323,1.281430071708366,3.7086804740655817,-104.86672908993287,-62.09597960296275,142.6939877532592
6.93,7.798694797387408,1.2227428127448203,4.371554039807384,-109.80963882869128,-57.912732152592405,144.7766151591018
6.94,7.984889072713982,1.1713914611517178,4.95156840983146,-114.13468485010486,-54.25239063351835,146.59891413921406
6.95,8.147809063624734,1.1264590285077531,5.459080983602528,-117.91910011884175,-51.04959180432856,148.1934257468123
6.96,8.290364055671642,1.087143149944284,5.903154485652212,-121.23046347898654,-48.24714282878749,149.58862340346076
6.97,8.415099673712685,1.0527417562012487,6.291718799945685,-119.86228079411322,-25.42499997518905,143.42004547802816
6.98,8.5242433394986,1.0226405366760927,6.631712574952474,-118.66512094484906,-5.455624978290416,138.02253979327463
6.99,8.619744047061275,0.996301969591581,6.929207128083415,-117.61760607674293,12.017578143995888,133.2997223191153
7.0,8.703307166178615,0.9732557233926333,7.189514862072988,-116.70103056715006,27.306630875996404,129.16725702922588
7.01,7.560680645406287,0.7932100079685542,7.051931504313864,-115.8990269962563,40.68455201649685,125.55134990057265
7.02,6.560882439730501,0.635670006972485,6.931546066274631,-115.19727387172425,52.39023301443474,122.38743116300107
7.03,5.686059009764189,0.4978225061009244,6.826208807990302,-114.58323988775871,62.6327038876304,119.61900226762593
7.04,4.920588508543665,0.3772059428383088,6.734038706991514,-114.04596015178886,71.5948659016766,117.1966269841727
7.05,4.250801819975707,0.27166644998352024,6.653389868617575,-113.57584038281524,79.43675766396703,115.07704861115111
7.06,3.6647384674787435,0.1793193937355802,6.582822135040378,-113.16448558496333,86.29841295597116,113.22241753475723
7.07,3.1519330340439007,0.09851571951863268,6.52107536816033,-112.8045501368429,92.30236133647477,111.59961534291257
7.08,2.703228279788413,0.02781250457880359,6.467046947140289,-112.48960661973754,97.55581616941544,110.1796634250485
7.09,2.3106116198148614,-0.03405280849354686,6.419772078747752,-112.21403104227035,102.1525891482385,108.93720549691744
7.1,1.967072042338004,-0.0881849574318535,6.378406568904283,-111.97290241198655,106.1747655047087,107.85005480980277
7.11,1.6664749120457536,-0.13555058775287182,6.342211747791247,-111.76191486048823,109.69416981662012,106.89879795857743
7.12,1.4034524230400345,-0.17699551428376287,6.310541279317341,-111.5773007529272,112.7736485895426,106.06644821375525
7.13,1.1733077451600302,-0.2132598249982925,6.282829619402674,-98.8813881588113,174.51319539084977,105.73189231203584
7.14,0.9719311520150263,-0.24499109687350595,6.258581916977339,-87.77246463895989,228.53529884199355,105.43915589803136
7.15,0.795726633013148,-0.2727559597643177,6.237365177355171,-78.0521565590899,275.80463936174436,105.18301153577744
7.16,0.6415476788865045,-0.297050214793778,6.218800530185774,-69.54688698920366,317.1653123165263,104.95888521880525
7.17,-1.0865315309743084,0.8804151870554443,5.040700463912552,-62.1047761155532,353.35590115196055,104.7627746914546
7.18,-2.5986008396025198,1.910697413673514,4.009862905923483,-55.59292910110905,385.0226663829655,104.59117798002276
7.19,-3.921661484652205,2.812194361964325,3.1078800426830475,-49.895062963470416,412.73108596009484,104.44103085751992
7.2,-5.07933954907068,3.6010041917187845,2.318645037347667,-44.90943009303661,436.975953090083,104.30965212532993
7.21,-6.092307855436845,4.291212792753936,1.6280644076792083,-40.54700133140703,458.19021182882267,104.1946957346637
7.22,-6.97865512350724,4.8951453186596945,1.0238063567193074,-36.72987616498115,476.75268822521986,104.09410889283073
7.23,-7.754208983068835,5.423586278827233,0.49508056212939405,-33.38989164435851,492.99485507206737,104.00609540622689
7.24,-8.432818610185231,5.885972118973829,0.03244549186321982,-30.467405188813693,507.20675106305896,103.92908360544853
7.25,-9.026602033912077,6.2905597291021005,-0.37236019461968267,-27.91022954021198,519.6421600551765,103.86169827976745
7.26,-9.546162529673067,6.644573887964338,-0.7265651702922223,-25.67270084768548,530.5231429232795,103.80273611979652
7.27,-10.000777963463934,6.954336276968795,-1.0364945240056946,-23.714863241724792,540.0440029328695,103.75114422982196
7.28,-10.398566468030943,7.2253783673476955,-1.3076827085049827,-22.00175533650919,548.3747554412608,103.70600132609421
7.29,-10.746631409527076,7.4625401964292335,-1.5449723699418598,-20.673410919445544,503.94291163610325,134.06400116033242
7.3,-11.051188233336191,7.6700567968755795,-1.7526008236991273,-19.511109554514853,465.0650483065903,160.62725101529088
7.31,-11.317675454169168,7.851633822266132,-1.9342757207367363,-18.494095860200495,431.04691789326654,183.87009463837953
7.32,-11.550851772398023,8.010513719482866,-2.0932412556446445,-17.604208877675433,401.2810537816082,204.2075828085821
7.33,-12.35425392584827,7.458667629547508,-2.3748468486890637,-16.825557767966004,375.2359226839072,222.0028849575093
7.34,-13.057230810117238,6.9758023008540695,-2.6212517426029307,-16.14423804697025,352.4464329734188,237.57377433782065
7.35,-13.672335583852584,6.553295138247311,-2.8368560247775645,-15.548083291098969,332.50562947674143,251.19830254559307
7.36,-14.210552260871012,6.1836013709663975,-3.025509771680369,-15.026447879711597,315.05742641714875,263.11976472739394
7.37,-14.681491853262136,5.860119324595598,-3.190581800220323,-14.570016894747647,299.79024874000515,273.5510441364697
7.38,-15.09356399660437,5.5770725340211476,-3.3350198251927825,-14.17063978290419,286.4314682725045,282.678413619411
7.39,-15.454127122028824,5.329406592268504,-3.461403097043685,-13.821184810041167,274.74253536344145,290.66486191698465
7.4,-15.769619856775222,5.112698893234941,-3.571988459913224,-13.515411708786022,264.5147190680113,297.6530041773616
7.41,-16.04567599967832,4.9230796565805734,-3.668750652424071,-13.24786024518777,255.56537980950986,303.7676286551914
7.42,-16.28722512471853,4.7571628245080015,-3.753417570871062,-13.013752714539299,247.7347079583211,309.1179250732925
7.43,-16.498580609128712,4.611985596444502,-3.8275011245121795,-12.808908625221887,240.88287008853098,313.79943443913095
7.44,-16.683516657987624,4.484955521888939,-3.892324233948157,-12.629670047069151,234.8875119524646,317.8957551342396
7.45,-16.84533570073917,4.373804206652822,-3.9490444547046373,-31.78846229118551,147.3784473334065,303.06128661745964
7.46,-16.986927363146773,4.276546805821219,-3.9986746478665576,-48.55240550478732,70.8080157917307,290.08112666527717
7.47,-17.110820067753426,4.191446580093567,-4.042101066883237,-63.22085581668891,3.808888192764364,278.7234867071175
7.48,-17.21922618428425,4.116983882581871,-4.080099183522833,-76.0557498396028,-54.81534845633118,268.7855517437278
7.49,-12.693451661248718,6.250552772259137,-2.937360285582479,-87.28628210965246,-106.11155552428977,260.0898586507618
7.5,-8.733398953592628,8.117425550726745,-1.9374637498846692,-97.1129978459459,-150.99573670875355,252.48112719441656
7.51,-5.26835283439355,9.750939231885901,-1.0625542811490856,-105.71137411520266,-190.26939524515936,245.8234871701145
7.52,-2.236437480094356,11.180263702900165,-0.2970084960054499,-113.23495335080233,-224.63384646451445,239.9980521488502
7.53,0.4164884549174386,12.430922615037645,0.37284406599523134,-119.81808518195203,-254.70274128145016,234.90079650524393
7.54,2.7377986480527587,13.52524916315794,0.9589650577458274,-125.57832553420803,-281.01302424626886,230.44069781708845
7.55,4.768945067046164,14.482784892763197,1.471820925527599,-130.61853584243204,-304.03452184048524,226.5381114649524
7.56,6.5461981836653935,15.320628656167798,1.920569809836649,-135.02871986212804,-324.17833223542453,223.12334840683337
7.57,8.101294660707218,16.053741949146826,2.313225083607068,-138.88763087936204,-341.80416633099645,220.13543073097918
7.58,9.462004078118817,16.69521608050347,2.6567984481561844,-142.26417801944177,-357.2267711646219,217.5210027646068
7.59,10.652624818353965,17.256505945440537,2.9574251421366613,-145.21865676701157,-370.72155039404413,215.23337829403096
7.6,11.694417966059719,17.74763457726047,3.2204734993695787,-147.80382567113512,-382.5294822197886,213.23170688227708
7.61,12.605986970302254,18.17737213010291,3.4506408119483813,-149.3177224622432,-409.805796817315,117.99086902199244
7.62,13.403609849014472,18.553392488840046,3.6520372104548335,-150.6423821544628,-433.6725720901506,34.65513589424339
7.63,14.101529867887663,18.88241030273504,3.8282590591479795,-151.80145938515494,-454.5560004538818,-38.26363059253703
7.64,14.712209884401705,19.170300889893163,3.982453176754482,-152.81565196201058,-472.8290002721465,-102.06755126846988
7.65,13.507502648851492,16.98869765365652,-6.709533982807159e-05,-153.70307046675924,-488.8178751131282,-157.89598185991116
7.66,12.453383817745054,15.079794821949454,-3.4847723334223497,-154.47956165841433,-502.80814059898717,-206.74585862742225
7.67,11.531029840526923,13.409504844205772,-6.533889416744556,-155.15899145111254,-515.0496228991138,-249.48950079899447
7.68,10.723970110461057,11.94800111368005,-9.201866864651485,-155.75349251972347,-525.7609199117246,-286.89018769912013
7.69,10.017792846653425,10.669185349470043,-11.536347131570048,-156.27368095475802,-535.133304797759,-319.6157887367301
7.7,9.399887740821747,9.550221555786287,-13.579017365123791,-156.72884583541327,-543.3341415730391,-348.2506896446389
7.71,8.859220773219027,8.571128236313,-15.366353819483317,-157.1271151059866,-550.5098737514093,-373.306227939059
7.72,8.386137176566649,7.714421581773874,-16.9302732170479,-157.47560071773827,-556.7886394074832,-395.2298239466767
7.73,7.9721890294958175,6.96480325905214,-18.298702689916915,-157.780525628021,-562.2825593565478,-414.41297045334204
7.74,7.60998440080884,6.308887226670622,-19.4960784786773,-158.04733492451837,-567.0897393119794,-431.19822364667425
7.75,7.293055350707735,5.734960698336795,-20.54378229384264,-158.28079305895358,-571.296021772982,-445.88532019083993
7.76,7.015742431869268,5.232774986044696,-21.46052313211231,-158.48506892658438,-574.9765189263593,-458.7365296669849
7.77,6.773093627885609,4.793362487789109,-22.262671365598273,-134.31256043576133,-481.59695331056434,-381.02883883361176
7.78,6.560775924399907,4.40887655181547,-22.96455106989849,-113.16161550629117,-399.88983339674377,-313.0346093544103
7.79,6.374997933849919,4.072451357838536,-23.57869581116118,-94.65453869300478,-328.3961034721508,-253.539658560109
7.8,6.2124421921186785,3.778079313108719,-24.116072459766034,-78.46084648137919,-265.83908978813196,-201.48157661509535
7.81,8.621017293103844,3.228330523970129,-20.93848065229528,-64.29136579620679,-211.10170281461546,-155.93075491320843
7.82,10.728520506465863,2.7473003334738633,-18.158087820758368,-51.893070196680945,-163.20648921278854,-116.07378592405739
7.83,12.57258581815763,2.3263989167896306,-15.725244093163573,-41.04456154709583,-121.29817731118999,-81.19893805855023
7.84,14.186142965887926,1.9581101771909266,-13.596505831518128,-31.552116478708854,-84.62840439729123,-50.683446176231456
7.85,15.598005470151936,1.6358575300420608,-11.733859852578362,-23.24622704387025,-52.542353097629835,-23.98239077920253
7.86,16.833385161382942,1.353886463786803,-10.104044621006068,-15.978573788386468,-24.46705821042611,-0.6189673068022152
7.87,17.914342391210074,1.1071617808134526,-8.67795629338031,-9.61937718983816,0.0988248158771512,19.82402823154806
7.88,18.860179967308817,0.891277683211771,-7.430129006707771,-4.0550801661083895,21.593972463892506,37.71164932760455
7.89,19.687787846395214,0.7023790978102996,-6.3382801308692995,0.813679729655159,40.40222665590594,53.36331778665398
7.9,20.41194474059581,0.5370928355840121,-5.382912364510637,5.073844638448264,56.859449073917695,67.05852768832223
7.91,21.045582023021336,0.3924673561360106,-4.546965568946807,8.801488933642231,71.25951868967798,79.04183635228195
7.92,21.60001464514367,0.2659200616190093,-3.8155121228284563,12.063177691936952,83.85957960346823,89.5272314332467
7.93,22.085143189500712,0.1551911789166331,-3.1754903574748994,-5.242844644555168,70.9577570280347,94.98757737909087
7.94,22.509630665813123,0.058303406552053946,-2.615471312790537,-20.385614188985773,59.66866227453036,99.7653800817045
7.95,22.881057207586483,-0.026473394266952797,-2.12545464869172,-33.63553754036255,49.79070436521407,103.94595744649145
7.96,23.206055431638173,-0.1006530949835837,-1.6966900676052548,-45.22922047281723,41.147491194562306,107.60396264068002
7.97,20.1290407526834,-0.9578662081106357,-0.45535430915459796,-55.373693038715075,33.58467967024202,110.80471718559502
7.98,17.436652908597974,-1.7079276820968063,0.6308144794897267,-64.2501065338757,26.967219586461766,113.60537741239565
7.99,15.080813545023227,-2.3642314718347057,1.5812121695535106,-72.01696834214124,21.176942013154047,116.0559551108462
8.0,13.019454101895324,-2.9384972878553675,2.4128101483593216,-78.81297242437358,16.110449136509793,118.20021059699043
8.01,11.21576458915841,-3.4409798768734468,3.1404583798144063,-84.75947599632688,11.677267869446068,120.07643414736663
8.02,9.637536265513608,-3.880652142264266,3.7771505823376055,-89.96266662178603,7.798234260765309,121.7181297539458
8.03,8.256586482324408,-4.265365374481233,4.334256259545405,-94.51545841906277,4.404079853169645,123.15461340970258
8.04,7.048255422033858,-4.601989452671078,4.821723727102229,-98.49915124167993,1.4341947465234388,124.41153660848975
8.05,5.990965744279626,-4.896535521087193,5.248257761214449,-101.98488246146994,-1.1644547217919912,125.51134440742854
8.06,5.065837276244672,-5.154263330951293,5.621475041062643,-105.03489727878619,-3.4382730065679925,126.47367623149998
8.07,4.256349866714087,-5.379775164582381,5.948040160929812,-107.70366024393792,-5.427864005746994,127.31571657756248
8.08,3.548048383374826,-5.577098019009583,6.233784640813585,-110.03882783844567,-7.168756130028619,128.05250188036717
8.09,2.928284585452973,-5.7497555166333845,6.483811060711887,-106.52147423363996,-0.7514116137750415,130.0096901453213
8.1,2.3859912622713515,-5.900830827054211,6.702584178122901,-103.44378982943496,4.863764837946839,131.7222298771561
8.11,1.9114846044874327,-6.033021723672435,6.894010655857538,-100.75081597575559,9.777044233203483,133.22070214251158
8.12,1.4962912789265037,-6.14868875821338,7.061508823875346,-98.39446385378614,14.076163704053048,134.53186537469765
8.13,1.3274631190606907,-5.895415788436708,7.577067720890928,-96.33265574706286,17.837893241046416,135.67913320286044
8.14,1.1797384791781045,-5.67380193988212,8.028181755779562,-94.52857365368,21.129406585915614,136.6829925525029
8.15,1.0504794192808415,-5.479889822396855,8.422906536307117,-92.95000182196999,24.009480762676162,137.56136948344002
8.16,0.9373777418707364,-5.310216719597248,8.768290719268727,-91.56875146922374,26.529545667341644,138.32994929801
8.17,0.8384137741368944,-5.161752754647592,9.070501879360137,-90.36015741057076,28.734602458923938,139.00245663575876
8.18,0.7518203023697827,-5.0318467853166435,9.33493664444012,-89.30263760924942,30.664027151558443,139.59090055628891
8.19,0.6760510145735599,-4.918179062152063,9.566317063885105,-88.37730778309324,32.35227375761364,140.1057889867528
8.2,0.609752887751865,-4.818719804383056,9.768774930899466,-87.56764418520659,33.82948953791193,140.55631636340868
8.21,0.5517420267828819,-4.731692953835173,9.945925564537033,-86.85918853705576,35.12205334567294,140.9505278179826
8.22,0.5009825234350217,-4.6555444596057765,10.100932368969904,-86.23928984492379,36.25304667746382,141.29546284073476
8.23,0.456567958005644,-4.588914527155055,10.236563322848665,-85.69687848930832,37.242665842780845,141.5972809856429
8.24,0.4177052132549385,-4.530613336260673,10.355240407492582,-85.22226855314477,38.10858261243324,141.86137186243752
8.25,0.38370031159807116,-4.47959979422809,10.459082856556009,-67.28948510900167,107.72438328587909,132.25745025463283
8.26,0.35394602264831226,-4.434962944949579,10.549944999486508,-51.59829959537646,168.6382088751442,123.85401884780372
8.27,0.3279110198172732,-4.395905701830881,10.629449374550694,-37.8685122709544,221.93780626575114,116.50101636682825
8.28,0.305130392340114,-4.361730614102021,10.699015702731858,-25.854948362085096,268.57495398253224,110.06713919597472
8.29,-2.1547840317024,-3.5473749123392686,9.517288739890375,-15.343079941824458,309.3824582347157,104.43749667147787
8.3,-4.3072091527396,-2.83481367329686,8.483277647404078,-6.145195074096401,345.08902445537626,99.51155946254313
8.31,-6.19058113364715,-2.2113225891347525,7.578517941478568,1.9029541851656484,376.33226989845423,95.20136440472524
8.32,-7.838531616941257,-1.6657678904929085,6.786853198793747,8.945084787019942,403.6701096611474,91.42994372913458
8.33,-9.2804882898236,-1.188407529181295,6.0941465489445275,15.10694906364245,427.590719453504,88.12995063799275
8.34,-10.54220037859565,-0.7707172130336333,5.488028230326461,20.498580305687142,448.521253021816,85.24245668324365
8.35,-11.646198456271193,-0.40523818640442916,4.957674701535653,25.21625764247625,466.835469894089,82.71589947283819
8.36,-12.612196774237294,-0.08544403810387552,4.493615363843696,29.34422531216672,482.86040965732786,80.50516191373342
8.37,-13.457445302457632,0.19437584165910893,4.0875634433632335,32.95619702314588,496.88223195016184,78.57076654951673
8.38,-14.197037764650428,0.4392182364517203,3.7322680129428294,36.11667227025265,509.1513264563916,76.87817060582714
8.39,-14.844181169069124,0.6534553318952553,3.421384511324976,38.88208811147107,519.8867841493427,75.39714915509875
8.4,-15.410431647935484,0.8409127904083484,3.149361447409354,41.301826972537185,529.2803096306749,74.1012553857114
8.41,-15.905900816943548,1.004938066607305,2.9113412664831846,45.09034835097004,484.25589692684053,109.83984958749747
8.42,-16.339436339825607,1.1484601832813919,2.7030736081727866,48.40530455709879,444.85953581098545,141.11111951406028
8.43,-16.718779922347405,1.2740420353712179,2.5208394071511884,51.30589123746144,410.38771983461226,168.47348069980274
8.44,-17.05070555705398,1.3839261559498155,2.3613844812572897,53.84390458277876,380.22488085528573,192.41554673732742
8.45,-17.972962737422232,2.4186435114560885,3.6722634211001286,56.06466625993142,353.832396748375,213.3648545201615
8.46,-18.77993777024445,3.324021197524077,4.819282493462612,58.00783272744,330.73897315482816,231.6954988301413
8.47,-19.486040923963895,4.116226672833568,5.822924181779786,59.70810338651,310.5322275104746,247.73481260137365
8.48,-20.10388118346841,4.809406463729371,6.7011106590573135,61.19584021319625,292.8513250716653,261.76921215120194
8.49,-20.644491410534858,5.4159387807632,7.469523826675149,62.49760993654672,277.3805354377072,274.0493117573017
8.5,-21.117525359218,5.9466545581678,8.141885348340756,63.636658444478385,263.84359450799377,284.794398912639
8.51,-21.53143006431575,6.4110308633968245,8.73020167979816,64.63332588891859,251.99877119449457,294.1963501735591
8.52,-21.893596681276282,6.817360130472221,9.24497846982339,65.50540990280376,241.63455079518275,302.4230575268642
8.53,-22.210492471116748,7.172898239163193,9.695408161095466,66.2684834149533,232.5658579457849,309.6214264610062
8.54,-22.487776287227156,7.483994084267794,10.089534140958532,66.93617273808414,224.63075170256178,315.91999927838043
8.55,-22.730399626323763,7.75620294873432,10.434394373338716,67.52040089582363,217.68753373974155,321.43125049358287
8.56,-22.942695048033293,7.9943857051425296,10.736147076671376,68.03160053384568,211.61221802227385,326.253595306885
8.57,-23.12845354202913,8.202795616999714,11.000180692087454,61.850775342114964,135.27694039448963,312.0456467685244
8.58,-23.29099222427549,8.385154289874748,11.231210105576523,56.44255329935059,68.48357247017842,299.61369179745884
8.59,-23.433213571241055,8.544718128640405,11.433360842379457,51.710359011931764,10.03937553640612,288.73573119777643
8.6,-23.557657249835923,8.684336487560355,11.610242737082025,47.56968901044029,-41.09929678064464,279.2175156730544
8.61,-19.025905968606434,6.84065680161531,8.788873769946774,43.94660275913525,-85.84563505806406,270.8890770889226
8.62,-15.06062359753063,5.227437076413397,6.3201759237034265,40.77640228924334,-124.99868105080606,263.6016933278073
8.63,-11.591001522839301,3.8158698168617224,4.160065308240498,38.002476878087926,-159.2575962944553,257.2252325368314
8.64,-8.555082207484388,2.5807484647540075,2.269968519710436,35.575292143326934,-189.23414713264842,251.6458293447275
8.65,-5.898652806548839,1.5000172816597563,0.6161338297466317,33.451505500411066,-215.46362911606738,246.76385155163658
8.66,-3.5742770807302335,0.5543774964522867,-0.8309715239716973,31.593192187859685,-238.41442585155897,242.492120982682
8.67,-1.5404483206389543,-0.2730573156042492,-2.097188708475235,29.967168039377224,-258.4963729951141,238.75435673484674
8.68,0.23915184444091508,-0.9970627761537181,-3.2051287449158306,28.544396909455074,-276.0680767457248,235.4838130179909
8.69,1.7963019888858007,-1.6305675541345033,-4.174576276801352,27.29947217077319,-291.4433175275092,232.62208726574204
8.7,3.1588083652750756,-2.1848842348676905,-5.022842867201183,26.210163024426542,-304.89665321157054,230.11807723252429
8.71,4.351001444615691,-2.6699113305092292,-5.765076133801035,25.257017521373225,-316.6683219351242,227.92706845345876
8.72,5.39417038903873,-3.094310039195576,-6.414530242075906,24.423015206201573,-326.9685320682336,226.0099357717764
8.73,6.306943215408889,-3.4656589092961285,-6.982802586816418,5.974512805426377,-376.9530926847044,143.94181655030437
8.74,7.105619438482778,-3.790589170634113,-7.480040888464366,-10.167926795251919,-420.68958322411635,72.13221223151632
8.75,7.804461133672431,-4.074903149304848,-7.91512440240632,-24.29256144584543,-458.95901244610184,9.298808452576786
8.76,8.415947616963377,-4.323677880641743,-8.29582247710553,-36.65161676511475,-492.4447630153391,-45.68041985399531
8.77,5.761026289842955,-2.263437645561525,-9.164874042467337,-47.46579016947541,-521.7447947634217,-93.7872446222459
8.78,3.4379701286125863,-0.46072743986633435,-9.92529416215892,-56.92819189829098,-547.382322542994,-135.88071629446515
8.79,1.405295987536013,1.1166439901169574,-10.590661766889054,-65.2077934110046,-569.8151593501196,-172.712504007657
8.8,-0.37329388590598866,2.4968439913523377,-11.172858421027922,-72.45244473462903,-589.4438915563546,-204.94031825669987
8.81,-1.92956002516774,3.7045189924332953,-11.68228049339943,-78.7915146428004,-606.6190322368102,-233.1396557246124
8.82,-3.2912928970217727,4.761234618379133,-12.1280248067245,-84.33820081245034,-621.6472803322089,-257.81407600903583
8.83,-4.482809159894051,5.6858607910817405,-12.518051080883938,-89.19155121089403,-634.7969974156828,-279.40419375790634
8.84,-5.5253858899072945,6.494908692196523,-12.859324070773445,-93.43823280953228,-646.3029998637223,-298.29554678816805
8.85,-6.437640528668882,7.202825605671958,-13.157937936926764,-97.15407920834073,-656.370752005757,-314.82548068964707
8.86,-7.235863337585272,7.822252904962962,-13.419225069810917,-100.40544480729814,-665.1800351300374,-329.2891728534412
8.87,-7.934308295387113,8.364251791842591,-13.647851311084551,-103.25038970638586,-672.8881578637827,-341.944903496761
8.88,-8.545447633463723,8.838500817862267,-13.847899272198982,-105.73971649308763,-679.6327652558098,-353.0186678096659
8.89,-9.080194554280759,9.253468715629483,-14.022941238174107,-96.83600218145168,-598.3274198488335,-288.6744593334576
8.9,-9.548098109995664,9.616565626175797,-14.176102958402343,-89.04525215877021,-527.1852426177294,-232.3732769167754
8.91,-9.957513721246206,9.934275422903822,-14.31011946360205,-82.22834588892394,-464.9358375405132,-183.10974230217846
8.92,-10.315752381090432,10.212271495040843,-14.427383905651793,-76.26355290280844,-410.46760809794904,-140.00414951440615
8.93,-8.029824458454128,7.873000183160738,-11.509895292445318,-71.04435903995738,-362.8079073357054,-102.28675582510537
8.94,-6.029637526147361,5.8261377852656455,-8.957092755889652,-66.47756440996271,-321.1056691687422,-69.2840363469672
8.95,-4.279473960378941,4.03513318710744,-6.723390536403445,-62.48161910871737,-284.6162107726494,-40.4066568035963
8.96,-2.7480808403315735,2.4680041637190095,-4.768901094353015,-58.98516697012769,-252.68793467606824,-15.138949703146757
8.97,-1.4081118602901266,1.0967662682541335,-3.058722832558888,-55.92577134886173,-224.75069309155973,6.970294009746588
8.98,-0.23563900275386074,-0.10306689027763316,-1.5623168534890268,-53.24880018025401,-200.30560670511477,26.315882258528266
8.99,0.7902747475903718,-1.152920903992929,-0.2529616218028985,-50.906450407722254,-178.91615611697543,43.243271976212235
9.0,1.6879492791415753,-2.0715431659938126,0.8927242059224638,-48.85689435675697,-160.20038685235352,58.05473797918571
9.01,2.4734144942488783,-2.875337645244586,1.8951993051821558,-47.06353281216234,-143.82408874580935,71.01477073178751
9.02,3.1606965574677686,-3.578657814589013,2.772365017034386,-45.49434146064205,-129.49482790258318,82.35479939031407
9.03,3.7620683627842975,-4.194062962765386,3.539885014905088,-44.12129902806179,-116.95672466476029,92.27732446652482
9.04,4.28826869243626,-4.732542467419713,4.211465013041952,-42.919886899554065,-105.98588433166526,100.95953390820922
9.05,4.748693980881727,-5.203712033992249,4.799097511411708,-48.57552653710981,-89.7232736652071,107.91771816968307
9.06,5.151566108271512,-5.615985404743219,5.313275947485245,-53.524211219971086,-75.49348933205621,114.00612939847268
9.07,5.504079219737573,-5.976724604150316,5.76318207904959,-57.8543103174747,-63.04242804054918,119.33348922366359
9.08,5.812528192270376,-6.292371403631527,6.156849944168391,-61.64314702779036,-52.147749410480536,123.99492907070564
9.09,6.002360418236579,-5.818516603177586,6.2844817011473415,-64.95837914931657,-42.61490560917047,128.07368893686743
9.1,6.168463615957007,-5.403893652780388,6.3961594885039235,-67.859207255652,-34.27366728302416,131.642603819759
9.11,6.313803913962381,-5.0410985711828395,6.4938775524409325,-70.39743184869549,-26.97508374764614,134.76540434228912
9.12,6.440976674717084,-4.723652874784984,6.579380858385815,-72.61837836760856,-20.588823154190372,137.497854799503
9.13,6.552252840377449,-4.445887890436862,6.654196251087588,-74.56170657165748,-15.000845134916574,139.88874894956513
9.14,6.649619485330268,-4.202843529132254,6.719659719701639,-76.26211875020029,-10.111364368052001,141.9807813308695
9.15,6.7348152996639845,-3.9901797129907224,6.776940254738934,-77.74997940642524,-5.833068697045502,143.81130966451082
9.16,6.809361637205987,-3.8040988738668817,6.827060722896567,-79.05185748062208,-2.089559984914814,145.41302195644695
9.17,6.874589682555238,-3.6412781396335214,6.870916132534496,-80.19100079554431,1.1860101381995376,146.81452021189108
9.18,6.931664222235834,-3.498809997179331,6.909289615967683,-81.18775119610126,4.052133995924596,148.0408311854047
9.19,6.981604444456355,-3.3741503725319144,6.942866413971723,-82.05990779658859,6.559992371434021,149.11385328722912
9.2,7.0253021388993115,-3.265073200965425,6.972246112225258,-82.823044822015,8.754368450004769,150.05274762632547
9.21,7.063537621536898,-3.1696306758447466,6.9979533481971,-83.49078971926312,10.674447518754173,150.87428017303478
9.22,7.096993668844786,-3.086118466364153,7.020447179672463,-68.87194100435522,52.0532657039099,140.20499552640544
9.23,7.126267710239188,-3.013045283068634,7.040129282213405,-56.08044837881082,88.25973161592117,130.86937146060475
9.24,7.151882496459289,-2.9491062476850542,7.057351121936729,-44.88789233145947,119.94038928893102,122.70070040302916
9.25,6.258868934401878,-2.8327760917244222,6.5982464816946385,-35.09440579002704,147.66096475281464,115.55311322765051
9.26,5.477482067601644,-2.7309872052588693,6.196529921482809,-26.525105066273657,171.91646828371282,109.29897444919419
9.27,4.793768559151438,-2.6419219296015104,5.845027931297459,-19.02696693298945,193.1400338732487,103.8266030180449
9.28,4.195519239257508,-2.5639898134013217,5.537463689885277,-12.466096066365768,211.71065376409263,99.03827801578929
9.29,3.67205108435032,-2.4957992117261565,5.268344978649617,-6.725334058070048,227.95994616858107,94.84849363881563
9.3,3.21401644880653,-2.4361324352603866,5.032866106318416,-1.7021673008112916,242.17807702250843,91.18243230896367
9.31,2.813236142705714,-2.383924005852838,4.826822093028614,2.6931036117901197,254.61894151969489,87.9746286453432
9.32,2.4625533748675,-2.3382416301212334,4.646533581400038,6.538965660316355,265.504697954733,85.1678004396753
9.33,2.1557059530090625,-2.2982695513560794,4.488781133725034,9.90409495277681,275.02973483539137,82.7118257597159
9.34,1.8872144588829296,-2.2632939824365694,4.350747742009405,12.84858308367971,283.36414210596746,80.5628479147514
9.35,1.6522844015225633,-2.2326903596319982,4.22996852425823,15.425010198219745,290.6567484677215,78.68249230040747
9.36,1.446720601332243,-2.2059121896779983,4.124286708725951,17.679383923442277,297.0377790342563,77.03718113785654
9.37,1.2668522761657124,-2.1824812909682483,4.0318151201352075,21.04321118301199,309.1005577799742,105.44815937062447
9.38,1.1094674916449982,-2.161979254597217,3.9509024801183066,23.986560035135494,319.6554891824774,130.3077653242964
9.39,0.9717558051893735,-2.144039972772565,3.8801039201035183,26.561990280743558,328.8910541596677,152.05992053375937
9.4,0.8512580795407019,-2.1283431011759943,3.8181551800905784,28.815491745650615,336.9721735147092,171.09305634203946
9.41,-1.4213636804018859,-1.242217213528995,3.535924407579256,30.78730552744429,344.04315295037054,187.74705017428454
9.42,-3.4099077203516504,-0.46685706183787057,3.2889724816318493,32.51264258651375,350.23025995657423,202.31929477749895
9.43,-5.149883755307695,0.2115830708918633,3.0728895464278683,34.02231251319953,355.64397858700244,215.0700088053116
9.44,-6.672362785894233,0.8052181870303804,2.883816978124385,35.34327369904959,360.3809823886271,226.22688357964768
9.45,-8.004531937657454,1.3246489136515829,2.7183784808588367,36.49911473666839,364.5258607150487,235.9891490071917
9.46,-9.170179945450272,1.779150799445135,2.573619795751482,37.510475644584844,368.1526292506676,244.53113125629272
9.47,-10.190121952268989,2.176839949514493,2.4469559462825465,38.39541643901174,371.3260517193341,252.00536572425614
9.48,-11.082571208235366,2.5248179558251813,2.3361250779972282,39.16973963413527,374.1027963794173,258.5453208837241
9.49,-11.863464307205946,2.829298711347034,2.239148068247575,39.847272429868354,376.53244795699015,264.2677816482586
9.5,-12.546745768805204,3.095719372428655,2.154293184716628,40.44011362613482,378.6583930873664,269.27493481722627
9.51,-13.144617047704553,3.3288374508750733,2.080045161627049,40.95884967286797,380.5185950764456,273.656193840073
9.52,-13.667754416741484,3.532815769515689,2.015078141423668,41.41274371375947,382.14627181688985,277.4897954850639
9.53,-14.125499614648799,3.711296798326228,1.9582319987457093,21.55364999953953,300.5417360897786,276.6923230494309
9.54,-14.5260266628177,3.86746769853545,1.9084916239024956,4.17694299959709,229.1377673285563,275.9945346682521
9.55,-14.876487829965487,4.0041172362185184,1.8649687959146837,-11.027675625352547,166.65929466248676,275.3839698347206
9.56,-15.183141351219803,4.123685581691204,1.8268863214253481,-24.33171692218348,111.99063107967592,274.8497256053805
9.57,-11.553571057317328,5.7151101339798025,1.9693162812471796,-35.97275305691055,64.15555044471643,274.38226190470795
9.58,-8.377697050152662,7.107606617232326,2.093942496091282,-46.15865967479673,22.29985488912687,273.9732311666194
9.59,-5.59880729388358,8.326041040078286,2.202990434079872,-55.07132796544714,-14.32387872201399,273.615329270792
9.6,-3.167278757148132,9.3921711600685,2.2984073798198876,-62.86991271976625,-46.369645631762246,273.302165111943
9.61,-1.0396912875046151,10.325035015059937,2.3818972073424014,-69.69367437979547,-74.40969167779197,273.02814647295014
9.62,0.8219477484334619,11.141290888177444,2.454950806424601,-75.66446583232103,-98.94473196806797,272.7883801638314
9.63,2.4508819048792794,11.855514777155262,2.5188727056215257,-80.8889083532809,-120.41289222205947,272.5785846433525
9.64,3.8761992917693697,12.480460680010854,2.574804367418835,-85.4602955591208,-139.19753244430206,272.3950135629334
9.65,5.123352005298198,13.027288345009497,2.62374457149148,-89.4602593642307,-155.6340926387643,272.23438886756674
9.66,6.2146106296359225,13.50576255188331,2.6665672500550452,-92.96022769370185,-170.01608280891875,272.0938422591209
9.67,7.169461925931433,13.924427482897896,2.7040370937981644,-96.02269998198912,-182.6003242078039,271.97086397673075
9.68,8.004956810190004,14.290759297535658,2.7368232070733938,-98.70236323424048,-193.61153543182843,271.8632579796394
9.69,8.736014833916254,14.6112996353437,2.7655110561892196,-79.33394295496042,-215.47009575284986,169.35910073218446
9.7,9.375690604676722,14.891772430925737,2.790612924165567,-62.386575210590365,-234.59633603374363,79.6679631406614
9.71,9.935406904092131,15.13718612706002,2.812577058644871,-47.55762843426657,-251.33179627952566,1.1882177480787277
9.72,10.425158666080614,15.351923111177516,2.831795676314262,-34.582300004983246,-265.975323994585,-67.48155947043111
9.73,1.8903843328205365,10.701617722280327,1.7475807167749795,-23.22888762936034,-278.7884107452619,-127.56761453662722
9.74,-5.577543208782031,6.632600506995285,0.798892627178107,-13.294651800690296,-289.9998616521042,-180.1429127195488
9.75,-12.111979807684278,3.072210443620874,-0.031209451219156303,-4.602195450604008,-299.8098811955912,-226.1462986296052
9.76,-17.829611831723746,-0.04313086183173542,-0.7575487698167618,3.0037038557214926,-308.39364829614226,-266.3992613009046
9.77,-22.832539852758277,-2.7690545041027685,-1.3930956735896665,9.658865748756305,-315.90444450912446,-301.6206036382915
9.78,-27.21010187116349,-5.154237691089922,-1.949199214390958,15.482132405161767,-322.47639119548387,-332.4392781835051
9.79,-31.040468637268056,-7.241272979703682,-2.435789812592088,20.577490729516548,-328.22684454604837,-359.405618410567
9.8,-34.39203955760955,-9.067428857240722,-2.861556586018077,25.03592926332698,-333.2584912277923,-383.0011661092461
9.81,-37.32466411290835,-10.665315250085632,-3.2341025127658174,28.93706298041111,-337.6611820743183,-403.64727034559036
9.82,-39.89071059879481,-12.063465843824929,-3.5600801986700903,32.35055498285972,-341.5135365650285,-421.7126115523916
9.83,-42.13600127394545,-13.286847613346813,-3.845310673836329,35.33736048500226,-344.8843467444,-437.51978510834266
9.84,-44.10063061470227,-14.357306661678463,-4.094887339606788,37.95081529937698,-347.83380565134996,-451.35106196979984
9.85,-45.81968128786448,-15.293958328968655,-4.31326692215594,38.71071363695486,-307.3077050699312,-370.14780472357484
9.86,-47.32385062688142,-16.11352853784757,-4.504349056886447,39.375624682335506,-271.8473670611898,-299.09495463312794
9.87,-48.63999879852125,-16.830652470616624,-4.671545924775641,39.95742184704357,-240.8195713035411,-236.92371080398692
9.88,-49.79162844870609,-17.458135911789544,-4.8178431841786855,40.466494366163126,-213.67025001559847,-182.52387245348854
9.89,-41.82872051761783,-15.30973079781585,-5.14983741115635,40.911932820392735,-189.91459388864868,-134.92401389680248
9.9,-34.8611760779156,-13.42987632308887,-5.440332359761806,41.301691467843646,-169.12839477756762,-93.27413765970216
9.91,-28.76457469317615,-11.78500365770276,-5.69451543979158,41.642730284363196,-150.9404705553717,-56.83049595223939
9.92,-23.430048481529134,-10.345740075489914,-5.916925634817632,41.9411392488178,-135.02603686095026,-24.942309458209465
9.93,-18.762338046337995,-9.086384441053674,-6.111534555465428,42.202247092715574,-121.10090737833147,2.9598537240667184
9.94,-14.678091415545746,-7.984448260921965,-6.28181736103225,42.43071645612613,-108.91641908104003,27.37424650855838
9.95,-11.104375613602526,-7.02025410330672,-6.430814815903218,42.63062714911037,-98.25499182091004,48.73684019498858
9.96,-7.97737428690221,-6.1765842153933805,-6.561187588915315,42.805549005471576,-88.92624296829628,67.429109670615
9.97,-5.241248126039434,-5.438373063469208,-6.6752637653009,42.958605629787634,-80.76358772225925,83.78484546178814
9.98,-2.847137735284504,-4.7924383055355575,-6.775080419638288,43.09253017606418,-73.62126438197684,98.09611427906462
9.99,-0.7522911433739408,-4.2272453923436135,-6.862419992183502,43.20971415405616,-67.37173145922974,110.61847449418154
10.0,1.080699624547802,-3.732701593300662,-6.938842118160563,43.31225013479914,-61.90339015182602,121.57553968240885
10.01,2.684566546479327,-3.2999757691380793,-7.005711478390492,22.170092992949254,-53.14609138284777,118.74234697210774
10.02,4.087950103169411,-2.9213406729958193,-7.06422216859168,3.670705493830596,-45.4834549599918,116.26330335059427
10.03,5.315910715273235,-2.590034963871342,-7.115419022517719,-12.516258567898229,-38.77864808999283,114.09414018176999
10.04,6.390376250864081,-2.300142468387424,-7.160216269703004,-26.679852121910947,-32.91194207874373,112.19612240904874
10.05,7.789828094506071,-2.439306284838996,-5.361527360990128,-39.07299648167208,-27.778574318900763,110.53535685791765
10.06,9.014348457692812,-2.561074624234122,-3.7876745658663618,-49.916997796463065,-23.28687752903817,109.08218700067793
10.07,10.08580377548121,-2.6676219212048564,-2.4105533701330666,-59.40549894690518,-19.356642837908396,107.8106633755932
10.08,11.023327178546058,-2.7608508060542496,-1.2055723238664333,-67.70793745354203,-15.917687483169846,106.69808020364404
10.09,11.843660156227802,-2.8424260802974683,-0.1512139083831291,-74.97257114684928,-12.908601547773616,105.72456992818853
10.1,12.561451511699328,-2.913804445260285,0.771349705164762,-81.32912562849312,-10.275651354301914,104.87274843716496
10.11,13.18951894773691,-2.976260514602749,1.5785928670191667,-86.89111079993148,-7.9718199350141745,104.12740463251933
10.12,13.739077954269796,-3.0309095752774056,2.2849306336417707,-91.75784782494004,-5.955967443137403,103.47522880345441
10.13,14.219942084986073,-3.07872750336773,2.9029761794365494,-96.01624272182254,-4.192096512745227,102.9045749530226
10.14,14.640698199362813,-3.1205681904467637,3.4437660320069807,-99.74233825659472,-2.648709448652074,102.40525283389478
10.15,15.008859799442462,-3.157178791640918,3.9169571530061082,-103.00267184952038,-1.2982457675705648,101.96834597965793
10.16,15.331001199512155,-3.1892130676858037,4.330999383880345,-105.85546374333033,-0.11659004662424421,101.58605248220069
10.17,15.612874924573134,-3.2172430592250785,4.693286335895301,-102.21790602541404,8.748608584203785,100.5952959219256
10.18,15.859514434001493,-3.2417693018219436,5.010287418908389,-99.03504302223728,16.50565738617831,99.72838393168489
10.19,16.075324004751305,-3.2632297640942007,5.28766336654484,-96.25003789445762,23.29307508790602,98.96983594022427
10.2,16.264157379157393,-3.2820076685824255,5.530367320726735,-93.81315840765042,29.23206557691777,98.30610644769624
10.21,15.545133581762718,-3.325390085009622,5.381956905635893,-91.68088885669411,34.42868225480305,97.7253431417342
10.22,14.915987759042379,-3.363349699383419,5.252097792431406,-89.81515299960735,38.97572184795267,97.21717524901742
10.23,14.36548516416208,-3.3965643619604915,5.13847106837748,-88.18263412465643,42.954381491958586,96.77252834289024
10.24,13.88379539364182,-3.4256271917154297,5.039047684830295,-86.75418010907437,46.43570868046376,96.38346230002895
10.25,13.462316844436593,-3.451057167751001,4.952052224226508,-85.50428284544007,49.48186997040579,96.04302951252534
10.26,13.093523113882018,-3.4733083967821257,4.875931196198194,-84.41062273976006,52.147261099105066,95.74515082345967
10.27,12.770828599646766,-3.4927782221843597,4.8093252966734195,-83.45367014729005,54.47947833671693,95.4845069705272
10.28,12.48847089969092,-3.5098143194113147,4.7510451345892415,-82.6163366288788,56.52016841962732,95.2564435992113
10.29,12.241407912229555,-3.5247209044849,4.700049992765586,-81.88366980026895,58.3057722421739,95.05688814930988
10.3,12.02522779820086,-3.5377641664242874,4.655429243669888,-81.24258632523532,59.86817558690216,94.88227713064614
10.31,11.836070198425752,-3.549177020621251,4.616386088211152,-80.6816382845809,61.23527851353939,94.72949248931538
10.32,11.670557298622533,-3.5591632680435947,4.5822233271847574,-80.19080874900828,62.431493574346966,94.59580592815095
10.33,11.525733511294717,-3.5679012345381453,4.552330911286663,-73.56633278038225,115.45755625255359,88.90070518713208
10.34,11.399012697382878,-3.575546955220877,4.52617504737583,-67.76991630783448,161.8553610959844,83.91749203874056
10.35,11.288131985210018,-3.5822369608182676,4.503288666453851,-62.69805189435517,202.45344033398635,79.55718053389799
10.36,11.191111362058766,-3.588090715715984,4.483263083147119,-58.26017053256077,237.97675966723807,75.74190796716074
10.37,9.27473819180142,-3.000182626251486,3.4806463227537296,-54.37702434099067,269.0596640838333,72.40354447126565
10.38,7.597911667826243,-2.48576304797005,2.6033566574095137,-50.97927142336684,296.25720544835417,69.48247641235744
10.39,6.1306884593479625,-2.035645916973794,1.8357282002333246,-48.00623762044598,320.05505414230987,66.92654186081276
10.4,4.846868151929467,-1.6417934273520698,1.164053300204159,-45.40483304289023,340.87817174952113,64.69009912821116
10.41,3.7235253829382833,-1.297172498933061,0.5763377626786392,-43.12860403752895,359.098399655831,62.73321173718476
10.42,2.740600460070998,-0.9956291865664284,0.062086667343809354,-41.136903657837834,375.0410990738521,61.02093527003666
10.43,1.8805411525621234,-0.7317787882456248,-0.3878830410741668,-39.394165825608106,388.9909610646206,59.52269336128208
10.44,1.127989258491858,-0.5009096897149217,-0.781606535939896,-37.86927022240709,401.19709030654303,58.21173169112181
10.45,0.46950635118037576,-0.29889922850055645,-1.126114593947409,-36.534986569606204,411.87745339322515,57.06464022973158
10.46,-0.1066661927171712,-0.1221400749379869,-1.427559144703983,-35.36748837340543,421.222771094072,56.06093520101513
10.47,-0.6108171686275248,0.03252418442926147,-1.6913231266159852,-34.34592745172975,429.399924082313,55.18269330088823
10.48,-1.0519492725490842,0.1678554113756038,-1.9221166107889869,-33.452061645263534,436.5549329470239,54.4142316382772
10.49,-1.4379398634804486,0.28627023495365334,-2.1240609094403635,-26.70242881460559,424.37056820364586,74.61495330849255
10.5,-1.7756816305453924,0.38988320558444667,-2.300762170760318,-20.79650008777989,413.70924905319015,92.29058476993097
10.51,-2.0712056767272182,0.48054455488639086,-2.455375774415278,-15.628812451807404,404.3805947965414,107.7567622986896
10.52,-2.329789217136316,0.559873235525592,-2.5906626776133685,-11.107085770331478,396.2180223219737,121.28966763635339
10.53,-4.537184314994276,1.051755831084893,-2.856665217911697,-7.150574924040043,389.075771406727,133.13095980680922
10.54,-6.4686550256199915,1.4821531021992813,-3.089417440672735,-3.688627933535038,382.82630185588613,143.49209045595808
10.55,-8.158691897417492,1.8587507144243713,-3.293075635588643,-0.6594243168431584,377.3580159989004,152.55807977396333
10.56,-9.637474160240306,2.188273625121325,-3.4712765561400625,1.9911288477622362,372.5732658740378,160.49082042721793
10.57,-10.931408640210268,2.4766061719811594,-3.6272023616225546,4.310362866791957,368.38660951478306,167.4319684988157
10.58,-12.063601310183985,2.7288971504835144,-3.7636374414197356,6.339692633442962,364.72328520043516,173.50547306146376
10.59,-13.054269896410988,2.949651756673075,-3.883018136242269,8.11535617926259,361.51787642538073,178.8197895537808
10.6,-13.921104909359615,3.142812037088941,-3.987476244211985,9.669061781854767,358.71314374720816,183.4698164845582
10.61,-14.679585545689664,3.3118272824528234,-4.078877088685487,11.028554184122921,356.25900265380716,187.53859004898845
10.62,-15.343256102478456,3.4597156221462204,-4.158852827599801,12.218110036107555,354.11162919708124,191.0987669178649
10.63,-15.92396783966865,3.589117919377943,-4.228831599149825,13.25897140659411,352.2326774224461,194.2139216781318
10.64,-16.43209060971007,3.7023449294557,-4.2900630242560975,14.169725105769846,350.58859461964033,196.93968209336535
10.65,-16.87669803349631,3.801418563273738,-4.343640521224085,-16.235865032451386,288.9981444171853,216.6234708316947
10.66,-17.265729529309272,3.8881079928645206,-4.390520831071075,-42.84075640339496,235.10650049003712,233.84678597773285
10.67,-17.606132088145614,3.9639612437564558,-4.43154110218719,-66.1200363529706,187.95131205378246,248.91718673051622
10.68,-17.90398432712741,4.030332838286899,-4.467433839413792,-86.48940630884928,146.69052217205964,262.10378738920167
10.69,-13.405836036236485,5.654609483501037,-3.4892722344870672,-104.31260502024313,110.58733102555219,273.6420629655515
10.7,-9.469956281706924,7.075851548063408,-2.6333808301761836,-119.90790389271274,78.99703877235817,283.73805409485755
10.71,-6.026061496493558,8.319438354555482,-1.8844758514041609,-133.55379040612365,51.355533050813406,292.57204633300034
10.72,-3.0126535594318633,9.407576810236048,-1.2291839949786407,-145.4939411053582,27.169215544461732,300.3017895413753
10.73,-0.3759216145028801,10.359697958956541,-0.6558036206063107,-155.94157296718842,6.006187726404015,307.06531484870334
10.74,1.9312188373099801,11.192803964086973,-0.15409579303052184,-165.08325084628987,-12.511461614396488,312.9833994926154
10.75,3.9499667326462324,11.921771718576101,0.2848985560982934,-173.08221899050363,-28.714404787596926,318.16172355603845
10.76,5.716371141065453,12.55961850375409,0.6690186115860067,-180.0813161166907,-42.89198006414731,322.69275711153364
10.77,7.261974998432272,13.117734440784828,1.0051236601377558,-186.20552610210436,-55.2973584311289,326.6574114725919
10.78,8.614378373628238,13.606085885686724,1.2992155776205363,-191.56420983934132,-66.15206450223779,330.1264840385179
10.79,9.797731326924708,14.033393399975884,1.5565460054179692,-196.25305810942365,-75.64993231445807,333.16192253370315
10.8,10.83316516105912,14.407287474978899,1.781710129740723,-200.3558003457457,-83.96056665015081,335.81793121699025
10.81,11.73916976592673,14.734444790606537,1.9787287385231325,-173.2419501775275,-124.98112181888196,242.17193768986644
10.82,12.53192379518589,15.02070744178072,2.151120021207741,-149.51733128033658,-160.8741075915217,160.23169335363315
10.83,13.225583570787654,15.271187261558131,2.3019623935567735,-128.75828974529452,-192.28047014258146,88.53397955942901
10.84,13.832535874439198,15.490357103863365,2.433949469362177,-110.59412840213271,-219.76103737475879,25.798479989500393
10.85,5.361655265134298,7.924992340880445,7.508638035691905,-94.70048722686613,-243.80653370291392,-29.09508213418715
10.86,-2.0503652680074884,1.3052981732703897,11.948990531230418,-80.79355119850787,-264.8463429900497,-77.12694899241376
10.87,-8.535883234506553,-4.48693422338841,15.834298964826615,-68.62498217369439,-283.2561761162935,-119.15483249336204
10.88,-14.210711455193234,-9.555137570464858,19.23394384422329,-57.977484276982594,-299.36478010175676,-155.92923055669178
10.89,-19.17618614829408,-13.98981549915675,22.208633113695377,-48.66092361735977,-313.45980858903715,-188.1068288621053
10.9,-23.520976504757318,-17.870158686762156,24.811486224483453,-40.508933040189795,-325.7929585154075,-216.26222737934214
10.91,-27.32266806666265,-21.265458975916886,27.088982696423024,-33.37594128516607,-336.5844647009816,-240.89820108192436
10.92,-30.649148183329817,-24.236346728927273,29.08179210937015,-27.13457349952031,-346.02703261335887,-262.4546780716838
10.93,-33.55981828541359,-26.83587351281136,30.825500345698877,-21.67337668708027,-354.28927953668904,-281.3165954377233
10.94,-36.10665462473689,-29.11045944870994,32.35124505248652,-16.894829476195238,-361.51874559460293,-297.82077313300795
10.95,-38.335136421644776,-31.100722142621194,33.686271670925706,-12.713600666670832,-367.84452839527756,-312.26192861638197
10.96,-40.285057993939176,-32.842201999793545,34.85441996205999,-9.055025458336978,-373.3795883458679,-324.8979396643342
10.97,-41.99123936969678,-34.36599687481935,35.876549716802494,7.301853223955145,-331.7077650526344,-260.48569645629243
10.98,-43.48414807348468,-35.69931739046693,36.770913252202185,21.614122070960754,-295.2449196710551,-204.12498364925588
10.99,-44.7904431892991,-36.86597284165856,37.55348134567691,34.13735731209066,-263.3399299621732,-154.80935994309888
11.0,-45.93345141563671,-37.88679636145124,38.23822842746729,45.09518814807932,-235.42306396690154,-111.65818920021154
11.01,-37.22706261368212,-32.60866206626984,31.812243999033882,54.68329012956941,-210.99580622103886,-73.9009148001851
11.02,-29.60897241197186,-27.990294557986108,26.189507624154647,63.07287936337323,-189.621955693409,-40.863299700161974
11.03,-22.943143485475378,-23.949222988237842,21.269613296135315,70.41376994295157,-170.9198364817329,-11.955386487641729
11.04,-17.110543174790955,-20.413285364708113,16.964705759118402,76.83704920008262,-154.55548217151627,13.339037573313487
11.05,-12.007017902942085,-17.319339944119598,13.197911664228602,82.45741855007228,-140.23667215007674,35.4716586266493
11.06,-7.541433290074325,-14.612137701104647,9.901966831200028,87.37524173131325,-127.70771338131715,54.837702048318135
11.07,-3.6340467538150345,-12.243335738466566,7.018015102300025,91.67833701489909,-116.7448744586525,71.78299004227837
11.08,-0.215083534588155,-10.170634021158245,4.494557339512522,95.44354538803671,-107.15239040132094,86.61011703699357
11.09,2.7765092822353648,-8.357020018513463,2.286531797073456,98.73810271453212,-98.75896685115582,99.58385315736938
11.1,5.394152996955944,-6.7701077661992795,0.35450944743927404,101.62084037521561,-91.41472124476134,110.9358722626982
11.11,7.684591247336451,-5.381559545424369,-1.336010108490635,104.14323582831366,-84.98850633916616,120.86888897986091
11.12,9.688724716419395,-4.166579852246323,-2.8152147199293056,106.35033184977445,-79.36556829677039,129.5602786073783
11.13,11.44234150186697,-3.1034726207155328,-4.109518754938143,88.52404049355265,-63.4117473846741,131.875869281456
11.14,12.9767561891336,-2.1732537931260913,-5.242034785570874,72.92603555685857,-49.45215408658984,133.902011121274
11.15,14.3193690404919,-1.3593123189853298,-6.232986312374515,59.27778123725125,-37.23750995076611,135.67488523111476
11.16,15.494155285430413,-0.6471135291121636,-7.1000688983277005,47.33555870759484,-26.549696331920345,137.2261500772254
11.17,15.852537374751611,0.1819621620268569,-5.805220911036738,36.88611399414549,-17.1978594154303,138.58350681757224
11.18,16.16612170290766,0.9074033917734998,-4.672228922157145,27.742849869877304,-9.015002113501513,139.77119396537572
11.19,16.440507990044203,1.5421644678018125,-3.680860931887502,19.74249376114264,-1.855001974313824,140.81042021970376
11.2,16.680595991288676,2.0975804093265857,-2.8134139404015643,12.742182165999811,4.409998147475404,141.7197431922408
11.21,16.890672992377592,2.5835693581607626,-2.054397822851369,6.616909520249835,9.891873254040979,142.5154007932107
11.22,17.074490368330395,3.0088096883906674,-1.3902587199949479,1.2572959552186056,14.688513972285858,143.21160119405934
11.23,17.235330572289094,3.380894977341834,-0.8091370049955793,-3.43236591418372,18.885574600750125,143.82077654480193
11.24,17.376065750752957,3.706469605174105,-0.3006555043711319,-7.535820049910756,22.558002650656363,144.3538049767017
11.25,17.499209031908837,3.9913474045273416,0.14426580867525957,-11.12634241867191,25.771377194324316,144.820204854614
11.26,17.606959402920232,4.240615478961423,0.5335719575908522,-14.268049491337923,28.583079920033775,145.22830474778723
11.27,17.7012409775552,4.458725044091246,0.8742148378919956,-17.017043179920684,31.043319805029554,145.58539215431384
11.28,17.783737355360802,4.64957091357984,1.1722773581554962,-19.4224126574306,33.19602970440086,145.8978436350246
11.29,17.855921685940704,4.8165610493823605,1.4330820633860593,-16.657736075251776,28.66590099135075,136.3318636806465
11.3,17.919082975198116,4.962677418209566,1.6612861804628019,-14.238644065845305,24.702038367431907,127.96163122056569
11.31,17.97434910329835,5.09052924093337,1.8609647829049516,-12.121938557614643,21.23365857150292,120.63767781799498
11.32,18.022706965386057,5.202399585816699,2.0356835600418326,-10.269821237912813,18.198826250065057,114.22921859074562
11.33,17.1618653447128,5.2641340125896114,1.7070234900366035,-8.649218583173713,15.543347968806925,108.62181676690241
11.34,16.408628926623702,5.3181516360159105,1.419445928782028,-7.231191260276999,13.219804472706059,103.71534017103961
11.35,15.74954706079574,5.365417056513921,1.1678155626842743,-5.990417352742374,11.186703913617801,99.42217314965966
11.36,15.172850428196273,5.4067742994496815,0.9476389923487399,-4.904740183649577,9.407740924415576,95.6656520059522
11.37,14.66824087467174,5.4429618870184715,0.7549844933051475,-3.9547726606933793,7.851148308863628,92.37869600520817
11.38,14.226707515337774,5.474626026141163,0.5864118066420041,-3.123551078106707,6.4891297702556745,89.50260950455714
11.39,13.840365825920552,5.502332147873517,0.4389107058117536,-2.3962321933433683,5.297363548973715,86.9860338164875
11.4,13.502316847680483,5.526575004389327,0.3098472425852844,-1.7598281691754472,4.254568105352001,84.78403008942657
11.41,13.206523991720424,5.547787503840661,0.19691671226212387,-1.2029746480285162,3.3421220921830006,82.85727682824825
11.42,12.947705242755372,5.566348440860579,0.09810249822935839,-0.7157278170249517,2.5437318306601258,81.17136772471721
11.43,12.72123883741095,5.582589260753006,0.011640060950688591,-0.2893868398968327,1.8451403518276102,79.69619725912756
11.44,12.523080732734583,5.596799978158881,-0.06401457166814749,0.08366151509027137,1.233872807849159,78.40542310173662
11.45,12.34969239114276,5.60923435588902,-0.13021237520962906,0.7032038257039874,-8.873486293131986,68.82787021401954
11.46,12.197977592249917,5.6201144364028925,-0.18813545330842543,1.2453033474909891,-17.717425506490486,60.4475114372671
11.47,12.065227143218678,5.629634506852531,-0.23881814664487228,1.7196404290546154,-25.455872318179175,53.11469750760872
11.48,11.949070500316344,5.637964568495964,-0.28316550331426327,2.1346853754227886,-32.22701327840678,46.69848531915763
11.49,11.846761562776802,5.555997747433969,-0.6348956903999804,2.49784970349494,-38.15176161860593,41.084299654262935
11.5,11.757241242429702,5.484276779004722,-0.9426596040999828,2.8156184905580726,-43.33591641628019,36.17188719748007
11.51,11.67891096212599,5.421520931629132,-1.2119530285874849,3.0936661792383133,-47.872051864245165,31.87352629779506
11.52,11.61037196686024,5.366609565175491,-1.4475847750140491,3.3369579068335242,-51.84117038121452,28.112460510570678
11.53,11.55040034600271,5.318562119528554,-1.653762553137293,3.5498381684793334,-55.314149083562704,24.82152794674934
11.54,11.497925177752373,5.2765206045874855,-1.8341681089951314,3.7361083974194167,-58.353005448117365,21.941961953405674
11.55,11.452009405533326,5.2397342790140495,-1.99202297037074,3.8990948477419893,-61.012004767102695,19.422341709229965
11.56,11.41183310484166,5.207546244137293,-2.1301459740743973,4.041707991774241,-63.33862917121486,17.21767399557622
11.57,11.376678841736453,5.179381713620132,-2.2510036023150977,4.166494492802461,-65.374425524813,15.288589746129192
11.58,11.345918861519397,5.154737749417616,-2.3567540270257106,4.275682681202154,-67.15574733421138,13.600641027863043
11.59,11.319003878829474,5.133174280740414,-2.4492856486474968,4.371222346051884,-68.71440391743496,12.123685899380162
11.6,11.29545326897579,5.114306245647863,-2.53025081756656,4.454819552795399,-70.07822842775559,10.83135016195764
11.61,11.274846485353816,5.097796714941881,-2.60109534037074,6.247342108695975,-67.98157474928614,5.745556516712935
11.62,11.256815549684589,5.083350875574146,-2.6630842978243976,7.815799345108978,-66.14700278062537,1.295487077123818
11.63,11.241038480974016,5.070710766127378,-2.717324635596348,9.188199426970357,-64.5417523080472,-2.598323682516659
11.64,11.019597420852264,5.068451920361456,-2.6892751811468045,10.389049498599062,-63.137158144541296,-6.005408097202077
11.65,10.825836493245731,5.066475430316274,-2.664731908503454,11.43979331127418,-61.90813825147364,-8.986606960051816
11.66,10.656295681590015,5.064746001526739,-2.643256544940522,12.359194147364908,-60.83274584503943,-11.59515596504534
11.67,10.507947471391264,5.063232751335896,-2.624465601822957,13.163669878944296,-59.891777489409506,-13.877636344414672
11.68,10.378142787467356,5.061908657418909,-2.6080235265950873,13.86758614407626,-59.06843017823332,-15.874806676362837
11.69,10.264563689033936,5.060750075241545,-2.5936367107707015,14.483512876066728,-58.34800128095416,-17.622330716817483
11.7,10.165181977904695,5.059736315836352,-2.5810482469243636,15.022448766558387,-57.71762599583489,-19.151414252215297
11.71,10.078222980666608,5.058849276356808,-2.570033341058818,15.49401767073859,-57.166047621355524,-20.489362345688384
11.72,10.002133858083281,5.058073116812206,-2.560395298426466,15.906640461896266,-56.683416543686086,-21.660066927477335
11.73,9.935555875822871,5.05739397721068,-2.5519620111231576,16.26768540415923,-56.26111435072533,-22.684433436542665
11.74,9.877300141345012,5.056799730059344,-2.5445828847327627,16.583599728639328,-55.89159993188466,-23.58075413197483
11.75,9.826326373676885,5.056279763801927,-2.5381261491411675,16.860024762559412,-55.56827481539908,-24.365034740477977
11.76,9.781724326967273,5.0558247933266856,-2.5324765054985217,17.101896667239487,-55.28536533847419,-25.05128027291823
11.77,9.742697536096363,5.05542669416085,-2.5275330673112064,17.88665958383455,-52.45219467116492,-25.660495488803452
11.78,9.708549094084319,5.0550783573907445,-2.5232075588973055,18.57332713585523,-49.9731703372693,-26.19355880270302
11.79,9.678669207323779,5.0547735627169015,-2.5194227390351425,19.174161243873325,-47.80402404511064,-26.659989202365143
11.8,9.480908931408306,4.975596117377289,-2.4899402716557497,19.69989108838916,-45.90602103947181,-27.0681158020695
11.81,9.307868689982268,4.906315852705128,-2.464143112698781,20.159904702340512,-44.245268409537836,-27.425226576810815
11.82,9.156458478734484,4.845695621116987,-2.4415705986114333,20.56241661454795,-42.792109858345604,-27.737698504709464
11.83,9.023974543892674,4.792652918477364,-2.421819648785004,20.914614537729456,-41.5205961260524,-28.01111144162078
11.84,8.90805110090609,4.746240553667693,-2.4045375676868788,21.222787720513274,-40.408021610295854,-28.250347761418183
11.85,8.806618088292828,4.705629734459232,-2.389415746726019,21.492439255449113,-39.43451890900887,-28.45967954124091
11.86,8.717864202256223,4.670095267651829,-2.3761841533852666,21.728384348517974,-38.58270404538276,-28.642844848585796
11.87,8.640204551974195,4.63900260919535,-2.3646065092121082,21.934836304953226,-37.83736603970992,-28.80311449251257
11.88,8.57225235797742,4.611796533045931,-2.3544760705605947,22.115481766834073,-37.18519528474618,-28.9433504309485
11.89,8.512794188230243,4.5879912164151895,-2.3456119367405206,22.273546545979812,-36.61454587415291,-29.066056877079937
11.9,8.460768289701463,4.567161564363291,-2.3378558196479555,22.411853227732337,-36.1152276398838,-29.173425017444945
11.91,8.41524562848878,4.54893561881788,-2.331069217191961,22.532871574265794,-35.67832418489832,-29.267372140264328
11.92,8.375413299927683,4.532987916465645,-2.3251309400429663,22.63876262748257,-35.29603366178603,-29.349575872731286
11.93,8.340560012436722,4.51903367690744,-2.3199349475375954,22.731417299047248,-34.96152945406278,-29.421504138639875
11.94,8.310063385882131,4.50682371729401,-2.315388454095396,22.81249013666634,-34.66883827230493,-29.48444137130989
11.95,8.283378837646865,4.496140002632258,-2.3114102723334717,22.88342886958305,-34.41273348826682,-29.539511449896157
11.96,8.260029857941007,4.486791752303226,-2.307929363291788,22.94550026088517,-34.18864180223346,-29.587697768659137
11.97,8.23959950069838,4.478612033265323,-2.3048835678803146,24.04106272827452,-35.44943670195428,-29.826735422576746
11.98,8.221722938111082,4.471454779107158,-2.3022184968952755,24.99967988724021,-36.55263223921,-30.035893369754653
11.99,8.206080945847196,4.465192181718763,-2.299886559783366,25.838469901335184,-37.51792833430875,-30.21890657353532
12.0,8.192394202616295,4.4597124090039175,-2.2978461148104454,26.57241116366829,-38.36256241752015,-30.379043126843406
12.01,8.180418302289258,4.454917607878428,-2.2960607254591396,27.214609768209755,-39.10161724033013,-30.51916261098798
12.02,8.169939389503101,4.450722156893624,-2.2944985097767474,27.776533547183536,-39.74829021028886,-30.64176715961448
12.03,8.160770340815214,4.447051137281921,-2.293131571054654,28.268216853785596,-40.31412905900275,-30.74904613966267
12.04,8.152747423213313,4.443838995121681,-2.2919354996728223,28.698439747062398,-40.8092380516274,-30.842915247204836
12.05,8.145727370311649,4.441028370731471,-2.29088893721372,29.0748847786796,-41.242458420173975,-30.92505071630423
12.06,8.139584824022693,4.438569074390037,-2.289973195062005,29.40427418134465,-41.62152624265222,-30.9969192517662
12.07,8.134210096019856,4.436417190091282,-2.2891719206792547,29.69248990867657,-41.9532105873207,-31.059804220295426
12.08,8.129507209017374,4.4345342913298715,-2.288470805594348,29.944678670092,-42.24343438890561,-31.114828567758497
12.09,7.961045307890203,4.3498862549136375,-2.2436968298950544,30.1653438363305,-42.49738021529241,-31.162974871788684
12.1,7.8136411444039275,4.2758192230494325,-2.2045196011581725,30.35842585678919,-42.71958281338085,-31.205102887815098
12.11,7.684662501353436,4.211010570168254,-2.170239526013401,30.527372624690543,-42.914010086708245,-31.241964901838212
12.12,7.571806188684257,4.154302998897222,-2.1402444602617257,30.675201046604226,-43.08413395086971,-31.274219164108437
12.13,7.473056915098725,4.10468387403507,-2.1139987777290097,29.833301040778696,-40.844242207011,-29.753691768594884
12.14,7.260201675711385,4.011626139780686,-2.0885061805128835,29.096638535681357,-38.88433693113463,-28.423230297520526
12.15,7.073953341247462,3.9302006223081003,-2.066200157948773,28.452058843721186,-37.1694198147428,-27.25907651033046
12.16,6.910986048591529,3.858953294519588,-2.0466823882051766,27.88805161325604,-35.668867337899954,-26.24044194653915
12.17,6.768389667517588,3.7966118827046396,-2.0296043396795294,27.394545286599033,-34.355883920662464,-25.34913670322176
12.18,6.643617834077889,3.7420631473665598,-2.014661047219588,26.962727250774154,-33.20702343057966,-24.569244615319043
12.19,6.5344424798181535,3.69433300394574,-2.0015856663171396,26.584886469427385,-32.2017705017572,-23.886839038404162
12.2,6.438914044840884,3.6525691284525226,-1.990144708027497,26.254275785748963,-31.32217418903755,-23.289734158603643
12.21,6.355326664235774,3.6160257373959572,-1.9801338695240598,25.96499143753034,-30.552527415407855,-22.767267388778187
12.22,6.282187706206302,3.5840502702214625,-1.9713743858335522,25.71186763283905,-29.87908648848187,-22.310108965180916
12.23,6.218191117930514,3.55607173644378,-1.963709837604358,25.490384303734167,-29.289825677421636,-21.910095344533303
12.24,6.1621941031892,3.5315905193883075,-1.957003357903813,25.296586390767395,-28.77422246774393,-21.56008342646664
12.25,6.11319671529055,3.5101694544647692,-1.9511351881658363,21.83701309192147,-26.201194659275938,-19.46444799815831
12.26,6.070324000879231,3.491426022656673,-1.9460005396451068,18.809886455431286,-23.949795326866447,-17.63076699838852
12.27,6.032810375769327,3.475025519824589,-1.9415077221894683,16.161150648502375,-21.97982091100814,-16.026296123589955
12.28,5.999985953798161,3.4606750798465153,-1.9375765069157846,13.843506817439579,-20.25609329713212,-14.62238410814121
12.29,5.897877459573391,3.417742944865701,-1.9345086935513116,11.815568465259632,-18.747831634990607,-13.39396109462356
12.3,5.808532527126717,3.3801773267574884,-1.9318243568573976,10.04112240710218,-17.42810268061678,-12.319090957795614
12.31,5.730355711235878,3.3473074109128023,-1.9294755622502229,8.488482106214407,-16.273339845539684,-11.378579588071164
12.32,5.661950997331393,3.3185462345487022,-1.927420366968945,7.129921842937606,-15.262922364847224,-10.555632139562269
12.33,5.602096872664968,3.2933802052301147,-1.9256220710978267,5.941181612570405,-14.37880706924132,-9.835553122116986
12.34,5.549724513581848,3.2713599295763505,-1.9240485622105983,4.901033910999105,-13.605206185586155,-9.205483981852362
12.35,5.503898699384116,3.252092188379307,-1.9226717419342734,3.9909046721242167,-12.928305412387886,-8.654173484120816
12.36,5.463801111961102,3.2352329148318937,-1.9214670241924892,3.19454158810869,-12.3360172358394,-8.171776798605714
12.37,5.428715722965964,3.220481050477907,-1.920412896168428,2.4977238895951035,-11.817765081359475,-7.7496796987800005
12.38,5.398016007595219,3.207573169168169,-1.9194905341473745,1.8880084033957156,-11.36429444618954,-7.380344736432501
12.39,5.371153756645817,3.196278773022148,-1.9186834673789526,1.3545073529712512,-10.967507640415846,-7.057176644378439
12.4,5.34764928706509,3.1863961763943798,-1.9179772839565834,0.887693933849845,-10.620319185363865,-6.774404563831134
12.41,5.3270828761819535,3.1777489043450826,-1.9173593734620105,2.5398571921186144,-12.469029412193382,-6.715103993352242
12.42,5.309087266659209,3.1701825413019473,-1.916818701779259,3.9855000431037877,-14.08665086066921,-6.663215994183211
12.43,5.293341108326808,3.163561973639204,-1.9163456140568516,5.250437537715815,-15.502069628085557,-6.61781399491031
12.44,5.279563219785957,3.1577689769343036,-1.915931662299745,6.357257845501339,-16.74056104957486,-6.578087245546521
12.45,5.1738426923127125,3.1066126048175158,-1.869419454512277,7.325725614813672,-17.824241043378002,-6.5433263398532056
12.46,5.081337230773624,3.0618507792153262,-1.8287212726982425,8.173134912961963,-18.77246103795575,-6.512910547371554
12.47,5.00039495192692,3.0226841818134105,-1.7931103636109622,8.914618048841717,-19.602153533211283,-6.4862967289501094
12.48,4.929570457936055,2.9884134090867343,-1.761950818159592,9.563415792736503,-20.32813446655987,-6.4630096378313455
12.49,4.867599025694049,2.9584264829508924,-1.734686215889643,10.13111381864444,-20.963367783239885,-6.442633433102427
12.5,4.813374022482293,2.932187922582031,-1.7108296889034378,10.627849591313886,-21.5191969353349,-6.424804253964623
12.51,4.765927144672006,2.9092291822592773,-1.689955227790508,11.06249339239965,-22.00554744341804,-6.409203722219044
12.52,4.724411126588006,2.8891402844768677,-1.6716900743166947,11.442806718349695,-22.431104137990783,-6.395553256941663
12.53,4.688084610764505,2.8715624989172595,-1.6557080650271079,11.775580878555983,-22.803466245741934,-6.383609099823955
12.54,4.6562989094189415,2.856181936552602,-1.6417238068987194,12.066758268736486,-23.12928309002419,-6.37315796234596
12.55,4.628486420741574,2.842723944483527,-1.6294875810363796,12.321538485144425,-23.414372828771167,-6.364013217052715
12.56,4.604150493148877,2.830948201423086,-1.6187808834068322,12.544471174501371,-23.66382635017477,-6.3560115649211255
12.57,4.582856556505267,2.8206444262452,-1.6094125229809784,13.7282874026887,-20.023348056402924,-5.062760119305985
12.58,4.564224361942109,2.8116286229645504,-1.6012152076083561,14.764126602352613,-16.837929549352555,-3.9311651043927363
12.59,4.547921191699345,2.8037397950939815,-1.5940425566573118,15.670485902058536,-14.050688355683487,-2.9410194663436444
12.6,4.533655917736927,2.796837070707234,-1.5877664870751478,16.46355028930122,-11.611852311223052,-2.074642033050689
12.61,4.503223803019811,2.9243941868688297,-1.5190189261907543,17.15748162813857,-9.477870772320172,-1.3165617789193529
12.62,4.476595702642334,3.036006663510226,-1.4588648104169102,17.764671549621248,-7.61063692578015,-0.6532415565544338
12.63,4.4532961148120425,3.133667580571448,-1.4062299591147964,18.295962730918593,-5.976807310057631,-0.07283636198512955
12.64,4.4329089754605375,3.219120883000017,-1.360174464225447,18.76084251455377,-4.547206396300427,0.43501818326301167
12.65,4.41507022852797,3.293892522625015,-1.3198759061972662,19.16761232523455,-3.2963055967628736,0.8793909103551352
12.66,4.399461324961973,3.359317707296888,-1.284614667922608,19.523535909580232,-2.2017673971675142,1.2682170465607432
12.67,4.3858035343417265,3.416564743884777,-1.2537610844322822,19.834969045882705,-1.2440464725215747,1.6084399157406504
12.68,4.373852967549011,3.46665590089918,-1.226764198878247,20.10747304014737,-0.4060406634563779,1.9061349262730691
12.69,4.3633962216053845,3.5104856632867825,-1.2031419240184662,20.34591403512895,0.3272144194756693,2.1666180604889353
12.7,4.354246568904712,3.5488367053759347,-1.182472433516158,20.554549905737833,0.9688126170412106,2.3945408029278186
12.71,4.346240622791623,3.582393867203943,-1.1643866293266383,20.737106292520604,1.5302110399110593,2.593973202561841
12.72,4.3392354199426695,3.61175638380345,-1.1485615506608085,20.89684313095553,2.021434659922177,2.7684765522416113
12.73,4.333105867449836,3.637448585828019,-1.1347146068282075,17.689737739586093,-1.3199947975680948,4.6449169832114094
12.74,4.327742509018607,3.659929262599517,-1.1225985309746815,14.88352052213783,-4.243745572872083,6.286802360309983
12.75,4.323049570391281,3.6795998547745774,-1.1119969646028465,12.428080456870601,-6.802027501263073,7.7234520652712355
12.76,4.318943249092371,3.6968116229277554,-1.1027205940274907,10.279570399761775,-9.04052418860519,8.980520557112332
12.77,4.296201967955824,3.461774170061786,-1.0959528947740542,8.399624099791552,-10.999208790029542,10.08045548747329
12.78,4.276303346961345,3.2561163988040627,-1.0900311579272974,6.754671087317608,-12.71305781627585,11.04289855153913
12.79,4.258892053591177,3.0761658489535546,-1.0848496381863852,5.315337201402907,-14.212675714241367,11.88503623259674
12.8,4.243657171892281,2.9187091178343603,-1.080315808413087,4.055920051227544,-15.524841374961195,12.621906703522146
12.81,4.230326650405745,2.780934478105065,-1.076348707361451,2.9539300448241015,-16.672986328091046,13.266668365581879
12.82,4.218662444105027,2.6603816683419317,-1.0728774939412697,1.9896887892210888,-17.677613162079666,13.830834819884144
12.83,4.2084562635918985,2.5548979597991903,-1.069840182198611,1.1459776905684527,-18.55666164181971,14.324480467398626
12.84,4.199525855642911,2.4625997148242913,-1.0671825344237846,0.40773047924739614,-19.325829061592245,14.756420408973797
12.85,4.191711748687547,2.3818387504712546,-1.0648570926208116,-0.23823583065852838,-19.998850553893217,15.134367857852073
12.86,4.1848744051016045,2.311172906662348,-1.0628223310432101,-0.8034563518262123,-20.587744359656565,15.465071875620565
12.87,4.1788917294639045,2.249340293329554,-1.0610419146628087,-1.2980243078479359,-21.103026439699494,15.754437891167994
12.88,4.173656888280917,2.19523675666336,-1.0594840503299576,-1.730771269366944,-21.553898259737057,16.007633154771995
12.89,4.169076402245802,2.14789616208044,-1.0581209190387129,-0.044424860696075985,-14.016536102269924,11.845428885425495
12.9,4.165068476965077,2.106473141820385,-1.0569281791588738,1.4311282468909334,-7.421344214486184,8.203500149747308
12.91,4.161561542344442,2.070227999092837,-1.0558845317640146,2.7222372160295665,-1.650551312675411,5.016812506028895
12.92,4.158492974551386,2.0385134992062324,-1.0549713402935128,3.851957564025871,3.3988924764090154,2.2284608177752827
12.93,3.754543977732463,2.121213061805453,-0.9762431727568237,4.840462868522637,7.817155791857888,-0.2113469094466276
12.94,3.401088605515905,2.1935751790797715,-0.9073560261622207,5.705405009957308,11.683136192875653,-2.346178670765799
12.95,3.091815154826417,2.2568920316948,-0.847079772891943,6.462229383712644,15.065869043766195,-4.214156461920075
12.96,2.821200885473115,2.3122942777329496,-0.7943380512804501,7.124450710748563,18.02576028829542,-5.848637029180065
12.97,2.5844133997889758,2.360771243016331,-0.7481890448703938,7.703894371904992,20.61566512725849,-7.278807525532557
12.98,2.377224349815354,2.4031885876392893,-0.7078086642615946,8.210907575416869,22.88183186135118,-8.530206709840988
12.99,2.195933931088435,2.440303764184378,-0.6724758312288952,8.65454412848976,24.864727753682285,-9.625180996110863
13.0,2.0373048147023805,2.4727795436613307,-0.6415596023252833,9.042726112428541,26.599761659472,-10.583283496597007
13.01,1.898504337864583,2.501195850703664,-0.6145079020346229,9.382385348374974,28.117916327038003,-11.421623184522382
13.02,1.7770539206315101,2.526060119365706,-0.590837664280295,9.679587179828102,29.44630166115825,-12.155170411457084
13.03,1.6707848055525716,2.5478163544449925,-0.5701262062452581,9.93963878234959,30.60863882851347,-12.79702423502495
13.04,1.5777993298585002,2.566853060139368,-0.5520036804646008,10.167183934555892,31.625683849949286,-13.358646330646831
13.05,1.4964370386261878,2.583510177621947,-0.5361464704065257,7.715035942736405,30.472473368705625,-11.701940539315977
13.06,1.4252450337979146,2.5980851554192035,-0.52227141160571,5.569406449894354,29.46341419761742,-10.25232297190148
13.07,1.3629520295731754,2.610838260991803,-0.5101307351549963,3.6919806436575597,28.580487422915244,-8.983907600413795
13.08,1.3084456508765285,2.6219972283678277,-0.4995076432606218,2.049233063200365,27.80792649505084,-7.874044150362071
13.09,1.3098848195169626,2.525951324821849,-0.43768518785304406,0.6118289303003195,27.131935683169484,-6.902913631566812
13.1,1.3111440920773423,2.4419111592191176,-0.3835905393714136,-0.6458996859872204,26.5404437227733,-6.05317442762096
13.11,1.3122459555676746,2.368376014316728,-0.3362577219499869,-1.7464122252388177,26.02288825742664,-5.30965262416834
13.12,1.3132100861217153,2.304032762527137,-0.29484150670623854,-2.7093606970839654,25.57002722524831,-4.6590710461472975
13.13,1.314053700356501,2.2477324172112447,-0.2586023183679587,-3.5519406099484696,25.173773822092272,-4.089812165378885
13.14,1.3147918628119384,2.1984696150598393,-0.2268930285719639,-4.289198033704911,24.82705209433074,-3.5917106447065246
13.15,1.3154377549604461,2.1553646631773593,-0.1991474000004684,-4.934298279491797,24.5236705825394,-3.155871814118209
13.16,1.3160029105903905,2.1176478302801893,-0.17486997500040985,-5.498760994555322,24.258211759721974,-2.774512837353433
13.17,1.316497421766592,2.0846456014951658,-0.15362722812535862,-5.992665870235907,24.025935289756728,-2.4408237326842537
13.18,1.316930119045768,2.05576865130827,-0.1350398246096888,-6.4248326364564186,23.82269337853714,-2.148845766098722
13.19,1.3173087291650472,2.030501319894736,-0.11877584653347771,-6.802978556899367,23.644856706219997,-1.8933650453363817
13.2,1.3176400130194164,2.008392404907894,-0.104544865716793,-7.133856237286945,23.489249617942498,-1.6698194146693341
13.21,1.3179298863919895,1.9890471042944073,-0.09209275750219388,-7.410249207626077,22.618093540699686,-1.2992169878356674
13.22,1.3181835255929908,1.9721199662576065,-0.08119716281441965,-7.6520930566728165,21.855831973112227,-0.974939864356209
13.23,1.318405459893867,1.9573087204754058,-0.07166351746261719,-7.863706424588714,21.1888531014732,-0.691197381311683
13.24,1.3185996524071337,1.94434888041598,-0.06332157777979004,-8.048868121515126,20.60524658878905,-0.44292270864772254
13.25,1.293671445856242,1.9005546453639826,-0.05949050555731629,-8.210884606325735,20.09459089019042,-0.22568237006675723
13.26,1.2718592651242115,1.8622346896934847,-0.056138317362651756,-8.352649030535018,19.647767153916618,-0.035597073808412594
13.27,1.252773606983685,1.828704728481799,-0.05320515269232029,-8.47669290171814,19.256796384677042,0.13072756041763897
13.28,1.2360736561107244,1.799366012421574,-0.050638633605780255,-8.585231289003373,18.914696961592412,0.2762616153654341
13.29,1.2214611990968838,1.7736946358688772,-0.048392929405057725,-8.68020237787795,18.61535996639336,0.4036039134447548
13.3,1.2086752992097731,1.7512321813852676,-0.04642793822942551,-8.763302080643207,18.35344009559419,0.5150284242641605
13.31,1.1974876368085514,1.731577533712109,-0.044708570950747324,-8.836014320562807,18.12426020864492,0.6125248712311404
13.32,1.1876984322074824,1.7143797169980954,-0.04320412458190391,-8.899637530492456,17.923727807564305,0.6978342623272479
13.33,1.1791328781815469,1.6993316273733334,-0.04188773400916592,-8.955307839180898,17.748261956618766,0.7724799795363418
13.34,1.1716380184088535,1.6861645489516668,-0.040735892258020184,-9.004019359283287,17.59472933704142,0.8377949820942991
13.35,1.1650800161077468,1.6746433553327085,-0.03972803072576766,-9.046641939372876,17.460388294911244,0.8949456093325118
13.36,1.1593417640942782,1.6645623109161198,-0.038846151885046705,-9.083936696951266,17.34283988304734,0.9449524081659478
13.37,1.1543207935824933,1.6557413970516048,-0.03807450789941587,-10.905944734832357,15.437484897666423,1.7193333571452043
13.38,1.1499274443846816,1.6480230974201542,-0.03739931941198889,-12.50020176797831,13.770299285458119,2.3969166875020536
13.39,1.1460832638365963,1.6412695852426349,-0.03680852948549028,-13.895176671981023,12.311511874775853,2.989802101564297
13.4,1.1427196058570217,1.6353602620873056,-0.036291588299803994,-15.115779712983397,11.035072890428872,3.50857683886876
13.41,1.112754780124894,1.5644823543263924,0.006876110237671505,-16.18380737386047,9.918188779125263,3.962504734010165
13.42,1.0865355576092823,1.5024641850355933,0.04464784645796257,-17.11833157712791,8.940915181734605,4.359691642258895
13.43,1.063593737908122,1.448198286906144,0.07769811565071724,-17.93604025498692,8.08580078401778,4.707230186976533
13.44,1.0435196456696068,1.400715626042876,0.10661710119437759,-18.651535348113555,7.337575686015557,5.011326413604467
13.45,1.025954814960906,1.3591682977875164,0.13192121354508038,-19.27759355459936,6.682878725263613,5.277410611903909
13.46,1.0105855880907926,1.3228143855640768,0.15406231185194533,-19.82539448527444,6.110018884605662,5.51023428541592
13.47,0.9971375145794434,1.2910047123685673,0.17343577287045217,-20.304720299615134,5.608766524029954,5.71395499973893
13.48,0.985370450257013,1.2631712483224964,0.19038755126164567,-20.724130387163243,5.17017070852621,5.892210624771564
13.49,0.9750742689748864,1.2388169672821843,0.20522035735393995,-21.091114213767835,4.786399369960434,6.048184296675118
13.5,0.9660651103530256,1.217506971371911,0.21819906268469746,-21.412225062046854,4.45059944871538,6.184661259590729
13.51,0.9581820965588973,1.1988607249504222,0.2295554298491103,-21.693197054290998,4.156774517625958,6.304078602141888
13.52,0.9512844594890351,1.1825452593316195,0.2394922511179715,-21.93904754750462,3.899677702922713,6.408568776874152
13.53,0.9452490270529057,1.168269226915167,0.24818696972822507,-19.109166604066544,-0.7265321349426257,5.043122679764883
13.54,0.9399680236712924,1.155777698550771,0.2557948485121969,-16.633020778558226,-4.774465743074797,3.8483573447942723
13.55,0.9353471457123808,1.1448476112319246,0.2624517424481723,-14.466393181238447,-8.316407650190447,2.802937676694988
13.56,0.9313038774983331,1.135283784827934,0.2682765246421508,-12.57059403358364,-11.41560681891664,1.8881954671081145
13.57,0.9066275178110415,1.0669275617244423,0.28791308406188193,-10.911769779385684,-14.127406091552059,1.0877960337196
13.58,0.8850357030846613,1.0071158665088868,0.30509507355414667,-9.460298556962474,-16.500230455108053,0.38744652950465
13.59,0.8661428651990787,0.9547806331952761,0.32012931435987835,-8.190261237342165,-18.576451773219546,-0.22535928668343125
13.6,0.8496116320491939,0.9089873040458666,0.33328427506489355,-7.078978582674394,-20.393145426567102,-0.7615643758480023
13.61,0.8351468030430447,0.8689181410401333,0.34479486568178186,-6.1066062598400945,-21.982752373246214,-1.230743828867002
13.62,0.8224900776626641,0.8338576234101167,0.35486663247155914,-5.255780477360083,-23.373658451590437,-1.6412758502586269
13.63,0.8114154429548311,0.8031796704838522,0.36367942841261425,-4.511307917690072,-24.59070127014163,-2.0004913689762986
13.64,0.8017251375854773,0.7763364616733707,0.37139062486103747,-3.859894427978813,-25.655613736373923,-2.3148049478542614
13.65,0.7932461203872926,0.7528486539641994,0.37813792175340777,-3.2899076244814616,-26.587412144327182,-2.5898293293724786
13.66,0.785826980338881,0.7322968222186745,0.3840418065342318,-2.791169171421279,-27.402735751286286,-2.830475663200919
13.67,0.7793352327965208,0.7143139694413403,0.38920770571745283,-2.354773024993619,-28.116143907375502,-3.0410412053008042
13.68,0.7736549536969557,0.6985789732611728,0.3937278675027712,-1.9729263968694166,-28.740376043953567,-3.225286054638204
13.69,0.7686847094848362,0.6848108516035263,0.3976830090649248,0.21618940273926035,-29.32157916345937,-2.9315002978084284
13.7,0.7643357457992317,0.6727637451530856,0.40114375793180923,2.131665727396853,-29.830131893026945,-2.674437760582375
13.71,0.7605304025743278,0.6622225270089499,0.4041719131903331,3.807707511472246,-30.275115531398576,-2.449508040509578
13.72,0.7572007272525368,0.6529989611328312,0.40682154904154144,5.274244072538215,-30.664476214973753,-2.252694535445881
13.73,0.7529387613459698,0.6192042159912272,0.36474748041134875,6.557463563470938,-31.005166813102036,-2.080482718515146
13.74,0.7492095411777236,0.5896338139923238,0.3279326703599301,7.68028061803707,-31.303271086464278,-1.9297973787007527
13.75,0.7459464735305082,0.5637597122432834,0.29571971156493887,8.662745540782435,-31.56411232565624,-1.7979477063631586
13.76,0.7430912893391948,0.541119873212873,0.2675333726193215,9.522402348184631,-31.792348409949206,-1.6825792430677637
13.77,0.7405930031717954,0.5213100140612639,0.2428703260419063,10.274602054661553,-31.992054983705557,-1.5816318376842933
13.78,0.738407002775321,0.5039763873036058,0.22129016028666804,10.932776797828858,-32.16679823574236,-1.4933028579737566
13.79,0.7364942524284059,0.4888094638906551,0.20240751525083453,11.508679698100249,-32.319698581274565,-1.4160150007270371
13.8,0.7348205958748553,0.4755384059043232,0.18588520084448024,12.012594735837716,-32.45348638361524,-1.3483881256361574
13.81,0.7333561463904984,0.4639262301662828,0.17142817573892022,12.453520393858,-32.57055071066333,-1.2892146099316377
13.82,0.7320747530916861,0.45376557639549747,0.1587782787715552,12.83933034462575,-32.672981996830416,-1.237437783690183
13.83,0.7309535339552254,0.4448750043460603,0.1477096189251108,13.17691405154753,-32.76260937222661,-1.1921330607289102
13.84,0.7299724672108223,0.4370957538028028,0.13802454155947197,13.472299795104089,-32.841033325698284,-1.1524914281377965
13.85,0.7291140338094696,0.43028890957745247,0.12955009886453797,12.724512320716077,-30.044029159986,-0.9340549996205719
13.86,0.7283629045832859,0.4243329208802709,0.12213496150647073,12.070198280626567,-27.59665051498775,-0.7429231246680005
13.87,0.7277056665103752,0.41912143077023706,0.11564671631816188,11.497673495548245,-25.455194200614283,-0.5756827340845004
13.88,0.7271305831965783,0.41456137692395745,0.10996950177839164,10.996714308604714,-23.5814199255375,-0.4293473923239379
13.89,0.793065010297006,0.30595545480846276,0.0036474390560926884,10.558375020029125,-21.941867434845314,-0.30130396828344574
13.9,0.8507576340098802,0.2109252729574049,-0.0893843658259189,10.174828142525483,-20.50725900548965,-0.18926597224801503
13.91,0.9012386797586452,0.1277738638377293,-0.17078719509767903,9.839224624709797,-19.251976629803444,-0.09123272571701316
13.92,0.9454095947888146,0.05501638085801313,-0.24201467071046914,9.54557154662107,-18.153604551078015,-0.00545363500238652
13.93,0.9840591454402128,-0.008646416749238515,-0.3043387118716605,9.288625103293436,-17.192528982193263,0.06960306937291179
13.94,1.0178775022601863,-0.0643513646555837,-0.3588722478877029,9.063796965381755,-16.351587859419105,0.1352776857012978
13.95,1.0474685644776631,-0.11309319407363574,-0.40658909190174,8.867072344709035,-15.615764376991716,0.19274297498863557
13.96,1.0733607439179553,-0.15574229481443128,-0.44834133041402247,8.694938301620406,-14.971918829867752,0.24302510311505612
13.97,1.096016400928211,-0.19306025796262735,-0.48487453911226963,8.544321013917855,-14.408553976134284,0.28702196522567414
13.98,1.1158401008121845,-0.22571347571729894,-0.516841096723236,8.412530887178123,-13.915609729117499,0.3255192195724649
13.99,1.1331858382106614,-0.25428504125263657,-0.5448118346328314,8.297214526280857,-13.484283512977811,0.3592043171259067
14.0,1.148363358434329,-0.279285161096057,-0.5692862303037275,8.19631271049575,-13.106873073855585,0.3886787774851683
14.01,1.1616436886300379,-0.3011602659590499,-0.5907013265157616,7.600523621683782,-12.019763939623637,-0.040531069700477707
14.02,1.1732639775512832,-0.3203009827141687,-0.6094395357012914,7.079208168973309,-11.068543447170683,-0.41608968598791796
14.03,1.183431730357373,-0.3370491098748976,-0.6258354687386299,6.623057147851645,-10.236225516274347,-0.7447034752394281
14.04,1.1923285140627014,-0.35170372114053544,-0.6401819101463012,6.223925004370189,-9.507947326740053,-1.0322405408344997
14.05,1.1967603248048637,-0.2566830059979685,-0.7019757963780136,5.874684378823916,-8.870703910897547,-1.2838354732301873
14.06,1.2006381592042559,-0.17353988024822242,-0.7560454468307619,5.569098831470926,-8.313115922035353,-1.503981039076414
14.07,1.2040312643037239,-0.10078964521719462,-0.8033563909769167,5.301711477537061,-7.8252264317809335,-1.696608409191862
14.08,1.2070002312657584,-0.0371331895650453,-0.8447534671048021,5.067747542844928,-7.398323127808316,-1.8651573580428793
14.09,1.2095980773575385,0.018566209130585362,-0.880975908716702,4.863029099989312,-7.024782736832277,-2.012637688287519
14.1,1.2118711926878463,0.06730318298926219,-0.9126705451271142,4.683900462490648,-6.697934894728242,-2.1416829772515795
14.11,1.2138601686018655,0.10994803511560441,-0.9404033519862249,4.527162904679317,-6.411943032887212,-2.2545976050951317
14.12,1.2156005225266324,0.14726228072615388,-0.9646695579879468,4.3900175415944025,-6.1617001537763105,-2.35339790445824
14.13,1.2171233322108035,0.17991224563538466,-0.9859024882394535,4.270015348895102,-5.9427376345542715,-2.43984816640096
14.14,1.218455790684453,0.20848096493096158,-1.0044813022095218,4.1650134302832145,-5.751145430234988,-2.51549214560084
14.15,1.2196216918488965,0.2334785943145914,-1.0207377644333315,4.073136751497813,-5.583502251455615,-2.5816806274007353
14.16,1.2206418553677845,0.25535152002526745,-1.034962168879165,3.9927446575605865,-5.436814470023663,-2.6395955489756435
14.17,1.2215344984468115,0.27449033002210904,-1.0474085227692693,4.946151575365513,-2.7840875362707047,-1.8196461053536883
14.18,1.2223155611409602,0.2912367887693454,-1.0582990824231107,5.780382628444824,-0.4629514692368668,-1.1021903421844772
14.19,1.2229989909983403,0.3058899401731772,-1.0678283221202218,6.51033479988922,1.5680425894177414,-0.47441654941141753
14.2,1.2235969921235479,0.3187114476515301,-1.0761664068551942,7.149042949903067,3.3451623907405237,0.07488551926500964
14.21,1.1754691181081043,0.31086014169508885,-0.9918919809982949,7.707912581165183,4.900142216897958,0.5555248293568834
14.22,1.1333572283445912,0.30399024898320276,-0.918151858373508,8.196923508519536,6.260749564785713,0.976084225687273
14.23,1.0965093248015172,0.29797909286030244,-0.8536292510768194,8.624808069954595,7.451280994187499,1.3440736974763638
14.24,1.0642674092013276,0.29271933125276467,-0.7971719696922169,8.99920706121027,8.492995994914061,1.6660644852918183
14.25,1.0360557330511615,0.2881170398461691,-0.7477718484806898,9.326806178558988,9.404496620549804,1.947806424630341
14.26,1.0113705164197664,0.28409003486539797,-0.7045467424206036,9.613455406239115,10.202059667981077,2.1943306215515483
14.27,0.9897709518672956,0.2805664055072232,-0.666724774618028,9.864273480459227,10.899927334483442,2.4100392938576047
14.28,0.9708713328838837,0.27748322981882034,-0.6336305527907745,10.083739295401823,11.510561542673011,2.5987843821254044
14.29,0.9543341662733983,0.2747854510914678,-0.6046731086919277,10.275771883476596,12.044866474838884,2.7639363343597285
14.3,0.9398641454892236,0.27242489470503434,-0.5793353451054367,10.443800398042022,12.512383290484022,2.908444292564763
14.31,0.9272028773030707,0.27035940786690504,-0.557164801967257,10.59082534828677,12.921460504173519,3.0348887559941673
14.32,0.916124267640187,0.2685521068835419,-0.5377655767213498,10.719472179750925,13.279403066151827,3.1455276614948966
14.33,0.9064304841851636,0.26697071852309917,-0.520791254631181,11.71578815728206,10.980727682882849,3.9948367038080344
14.34,0.8979484236620182,0.26558700370771177,-0.5059387228022834,12.587564637621801,8.969386722522493,4.73798211583203
14.35,0.890526620704266,0.2643762532442478,-0.49294275745199795,13.350369057919076,7.209463382207182,5.3882343513530255
14.36,0.8840325431162328,0.26331684658871685,-0.48157128777049824,14.01782292567919,5.669530459431284,5.957205057433897
14.37,0.8911441002267038,0.2672451157651272,-0.31504687679918597,14.601845059969293,4.322089152002373,6.4550544252546596
14.38,0.8973667126983658,0.2706823512944863,-0.16933801719928773,15.11286442747313,3.143078008002077,6.890672622097827
14.39,0.90281149861107,0.2736899323826755,-0.04184276504937676,15.56000637403899,2.111443257001817,7.271838544335599
14.4,0.9075756862846862,0.2763215658348411,0.06971558058179535,15.951255577284115,1.20876284987659,7.605358726293648
14.41,0.9117443504991004,0.27862424510548595,0.16732913300907093,16.2935986301236,0.41891749364201625,7.897188885506942
14.42,0.9153919316867128,0.2806390894673002,0.25274099138293704,16.59314880135815,-0.2721971930632358,8.152540274818575
14.43,0.9185835652258737,0.2824020782838877,0.3274763674600699,16.85525520118838,-0.8769225439303314,8.375972740466253
14.44,0.9213762445726394,0.28394469349840173,0.3928698215275612,17.084598301039833,-1.40605722593904,8.57147614790797
14.45,0.9238198390010595,0.2852944818111015,0.4500890938366161,17.285273513409855,-1.86905007269666,8.742541629419474
14.46,0.925957984125927,0.2864755465847138,0.5001559571070391,17.460864324233622,-2.2741688136095775,8.892223925742039
14.47,0.9278288611101861,0.2875089782616246,0.5439644624686591,17.61450628370442,-2.62864771190838,9.023195935024285
14.48,0.9294658784714129,0.2884132309789215,0.5822969046600768,17.74894299824137,-2.938816747919833,9.13779644314625
14.49,0.9308982686624863,0.2892044521065563,0.6158377915775671,18.509700123461197,-3.5514646544298536,8.612446887752968
14.5,0.9321516100796755,0.28989677059323676,0.6451860676303712,19.17536260802855,-4.087531572626122,8.152766026783848
14.51,0.933248283819716,0.29050254926908214,0.6708658091765748,19.757817282024984,-4.5565901260478565,7.750545273435867
14.52,0.9342078733422515,0.29103260561044686,0.6933355830295029,20.267465121771863,-4.967016360291874,7.398602114256383
14.53,0.9350475141744701,0.291496404909141,0.712996635150815,20.71340698155038,-5.326139315255389,7.090651849974336
14.54,0.9357821999026613,0.2919022292954984,0.7302000557569631,21.103606108856585,-5.640371900848466,6.821195368727544
14.55,0.8355692999148286,0.3380400756335611,0.5978130487873426,21.445030345249513,-5.9153254132424085,6.585420947636601
14.56,0.7478830124254751,0.37841069117936593,0.48197441768892485,21.743776552093326,-6.155909736587107,6.379118329182027
14.57,0.6711575108722907,0.4137349797819452,0.38061561547780925,22.005179483081662,-6.366421019513719,6.198603538034273
14.58,0.6040226970132543,0.444643732309202,0.2919266635430831,22.233907047696455,-6.5506183920745045,6.040653095779989
14.59,0.5452797348865974,0.47168889077055176,0.2143238306001977,22.4340436667344,-6.711791093065191,5.902446458807491
14.6,0.4938796430257727,0.49535340442423276,0.14642135177517296,22.6091632083926,-6.852817206432043,5.781515651456555
14.61,0.4489045626475511,0.5160598538712037,0.08700668280327634,22.762392807343527,-6.976215055628037,5.675701195024486
14.62,0.4095513673166072,0.5341779971373032,0.0350188474528668,22.896468706425587,-7.084188173674532,5.583113545646425
14.63,0.37511732140203125,0.5500313724951403,-0.010470508478741553,23.01378511812239,-7.1786646519652155,5.502099352440622
14.64,0.34498753122677733,0.5639030759332478,-0.05027369491889886,23.11643697835709,-7.261331570469563,5.431211933385544
14.65,0.31862396482343014,0.5760408164415919,-0.0851014830540365,22.090632481062453,-6.506790124160868,4.034810441712351
14.66,0.29555584422050135,0.586661339386393,-0.11557579767228193,21.193053545929647,-5.84656635864076,2.812959136498307
14.67,0.27537123869293867,0.5959542969630939,-0.1422408229632467,20.40767197768844,-5.268870563810665,1.7438392444360187
14.68,0.25770970885632133,0.6040856348427072,-0.16557272009284085,19.720463105477386,-4.763386743334332,0.8083593388815162
14.69,0.27314087024928113,0.6911616804873688,-0.23307175508123573,19.11915534229271,-4.321088400417541,-0.010185578478673296
14.7,0.286643136468121,0.7673532204264477,-0.29213341069608123,18.59301104950612,-3.934077350365349,-0.7264123811688392
14.71,0.2984576194096059,0.8340208178731418,-0.34381235935907106,18.132634793317855,-3.5954426815696805,-1.3531108335227344
14.72,0.30879529198340516,0.8923549656389991,-0.38903143943918717,17.729805569153122,-3.299137346373471,-1.9014719793323926
14.73,0.3178407554854795,0.9433973449341242,-0.42859813450928874,17.37732999800898,-3.039870178076787,-2.3812879819158437
14.74,0.32575553604979457,0.9880594268173587,-0.46321899269562766,17.06891387325786,-2.813011405817189,-2.8011269841763635
14.75,0.33268096904357025,1.0271387484651888,-0.4935122436086742,16.799049764100626,-2.6145099800900407,-3.1684861111543183
14.76,0.33874072291312396,1.0613331549070402,-0.5200188381575899,16.562918668588047,-2.4408212325787857,-3.4899253472600282
14.77,0.3440430075489834,1.09125326054366,-0.5432121083878911,16.35630396001454,-2.288843578506438,-3.771184678852525
14.78,0.3486825066053605,1.1174333529757026,-0.5635062198394047,16.17551609001272,-2.1558631311931333,-4.017286593995959
14.79,0.35274206827969046,1.1403409338537398,-0.5812635673594791,16.01732670376113,-2.039505239793992,-4.232625769746464
14.8,0.3562941847447292,1.1603850671220224,-0.5968012464395442,15.87891099079099,-1.9376920848197428,-4.421047548528157
14.81,0.3594022866516381,1.1779236837317697,-0.6103967156346012,12.047796991942118,-1.866105574217275,-6.694666729962137
14.82,0.3621218758201833,1.1932699732652985,-0.622292751180276,8.695572242949353,-1.8034673774401155,-8.68408351371687
14.83,0.36450151634266037,1.2066979766071362,-0.6327017822827415,5.762375587580684,-1.748658955260101,-10.42482319950226
14.84,0.3665837017998278,1.218447479531244,-0.6418096844973988,3.1958285141330984,-1.7007015858525885,-11.947970424564478
14.85,0.3124292390748493,1.1717901695898385,-0.658476223935224,0.9500998248664612,-1.658738887621015,-13.280724246493918
14.86,0.26504408419049313,1.1309650233911086,-0.6730594459433209,-1.0149127782418466,-1.6220215266683882,-14.446883840682178
14.87,0.2235820736666815,1.09524302046722,-0.6858197652004058,-2.7342988059616156,-1.5898938358348398,-15.467273485596905
14.88,0.18730281445834632,1.0639862679088177,-0.696985044550355,-4.238761580216414,-1.5617821063554849,-16.360114424897294
14.89,0.15555846265105303,1.0366366094202155,-0.7067546639815606,-5.555166507689362,-1.5371843430610492,-17.141350246785134
14.9,0.1277821548196714,1.0127056582426885,-0.7153030809838655,-6.707020819228192,-1.515661300178418,-17.82493159093699
14.91,0.10347788546721247,0.9917660759623526,-0.7227829458608823,-7.714893341824668,-1.4968286376561157,-18.42306526706987
14.92,0.0822116497838109,0.9734439414670584,-0.729327827628272,-8.596781799096584,-1.4803500579491014,-18.94643223368614
14.93,0.06360369356083453,0.957412073783676,-0.7350545991747379,-9.368434199209512,-1.4659313007054637,-19.40437832947537
14.94,0.04732173186573022,0.9433841895607165,-0.7400655242778956,-10.043630049308323,-1.4533148881172808,-19.80508116329095
14.95,0.03307501538251394,0.931109790865627,-0.7444500837431587,-10.634426418144784,-1.4422755271026209,-20.155696142879584
14.96,0.0206091384596997,0.9203696920074236,-0.7482865732752638,-11.151373240876687,-1.4326160862147932,-20.46248425001964
14.97,0.009701496152237239,0.9109721055064957,-0.7516435016158558,-12.8330765857671,-2.618539075437944,-20.114048718767187
14.98,0.00015730913320758343,0.9027492173181837,-0.7545808139138738,-14.304567012546213,-3.6562216910082013,-19.80916762892129
14.99,-0.008193854508443364,0.8955541901534108,-0.7571509621746395,-15.592121135977937,-4.564193979632176,-19.54239667530613
15.0,-0.015501122694887945,0.8892585413842344,-0.7593998419028095,-16.718730993980696,-5.358669732178154,-19.308972090892865
15.01,-0.002990482358026951,0.9356432237112051,-0.6926684866649583,-17.704514619733107,-6.053836015655884,-19.10472557953126
15.02,0.007956327936726418,0.9762298207473045,-0.6342785508318385,-18.56707529226647,-6.662106513698899,-18.926009882089854
15.03,0.017534786944635616,1.0117430931538913,-0.5831873569778586,-19.32181588073316,-7.1943431994865366,-18.769633646828623
15.04,0.025915938576556163,1.042817206509655,-0.5384825623556263,-19.98221389564151,-7.660050299550719,-18.632804440975047
15.05,0.03324944625448664,1.0700070556959482,-0.49936586706117303,-20.56006215868632,-8.067544012106879,-18.51307888585317
15.06,0.039666265472675814,1.0937981737339548,-0.4651387586785264,-21.06567938885053,-8.42410101059352,-18.408319025121525
15.07,0.045280982288591336,1.1146154020172105,-0.4351900388437106,-21.508094465244213,-8.73608838426933,-18.316654146981335
15.08,0.05019385950251742,1.1328304767650592,-0.4089849089882468,-21.895207657088687,-9.009077336235663,-18.23644737860867
15.09,0.05449262706470274,1.1487686671694268,-0.38605542036471596,-22.2339316999526,-9.247942669206205,-18.166266456282585
15.1,0.05825404868161489,1.1627145837732484,-0.36599211781912644,-22.530315237458524,-9.45694983555543,-18.104858149247264
15.11,0.06154529259641303,1.1749172608015925,-0.34843672809173565,-22.789650832776207,-9.639831106111,-18.051125880591357
15.12,0.0644251310218614,1.1855946032013935,-0.3330757620802687,-23.01656947867918,-9.799852217847125,-18.004110145517437
15.13,0.06694498964412872,1.1949372778012195,-0.3196349168202351,-21.998873168844284,-9.069245690616233,-15.337971377327756
15.14,0.06914986593861264,1.203112118076067,-0.3078741772177057,-21.10838889773875,-8.429964979289204,-13.005099955161786
15.15,0.07107913269628606,1.2102651033165588,-0.2975835300654925,-20.329215160521407,-7.870594356878054,-10.963837460766563
15.16,0.0727672411092503,1.216523965401989,-0.28857921380730595,-19.64743814045623,-7.381145062268297,-9.177732778170741
15.17,0.149462460970594,1.0808375947267403,-0.2159249370813927,-19.0508832478992,-6.95287692948476,-7.614891180899399
15.18,0.21657077834926977,0.9621120203858978,-0.15235244494621863,-18.5288977169118,-6.578142313299165,-6.2474047832869735
15.19,0.27529055605561104,0.8582271428376607,-0.09672651432794131,-18.072160377297827,-6.250249524136769,-5.050854185376101
15.2,0.3266703615486597,0.7673278749829531,-0.04805382503694865,-17.6725152051356,-5.963343333619672,-4.003872412204088
15.21,0.3716276913550772,0.6877910156100839,-0.0054652219073300645,-17.32282567949365,-5.712300416917213,-3.087763360678577
15.22,0.41096535493569253,0.6181962636588235,0.03179980583108619,-17.016847344556943,-5.49263786480256,-2.286167940593755
15.23,0.44538581056873094,0.5573008557014706,0.06440670510220042,-16.749116301487327,-5.30043313170224,-1.5847719480195357
15.24,0.4755037092476395,0.5040173737387867,0.09293774196442536,-16.51485163880141,-5.13225399023946,-0.9710504545170936
15.25,0.5018568705916846,0.4573943270214384,0.11790239921887219,-16.309870058951233,-4.985097241459527,-0.4340441477024569
15.26,0.524915886767724,0.4165991611437586,0.13974647431651316,-16.130511176582328,-4.8563350862770855,0.035836370760350233
15.27,0.5450925259217585,0.3809033910007888,0.15886004002694903,-15.973572154509537,-4.74366820049245,0.4469818244153065
15.28,0.5627470851815387,0.3496695921256902,0.17558441002358038,-15.836250510195844,-4.645084675430893,0.8067340963633932
15.29,0.5781948245338464,0.3223400181099789,0.19021823377063285,-13.624844196421364,-4.598199091002032,-0.30910766568203085
15.3,0.5917115964671156,0.29842664084623155,0.20302282954930373,-11.689863671868693,-4.557174204626778,-1.2854692074717768
15.31,0.6035387719087261,0.2775024357404526,0.21422685085564075,-9.996755712885106,-4.52127742904843,-2.1397855565378046
15.32,0.6138875504201353,0.25919375627289604,0.22403036949868566,-8.515286248774467,-4.4898677504173765,-2.887312361970579
15.33,0.5033126066176185,0.275810911738784,0.13814307331134995,-7.21900046767766,-4.462384281615204,-3.5413983167242566
15.34,0.4065595307904161,0.29035092277143604,0.0629916891474312,-6.0847504092179525,-4.438336246413304,-4.1137235271337245
15.35,0.3219005894416141,0.3030734324250065,-0.002765771995997701,-5.092281608065709,-4.417294215611641,-4.614508086242009
15.36,0.24782401576141233,0.3142056283718807,-0.060303550496497986,-4.223871407057495,-4.398882438660186,-5.052694575461757
15.37,0.1830070137912358,0.32394629982539563,-0.11064910668443573,-3.4640124811753084,-4.382772133827663,-5.436107753529037
15.38,0.1262921370673313,0.3324693873472212,-0.15470146834888127,-2.7991359210283946,-4.368675617099205,-5.771594284337907
15.39,0.07666661993391488,0.33992708892881857,-0.19324728480527112,-2.217368930899845,-4.356341164961805,-6.0651449987956685
15.4,0.03324429244217552,0.34645257781271627,-0.22697487420461224,-1.7083228145373646,-4.345548519341579,-6.32200187394621
15.41,-0.004750244113096422,0.35216238058612676,-0.2564865149290357,-1.262907462720194,-4.336104954423881,-6.546751639702934
15.42,-0.03799546359895937,0.3571584580128609,-0.2823092005629062,-0.8731690298801698,-4.327841835120896,-6.743407684740067
15.43,-0.06708503064908944,0.36153002576125326,-0.30490405049254293,-0.5321479011451484,-4.320611605730784,-6.915481724147559
15.44,-0.09253840181795325,0.3653551475410966,-0.324674544180975,-0.23375441350200488,-4.314285155014437,-7.066046508629113
15.45,-0.11481010159070909,0.3687021290984595,-0.34197372615835314,-0.7295351118142543,-5.489999510637632,-6.340290695050474
15.46,-0.13429783889187047,0.3716307379611521,-0.35711051038855895,-1.1633432228374727,-6.518749571807928,-5.705254358169165
15.47,-0.15134960903038666,0.37419327071600805,-0.37035519658998906,-1.5429253199827886,-7.418905875331936,-5.149597563398019
15.48,-0.16626990790158833,0.3764354868765071,-0.3819442970162404,-1.8750596549849399,-8.206542640915444,-4.663397867973266
15.49,-0.07702866941388978,0.34201855101694373,-0.42911025988921037,-2.1656771981118226,-8.895724810801013,-4.237973134476608
15.5,0.0010574142628464456,0.3119037321398258,-0.4703804774030591,-2.4199675483478447,-9.498759209450887,-3.865726492667032
15.51,0.06938273747999064,0.2855532656223476,-0.5064919177276768,-2.642471604804364,-10.026414308269526,-3.540010681083653
15.52,0.12916739529499183,0.26249660741955416,-0.5380894280117172,-2.8371626542038184,-10.488112519735836,-3.2550093459481966
15.53,0.18147897088311785,0.24232203149210987,-0.5657372495102526,-3.007517322428341,-10.892098454768856,-3.0056331777046723
15.54,0.2272515995227281,0.22466927755559613,-0.589929093321471,-3.156577657124798,-11.245586147922749,-2.7874290304915883
15.55,0.2673026495823871,0.2092231178611466,-0.6110969566562872,-3.287005449984198,-11.554887879432405,-2.59650040168014
15.56,0.3023473183845887,0.1957077281285033,-0.6296188370742513,-3.401129768736173,-11.825526894503355,-2.429437851470123
15.57,0.33301140358651515,0.18388176211244037,-0.6458254824399698,-3.5009885476441513,-12.062336032690435,-2.2832581200363578
15.58,0.35984247813820075,0.1735340418483853,-0.6600062971349736,-3.5883649791886323,-12.26954402860413,-2.1553508550318132
15.59,0.3833196683709257,0.16447978661733714,-0.6724145099931019,-3.664819356790053,-12.450851025028614,-2.043431998152837
15.6,0.40386220982455995,0.15655731329017,-0.6832716962439642,-3.731716937191296,-12.609494646900037,-1.9455029983837322
15.61,0.42183693359648994,0.14962514912889874,-0.6927717342134687,-4.030877320042384,-10.766432816037533,-2.0829401235857654
15.62,0.4375648168969287,0.1435595054877864,-0.7010842674367851,-4.292642655037086,-9.15375371403284,-2.203197608137545
15.63,0.4513267147848126,0.13825206730181308,-0.7083577340071869,-4.52168732315745,-7.742659499778735,-2.308422907120352
15.64,0.46336837543671106,0.13360805888908645,-0.7147220172562886,-4.722101407762769,-6.507952062306393,-2.4004950437303076
15.65,0.47290257850712214,0.12510167652795065,-0.6613258900992525,-4.897463731792422,-5.427583054518094,-2.481058163264019
15.66,0.4812450061937319,0.11765859196195681,-0.6146042788368459,-5.05090576531837,-4.482260172703333,-2.5515508928560164
15.67,0.48854463041951535,0.1111458929667122,-0.5737228689822401,-5.185167544653574,-3.655102651115416,-2.613232031249014
15.68,0.49493180161707595,0.10544728134587318,-0.5379516353594601,-5.302646601571877,-2.931339819725989,-2.6672030273428877
15.69,0.5005205764149414,0.10046099617763903,-0.5066518059395276,-5.405440776375392,-2.29804734226024,-2.714427648925027
15.7,0.5054107543630737,0.09609799665543414,-0.47926445519708666,-5.495385679328468,-1.7439164244777101,-2.7557491928093985
15.71,0.5096896600676895,0.09228037207350487,-0.4553005232974508,-5.57408746941241,-1.2590518714179963,-2.791905543708224
15.72,0.5134337025592283,0.08893995056431676,-0.4343320828852694,-5.642951535735858,-0.8347953874907468,-2.823542350744696
15.73,0.5167097397393248,0.08601708174377716,-0.41598469752461076,-5.703207593768876,-0.46357096405440346,-2.8512245569016095
15.74,0.5195762722719092,0.083459571525805,-0.3999307353340344,-5.755931644547767,-0.13874959354760308,-2.875446487288908
15.75,0.5220844882379205,0.08122175008507938,-0.3858835184172801,-5.802065188979296,0.14546910564584728,-2.8966406763777943
15.76,0.5242791772081804,0.07926365632444446,-0.3735922036151201,-5.842432040356884,0.39416046744011635,-2.9151855918305705
15.77,0.5261995300571578,0.0775503242838889,-0.36283730316323004,-5.877753035312273,0.6117654090101018,-2.9314123928517493
15.78,0.5278798388000131,0.07605115874840279,-0.3534267652678263,-5.908658905898239,0.8021697328838391,-2.945610843745281
15.79,0.5293501089500114,0.07473938890485245,-0.345192544609348,-5.93570154266096,0.9687735162733592,-2.9580344882771206
