time,ax_filtered,ay_filtered,az_filtered,wx_filtered,wy_filtered,wz_filtered
0.0,3.34039,-4.621767,13.48989,0.105,-0.07,0.035
0.01,3.34039,-4.621767,13.48989,0.105,-0.07,0.035
0.02,3.34039,-4.621767,13.48989,0.105,-0.07,0.035
0.03,3.34039,-4.621767,13.48989,0.105,-0.07,0.035
0.04,3.34039,-4.621767,13.48989,0.105,-0.07,0.035
0.05,3.34039,-4.621767,13.48989,0.105,-0.07,0.035
0.06,3.34039,-4.621767,13.48989,0.105,-0.07,0.035
0.07,3.34039,-4.621767,13.48989,0.105,-0.07,0.035
0.08,3.34039,-4.621767,13.48989,0.105,-0.07,0.035
0.09,3.34039,-4.621767,13.48989,0.105,-0.07,0.035
0.1,3.34039,-4.621767,13.48989,0.105,-0.07,0.035
0.11,3.34039,-4.621767,13.48989,0.105,-0.07,0.035
0.12,3.34039,-4.621767,13.48989,0.105,-0.07,0.035
0.13,3.34039,-4.621767,13.48989,0.105,-0.07,0.035
0.14,3.34039,-4.621767,13.48989,0.105,-0.07,0.035
0.15,3.34039,-4.621767,13.48989,0.105,-0.07,0.035
0.16,2.8290363750000003,-3.7630626250000003,12.28282925,0.105,-0.07,0.035
0.17,2.381601953125,-3.0116962968750003,11.22665109375,0.105,-0.07,0.035
0.18,1.9900968339843752,-2.354250759765625,10.30249520703125,0.105,-0.07,0.035
0.19,1.6475298547363284,-1.7789859147949216,9.493858806152343,0.105,-0.07,0.035
0.2,1.3477837478942873,-1.2756291754455564,8.7863019553833,0.105,-0.07,0.035
0.21,1.0855059044075015,-0.8351920285148617,8.167189710960386,0.105,-0.07,0.035
0.22,0.8560127913565638,-0.449809524950504,7.625466497090338,0.105,-0.07,0.035
0.23,0.6552063174369933,-0.11259983433169102,7.151458684954046,0.105,-0.07,0.035
0.24,0.4795006527573691,0.18245864495977035,6.736701849334791,0.105,-0.07,0.035
0.25,0.32575819616269797,0.44063481433979906,6.373789618167942,-1.0281250000000002,-19.950001,-7.8968750000000005
0.26,0.1912335466423607,0.6665389625473241,6.05624141589695,-2.0196093750000004,-37.345001875,-14.837265625
0.27,0.07352447831206561,0.8642050922289086,5.778386738909831,-2.8871582031250007,-52.565627640625,-20.910107421875
0.28,-0.02947095647694259,1.037162955700295,5.535263896546103,-3.6462634277343757,-65.88367518554688,-26.223843994140623
0.29,-0.11959196191732477,1.188501086237758,5.32253140947784,-4.3104804992675785,-77.53696678735352,-30.873363494873047
0.3,-0.19844784167765916,1.3209219504580383,5.13639048329311,-4.8916704368591315,-87.73359693893433,-34.94169305801392
0.31,-0.26744673646795175,1.4367902066507836,4.973517172881471,-5.40021163225174,-96.65564832156754,-38.50148142576218
0.32,-0.32782076940945776,1.5381749308194357,4.831003026271287,-5.845185178220273,-104.46244328137159,-41.61629624754191
0.33,0.9977800767667246,-1.2271741855329936,3.258462397987376,-6.234537030942739,-111.29338887120014,-44.34175921659917
0.34,2.157680817170884,-3.6468546623413696,1.8824893482389542,-6.575219902074896,-117.27046626230012,-46.72653931452428
0.35,3.1725939650245234,-5.764075079548698,0.6785129297090849,-6.873317414315534,-122.5004089795126,-48.813221900208745
0.36,4.060642969396458,-7.616642944605111,-0.37496643650455075,-7.134152737526092,-127.07660885707352,-50.63906916268265
0.37,4.8376858482219,-9.237639826529472,-1.296760881941482,-7.36238364533533,-131.08078374993931,-52.236685517347325
0.38,5.517598367194163,-10.656012098213289,-2.103331021698797,-7.5620856896684145,-134.5844367811969,-53.63459982767891
0.39,6.112521821294893,-11.897087835936627,-2.809079893986447,-7.736824978459863,-137.65013318354727,-54.85777484921905
0.4,6.633079843633031,-12.983029106444548,-3.4266101572381413,-7.88972185615238,-140.33261753560384,-55.92805299306667
0.41,7.088568113178902,-13.93322771813898,-3.9669491375833736,-33.84475749913334,-100.91603959365337,-79.58829549393334
0.42,7.48712034903154,-14.764651503371606,-4.439745745385452,-56.55541368674167,-66.42653389444669,-100.29100768219166
0.43,7.835853555402597,-15.492147315450154,-4.853442777212271,-76.42723785089896,-36.248216407640854,-118.40588084691771
0.44,8.140995110977272,-16.128706151018886,-5.215427680060737,-93.8150839945366,-9.842188606685745,-134.256394866053
0.45,8.407993972105114,-16.685695132141525,-5.532164470053145,-109.02944937021951,13.263085719149974,-148.12559463279638
0.46,8.641617975591974,-17.173060490623836,-5.809309161296501,-122.34201907394208,33.48020075425623,-160.2611444286968
0.47,8.846038978642977,-17.599505179295857,-6.051810766134438,-133.99051756469933,51.170176409974204,-170.8797505001097
0.48,9.024907356312603,-17.972644281883873,-6.2639996703676335,-144.18295374411193,66.64890510872743,-180.17103081259597
0.49,4.059474936773528,-16.80745187164839,-6.29615446157168,-153.10133540109794,80.19279272013651,-188.30090108602147
0.5,-0.2852784303231628,-15.78790851269234,-6.32428990387522,-160.9049193509607,92.04369438011945,-195.41453757526878
0.51,-4.086937626532768,-14.895808073605798,-6.3489084158908184,-167.73305530709064,102.41323333260452,-201.6389695033602
0.52,-7.413389423216172,-14.115220189405074,-6.370449613904466,-173.70767426870432,111.48657991602896,-207.08534744044016
0.53,-10.324034745314151,-13.432205790729439,-6.389298162166407,-178.9354658601163,119.42575817652533,-211.85092813538512
0.54,-12.870849402149883,-12.834568191888259,-6.4057906418956065,-183.50978350260178,126.37253915445967,-216.02081124346196
0.55,-15.099312226881146,-12.311635292902228,-6.420221561658655,-187.51231143977657,132.4509725101522,-219.6694589630292
0.56,-17.049217198521003,-11.85406900628945,-6.432848616451324,-191.0145233848045,137.76960169638318,-222.86202571765054
0.57,-18.755384048705878,-11.453698505503269,-6.443897289394908,-192.09708383670394,177.00340173433528,-173.77677200294423
0.58,-20.248280042617644,-11.10337431731536,-6.4535648782205435,-193.04432423211597,211.33297676754336,-130.8271750025762
0.59,-21.55456403729044,-10.79684065265094,-6.462024018442975,-193.87315957810148,241.3713549216004,-93.24627762725417
0.6,-22.697562532629135,-10.528623696069573,-6.4694257661376025,-194.5983905058388,267.6549358064004,-60.3629924238474
0.61,-23.697686216050492,-10.293933859060877,-6.4759022953704015,-195.23296756760897,290.65306908060035,-31.590117870866475
0.62,-24.57279443904418,-10.088580251678268,-6.481569258449101,-195.78822249665785,310.7764356955253,-6.413852637008166
0.63,-25.33851413416366,-9.908895845218485,-6.486527851142963,-196.27407055957562,328.38438148358466,15.615379442617856
0.64,-26.008518867393203,-9.751671989566175,-6.490866619750092,-196.69918761462867,343.7913340481366,34.890957512290626
0.65,-25.154299383969054,-7.723079365870403,-3.47558879228133,-197.07116503780009,357.27241754211957,51.757088323254294
0.66,-24.406857335972923,-5.948060820136602,-0.8372206932461639,-197.3966452830751,369.06836559935465,66.51495278284752
0.67,-23.752845543976306,-4.394919592619527,1.4713513934096065,-197.68144049769072,379.3898201494353,79.42808418499158
0.68,-23.180585225979264,-3.0359210185420857,3.491351969233406,-197.93063631047937,388.4210928807559,90.72707416186763
0.69,-22.679857447731855,-1.8467972662243248,5.25885247307923,-198.14868264666947,396.3234565206614,100.61369039163418
0.7,-22.241720641765376,-0.8063139829462842,6.805415413944326,-198.3394731908358,403.23802470557877,109.2644795926799
0.71,-21.858350936544703,0.10410888992200129,8.158657987201286,-198.50641491698133,409.2882718673814,116.83392014359492
0.72,-21.522902444476614,0.9007289036817512,9.342745238801125,-198.65248892735866,414.58223813395875,123.45718062564556
0.73,-21.22938501391704,1.5977714157215324,10.378821583950984,-178.65092768643882,386.8657094922139,151.59128192243986
0.74,-20.97255726217741,2.207683613756341,11.285388385957111,-161.14956160063397,362.61374693068717,176.20862055713485
0.75,-20.74783297940523,2.7413567870367985,12.078634337712472,-145.83586627555474,341.3932796893513,197.74879186249296
0.76,-20.551199231979574,3.2083208136571986,12.772724545498413,-132.4363828661104,322.82537085318233,216.59644175468134
0.77,-20.379144702982124,3.6169143369500487,13.38005347731111,-120.71183488284659,306.57845062153456,233.08813541034618
0.78,-20.22859699010936,3.9744336698312925,13.911466292647221,-110.45285539749077,292.36239541884277,247.5183673590529
0.79,-20.09686774134569,4.2872630861023815,14.376452506066318,-101.47624834780441,279.92334711648743,260.1448203141713
0.8,-19.981604648677475,4.560988825339583,14.783315442808028,-93.62171717932887,269.0391798519265,271.19296664989986
0.81,-15.544800192592788,5.671430722172135,13.504308637457024,-86.74900240691275,259.5155334954357,280.86009469366235
0.82,-11.662596293518689,6.643067381900619,12.385177682774895,-80.73537698104866,251.18234293350625,289.31883173195456
0.83,-8.265667881828852,7.493249459163041,11.405938097428033,-75.47345473341758,243.89080119181796,296.7202266404602
0.84,-5.293355521600246,8.23715877676766,10.549103460249528,-70.86927276674038,237.51070216784072,303.1964471854027
0.85,-2.692582206400215,8.888079429671704,9.799373152718337,-66.84061354589784,231.92811552186063,308.86314016222735
0.86,-0.41690555560018816,9.45763500096274,9.143359133628545,-63.31553672766061,227.04335220662804,313.8214965169489
0.87,1.5743115138498354,9.955996125842399,8.569346866924976,-60.23109451170303,222.76918430579954,318.16005832733026
0.88,3.3166264496186058,10.392062110112098,8.067086133559354,-57.53220757274015,219.0292873925746,321.95629991141396
0.89,4.84115201841628,10.773619846348087,7.6276079918644335,-50.46318162614763,157.67437634350276,296.5167626724872
0.9,6.175111891114245,11.107482865554577,7.2430646178813785,-44.27778392287918,103.98882917556492,274.2571675884263
0.91,7.3423267797249645,11.399613007360255,6.906589165646206,-38.86556093251929,57.013975403619305,254.780021889873
0.92,8.363639807259345,11.655226881440223,6.61217314494043,-34.129865815954375,15.91097835316689,237.73751940363888
0.93,9.257288706351927,11.878889021260195,6.354559126822876,-29.98613258896008,-20.05414406597897,222.82532972818402
0.94,10.039231493057937,12.07459339360267,6.129146860970016,-26.360366015340066,-51.523626182731604,209.77716376216102
0.95,10.723431431425695,12.245834719402337,5.931911128348764,-23.187820263422555,-79.05942303489016,198.3600185418909
0.96,11.322106377497484,12.395670879477045,5.759329862305169,-20.411842730494733,-103.15324528052889,188.37001647415454
0.97,7.248880080310299,4.094910769542413,3.670158129517023,-17.98286238918289,-124.2353397454628,179.62876466488524
0.98,3.684807070271511,-3.168254326650388,1.8421328633273952,-15.857504590535031,-142.68217240227995,171.9801693317746
0.99,0.5662431864875721,-9.52352378581909,0.24261075541147092,-13.997816516718153,-158.82315097699495,165.28764841530278
1.0,-2.1625002118233745,-15.084384562591705,-1.156971089014963,-12.370589452128383,-172.9465072298706,159.43169261338994
1.01,-4.550150685345453,-19.950137742267742,-2.3816052028880925,-10.946765770612336,-185.3044439511368,154.3077312867162
1.02,-6.639344849677271,-24.207671774484275,-3.453160052527081,-9.700920049285795,-196.1176385822447,149.82426512587668
1.03,-8.467389743467612,-27.93301405267374,-4.390770545961196,-8.61080504312507,-205.57918388446413,145.9012322351421
1.04,-10.06692902553416,-31.192688546089524,-5.211179727716047,-7.656954412734437,-213.85803602390612,142.46857845574934
1.05,-11.46652589734239,-34.044903727828334,-5.929037761751541,-3.037960236142632,-247.55765602091785,86.23875427378067
1.06,-12.691173160174591,-36.54059201184979,-6.5571635415325975,1.0036596683751968,-277.04482351830313,37.03765811455809
1.07,-13.762739515152768,-38.72431926036857,-7.106773598841023,4.540077084828297,-302.84609507851525,-6.013301024761674
1.08,-14.700360075758672,-40.63508060282249,-7.587682398985896,7.634442324224761,-325.42220769370084,-43.682890271666466
1.09,-15.52077806628884,-42.30699677746968,-8.008477599112659,10.342011908696666,-345.17630623198824,-76.64378086270816
1.1,-16.238643808002735,-43.769923430285964,-8.376673399223577,12.711135295109584,-362.4611424529897,-105.48456012986964
1.11,-16.86677633200239,-45.04998425150021,-8.69884472432063,14.784118258220886,-377.58537414636595,-130.72024198863593
1.12,-17.416392290502092,-46.17003747006268,-8.980744633780551,16.597978350943276,-390.8190768780702,-152.80146361505643
1.13,-13.686783254189331,-38.56023666130485,-7.106908179557982,18.185105932075366,-402.3985667683114,-172.12253253817437
1.14,-10.423375347415664,-31.901660953641745,-5.467301282113233,19.573842565565943,-412.5306204222725,-189.02846784590258
1.15,-7.567893428988707,-26.075407209436527,-4.0326452468490785,20.7889871198702,-421.3961673694884,-203.82116124016477
1.16,-5.069346750365119,-20.97743518325696,-2.7773212159929437,21.852238604886423,-429.15352094830234,-216.76476796014418
1.17,-2.883118406569479,-16.51670966034984,-1.6789126889938255,22.78258365427562,-435.94120532976456,-228.09042384012616
1.18,-0.9701686057482941,-12.613574827806108,-0.7178052278695972,23.596635572491166,-441.88042916354397,-238.00037273511037
1.19,0.7036624699702426,-9.198331849330344,0.12316380061410248,24.30893100092977,-447.077250018101,-246.67157801822157
1.2,2.1682646612239624,-6.209994243164052,0.8590117005373397,24.93218950081355,-451.62446826583835,-254.25888264094385
1.21,3.4497915785709674,-3.595198837768545,1.5028786129701723,8.970666063211858,-418.00453573260853,-213.5340220608259
1.22,4.571127631249596,-1.307252858047477,2.066262161348901,-4.995666944689623,-388.58709476603246,-177.89976905322266
1.23,5.552296677343397,0.6946998742084576,2.559222766180288,-17.21620832660342,-362.8468339202784,-146.71979767156984
1.24,6.410819592675471,2.4464085149324,2.9905632954077523,-27.909182035777995,-340.32410568024363,-119.43732271262363
1.25,7.162027143591037,3.9791535755658503,3.3679862584817832,-37.26553403130575,-320.6167184702132,-95.56515712354567
1.26,7.819333750642157,5.320305503620119,3.6982313511715605,-45.45234202739253,-303.37275466143655,-74.67701223310247
1.27,8.394477031811887,6.493813440667604,3.9871958072751155,-52.615799023968464,-288.284286328757,-56.399885453964664
1.28,8.8977274028354,7.5206328855841535,4.240039706365726,-58.883823895972405,-275.08187653766237,-40.40739952221908
1.29,9.363465977480976,7.4952176498861345,4.18437611807001,-64.36834565897585,-263.5297679704546,-26.413974331941695
1.3,9.770987230295855,7.472979318650367,4.135670478311259,-69.16730220160387,-253.42167297414778,-14.169727290448984
1.31,10.127568326508873,7.453520778819071,4.093053043522352,-73.36638917640339,-244.5770898523793,-3.45601112914286
1.32,10.439576785695264,7.4364945564666876,4.055762788082058,-77.04059027935297,-236.83807962083188,5.918490511999997
1.33,10.712584187483357,7.4215966119083525,4.023133814571801,-80.25551624443385,-230.06644566822789,14.121179447999998
1.34,10.951465664047937,7.4085609104198085,3.9945834627503256,-83.06857646387962,-224.14126595969938,21.298532267
1.35,11.160486956041947,7.397154671617333,3.9696019049065345,-85.53000415589467,-218.95673371473694,27.578715983625003
1.36,11.343380586536703,7.387174212665167,3.9477430417932178,-87.68375338640784,-214.42026800039483,33.07387673567188
1.37,11.503412513219615,7.378441311082021,3.9286165365690655,-93.02015996310686,-197.01523462534547,20.093392018712898
1.38,11.643440449067164,7.370800022196768,3.911880844497932,-97.6895157177185,-181.78583042217727,8.735467891373785
1.39,11.76596489293377,7.364113894422172,3.8972371139356903,-101.7752020030037,-168.4601017444051,-1.2027157200479373
1.4,11.87317378131705,7.3582635326194,3.8844238496937287,-105.35017750262824,-156.80008915135446,-9.898626380041945
1.41,11.966981558652419,7.353144466041975,3.8732122434820124,-108.47828106479972,-146.59757813243513,-17.5075482075367
1.42,12.049063363820867,7.348665282786728,3.8634020880467608,-111.21537168169975,-137.67038099088074,-24.165354806594614
1.43,12.12088494334326,7.3447459974383875,3.8548182020409154,-113.61032597148728,-129.85908349202066,-29.990935580770284
1.44,12.183728825425353,7.341316622758589,3.8473073017858006,-115.70591097505137,-123.02419818051808,-35.088318758174
1.45,11.630554847247184,6.2463047949137644,2.9447671390625754,-117.53954785316995,-117.04367353295333,-39.54852903840224
1.46,11.146527616341286,5.288169445549544,2.155044496679753,-119.1439801215237,-111.81071446633416,-43.45121303360196
1.47,10.723003789298625,4.449801014855851,1.464037184594784,-120.54785835633324,-107.2318752830424,-46.86606152940171
1.48,10.352420440636296,3.7162286379988694,0.8594057865204361,-121.77625181179158,-103.22539099766209,-49.8540539632265
1.49,10.028160010556759,3.0743528082490106,0.3303533132053816,-122.85109608531764,-99.71971724795432,-52.468547342823186
1.5,9.744432134237163,2.5127114572178844,-0.13256760094529113,-123.79158482465293,-96.65225271696002,-54.75622904997029
1.51,9.496170242457518,2.021275275065649,-0.5376234008271297,-124.61451247157132,-93.96822125234002,-56.757950543724
1.52,9.278941087150328,1.591268615682443,-0.8920472257237384,-125.3345741626249,-91.6196937207975,-58.5094568507585
1.53,9.088865576256536,1.2150127887221376,-1.202168072508271,-129.3377528922968,-45.525981005697815,-59.753275244413686
1.54,8.922549504224468,0.8857889401318704,-1.473523813444737,-132.8405342807597,-5.1939823799855915,-60.84161633886198
1.55,8.77702294119641,0.5977180726153866,-1.7109600867641448,-135.90546799566474,30.096516417512603,-61.79391479650424
1.56,8.649687198546859,0.3456560635384633,-1.9187168259186267,-138.58728499620665,60.97570286532353,-62.62717594694121
1.57,8.538268423728502,0.12510180559615536,-2.1005039726787986,-140.9338748716808,87.99499100715809,-63.35627945357356
1.58,8.44077699576244,-0.06788317010336407,-2.259567726093949,-142.9871410127207,111.63686813126333,-63.994245021876864
1.59,8.355471996292135,-0.23674502384044357,-2.3987485103322057,-144.78374888613064,132.32351061485542,-64.55246489414226
1.6,8.280830121755617,-0.38449914586038814,-2.5205316965406803,-146.3557807753643,150.4243227879985,-65.04090728237448
1.61,2.9958913565361653,0.06277499737216036,-4.622849109473096,-147.73130867844378,166.26253343949867,-65.46829437207766
1.62,-1.6284300630308555,0.45413987270064027,-6.46237684578896,-148.93489559363832,180.12096775956132,-65.84225807556795
1.63,-5.674711305151998,0.7965841386130602,-8.07196361506534,-149.98803414443353,192.24709778961613,-66.16947631612196
1.64,-9.215207392007997,1.0962228712864277,-9.480352038182172,-150.90953037637934,202.8574615659141,-66.45579227660672
1.65,-12.313141468006997,1.3584067623756242,-10.7126919084094,-151.71583957933194,212.14152987017485,-66.70631874203087
1.66,-15.023833784506124,1.5878176670786712,-11.790989294858226,-152.42136013191543,220.265089636403,-66.92552939927701
1.67,-17.395689561442857,1.7885522086938375,-12.73449950800095,-153.038690615426,227.37320443185263,-67.11733872436739
1.68,-19.471063366262502,1.964194932607108,-13.560070944500831,-153.57885478849772,233.59280487787106,-67.28517188382146
1.69,-21.28701544547969,2.1178823160312197,-14.282445951438227,-150.7483729399355,268.5487081431372,-26.622023773343777
1.7,-22.87597351479473,2.252358776527317,-14.914524082508448,-148.27170132244356,299.1351235002451,8.958230823324197
1.71,-24.26631182544539,2.3700256794614027,-15.467592447194892,-146.10461365713812,325.8982369377145,40.09095359540867
1.72,-25.482857847264714,2.4729842195287275,-15.951527266295532,-144.20841194999585,349.3159611955002,67.33208602098259
1.73,-26.547335616356627,2.563072942087637,-16.37497023300859,-142.54923545624638,369.80646992106267,91.16807689335977
1.74,-27.47875366431205,2.6419005743266823,-16.745482828882515,-141.09745602421557,387.73566505592987,112.02456890668981
1.75,-28.293744456273043,2.710874752535847,-17.0696813502722,-139.82714902118863,403.4237107989386,130.27399941835358
1.76,-29.006861399238915,2.771227158468866,-17.353355056488176,-138.71563039354004,417.15075082407134,146.24225111605938
1.77,-29.79912584933405,2.6972667636602576,-14.023587049427155,-137.74305159434752,429.1619108460625,160.21447135155196
1.78,-30.492357243167294,2.632551418202725,-11.11004004324876,-136.89204514505408,439.6716758653047,172.44016405760797
1.79,-31.09893471277138,2.5759254909273848,-8.560686412842665,-136.14741450192233,448.8677202571416,183.137645175407
1.8,-31.62968999867496,2.5263778045614615,-6.330001986237333,-135.49586268918205,456.91425909999896,192.49794115348112
1.81,-32.09410087384059,2.4830235789912787,-4.378153112957666,-134.92575485303428,463.9549805874991,200.68820013429598
1.82,-32.50046038961051,2.445088631617369,-2.6702853488379574,-134.426910496405,470.1156118890617,207.85467674250899
1.83,-32.8560249659092,2.4118955526651975,-1.1759010552332128,-133.99042168435437,475.506164277929,214.12534377469538
1.84,-33.16714397017055,2.382851608582048,0.1316852016709389,-133.60849397381008,480.22289761818786,219.61217742785846
1.85,-33.43937309889923,2.357438157509292,1.2758231764620716,-143.87930797708384,396.6312857909144,239.37565612437612
1.86,-33.67757358653682,2.3352013878206304,2.2769439044043125,-152.86627022994836,323.4886254420501,256.66869998382913
1.87,-33.88599901321972,2.3157442143430513,3.1529245413537734,-160.7298622012048,259.48879763679383,271.8001133608505
1.88,-34.06837126156725,2.29871918755017,3.919407598684552,-167.6105051760542,203.48894830719462,285.0401000657442
1.89,-34.227946978871344,2.2838222891063986,4.590080273848983,-173.63106777904744,154.48908014379526,296.6250884325262
1.9,-34.36757573151243,2.2707875029680986,5.1769188646178605,-178.8990600566665,111.61419550082086,306.7619532534604
1.91,-34.48975089007338,2.2593820650970864,5.690402631540628,-183.5085532995832,74.09867143821825,315.6317099717778
1.92,-34.596654153814214,2.2494023069599507,6.139700927598049,-187.54185988713533,41.27258788344096,323.39274710030554
1.93,-28.11435550958744,3.572184768589957,5.245353061648293,-191.07100315124342,12.549764773010843,330.18365458776736
1.94,-22.442344195889014,4.729619422516213,4.4627986789422565,-194.15900350733799,-12.582705448615513,336.12569863929644
1.95,-17.47933429640289,5.742374744701686,3.7780635940744745,-196.86100381892075,-34.573616892538574,341.3249871843844
1.96,-13.136700634352527,6.6285356516139755,3.178920394815165,-199.22525409155566,-53.81566440597125,345.8743646613363
1.97,-9.336896180058462,7.403926445162229,2.6546700954632696,-201.29397308011121,-70.65245598022484,349.8550699536693
1.98,-6.012067282551154,8.08239338951695,2.195951083530361,-203.1041021950973,-85.38464860769673,353.3381870844606
1.99,-3.102841997232259,8.67605196582733,1.7945719480890658,-204.68796517071016,-98.27531715673464,356.38591457390305
2.0,-0.5572698725782264,9.195503220098914,1.4433652045779326,-206.0738452743714,-109.55465213714281,359.05267612716517
2.01,1.6701057364940521,9.650023067586549,1.136059304005691,-181.08898961507495,-119.17032024499996,314.1054666112695
2.02,3.6190593944322957,10.04772793413823,0.8671666410049796,-159.22724091319057,-127.58402983937496,274.7766582848608
2.03,5.3243938451282595,10.39571969237095,0.6318855608793572,-140.09821079904174,-134.9460257344531,240.36395099925318
2.04,6.816561489487228,10.70021248082458,0.4260146157694375,-123.36030944916153,-141.38777214264644,210.25283212434653
2.05,8.122208178301324,10.966643670721508,0.2458775387982578,-108.71464576801635,-147.02430024981564,183.9056031088032
2.06,9.26464903101366,11.199770961881319,0.08825759644847558,-95.89969004701432,-151.95626234358866,160.8517777202028
2.07,10.264284777136952,11.403757341646154,-0.04965985310758386,-84.68660379113753,-156.27172917564008,140.67968050517743
2.08,11.825275554994834,9.497406048940384,-0.3554108714691359,-74.87515331724535,-160.04776265368506,123.02909544203025
2.09,13.19114248562048,7.829348667822837,-0.622943012535494,-66.29013415258969,-163.3517919469744,107.58483351177648
2.1,14.386276049917921,6.369798459344982,-0.8570336359685573,-58.77824238351597,-166.2428175786026,94.07110432280443
2.11,15.43201791867818,5.0926920269268585,-1.0618629314724877,-52.205337085576474,-168.77246500627726,82.24659128245388
2.12,16.347042053843406,3.975223898561002,-1.2410885650384267,-46.45404494987941,-170.98590650549258,71.90014237214714
2.13,17.14768817211298,2.9974392862408767,-1.3979109944086234,-41.421664331144484,-172.922667817306,62.84699957562876
2.14,17.848253525598857,2.1418777504607673,-1.5351306201075456,-37.01833128975142,-174.61733396514273,54.92549962867517
2.15,18.461248209898997,1.3932614066531714,-1.6551977925941024,-33.165414878532495,-176.10016684449988,47.99418717509077
2.16,18.99761855866162,0.7382221058215251,-1.7602565685198397,-29.794113018715933,-177.39764561393739,41.92928877820443
2.17,19.466942613828916,0.1650627175938345,-1.8521829974548598,-13.657973641376442,-209.04419191219523,-18.511248194071122
2.18,19.8776011621003,-0.33645174710539477,-1.9326186227730024,0.46114831379561316,-236.73491992317082,-71.39671804481223
2.19,20.236927391837764,-0.7752769037172205,-2.002999794926377,12.81538002457116,-260.9643069327745,-117.6715041642107
2.2,20.551337842858043,-1.1592489157525678,-2.0645833205605797,23.625332771499764,-282.1650205661777,-158.16194201868439
2.21,20.826446987500788,-1.4952244262834968,-2.1184689054905075,33.084041425062296,-300.7156449954055,-193.59107514134882
2.22,21.067167489063188,-1.7892029979980597,-2.165618792304194,41.36041149692951,-316.94744137097985,-224.5915666236802
2.23,21.277797927930287,-2.046434248248302,-2.20687494326617,48.602235309813324,-331.15026319960737,-251.71699667072016
2.24,20.068252311939,-0.9643479672172643,-1.4716593253578987,54.93883114608666,-343.5777322996565,-275.45174796188013
2.25,19.009899897946624,-0.017522471315106314,-0.8283456596881614,60.48335250282583,-354.45176776219944,-296.21965534164514
2.26,18.083841535703293,0.810949837599282,-0.2654462022271412,65.3348086899726,-363.96654879192454,-314.3915742989395
2.27,17.27354046874038,1.5358631078993716,0.22709082305125144,69.57983285372603,-372.291982192934,-330.29200338657205
2.28,16.564527035147833,2.1701622194119503,0.6580607201698451,73.29422899701028,-379.57673641881723,-344.2048788382505
2.29,15.944140280754354,2.7251739419854566,1.0351593801486145,76.544325622384,-385.9508963664651,-356.3786448584692
2.3,15.40130187066006,3.2108091992372745,1.3651207076300378,79.38816016958599,-391.52828632065695,-367.03069012616055
2.31,14.926318261827552,3.635740049332615,1.653836869176283,81.87651539838774,-396.4085025305748,-376.35122973539046
2.32,14.510707604099109,4.007554543166038,1.9064635105292478,84.05382622358927,-400.678691714253,-384.50670189346664
2.33,14.14704827858672,4.3328922252702835,2.127511821713092,62.08897319564062,-377.27260487497136,-326.6433642817833
2.34,13.82884636876338,4.617562697111498,2.3209290939989553,42.869726796185546,-356.79227889059996,-276.01294387156037
2.35,13.550419697667957,4.866649359972561,2.4901692072490857,26.052886196662353,-338.871993654275,-231.71132601261533
2.36,13.306796360459462,5.0846001899759905,2.63825430634295,11.33815067207956,-323.1917440724907,-192.94741038603843
2.37,13.09362594040203,5.275307166228992,2.767828768050081,-1.5372429119303845,-309.4715256884294,-159.02898421278363
2.38,12.907101822851775,5.442175770450368,2.881206422043821,-12.803212297939087,-297.46633460237575,-129.35036131118568
2.39,12.743893219995304,5.588185799144072,2.9804118692883432,-22.660935510696703,-286.9617924020788,-103.38156627228747
2.4,12.601085692495891,5.715944574251063,3.0672166356273003,-31.286443321859615,-277.77031797681894,-80.65887061325154
2.41,12.411627105933906,4.89681137746968,3.368052556173888,-38.83376265662716,-269.7277778547166,-60.776511911595094
2.42,12.245850842692168,4.180069830285969,3.6312839866521522,-45.437667074548756,-262.690555247877,-43.37944804764571
2.43,12.100796612355648,3.552920976500223,3.861611488320633,-51.216083440230165,-256.5329854668924,-28.157017166689997
2.44,11.973874160811192,3.004165729437695,4.063148052280554,-56.272197760201394,-251.14511190853085,-14.837390145853748
2.45,11.862817015709794,2.5240048882579833,4.239492545745485,-60.69629779017622,-246.43072254496448,-3.1827165026220303
2.46,11.76564201374607,2.1038641522257353,4.393793977527299,-64.56738531640418,-242.3056318518439,7.0151229352057225
2.47,11.68061388702781,1.7362410081975184,4.5288077303363865,-67.95458690185366,-238.69617749536343,15.938232443305006
2.48,11.606214276149334,1.4145707571728285,4.646944764044338,-70.91838828912195,-235.537904933443,23.74595326289188
2.49,11.541114616630669,1.133109287526225,4.750314668538796,-68.07796475298171,-217.69816719176262,20.152084105030397
2.5,11.484152414551836,0.8868305015854469,4.840763334971446,-65.592594158859,-202.0883966677923,17.0074485919016
2.51,11.434310487732859,0.671336563887266,4.919905918100015,-63.41789488900162,-188.42984745931827,14.2558925179139
2.52,11.390698801766252,0.4827793684013578,4.989155678337513,-61.51503302787642,-176.47861690190348,11.848280953174662
2.53,11.35253857654547,0.3177918223511881,5.049749218545323,-59.850028899391866,-166.02129016416555,9.74162083402783
2.54,11.319148379477287,0.17342771955728956,5.102768566227158,-58.39315028696788,-156.87112926864486,7.89829322977435
2.55,11.289931957042626,0.047109129612628364,5.149160495448763,-57.1183815010969,-148.86473848506427,6.285381576052556
2.56,11.264367587412298,-0.06341963658895018,5.189753433517668,-56.002958813459784,-141.85914654943124,4.874083879045986
2.57,10.801578763985761,-0.2613085570153314,4.573192379327959,-55.02696396177731,-135.72925360575235,3.639198394165238
2.58,10.39663854348754,-0.434461362388415,4.033701456911964,-54.17296846655515,-130.3655972800333,2.5586735948945836
2.59,10.042315850551597,-0.5859700670898631,3.5616468997979687,-53.42572240823575,-125.67239799502916,1.613214395532761
2.6,9.732283494232647,-0.7185401837036303,3.148599162323223,-52.77188210720628,-121.56584862065051,0.7859375960911658
2.61,9.461005182453565,-0.8345390357406766,2.78718239203282,-52.19977184380549,-117.9726179180692,0.06207039657977009
2.62,9.22363665964687,-0.936038031273092,2.470942718028718,-51.69917536332981,-114.82854105331056,-0.5713134029927012
2.63,9.01593920219101,-1.0248496523639554,2.1942330032751283,-51.26115344291358,-112.07747379664674,-1.1255242276186135
2.64,8.834203926917134,-1.102559820818461,1.9521120028657373,-50.87788426254938,-109.67028994706591,-1.6104586991662868
2.65,8.675185561052492,-1.1705562182161533,1.7402561275075201,-56.527523479730704,-89.29837882868267,5.608348888229499
2.66,8.536044490920931,-1.230053065939134,1.5548822365690802,-61.47095779476437,-71.47295660009735,11.924805527200812
2.67,8.414296054555814,-1.282112807696742,1.3926800819979452,-65.79646282041881,-55.87571215008518,17.45170508630071
2.68,8.307766172736338,-1.3276650817346494,1.2507531967482022,-69.58127971786647,-42.22812325632453,22.287742200513122
2.69,8.214552526144296,-1.3675233215178182,1.1265671721546768,-72.89299450313317,-30.286482974283963,26.519274675448983
2.7,8.132990585376259,-1.4023992813280908,1.0179044006353422,-75.79074494024152,-19.837547727498468,30.221865591017863
2.71,8.061623887204226,-1.4329157461620794,0.9228244755559244,-78.32627657271132,-10.694729386561157,33.46163264214063
2.72,7.999178026303698,-1.4596176528918194,0.8396295411114338,-80.54486675112241,-2.694763338241011,36.29642881187305
2.73,7.086785898015735,-1.5373471962803422,0.6064552234725047,-82.4861331572321,4.305206954039115,38.776875460388915
2.74,6.288442785763769,-1.6053605467452994,0.4024276955384416,-84.18474126257809,10.430180959784227,40.9472662778403
2.75,5.589892562543297,-1.664872228402137,0.22390360859613642,-85.67102335475582,15.7895332148112,42.84635824311026
2.76,4.978661117225385,-1.7169449498518699,0.06769503252161937,-86.97152018541135,20.4789664379598,44.50806371272147
2.77,4.443833602572211,-1.762508581120386,-0.06898747154358305,-88.10945491223492,24.582220508214828,45.962055998631286
2.78,3.9758595272506847,-1.8023767584803378,-0.18858466260063517,-89.10514779820556,28.172567819687977,47.23429924880237
2.79,3.566382211344349,-1.8372614136702956,-0.2932322047755558,-89.97637907342988,31.314121717226982,48.347512092702075
2.8,3.2080895599263055,-1.8677854869615085,-0.38479880417861134,-90.73870643925116,34.06298137757361,49.321573331114315
2.81,2.894583489935517,-1.89449405109132,-0.46491957865628497,-90.74949325934477,95.0276095803769,58.20200103972502
2.82,2.620265678693577,-1.917864044704905,-0.5350252563242494,-90.75893172692669,148.37165925782978,65.9723752847594
2.83,2.38023759385688,-1.9383127891167917,-0.5963677242837182,-90.76719038606086,195.04770272560103,72.77145274916447
2.84,2.1702130196247698,-1.9562054404771927,-0.6500423837482534,-90.77441671280326,235.88924075990087,78.72064553051891
2.85,1.9864415171716736,-1.9718615104175434,-0.6970077107797217,-90.78073974870286,271.62558653991323,83.92618921420404
2.86,1.8256414525252145,-1.9855605716153506,-0.7381023719322565,-90.786272405115,302.8948890974241,88.48103993742855
2.87,1.6849413959595627,-1.9975472501634317,-0.7740602004407244,-90.79111347947563,330.255528835246,92.46653432024998
2.88,1.5618288464646175,-2.008035593893003,-0.8055233003856339,-90.79534941954118,354.19608860584026,95.95384190521874
2.89,-0.7354153843434597,-1.3280795196563775,-0.7853827628374297,-90.79905586709855,375.1440784051102,99.0052360420664
2.9,-2.745504086300527,-0.7331179546993303,-0.767759792482751,-90.80229900871123,393.4735694794714,101.6752059118081
2.91,-4.504331700512961,-0.212526585361914,-0.752339693422407,-90.80513675762234,409.51187416953746,104.0114295478321
2.92,-6.043305862948841,0.24299086280832527,-0.7388471067446062,-90.80761978791955,423.5453907733453,106.05562522935308
2.93,-7.389908255080236,0.6415686299572846,-0.7270410934015304,-90.80979243942961,435.8247178016771,107.84429645068396
2.94,-8.568185348195207,0.990324176212624,-0.7167108317263391,-90.81169350950091,446.5691289514674,109.40938376934847
2.95,-9.599177804670806,1.295485279186046,-0.7076718527605467,-90.81335694581331,455.97048870753395,110.77883517317991
2.96,-10.501296204086955,1.5625012442877904,-0.6997627461654783,-90.81481245258665,464.19667849409217,111.97710515153243
2.97,-11.290649803576086,1.7961402137518165,-0.6928422778947935,-79.61608589601332,440.59459418233064,138.85996738259087
2.98,-11.981334203129075,2.0005743120328394,-0.6867868681579443,-69.81720015901165,419.9427704095393,162.38247183476702
2.99,-12.58568305273794,2.1794541480287344,-0.6814883846382013,-61.2431751391352,401.87242460834693,182.96466323042114
3.0,-13.114488296145698,2.3359740045251427,-0.6768522115584261,-53.7409032467433,386.06087203230356,200.9740807016185
3.01,-13.577192884127486,2.4729288789595,-0.6727955601136228,-47.17641534090039,372.22576352826565,216.7323209889162
3.02,-13.98205939861155,2.592764394089562,-0.66924599009942,-41.43248842328784,360.12004358723243,230.5207812403017
3.03,-14.336317598785106,2.6976204698283666,-0.6661401163369924,-36.406552370376865,349.5275386388284,242.585683960264
3.04,-14.646293523936968,2.7893695360998207,-0.6634224767948684,-32.00885832407976,340.25909680897485,253.142473840231
3.05,-13.620362708444846,3.5981277190873433,-0.005203917195509944,-28.16087603356979,332.149210207853,262.3796649852021
3.06,-12.72267324488924,4.305791129201426,0.5707373224539287,-24.793891529373564,325.0530594318714,270.46220723705187
3.07,-11.937194964278085,4.924996613051247,1.0746859071471877,-21.84778008820187,318.8439275028875,277.53443170742037
3.08,-11.249901468743323,5.466801411419841,1.5156409187537891,-19.269932577176636,313.41093706502653,283.7226281189928
3.09,-10.648519660150408,5.940880609992361,1.9014765539095655,-17.014316005029556,308.6570704318982,289.1372999791187
3.1,-10.122310577631605,6.355699908743315,2.2390827346708697,-15.040651504400861,304.4974371279109,293.8751378567289
3.11,-9.661877630427654,6.7186667951503996,2.534488142837011,-13.313695066350753,300.8577579869221,298.02074599963777
3.12,-9.258998801624196,7.036262820756599,2.7929678749823843,-11.802608183056908,297.67303873855684,301.64815312468306
3.13,-8.90647982642117,7.314159343162025,3.0191376406095864,-24.581032285174793,243.43640952123724,287.20400973409767
3.14,-8.598025723118525,7.557318800266772,3.217036185533388,-35.76215337452794,195.9793589560826,274.56538426733545
3.15,-8.328128382728709,7.770083325233426,3.3901974123417142,-45.54563432771195,154.45443971157226,263.5065869839185
3.16,-8.09196820988762,7.9562522845792465,3.541713485799,-54.10618016174796,118.12013537262571,253.83013936092868
3.17,-7.885328058651668,8.11915012400684,3.6742900500741245,-61.59665776652946,86.3276190760475,245.3632476908126
3.18,-7.70451792632021,8.261685733505985,3.790294543814859,-68.15082567071327,58.50916731654155,237.95471747946104
3.19,-7.546309060530184,8.386404391817736,3.8917984758380015,-73.88572258687411,34.16802202697386,231.4722535445284
3.2,-7.407876302963912,8.495533217840519,3.980614416358251,-78.90375738851485,12.869519898602125,225.80009760146234
3.21,-4.892704515093422,8.529762690610454,3.4510223643134696,-83.2945378399505,-5.766669463723142,220.83696115127955
3.22,-2.6919292007067446,8.559713479284147,2.9876293187742857,-87.13647073495667,-22.07333515575775,216.4942167573696
3.23,-0.7662508006184015,8.585920419373629,2.5821604039275,-90.49816201808709,-36.34166763628804,212.69431541269842
3.24,0.9187177994588986,8.608851491951926,2.2273751034365623,-93.4396418908262,-48.82645855675203,209.36940173611112
3.25,2.3930653245265363,8.628916180457935,1.916937965506992,-96.01343677947291,-59.750650612158026,206.46010226909723
3.26,3.683119408960719,8.646472782900693,1.645305469818618,-98.26550730703879,-69.30931866063827,203.91446523546009
3.27,4.811916732840629,8.661834810038107,1.4076270360912908,-100.23606901865894,-77.67315320305849,201.68703283102758
3.28,5.799614391235551,8.675276583783344,1.1996584065798794,-101.96031051632657,-84.99150842767618,199.73802947714913
3.29,6.663849842331107,8.687038135810425,1.0176858557573947,-86.26652170178575,-105.61382062421666,152.45827579250548
3.3,7.420055862039719,8.697329493834122,0.8584598737877203,-72.53445648906252,-123.65834379618957,111.0884913184423
3.31,8.081736129284755,8.706334432104857,0.7191371395642552,-60.51889942792971,-139.4473015716659,74.88992990363701
3.32,8.66070636312416,8.71421375309175,0.5972297471187232,-50.0052869994385,-153.26263962520767,43.21618866568238
3.33,9.16730531773364,8.721108158955282,0.4905607787288829,-40.80587612450869,-165.35106042205672,15.501665082472087
3.34,9.610579403016935,8.727140764085872,0.3972254313877725,-32.75639160894511,-175.92842861929964,-8.748543052836924
3.35,9.998444227639817,8.732419293575138,0.31555700246430096,-25.71309265782697,-185.18362579188718,-29.96747517123231
3.36,10.33782594918484,8.737038006878246,0.24409712715626336,-19.5502060755986,-193.2819233179013,-48.53404077482827
3.37,6.963628580536735,5.321515756018465,0.7156548612617304,-14.157680316148774,-200.36793365316362,-64.77978567797473
3.38,4.011205882969643,2.3329337865161572,1.1282678786040141,-9.439220276630177,-206.56819269651817,-78.99481246822789
3.39,1.4278360225984374,-0.28207543679836267,1.4893042687785125,-5.310567742051404,-211.9934193594534,-91.4329609096994
3.4,-0.8326126052263674,-2.5702085071985676,1.8052111101811983,-1.6979967742949786,-216.74049268952174,-102.31634079598697
3.41,-2.8105051545730717,-4.572324943798747,2.0816295964085487,1.4630028224918936,-220.89418185333153,-111.8392981964886
3.42,-4.541161135251437,-6.324176825823903,2.32349577185748,4.228877469680407,-224.5286598716651,-120.17188592192753
3.43,-6.055485118345008,-7.857047222595915,2.535128675375295,6.649017785970356,-227.70882813770697,-127.46290018168659
3.44,-7.380518603551883,-9.198308819771425,2.7203074659533835,8.766640562724062,-230.49147537049362,-133.84253765897577
3.45,-8.539922903107897,-10.371912717299997,2.8823389077092108,9.753310367383554,-257.8244179491819,-129.2572205766038
3.46,-9.55440166521941,-11.398816127637499,3.0241164192455594,10.61664644646061,-281.74074270553416,-125.24506812952832
3.47,-10.442070582066984,-12.297356611682812,3.1481717418398647,11.372065515653034,-302.6675268673424,-121.73443473833727
3.48,-11.218780884308611,-13.08357953522246,3.256720149109882,12.033057201196405,-320.9784630089246,-118.6626305210451
3.49,-11.898402398770035,-13.771524593319654,3.3517000054711468,12.611424926046855,-337.00053213280904,-115.97480183091446
3.5,-12.493071223923781,-14.373476519154698,3.4348073797872534,13.117496685290998,-351.01984261620794,-113.62295172705015
3.51,-13.01340644593331,-14.900184454260362,3.507526332313847,13.560309474629623,-363.286739289182,-111.56508288616888
3.52,-13.468699765191646,-15.361053897477817,3.571155415774616,13.94777066530092,-374.02027387803423,-109.76444765039777
3.53,-10.51419916954269,-13.22577866029309,3.619551363802789,14.286799207138305,-383.41211664327994,-108.18889181909805
3.54,-7.929011148349854,-11.357412827756454,3.6618978183274407,14.583449181246017,-391.62997906286995,-106.8102804667108
3.55,-5.666971629806122,-9.722592724286898,3.6989509660365107,14.843017908590266,-398.8206086800112,-105.60399553337194
3.56,-3.687687051080357,-8.292125133751036,3.731372470281947,15.070140545016482,-405.11240959500986,-104.54849621670044
3.57,-1.9558130446953126,-7.040465992032156,3.7597412864967037,15.268872851889421,-410.61773539563364,-103.62493431461289
3.58,-0.44042328910839834,-5.945264243028137,3.7845640006846155,15.442763620403243,-415.43489547117946,-102.81681765028627
3.59,0.8855427470301516,-4.98696271264962,3.8062838755990387,15.594918042852838,-419.64991053728204,-102.10971556900049
3.6,2.0457630286513826,-4.148448873568418,3.825288766149159,15.728053162496233,-423.3380487201218,-101.49100124787542
3.61,3.06095577506996,-3.4147492643723654,3.841918045380514,5.327046392184203,-390.7339186301066,-83.659625966891
3.62,3.9492494281862154,-2.77276210632582,3.85646866470795,-3.7738345318388227,-362.2053048013433,-68.05717259602963
3.63,4.7265063746629385,-2.2110233430350923,3.869200456619456,-11.73710534035897,-337.2427677011754,-54.40502589652592
3.64,5.406606202830071,-1.7195019251557058,3.880340774542024,-18.7049672978141,-315.4005477385285,-42.45939753446018
3.65,6.001693552476312,-1.2894206845112426,3.8900885527242712,-24.80184651058734,-296.2886052712124,-32.00697271765265
3.66,6.522394983416773,-0.9130995989473374,3.898617858633737,-30.136615821763925,-279.5656556123109,-22.86110100294607
3.67,6.978008735489676,-0.5838186490789203,3.90608100130452,-34.804538969043435,-264.93307466077204,-14.858463252577813
3.68,7.376670768553467,-0.2956978179440553,3.912611251141455,-38.888971722913006,-252.12956632817554,-7.856155221005586
3.69,7.813209422484284,-0.2683405907010484,3.0948817197487726,-42.46285038254888,-240.9264965371536,-1.7291356933798872
3.7,8.195180744673749,-0.24440301686341734,2.3793683797801757,-45.58999420973027,-231.12381047000943,3.632006393292599
3.71,8.529405651589531,-0.22345763975549018,1.7532942073076538,-48.32624505851399,-222.54646016125827,8.323005719131025
3.72,8.821852445140841,-0.20513043478605392,1.205479306394197,-50.72046455119974,-215.041278641101,12.427630129239647
3.73,9.077743389498236,-0.1890941304377972,0.7261412680949224,-52.81540660729978,-208.4742448109634,16.019176488084693
3.74,9.301647965810957,-0.17506236413307255,0.3067204845830571,-54.648480906387306,-202.72809020959298,19.161779552074105
3.75,9.497564470084587,-0.16278456861643847,-0.06027270098982501,-56.252420918088895,-197.70020493339388,21.91155723306484
3.76,9.668991411324015,-0.15204149753938367,-0.38139173836609686,-57.655868428327786,-193.30080531671965,24.317612703931733
3.77,9.818989984908512,-0.14264131034696073,-0.6623708960703347,-61.010134874786814,-185.0238296521297,36.253536240940264
3.78,9.950238736794947,-0.13441614655359063,-0.9082276590615429,-63.94511801543847,-177.7814759456135,46.69746933582273
3.79,10.065081394695579,-0.1272191282343918,-1.1233523266788499,-66.51322826350865,-171.44441645241182,55.83591079384489
3.8,10.165568720358632,-0.12092173720509283,-1.3115864108439936,-68.76032473057006,-165.89948939586034,63.832047069614276
3.81,10.253495130313802,-0.11541152005445623,-1.4762912344884944,-70.7265341392488,-161.0476782213778,70.8286663109125
3.82,10.330430739024575,-0.11059008004764921,-1.6204079551774326,-72.4469673718427,-156.80234344370558,76.95070814704843
3.83,10.397749396646503,-0.10637132004169306,-1.7465100857802536,-73.95234645036237,-153.0876755132424,82.30749475366738
3.84,10.45665322206569,-0.10267990503648143,-1.856849450057722,-75.26955314406707,-149.8373410740871,86.99468303445897
3.85,10.002077194307478,-0.39225516690692125,-2.117988018800507,-76.42210900105869,-146.99329843982622,91.09597278015161
3.86,9.604323170019043,-0.6456335210435561,-2.3464842664504437,-77.43059537592634,-144.50476113484794,94.68460130763265
3.87,9.256288398766664,-0.8673395809131116,-2.5464184831441385,-78.31302095393555,-142.32729099299195,97.82465126917856
3.88,8.95175797392083,-1.0613323832989727,-2.7213609227511215,-79.08514333469361,-140.42200461886796,100.57219498553124
3.89,8.685293852180727,-1.2310760853866012,-2.8744355574072316,-79.76075041785691,-138.75487904150947,102.97629573733983
3.9,8.452137745658137,-1.379601824713276,-3.0083758627313277,-80.3519066156248,-137.2961441613208,105.07988389517234
3.91,8.248126152450869,-1.5095618466241163,-3.125573629889912,-80.8691682886717,-136.0197511411557,106.9205235332758
3.92,8.069616008394512,-1.6232768657961016,-3.228121676153673,-81.32177225258773,-134.90290724851124,108.53108321661631
3.93,7.913419632345198,-1.722777507571589,-3.317851216634464,-79.43842572101427,-112.09441884244734,113.01157218953928
3.94,7.776747803302048,-1.8098405691251402,-3.396364564555156,-77.79049750588749,-92.13699148714142,116.93200004084687
3.95,7.657159952889292,-1.8860207479844977,-3.4650637439857617,-76.34856031765155,-74.67424255124874,120.36237441074101
3.96,7.55252058377813,-1.9526784044864356,-3.5251755259875415,-75.08686527794511,-59.39433723234264,123.36395198439838
3.97,7.460961135805864,-2.011003853925631,-3.577773335239099,-73.98288211820197,-46.02442007829981,125.99033236134859
3.98,7.380846618830131,-2.0620386221849274,-3.6237964183342117,-73.01689685342673,-34.32574256851233,128.28841519118004
3.99,7.3107464164763645,-2.1066940444118116,-3.6640666160424353,-72.17165974674839,-24.08939974744829,130.2992376672825
4.0,7.249408739416819,-2.145767538860335,-3.699303039037131,-71.43207727840485,-15.132599779017255,132.05870733387218
4.01,5.974661521989717,-2.1094192215027934,-2.7748405341574895,-70.78494261860425,-7.2953998066400985,133.59824329213814
4.02,4.859257706741002,-2.077614443814944,-1.965935842387803,-70.21869979127871,-0.43784983081008644,134.94533725562087
4.03,3.8832793683983766,-2.0497852633380758,-1.2581442370893274,-69.72323731736887,5.562506398041174,136.12404447366828
4.04,3.0292983223485797,-2.025434730420816,-0.6388265824531615,-69.28970765269776,10.812818098286026,137.15541328945974
4.05,2.282064907055007,-2.004128014118214,-0.09692363464651632,-68.91036919611054,15.406840836000272,138.05786100327728
4.06,1.6282356686731312,-1.9854846373534372,0.3772414446842982,-68.57844804659672,19.42661073150024,138.84750275286763
4.07,1.05613508508899,-1.9691716826842576,0.792135889098761,-68.28801704077213,22.94390939006271,139.53843928375917
4.08,0.5555470744528662,-1.9548978473487255,1.155168527961416,-68.03388991067561,26.02154571630487,140.14300874828928
4.09,0.11753256514625793,-1.942408241430135,1.472822086966239,-58.45340367184116,65.20635462676677,136.29700790475312
4.1,-0.2657301304970243,-1.931479836251368,1.7507689510954592,-50.07047821286101,99.49306242342092,132.93175716665897
4.11,-0.6010849891848963,-1.9219174817199471,1.993972457208527,-42.73541843625338,129.4939317454933,129.98716277082661
4.12,-0.8945204905367843,-1.9135504215049537,2.206775525057461,-36.31724113172171,155.74469240230664,127.41064267447328
4.13,-1.1512765542196863,-1.9062292438168345,2.3929782094252783,-30.701335990256496,178.71410797701833,125.15618759016412
4.14,-1.3759381099422257,-1.8998232133397301,2.5559055582471184,-25.787418991474432,198.81234660489105,123.18353939139361
4.15,-1.5725169711994473,-1.894217936672264,2.6984669884662287,-21.48774161754013,216.39830540427968,121.4574722174694
4.16,-1.7445234747995162,-1.889313319588231,2.82320823990795,-17.725523915347615,231.78601935374473,119.94716344028572
4.17,-3.0959880404495768,-1.7972275296397022,3.3772057099194566,-14.433583425929163,245.25026905952666,118.62564326025
4.18,-4.27851953539338,-1.7166524634347395,3.8619534961795243,-11.553135497688018,257.0314875520858,117.46931310271876
4.19,-5.313234593469208,-1.6461492805053972,4.286107809157084,-9.032743560477016,267.3400537330751,116.45752421487892
4.2,-6.218610269285557,-1.5844589954422226,4.6572428330124485,-6.827400615417389,276.3600491414407,115.57220893801905
4.21,-7.010813985624863,-1.5304799960119448,4.981985978885893,-4.897725538490215,284.2525451237606,114.79755807076667
4.22,-7.7039922374217555,-1.4832483715104519,5.266136231525156,-3.209259846178939,291.1584791082905,114.11973856192084
4.23,-8.310523207744035,-1.4419207000716454,5.514767702584512,-1.7318523654065716,297.2011713447542,113.52664649168074
4.24,-8.84123780677603,-1.40575898756269,5.732320239761448,-0.43912081973075034,302.4885270516599,113.00769093022065
4.25,-9.305613080929026,-1.3741174891173538,5.922678709791267,11.703894407735593,290.9099620452024,147.20360356394306
4.26,-9.711941445812899,-1.3464311779776847,6.089242371067359,22.329032731768642,280.7787176645521,177.1250271184502
4.27,-10.067478765086287,-1.3222056557304742,6.2349855746839395,31.626028765297562,271.9138788314831,203.30627272864393
4.28,-10.378573919450501,-1.301008323764165,6.362510877848447,39.76090029463536,264.15714485254773,226.21486263756344
4.29,-10.650782179519188,-1.2824606582936444,6.474095518117391,46.87891288280594,257.3700026209792,246.25987880786803
4.3,-10.88896440707929,-1.266231451006939,6.571732078352717,53.1071738974552,251.43125316835682,263.79926795688453
4.31,-11.09737385619438,-1.2520308946310716,6.657164068558627,58.556902285273296,246.23484739731222,279.146233462274
4.32,-11.279732124170083,-1.2396054078021879,6.731917059988799,63.32541462461413,241.6879923476482,292.57482827948974
4.33,-10.626437858648822,1.0010721431730858,5.864166927490198,67.49786292153736,237.70949417919218,304.3248487445535
4.34,-10.054805376317718,2.9616650002764504,5.104885561553924,71.1487551813452,234.22830828179315,314.6061166514843
4.35,-9.554626954278003,4.677183750241895,4.440514366359683,74.34328590867705,231.18227062156902,323.60222607004874
4.36,-9.116970834993252,6.1782626564616585,3.8591895705647232,77.13850029509243,228.5169876688729,331.4738218112926
4.37,-8.734021730619094,7.491706699403952,3.350530374244133,79.58431288320588,226.1848650852638,338.36146808488104
4.38,-8.398941264291707,8.64097023697846,2.9054535774636165,81.72439889780514,224.14425782460583,344.3881585742709
4.39,-8.105745856255243,9.646575832356152,2.5160113802806645,83.5969741605795,222.3587264715301,349.661512752487
4.4,-7.849199874223339,10.526480728311634,2.1752494577455814,85.23547751550707,220.79638653758883,354.2756976584261
4.41,-7.624722139945422,11.29639751227268,1.8770827755273838,76.17354282606868,153.39746247039022,322.2237354511229
4.42,-7.428304122452245,11.970074698238596,1.6161869285864607,68.2443499728101,94.42340391159146,294.1782685197325
4.43,-7.256438357145714,12.559542235958773,1.3879030625131532,61.30630622620884,42.82110267264253,269.63848495476594
4.44,-7.1060558125025,13.075326331463927,1.188154679699009,55.235517947932735,-2.3309109114377904,248.16617433542018
4.45,-6.974471085939688,13.526637415030937,1.0133748447366329,49.92357820444114,-41.83892279750807,229.37790254349264
4.46,-6.859334450197227,13.92153461315207,0.8604424891445537,45.275630928886,-76.40843319781956,212.93816472555605
4.47,-6.758589893922574,14.267069661508062,0.7266266780014845,41.20867706277525,-106.65675479809212,198.55339413486152
4.48,-6.670438407182252,14.569412828819555,0.6095378432512989,37.65009242992835,-133.1240361983306,185.96671986800382
4.49,-4.294372481284471,12.97263535021711,-0.31557776215511346,34.53633087618731,-156.28290742353929,174.95337988450333
4.5,-2.2153147961239124,11.575455056439973,-1.1250539168857243,31.811789516663893,-176.54691974559688,165.3167073989404
4.51,-0.39613932160842324,10.352922299384975,-1.8333455522750088,29.427815827080906,-194.27793052739727,156.88461897407282
4.52,1.1956392185926297,9.283206136961853,-2.4531007332406327,27.341838848695794,-209.7925649614726,149.50654160231372
4.53,2.5884454412685507,8.347204494841622,-2.9953865165855538,25.51660899260882,-223.36787009128852,143.0507239020245
4.54,3.807150886109982,7.528203057986419,-3.4698865770123595,23.91953286853272,-235.24626207987745,137.40188341427142
4.55,4.873518150346234,6.811576800738116,-3.8850741298858145,22.522091259966132,-245.63985506989277,132.45914798748748
4.56,5.806589506552955,6.1845288256458515,-4.248363238650088,21.299329852470365,-254.73424893615618,128.13425448905153
4.57,6.623026943233835,5.63586184744012,-4.566241208818827,10.333163245911571,-246.65309256913665,69.78934580292008
4.58,7.337409700329605,5.155778241510105,-4.844384432716474,0.7377674651726238,-239.58208074799458,18.73755070255507
4.59,7.962494612788404,4.7357050863213415,-5.087759753626915,-7.658203842973954,-233.39494540449527,-25.932770010264317
4.6,8.509443911189853,4.368141075531174,-5.300713159423551,-15.004678737602209,-227.98120197893337,-65.01930063398129
4.61,8.988024547291122,4.046522566089777,-5.487047389495607,-21.432844270401933,-223.2441764815667,-99.22001492973362
4.62,9.406782603879732,3.765106370328555,-5.650089840808656,-27.05748911160169,-219.09927917137088,-129.14563993851692
4.63,9.773195903394765,3.518867199037486,-5.792751985707574,-31.97905334765148,-215.47249402494953,-155.3305618212023
4.64,10.093807540470419,3.3034079241578,-5.917581362494127,-36.285422054195045,-212.29905702183083,-178.24236846855203
4.65,8.779485847911616,2.9031253086380753,-6.058853567182362,-40.05349467242067,-209.522299644102,-198.29019928498303
4.66,7.629454366922664,2.552878020058316,-6.182466746284566,-43.35055821336808,-207.09263693858924,-215.83205124936018
4.67,6.6231768210573305,2.2464116425510268,-6.290628277998995,-46.235488811697074,-204.96668207126558,-231.18117171819017
4.68,5.7426839684251645,1.9782535622321482,-6.38526961824912,-48.75980308523494,-203.1064715623574,-244.6116521284164
4.69,4.972252722372019,1.7436152419531297,-6.4680807909679805,-50.96857807458058,-201.47878736706272,-256.36332248736437
4.7,4.298125382075517,1.5383067117089884,-6.540540567096983,-52.901256190258,-200.05456369617988,-266.64603405144385
4.71,3.708263959316077,1.3586617477453646,-6.60394287120986,-54.592349541475755,-198.8083679841574,-275.64340667001335
4.72,3.192135214401567,1.201472404277194,-6.659419887308627,-56.072056223791286,-197.71794673613772,-283.51610771126167
4.73,2.740522562601371,1.0639317287425447,-6.707962276395048,-51.31179907081738,-207.6488291441205,-235.15284412235397
4.74,2.3453614922762,0.9435836376497266,-6.750436866845667,-47.14657406196521,-216.33835125110542,-192.8349884820597
4.75,1.9995955557416747,0.8382790579435108,-6.787602133489958,-43.50200217921956,-223.94168309471723,-155.80686479680224
4.76,1.6970503612739654,0.746137550700572,-6.820121741803714,-40.313001781817114,-230.59459845787757,-123.40725657220196
4.77,1.4323233161147195,0.6655137318630004,-6.848576399078249,-37.52262643408998,-236.41589940064287,-95.05759937567672
4.78,1.2006871516003796,0.5949678903801254,-6.873474224193468,-35.08104800482873,-241.5095377255625,-70.25164932871712
4.79,0.998005507650332,0.5332402790826097,-6.895259821169285,-32.94466687922514,-245.96647125986718,-48.54644303762748
4.8,0.8206590691940405,0.47922861919728355,-6.914322218523124,-31.075333394321998,-249.86628810238378,-29.554387532924054
4.81,1.9281675605447854,0.03487541679762307,-5.441348816207734,-29.43966659503175,-253.2786278395858,-12.936338966308545
4.82,2.8972374904766873,-0.35393363530207983,-4.152497089181767,-28.00845814565278,-256.26442510963756,1.604453529480022
4.83,3.7451736791671015,-0.6941415558893198,-3.024751828034046,-26.756150752446185,-258.8769977209329,14.327646963295019
4.84,4.487117844271213,-0.9918234864031549,-2.03797472452979,-25.660381783390413,-261.16299875581626,25.46044121788314
4.85,5.136318988737312,-1.2522951756027605,-1.1745447589635665,-24.701583935466612,-263.16324966133925,35.20163619064775
4.86,5.704369990145147,-1.4802079036524154,-0.41904353909312064,-23.86263581853329,-264.91346920367187,43.72518179181678
4.87,6.201414616377003,-1.6796315406958635,0.24202002829351943,-23.12855621621663,-266.4449113032129,51.18328419283968
4.88,6.636328664329878,-1.8541272231088806,0.8204506497568295,-22.486236564189554,-267.7849231403113,57.70912379373472
4.89,7.016878456288643,-2.0068109452202707,1.3265774435372257,-26.487331868665862,-246.2643074977724,61.43298369451788
4.9,7.349859524252562,-2.1404092020677368,1.7694383880950726,-29.98829026008263,-227.43376881055084,64.69136110770314
4.91,7.641217958720991,-2.25730767680927,2.156941714583189,-33.0516288525723,-210.95704745923197,67.54244134424026
4.92,7.896156588880866,-2.3595938422081115,2.4960071252602902,-35.73205012100076,-196.53991627682797,70.03713655121022
4.93,8.119227890270759,-2.4490942369320976,2.792689359602754,-38.077418730875664,-183.92492649222444,72.21999485730895
4.94,8.314415278986914,-2.5274070823155856,3.0522863146524095,-40.12961626451621,-172.88681043069639,74.12999587514533
4.95,8.48520424411355,-2.595930822026138,3.2794336503208585,-41.925289106451686,-163.22845887685932,75.80124676575215
4.96,8.634644588599357,-2.6558890942728706,3.4781875690307515,-43.49650284314522,-154.7774012672519,77.26359129503314
4.97,8.565045765024438,-2.8730377074887614,2.8250288729019077,-44.87131486275207,-147.3827258588454,78.54314275815399
4.98,8.504146794396384,-3.063042744052666,2.2535150137891695,-46.074275379908066,-140.9123848764897,79.66275028838474
4.99,8.450860195096835,-3.2292971510460826,1.7534403870655233,-47.12686583241956,-135.2508365169285,80.64240687733665
5.0,8.40423442070973,-3.374769757165322,1.3158750886823327,-48.047882478367114,-130.29698170231242,81.49960639266958
5.01,8.363436868121015,-3.502058287519657,0.9330054525970412,-48.853772043571226,-125.96235873952337,82.24965596858588
5.02,8.327739009605889,-3.6134357515796998,0.597994521022411,-49.558925413124825,-122.16956364708295,82.90594934751265
5.03,8.296503383405152,-3.710891032632237,0.3048599558946097,-50.17593461148422,-118.85086794119759,83.48020605407356
5.04,8.269172210479509,-3.7961644035532074,0.04836721140778347,-50.7158176600487,-115.94700919854789,83.98268067231437
5.05,8.24525743416957,-3.8707786031090565,-0.17606394001818948,-53.695090202542616,-96.2955079237294,84.21234583827508
5.06,8.224332004898374,-3.9360660277204245,-0.37244119751591576,-56.301953677224795,-79.10044430826323,84.41330285849071
5.07,8.206022254286077,-3.993192524255371,-0.5442712978264262,-58.5829592175717,-64.05476364473033,84.58914025117937
5.08,8.190001222500317,-4.04317820872345,-0.694622635598123,-60.57883906537524,-50.88979306413904,84.74299796978195
5.09,8.175982819687778,-4.086915682633019,-0.8261800561483575,-62.32523393220334,-39.37044380612166,84.87762347355921
5.1,8.163716717226807,-4.125185972303892,-0.9412927991298128,-63.853329440677925,-29.291013205356457,84.99542078936432
5.11,8.152983877573456,-4.158672475765905,-1.0420164492385862,-65.19041301059318,-20.4715114296869,85.09849344069379
5.12,8.143592642876774,-4.187973166295167,-1.130149643083763,-66.36036113426903,-12.754447375976037,85.18868201060707
5.13,7.272389937517177,-4.265871770508272,-0.7491529376982926,-67.38406574248539,-6.002016328979032,85.26759700928119
5.14,6.5100875703275305,-4.334033049194738,-0.415780820486006,-68.27980727467471,-0.09363916285665308,85.33664763312105
5.15,5.84307299903659,-4.393674168045396,-0.12408021792525525,-69.06358111534037,5.076190857500428,85.39706692898092
5.16,5.259435249157016,-4.445860147039721,0.13115780931540166,-69.74938322592283,9.599792125312874,85.4499338128583
5.17,4.748752218012389,-4.491522878659756,0.35449108315097644,-70.34946007268248,13.557943234648764,85.49619233625103
5.18,4.30190456576084,-4.531477768827287,0.5499076977571045,-70.87452731359717,17.02132545531767,85.53666854421965
5.19,3.9109128700407356,-4.566438297723876,0.7208972355374663,-71.33396114939752,20.05178489840296,85.5720852261922
5.2,3.568795136285644,-4.597028760508392,0.870513081095283,-71.73596575572283,22.703436911102592,85.60307482291817
5.21,3.2694421192499385,-4.623795415444843,1.0014269459583727,-64.10334503625748,43.547383422214764,80.5945654700534
5.22,3.0075082293436965,-4.647216238514238,1.1159765777135762,-57.4248019067253,61.785836619437916,76.21211978629673
5.23,2.778316075675735,-4.667709458699958,1.216207505499379,-51.58107666838464,77.74448316700817,72.37747981300963
5.24,2.577772941216268,-4.685641026362464,1.3039095673119565,-46.46781708483656,91.70829889613215,69.02216983638343
5.25,2.402297698564235,-4.7013311480671565,1.3806488713979619,-41.99371494923199,103.92663765911563,66.08627360683549
5.26,2.248756861243706,-4.7150600045587625,1.4477957624732165,-38.07887558057799,114.61768407672618,63.517364405981056
5.27,2.114408628588243,-4.727072753988917,1.5065492921640644,-34.65339113300575,123.97234969213541,61.269568855233416
5.28,1.9968539250147124,-4.7375839097403025,1.5579586306435562,-31.65609224138003,132.15768210561848,59.30274774832924
5.29,1.4138160593878735,-4.472315546022765,1.5030420518131118,-29.033455711207527,139.31984796741617,57.58177927978808
5.3,0.9036579269643894,-4.240205727769919,1.4549900453364728,-26.738648747306588,145.58674309648913,56.07593186981457
5.31,0.4572695610938407,-4.03710963679868,1.4129445396694136,-24.730692653893264,151.07027633442797,54.758315386087745
5.32,0.0666797409571106,-3.859400557198845,1.3761547222107366,-22.973731072156607,155.86836791762448,53.60540096282678
5.33,-0.2750863516625282,-3.703905112548989,1.3439636319343946,-21.436389688137034,160.06669805292142,52.596600842473435
5.34,-0.5741316827047122,-3.5678465984803656,1.3157964279425953,-20.091215977119905,163.74023692130626,51.71390073716425
5.35,-0.8357963473666232,-3.44879539867032,1.291150124449771,-18.91418897997992,166.954583431143,50.941538145018725
5.36,-1.0647529289457953,-3.34462559883653,1.2695846088935494,-17.88429035748243,169.76713662725012,50.26572087689138
5.37,-1.2650899378275708,-3.2534770239819637,1.2507147827818557,-13.176878937797127,197.79999542384385,51.39375626727996
5.38,-1.4403848205991243,-3.173722020984218,1.2342036849341236,-9.057893945572486,222.32874687086337,52.38078723386997
5.39,-1.5937678430242337,-3.1039363933611908,1.2197564743173581,-5.453782077375925,243.79140438700546,53.24443932963622
5.4,-1.7279779876462045,-3.042873969191042,1.2071151650276883,-2.300184192703934,262.57122971362975,54.000134913431694
5.41,-1.845411864190429,-2.9894443480421615,1.1960540193992273,0.4592139563840578,279.003576874426,54.661368549252735
5.42,-1.9481665061666253,-2.942693429536891,1.1863755169743238,2.8736873368360505,293.38188064012274,55.23994798059614
5.43,-2.038076817895797,-2.9017863758447797,1.1779068273525333,4.986351544731544,305.9628964351074,55.74620498302163
5.44,-2.1167483406588223,-2.8659927038641824,1.1704967239334665,6.834932726640101,316.97128525571895,56.18917986014392
5.45,-2.8364419230764693,-1.8393793658811595,1.0716432584417832,8.452441260810089,326.60362547375405,56.57678287762594
5.46,-3.46617380769191,-0.9410926951460146,0.9851464761365603,9.867761228208828,335.03192316453476,56.9159355179227
5.47,-4.017189206730421,-0.15509185825276273,0.9094617916194903,11.106166199682725,342.4066836439679,57.21269407818236
5.48,-4.4993276808891185,0.5326588740288326,0.843237692667054,12.189770549722386,348.8595990634719,57.47235781840956
5.49,-4.921198845777979,1.1344407647752286,0.7852916060836722,13.137924356007089,354.5059000555379,57.699563591108365
5.5,-5.290336115055731,1.660999919178325,0.7345887803232132,13.967558936506203,359.44641342359563,57.89836864221982
5.51,-5.613331225673765,2.1217391792810343,0.6902238077828116,14.693489194442927,363.7693626206462,58.07232306194235
5.52,-5.895951947464544,2.524886031870905,0.6514044568099601,15.328678170137561,367.5519431680654,58.224533179199554
5.53,-6.143245079031476,2.877639527887042,0.617437524708715,24.144468398870366,363.3760767720572,79.0514672817996
5.54,-6.3596265691525415,3.1862988369011616,0.5877164591201256,31.858284849011568,359.72219367555005,97.27503462157465
5.55,-6.548960373008474,3.4563757322885165,0.5617105267301099,38.607874242885124,356.5250459661063,113.22065604387782
5.56,-6.714627451382414,3.692693015752452,0.5389553358888461,44.51376496252448,353.72754172034297,127.1730747883931
5.57,-6.8595861449596125,3.899470638783395,0.5190445439027404,49.681419342208926,351.2797255053001,139.38144118984394
5.58,-6.9864250018396605,4.080401058935471,0.5016226009148979,54.20311692443281,349.1378863171376,150.06376179111345
5.59,-7.0974090016097025,4.238715176568537,0.4863784008005356,58.15960230887871,347.2637770274954,159.41079231722426
5.6,-7.194520001408489,4.37724002949747,0.47303972570046865,61.62152702026887,345.62393139905845,167.58944402757123
5.61,-8.402797626232427,4.344904525810286,0.3958523849879101,64.65071114273526,344.1890664741761,174.7457642741248
5.62,-9.460040547953374,4.316610960084,0.32831346186442134,67.30124724989335,342.9335596649041,181.00754448985919
5.63,-10.385128104459204,4.2918540900735,0.2692169041313687,69.62046634365669,341.8349912067911,186.48660217862678
5.64,-11.194579716401805,4.270191828814312,0.21750741611494762,71.6497830506996,340.8737438059422,191.28077765629843
5.65,-11.90284987685158,4.251237350212523,0.17226161410057916,73.42543516936215,340.0326523301994,195.47568119926112
5.66,-12.522586267245133,4.2346521814359575,0.1326715373380068,74.97913077319188,339.2966972889245,199.14622179935347
5.67,-13.064855608839492,4.220140158756463,0.09803022017075595,76.3386144265429,338.65273662780896,202.35794482443427
5.68,-13.539341282734556,4.2074421389119046,0.06771906764941146,77.52816262322504,338.08927104933287,205.16820247137997
5.69,-13.954516247392737,4.196331371547917,0.041196809193235026,56.69401742032191,282.7906120431663,214.58342666245747
5.7,-14.317794341468646,4.186609450104427,0.017989833044080646,38.464140367781674,234.4042854127705,222.8217478296503
5.71,-14.635662673785067,4.178102768841374,-0.0023162710864294347,22.512997946808966,192.06624961117416,230.030278850944
5.72,-14.913797464561934,4.170659422736202,-0.020084112200625757,8.555748328457843,155.0204682847774,236.33774349457602
5.73,-15.157165406491693,4.164146494894177,-0.03563097317554754,-3.656845087599387,122.60540962418021,241.85677505775402
5.74,-15.370112355680233,4.158447683032405,-0.0492344765286041,-14.342864326649464,94.24223329615769,246.68592767553477
5.75,-15.556440936220204,4.153461222653354,-0.06113754196252859,-23.693131160818282,69.42445400913799,250.91143621609294
5.76,-15.71947844419268,4.149098069821684,-0.07155272421721251,-31.874614640715997,47.70889713299574,254.60875618908133
5.77,-12.427275388668596,4.843655686093974,0.21384086630993906,-39.033412685626494,28.70778486637127,257.8439111654462
5.78,-9.546597715085023,5.451393600332227,0.4635602580211967,-45.29736097492318,12.081811633074862,260.6746717697654
5.79,-7.026004750699395,5.983164275290699,0.6820647257685472,-50.77831572805778,-2.4659149460594953,263.1515872985447
5.8,-4.82048590686197,6.448463615879362,0.8732561350474788,-55.57415113705055,-15.195175702802057,265.3188883862266
5.81,-2.890656918504224,6.855600538894442,1.040548618166544,-59.77050711991923,-26.3332788649518,267.2152768379483
5.82,-1.2020565536911962,7.211845346532637,1.186929540895726,-63.442318604929326,-36.079119131832826,268.8746167332048
5.83,0.2754687655202033,7.5235595532160575,1.3150128482837604,-66.65515365431317,-44.60672936535372,270.32653914155424
5.84,1.5683034198301777,7.79630948406405,1.4270857422482903,-69.46638432252402,-52.06838831968451,271.59697124886
5.85,2.6995337423514054,8.034965673556043,1.525149524467254,-52.151211032208515,-63.60233940472395,227.79047509275247
5.86,3.6893602745574796,8.243789839361536,1.6109553339088472,-37.00043440318245,-73.69454660413346,189.4597909561584
5.87,4.555458490237795,8.426510984441343,1.6860354171702412,-23.743504852784646,-82.52522790361678,155.9204423366386
5.88,5.31329442895807,8.586391986386175,1.751730490023961,-12.143691496186566,-90.2520740406647,126.57351229455875
5.89,5.97640087533831,8.726287863087903,1.8092136787709658,-1.9938548091632455,-97.01306441058162,100.8949485077389
5.9,6.5566190159210205,8.848696755201914,1.859511468924595,6.88725229198216,-102.92893098425893,78.42620519427153
5.91,7.064309888930893,8.955804535801674,1.9035220353090208,14.65822100548439,-108.10531423622656,58.76605479498758
5.92,7.508539402814531,9.049523843826464,1.9420312808953932,21.457818629798844,-112.63464958169824,41.563423195614135
5.93,4.878693977462714,3.0456006133481557,0.4793669957834692,27.407466551073988,-116.59781800898597,26.51112054616237
5.94,2.577579230279874,-2.207832213320364,-0.8004642536894644,32.61340848218974,-120.06559038286272,13.340355727892074
5.95,0.5641038264948897,-6.804585936655318,-1.9203165969782814,37.16860767191602,-123.09989121000488,1.8159365119055657
5.96,-1.1976871518169716,-10.826745444573405,-2.900187397355996,41.15440696292652,-125.75490443375428,-8.267930302082629
5.97,-2.73925425783985,-14.346135014001728,-3.7575743476864965,44.641981342560705,-128.07804100453498,-17.0913137643223
5.98,-4.0881254756098695,-17.425600887251512,-4.507787929225684,47.693608924740616,-130.11078550396812,-24.811774293782012
5.99,-5.268387791158636,-20.120133526345075,-5.164224813072474,50.36378305914804,-131.8894369409721,-31.56717725705926
6.0,-6.301117317263806,-22.47784958555194,-5.7386070864384155,52.70018542675454,-133.44575694835058,-37.47815484992685
6.01,-7.204755652605831,-24.540851137357947,-6.241191575633614,48.335162248410214,-191.52941495480675,-58.496510868685995
6.02,-7.995439196030102,-26.345977495188205,-6.680953003679413,44.51576696735894,-242.3526157104559,-76.88757238510024
6.03,-8.687287296526339,-27.92546305828968,-7.065744253219487,41.17379609643908,-286.8229163716489,-92.97975121196271
6.04,-9.292654384460548,-29.307512926003472,-7.4024365965670516,38.249571584384185,-325.73442945019275,-107.06040768546737
6.05,-9.82235058640298,-30.516806560253038,-7.697042396996171,35.69087513633616,-359.78200339391867,-119.38098209978395
6.06,-10.285834763102608,-31.57493849022141,-7.954822472371649,33.452015744294144,-389.57363059467883,-130.16148471231094
6.07,-10.691383417714782,-32.50080392894373,-8.180380038325193,31.493013776257374,-415.641304395344,-139.59442449827208
6.08,-11.046238490500436,-33.31093618782577,-8.377742908534543,29.7788870542252,-438.450518970926,-147.8482468109881
6.09,-8.191168179187882,-28.321974164347544,-7.478298919967726,28.27902617244705,-458.40858172456024,-155.07034133461457
6.1,-5.692981656789396,-23.9566323938041,-6.69128542997176,26.966647900891168,-475.8718866339902,-161.38967404278776
6.11,-3.507068449690721,-20.136958344578584,-6.002648626225291,25.818316913279773,-491.15227842974144,-166.91909016243932
6.12,-1.594394393479381,-16.79474355150626,-5.4000914229471295,24.8135272991198,-504.5226212510238,-171.75732926713442
6.13,0.07919540570554151,-13.87030560756798,-4.872853870078739,23.934336386729825,-516.2216712196458,-175.99078848374262
6.14,1.5435864799923489,-11.311422406621983,-4.4115210113188965,23.165044338388597,-526.45833994219,-179.6950652982748
6.15,2.824928669993305,-9.072399605794235,-4.007854759904035,22.49191379609002,-535.4154250744162,-182.93630751099045
6.16,3.946103086244142,-7.113254655069956,-3.6546467899160304,21.90292457157877,-543.2528745651142,-185.77239444711665
6.17,4.927130700463624,-5.399002823186211,-3.3455898161765267,7.501308875131421,-498.9537656194749,-153.41146976622707
6.18,5.785529862905671,-3.899032470287935,-3.0751649641544607,-5.100104859260006,-460.1920452920406,-125.09566067044868
6.19,6.536629130042462,-2.586558411501943,-2.838543218635153,-16.126341876852507,-426.2755400055355,-100.3193277116426
6.2,7.193840988787153,-1.4381436100641998,-2.631499191305759,-25.774299267245944,-396.5985978798435,-78.64003637268728
6.21,7.768901365188759,-0.4332806588061747,-2.450335667392539,-34.2162619838402,-370.63127351986304,-59.670656451101365
6.22,8.272079194540163,0.44597442354459715,-2.2918175839684714,-41.602979360860175,-347.9098647048802,-43.072449019713694
6.23,8.712359795222643,1.2153226206015226,-2.1531142609724125,-48.066357065752655,-328.0286319917701,-28.54901751724948
6.24,9.097605320819813,1.8885022930263324,-2.031748853350861,-53.721812557533575,-310.6325533677989,-15.841014952593298
6.25,9.100811530717337,1.979960881398041,-1.7676701216820034,-58.67033611284188,-295.410984571824,-4.7215127085191355
6.26,9.10361696437767,2.059987146223286,-1.536601231471753,-63.000294223736645,-282.09211187534595,5.008051755045757
6.27,9.10607171883046,2.130010127945375,-1.334415952537784,-66.78900757076957,-270.4380982659277,13.521420660665036
6.28,9.108219628976652,2.191280236952203,-1.157503833470561,-70.10413174942337,-260.2408363576867,20.970618453081908
6.29,9.11009905035457,2.2448915823331776,-1.002705729286741,-73.00486540574545,-251.31823218797587,27.48866652144667
6.3,9.11174354406025,2.2918015095415303,-0.8672573881258984,-75.54300735502727,-243.5109535394789,33.19195858126584
6.31,9.11318247605272,2.332847695848839,-0.7487400896101611,-77.76388156064885,-236.67958472204404,38.182339133607606
6.32,9.114441541546128,2.368763108867734,-0.6450374534088911,-79.70714649056774,-230.70213700678855,42.54892211690665
6.33,9.115543223852862,2.4001890952592673,-0.5542976467327797,-82.08562842924677,-203.44374488094,45.700306602293324
6.34,9.116507195871254,2.4276868333518586,-0.4749003158911822,-84.16680012559092,-179.5926517708225,48.45776802700666
6.35,9.117350671387348,2.451747354182876,-0.4054276514047844,-85.98782535989206,-158.72294529946967,50.87054677363083
6.36,9.11808871246393,2.472800309910016,-0.3446390699791863,-87.58122243990555,-140.46195213703595,52.98172817692697
6.37,9.118734498405939,2.491221646171264,-0.291449061231788,-88.97544488491735,-124.48358311990646,54.8290119048111
6.38,9.119299561105196,2.5073403153998557,-0.24490780357781447,-90.19538952430268,-110.50251022991814,56.44538516670971
6.39,9.119793990967047,2.5214441509748737,-0.20418420313058766,-91.26284108376485,-98.26907145117838,57.859711770871
6.4,9.120226617096165,2.5337850071030146,-0.1685510527392642,-92.19686119829424,-87.56481251978107,59.097247549512126
6.41,8.155827914959143,2.059136006215138,0.051663203853143824,-93.01412879850746,-78.19858595480844,60.18009135582311
6.42,7.31197905058925,1.6438181304382455,0.24435067837150087,-93.72923794869402,-70.00313771045738,61.12757968634522
6.43,6.573611294265594,1.2804149891334649,0.41295221857506326,-94.35495845510727,-62.832120496650205,61.95663197555207
6.44,5.927539507482394,0.9624372404917817,0.5604785662531804,-94.90246389821885,-56.55748043456893,62.68205272860806
6.45,5.362226694047095,0.684206710430309,0.6895641204715328,-95.38153116094149,-51.067170380247816,63.31679588753205
6.46,4.867577982291208,0.4407549966265204,0.8025139804125911,-95.80071501582381,-46.263149082716836,63.87219615159054
6.47,4.434760359504807,0.22773474704820534,0.9013451078610173,-96.16750088884584,-42.05963044737723,64.35817138264173
6.48,4.056044939566706,0.041342028667179676,0.9878223443783902,-96.48843852774012,-38.381551641455076,64.7833997098115
6.49,3.724668947120868,-0.12175159991621778,1.0634899263310915,-98.3705088367726,-4.37635681127319,65.09422474608506
6.5,3.4347149537307593,-0.26445852492669053,1.129699060539705,-100.01732035717602,25.37818866513596,65.36619665282443
6.51,3.1810052095144146,-0.3893270843108542,1.187632052972242,-101.45828043752901,51.413415956993965,65.60417207122137
6.52,2.959009183325113,-0.49858707377199746,1.2383234213507117,-102.71912050783789,74.19423983736972,65.8124005623187
6.53,2.764762660409474,-0.5941895645504978,1.2826783686818728,-103.82235556935814,94.1274607326985,65.99460049202887
6.54,2.5947969528582897,-0.6778417439816855,1.3214889475966387,-104.78768624818836,111.56902901611119,66.15402543052525
6.55,2.4460769587510036,-0.7510374009839748,1.355448204147059,-105.63235059216481,126.83040126409728,66.29352225170959
6.56,2.315946963907128,-0.8150836008609779,1.3851625536286767,-106.3714318931442,140.18410198108512,66.4155819702459
6.57,1.0208529684187373,-0.6843946507533556,1.049073984425092,-107.01812803150118,151.86859010844947,66.52238422396516
6.58,-0.11235427763360484,-0.5700418194091862,0.7549964863719555,-107.58398715256352,162.09251721989327,66.61583619596952
6.59,-1.1039106179294043,-0.46998309198303795,0.4976786755754611,-108.07911388349308,171.0384534424066,66.69760667147334
6.6,-1.9715224156882287,-0.3824317054851582,0.2725255911285285,-108.51234977305644,178.86614763710577,66.76915583753917
6.61,-2.7306827387272,-0.30582424229951344,0.0755166422374624,-108.89143117642438,185.71538005746754,66.83176135784677
6.62,-3.3949480213863,-0.23879271201207428,-0.09686618804222041,-109.22312740437133,191.7084584252841,66.88654118811593
6.63,-3.976180143713013,-0.18014012301056498,-0.24770116453694288,-109.5133616038249,196.9524019971236,66.93447353960144
6.64,-4.484758250748886,-0.12881910763424434,-0.37968176896982503,-109.76731652834678,201.54085262248313,66.97641434715126
6.65,-4.929764094405275,-0.0839132191799638,-0.4951647978485969,-100.92015221230344,217.80137104467275,70.45623742875736
6.66,-5.319144207604616,-0.04462056678246833,-0.5962124481175223,-93.1788834357655,232.02932466408865,73.5010826251627
6.67,-5.659851806654039,-0.010239495934659785,-0.684629142102832,-86.4052732562948,244.47878408107758,76.16532217201737
6.68,-5.957970955822285,0.019843941057172687,-0.761993749339978,-80.47836434925796,255.3720610709429,78.4965317755152
6.69,-6.2188252113445,0.0461669484250261,-0.8296877806724807,-75.29231905560071,264.90367843707503,80.53634017857578
6.7,-6.447072684926438,0.06919957987189783,-0.8889200580884206,-70.75452942365062,273.24384363244064,82.32117253125381
6.71,-6.646789224310632,0.0893531323879106,-0.9407483008273679,-66.7839634956943,280.5414881783856,83.88290083984708
6.72,-6.821541196271804,0.10698749083942176,-0.986098013223947,-63.309718308732506,286.92692715608734,85.2494131098662
6.73,-7.081702171737829,0.783202679484494,-1.4090632615709535,-60.269753770140944,292.5141862615764,86.44511134613293
6.74,-7.3093430252706,1.3748909695489322,-1.7791578538745845,-57.60978479887333,297.40303797887935,87.4913473028663
6.75,-7.5085287721117755,1.8926182233553157,-2.1029906221402612,-55.282311949014165,301.68078323151946,88.40680376500802
6.76,-7.682816300597803,2.3456295704359014,-2.3863442943727287,-53.245773205387394,305.42381032757953,89.20782816938203
6.77,-7.835317888023077,2.7420144991314137,-2.6342787575761375,-51.46380180471397,308.6989590366321,89.90872452320926
6.78,-7.968756777020193,3.0888513117399867,-2.8512214128791205,-49.90457682912472,311.5647141570531,90.5220088328081
6.79,-8.085515804892669,3.3923335227724882,-3.0410462362692305,-48.54025497548413,314.0722498874215,91.05863260370708
6.8,-8.187679954281085,3.657880457425927,-3.2071429567355767,-47.34647335354862,316.2663436514938,91.52817840324369
6.81,-8.27707358499595,3.890234025247686,-3.3524775871436296,-37.66566393435504,306.96867594505704,108.87903310283822
6.82,-8.355293011871456,4.093543397091725,-3.479645388750676,-29.194955692560658,298.8332167019249,124.06103096498344
6.83,-8.423735010387524,4.27143909745526,-3.590917215156842,-21.783085980990577,291.7146898641843,137.3452790943605
6.84,-8.483621759089084,4.4270978352733525,-3.6882800632622366,-15.297699983366757,285.48597888116126,148.96899620756545
6.85,-8.53602266420295,4.5632992308641835,-3.773472555354457,-9.622987235445912,280.0358567710161,159.13974868161978
6.86,-8.581873456177581,4.682475452006161,-3.84801598593515,-4.6576135810151715,275.2669999246391,168.0391570964173
6.87,-8.621992899155384,4.786754645505391,-3.9132414876932566,-0.3129116333882753,271.0942501840592,175.82613945936515
6.88,-8.65709741176096,4.877998939817217,-3.9703138017315998,3.488702570785259,267.4430941610518,182.63974902694451
6.89,-9.242400985290839,5.094295447340064,-3.6476443265151497,6.815114999437101,264.24833264092035,188.60165739857644
6.9,-9.754541612129483,5.283554891422556,-3.365308535700756,9.725725874507464,261.45291631080534,193.81832722375438
6.91,-10.202664660613298,5.449156904994736,-3.1182647187381614,12.272510390194032,259.00692702195465,198.3829133207851
6.92,-10.594772328036637,5.594058666870394,-2.902101378895891,14.500946841419779,256.8666863942103,202.37692615568696
6.93,-10.937866537032058,5.720847708511594,-2.7129584565339044,16.450828736242308,254.99397584493403,205.87168738622609
6.94,-11.238073969903052,5.831788119947645,-2.5474583994671662,18.15697539421202,253.35535411431727,208.92960346294782
6.95,-11.50075547366517,5.928860979954189,-2.40264584953377,19.649853719935514,251.9215601000276,211.60528003007934
6.96,-11.730601789457022,6.0137997324599155,-2.275934868342049,20.956122254943573,250.66699033752414,213.94649702631943
6.97,-11.931717315774893,6.088121140902426,-2.1650627597992926,10.632232098075626,203.57049104533363,204.19568464802953
6.98,-12.107693401303031,6.153152373289623,-2.068049664824381,1.5988282108161718,162.3610541646669,195.66372381702584
6.99,-12.261672476140152,6.21005470162842,-1.9831632067213336,-6.30540019053585,126.30279689408354,188.19825808989762
7.0,-12.396404166622634,6.259844238924867,-1.908887555881167,-13.221600041718869,94.7518217823231,181.66597557866044
7.01,-12.514294395794806,6.303410084059258,-1.8438963613960213,-19.27327491150401,67.14471855953272,175.9502283813279
7.02,-12.617448346320455,6.34153019855185,-1.7870290662215187,-24.568490422566008,42.988503239591125,170.9489495836619
7.03,-12.707708053030398,6.374885298732869,-1.7372701829438288,-29.201803994745255,21.851814834642234,166.57283063570418
7.04,-12.786685296401597,6.40407101139126,-1.6937311600758502,-33.255953370402096,3.357212480311956,162.74372655624117
7.05,-9.981575509351398,7.105721634967352,-1.0561183900663689,-36.80333407410183,-12.825564579727038,159.39326048671103
7.06,-7.527104445682473,7.719665930596434,-0.49820721630807274,-39.907292189839104,-26.98549450726116,156.46160267587217
7.07,-5.379442264972163,8.25686718927188,-0.01003493926956367,-42.623255541109216,-39.37543319385351,153.89640209138815
7.08,-3.500237856850643,8.726918290612895,0.41711580313913177,-44.99972347347057,-50.216629544621824,151.65185157996464
7.09,-1.855933999744313,9.138213004286284,0.7908727027467403,-47.079132914286745,-59.7026763515441,149.68786988246907
7.1,-0.41716812477627396,9.498095878750497,1.1179099899033977,-48.8986161750009,-68.00296730760108,147.96938589716044
7.11,0.8417520158207602,9.812993393906686,1.404067616165473,-50.49066402812579,-75.26572189415094,146.46571241001539
7.12,1.943307138843165,10.08852871966835,1.6544555391447888,-51.883705899610064,-81.62063215738208,145.14999810876347
7.13,2.9071678714877693,10.329622129709806,1.8735449717516903,-42.611367537158806,-97.71180376270932,109.97437247016803
7.14,3.750546012551798,10.54057886349608,2.065248225282729,-34.498071470013954,-111.79157891737066,79.19570003639703
7.15,4.488501885982823,10.72516600555907,2.2329885721223874,-27.39893741126221,-124.11138217769933,52.2643616568474
7.16,5.13421327523497,10.886679754864184,2.379761375607089,-21.187195109854436,-134.89121003048692,28.69944057474147
7.17,5.6992107408305985,11.02800428550616,2.5081875786562025,-15.751920596122632,-144.32355940167605,8.080134627898786
7.18,6.193583523226773,11.15166324981789,2.6205605063241775,-10.996055396607304,-152.57686510146655,-9.961758075588563
7.19,6.626159707823427,11.259864843590654,2.7188868180336554,-6.834673347031391,-159.79850758878322,-25.748414191139993
7.2,7.004663869345499,11.354541238141822,2.8049223407794486,-3.193464053652467,-166.11744476518533,-39.5617382922475
7.21,6.5033718856773115,8.639320083374095,1.6769319231820177,-0.007405921945908833,-171.64651479453715,-51.64839688071656
7.22,6.064741399967648,6.2635015729523325,0.6899403077842655,2.78039494329733,-176.48445107022002,-62.22422314562699
7.23,5.680939724971693,4.184660376333291,-0.17367735568876763,5.219720700385164,-180.7176453114425,-71.47807112742362
7.24,5.3451132593502315,2.3656743292916294,-0.9293428112276716,7.354130737837018,-184.4216902725122,-79.57518811149566
7.25,5.051265101931453,0.7740615381301756,-1.5905500848242125,9.22173952060739,-187.66272961344816,-86.6601654725587
7.26,4.794147964190022,-0.6185996541360964,-2.169106449221186,10.855897205531466,-190.49863903676714,-92.85952066348887
7.27,4.569170468666269,-1.8371781973690844,-2.6753432680685374,12.285785179840033,-192.98005978217125,-98.28395645555275
7.28,4.3723151600829855,-2.903434422697949,-3.11830048455997,13.536937157360029,-195.15130293439984,-103.03033777360866
7.29,4.200066765072613,-3.8364086198607055,-3.5058880489899735,11.779195012690025,-241.93864369259984,-116.27467130190759
7.3,4.049349419438537,-4.652761042378117,-3.8450271678662267,10.24117063610377,-282.8775668560249,-127.86346313916914
7.31,3.9174717420087197,-5.367069412080852,-4.141773896882948,8.895399306590798,-318.69912462402175,-138.00365599677298
7.32,3.80207877425763,-5.992089235570745,-4.40142728477258,7.717849393266949,-350.04298767101903,-146.87632474717634
7.33,3.701109927475426,-6.538981581124402,-4.628623999176007,6.687493219108581,-377.46886783714166,-154.6399099037793
7.34,3.612762186540998,-7.017512383483851,-4.827421124279006,5.785931566720008,-401.46651298249895,-161.43304691580687
7.35,3.535457913223373,-7.43622683554837,-5.00136860874413,4.997065120880007,-422.4644524846866,-167.37704180133102
7.36,3.4678166740704515,-7.802601981104823,-5.153572657651114,4.3068069807700065,-440.8376495491008,-172.57803732616463
7.37,4.366630964811645,-6.625478983466721,-4.216691075444725,3.702831108173756,-456.9141969804632,-177.12890841039405
7.38,5.153093469210189,-5.595496360533381,-3.3969196910141344,3.174352219652037,-470.9811759829053,-181.11092060909476
7.39,5.841248160558916,-4.694261565466708,-2.6796197296373676,2.7119331921955325,-483.28978261004215,-184.59518128295792
7.4,6.443383515489051,-3.9056811197833694,-2.0519822634326967,2.3073165431710914,-494.0598134087869,-187.64390937258815
7.41,6.970251951052919,-3.2156732298104482,-1.5027994805036098,1.953276975274705,-503.48359035768857,-190.31154645101464
7.42,7.431261832171305,-2.6119163260841423,-1.0222645454406587,1.643492353365367,-511.7293951879775,-192.64572889463778
7.43,7.834645478149893,-2.0836290353236246,-0.6017964772605764,1.372430809194696,-518.9444744144803,-194.68813853280807
7.44,8.187606168381157,-1.6213776559081716,-0.2338869176030044,1.1352519580453588,-525.2576687376702,-196.47524696620707
7.45,8.496446772333512,-1.2169076989196501,0.08803394709737111,-7.782904661710312,-477.0173348954614,-164.0889659704312
7.46,8.766682300791823,-0.8629964865546939,0.3697147037101997,-15.586291703996523,-434.8070427835287,-135.7509700991273
7.47,9.003138388192845,-0.5533241757353571,0.6161853657464247,-22.414255365996958,-397.8730371855876,-110.9552237117364
7.48,9.210037464668739,-0.2823609037684375,0.8318471950281215,-28.38872357024734,-365.5557822873891,-89.25894562276935
7.49,9.391074156585146,-0.04526804079738278,1.0205512956496063,-33.61638324896642,-337.27818425146546,-70.27470229492317
7.5,9.549481262012003,0.16218821430229008,1.1856673836934055,-38.19058546784562,-312.53528597003225,-53.66348938305778
7.51,9.688087479260503,0.3437124375145038,1.3301439607317298,-42.193012409364925,-290.8852499737782,-39.12867808517556
7.52,9.80936791935294,0.5025461328251908,1.4565609656402634,-45.695135983194305,-271.9414684770559,-26.41071819952861
7.53,9.624369679433823,0.24466936622204197,2.0681637199352303,-48.75949411029502,-255.3656596674239,-15.282503299587532
7.54,9.462496219504594,0.019027195444286715,2.6033161299433267,-51.44080747150815,-240.86182695899592,-5.54531526213909
7.55,9.320856942066518,-0.1784097039862491,3.071574488700411,-53.78695666256964,-228.17097333912145,2.974724270628296
7.56,9.196922574308203,-0.351166990987968,3.4813005526128595,-55.839837204748434,-217.06647642173127,10.429758861799758
7.57,9.088480002519677,-0.502329617114472,3.8398108585362523,-57.636107679154875,-207.35004161901486,16.952914129074788
7.58,8.993592752204718,-0.634596914975163,4.1535073762192205,-59.20784434426052,-198.848161166638,22.66067498794044
7.59,8.910566408179127,-0.7503308006032676,4.427991829191818,-60.58311392622795,-191.40901577080825,27.654965739447885
7.6,8.837918357156736,-0.8515979505278592,4.668165725542841,-61.78647481044946,-184.89976354945722,32.0249701470169
7.61,8.774351312512144,-0.9402067067118769,4.878317884849986,-63.82816570914328,-160.70229310577506,34.483723878639786
7.62,8.718730148448126,-1.0177393683728924,5.0622010242437385,-65.61464524550037,-139.52950646755318,36.63513339380982
7.63,8.67006162989211,-1.085580447326281,5.223098771213271,-67.17781483981283,-121.00331815910904,38.517616719583586
7.64,8.627476676155597,-1.1449413914104958,5.3638842998116125,-68.54558823483623,-104.79290338922041,40.164789629635635
7.65,8.590214841636147,-1.1968822174841838,5.487071637335161,-69.7423899554817,-90.60879046556786,41.60606592593118
7.66,8.557610736431629,-1.2423304402986608,5.594860557668266,-70.78959146104648,-78.19769165737189,42.86718268518978
7.67,8.529082144377675,-1.2820976352613283,5.689175862959733,-71.70589277841567,-67.3379802002004,43.97065984954106
7.68,8.504119626330466,-1.3168939308536622,5.771701755089767,-72.50765643111372,-57.83573267517536,44.936202368348425
7.69,7.730319673039158,-1.4084065644969543,5.473290535703546,-73.2091996272245,-49.52126609077844,45.781052072304874
7.7,7.0532447139092636,-1.4884801189348351,5.212180718740602,-73.82304992382144,-42.24610782943113,46.520295563266764
7.71,6.460804124670606,-1.5585444790679808,4.983709628898026,-74.36016893334376,-35.88034435075224,47.16713361785842
7.72,5.942418609086781,-1.619850794184483,4.783797425285773,-74.83014806667579,-30.310301306908208,47.73311691562611
7.73,5.488831282950933,-1.6734938199114227,4.608874247125051,-75.24137980834132,-25.436513643544682,48.22835230117285
7.74,5.091942372582066,-1.7204314674224948,4.4558164662344195,-75.60120758229866,-21.171949438101596,48.66168326352624
7.75,4.744664576009308,-1.7615019089946828,4.321890907955117,-75.91605688451132,-17.440455758338896,49.04084785558546
7.76,4.440796504008144,-1.7974385453703474,4.204706044460727,-76.1915500239474,-14.175398788546534,49.37261687363728
7.77,4.174911941007126,-1.828883102199054,4.102169288903136,-76.95323164595396,25.53215143502178,52.55479001443261
7.78,3.9422629483812357,-1.8563970894241721,4.012449627790244,-77.6197030652097,60.27625788064406,55.33919151262853
7.79,3.7386950798335814,-1.8804718282461506,3.9339449243164637,-78.20286555705849,90.67735102056355,57.77554282354996
7.8,3.5605731948543835,-1.9015372247153817,3.865253308776906,-78.71313273742618,117.27830751799311,59.90735022060621
7.81,3.4047165454975854,-1.919969446625959,3.8051481451797926,-79.15961652024791,140.55414445324396,61.772681693030435
7.82,3.2683419773103872,-1.936097640797714,3.7525561270323187,-79.55028983021691,160.92050177158848,63.404846731401626
7.83,3.1490142301465887,-1.9502098106979997,3.706538111153279,-79.89212897643979,178.7410644251399,64.83299113997643
7.84,3.0446024513782652,-1.9625579593607496,3.6662723472591194,-80.19123822938481,194.33405674699742,66.08261749747938
7.85,1.5225638949559823,-2.110800839440656,3.225606428851729,-80.4529588257117,207.97792502862274,67.17604056029445
7.86,0.19078015808648452,-2.2405133595105737,2.8400237502452628,-80.68196434749774,219.91630977504488,68.13278574025765
7.87,-0.974530611674326,-2.354011814571752,2.502638906464605,-80.88234417906051,230.36239642816426,68.96993777272544
7.88,-1.994177535215035,-2.453322962750283,2.207427168156529,-81.05767653167794,239.50272224964374,69.70244580113477
7.89,-2.8863685933131555,-2.5402202174064974,1.949116897136963,-81.21109234021819,247.50050734343827,70.34339032599293
7.9,-3.6670357691490114,-2.6162553152306853,1.7230954099948426,-81.3453311726909,254.49856930050848,70.90421678524382
7.91,-4.350119548005385,-2.6827860258268497,1.5253266087454873,-81.46279015110454,260.62187351294494,71.39493993708834
7.92,-4.947817854504712,-2.7410003975984933,1.3522789076523014,-81.56556675721647,265.9797646988268,71.8243226949523
7.93,-5.470803872691623,-2.7919379728986815,1.2008621691957637,-78.2036211625644,270.89541948647343,70.03878235808327
7.94,-5.92841663860517,-2.8365083512863465,1.0683725230462933,-75.26191876724384,275.1966174256643,68.47643456332285
7.95,-6.328827808779524,-2.875507432375553,0.9524440826655066,-72.68792917133835,278.96016562245626,67.10938024290749
7.96,-6.679187582682084,-2.9096316283286088,0.8510066973323184,-70.43568827492106,282.2532702946492,65.91320771254405
7.97,-6.9857523848468235,-2.9394902997875327,0.7622489851657787,-68.46497749055592,285.13473688281806,64.86655674847604
7.98,-7.25399658674097,-2.965616637314091,0.6845859870200564,-66.74060555423642,287.6560201474658,63.95073715491654
7.99,-7.4887102633983496,-2.9884771826498295,0.6166308636425494,-65.23178010995687,289.8621430040326,63.14939501055198
8.0,-7.6940847304735565,-3.0084801598186006,0.5571701306872308,-63.91155784621227,291.7925005035285,62.44822063423298
8.01,-7.801836139164362,-1.9730695148412756,0.2064133643513269,-62.75636336543574,293.48156331558744,61.83469305495386
8.02,-7.8961186217688155,-1.0670852004861162,-0.10049880619258894,-61.745568194756274,294.95949327613897,61.29785642308463
8.03,-7.978615794047714,-0.2743489254253517,-0.3690469554185153,-60.86112242041174,296.2526819916216,60.828124370199056
8.04,-8.05080081979175,0.4192953152528172,-0.6040265859912008,-60.087232367860274,297.3842221176689,60.417108823924174
8.05,-8.113962717317781,1.026234025846215,-0.8096337627423007,-59.41007857187774,298.3743197279603,60.05747022093365
8.06,-8.169229377653059,1.5573053976154383,-0.9895400423995131,-58.81756900039302,299.24065513696524,59.74278644331695
8.07,-8.217587705446427,2.0219928479135083,-1.146958037099574,-58.2991231253439,299.99869861984456,59.467438137902334
8.08,-8.259901242265624,2.4285943669243197,-1.2846987824621272,-57.84548298467591,300.661986667364,59.22650837066455
8.09,-8.29692558698242,2.78437069605878,-1.4052219346543613,-41.17792223659142,280.11986358394347,77.63569544933148
8.1,-8.329321888609618,3.0956749840514326,-1.510679692822566,-26.593806582017493,262.1455058859505,93.74373414316504
8.11,-8.357668652533416,3.3680662360450038,-1.6029552312197453,-13.832705384265306,246.4179429002067,107.83826800026941
8.12,-8.382472070966738,3.6064085815393785,-1.6836963273172771,-2.666741836232143,232.65632528768086,120.17098512523573
8.13,-8.404175062095895,3.8149581338469565,-1.7543447864026176,7.103476268296874,220.61490987672076,130.96211260958125
8.14,-8.423165179333909,3.997438992116087,-1.8161621881022905,15.652417109759764,210.07867139213067,140.40434915838358
8.15,-8.43978153191717,4.157109743101576,-1.8702524145895043,23.132740346039792,200.85946271811434,148.66630613858564
8.16,-8.454320840427524,4.296821650213879,-1.9175813627658163,29.67802317778482,192.79265512835005,155.8955184962624
8.17,-9.312335110374082,4.099733443937144,-1.6777171924200893,35.40514565556172,185.7341984873063,162.2210793092296
8.18,-10.063097596577322,3.9272812634450007,-1.4678360433675781,40.4163778236165,179.558048926393,167.7559450205759
8.19,-10.720014772005156,3.776385605514376,-1.284190037946631,44.80120597066444,174.1539180605939,172.5989525180039
8.2,-11.29481730050451,3.6443519048250788,-1.123499783203302,48.63793059933138,169.42530355301966,176.8365840782534
8.21,-11.797769512941446,3.528822416721944,-0.9828958103028893,51.99506464941496,165.28776585889221,180.5445116934717
8.22,-12.237852698823765,3.427734114631701,-0.8598673340150282,54.93255694323808,161.66742037653069,183.78894835678773
8.23,-12.622925486470795,3.3392818503027386,-0.7522174172631497,57.502862700333324,158.49961807946437,186.62783043718923
8.24,-12.959864175661945,3.2618861190148962,-0.658023740105256,59.75188023779166,155.72779106953132,189.1118522575406
8.25,-13.2546855287042,3.1941648541380343,-0.575604272592099,38.8035203330677,124.8255670608399,200.884119725348
8.26,-13.512654212616175,3.13490874737078,-0.5034872385180866,20.473705416434242,97.78612105323491,211.1848537596795
8.27,-13.738376811039153,3.083059653949433,-0.44038483370332576,4.435117364379961,74.12660579658055,220.19799603971956
8.28,-13.935884084659257,3.0376916972057537,-0.38517022949041,-9.598647181167534,53.42452994700798,228.0844955347546
8.29,-14.10870294907685,2.9979947350550344,-0.3368574508041087,-21.87819115852159,35.31021357863199,234.9851825929103
8.3,-14.259919455442244,2.9632598931731553,-0.2945837694535951,-32.622792138706394,19.46018675630299,241.0232837687965
8.31,-14.392233898511963,2.932866906526511,-0.25759429827189567,-42.0243179963681,5.591413286765114,246.30662229769692
8.32,-14.508009036197967,2.9062730432106973,-0.2252285109879087,-50.25065312182208,-6.5437634990805265,250.9295435104848
8.33,-11.453865906673222,4.21273541280936,0.19283430288557987,-57.44869635659432,-17.162043186695463,254.9745995716742
8.34,-8.78149066833907,5.35588998620819,0.5586392650248824,-63.746984187020026,-26.453037913358532,258.5140236252149
8.35,-6.4431623347966855,6.356150237932166,0.8787186068967721,-69.25798603864253,-34.582658299188715,261.61101967206304
8.36,-4.3971250429471,7.231377958190645,1.1587880310346756,-74.08011265881221,-41.696076136790126,264.3208912130551
8.37,-2.606842412578713,7.997202213416815,1.4038487771553414,-78.29947345146068,-47.92031674469136,266.69202881142326
8.38,-1.0403451110063735,8.667298436739713,1.6182769300109237,-81.9914141450281,-53.36652727660494,268.76677420999533
8.39,0.3303400278694232,9.25363263214725,1.8059015637595581,-85.2218622518996,-58.131961492029326,270.58217643374593
8.4,1.5296895243857453,9.766675053128845,1.9700731182896134,-88.04850434541216,-62.30171643052566,272.1706533795277
8.41,2.579120333837527,10.215587171487739,2.1137232285034115,-77.84306630223563,-71.45400137670995,234.94244670708676
8.42,3.497372292107836,10.608385275051772,2.239417074940485,-68.91330801445616,-79.46225070462121,202.36776586870093
8.43,4.300842755594356,10.9520836156703,2.349399190572924,-61.09976951264914,-86.46946886654356,173.86492013511332
8.44,5.0038794111450615,11.252819663711513,2.4456335417513086,-54.262923323567996,-92.60078475822561,148.92493011822415
8.45,5.619036484751929,11.515963705747575,2.529838599032395,-48.280682908121996,-97.96568616344742,127.10243885344613
8.46,6.157298924157938,11.746214742529128,2.6035180241533458,-43.04622254460674,-102.65997489301648,108.00775899676538
8.47,6.628278558638196,11.947684399712987,2.6679875211341777,-38.4660697265309,-106.76747753138942,91.29991412216971
8.48,7.040385738808422,12.123970349748864,2.7243983309924054,-34.45843601071453,-110.36154233996574,76.6805498568985
8.49,6.794918021457369,9.678877681030258,1.738095289618355,-30.951756509375212,-113.50634904747002,63.88860612478618
8.5,6.580133768775198,7.539421595901476,0.8750801284160606,-27.883411945703312,-116.25805491653627,52.69565535918791
8.51,6.392197547678299,5.6673975214137915,0.11994186236405313,-25.1986104524904,-118.66579755196923,42.901823439289416
8.52,6.227753354218511,4.029376456237068,-0.5408041204314534,-22.849409145929098,-120.77257235797308,34.332220509378246
8.53,6.083864684941197,2.5961080242074344,-1.1189568553775218,-20.793858002687962,-122.61600031322644,26.833817945705963
8.54,5.957962099323548,1.341998146181505,-1.6248404984553315,-18.995250752351968,-124.22899977407313,20.272715702492718
8.55,5.847797336908105,0.24465200290881683,-2.067488686148415,-17.42146940830797,-125.64037430231399,14.531751239681128
8.56,5.751403169794592,-0.7155258724547853,-2.454805850379863,-16.044410732269473,-126.87532701452474,9.508407334720987
8.57,5.667058273570269,-1.5556815133979371,-2.79370836908238,-16.74260939073579,-153.98716176270915,-33.10264545711914
8.58,5.593256489373985,-2.290817699223195,-3.090248072947082,-17.353533216893815,-177.71001716737052,-70.38731664997925
8.59,5.528679928202237,-2.934061861820296,-3.3497203138286964,-17.888091564782087,-198.46751564644921,-103.01140394373185
8.6,5.472175437176958,-3.4969005040927588,-3.576758524600109,-18.355830119184326,-216.6303268156431,-131.55748032576537
8.61,5.422734007529838,-3.989384316081164,-3.775416959025095,-18.765101354286283,-232.52278658868772,-156.5352971600447
8.62,5.3794727565886085,-4.420307651571019,-3.9492430891469583,-19.123213685000497,-246.42868889010177,-178.39088689003913
8.63,5.341619162015032,-4.797365570124642,-4.1013409530035885,-19.436561974375433,-258.59635340383903,-197.51452790378423
8.64,5.308497266763153,-5.127291248859062,-4.23442658387814,-19.710741727578505,-269.24305985335917,-214.2477137908112
8.65,5.0266644834177585,-4.209887592751679,-3.568108885893372,-19.950649011631192,-278.55892799668925,-228.88925144195977
8.66,4.780060797990538,-3.4071593936577194,-2.9850809001567002,-20.160567885177294,-286.71031262210306,-241.7005968867148
8.67,4.564282573241721,-2.7047722194505046,-2.4749314126371127,-20.34424689953013,-293.84277416934015,-252.91052415087546
8.68,4.375476626586506,-2.0901834420191916,-2.0285506110574736,-20.504966037088863,-300.0836780231726,-262.71921050701604
8.69,4.210271423263193,-1.5524182617667925,-1.6379674096752894,-20.645595282452753,-305.544468895276,-271.30181106863904
8.7,4.065716870355294,-1.0818737290459435,-1.2962071084658784,-20.76864587214616,-310.32266090836646,-278.8115865600592
8.71,3.9392316365608817,-0.6701472629152005,-0.9971668449076435,-20.87631513812789,-314.50357891982065,-285.3826401150518
8.72,3.828557056990771,-0.30988660505080046,-0.7355066142941881,-20.970525745861902,-318.1618821798431,-291.13231197567035
8.73,3.7317167998669247,0.005341470580549568,-0.5065539125074145,-21.149210027629167,-299.64977228236273,-240.45639797871155
8.74,3.6469815748835592,0.28116603675798085,-0.3062202984439877,-21.30555877417552,-283.4516761220674,-196.1149732313726
8.75,3.5728382530231144,0.5225125321632332,-0.13092838613848926,-21.44236392740358,-269.278341981809,-157.316226577451
8.76,3.507962846395225,0.7336907156428291,0.02245203712882189,-21.562068436478132,-256.87667460908284,-123.36732325526962
8.77,3.451196865595822,0.9184716261874755,0.15665990748771916,-21.666809881918365,-246.02521565794748,-93.66203284836092
8.78,3.4015266323963442,1.080154922914041,0.27409179405175427,-21.75845864667857,-236.53018907570404,-67.66990374231581
8.79,3.358065178346801,1.221627807549786,0.376844694795285,-21.838651315843748,-228.22204081624102,-44.92679077452634
8.8,3.320036406053451,1.3454165816060626,0.4667534829458744,-21.90881990136328,-220.95241108921087,-25.026566927710544
8.81,3.8175849802967696,0.8187970089053047,0.8615887975776402,-21.970217413692872,-214.5914850780595,-7.613871061746725
8.82,4.252939982759673,0.3580048827921416,1.2070696978804352,-22.023940236981264,-209.02567481830204,7.622237820971616
8.83,4.633875609914714,-0.045188227556876126,1.5093654856453809,-22.070947707358606,-204.1555908410143,20.953833093350163
8.84,4.967194283675375,-0.3979821991122666,1.7738742999397084,-22.11207924393878,-199.89426736088748,32.61897895668139
8.85,5.2588481232159525,-0.7066769242232334,2.0053195124472447,-22.148069338446433,-196.16560931577655,42.825981587096216
8.86,5.514045232813958,-0.9767848086953292,2.2078340733913393,-22.17956067114063,-192.90303352630448,51.75710888870918
8.87,5.737342703712213,-1.213129207608413,2.385034314217422,-22.207115587248055,-190.04827971051643,59.57184527762054
8.88,5.932727990748186,-1.4199305566573615,2.5400845249402444,-22.23122613884205,-187.55037012170186,66.40973961791798
8.89,6.103690116904662,-1.6008817370751913,2.675753459322714,-29.339823371486794,-169.1159489814891,63.86602241567823
8.9,6.2532819772915795,-1.7592140199407924,2.794463776907375,-35.55984595005094,-152.98583048380297,61.64026986371845
8.91,6.384174855130132,-1.8977547674481934,2.898335304793953,-41.002365706294576,-138.87197679832758,59.692736380753644
8.92,6.498706123238865,-2.0189779215171693,2.989222891694709,-45.76457049300775,-126.52235482353665,57.988644583159434
8.93,6.598920982834007,-2.1250481813275233,3.0687495302328704,-49.93149968138179,-115.71643559559458,56.497564260264504
8.94,6.686608984979755,-2.217859658661583,3.1383353389537616,-53.57756272120906,-106.26125627114526,55.19286897773144
8.95,6.763335986857285,-2.299069701328885,3.1992229215845414,-56.76786788105793,-97.9879743622521,54.05126060551501
8.96,6.830472113500124,-2.3701284886627745,3.2524995563864736,-59.55938489592569,-90.7488526919706,53.05235327982563
8.97,6.837428974312609,-2.4372308025799274,3.046872111838164,-62.00196228393498,-84.41462123047428,52.178309369847426
8.98,6.8435162275235335,-2.4959453272574366,2.8669480978583937,-64.1392174984431,-78.872168701665,51.4135209486165
8.99,6.848842574083092,-2.5473205363502567,2.7095145856260943,-66.00931581113771,-74.02252273895688,50.74433108003944
9.0,6.853503127322705,-2.5922738443064746,2.571760262422832,-67.6456518347455,-69.77908252158727,50.158789945034506
9.01,6.8575811114073675,-2.631607988768165,2.451225229619978,-69.0774458554023,-66.06607233138887,49.64644145190519
9.02,6.8611493474814464,-2.666025365172144,2.3457570759174806,-70.33026562347702,-62.81718841496526,49.198136520417044
9.03,6.864271554046266,-2.696140569525626,2.2534724414277956,-71.42648292054238,-59.9744149880946,48.80586970536491
9.04,6.867003484790483,-2.7224913733349227,2.172723386249321,-72.38567305547458,-57.48698823958277,48.4626362421943
9.05,6.869393924191673,-2.7455483266680574,2.102067962968156,-73.13308904854026,-38.96986420963492,52.65543171192001
9.06,6.871485558667715,-2.76572316083455,2.040244467597136,-73.78707804247273,-22.767380683430556,56.32412774793001
9.07,6.8733157388342505,-2.783376140730231,1.9861489091474942,-74.35931841216363,-8.590207598001736,59.53423677943876
9.08,6.874917146479969,-2.7988224981389522,1.9388152955040574,-74.86002873564318,3.8148188517484805,62.343082182008914
9.09,6.876318378169973,-2.812338060871583,1.8973983835660504,-75.29815026868779,14.66921699527992,64.80082190925779
9.1,6.877544455898727,-2.824164178262635,1.8611585856202941,-75.68150661010182,24.166815370869926,66.95134417060056
9.11,6.878617273911386,-2.8345120309798055,1.8294487624177573,-76.0169434088391,32.47721394951118,68.83305114927549
9.12,6.879555989672463,-2.8435664021073297,1.8017026671155378,-76.31045060773421,39.74881270582229,70.47954475561605
9.13,5.793878490963405,-2.8915822268439135,1.7865583337260955,-76.56726940676744,46.1114616175945,71.92022666116404
9.14,4.843910679592979,-2.9335960734884243,1.7733070420103336,-76.79198585592151,51.678779415395184,73.18082332851853
9.15,4.012688844643857,-2.970358189302371,1.7617121617590419,-76.98861274893132,56.55018248847078,74.28384541245372
9.16,3.2853697390633747,-3.0025250406395747,1.7515666415391615,-77.1606612803149,60.81266017741193,75.248989735897
9.17,2.648965521680453,-3.0306710355596276,1.7426893113467663,-77.31120374527553,64.54232815523544,76.09349101890987
9.18,2.0921118314703966,-3.055298781114674,1.7349216474284206,-77.4429284021161,67.80578763583101,76.83242964154614
9.19,1.604864852536597,-3.0768480584753397,1.728124941499868,-77.55818747685159,70.66131468135214,77.47900093635288
9.2,1.1785237459695224,-3.0957036761659222,1.7221778238123846,-77.65903916724514,73.15990084618312,78.04475081930876
9.21,0.805475277723332,-3.112202341645182,1.7169740958358366,-74.08103427133949,92.75866474041024,79.47603184189516
9.22,0.4790578680079156,-3.1266386739395338,1.712420833856357,-70.95027998742205,109.90758314785896,80.72840273665827
9.23,0.1934426345069262,-3.1392704646970917,1.7084367296243124,-68.21086998899429,124.91288675437659,81.82422726957599
9.24,-0.05647069480643957,-3.150323281609955,1.7049506384212734,-65.81388624037,138.04252741007951,82.78307373587899
9.25,-0.2751448579556346,-3.1599944964087103,1.7019003086186142,-63.71652546032375,149.53096298381956,83.6220643938941
9.26,-0.46648475071118023,-3.1684568093576213,1.6992312700412875,-61.88133477778328,159.58334411084212,84.35618121965734
9.27,-0.6339071568722827,-3.1758613331879184,1.6968958612861265,-60.27554293056036,168.37917759698686,84.99853344220017
9.28,-0.7804017622632473,-3.1823402915394285,1.6948523786253606,-58.87047506424031,176.0755318973635,85.56059163692515
9.29,-1.4888034169803412,-2.999338505097,1.4334177062971905,-57.64104068121027,182.80984191019306,86.0523925573095
9.3,-2.1086548648577987,-2.839211941959875,1.2046623680100417,-56.565285596058985,188.70236317141894,86.48271836264581
9.31,-2.651024881750574,-2.699101199214891,1.0045014470087865,-55.62399989655161,193.85831927499157,86.8592534423151
9.32,-3.1255986465317522,-2.57650429931303,0.8293606411326881,-54.800374909482656,198.36978086561763,87.18872163702571
9.33,-3.540850690715283,-2.4692320118989013,0.6761124359911022,-54.07970304579732,202.31730975741542,87.47700630739749
9.34,-3.9041962293758727,-2.3753687604115385,0.5420202564922143,-53.449115165072655,205.7713975377385,87.7292553939728
9.35,-4.222123575703889,-2.293238415360096,0.4246895994306875,-52.897350769438575,208.79372434552118,87.9499733447262
9.36,-4.5003100037409025,-2.221374363440084,0.3220252745018516,-52.41455692325876,211.43826030233103,88.14310155163543
9.37,-4.74372312827329,-2.158493318010074,0.23219399018912015,-37.28773705785141,226.19035201453966,90.65708898268099
9.38,-4.956709612239129,-2.103472403258815,0.15359161641548014,-24.05176967561998,239.09843226272218,92.85682798484586
9.39,-5.143072785709237,-2.055329102851463,0.08481453936354513,-12.47029821616748,250.39300247988191,94.78159961174013
9.4,-5.306140562495583,-2.01320371499503,0.024634596943101994,-2.336510689146545,260.27575141989666,96.46577478527261
9.41,-5.448824867183634,-1.9763440006206514,-0.028022852674785756,6.5305533969967735,268.9231567424096,97.93942806211354
9.42,-5.57367363378568,-1.94409175054307,-0.07409812109043754,14.289234472372177,276.4896363996084,99.22887467934935
9.43,-5.68291630456247,-1.9158710317251861,-0.11441398095413284,21.078080413325658,283.11030609965735,100.35714046943068
9.44,-5.778503641492161,-1.891177902759538,-0.14969035833486624,27.018320611659952,288.9033920872002,101.34437303575184
9.45,-6.518571936305641,-1.0202461649145957,-0.31022343854300793,32.216030785202456,293.9723423263002,102.20820153128287
9.46,-7.166131694267436,-0.25818089430027125,-0.45068988372513197,36.76402718705215,298.40767378551266,102.96405146487251
9.47,-7.732746482484006,0.4086262174872627,-0.5735980232594905,40.743524038670635,302.2885888123236,103.62542015676345
9.48,-8.228534422173507,0.9920824403013548,-0.6811426453520542,44.22558378383681,305.68438946078317,104.20411776216802
9.49,-8.662348869401818,1.5026066352636855,-0.7752441896830474,47.272386060857215,308.6557150281853,104.71047816689702
9.5,-9.04193651072659,1.9493153058557249,-0.8575830409726665,49.938338053250064,311.25562489966217,105.15354352103489
9.51,-9.374075696885766,2.3401853926237592,-0.9296295358510832,52.27104604659381,313.53054603720443,105.54122570590553
9.52,-9.664697484775045,2.6821967185457893,-0.9926702188696979,54.312165540769584,315.52110203255387,105.88044761766734
9.53,-9.918991549178164,2.9814566287275657,-1.0478308165109858,55.323769848173384,299.69283940348464,123.68601616545894
9.54,-10.141498855530894,3.24330905013662,-1.0960963394471124,56.20892361715171,285.843109603049,139.26588864477657
9.55,-10.336192748589532,3.4724299188695427,-1.1383286720162233,56.98343316500775,273.72459602766787,152.8982770641795
9.56,-10.506549905015842,3.6729106790108497,-1.1752819630141955,57.66112901938179,263.1208966492094,164.82661693115708
9.57,-10.65561241688886,3.8483313441344933,-1.207616092637421,58.25411289195907,253.8426596930582,175.26391431476245
9.58,-10.786042114777754,4.001824426117682,-1.2359084560577434,58.772973780464184,245.72420235642593,184.39654952541716
9.59,-10.900168100430534,4.136130872852972,-1.2606642740505256,59.226977057906154,238.62055218687271,192.38760533474002
9.6,-11.000028337876717,4.25364901374635,-1.28232561479421,59.62422992566789,232.40485828851362,199.3797791678975
9.61,-10.556946170642128,5.0986656370280565,-1.0968786629449336,59.9718261849594,226.96612612744943,205.49793127191032
9.62,-10.169249274311861,5.8380551823995495,-0.9346125800768169,60.275972911839474,222.20723548651827,210.85131436292153
9.63,-9.830014490022878,6.4850210345996055,-0.7926297575672148,60.542101297859546,218.0432061757035,215.53552456755634
9.64,-9.533184053770018,7.051116155274655,-0.6683947878713129,60.7749636356271,214.39968052874056,219.6342084966118
9.65,-9.273457422048766,7.546449385865323,-0.5596891893873988,60.97871818117372,211.211595587648,223.22055693453532
9.66,-9.04619661929267,7.979865962632157,-0.4645717907139739,61.157003408527004,208.422021264192,226.3586118177184
9.67,-8.847343416881086,8.359105467303138,-0.3813440668747272,61.31300298246113,205.98114373116803,229.10440984050362
9.68,-8.67334686477095,8.690940033890246,-0.3085198085153863,61.44950260965349,203.84537588977204,231.50698311044067
9.69,-8.521099881674582,8.981295279653967,-0.24479858245096303,42.1614396584468,170.55970415355054,221.8361110966356
9.7,-8.38788377146526,9.235356119697222,-0.18904250964459265,25.28438457614095,141.43474138435673,213.37409808455612
9.71,-8.271319675032103,9.45765935473507,-0.14025594593901858,10.516961379123332,115.95039896131215,205.9698366989866
9.72,-8.16932609065309,9.652174685393186,-0.09756770269664125,-2.4045339182670844,93.65159934114811,199.49110798661326
9.73,-8.080081704321454,9.822375599719038,-0.060215489859561086,-13.710842303483698,74.1401496735046,193.8222203632866
9.74,-8.001992866281272,9.971301399754159,-0.027532303627115947,-23.603862140548237,57.06763121431653,188.86194369287577
9.75,-7.933665132996113,10.10161147478489,0.0010654843262735483,-32.26025449797971,42.12917756252696,184.5217016062663
9.76,-7.873878366371599,10.21563279043678,0.026088548785489357,-39.83459781073225,29.058030617211095,180.723989780483
9.77,-5.81367207057515,9.684278566632182,-0.4059603948126968,-46.46214820939072,17.620777040059707,177.40099193292264
9.78,-4.010991561753256,9.219343620803159,-0.7840032204611097,-52.26125480821688,7.613180160052243,174.4933688163073
9.79,-2.433646116534099,8.812525543202764,-1.114790692903471,-57.33547308218977,-1.1434671099542877,171.9491985892689
9.8,-1.0534688519673363,8.456559725302418,-1.4042297312905372,-61.77541407191605,-8.805533471210001,169.72304964061027
9.81,0.1541862545285808,8.145089634639616,-1.6574888898792202,-65.66036243792655,-15.509841537308752,167.77516931053398
9.82,1.2108844727125083,7.872553305309664,-1.8790906536443177,-69.05969225818573,-21.37611109514516,166.07077402171723
9.83,2.135495413623445,7.634084017145955,-2.072992196938778,-72.03410585091251,-26.509096958252016,164.57942814400258
9.84,2.9445299869205144,7.425423390002711,-2.2426560473214305,-74.63671774454845,-31.000459588470513,163.27450050100225
9.85,3.65243523855545,7.242845341252372,-2.3911119164062518,-63.565878026479886,-48.9041518899117,108.21518743837697
9.86,4.271852333736019,7.083089548595826,-2.52101080185547,-53.8788932731699,-64.56988265367274,60.03828850857986
9.87,4.813842292019016,6.943303230021348,-2.634672326623536,-45.40278161402366,-78.27739707196365,17.88350194500738
9.88,5.288083505516639,6.820990201268679,-2.7341261607955936,-37.986183912270704,-90.2714721879682,-19.001936298118537
9.89,5.7030445673270584,6.713966301110094,-2.821148265696144,-31.496660923236867,-100.76628791447217,-51.276694760853715
9.9,6.066135496411176,6.620320388471333,-2.897292607484126,-25.818328307832257,-109.94925167516315,-79.517108415747
9.91,6.383840059359779,6.538380214912416,-2.96391890654861,-20.849787269353225,-117.98434496576776,-104.22747036377862
9.92,6.661831551939807,6.466682563048364,-3.0222169182300336,-16.502313860684072,-125.0150515950468,-125.8490370683063
9.93,3.9262528579473317,2.7657569926673182,-1.8971505534512794,-12.698274628098563,-131.16691989566596,-144.767907934768
9.94,1.5326215007039152,-0.4725528814160964,-0.9127174842698694,-9.369740299586244,-136.5498046587077,-161.321919942922
9.95,-0.561805936884074,-3.3060740212390844,-0.05133854873613575,-6.457272762137964,-141.25982882636924,-175.80668045005675
9.96,-2.394429944773565,-5.785405018584199,0.7023680198558813,-3.908863666870719,-145.38109997307308,-188.48084589379965
9.97,-3.997975951676869,-7.9548196412611745,1.3618612673738961,-1.679005708511879,-148.98721222643894,-199.5707406570747
9.98,-5.40107870771726,-9.853057436103528,1.9389178589521592,0.27212000505210576,-152.14256044813408,-209.27439857494036
9.99,-6.628793619252602,-11.514015506590587,2.4438423765831394,1.9793550044205925,-154.9034901421173,-217.76509925307283
10.0,-7.703044166846026,-12.967353818266764,2.8856513295102473,3.4731856288680185,-157.31930362435264,-225.19446234643874
10.01,-8.643013395990273,-14.239024840983419,3.2722341633214667,1.345912425259516,-186.52314079630855,-190.0932795531339
10.02,-9.46548647149149,-15.35173698586049,3.6104941429062833,-0.5154516278979235,-212.07649832176998,-159.37974460899216
10.03,-10.185150412555053,-16.32536011262793,3.906471625042998,-2.144145174410683,-234.4356861565487,-132.50540153286815
10.04,-10.81485636098567,-17.177280348549438,4.165451921912624,-3.569252027609348,-253.99997551198013,-108.99035134125963
10.05,-11.365849065862461,-17.92271055498076,4.392059681673546,-4.8162205241581795,-271.1187286979826,-88.41468242360217
10.06,-11.847967682629653,-18.574961985608166,4.5903414714643525,-5.907317958638407,-286.0976377357348,-70.4109721206519
10.07,-12.269821472300945,-19.145681987407148,4.763838037531308,-6.862028213808606,-299.204183143768,-54.65772560557042
10.08,-9.612062538263327,-16.312733113981253,4.261252532839894,-7.69739968708253,-310.67241037579697,-40.873634904874116
10.09,-7.286523470980411,-13.833902849733596,3.821490216234907,-8.428349726197213,-320.70710920382237,-28.81255554176485
10.1,-5.25167678710786,-11.664926368516896,3.436698189205544,-9.067931010422562,-329.4874706783446,-18.259111099044244
10.11,-3.471185938719377,-9.767071947452283,3.100005165554851,-9.627564634119741,-337.1702869685515,-9.024847211663712
10.12,-1.913256446379455,-8.106449329020748,2.8053987698604947,-10.117244054854774,-343.8927512224826,-0.9448663102057475
10.13,-0.5500681405820231,-6.653404537893154,2.547618173627933,-10.545713547997927,-349.7749074446723,6.125116978569971
10.14,0.6427216269907298,-5.38199034565651,2.3220601519244415,-10.920624354498186,-354.92179413908826,12.311352356248726
10.15,1.6864126736168887,-4.269502927449445,2.1246968829338866,-11.248671310185912,-359.4253199967022,17.724308311717635
10.16,2.5996423394147774,-3.296076436518265,1.9520040225671509,-11.535712396412674,-363.36590512211444,22.460644772752932
10.17,3.39871829698793,-2.4443282569534817,1.8008977697462571,-17.61874872186109,-329.2545421068501,27.353064301158813
10.18,4.0979097598644385,-1.6990485998342963,1.668679798527975,-22.941405506628453,-299.4070994684938,31.63393138851396
10.19,4.709702289881384,-1.0469288998550095,1.5529890737119783,-27.598730193299897,-273.29058715993204,35.37969008994972
10.2,5.245020753646211,-0.4763241623731333,1.451759689497981,-31.67388929413741,-250.43863888994053,38.657228953706
10.21,5.713424409440434,0.022954982923508338,1.3631839783107333,-35.239653507370235,-230.44318415369796,41.525075459492754
10.22,6.12327760826038,0.4598242350580698,1.2856802310218918,-38.35969719394895,-212.9471612594857,44.03444115205616
10.23,6.481899157227832,0.8420848306758111,1.2178644521441553,-41.089735419705335,-197.63814122705,46.23013613304914
10.24,6.795693012574353,1.1765628518413347,1.158525645626136,-43.478518867242165,-184.24274869866875,48.151369241418
10.25,7.260371511002559,0.835644745361168,1.0564218149228688,-45.568704383836895,-172.52178023633516,49.83244821124075
10.26,7.666965197127238,0.537341402191022,0.9670809630575101,-47.39761671085728,-162.26593283179326,51.30339230983566
10.27,8.022734672486333,0.2763259769171442,0.8889077176753213,-48.997914997000116,-153.29206635281912,52.5904683961062
10.28,8.33403296342554,0.04793747980250118,0.820506127965906,-50.3981759973751,-145.43993318371673,53.71665997159293
10.29,8.606418967997348,-0.15190245517281148,0.7606547369701677,-51.623404372703206,-138.56931666075215,54.70207760014382
10.3,8.84475672199768,-0.32676239827621006,0.7082847698488968,-52.695479201115305,-132.55752720315812,55.56431802512584
10.31,9.053302256747969,-0.47976484849168377,0.6624610486177847,-53.63354467597589,-127.29721142776336,56.31877839698512
10.32,9.235779599654473,-0.6136419924302233,0.6223652925405615,-54.4543519664789,-122.69443512429294,56.97893122236198
10.33,9.395447274697663,-0.7307844933764454,0.5872815059729912,-56.97505809566904,-110.67388073375632,59.01343994456673
10.34,9.535156490360455,-0.8332841817043897,0.5565831927263672,-59.18067595871041,-100.15589564203678,60.79363507649589
10.35,9.657402054065399,-0.922971408991341,0.5297221686355713,-61.11059158887161,-90.95265868678219,62.3513058169339
10.36,9.764366922307223,-1.0014477328674234,0.5062187725561249,-62.799267765262655,-82.8998263509344,63.71426771481716
10.37,9.85796118201882,-1.0701145162589956,0.4856533009866093,-64.27685941960482,-75.8535980570676,64.90685937546502
10.38,9.939856159266467,-1.1301979517266212,0.4676585133632832,-65.56975211715422,-69.68814829993414,65.95037707853189
10.39,10.011514264358158,-1.1827709577607937,0.4519130741928728,-66.70103322750995,-64.29337976244237,66.8634550687154
10.4,10.074215106313389,-1.2287723380406945,0.4381358149187637,-67.69090419907121,-59.572957292137076,67.66239831012598
10.41,9.520048843024215,-1.2750255457856077,0.34475458805391823,-68.55704129918732,-55.44258763061994,68.36147364636022
10.42,9.035153362646188,-1.3154971025624067,0.2630460145471784,-69.31491126178891,-51.82851417679245,68.9731645655652
10.43,8.610869817315415,-1.3509097147421059,0.1915510127287811,-69.9780474790653,-48.6661999046934,69.50839411986955
10.44,8.239621715150987,-1.3818957503993428,0.12899288613768345,-70.55829166918213,-45.899174916606725,69.97671997988586
10.45,7.914779625757113,-1.409008531599425,0.07425452537047302,-71.06600533553436,-43.47802805203088,70.38650510740013
10.46,7.6305427975374736,-1.4327322151494968,0.02635845969916388,-71.51025479359257,-41.35952454552702,70.74506709397511
10.47,7.381835572845289,-1.4534904382558098,-0.01555059776323161,-71.89897306939349,-39.50583397733614,71.05880883222822
10.48,7.1642167512396275,-1.4716538834738337,-0.05222102304282766,-72.2391015607193,-37.88385473016912,71.33333285319969
10.49,6.973800282334674,-1.4875468980396045,-0.08430764516247422,-71.8629636156294,-22.053372638897983,72.92979162154973
10.5,6.807185872042839,-1.501453285784654,-0.11238343951716494,-71.53384291367573,-8.201700809035733,74.32669304385601
10.51,6.661398263037484,-1.5136213750615723,-0.13694975957751931,-71.24586229946627,3.9185120420937336,75.54898178837401
10.52,6.533834105157799,-1.524268453178876,-0.1584452896303294,-70.99387926203299,14.523698286832017,76.61848443982726
10.53,6.422215467013073,-1.5335846465315164,-0.17725387842653823,-70.77339410427886,23.803236250978017,77.55429925984885
10.54,6.324549158636438,-1.541736315715077,-0.19371139362322093,-70.58046959124401,31.922831969605767,78.37313722736774
10.55,6.2390911388068835,-1.5488690262506923,-0.2081117194203183,-70.4116606423385,39.02747822340505,79.08962044894677
10.56,6.164315371456023,-1.5551101479693559,-0.2207120044927785,-70.26395281204618,45.24404369547941,79.71654326782843
10.57,5.73951320002402,-1.8545922544731865,-0.1780456289311812,-70.13470846054041,50.68353848354448,80.26510073434987
10.58,5.3678113000210175,-2.1166390976640383,-0.14071255031478355,-70.02161965297286,55.44309642310142,80.74508851755614
10.59,5.04257213751839,-2.3459300854560334,-0.1080461065254356,-69.92266694635126,59.60770962021374,81.16507782786162
10.6,4.757987870328591,-2.546559699774029,-0.07946296820975615,-69.83608332805736,63.25174616768702,81.53256847437892
10.61,4.5089766365375175,-2.7221106123022754,-0.054452722183536625,-69.76032266205019,66.44027814672614,81.85412279008156
10.62,4.291091806970328,-2.875717660764491,-0.03256875691059455,-69.69403207929392,69.23024362838538,82.13548281632137
10.63,4.100442581099037,-3.0101238281689295,-0.01342028729677023,-69.63602781938218,71.67146342483721,82.3816728392812
10.64,3.933624508461657,-3.1277292246478132,0.003334623615326049,-69.5852740919594,73.80753074673257,82.59708910937104
10.65,3.78765869490395,-3.2306339465668366,0.017995170663410293,-65.95773970546449,93.032214778391,84.15932834569966
10.66,3.659938608040956,-3.320675578245982,0.030823149330484006,-62.783647117281426,109.85381330609212,85.5262876774872
10.67,3.5481835320358366,-3.399462005965234,0.04204763066417351,-60.00631610262125,124.57271201783061,86.72237709280131
10.68,3.450397840531357,-3.4684001302195795,0.05186905183115183,-57.57615146479359,137.45174839060178,87.76895533120116
10.69,3.3648353604649373,-3.528720988942132,0.06046279535225785,-55.44975740669439,148.72090521677654,88.68471128980102
10.7,3.28996819040682,-3.581501740324365,0.06798232093322562,-53.58916260585759,158.58141743967946,89.48599775357589
10.71,3.2244594166059675,-3.627684897783819,0.07456190581657242,-51.96114215512539,167.20936563471952,90.1871234093789
10.72,3.1671392395302216,-3.6680951605608416,0.08031904258950087,-50.53662426073471,174.75882030537957,90.80060835820653
10.73,1.7604744595889439,-3.2426766404907363,-0.4788598377341868,-49.290171103142875,181.36459314220713,91.33740768843072
10.74,0.529642777140326,-2.8704354354293944,-0.9681413580174134,-48.199524590250014,187.14464437443127,91.80710710237688
10.75,-0.5473349450022147,-2.5447243810007203,-1.396262688265237,-47.245208891468764,192.20218920262738,92.21809408957976
10.76,-1.4896904518769378,-2.2597272083756303,-1.7708688522320823,-46.410182655035165,196.62754092729898,92.5777077033823
10.77,-2.314251520392321,-2.0103546823286766,-2.098649245703072,-45.67953469815577,200.49972368638663,92.89236961545951
10.78,-3.0357424553432804,-1.792153722037592,-2.3854570899901884,-45.0402177358863,203.88788360058828,93.16769878852708
10.79,-3.6670470234253703,-1.601227881782893,-2.636413953741415,-44.480815393900514,206.85252352551475,93.40861181496119
10.8,-4.219438520497199,-1.4341677715600314,-2.856001209523738,-43.99133834466295,209.44658345982543,93.61941071309104
10.81,-4.70278108043505,-1.2879901751150276,-3.0481400583332707,-21.77992142658008,236.72388552734725,106.60073474895466
10.82,-5.125705820380668,-1.1600847782256491,-3.2162615510416117,-2.3449316232575725,260.59152483642885,117.95939328033533
10.83,-5.495764967833085,-1.048167555947443,-3.3633678571614105,14.660684454649623,281.47570923187527,127.89821949529342
10.84,-5.81956672185395,-0.9502399864540126,-3.492085875016234,29.54059852281842,299.7493705778909,136.59469243338174
10.85,-6.102893256622206,-0.8645533631472611,-3.6047141406392047,42.56052333246612,315.73882425565455,144.20410625420902
10.86,-6.35080397454443,-0.7895775677538535,-3.7032638730593046,53.95295754090785,329.72959622369774,150.8623433474329
10.87,-6.567725852726376,-0.7239737467846218,-3.7894948889268916,63.92133747329437,341.97152169573553,156.68830080400377
10.88,-6.757532496135579,-0.6665704034365441,-3.86494702781103,72.64366991413257,352.6832064837686,161.7860135785033
10.89,-7.4749141841186315,0.1422948969930239,-3.994719524334651,80.275710799866,362.0559306732975,166.24651225619036
10.9,-8.102623161103804,0.8500520348688959,-4.10827045879282,86.95374657488276,370.2570643391353,170.14944859916656
10.91,-8.651868515965827,1.4693395305102839,-4.2076275264437175,92.79702787802242,377.43305629674336,173.56451789927073
10.92,-9.132458201470097,2.0112160891964983,-4.294564960638253,97.90989901826961,383.7120492596504,176.55270353686188
10.93,-9.552974176286334,2.4853580780469358,-4.370635215558471,102.38366126598592,389.2061681021941,179.16736596975414
10.94,-9.920925654250542,2.900232318291069,-4.437196688613661,106.29820323273768,394.01352208941984,181.45519559853486
10.95,-10.242883197469226,3.2632472785046858,-4.4954379775369535,109.72342745364546,398.21995682824235,183.457046523718
10.96,-10.524596047785572,3.5808853686916002,-4.546399105344834,112.72049864693977,401.90058722471207,185.20866608325323
10.97,-10.771094791812377,3.85881869760515,-4.59099009217673,81.9441868160723,350.0311388216231,204.93695719784657
10.98,-10.986781192835831,4.102010360404506,-4.630007205654638,55.01491396406327,304.6453714689202,222.19921192311574
10.99,-11.175506793731351,4.314803065353943,-4.6641471799478085,31.45180021855536,264.9328250353052,237.30368480772626
11.0,-11.340641694514932,4.5009966821847005,-4.694019657454332,10.834075691235942,230.18434690589206,250.52009858176046
11.01,-11.485134732700566,4.663916096911613,-4.72015807527254,-7.206433270168549,199.77942854265555,262.0844606340404
11.02,-11.611566141112995,4.806470584797662,-4.7430291908634725,-22.991878611397482,173.1751249748236,272.2032774297853
11.03,-11.72219362347387,4.931205761697954,-4.763041417005538,-36.804143284972795,149.89635935297065,281.05724212606214
11.04,-11.818992670539636,5.04034904148571,-4.780552114879845,-48.88987487435119,129.5274394338493,288.80446123530436
11.05,-9.62707408672218,5.433189036299996,-4.181287350519865,-59.46489001505729,111.70463450461816,295.5832779558913
11.06,-7.7091453258819085,5.776924031762498,-3.6569306817048814,-68.71802826317513,96.10968019154089,301.51474258640485
11.07,-6.030957660146671,6.077692152792185,-3.198118596491771,-76.81452423027824,82.46409516759829,306.70477413810426
11.08,-4.562543452628337,6.340864258693163,-2.7966580219302997,-83.89895820149346,70.5242082716485,311.2460517458412
11.09,-3.277681021049795,6.571139851356518,-2.4453800191890123,-90.09783792630678,60.07680723769244,315.21966965261106
11.1,-2.1534263934185707,6.772630994936954,-2.1380117667903855,-95.52185768551844,50.93533133298089,318.69658532103466
11.11,-1.1697035942412493,6.948935745569834,-1.8690645459415873,-100.26787497482864,42.93653991635828,321.73888653090535
11.12,-0.3089461449610932,7.103202402373604,-1.6337357276988889,-104.42064010297507,35.93759742681349,324.4009000895422
11.13,0.4442166231590435,7.238185727076903,-1.4278230117365276,-91.19306009010319,9.539772123461805,290.1507875783494
11.14,1.1032340452641631,7.35629613619229,-1.2476493852694615,-79.61892757884029,-13.558325016970919,260.18193913105574
11.15,1.679874289606143,7.459642744168253,-1.0899974621107786,-69.49156163148525,-33.769160014849554,233.95919673967379
11.16,2.184434503405375,7.550071026147222,-0.9520520293469313,-60.6301164275496,-51.45364063799336,211.01429714721456
11.17,2.625924690479703,7.62919577287882,-0.8313497756785649,-52.87635187410591,-66.9275611832442,190.93751000381275
11.18,3.0122286041697404,7.698429926268968,-0.7257353037187443,-46.09180788984267,-80.46724166033867,173.37032125333616
11.19,3.3502445286485227,7.759009810485347,-0.6333226407539012,-40.155331903612336,-92.31446207779634,157.99903109666914
11.2,3.6460084625674574,7.8120172091746785,-0.5524615606596636,-34.96091541566079,-102.6807799430718,144.54915220958551
11.21,4.154542029746525,7.098127808027844,-0.9031873655772056,-30.415800988703193,-111.75130807518782,132.78050818338733
11.22,4.5995089010282095,6.473474582024363,-1.2100724448800548,-26.438825865115295,-119.68802019078935,122.4829446604639
11.23,4.988854913399684,5.926903009271317,-1.4785968892700478,-22.958972631975882,-126.63264329194068,113.47257657790591
11.24,5.3295326742247235,5.448652883112403,-1.7135557781112918,-19.914101052978896,-132.70918850544808,105.58850450566767
11.25,5.6276257149466336,5.030184022723352,-1.9191448058473801,-17.249838421356532,-138.02616556726707,98.68994144245922
11.26,5.888457125578305,4.664023769882933,-2.0990352051164574,-14.918608618686966,-142.6785204963587,92.6536987621518
11.27,6.116684609881017,4.343633548647566,-2.2564393044769,-12.878782541351095,-146.74933105931385,87.37198641688282
11.28,6.31638365864589,4.06329210506662,-2.3941678914172875,-11.093934723682207,-150.31129030189962,82.75048811477247
11.29,6.491120326315154,3.8179933419332928,-2.5146804049901266,-16.94781838322193,-170.74425538916216,35.59980197542591
11.3,6.64401491052576,3.6033569241916314,-2.6201288543663606,-22.069966585319186,-188.6230998405169,-5.657048396502326
11.31,6.77779767171004,3.415550058667678,-2.7123962475705654,-26.55184626215429,-204.26708873545226,-41.756792471939534
11.32,6.894857587746285,3.2512190513342185,-2.7931302166242444,-30.473490979385,-217.95557901852072,-73.3440685379471
11.33,6.997285014278,3.1074294199174415,-2.8637724395462136,-33.90493010696188,-229.93300801620563,-100.98293509570371
11.34,7.08690901249325,2.9816134924277615,-2.925584384602937,-36.90743934359165,-240.41325838917993,-125.16694333374073
11.35,7.165330010931594,2.8715245558742915,-2.97966983652757,-39.53463492564269,-249.58347746553244,-146.32795054202313
11.36,7.233948384565145,2.775196736390005,-3.0269946069616234,-41.833431059937354,-257.60741915734087,-164.84383184927023
11.37,7.125792836494502,2.5246627693412544,-2.6298657810914206,-43.84487767744518,-264.62836813767325,-181.04522799311147
11.38,7.031156731932689,2.3054455481735974,-2.282378058454993,-45.60489346776453,-270.7716984954641,-195.22144961897254
11.39,6.948350140441103,2.1136304796518974,-1.9783263011481187,-47.144907284293964,-276.1471125585311,-207.62564354160097
11.4,6.875894372885965,1.9457922946954103,-1.7122810135046038,-48.49241937375722,-280.8505998637147,-218.47931322390085
11.41,6.81249557627522,1.798933882858484,-1.4794913868165283,-49.67149245203757,-284.9661512557504,-227.97627419591325
11.42,6.757021629240818,1.6704327725011734,-1.2758004634644622,-50.70318139553287,-288.5672587237816,-236.2861150464241
11.43,6.7084819255857155,1.5579943009385266,-1.0975709055314045,-51.60590922109127,-291.7182277583089,-243.5572257906211
11.44,6.666009684887501,1.4596106383212109,-0.9416200423399789,-52.39579606845486,-294.4753256635203,-249.91944769179347
11.45,6.628846474276564,1.3735249335310595,-0.8051630370474815,-50.943196559898,-289.46778645558027,-209.76326660531927
11.46,6.596328664991994,1.298199941839677,-0.6857631574165463,-49.672171989910744,-285.08618964863274,-174.62660815465435
11.47,6.567875581867995,1.2322905741097174,-0.581288262739478,-48.5600254911719,-281.25229244255365,-143.88203201032255
11.48,6.542979134134495,1.1746198773460028,-0.4898727298970432,-47.586897304775405,-277.89763238723447,-116.98052788403223
11.49,6.521194742367683,1.1241580176777524,-0.4098841386599128,-46.73541014167848,-274.96230483883016,-93.4417117735282
11.5,6.502133399571723,1.0800038904680334,-0.3398941213274237,-45.99035887396867,-272.39389323397637,-72.84524767683718
11.51,6.485454724625257,1.0413690291595292,-0.2786528561614957,-45.33843901472258,-270.14653307972935,-54.82334159223253
11.52,6.4708608840471005,1.007563525514588,-0.22506674914130875,-44.76800913788226,-268.1800929447632,-39.05417376820347
11.53,6.906761523541213,0.7228817098252646,0.3593992195013549,-44.268882995646976,-266.4594578266678,-25.25615192217804
11.54,7.288174583098562,0.47378512109710647,0.8708069420636856,-43.8321476211911,-264.9539020983343,-13.182882806905786
11.55,7.621911010211242,0.25582560595996817,1.3182886993057248,-43.45000416854221,-263.6365408360425,-2.618772331042564
11.56,7.913930383934837,0.06511103021497214,1.7098352368925092,-43.11562864747443,-262.4838497315372,6.624824335337756
11.57,8.169447335942982,-0.10176422356189939,2.0524384572809455,-42.82305006654013,-261.475245015095,14.712971418420537
11.58,8.393024668950108,-0.24778007061666196,2.3522162751208273,-42.56704380822261,-260.59271588820815,21.79010011611797
11.59,8.588654835331345,-0.3755439367895792,2.614521865730724,-42.34303833219478,-259.8205029021821,27.98258772660322
11.6,8.759831230914926,-0.4873373196908818,2.8440392575143836,-42.14703354067043,-259.14481653940936,33.40101438577782
11.61,8.909610577050561,-0.5851565297295216,3.044866975325086,-43.576779223086625,-236.35483922198318,37.45963796255559
11.62,9.040667504919242,-0.6707483385133314,3.2205912284094502,-44.82780669520079,-216.4136090692353,41.01093359223614
11.63,9.155342316804337,-0.745641171199165,3.374349949858269,-45.92245573330069,-198.9650326855809,44.118317268206624
11.64,9.255682777203795,-0.8111723997992694,3.508888831125985,-46.8802736416381,-183.6975283498833,46.837277984680796
11.65,9.343480680053322,-0.8685122248243607,3.626610352235237,-47.718364311433334,-170.3384620561479,49.2163686115957
11.66,9.420303845046657,-0.9186845717213157,3.7296166832058324,-48.451693647504165,-158.64927904912943,51.29807291014623
11.67,9.487524114415825,-0.9625853752561513,3.8197472228051033,-49.09335681656614,-148.42124391798825,53.11956417137795
11.68,8.757018850113848,-1.2682870783491325,3.4466500699544653,-49.65481208949537,-139.47171317823972,54.71336902495571
11.69,8.117826743849617,-1.5357760685554909,3.120190061210157,-50.14608545330845,-131.64087378095977,56.10794827183625
11.7,7.558533650868415,-1.7698289349860545,2.8345375535588873,-50.575949646644894,-124.7888893083398,57.32820511285672
11.71,7.069152194509863,-1.9746251931127976,2.584591609364026,-50.95208081581428,-118.79340289479734,58.39592984874963
11.72,6.64094342019613,-2.153821918973698,2.3658889081935226,-51.28119558883749,-113.54735228294768,59.33018899265593
11.73,6.266260742671614,-2.3106190541019855,2.174524044669332,-51.569171015232804,-108.95705799757923,60.14766574357394
11.74,5.938413399837662,-2.4478165473392375,2.0070797890856653,-51.8211495133287,-104.94055049788182,60.862957900627194
11.75,5.651546974857954,-2.567864353921833,1.8605660654499572,-52.04163069916261,-101.4261064356466,61.488838538048796
11.76,5.40053885300071,-2.6729061846816036,1.7323665572687126,-52.23455173676728,-98.35096788119077,62.036484095792694
11.77,5.180906746375621,-2.764817786596403,1.6201919876101236,-53.32210776967137,-83.79084702104193,65.3331739588186
11.78,4.9887286530786685,-2.8452404382718526,1.5220392391588582,-54.273719298462446,-71.05074126841168,68.21777758896627
11.79,4.820572821443835,-2.915610258487871,1.436155584264001,-55.10637938615464,-59.903148734860224,70.74180576534549
11.8,4.673436468763356,-2.9771838511768873,1.361007386231001,-55.834956962885315,-50.149005268002696,72.9503304196773
11.81,4.544692160167936,-3.031060744779776,1.2952527129521259,-56.47246234252465,-41.614129734502356,74.88278949221764
11.82,4.432040890146944,-3.078203026682304,1.2377173738331102,-57.03027954970907,-34.14611364268956,76.57369118069043
11.83,4.333471028878576,-3.1194525233470163,1.1873739521039715,-57.51836960599544,-27.61159956235337,78.05323015810413
11.84,4.247222400268754,-3.1555458329286394,1.143323458090975,-57.94544840524601,-21.893899742059197,79.3478267633411
11.85,3.52377647523516,-2.9831701038125598,1.094918275829603,-58.31914235459026,-16.890912399301797,80.48059879292346
11.86,2.890761290830765,-2.8323413408359897,1.0525637413509026,-58.64612456026648,-12.513298474389073,81.47177431880802
11.87,2.3368730044769195,-2.700366173231491,1.0155035236820398,-58.93223399023317,-8.682886290090439,82.33905290395701
11.88,1.8522207539173043,-2.584887901577555,0.9830758332217848,-59.18257974145403,-5.331275628829134,83.09792166596237
11.89,1.4281500346776412,-2.4838444138803606,0.9547016040690618,-59.40163227377227,-2.3986163002254925,83.76193183271707
11.9,1.057088155342936,-2.3954313621453154,0.9298741535604291,-59.593303239550735,0.16746061230269405,84.34294072862743
11.91,0.732409010925069,-2.318069941877151,0.9081501343653755,-59.761015334606896,2.4127779107648575,84.85132351254899
11.92,0.44831475955943534,-2.250378699142507,0.8891416175697036,-59.907763417781034,4.37743054691925,85.29615844848036
11.93,0.19973228961450593,-2.1911488617496935,0.8725091653734907,-57.323668115558405,27.748377228554343,82.13288889242031
11.94,-0.017777371587307328,-2.1393227540309816,0.8579557697018043,-55.062584726113606,48.197955574985045,79.36502803086778
11.95,-0.20809832513889392,-2.093974909777109,0.8452215484890788,-53.08413676034941,66.09133662811192,76.94314977700931
11.96,-0.3746291594965322,-2.0542955460549703,0.834079104927944,-51.352994790305736,81.74804504959793,74.82400630488314
11.97,-0.5203436395594657,-2.019576102798099,0.8243294668119511,-49.83824556651752,95.44766491839819,72.96975576677275
11.98,-0.6478438096145325,-1.9891965899483368,0.8157985334604572,-48.512839995702834,107.43483230359841,71.34728654592615
11.99,-0.7594064584127159,-1.9626145162047948,0.8083339667779,-47.35311012123998,117.92360376564861,69.92762597768538
12.0,-0.8570237761111265,-1.9393552016791955,0.8018024709306626,-46.33834648108498,127.10127879494253,68.68542298047471
12.01,-1.3624199290972356,-2.2097780514692964,1.0711932870643297,-45.450428295949365,135.1317444455747,67.59849535791537
12.02,-1.8046415629600812,-2.446398045035634,1.3069102511812885,-44.6734998839557,142.15840188987787,66.64743368817595
12.03,-2.191585492590071,-2.65344053940618,1.5131625947836274,-43.99368752346124,148.30672715364312,65.81525472715396
12.04,-2.530161431016312,-2.8346027219804073,1.693633395435674,-43.39885170802859,153.68651175943774,65.08709813625971
12.05,-2.8264153771392735,-2.9931196317328563,1.8515453460062148,-42.878370369525015,158.39382328950802,64.44996111922724
12.06,-3.085637579996864,-3.131821927766249,1.989718302755438,-42.42294919833439,162.51272087831953,63.89246622932384
12.07,-3.3124570074972564,-3.2531864367954677,2.110619639911008,-42.0244556735426,166.1167562685296,63.40465820065836
12.08,-3.5109240065600993,-3.3593803821960346,2.216408309922132,-41.67577383934977,169.2702872349634,62.97782617557607
12.09,-3.6845826307400866,-3.4523000844215304,2.3089733961818655,-30.660677234431056,190.29962645559297,62.86247302862906
12.1,-3.8365339268975758,-3.5336048238688393,2.389967846659132,-21.022467705127173,208.70029827364385,62.76153902505043
12.11,-3.9694913110353784,-3.6047464708852344,2.4608379908267404,-12.589034366986276,224.80088611443836,62.67322177191913
12.12,-4.085829022155957,-3.66699541202458,2.522849366973398,-5.20978019611299,238.88890047513357,62.59594417542924
12.13,-4.187624519386462,-3.721463235521507,2.577109321101723,1.2470672034011336,251.21591304074187,62.528326278500586
12.14,-4.276695579463155,-3.7691225810813185,2.6245867809640075,6.896808677975992,262.0020490356491,62.469160618688015
12.15,-4.35463275703026,-3.810824508446154,2.6661295583435063,11.840332468228993,271.439918031193,62.41739066635201
12.16,-4.422827787401478,-3.847313694890385,2.702479488550568,16.16591578470037,279.69805340229385,62.372091958058014
12.17,-5.197245938976294,-2.999515358029087,2.8535745524817466,19.950801186612825,286.9239218520071,62.33245558830076
12.18,-5.874861821604257,-2.2576918132754513,2.9857827334215283,23.26257591328622,293.2465567455062,62.297773764763164
12.19,-6.467775718903725,-1.6085962116160197,3.101464891743837,26.160378799125443,298.77886227731796,62.26742716916777
12.2,-6.986575379040759,-1.0406375601640172,3.202686780275857,28.69595632423476,303.61962961765323,62.240873898021796
12.21,-7.440525081660664,-0.5436737401435151,3.291255932741375,30.914586658705414,307.8553010404466,62.21763978576907
12.22,-7.837731071453081,-0.10883039762557573,3.368753941148703,32.855888201367236,311.56151353539076,62.19730993754794
12.23,-8.185286312521447,0.27165752707762125,3.436564698505115,34.55452705119633,314.8044494684669,62.179521320354446
12.24,-8.489397148456266,0.6045844611929185,3.4958991111919753,36.04083604479679,317.64201840990853,62.16395628031014
12.25,-8.755494129899233,0.8958955285438037,3.5478167222929784,49.8188570391972,307.02614223367,77.69471187027138
12.26,-8.988328988661829,1.1507927124758282,3.593244632006356,61.87462540929755,297.73725057946126,91.28412301148745
12.27,-9.192059490079101,1.3738277484163497,3.6329940530055613,72.42342273313535,289.60947038202863,103.17485776005151
12.28,-9.370323678819213,1.5689834048643059,3.667774796379866,81.65362039149343,282.49766270927506,113.57925066504507
12.29,-9.52630484396681,1.7397446042562676,3.6982079468323827,89.73004334255675,276.2748309956157,122.68309445691443
12.3,-9.662788363470959,1.8891606537242343,3.7248369534783348,96.79691342473716,270.8298532461637,130.64895777480012
12.31,-9.78221144303709,2.019899697008705,3.748137334293543,102.98042474664501,266.06549771539324,137.61908817795012
12.32,-9.886706637657454,2.134296359882617,3.76852516750685,108.39099715331439,261.8966866259691,143.71795228070636
12.33,-10.006454057950272,2.70330331489729,3.1362412715684935,113.12524800915008,258.24897692272293,149.05445837061805
12.34,-10.111233050706488,3.2011844005351286,2.5829928626224317,117.26771750800633,255.05723093238257,153.7239011992908
12.35,-10.202914669368177,3.6368303504682373,2.0989005047946274,120.89237831950554,252.26445319083476,157.80966367437944
12.36,-10.283136085697155,4.018020556659708,1.6753196916952988,124.06395652956735,249.82077266698042,161.384705840082
12.37,-10.35332982498501,4.351561987077244,1.3046864802333866,126.83908746337143,247.68255220860786,164.51286773507175
12.38,-10.414749346861884,4.643410738692589,0.9803824202042134,129.26732703045,245.81160930753188,167.25000939318778
12.39,-10.468491428504148,4.898778396356016,0.6966163676786867,131.39203665164374,244.1745342690904,169.6450083440393
12.4,-10.515515749941128,5.122225096811514,0.44832107171885094,133.25115757018827,242.7420936104541,171.74063242603438
12.41,-10.556662031198487,5.317740959710075,0.23106268775399458,109.97976262391474,195.90120628414735,183.9911803727801
12.42,-10.592665027298676,5.488817339746316,0.040961601784745255,89.6172920459254,154.91542987362894,194.7104098261826
12.43,-10.62416764888634,5.638509172278026,-0.1253768484383479,71.80013029018473,119.05287551442532,204.0897355979098
12.44,-10.651732442775547,5.769489525743272,-0.27092299238355444,56.210113753911635,87.67314045012216,212.29664564817108
12.45,-10.675851637428604,5.884097335025363,-0.39827586833561013,42.56884928467268,60.215872268856884,219.4776919421497
12.46,-10.696955932750027,5.984379168147193,-0.5097096347936589,30.632742874088592,36.19076261024978,225.761107449381
12.47,-10.715422191156273,6.072125772128794,-0.6072141804444515,20.188649764827517,15.168791658968555,231.2590960182084
12.48,-10.731580167261738,6.148904050612694,-0.6925306578888951,11.050068294224078,-3.225432923402515,236.06983601593237
12.49,-8.27576652135402,6.537822169286108,-0.9956675756527833,3.0538095074460685,-19.3203794329772,240.27923351394082
12.5,-6.1269295811847675,6.878125523125345,-1.2609123786961853,-3.9429169309846896,-33.40345762885505,243.96245632469822
12.51,-4.246697258536671,7.175890957734676,-1.4930015813591622,-10.065052564611603,-45.72615105024817,247.18527628411096
12.52,-2.6014939762195874,7.436435713017842,-1.6960796336892667,-15.421921244035152,-56.50850779396715,250.0052437485971
12.53,-1.161941104192139,7.664412373890611,-1.8737729294781083,-20.10918133853076,-65.94306994472126,252.47271528002247
12.54,0.09766765883187833,7.863891952154285,-2.0292545632933447,-24.210533921214413,-74.1983118266311,254.63175287001968
12.55,1.1998253264778937,8.038436583134999,-2.1653009928816767,-27.79921743106261,-81.42164847330221,256.5209107612672
12.56,2.164213285668157,8.191163135243125,-2.2843416187714674,-30.93931550217978,-87.74206803913944,258.1739239161088
12.57,3.0080527499596372,8.324798868337734,-2.388502166425034,-26.892526064407306,-89.81618440924701,229.80468330159516
12.58,3.7464122812146825,8.441730134795517,-2.479642645621905,-23.35158530635639,-91.63103623309114,204.98159776389576
12.59,4.392476871062847,8.544044992946077,-2.559390564919167,-20.253262143061843,-93.21903157895476,183.2613979184088
12.6,4.957783387179991,8.633570493827817,-2.6291699943042715,-17.54222937517911,-94.60852750658542,164.25622305360767
12.61,5.452426588782492,8.71190530709934,-2.690226995016238,-15.170075703281722,-95.82433644326224,147.6266950469067
12.62,5.8852393901846805,8.780448268711922,-2.743651870639208,-13.094441240371506,-96.88816926285446,133.07585804104335
12.63,6.263950591411596,8.840423360122932,-2.790398636809307,-11.278261085325067,-97.81902297999765,120.34387566091293
12.64,6.595322892485147,8.892901565107564,-2.831302057208144,-9.689103449659433,-98.63351998249796,109.20339107829882
12.65,6.400235405924503,6.121336494469119,-3.458331175057126,-8.298590518452004,-99.34620485968571,99.45546706851147
12.66,6.22953385518394,3.6962170576604794,-4.006981653174985,-7.081891703645503,-99.969804127225,90.92603355994754
12.67,6.080169998285948,1.5742375504529194,-4.487050821528111,-6.017280240689815,-100.51545348632189,83.4627792399541
12.68,5.949476623500205,-0.28249451835369555,-4.907111343837097,-5.085745210603588,-100.99289667553165,76.93243170995984
12.69,5.835119920562679,-1.9071350785594836,-5.27466430085746,-4.270652059278139,-101.4106594660902,71.21837762121487
12.7,5.735057805492344,-3.328695568739548,-5.596273138250278,-3.557445551868372,-101.77620190782892,66.21858029356301
12.71,5.6475034548058005,-4.572560997647105,-5.877680870968994,-2.9333898578848254,-102.09605154435032,61.84375763186763
12.72,5.570893397955075,-5.660943247941217,-6.123912637097869,-2.3873411256492223,-102.37591997630653,58.01578780288418
12.73,5.50385959821069,-6.613277716948565,-6.339365432460636,-8.90079835994307,-136.40455547926823,32.31006382752365
12.74,5.4452050234343545,-7.446570377329994,-6.527886628403056,-14.600073439950187,-166.17961154435972,9.81755534908319
12.75,5.39388227050506,-8.175701455163745,-6.692842674852675,-19.586939134956413,-192.23278560131476,-9.863389569552211
12.76,5.348974861691927,-8.813691148268276,-6.83717921549609,-23.95044661808686,-215.0293129011504,-27.08421637335819
12.77,5.309680878980435,-9.371932129734741,-6.963473688559079,-27.768515665826005,-234.9762742885066,-42.15243982668842
12.78,5.275298644107881,-9.860392988517898,-7.073981352489194,-31.109326082597754,-252.42986550244328,-55.337135348352376
12.79,5.245214188594396,-10.28779623995316,-7.170675558428045,-34.032535197273035,-267.70175781463786,-66.87374392980833
12.8,5.218890290020097,-10.661774084959013,-7.25528298862454,-36.590343172613906,-281.0646635878081,-76.9682764385823
12.81,5.357056128767584,-10.801145074339138,-5.393978115046472,-38.828425151037166,-292.7572061393321,-85.8009923837595
12.82,5.477951237671636,-10.923094690046746,-3.7653363506656623,-40.78674688215752,-302.9881808719156,-93.52961883578956
12.83,5.583734457962682,-11.029800603790902,-2.340274806832454,-42.500278396887836,-311.94028376292613,-100.29216698131587
12.84,5.676294775717346,-11.123168278317038,-1.0933459559783973,-43.99961847227686,-319.7733737925604,-106.20939660865139
12.85,5.757285053752677,-11.204864993527409,-0.002283211481097669,-45.311541038242254,-326.62732756849033,-111.38697253256997
12.86,5.828151547033593,-11.276349619336482,0.9523966899540396,-46.459473283461975,-332.62453712242905,-115.91735146599872
12.87,5.890159728654393,-11.338898666919421,1.7877416037097846,-47.46391399802923,-337.8720954821254,-119.88143303274887
12.88,5.944416887572594,-11.393629083554494,2.5186684032460613,-48.342799623275575,-342.4637090468597,-123.35000440365526
12.89,5.991891901626019,-11.441518198110183,3.158229352840304,-46.58307467036612,-308.01637079100226,-88.85187860319836
12.9,6.033432538922766,-11.483421173346409,3.7178451837352657,-45.04331533657036,-277.87494981712695,-58.66601852779857
12.91,6.06978059655742,-11.520086276678107,4.207509035768358,-43.696025919499064,-251.5012064649861,-32.253390961823754
12.92,6.101585146987742,-11.552168242093343,4.635964906297313,-42.51714767956168,-228.42418103186284,-9.142341841595787
12.93,6.129414128614274,-11.580239961831674,5.01086379301015,-41.48562921961647,-208.23178377788,11.079826138603686
12.94,6.153764487537489,-11.604802716602714,5.338900318883881,-40.583050567164406,-190.563436180645,28.774223121278222
12.95,6.175071051595303,-11.626295127027374,5.625932279023396,-39.79329424626886,-175.10363203306437,44.25682048111844
12.96,6.19371429514589,-11.645100986148952,5.877085244145472,-39.10225746548525,-161.57630340393135,57.80409317097863
12.97,5.701171133252654,-9.942587612880335,6.014901463627289,-38.497600282299594,-149.73989085343993,69.6579567746063
12.98,5.2701958665960715,-8.452888411270294,6.135490655673878,-37.968525247012145,-139.38302987175996,80.03008742778051
12.99,4.893092508271563,-7.149401609861507,6.2410061987146435,-37.50558459113562,-130.32077651278996,89.10570174930795
13.0,4.563127069737617,-6.008850658628819,6.333332298875313,-37.10051151724367,-122.39130482369121,97.04686428064446
13.01,4.274407311020415,-5.010868576300217,6.4141176365159,-36.74607257758821,-115.4530170957298,103.99538149556389
13.02,4.021777522142863,-4.137634254262689,6.484804806951413,-36.43593850538968,-109.38201533376358,110.07533405861841
13.03,3.8007264568750054,-3.373554222479853,6.546656081082486,-36.164571192215966,-104.06988879204313,115.3952925512911
13.04,3.6073067747656298,-2.7049841946698714,6.600775945947175,-35.92712479318897,-99.42177806803774,120.05025623237972
13.05,3.438064552919926,-2.1199854203361372,6.6481308277037785,-30.373109194040353,-85.19593080953302,119.57334895333226
13.06,3.2899776088049353,-1.60811149279412,6.689566349240806,-25.51334554478531,-72.7483144583414,119.15605508416573
13.07,3.1604015327043182,-1.160221806194855,6.725822430585706,-21.261052351687148,-61.856650151048726,118.79092294864502
13.08,3.047022466116278,-0.7683183304204981,6.7575465017624925,-17.540295807726256,-52.32644388216764,118.47143233006439
13.09,2.9478157828517433,-0.4254027891179359,6.7853050640421815,-14.284633831760475,-43.98751339689669,118.19187803880634
13.1,2.861009934995275,-0.1253516904781939,6.809593806036909,-11.435929602790416,-36.6909492222846,117.94726803395555
13.11,2.785054818120866,0.13719302083158036,6.830846455282296,-8.943313402441614,-30.30645556949903,117.73323427971111
13.12,2.7185940908557575,0.3669196432276328,6.849442523372009,-6.762274227136412,-24.72002362331165,117.54595474474722
13.13,2.667553079498788,0.7747349378241788,6.348373957950508,-4.85386494874436,-19.831895670397696,117.38208515165383
13.14,2.622892194561439,1.1315733205961565,5.909938963206694,-3.184006830151315,-15.554783711597983,117.23869925769709
13.15,2.5838139202412593,1.443806905521637,5.526308342805858,-1.7228809763824005,-11.812310747648235,117.11323660048495
13.16,2.549620430211102,1.7170112923314322,5.190631549955126,-0.44439585433460027,-8.537646904192204,117.00345677542434
13.17,2.519701126434714,1.9560651307900034,4.8969143562107345,0.6742786274572249,-5.6723160411681794,116.9073994284963
13.18,2.4935217356303743,2.165237239441253,4.639911811684392,1.653118799025072,-3.165151536022157,116.82334924993427
13.19,2.4706147686765774,2.3482628345110963,4.415034585223843,2.509603949146938,-0.9713825940193874,116.74980534369249
13.2,2.450571172592005,2.5084102301972093,4.2182670120708625,3.2590284555035707,0.948165230233036,116.68545442573092
13.21,2.433033026018004,2.648539201422558,4.046095385562005,1.8235248985656243,1.4727695764539064,109.33164774751457
13.22,2.4176871477657533,2.7711520512447385,3.895445212366754,0.5674592862449213,1.931798379397168,102.89706690407525
13.23,2.404259504295034,2.8784382948391465,3.76362631082091,-0.5315981245356939,2.333448581972522,97.26680866606584
13.24,2.3925103162581545,2.9723137579842533,3.648284771968296,-1.4932733589687321,2.6848925092259566,92.34033270780762
13.25,2.382229776725885,3.054454788236222,3.5473609254722587,-2.3347391890976406,2.992405945572712,88.02966624433166
13.26,2.373234304635149,3.1263281897066943,3.4590525597882262,-3.0710217904604358,3.2614802023761227,84.2578330887902
13.27,2.3653632665557556,3.1892174159933577,3.381782739814698,-3.7152690666528816,3.496920177079107,80.95747907769143
13.28,2.358476108236286,3.244245488994188,3.3141716473378606,-4.278985433321272,3.7029301549442186,78.06966931798
13.29,2.0909465947067507,3.1420433028699146,3.1803983164206278,-4.772237254156113,3.883188885576191,75.5428357782325
13.3,1.856858270368407,3.0526163900111754,3.063346651868049,-5.203832597386599,4.040915274879167,73.33185643095344
13.31,1.652030986572356,2.9743678412597787,2.9609264453845427,-5.581478522713274,4.17892586551927,71.39724950208426
13.32,1.4728071132508114,2.9059003611023067,2.8713087647114746,-5.911918707374115,4.299685132329362,69.70446843932373
13.33,1.31598622409446,2.8459913159645183,2.79289329412254,-6.201053868952351,4.405349490788192,68.22328500940827
13.34,1.1787679460826526,2.7935709014689536,2.7242797573572224,-6.454047135333307,4.497805804439668,66.92724950823224
13.35,1.058701952822321,2.7477030387853345,2.6642429126875693,-6.675416243416644,4.57870507888471,65.7932184447032
13.36,0.9536442087195308,2.7075686589371677,2.611710673601623,-6.869114212989564,4.6494919440241205,64.8009412641153
13.37,0.8617186826295894,2.672451076570022,2.56574496440142,-4.627974936365868,2.2395553260211054,59.43082348110088
13.38,0.7812838473008907,2.6417231919987696,2.5255249688512422,-2.666978069320135,0.13086078526846734,54.731970420963265
13.39,0.7109033663882793,2.6148362929989233,2.4903324727448366,-0.951105810655118,-1.714246937890091,50.620473993342856
13.4,0.6493204455897443,2.591310256374058,2.459539038651732,0.5502824156767718,-3.3287161956538296,47.022914619175
13.41,0.5954353898910263,2.570724974327301,2.432594783820265,1.8639971137171754,-4.741376796197101,43.87505016677812
13.42,0.548285966154648,2.5527128525363882,2.409018560842732,3.0134974745025285,-5.977454821672463,41.12066877093085
13.43,0.507030220385317,2.53695224596934,2.3883893657373902,4.019310290189712,-7.059023093963405,38.71058504956449
13.44,0.4709314428371524,2.5231617152231727,2.3703388200202165,4.899396503915998,-8.00539533221798,36.60176179336893
