time,ax_filtered,ay_filtered,az_filtered,wx_filtered,wy_filtered,wz_filtered
0.0,-0.358173,-0.973004,6.870401,19.215001,-18.83,8.435
0.01,-0.358173,-0.973004,6.870401,19.215001,-18.83,8.435
0.02,-0.358173,-0.973004,6.870401,19.215001,-18.83,8.435
0.03,-0.358173,-0.973004,6.870401,19.215001,-18.83,8.435
0.04,-0.358173,-0.973004,6.870401,19.215001,-18.83,8.435
0.05,-0.358173,-0.973004,6.870401,19.215001,-18.83,8.435
0.06,-0.358173,-0.973004,6.870401,19.215001,-18.83,8.435
0.07,-0.358173,-0.973004,6.870401,19.215001,-18.83,8.435
0.08,-0.358173,-0.973004,6.870401,19.215001,-18.83,8.435
0.09,-0.358173,-0.973004,6.870401,19.215001,-18.83,8.435
0.1,-0.358173,-0.973004,6.870401,19.215001,-18.83,8.435
0.11,-0.358173,-0.973004,6.870401,19.215001,-18.83,8.435
0.12,-0.358173,-0.973004,6.870401,19.215001,-18.83,8.435
0.13,-0.358173,-0.973004,6.870401,19.215001,-18.83,8.435
0.14,-0.358173,-0.973004,6.870401,19.215001,-18.83,8.435
0.15,-0.358173,-0.973004,6.870401,19.215001,-18.83,8.435
0.16,-0.358173,-0.973004,6.870401,19.215001,-18.83,8.435
0.17,-0.09279962500000002,-1.072219625,6.9462015,19.215001,-18.83,8.435
0.18,0.139402078125,-1.1590332968750001,7.0125269375,19.215001,-18.83,8.435
0.19,0.342578568359375,-1.234995259765625,7.0705616953125,19.215001,-18.83,8.435
0.2,0.5203579973144531,-1.3014619772949219,7.121342108398437,19.215001,-18.83,8.435
0.21,0.6759149976501465,-1.3596203551330566,7.165774969848632,19.215001,-18.83,8.435
0.22,0.8120273729438783,-1.4105089357414244,7.204653723617553,19.215001,-18.83,8.435
0.23,0.9311257013258936,-1.4550364437737464,7.238672633165359,19.215001,-18.83,8.435
0.24,1.0353367386601569,-1.493998013302028,7.268439179019689,19.215001,-18.83,8.435
0.25,1.1265213963276373,-1.5280893866392746,7.294484906642228,19.215001,-18.83,8.435
0.26,1.2063079717866825,-1.5579193383093652,7.317274918311949,19.215001,-18.83,8.435
0.27,1.2761212253133472,-1.5840205460206946,7.337216178522955,19.215001,-18.83,8.435
0.28,1.3372078221491788,-1.6068591027681078,7.354664781207585,19.215001,-18.83,8.435
0.29,1.3906585943805314,-1.6268428399220942,7.369932308556637,19.215001,-18.83,8.435
0.3,1.437428020082965,-1.6443286099318324,7.383291394987057,19.215001,-18.83,8.435
0.31,1.4783512675725943,-1.6596286586903533,7.394980595613675,19.215001,-18.83,8.435
0.32,1.5141591091260198,-1.673016201354059,7.405208646161966,19.215001,-18.83,8.435
0.33,1.1925185954852673,-1.6484629261848016,7.46833419039172,19.215001,-18.83,8.435
0.34,0.9110831460496088,-1.6269788104117013,7.523569041592754,19.215001,-18.83,8.435
0.35,0.6648271277934078,-1.6081802091102386,7.57189953639366,19.215001,-18.83,8.435
0.36,0.4493531118192319,-1.5917314329714587,7.614188719344453,19.215001,-18.83,8.435
0.37,0.26081334784182786,-1.5773387538500263,7.651191754426396,19.215001,-18.83,8.435
0.38,0.09584105436159937,-1.564745159618773,7.683569410123097,19.215001,-18.83,8.435
0.39,-0.048509702433600546,-1.5537257646664262,7.711899858857709,19.215001,-18.83,8.435
0.4,-0.17481661462940046,-1.544083794083123,7.736689001500496,19.215001,-18.83,8.435
0.41,-0.28533516280072535,-1.5356470698227325,7.758379501312934,19.083751,-32.427499375,0.8093751249999999
0.42,-0.3820388924506347,-1.5282649360948908,7.7773586886488175,18.968907249999997,-44.325311328125,-5.863046640625001
0.43,-0.4666546558943053,-1.5218055690830294,7.793965477567715,18.868418968749996,-54.73589678710937,-11.701415685546877
0.44,-0.5406934489075171,-1.5161536229476507,7.80849641787175,18.780491722656244,-63.8451590637207,-16.80998859985352
0.45,-0.6054773927940775,-1.5112081700791944,7.821210990637781,18.70355538232421,-71.81576355575561,-21.27998989987183
0.46,-0.6621633436948178,-1.506880898819295,7.832336241808059,18.63623608453368,-78.79004248628615,-25.19124103738785
0.47,-0.7117635507329655,-1.503094536466883,7.842070836582051,18.57733169896697,-84.89253655050038,-28.61358578271437
0.48,-0.7551637318913448,-1.4997814694085227,7.8505886070092945,18.525790361596098,-90.23221885668784,-31.608137434875072
0.49,-0.3096116404049267,-1.5432860357324574,6.463424906133133,18.480691691396583,-94.90444087460186,-34.22837013051569
0.5,0.08024643964568912,-1.5813525312659003,5.249656667866491,18.44123035497201,-98.99263514027663,-36.521073739201235
0.51,0.421372259689978,-1.6146607148576628,4.18760945938318,18.406701685600506,-102.56980512274205,-38.527189396801084
0.52,0.7198573522287308,-1.643805375500455,3.258318151960282,18.376489099900443,-105.6998288573993,-40.28254059720095
0.53,0.9810318082001395,-1.6693069535628982,2.445188257965247,18.350053087412885,-108.43859962522438,-41.818472897550826
0.54,1.209559457175122,-1.6916208343675359,1.733699600719591,18.326921576486274,-110.83502404707134,-43.162413660356975
0.55,1.4095211500282319,-1.711145480071594,1.1111470256296423,18.306681504425487,-112.93189541618743,-44.338361827812356
0.56,1.584487631274703,-1.7282295450626448,0.566413522425937,18.2889714413723,-114.766657864164,-45.36731647433581
0.57,1.737583302365365,-1.7431781019298143,0.08977170712269489,-3.0459003637992375,-116.3720750061435,-40.99140191504384
0.58,1.8715420145696944,-1.7562580891885875,-0.32728988126764197,-21.713913193324334,-117.77681500537557,-37.162476675663356
0.59,1.9887558877484826,-1.767703078040014,-0.6922187711091867,-38.04842441915879,-119.00596250470363,-33.81216709120544
0.6,2.0913180267799225,-1.7777174432850122,-1.0115315497205384,-52.34112174176394,-120.08146656661569,-30.880646204804762
0.61,2.181059898432432,-1.7864800128743856,-1.290930231005471,-64.84723189904345,-121.02253262078872,-28.31556542920417
0.62,2.259584036128378,-1.7941472612650875,-1.5354040771297872,-75.79007828666302,-121.84596541819013,-26.07111975055365
0.63,2.328292656612331,-1.8008561036069515,-1.749318692488564,-85.36506887583013,-122.56646911591636,-24.107229781734446
0.64,2.38841269953579,-1.8067263406560825,-1.9364939809274935,-93.74318564135136,-123.19690985142682,-22.38882605901764
0.65,2.506058737093816,-2.5914275480740723,-2.0337089833115565,-101.07403781118244,-123.74854549499847,-20.88522280164043
0.66,2.608999019957089,-3.2780411045648132,-2.118772110397612,-107.48853345978463,-124.23122668312367,-19.569569951435376
0.67,2.699071767462453,-3.8788279664942116,-2.1932023465979107,-113.10121715231155,-124.65357272273322,-18.418373707505957
0.68,2.7778854215296467,-4.404516470682435,-2.258328803273172,-118.01231538327261,-125.02312550739157,-17.411076994067713
0.69,2.846847368838441,-4.864493911847131,-2.3153144528640253,-122.30952633536353,-125.34648419396763,-16.529692369809247
0.7,2.9071890727336362,-5.266974172866239,-2.3651768962560222,-126.06958591844308,-125.62942304472168,-15.75848082358309
0.71,2.959988063641932,-5.619144401257959,-2.408806534224019,-129.3596380536377,-125.87699453913147,-15.083670720635205
0.72,3.0061871806866907,-5.927293351100714,-2.4469824674460163,-132.238433671933,-126.09361959674004,-14.493211880555803
0.73,3.0466114081008544,-6.196923682213125,-2.4803864090152645,-136.37175483794138,-107.69816714714753,-10.065310395486328
0.74,3.0819826070882477,-6.4328502219364845,-2.509614857888357,-139.9884108581987,-91.60214625375409,-6.190896596050536
0.75,3.112932406202217,-6.639285944194424,-2.535189750652312,-143.15298487592386,-77.51812797203482,-2.8007845215442195
0.76,3.14001348042694,-6.819917201170121,-2.557567781820773,-145.9219871414334,-65.19461197553046,0.16556354364880788
0.77,3.1637094203735727,-6.977969551023856,-2.5771485590931764,-148.3448641237542,-54.41153547858916,2.761118100692707
0.78,3.1844433678268764,-7.116265357145874,-2.5942817392065294,-150.46488148328493,-44.976343543765516,5.032228338106119
0.79,3.202585571848517,-7.237274187502639,-2.609273271805713,-152.3198966728743,-36.72055060079483,7.019449795842854
0.8,3.2184600003674526,-7.343156914064809,-2.622390862829999,-153.943034963765,-29.49673177569548,8.758268571362496
0.81,2.6436946253215208,-7.066101799806709,-1.854696129976249,-155.36328096829436,-23.175890303733546,10.279734999942185
0.82,2.1407749221563304,-6.82367857483087,-1.182963238729218,-156.60599622225755,-17.645154015766852,11.611018124949414
0.83,1.700720181886789,-6.611558252977011,-0.5951969588880657,-157.69337206947534,-12.805759763795997,12.775890859330737
0.84,1.3156722841509403,-6.425952971354885,-0.0809014640270575,-158.64482593579092,-8.571289793321498,13.795154501914396
0.85,0.9787553736320728,-6.263548349935524,0.3691070939763247,-159.47734806881704,-4.86612856915631,14.687010189175098
0.86,0.6839530769280637,-6.121444306193584,0.7628645822292841,-160.2058049352149,-1.6241124980117716,15.46738391552821
0.87,0.4260010673120558,-5.997103267919386,1.1074023844506236,-160.84320469331303,1.2126515642397,16.150210926087183
0.88,0.2002930588980488,-5.888304859429463,1.4088729613942956,-161.4009294816489,3.6948201187097376,16.747684560326284
0.89,0.0027985515357926982,-5.793106252000781,1.6726597162200085,-150.66706342144278,56.32796910387102,33.9698487402855
0.9,-0.1700091424061814,-5.709807470500683,1.9034731266925073,-141.27493061876243,102.38197446588714,49.03924239774982
0.91,-0.32121587460540874,-5.636921036688098,2.105434860855944,-133.05681441641713,142.67922915765124,62.224961848031086
0.92,-0.45352176527973265,-5.573145407102086,2.282151378248951,-125.86596273936497,177.93932701294483,73.7624663670272
0.93,-0.5692894196197661,-5.517341731214325,2.436778330967832,-119.57396752194435,208.7919126363267,83.8577828211488
0.94,-0.6705861171672953,-5.468513514812535,2.572076914596853,-114.0684717067013,235.78792505678587,92.6911847185052
0.95,-0.7592207275213834,-5.425788825460968,2.6904631752722463,-109.25116286836364,259.40943592468767,100.42041137869205
0.96,-0.8367760115812104,-5.388404722278347,2.7940511533632155,-105.03601763481818,280.0782579341017,107.18348470635554
0.97,-2.068922010133559,-5.144446881993554,3.0854522591928135,-101.3477655554659,298.16347719233903,113.1011738680611
0.98,-3.1470497588668644,-4.93098377174436,3.340428226793712,-98.12054498603266,313.98804404329667,118.27915188455346
0.99,-4.090411539008507,-4.744203550276316,3.563532198444498,-95.29672698777857,327.8345400378846,122.80988264898427
1.0,-4.915853096632444,-4.580770856491776,3.758748173638936,-92.82588623930624,339.950224033149,126.77427206786123
1.01,-5.638114459553388,-4.437767249430305,3.929562151934069,-90.66390058439296,350.55144752900543,130.24311280937857
1.02,-6.270093152109215,-4.312639093251517,4.07902438294231,-88.77216313634383,359.82751808787975,133.27834845820627
1.03,-6.823074508095564,-4.203151956595077,4.2098038350745215,-87.11689286930086,367.9440798268948,135.9341796509305
1.04,-7.3069331945836185,-4.1073507120206925,4.3242358556902065,-85.66853138563825,375.04607134853296,138.2580319445642
1.05,-7.730309545260666,-4.023524623018106,4.424363873728931,-67.75433996243346,367.75906180496634,150.5507770764937
1.06,-8.100763852103082,-3.9501767951408424,4.511975889512814,-52.079422467129284,361.3829284543456,161.30692906693199
1.07,-8.424911370590197,-3.885997445748237,4.588636403323712,-38.363869658738125,355.8038117725524,170.71856205856548
1.08,-8.708540449266422,-3.8298405150297072,4.655714352908248,-26.36276095139586,350.9220846759834,178.9537409262448
1.09,-8.95671589310812,-3.7807032006509935,4.714407558794717,-15.861790832471375,346.65057346648547,186.1595224354642
1.1,-9.173869406469604,-3.737708050569619,4.765764113945377,-6.673441978412453,342.9130011581748,192.46458125603118
1.11,-9.363878730660904,-3.7000872942484166,4.810701099702204,1.3663632688891045,339.64262538840296,197.9815077240273
1.12,-9.530136889328292,-3.6671691324673645,4.850020962239428,8.401192860277966,336.7810465898526,202.80881838352389
1.13,-9.688625278162256,-3.184458365908944,4.6679483419595,14.55666875274322,334.27716514112103,207.0327152105834
1.14,-9.827302618391975,-2.7620864451703255,4.508634799214562,19.942710158650318,332.0862688734809,210.7286249342605
1.15,-9.94864529109298,-2.3925110145240347,4.369235449312741,24.655496388819028,330.1692346392958,213.96254594247793
1.16,-10.054820129706357,-2.06913251270853,4.247261018148649,28.779184340216652,328.49182968438384,216.7922268246682
1.17,-10.147723113493063,-1.786176323619964,4.140533390880067,32.38741129768957,327.0241003488359,219.26819759658468
1.18,-10.229013224306431,-1.5385896581674685,4.047146717020059,35.54460988547837,325.7398371802314,221.4346720220116
1.19,-10.300142071268128,-1.321951325896535,3.965433377392552,38.30715864979358,324.6161069077025,223.33033714426014
1.2,-10.362379812359613,-1.1323927851594682,3.893934205218483,40.72438881856938,323.6328429192397,224.98904412622764
1.21,-10.416837835814661,-0.9665290620145346,3.831372429566173,38.08821534124821,286.9412378043347,234.8710382354492
1.22,-10.464488606337829,-0.8213983042627178,3.776630875870401,35.78156354859218,254.83608332879285,243.51778308101802
1.23,-10.506183030545602,-0.694408891229878,3.7287320163866005,33.76324323001816,226.74407316269372,251.08368482089077
1.24,-10.542665651727402,-0.5832931548261432,3.686820514338275,31.99721295126589,202.163564267357,257.70384884327945
1.25,-10.574587945261477,-0.4860668854728753,3.650147950045991,30.451936457357654,180.65561898393736,263.4964923628695
1.26,-10.602519952103794,-0.40099389978876593,3.6180594562902417,29.099819525187947,161.83616686094518,268.5650554425108
1.27,-10.62696045809082,-0.3265550373151702,3.5899820242539615,27.916717209539453,145.36914625332702,273.000048137197
1.28,-10.648345900829469,-0.26142103265077393,3.565414271222216,26.88150268334702,130.96050322166113,276.8806667450474
1.29,-9.379810788225786,1.0902809714305728,2.8583762373194386,25.97568997292864,118.35294056895349,280.2762080269165
1.3,-8.269842564697564,2.2730202250017513,2.2397179576545083,25.18310385131256,107.3213232478343,283.24730664855196
1.31,-7.298620369110369,3.307917071876532,1.6983919629476947,24.48959099489849,97.66865809185502,285.847017942483
1.32,-6.448800947971573,4.213451812891965,1.224731717579233,23.882767245536176,89.22257608037314,288.1217653246726
1.33,-5.705208954475126,5.00579471128047,0.8102790028818287,23.351796464844153,81.8322543203265,290.1121692840885
1.34,-5.054565960165736,5.6990947473704106,0.4476328775216002,22.887197031738634,75.3657227802857,291.85377274857746
1.35,-4.485253340145019,6.305732278949109,0.13031751783140016,22.480672527771304,69.70750768274998,293.3776757800053
1.36,-3.9871047976268916,6.83654011908047,-0.14733342189752485,22.12496358679989,64.75656947240623,294.71109093250465
1.37,-3.55122482292353,7.3009969791954115,-0.39027799416033426,13.024343138449904,43.39262353835545,270.6909550659416
1.38,-3.169829845058089,7.707396731795985,-0.6028544948902925,5.061300246143666,24.69917084606102,249.67333618269888
1.39,-2.8361092394258276,8.062996515321487,-0.7888589330290059,-1.9063622846242927,8.342399740303392,231.2829196598615
1.4,-2.544103709497599,8.3741463259063,-0.9516128164003801,-8.003066999046256,-5.9697749772345325,215.1913052023788
1.41,-2.2885988708103993,8.646402410168013,-1.0940224643503327,-13.337683624165475,-18.492927855080218,201.11114255208145
1.42,-2.065032136959099,8.884626483897012,-1.218630906306541,-18.00547317114479,-29.450686623195192,188.79100023307126
1.43,-1.8694112448392117,9.093072548409886,-1.3276632930182235,-22.089789024751692,-39.03872554529579,178.01087570393733
1.44,-1.6982429642343102,9.27546285485865,-1.4230666313909455,-25.66356539665773,-47.42825960213382,168.57826674094517
1.45,-0.8507484687050214,9.01730224800132,-1.3671234274670774,-28.790619722075515,-54.76910190186709,160.32473389832703
1.46,-0.10919078511689373,8.791411717001155,-1.3181731240336927,-31.526792256816076,-61.1923389141337,153.10289266103615
1.47,0.539672188022718,8.593757502376011,-1.275341608529481,-33.920943224714065,-66.81267129986699,146.78378157840663
1.48,1.1074272895198782,8.42081006457901,-1.2378640324632961,-36.01582532162481,-71.73046213738361,141.2545593811058
1.49,1.6042130033298934,8.269481056506635,-1.2050711534053842,-37.848847156421705,-76.03352912021066,136.41648995846757
1.5,2.038900502913657,8.137068174443305,-1.1763773842297112,-39.452741261868994,-79.79871273018432,132.18317921365912
1.51,2.4192520650494496,8.021206902637893,-1.1512703362009973,-40.85614860413537,-83.09324838891128,128.47903231195173
1.52,2.7520596819182686,7.919828289808156,-1.1293016691758726,-42.08413002861845,-85.97596709029736,125.23790377295776
1.53,3.043266346678485,7.831122003582136,-1.1100790855288885,-33.183613900041145,-95.31459557901019,86.79816530133805
1.54,3.2980721783436744,7.753504003134369,-1.0932593248377773,-25.395662287536002,-103.48589550663391,53.163394138670796
1.55,3.5210272810507153,7.685588252742573,-1.0785420342330552,-18.581204626594,-110.63578294330466,23.732969371336946
1.56,3.716112995919376,7.626161971149751,-1.0656644049539232,-12.61855417326975,-116.89193445039157,-2.01865230008017
1.57,3.8868129964294544,7.574163974756032,-1.054396479334683,-7.4012350266110305,-122.36606701909263,-24.55132126257015
1.58,4.036175496875773,7.528665727911528,-1.0445370444178477,-2.8360807732846514,-127.15593301670604,-44.26740660474888
1.59,4.166867684766301,7.488854761922586,-1.0359100388656168,1.1584291983759298,-131.34706576461778,-61.51898127915527
1.6,4.281223349170514,7.4540201666822625,-1.0283614090074147,4.653625423578939,-135.01430691904056,-76.61410911926086
1.61,2.7966516805241994,4.195227395846979,-2.069491857881488,7.711922120631572,-138.2231429291605,-89.82234597935324
1.62,1.4976514704586745,1.343783721366107,-2.980481000646302,10.387931730552626,-141.03087443801545,-101.37955323193408
1.63,0.3610262866513403,-1.1512294938046563,-3.7775965005655143,12.72944013923355,-143.48763950826353,-111.49210957794232
1.64,-0.6335207491800772,-3.334366057079074,-4.475072562994825,14.778259996829355,-145.6373089447306,-120.34059638069952
1.65,-1.5037494055325675,-5.2446105499441895,-5.085364117620472,16.570977372225688,-147.51826970163927,-128.0830223331121
1.66,-2.2651994798409967,-6.916074481201166,-5.619369227917913,18.139605075697478,-149.16411036393436,-134.8576450414731
1.67,-2.9314682948608723,-8.37860542105102,-6.0866236994281735,19.512154316235293,-150.60422094344256,-140.78543991128896
1.68,-3.5144535080032635,-9.658319993419642,-6.495471361999652,20.71313490170588,-151.86431770051223,-145.97226042237784
1.69,-4.0245655695028555,-10.778070244242187,-6.853213066749696,10.507118038992648,-201.04377923794823,-159.2869767445806
1.7,-4.470913623314999,-11.757851713711913,-7.166237058405984,1.5768532841185667,-244.07580808320472,-170.93735352650802
1.71,-4.861468170400624,-12.615160499497923,-7.440133051105236,-6.237128376396255,-281.7288333228041,-181.1314332106945
1.72,-5.203203399100545,-13.365305687060683,-7.6797920447170815,-13.074362329346723,-314.6752304074536,-190.05125293435768
1.73,-5.502221724212976,-14.021682726178097,-7.889493664127446,-19.056942038178384,-343.50332785652193,-197.85609519256295
1.74,-5.763862758686354,-14.596012635405835,-8.072982581111516,-24.291699283406086,-368.7279131244567,-204.68533216849258
1.75,-5.992798663850559,-15.098551305980106,-8.233535383472576,-28.872111872980327,-390.79942523389957,-210.660914522431
1.76,-6.19311758086924,-15.538272642732592,-8.374019085538503,-32.879972888857786,-410.11199832966213,-215.8895490821271
1.77,-4.107049633260584,-13.437872312391017,-7.2761171998461895,-36.386851277750566,-427.01049978845435,-220.4646043218612
1.78,-2.2817401791030116,-11.600022023342138,-6.315453049865416,-39.455369868031745,-441.7966885648975,-224.46777765662853
1.79,-0.6845944067151353,-9.99190302042437,-5.474871918632238,-42.140323634527775,-454.7346037442853,-227.97055432454994
1.8,0.7129081441242566,-8.584798892871323,-4.739363428803208,-44.489658180211805,-466.05527952624965,-231.03548390898118
1.81,1.9357228761087246,-7.353582781262408,-4.095793500202807,-46.54532590768533,-475.9608708354684,-233.71729729535852
1.82,3.0056857665951338,-6.276268683604607,-3.532669812677456,-48.34403516922467,-484.62826323103485,-236.0638840084387
1.83,3.941903295770742,-5.333618848154031,-3.039936586092774,-49.91790577307159,-492.2122315771555,-238.11714738238385
1.84,4.761093633799399,-4.508800242134777,-2.6087950128311768,-51.29504255143764,-498.84820388001106,-239.91375283458586
1.85,5.477885179574475,-3.78708396186793,-2.2315461362272795,-49.07441223250794,-451.63842852000965,-200.43078335526263
1.86,6.105077782127666,-3.155582216634439,-1.9014533691988695,-47.13136070344444,-410.32987508000843,-165.88318506085483
1.87,6.653871309361708,-2.6030181895551343,-1.612622198049011,-45.431190615513884,-374.18489082000735,-135.65403655324798
1.88,7.1340656456914955,-2.1195246658607427,-1.3598949232928847,-43.94354178857465,-342.55802959250644,-109.20353160909197
1.89,7.554235689980059,-1.69646783262815,-1.1387585578812742,-42.641849065002816,-314.8845260184431,-86.05933978295546
1.9,7.921884478732552,-1.3262931035496313,-0.9452642381461149,-41.50286793187746,-290.67021039113774,-65.80817193508602
1.91,8.243577168890983,-1.0023902156059274,-0.7759567083778506,-40.50625944039278,-269.48268421724555,-48.08840006820027
1.92,8.52505827277961,-0.7189751886551865,-0.6278126198306193,-39.63422701034368,-250.94359881508984,-32.58359968467524
1.93,8.389737363682158,-0.7116240400732883,-0.2321255423517919,-38.871198634050714,-234.7218990882036,-19.016899349090835
1.94,8.271331568221889,-0.7051917850641273,0.1141006504421821,-38.20354880479438,-220.52791182717814,-7.146036555454481
1.95,8.167726497194153,-0.6995635619311114,0.41704856913690935,-37.61935520419509,-208.10817297378088,3.240968388977328
1.96,8.077072060044884,-0.6946388666897225,0.6821279979947956,-37.10818580367071,-197.24090147705826,12.329597715355161
1.97,7.997749427539274,-0.6903297583535073,0.9140724982454462,-36.660912578211864,-187.73203891742597,20.282148375935765
1.98,7.928342124096865,-0.6865592885593189,1.1170239359647656,-36.269548505935376,-179.4117841777477,27.240630203943795
1.99,7.8676107335847565,-0.6832601274894041,1.2946064439691698,-35.927104942693454,-172.13156128052924,33.32930180345082
2.0,7.814470766886663,-0.6803733615532286,1.4499911384730237,-35.62746682485677,-165.76136624546308,38.65688945301947
2.01,7.767973296025829,-0.677847441359075,1.5859527461638958,-36.48965847174967,-149.2761953397802,43.07790364639203
2.02,7.727288009022601,-0.6756372611891907,1.704919152893409,-37.244076162780964,-134.85167079730766,46.94629106559303
2.03,7.691688382894776,-0.6737033535405419,1.809014758781733,-37.90419164243334,-122.23021182264421,50.331130057393906
2.04,7.660538710032929,-0.6720111843479741,1.9000984139340165,-38.48179268712917,-111.18643521981369,53.29286417521966
2.05,7.633282746278812,-0.6705305363044773,1.9797966121922645,-38.98719360123802,-101.52313069233698,55.884381528317206
2.06,7.609433777993962,-0.6692349692664177,2.0495325356682312,-39.429419401083265,-93.06773923079486,58.15195921227756
2.07,7.588565930744716,-0.6681013481081155,2.1105514687097022,-39.81636697594786,-85.6692717019455,60.13608968574286
2.08,7.570306564401626,-0.6671094295946011,2.1639430351209894,-40.15494610395437,-79.19561261420232,61.872203850025
2.09,7.273696493851423,-0.630105000895276,2.0078760307308654,-40.45120284096007,-73.53116091242703,63.39130374377187
2.1,7.014162682119995,-0.5977261257833665,1.8713174018895071,-40.71042748584006,-68.57476567337365,64.72051615080039
2.11,6.787070596854996,-0.5693946100604457,1.7518286016533187,-40.93724905011005,-64.23791983920194,65.88357700695035
2.12,6.588365022248121,-0.54460453380289,1.6472759014466538,-41.13571791884629,-60.443179734301694,66.90125525608155
2.13,6.414497644467106,-0.5229132170775287,1.555792288765822,-41.3093781789905,-57.122782142513984,67.79172372407136
2.14,6.262363688908718,-0.5039333149428376,1.4757441276700942,-41.46133090661668,-54.217434249699735,68.57088363356245
2.15,6.129246477795128,-0.4873259005749829,1.4057019867113325,-41.59428954328959,-51.67525484348727,69.25264855436714
2.16,6.012768918070737,-0.47279441300311004,1.344415113372416,-41.710628350378386,-49.45084786305136,69.84919286007124
2.17,5.910851053311895,-0.4600793613777213,1.290789099200864,-43.20367505658109,-35.678867005169934,68.72179362756233
2.18,5.821672921647909,-0.44895369120550616,1.2438663368007559,-44.510090924508454,-23.628383754523693,67.73531929911705
2.19,5.74364205644192,-0.4392187298048179,1.2028089197006613,-45.6532048089449,-13.084210910208231,66.87215426172742
2.2,5.67536504938668,-0.4307006385792157,1.1668836797380786,-46.65342945782679,-3.858059671432203,66.11688485401149
2.21,5.615622668213345,-0.42324730875681377,1.135449094770819,-47.52862602559844,4.214822662496822,65.45602412226006
2.22,5.563348084686677,-0.41672564516221205,1.1079438329244664,-48.29442302239864,11.278594704684718,64.87777098197756
2.23,5.517607824100842,-0.41101918951693556,1.0838767288089082,-48.96449539459881,17.459395241599125,64.37179948423037
2.24,5.477585096088236,-0.40602604082731863,1.0628180127077946,-49.55080872027396,22.867595711399233,63.92907442370157
2.25,4.496924959077207,-0.7950849107239037,1.1811996361193202,-50.06383288023972,27.599771122474326,63.54168999573887
2.26,3.6388473391925564,-1.135511421883416,1.2847835566044052,-50.51272902020976,31.740424607165036,63.20272862127151
2.27,2.888029421793487,-1.4333846191479889,1.3754194870288545,-50.905513142683546,35.363496406269405,62.90613741861257
2.28,2.2310637440693015,-1.6940236667544903,1.4547259261502479,-51.249199249848104,38.53368423048573,62.646620116286
2.29,1.6562187760606388,-1.9220828334101792,1.524119060381467,-51.54992459361709,41.30759857667502,62.41954247675025
2.3,1.153229429053059,-2.1216346042339067,1.5848380528337835,-51.81305926941496,43.73477362959065,62.220849542156465
2.31,0.7131137504214264,-2.2962424037046683,1.6379671712295607,-52.04330211073809,45.85855180089182,62.0469932243869
2.32,0.32801253161874816,-2.449024228241585,1.6844551498258657,-52.244764596895834,47.71685770078034,61.89486894633854
2.33,-0.008951034833595384,-2.582708324711387,1.7251321310976326,-48.251669022283856,63.710376363182796,63.87051032804622
2.34,-0.303794155479396,-2.6996819091224635,1.7607244897104286,-44.757710394498375,77.70470519278496,65.59919653704044
2.35,-0.5617818860444714,-2.8020337954821555,1.7918678034966251,-41.70049659518608,89.94974291868684,67.11179696991039
2.36,-0.7875211502889126,-2.891591696046886,1.819118203059547,-39.02543452078782,100.66415092885097,68.43532234867159
2.37,-0.9850430065027984,-2.969954859041025,1.8429623026771036,-36.68475520568934,110.0392579377446,69.59340705508764
2.38,-1.1578746306899486,-3.038522626660897,1.8638258898424658,-34.63666080497818,118.24247657052652,70.60673117320168
2.39,-1.3091023018537051,-3.098519423328285,1.8820815286121575,-32.844578204355905,125.4202928742107,71.49338977655147
2.4,-1.441426514121992,-3.1510166204122494,1.8980552125356378,-31.276505928811417,131.70088213993438,72.26921605448254
2.41,-1.9984059498567428,-2.6655830428607183,1.8864456859686831,-29.90444268770999,137.19639774744257,72.94806404767223
2.42,-2.48576295612465,-2.240828662503129,1.8762873502225978,-28.703887351746243,142.00497390401225,73.54205604171321
2.43,-2.912200336609069,-1.8691685796902378,1.8673988064447733,-27.653401432777965,146.2124780410107,74.06179903649907
2.44,-3.285333044532935,-1.543966007228958,1.8596213306391767,-26.73422625368072,149.89404416088436,74.51657415693668
2.45,-3.6118241639663182,-1.2594137563253383,1.8528160393092796,-25.92994797197063,153.11541451577384,74.9145023873196
2.46,-3.897503893470528,-1.0104305367846709,1.8468614093956197,-25.226204475474304,155.9341135763021,75.26268958890466
2.47,-4.147473656786712,-0.7925702196865869,1.8416511082211673,-24.610428916040018,158.40047525426436,75.56735339029159
2.48,-4.366197199688373,-0.6019424422257635,1.8370920946935214,-24.07162530153502,160.55854172248132,75.83393421650514
2.49,-4.557580299727326,-0.4351431369475431,1.8331029578568314,-13.20954688884314,180.22247525717114,79.610942939442
2.5,-4.72504051226141,-0.2891937448291002,1.8296124631247277,-3.705228277737749,197.42841710002477,82.91582557201176
2.51,-4.871568198228734,-0.1614880267254627,1.826558280234137,4.611050506979469,212.48361621252167,85.80759787551028
2.52,-4.999779923450141,-0.049745523384779874,1.82388587020487,11.887794443607035,225.65691543595648,88.33789864107149
2.53,-5.1119651830188735,0.04802916703831761,1.8215475114292612,18.254945388156155,237.1835522564619,90.55191181093755
2.54,-5.210127285141514,0.1335820211585279,1.8195014475006037,23.826202464636637,247.26935947440415,92.48917333457035
2.55,-5.296019124498825,0.2084407685137119,1.8177111415630283,28.701052406557054,256.09444079010365,94.18427716774906
2.56,-5.371174483936471,0.2739421724494979,1.8161446238676497,32.96654610573742,263.8163869413407,95.66749302178042
2.57,-6.1945120484444125,0.5126210258933107,1.6786647958841934,36.698853092520245,270.5730898236731,96.96530689405787
2.58,-6.9149324173888616,0.7214650226566468,1.558369946398669,39.96462170595521,276.48520484571395,98.10089403230063
2.59,-7.545300240215254,0.9042035198245659,1.4531119530988355,42.82216924271081,281.6583054899997,99.09453277826304
2.6,-8.096872085188346,1.064099704846495,1.361011208961481,45.322523337371955,286.18476855374973,99.96396668098015
2.61,-8.579497449539803,1.2040088667406832,1.2804230578412958,47.51033317020046,290.145423734531,100.72472134585763
2.62,-9.001794643347328,1.3264293833980978,1.2099084256111339,49.4246667739254,293.6109970177146,101.39038167762541
2.63,-9.371304687928912,1.4335473354733355,1.148208122409742,51.09970867718472,296.64337364050033,101.97283446792224
2.64,-9.694625976937798,1.5272755435391685,1.0942203571085243,52.56537034253663,299.2967031854378,102.48248065943196
2.65,-9.977532104820574,1.6092877255967724,1.0469810624699587,55.07719942471955,280.2421146622581,118.41592207700296
2.66,-10.225074966718003,1.6810483848971758,1.0056466796612138,57.27504987162961,263.5693497044758,132.3576833173776
2.67,-10.441674970878253,1.7438389617850287,0.9694790947035621,59.19816901267591,248.98068036641635,144.55672440270538
2.68,-10.631199974518472,1.7987807165619,0.9378324578656169,60.880898261091424,236.2155946956143,155.2308853523672
2.69,-9.909832227703664,2.3726248769916625,0.8922340256324148,62.353286353455,225.04614473366252,164.5707761833213
2.7,-9.278635449240706,2.874738517367705,0.852335397428363,63.64162593427312,215.2728760169547,172.74318066040613
2.71,-8.601958768085618,3.381798827696742,0.8121959727498176,64.76892306748898,206.72126588983537,179.89403457785536
2.72,-8.009866672074915,3.8254765992346496,0.7770739761560904,65.75530805905287,199.23860702860594,186.15103175562345
2.73,-7.268023338065551,4.274806524330319,0.7519758541365791,66.61839492667126,192.6912805250302,191.6259042861705
2.74,-6.618910420807357,4.667970208789029,0.7300149973695067,67.37359593583734,186.96236983440144,196.4164177503992
2.75,-5.779031493206437,4.9876153076904,0.6635914976983184,68.03439681885767,181.94957298010127,200.6081170315993
2.76,-5.044137431555632,5.2673047692291,0.6054709354860286,68.61259759150046,177.5633757325886,204.2758539026494
2.77,-4.173286002611178,5.322067298075463,0.569521568550275,69.1185232675629,173.72545314101504,207.48512366481822
2.78,-3.4112910022847807,5.36998451081603,0.5380658724814906,69.56120823411754,170.36727087338815,210.29323470671594
2.79,-2.577612876999183,5.206070071964026,0.4889483884213043,69.94855757985285,167.42886138921463,212.75033186837643
2.8,-1.848144517374285,5.062644937968523,0.44597058986864124,70.28748825737124,164.8577530905628,214.9002918848294
2.81,-1.0626668277024993,4.815809320722458,0.37361214113506114,61.21717722519983,134.67803407924245,212.9358798992257
2.82,-0.37537384923968686,4.599828155632151,0.31029849849317853,53.28065507204985,108.27077994433714,211.2170194118225
2.83,0.21734800691527395,4.314013261178132,0.1648476861815312,46.336198188043625,85.16443257629498,209.71301648534467
2.84,0.7359796310508646,4.063925228530865,0.037578225408839816,40.259798414538174,64.9463786292581,208.39701392467657
2.85,1.1167746771695066,3.7920538249645066,-0.13864105276726518,34.942948612720905,47.255581425600845,207.24551168409198
2.86,1.4499703425233184,3.5541663468439433,-0.29283292117135706,30.29070503613079,31.77613387240074,206.23794722358048
2.87,1.6155940497079035,3.2523434284884507,-0.3709409310249374,26.219991906614442,18.23161726335065,205.3563283206329
2.88,1.7605147934944156,2.9882483749273945,-0.43928543964682026,22.658117918287637,6.380165230431819,204.5849117805538
2.89,1.8210589443076137,2.68917132806147,-0.5051143846909677,19.54147817850168,-3.9898552983721585,203.90992230798457
2.9,1.874035076269162,2.427478912053786,-0.5627147116045967,16.81441840618897,-13.063623261075639,203.3193065194865
2.91,1.8017788167355167,2.132131923047063,-0.6469067476540221,14.42824110541535,-21.003170228441185,202.8025177045507
2.92,1.738554589643577,1.8737033076661802,-0.7205747791972694,12.34033596723843,-27.95027382488604,202.35032749148186
2.93,1.49114051593813,1.5039845192079078,-0.8506143067976107,10.513418971333625,-34.02898947177528,201.9546610550466
2.94,1.2746532014458638,1.1804805793069193,-0.9643988934479094,8.914866599916921,-39.34786566280337,201.60845292316577
2.95,1.0062515512651309,0.7741598818935542,-1.1355780317669208,7.516133274927307,-44.00188232995295,201.30552080777005
2.96,0.7714001073569895,0.41862927165685987,-1.2853597777960557,6.292241615561394,-48.07414691370883,201.04045520679878
2.97,0.6274628439373657,0.027850487699752402,-1.3185686805715486,6.083211413616219,-63.699253424495225,167.65914818094893
2.98,0.501517738445195,-0.31408094826271665,-1.347626470500105,5.900309986914191,-77.37122162143332,138.4505045333303
2.99,0.4728836461395456,-0.7794944547298771,-1.247845661687592,5.740271238549917,-89.33419379375417,112.89294134166401
3.0,0.44782881537210234,-1.1867312728886423,-1.1605374539766429,5.600237333731177,-99.80179444453489,90.53007354895601
3.01,0.38461821345058955,-1.762712363777562,-1.0510151472295626,5.477707667014779,-108.96094501396803,70.96256423033651
3.02,0.32930893676926587,-2.266695818305367,-0.9551831288258673,5.370494208637932,-116.97520176222201,53.84099357654445
3.03,0.20143569467310762,-2.846050966017196,-0.9303011127226339,5.27668243255819,-123.98767641694425,38.85961925447639
3.04,0.08954660783896919,-3.3529867202650467,-0.9085293486323047,5.194597128488416,-130.12359173982622,25.750916722666844
3.05,-0.07337496814090197,-3.9924846302319157,-0.9807091800532666,5.122772487427364,-135.49251764734794,14.28080200733349
3.06,-0.21593134712328924,-4.552045301452926,-1.0438665325466083,5.059925926498943,-140.19032781642943,4.244451631416803
3.07,-0.520533428732878,-5.193376513771311,-1.0188843409782824,5.004935185686575,-144.30091171437576,-4.537354947510297
3.08,-0.7870602501412682,-5.754541324549897,-0.9970249233559971,4.956818287475753,-147.8976726250788,-12.22143570407151
3.09,-1.2381442188736096,-6.15049703398116,-0.9613466829364974,4.914716001541283,-151.04483842194395,-18.94500636606257
3.1,-1.6328426915144085,-6.496958279733515,-0.9301282225694352,4.877876501348623,-153.79860849420095,-24.82813069530475
3.11,-1.9090119800751075,-6.3831268697668255,-0.5967601947482558,4.8456419386800444,-156.20815730742584,-29.975864483391653
3.12,-2.1506601075657192,-6.283524386045972,-0.30506317040472386,4.817436696345038,-158.3165125189976,-34.480131547967694
3.13,-1.9519280941200041,-5.723202212790226,0.3937319758958666,-5.540992765698092,-187.6669493291229,-53.19136497947173
3.14,-1.7780375823550034,-5.232920311191448,1.0051777289088832,-14.60461854498583,-213.34858153798254,-69.56369423203776
3.15,-1.5697252595606281,-4.467046897292517,1.4011170127952728,-22.5352911018626,-235.82000972073473,-83.88948232803304
3.16,-1.3874519771155498,-3.796907660130952,1.7475638861958636,-29.474629589129776,-255.48250938064288,-96.4245469120289
3.17,-1.097563479976106,-2.781819827614583,1.4318736504213807,-35.546550765488554,-272.68719658306253,-107.39272842302529
3.18,-0.8439110449790928,-1.8936179741627601,1.1556446941187082,-40.859481794802484,-287.74129788517973,-116.98988724514712
3.19,-0.42068041435670617,-0.7885521023924151,0.8337946073538697,-45.508296445452174,-300.91363652453225,-125.38740121450373
3.2,-0.0503536125621179,0.1783805354066368,0.552175781434636,-49.576009264770654,-312.4394328339657,-132.73522593769076
3.21,0.49480458900814683,0.5299508434808072,0.7956576837553064,-53.13525798167432,-322.52450460472,-139.1645725704794
3.22,0.9718180153821285,0.8375748630457063,1.008704348285893,-56.24960060896503,-331.34894240413,-144.7902508741695
3.23,1.4507020134593624,0.454251380164993,1.2652581797501563,-58.97465040784441,-339.07032547861377,-149.7127193898983
3.24,1.869725511776942,0.11884333264436886,1.489742782281387,-61.35906898186386,-345.826535668787,-154.01987934116102
3.25,2.0940326978048245,-0.10454820893617724,1.4712535594962137,-63.445435234130876,-351.73821958518863,-157.7886442985159
3.26,2.2903014855792216,-0.30001580781915504,1.455075489559187,-65.27100570486452,-356.91094301204004,-161.0863136362014
3.27,2.363249549881819,-0.2856905818417607,1.3187885533642887,-66.86837986675646,-361.437076010535,-163.97177430667622
3.28,2.4270791061465915,-0.27315600911154064,1.1995374841937525,-68.2660822584119,-365.39744238421815,-166.4965523933417
3.29,2.5798739678782674,-0.23935700797259807,1.0530332986695334,-62.52407210111041,-336.29963808619084,-139.22698346917397
3.3,2.713569471893484,-0.2097828819760233,0.9248421363358418,-57.49981321347161,-310.839059325417,-115.36611066052723
3.31,2.8042000379067984,-0.07657614672902038,0.8457454942938615,-53.10358668678766,-288.56105290973983,-94.48784695296132
3.32,2.8835017831684486,0.03997974661210717,0.7765359325071287,-49.2568884759392,-269.0677972960224,-76.21936620884117
3.33,2.9701155602723928,0.2014934032855938,0.5961483159437376,-45.891027541446796,-252.01119863401956,-60.234445557736024
3.34,3.0459026152383437,0.3428178528748946,0.4383091514507705,-42.94589922376594,-237.0866748047671,-46.24763998801902
3.35,2.9976667883335506,0.4010921212655328,0.2790356325194242,-40.3689119457952,-224.0277164541712,-34.00918511451664
3.36,2.9554604397918567,0.4520821061073412,0.13967130345449616,-38.11404807757079,-212.6011278973998,-23.30053710020206
3.37,2.9185298848178745,0.49669834284392356,0.01772751552268413,-36.141042192874444,-202.60286291022484,-13.930470087676802
3.38,2.79218189921564,0.40083004998843313,-0.10063742391765139,-34.41466204376514,-193.85438104644675,-5.731661451717201
3.39,2.818766161813685,0.298323043739879,-0.16302049592794496,-32.9040794132945,-186.19945941564092,1.4422961047474487
3.4,2.8420273915869743,0.2086294132723941,-0.21760568393695184,-31.582319611632688,-179.5014029886858,7.7195089666540175
3.41,2.8811123426386027,0.09441998661334484,-0.17112709844483287,-30.4257797851786,-173.64060361510008,13.212070220822266
3.42,2.9153116748087777,-0.005513261713323253,-0.13045833613922875,-29.413807437031277,-168.51240416321255,18.01806131821948
3.43,2.7981335904576805,-0.15792872899915783,-0.10567191912182515,-28.52833163240237,-164.02522964281098,22.223303528442045
3.44,2.6956027666504703,-0.29129226287426313,-0.083983804231597,-27.753540303352075,-160.09895193745962,25.90289046238679
3.45,2.5715245458191616,-0.38191335501498025,-0.14475345370264736,-31.074347640433064,-150.70033319527718,30.82002915458844
3.46,2.4629561025917663,-0.46120681063810776,-0.19792689698981644,-33.98005406037893,-142.47654179586755,35.122525510264886
3.47,2.375662589767795,-0.4225820843083443,-0.21008890986608939,-36.52254717783157,-135.2807243213841,38.887209821481775
3.48,2.2992807660468206,-0.38878544876980126,-0.2207306711328282,-38.747228655602626,-128.98438403121108,42.18130859379656
3.49,2.1019007952909683,-0.3623513926735761,-0.16759496224122467,-40.6938249486523,-123.47508627730969,45.06364501957199
3.5,1.9291933208795973,-0.33922159358937903,-0.12110121696107157,-42.39709670507076,-118.65445074264598,47.585689392125495
3.51,1.6920729057696475,-0.39020689439070666,-0.15400231484093763,-43.887459491936916,-114.43639464981523,49.79247821810981
3.52,1.4845925425484416,-0.4348190325918684,-0.18279077548582043,-45.1915269304448,-110.74559556858831,51.72341844084608
3.53,1.3336054747298864,-0.45014927851788483,-0.21513230355009288,-46.3325859391392,-107.51614637251477,53.41299113574032
3.54,1.2014917903886506,-0.4635632437031492,-0.24343114060633125,-47.3310125717468,-104.69037832595042,54.891367243772784
3.55,1.0514416915900693,-0.45298421324025556,-0.21046762303053984,-48.20463587527845,-102.21783128520661,56.18494633830119
3.56,0.9201478551413106,-0.44372756158522364,-0.18162454515172236,-48.969056265868645,-100.05435262455579,57.31682804601354
3.57,0.7822541232486467,-0.4409987413870707,-0.10972797700775705,-49.637924107635065,-98.16130879648631,58.30722454026185
3.58,0.6615971078425659,-0.4386110237136868,-0.04681847988178742,-50.22318346918068,-96.50489544692552,59.17382147272912
3.59,0.42197296936224515,-0.46739402074947595,-0.017173669896563985,-50.735285410533095,-95.05553376605982,59.93209378863798
3.6,0.21230184819196454,-0.49257914315579143,0.008765538840506515,-51.18337460921646,-93.78734229530234,60.59558206505823
3.61,-0.04272613283203103,-0.5062740002613175,-0.0314752785145568,-49.274202783064396,-78.83517450838954,60.65550905692595
3.62,-0.26587561622802713,-0.5182570002286528,-0.0666859937002372,-47.60367743518134,-65.75202769484085,60.707945174810206
3.63,-0.40202578919952375,-0.4602980002000712,-0.06668199448770755,-46.14196775578367,-54.30427423298574,60.75382677795893
3.64,-0.5211571905495833,-0.4095838751750623,-0.06667849517674411,-44.86297178631071,-44.287489953862526,60.79397318071406
3.65,-0.5740426667308854,-0.3999967657781795,-0.006829933279651097,-43.743850313021866,-35.52280370962971,60.82910128312481
3.66,-0.6203174583895248,-0.3916080450559071,0.045537558380305286,-42.76461902389413,-27.853703245926,60.8598383727342
3.67,-0.6604255260908343,-0.39318403942391866,0.04083373858276713,-41.907791645907366,-21.14324034018525,60.886733326142426
3.68,-0.6955200853294801,-0.39456303449592883,0.03671789625992124,-41.15806769016895,-15.271585297662094,60.910266410374625
3.69,-0.824802574663295,-0.3406532801839377,0.04608690922743108,-40.502059228897835,-10.133887135454332,60.9308578590778
3.7,-0.9379247528303831,-0.29348224516094545,0.0542847955740022,-39.92805182528561,-5.638401243522541,60.948875376693074
3.71,-1.1018801587265852,-0.2947845895158273,0.12785869612725193,-39.425795347124904,-1.7048510880822239,60.96464070460644
3.72,-1.245341138885762,-0.2959241408263489,0.19223585911134544,-38.98632092873429,1.737005297928054,60.97843536653063
3.73,-1.3139119965250419,-0.3633044982230552,0.2676887517224273,-38.6017808126425,4.748629635687047,60.990505695714305
3.74,-1.3739114969594117,-0.4222623109451733,0.33371003275712385,-38.26530821106219,7.383800931226166,61.001067233750014
3.75,-1.2503610598394852,-0.46135602207702664,0.33734502866248334,-37.97089468467942,9.689575814822895,61.01030857953126
3.76,-1.1422544273595496,-0.4955630193173983,0.3405256500796729,-37.7132828490945,11.707128837970034,61.01839475708985
3.77,-1.0744153739396058,-0.47743064190272355,0.3011989438197138,-35.21724761795768,26.404988108223783,62.27672078745363
3.78,-1.0150562021971552,-0.4615648116648831,0.26678807584224956,-33.03321679071297,39.26561496969581,63.37775606402192
3.79,-1.1226656769225107,-0.44227146020677277,0.25063544136196836,-31.12218981687385,50.518663473483834,64.34116193101919
3.8,-1.216823967307197,-0.4253897776809261,0.23650188619172233,-29.450041214764617,60.36508091429835,65.18414206464179
3.81,-1.4230207213937973,-0.4747639304708104,0.27576252541775703,-27.98691118791904,68.98069617501106,65.92174968156156
3.82,-1.6034428812195727,-0.517966314161959,0.3101155847405374,-26.70667241442916,76.51935952813469,66.56715634636637
3.83,-1.7423247710671261,-0.5960715248917141,0.3118051366479702,-25.586463487625515,83.11568996211784,67.13188717807058
3.84,-1.8638464246837354,-0.6644135842802499,0.3132834945669739,-24.606280676672327,88.88747909185312,67.62602665581176
3.85,-1.9475658715982684,-0.6611662612452187,0.1783965577461022,-23.748620717088286,93.93779458037147,68.05839869883529
3.86,-2.020820387648485,-0.6583248535895664,0.06037048802783941,-22.998168252452253,98.35682063282505,68.43672423648088
3.87,-2.1944393391924244,-0.5558412468908706,-0.03046082297564051,-22.341522345895722,102.22346842872193,68.76775908192077
3.88,-2.3463559217933714,-0.46616809102951173,-0.10993822010368545,-21.766957177658757,105.60678525013168,69.05741457168068
3.89,-2.5163823065692,-0.3634910796508228,-0.052690692590724765,-21.264212655451413,108.56718746886523,69.31086312522059
3.9,-2.66515539324805,-0.27364869469446995,-0.0025991060168841645,-20.824311198519986,111.15753941025707,69.53263060956802
3.91,-2.844643844092044,-0.19027085785766118,0.07562565723522635,-20.43939742370499,113.42409735897493,69.72667715837201
3.92,-3.0016962385805384,-0.11731525062545352,0.14407232508082307,-20.102597870741867,115.40733556410308,69.89646788857551
3.93,-3.1706658337579707,-0.052539469297271824,0.15941328444572017,-18.91977313689913,134.2926678685902,72.55628440250358
3.94,-3.3185142295382244,0.004139339364887154,0.17283662389000515,-17.884801494786743,150.81733363501644,74.88362385219062
3.95,-3.2839785758459463,0.09111617194427625,0.2245990459037545,-16.9792013079384,165.2764161806394,76.9200458706668
3.96,-3.253759878865203,0.16722090045124172,0.2698911651657852,-16.1868011444461,177.92811340805946,78.70191513683343
3.97,-3.1708952690070524,0.2313971628948365,0.29843964452006205,-15.493451001390339,188.99834848205202,80.26105074472925
3.98,-3.098388735381171,0.2875513925329819,0.32341956395505433,-14.886769626216546,198.68480417179552,81.62529440163809
3.99,-3.1281917684585245,0.32326184346635917,0.3826193684606725,-14.355923422939478,207.16045290032108,82.81900760143333
4.0,-3.154269422401209,0.3545084880330643,0.43441919740308843,-13.891432995072043,214.57664553778093,83.86350665125416
4.01,-3.2392344946010576,0.3622511770289313,0.42127192272770236,-13.485003870688038,221.06581409555832,84.77744331984738
4.02,-3.3135789327759255,0.36902602990031486,0.4097680573867396,-13.129378386852034,226.74383658361353,85.57713790486645
4.03,-3.4700071911789347,0.3489805261627755,0.3833309252133972,-12.81820608849553,231.71210626066184,86.27687066675813
4.04,-3.6068819172815676,0.3314407103924285,0.3601984345617225,-12.545930327433588,236.05934222807912,86.88913683341336
4.05,-3.9103608026213714,0.2926808715933749,0.3876731302415072,-12.30768903650439,239.86317369956924,87.42486972923669
4.06,-4.175904827293699,0.258766012644203,0.41171348896131876,-12.099227906941342,243.1915262371231,87.8936360130821
4.07,-4.3354389738819865,0.27237038606367764,0.5121016778411539,-11.916824418573675,246.10383470748272,88.30380651144684
4.08,-4.475031352146738,0.2842742128057179,0.5999413431110097,-11.757221366251967,248.65210461904738,88.66270569751597
4.09,-4.444589683128396,0.3362570612050032,0.6466700502221335,-1.3800688204704716,250.27371829166646,96.23049298532648
4.1,-4.417953222737347,0.38174205355437785,0.6875576689443669,7.699939657088336,251.69263025520814,102.85230686216067
4.11,-4.285267569895178,0.4543161718600806,0.592208585326321,15.644947074952293,252.93417822330713,108.64639400439059
4.12,-4.169167623658281,0.5178185253775706,0.5087781371605309,22.596828565583255,254.02053269539374,113.71622025384177
4.13,-3.985105045700996,0.6139682097053742,0.3744504950154645,28.679724869885348,254.97109285846952,118.15231822211155
4.14,-3.8240502899883717,0.6980991834922023,0.25691380813853143,34.002259136149675,255.80283300116082,122.03390394434761
4.15,-3.416513128739825,0.8216595355556771,0.104768832121215,38.65947661913096,256.53060562601576,125.43029145130417
4.16,-3.0599181126473467,0.9297748436112174,-0.02835802189393688,42.734541916739595,257.1674066727638,128.40213051989116
4.17,-2.6047560985664284,1.0705572381598152,-0.20487426915719475,46.30022405214714,257.72460758866833,131.00248970490475
4.18,-2.2064893362456246,1.1937418333898382,-0.3593259855125454,49.42019592062875,258.2121583900848,133.27780399179164
4.19,-1.9146782942149214,1.3633732292161085,-0.4898231123234772,52.15017130555015,258.63876534132424,135.26870399281768
4.2,-1.6593436324380562,1.511800700564095,-0.6040080982830426,54.538899767356384,259.0120464236587,137.01074149371547
4.21,-1.3737640533832993,1.7253877379935831,-0.7658025859976623,56.629037171436835,259.3386673707014,138.53502430700104
4.22,-1.123881921710387,1.9122763957443853,-0.9073727627479545,58.45790740000723,259.62446069936374,139.8687717686259
4.23,-0.8298878064965887,2.224895471276337,-1.0673451674044603,60.058168850006325,259.8745298619433,141.03580079754764
4.24,-0.5726429556845151,2.498437162366795,-1.2073210214789027,61.458397618755534,260.0933403792004,142.05695119785418
4.25,-0.39262058622395074,2.8802831420709456,-1.25716464379404,60.78047316641109,234.92729795680034,160.0042090481224
4.26,-0.23510101294595692,3.2143983743120774,-1.3007778133197851,60.18728927060971,212.9070108372003,175.70805966710708
4.27,-0.2298113863277123,3.5422169525230682,-1.2686205866548121,59.6682533617835,193.63925960755026,189.44892895871868
4.28,-0.22518296303674828,3.8290582084576847,-1.2404830133229607,59.21409694156056,176.77997728160648,201.47218958887885
4.29,-0.2926884676571547,4.046169307400474,-1.2297577616575905,58.816710073865494,162.02810524640566,211.992542640269
4.3,-0.35175578420001036,4.236141518975415,-1.2203731664503916,58.46899656463231,149.12021721560495,221.19785156023536
4.31,-0.412081811175009,4.407110079103488,-1.2795415206440928,58.164747244053274,137.82581518865433,229.25249686520593
4.32,-0.4648670847781329,4.556707569215551,-1.3313138305635812,57.89852908854662,127.94321341507253,236.30031150705517
4.33,-0.22731169918086627,4.615263998063607,-1.1827186017431337,57.66558820247829,119.29593686318847,242.46714931867328
4.34,-0.019450736783257982,4.666500873305656,-1.052697776525242,57.46176492716851,111.72956988028992,247.8631324038391
4.35,0.36236698031464926,4.556734264142449,-0.8008116794595868,57.283419561272446,105.10899877025368,252.58461760335922
4.36,0.696457482775318,4.460688481124643,-0.5804113445271384,57.12736736611339,99.31599904897196,256.7159171529393
4.37,1.1724409224284034,4.281699920984062,-0.3563148014612461,56.99082169534922,94.24712429285046,260.3308042588219
4.38,1.5889264321248528,4.125084930861054,-0.16023032627859035,56.87134423343057,89.81185888124415,263.49383047646916
4.39,2.1395395031092463,3.9161579395034227,0.05238183950623343,56.76680145425175,85.93100164608863,266.2614784169105
4.4,2.621325940220591,3.7333468220654953,0.23841748456795425,56.67532652247028,82.53525156532756,268.6831703647967
4.41,3.1166616976930173,3.502468594307308,0.43929642399695995,43.40903583216149,60.75584486966161,251.1802740691971
4.42,3.55008048548139,3.3004501450188943,0.61506549599734,31.801031478141304,41.69886401095391,235.86523981054748
4.43,4.161919674796216,3.024332376891533,0.8060454339976725,21.64402766837364,25.024005759584675,222.46458483422904
4.44,4.6972789654466895,2.7827293297800915,0.9731528797479634,12.756649334826934,10.433504789636592,210.73901172995042
4.45,5.093941094765853,2.67093166355758,1.087825894779468,4.980193292973567,-2.3331835590679812,200.47913526370664
4.46,5.441020457920121,2.5731087056128823,1.1881647829320343,-1.824205743648129,-13.504035864184484,191.50174335574332
4.47,5.5884125256801065,2.412292742411272,1.07594781006553,-7.778054900692113,-23.27853163116142,183.64652543627543
4.48,5.717380584970093,2.2715787746098632,0.9777579588073386,-12.987672913105598,-31.831215427266244,176.773209756741
4.49,5.807178636848832,1.9348090527836301,0.7028612139564212,-17.546088673967397,-39.314813748857965,170.7590585371484
4.5,5.885751932242728,1.6401355461856764,0.4623265622118686,-21.53470246472147,-45.86296228025072,165.49667622000487
4.51,5.912361815712387,1.2714746029124666,0.173936866935385,-25.024739531631283,-51.59259224521938,160.89209169250427
4.52,5.9356454637483385,0.9488962775484083,-0.07840411643153813,-28.078521965177373,-56.60601846456695,156.86308023094125
4.53,5.773625405779796,0.3476608678548572,-0.4237893518775959,-30.750581594530203,-60.99276640649608,153.3376952020736
4.54,5.631857855057322,-0.17842011562699994,-0.7260014328928965,-33.088633770213924,-64.83117085568408,150.25298330181442
4.55,5.235003873175157,-0.948033476173625,-1.1152455037812845,-35.134429423937185,-68.18977474872356,147.55386038908765
4.56,4.887756639028262,-1.621445166651922,-1.455834065808624,-36.92450062094504,-71.12855315513312,145.1921278404517
4.57,4.36327530914973,-2.681972270820432,-1.822810682582546,-22.64893829332691,-82.36685913574148,101.26561086039523
4.58,3.9043541455060136,-3.6099334869678783,-2.1439152222597277,-10.157821256661045,-92.20037686877379,62.829908502845825
4.59,3.146002627317762,-4.905235676096893,-2.544215694477262,0.7719061504215858,-100.80470488517706,29.1986689399901
4.6,2.4824450489030414,-6.038625091584782,-2.894478607667604,10.335417631618888,-108.33349189952992,-0.2286656775086655
4.61,1.8579707927901612,-7.704553330136684,-3.4771880317091535,18.703490177666527,-114.92118053708867,-25.977583467820082
4.62,1.3115558186913912,-9.162240538869598,-3.987058777745509,26.02555365545821,-120.68540809495258,-48.507886534342575
4.63,0.09086696635496727,-11.203578096510899,-4.28212018052732,32.43235919852593,-125.7291072080835,-68.22190171754976
4.64,-0.9772357794394038,-12.989748459447037,-4.540298907961405,38.03831404871019,-130.14234393207306,-85.47166500285604
4.65,-3.1030001820094784,-13.734561902016157,-2.624399294466229,42.94352454262142,-134.00392606556392,-100.56520787749903
4.66,-4.963044034258294,-14.386273664264138,-0.9479871326579503,47.23558372479374,-137.38281043236842,-113.77205789281166
4.67,-7.191574529976007,-12.61007045623112,0.8800732589242934,50.99113550919452,-140.33933425332236,-125.3280516562102
4.68,-9.141538713729005,-11.055892649202232,2.4796261015587566,54.27724332054521,-142.92629259665708,-135.43954619918395
4.69,-8.341783999512879,-7.987378068051952,0.528289713863912,57.15258765547706,-145.18988114707494,-144.28710392428596
4.7,-7.64199862457377,-5.302427809545458,-1.179129625369077,59.668513948542426,-147.17052112869058,-152.02871693375022
4.71,-5.6083749215020475,-2.339185583352276,-2.1662375471979427,61.869949454974616,-148.90358111260426,-158.80262831703143
4.72,-3.8289541813142915,0.25365136456675863,-3.0299569787982,63.796205523102785,-150.4200085985287,-164.72980077740252
4.73,-2.903508658650005,1.0974326939959138,-2.125881856448425,55.594179832714936,-195.30438377371263,-162.9904510552272
4.74,-2.0937438263187547,1.8357413572464245,-1.334816124392372,48.41740735362557,-234.57821205199855,-161.4685200483238
4.75,-0.6274962230289105,1.0286389375906215,-0.3445161088433255,42.13773143442238,-268.94281179549876,-160.1368304172833
4.76,0.6554704298497033,0.3224243203917939,0.5219964047620902,36.64301500511958,-299.0118365710614,-158.97160199012288
4.77,2.2094521261184905,-0.2144629696571803,1.2337788541668289,31.83513812947963,-325.32223324967873,-157.9520271163575
4.78,3.5691861103536793,-0.6842393484500328,1.8565884973959752,27.62824586329468,-348.3438303434689,-157.05989910181282
4.79,3.542803096559469,-0.15992155489377863,2.2949821852214782,23.947215130382844,-368.4877278005353,-156.2792870890862
4.8,3.519717959489536,0.2988565144679437,2.678576662068793,20.726313239084988,-386.11363807546843,-155.59625157795043
4.81,3.3202762145533438,0.7942495751594507,2.6785365793101943,17.908024084199365,-401.5363095660349,-154.99859550570662
4.82,3.1457646877341756,1.2277185032645193,2.67850150689642,15.442021073674445,-415.03114712028054,-154.4756464424933
4.83,3.296670726767404,1.5253535653564543,2.6802279435343674,13.28426843946514,-426.8391299802455,-154.0180660121816
4.84,3.4287135109214786,1.7857842446868974,2.681738575592571,11.396234884532,-437.1711149827148,-153.6176831356589
4.85,3.4715780720562934,1.9023720891010352,2.8913252536434997,9.744205523965501,-446.2116018598755,-153.26734811870153
4.86,3.5090845630492566,2.0043864529634057,3.074713596938062,8.298679833469814,-454.1220278773911,-152.96080497886382
4.87,3.4100229926680994,1.82984114634298,3.1140071473208044,7.033844854286087,-461.0436506427172,-152.69257973150584
4.88,3.3233441185845867,1.6771140030501075,3.1483890039057036,5.9271142475003264,-467.10007056237754,-152.4578826400676
4.89,3.0886057287615136,1.396596002668844,3.0331732534174907,-3.266275033437215,-424.5238127420804,-127.52502231005916
4.9,2.883209637666324,1.1511427523352384,2.932359471740304,-11.310490654257563,-387.2695871493204,-105.70876952130176
4.91,2.5416565579580332,0.9091272832933337,2.720964287772766,-18.34917932247537,-354.67213975565534,-86.61954833113904
4.92,2.2427976132132788,0.697363747881667,2.5359935018011703,-24.508031907165947,-326.14937328619845,-69.91647978974666
4.93,1.985187786561619,0.5415114043964586,2.2993003140760244,-29.897027918770203,-301.19195262542365,-55.30129481602833
4.94,1.7597791882414167,0.4051406038469013,2.0921937748165216,-34.61239942892393,-279.3542095472457,-42.513007964024794
4.95,1.6609494147112396,0.23347252836603866,1.9674586779644563,-38.73834950030844,-260.24618435384,-31.323256968521697
4.96,1.5744733628723346,0.08326296232028384,1.8583154682188991,-42.34855581276988,-243.52666230961003,-21.532224847456487
4.97,1.5248564425132929,-0.00265690796975164,1.7833412846915366,-45.50748633617365,-228.8970805209088,-12.965071741524426
4.98,1.4814416371991312,-0.07783679447353269,1.7177388741050945,-48.27155054415194,-216.0961964557952,-5.468812773833872
4.99,1.3481746825492398,-0.1187005701643411,1.5419642648419576,-50.69010672613295,-204.89542289882078,1.0904138228953624
5.0,1.2315660972305846,-0.15445637389379846,1.3881614817367127,-52.80634338536633,-195.0947460364682,6.829737095033442
5.01,1.0712669600767615,-0.17107507715707365,1.1390141715196236,-54.65805046219554,-186.51915378190967,11.851644958154262
5.02,0.9310052150671663,-0.18561644251243944,0.9210102750796706,-56.2782941544211,-179.01551055917096,16.245814338384978
5.03,0.8926256881837704,-0.14925638719838452,0.7125816156947117,-57.69600738511846,-172.4498227392746,20.090712546086856
5.04,0.8590436021607991,-0.11744133879858645,0.5302065387328727,-58.93650646197865,-166.70484589686527,23.454998477826
5.05,0.9320941518906992,-0.05895542144876315,0.4223288463912636,-59.39631827923132,-155.10674040975712,26.53874879309775
5.06,0.9960133829043618,-0.007780243767667762,0.32793586559235566,-59.79865361932741,-144.9583981085375,29.23703031896053
5.07,1.0429109600413167,0.005492036703290708,0.2993916323933112,-60.150697041911485,-136.07859859497032,31.598026654090464
5.08,1.0839463400361522,0.01710528211537937,0.2744154283441473,-60.45873503667255,-128.30877402059903,33.66389844732916
5.09,0.9558067975316332,0.005653246850956948,0.20721549980112886,-60.72826828208848,-121.51017751802415,35.47153626641301
5.1,0.8436846978401791,-0.004367284005412669,0.14841556232598774,-60.96410987182742,-115.56140557827112,37.053219358111384
5.11,0.6090741106101567,-0.0033716235047360856,-0.00706688296476074,-61.17047126284899,-110.35623013098723,38.43719206334746
5.12,0.4037898467838871,-0.0025004205666440747,-0.14311402259416567,-61.35103747999287,-105.80170161461382,39.648168180429025
5.13,0.16069236593590117,-0.039656492995813565,-0.274752394769895,-61.50903291999376,-101.81648916278708,40.707772282875396
5.14,-0.052017929806086494,-0.07216805637133686,-0.38993597042365813,-61.64727892999454,-98.32942826743869,41.63492587251597
5.15,-0.17950343858032566,-0.12257054932491976,-0.44525372412070086,-61.76824418874523,-95.27824998400884,42.446185263451476
5.16,-0.291053258757785,-0.1666727306593048,-0.49365675860561326,-61.87408879015207,-92.60846898600772,43.15603723052004
5.17,-0.2641783514130619,-0.1430992643268917,-0.4189505387799116,-61.96670281638306,-90.27241061275676,43.777157701705036
5.18,-0.24066280748642915,-0.12247248128603024,-0.3535825964324227,-62.04774008933518,-88.22835953616216,44.320638113991905
5.19,-0.3019824565506255,-0.15572892112527645,-0.21566727187836982,-62.11864770316828,-86.43981484414188,44.79618347474292
5.2,-0.3556371494817973,-0.18482830598461691,-0.09499136289357359,-62.180691865272244,-84.87483823862414,45.21228566540005
5.21,-0.4590035057965727,-0.2350537677365398,-0.04764769253187689,-59.79373050711321,-69.80298320879612,46.35512508222505
5.22,-0.5494490675720011,-0.27900104676947235,-0.006221980965392275,-57.70513931872406,-56.615110057696604,47.35510957194692
5.23,-0.629670559125501,-0.2601722909232883,0.01670664165528176,-55.87762202888355,-45.07572105048453,48.23009600045356
5.24,-0.6998643642348135,-0.24369712955787726,0.036769186448371544,-54.278544400273105,-34.97875566917397,48.995709125396864
5.25,-0.9208848187054617,-0.23564886336314259,-0.0269602118576749,-52.87935147523896,-26.143910960527222,49.66562060972226
5.26,-1.114277716367279,-0.22860663044274976,-0.08272343537546553,-51.655057665834086,-18.413421840461318,50.25179315850698
5.27,-1.3515615018213691,-0.19401992663740605,-0.11633775595353234,-50.58380058260482,-11.649243860403653,50.764694138693606
5.28,-1.559184814093698,-0.1637565608077303,-0.1457502864593408,-49.64645063477922,-5.730588127853196,51.21348249635691
5.29,-1.5764772123319857,-0.10543824070676401,-0.1990871256519232,-48.826269430431815,-0.5517643618715464,51.6061723093123
5.3,-1.5916080607904874,-0.05440971061841851,-0.24575685994543284,-48.108610876627836,3.979706433362397,51.949775895648266
5.31,-1.4989630531916764,0.0509052532088838,-0.2897593774522538,-47.48065964204935,7.944743379192097,52.250429033692235
5.32,-1.4178986715427169,0.14305584655777331,-0.32826158027072205,-46.93120231179318,11.414150706793084,52.51350052948071
5.33,-1.2318534625998772,0.12880686573805164,-0.3810042577368818,-46.45042714781903,14.449882118443949,52.74368808829562
5.34,-1.0690639047748924,0.11633900752079518,-0.42715410051977154,-46.029748879341646,17.106147103638456,52.94510220225867
5.35,-1.039954416678031,0.04915750658069578,-0.4808624629548001,-45.66165539442394,19.43037896568365,53.121339551976334
5.36,-1.0144836145932772,-0.009626306741891195,-0.5278572800854502,-45.339573595120946,21.464081844973194,53.27554723297929
5.37,-1.1585185377691176,-0.0021713933991547966,-0.631114870074769,-40.11400189573083,32.16857198935155,53.94860395385688
5.38,-1.284549095547978,0.004351655775739554,-0.7214652613154229,-35.54162665876448,41.535000865682605,54.53752858462477
5.39,-1.4467199586044805,0.0677064488037721,-0.791334228650995,-31.54079832641892,49.73062613247228,55.05283763654668
5.4,-1.5886194637789204,0.1231418927033006,-0.8524695750696206,-28.040073535616553,56.90179824091325,55.50373305697835
5.41,-1.5792805308065554,0.13325015611538804,-0.8088302531859181,-24.976939343664483,63.1765738357991,55.898266549856054
5.42,-1.5711089644557361,0.14209488660096453,-0.7706458465376783,-22.296696925706424,68.6670024813242,56.24348335612405
5.43,-1.4552428438987692,0.08080865077584395,-0.7052576157204685,-19.951484809993122,73.47112754615868,56.54554806160855
5.44,-1.353859988411423,0.02718319442886346,-0.6480429137554099,-17.89942420874398,77.67473697788886,56.809854678907485
5.45,-1.361094114859995,-0.03401857987474447,-0.7004882995359836,-16.103871182650984,81.35289523065275,57.04112296904405
5.46,-1.3674239755024957,-0.08757013239040141,-0.7463780120939856,-14.532762284819611,84.57128370182116,57.24348272291355
5.47,-1.5117277285646837,-0.09653074084160124,-0.8101195105822374,-13.15804199921716,87.38737361409352,57.42054750754936
5.48,-1.6379935124940983,-0.1043712732364011,-0.8658933217594578,-11.955161749315014,89.85145228733182,57.57547919410569
5.49,-1.805379198432336,-0.10725036408185096,-0.8535996565395255,-10.902641530650637,92.00752112641536,57.71104441984248
5.5,-1.951841673628294,-0.10976956857161958,-0.8428426994720848,-9.981686339319307,93.89408136061344,57.82966399236217
5.51,-2.042679464424757,-0.08508624750016713,-0.8496759870380742,-9.175850546904393,95.54482156553676,57.933456118316904
5.52,-2.122162531371662,-0.06348834156264624,-0.855655113658315,-8.470744228541342,96.98921924484468,58.0242742285273
5.53,-2.1891507149502045,-0.0053627988673154575,-0.9088385994510256,-9.546901199973675,109.5930663392391,58.278739699961385
5.54,-2.247765375581429,0.04549705099109897,-0.9553741495196474,-10.488538549976965,120.6214325468342,58.501396987466215
5.55,-2.3642825786337505,0.1465202946172116,-0.9312641308296915,-11.312471231229845,130.27125297847994,58.69622211403294
5.56,-2.4662351313045314,0.23491563279006014,-0.9101678644759801,-12.033412327326113,138.71484585616994,58.866694099778826
5.57,-2.7512792398914647,0.26194967869130265,-0.8221286314164826,-12.664235786410348,146.1029896241487,59.01585708730647
5.58,-3.0006928349050317,0.2856044688548898,-0.7450943024894223,-13.216206313109055,152.5676154211301,59.146374701393164
5.59,-3.2563669805419027,0.2928679102480286,-0.7027098896782445,-13.699180523970423,158.22416299348885,59.26057761371902
5.6,-3.480081857974165,0.299223421467025,-0.665623528468464,-14.12178295847412,163.17364211930274,59.360505162004145
5.61,-3.6162390007273943,0.3701724937836469,-0.629007962409906,-14.491560088664855,167.5044363543899,59.44794176675363
5.62,-3.73537650063647,0.43225293206069104,-0.5969693421086677,-14.815115077581748,171.29388131009117,59.52444879590943
5.63,-3.7727935630569114,0.5393625655531047,-0.5110157993450842,-15.098225692884029,174.60964564632977,59.59139244642075
5.64,-3.8055334926747975,0.6330834948589666,-0.4358064494269487,-15.345947481273525,177.51093944053855,59.64996814061816
5.65,-3.8853449310904478,0.7431949330015959,-0.4005162682485801,-15.562704046114334,180.04957151047122,59.701221873040886
5.66,-3.955179939704142,0.8395424413763964,-0.36963735971750755,-15.752366040350042,182.27087457166232,59.74606888891078
5.67,-4.068708947241124,0.9465705112043469,-0.3545829397528191,-15.918320285306287,184.21451475020453,59.78531002779693
5.68,-4.168046828835983,1.0402200723038035,-0.3414103222837167,-16.063530249643,185.91519990642897,59.81964602432232
5.69,-4.283977475231485,1.1005988132658282,-0.3674681569982521,-7.313713718437626,198.10017654312534,68.51656489628203
5.7,-4.38541679082755,1.1534302116075996,-0.3902687623734705,0.3423757463670771,208.76203110023468,76.12636890924678
5.71,-4.381025941974107,1.2164036851566498,-0.4812271670767867,7.041454028071192,218.09115383770535,82.78494742059092
5.72,-4.377183949227343,1.2715054745120686,-0.5608157711921884,12.903147524562293,226.25413623299218,88.61120361801706
5.73,-4.084542080573925,1.32186354019806,-0.6293224247931649,18.032129333992007,233.39674582886818,93.70917779076493
5.74,-3.8284804455021844,1.3659268476733026,-0.6892657466940193,22.519988417243006,239.64652922525966,98.16990519191931
5.75,-3.462545639814411,1.4524054917141398,-0.6747295283572669,26.44686511508763,245.1150896971022,102.0730416679294
5.76,-3.1423526848376095,1.5280743052498722,-0.6620103373126085,29.882882225701675,249.90008010996445,105.48828608443823
5.77,-2.892810099232908,1.6989426420936382,-0.6636111701485324,32.88939719748896,254.0869467212189,108.47662494888345
5.78,-2.6744603368287945,1.8484524368319335,-0.6650118988799659,35.52009779780284,257.75045500606655,111.09142145527302
5.79,-2.3989690447251952,2.1587680072279416,-0.6259039115199702,37.82196082307749,260.9560247553082,113.3793683983639
5.8,-2.157914164134546,2.430294131324449,-0.5916844225799739,39.83609097019281,263.76089828589465,115.3813219735684
5.81,-1.8863862686177275,2.873484864908893,-0.5127161197574772,41.598454848918706,266.2151626251578,117.13303135187235
5.82,-1.6487993600405115,3.261276756795281,-0.4436188547877926,43.140523242803866,268.3626439220131,118.6657770578883
5.83,-1.2008905650354476,3.673859912195871,-0.25487337293931855,44.489833087453384,270.24169005676146,120.00692955065226
5.84,-0.8089703694060166,4.034870173171387,-0.08972107632190374,45.67047920152171,271.88585542466626,121.18043798182073
5.85,-0.13300569823026454,4.289656276524964,0.20841193321833423,41.2085443013315,241.97324874658298,146.89538473409314
5.86,0.4584633890485186,4.5125941169593435,0.46927831656604246,37.30435126366507,215.7997179032601,169.3959631423315
5.87,1.0700439654174536,4.596776602339426,0.7864385269952872,33.88818235570694,192.8978784153526,189.08396924954008
5.88,1.6051769697402718,4.670436277046997,1.0639537111208763,30.89903456124357,172.85876886343354,206.31097459334757
5.89,2.116093348522738,4.572915492416123,1.3235528722307668,28.283530241088123,155.32454800550434,221.38460426917914
5.9,2.5631451799573957,4.487584805864108,1.5507021382019208,25.994963960952106,139.9821047548163,234.57403023553175
5.91,3.1486275324627213,4.273046830131094,1.6235338709266807,23.992468465833092,126.55746691046427,246.11477795609028
5.92,3.660924590904881,4.085326101364708,1.6872616370608458,22.240284907603954,114.81090879665624,256.212932211579
5.93,4.213158892041771,3.9312759636941195,1.62217305742824,20.70712429415346,104.53267044707421,265.0488171851316
5.94,4.69636390553655,3.7964820932323544,1.56522055024971,19.365608757384276,95.53921189118994,272.78021653699017
5.95,4.99620691734448,3.73698008157831,1.4187067314684962,18.19178266271124,87.6699356547912,279.5451909698664
5.96,5.25856955267642,3.684915821381021,1.2905071400349342,17.164684829872336,80.78431894794231,285.4645435986331
5.97,5.488136858591867,3.6393595937083933,1.1783324975305673,16.265974226138294,74.75940432944952,290.64397714880397
5.98,5.4802665012678835,3.5076277694948446,1.0502406853392465,15.479602447871006,69.48760403826833,295.1759815052035
5.99,5.478290313609398,3.1474412983079887,0.7511639746718407,14.79152714188713,64.87477878348479,299.141485317053
6.0,5.476561149408224,2.83227813601949,0.48947185283786054,14.189461249151238,60.83855668554919,302.6113011524214
6.01,5.660935630732196,2.301915744017054,0.19780362123312795,25.00265359300733,36.34186134985555,255.52738838336873
6.02,5.822263301890671,1.8378486510149221,-0.057406081421013055,34.464196893881414,14.907252931123605,214.32896471044762
6.03,5.648617639154337,0.9736104446380568,-0.31697819624338647,42.743047282146236,-3.848029435266847,178.28034399664168
6.04,5.496677684260045,0.21740201405829973,-0.5441037967129632,49.98704137187796,-20.258901505858493,146.73780087206146
6.05,5.1698239737275395,-0.8666087376989877,-0.9952286971238428,56.32553620039321,-34.61841456762618,119.13807563805378
6.06,4.883826977011597,-1.8151181454866143,-1.3899629849833623,61.871719175344055,-47.182988496672905,94.98831605829704
6.07,4.326183354885147,-3.033683752300788,-2.029683736860442,66.72462927842605,-58.17699068458879,73.85727642600992
6.08,3.8382451855245043,-4.099928658263189,-2.589439394752887,70.9709256186228,-67.79674259901519,55.36761674775868
6.09,3.1658611623339414,-5.448175950980291,-3.3060689704087762,74.68643491629496,-76.2140255241383,39.189164529288846
6.1,2.577525142042199,-6.627892332107754,-3.933119849107679,77.93750555175808,-83.579148083621,25.033018838127738
6.11,2.062731124286924,-7.660144165594284,-4.481789367969219,80.78219235778832,-90.02363032316838,12.646391358361772
6.12,1.6122863587510587,-8.563364519894998,-4.961875196973066,83.27129331306477,-95.66255228277232,1.8080923135665508
6.13,1.2181471889071764,-9.353682329908123,-5.381950297351433,85.44925664893168,-100.59660899742578,-7.675419350629268
6.14,0.8732754152937794,-10.045210413669608,-5.7495160101825045,87.35497456781522,-104.91390862274756,-15.973492056800609
6.15,0.5715126133820569,-10.650297486960907,-6.071136008909692,89.02247774683832,-108.6915457949041,-23.234305674700533
6.16,0.30747016170929986,-11.179748676090794,-6.352553507795981,90.48154302848351,-111.99697832054109,-29.587517590362967
6.17,0.07643301649563741,-11.643018466579445,-6.598793819321483,85.46260027492308,-145.19923265547345,-49.452827516567595
6.18,-0.12572448556631727,-12.048379533257014,-6.814254091906298,81.0710253655577,-174.25120519853925,-66.83497370199665
6.19,-0.3026122998705276,-12.403070466599887,-7.0027818304180105,77.22839731986299,-199.67168117372182,-82.04435161424706
6.2,-0.4573891373867117,-12.713425033274902,-7.16774360161576,73.86609777988012,-221.9145976520066,-95.35255728746618
6.21,-0.5928188702133728,-12.98498527911554,-7.31208515141379,70.92408568239512,-241.37714957050576,-106.99723725153291
6.22,-0.7113198864367012,-13.222600494226098,-7.438384007487066,68.34982509709573,-258.40688249919253,-117.1863322200913
6.23,-0.8150082756321135,-13.430513807447836,-7.548895506551183,66.09734708495877,-273.30789881179345,-126.10179031757988
6.24,-0.9057356161780994,-13.612437956516857,-7.6455930682322855,64.12642882433893,-286.34628808531926,-133.9028161528824
6.25,-0.890098164155837,-11.98234596195225,-6.74402593470325,62.40187534629656,-297.75487869965434,-140.72871375877207
6.26,-0.8764153936363573,-10.556015466708219,-5.955154692865343,60.89289105300949,-307.73739548719755,-146.70137416392555
6.27,-0.8644429694318128,-9.307976283369692,-5.264892356257175,59.5725297963833,-316.4720976762979,-151.92745201843485
6.28,-0.8539670982528362,-8.21594199794848,-4.660912811725028,58.41721369683538,-324.1149620917607,-156.5002701411305
6.29,-0.8448007109712318,-7.260411998204921,-4.1324307102594,57.406312109730955,-330.8024684552906,-160.50148599848922
6.3,-0.8367801220998279,-6.424323248429306,-3.670008871476975,56.521773221014584,-336.65403652337926,-164.00254987367805
6.31,-0.8297621068373494,-5.692745592375643,-3.2653897625423536,55.74780169338776,-341.7741585829569,-167.0659807644683
6.32,-0.8236213434826808,-5.052615143328688,-2.9113480422245592,55.07057660671428,-346.2542653850873,-169.74648279390976
6.33,-0.8182481755473457,-4.492501000412602,-2.6015615369464893,32.922379655875,-333.83810708695137,-137.77442206967103
6.34,-0.8135466536039275,-4.002401125361027,-2.330498344828178,13.542707323890623,-322.9739685760824,-109.79886893596216
6.35,-0.8094328219034367,-3.573563734690899,-2.0933180517246557,-3.414505966595705,-313.4678473790721,-85.32025994396689
6.36,-0.8058332191655071,-3.198331017854536,-1.885785295259074,-18.25206759577124,-305.14999133168806,-63.90147707597103
6.37,-0.8026835667698188,-2.870002390622719,-1.7041941333516897,-31.234934021299836,-297.87186729022704,-45.16004206647466
6.38,-0.7999276209235915,-2.582714841794879,-1.5453018666827285,-42.594942143637354,-291.50350875394867,-28.761286433165328
6.39,-0.7975161683081425,-2.331338236570519,-1.4062711333473876,-52.534949250682686,-285.93119503470507,-14.412375254019661
6.4,-0.7954061472696248,-2.1113837069992036,-1.2846192416789641,-61.23245546934735,-281.0554205303669,-1.857077972267204
6.41,-0.25138975386092166,-1.9616129936243032,-0.13592533646909366,-68.84277341067893,-276.789117839071,9.128807149266196
6.42,0.22462459037169358,-1.8305636194212653,0.869181830589543,-75.50180160934406,-273.05610298418713,18.74145663060792
6.43,0.6411371415752318,-1.7158954169936071,1.74865060176585,-81.32845128317605,-269.78971498616374,27.15252492678193
6.44,1.0055856238783278,-1.6155607398694063,2.5181857765451188,-86.42676974777905,-266.93162548789326,34.51220968593419
6.45,1.324478045893537,-1.5277678973857305,3.191529054476979,-90.88779840430666,-264.4307971769066,40.95193385019242
6.46,1.603508915156845,-1.4509491602125142,3.7807044226673563,-94.79119847876834,-262.24257240479324,46.58669249391836
6.47,1.8476609257622394,-1.38373276518595,4.296232869833937,-98.20667354392229,-260.3278757291941,51.517106307178565
6.48,2.0612939350419595,-1.3249184195377062,4.747320261104695,-101.195214225932,-258.6525161380448,55.83121839378124
6.49,2.2482228181617145,-1.273455867095493,5.1420217284666085,-102.71206282269051,-232.6997016207892,58.96294096955859
6.5,2.4117855908915002,-1.2284261337085565,5.487385512408283,-104.0393053448542,-209.99098891819054,61.70319822336376
6.51,2.5549030170300626,-1.189025116994987,5.789578823357248,-105.20064255174742,-190.1208653034167,64.10092332044329
6.52,2.6801307649013046,-1.1545492273706137,6.053997970437592,-106.21681260777899,-172.73450714048963,66.19893278038788
6.53,2.7897050442886417,-1.124382823949287,6.285364724132894,-107.10596140680661,-157.52144374792843,68.0346910578394
6.54,2.8855825387525615,-1.097987220955626,6.487810633616283,-107.88396660595579,-144.21001327943736,69.64097955060947
6.55,2.9694753464084913,-1.0748910683361728,6.664950804414247,-108.56472115521132,-132.5625116195077,71.04648198178329
6.56,3.04288155310743,-1.0546819347941512,6.819948453862467,-109.1603813858099,-122.37094766706923,72.27629660906038
6.57,2.718679233969001,-1.2997966929448823,6.485488022129658,-109.68158408758367,-113.45332920868557,73.35238440792783
6.58,2.4350022047228754,-1.514272106326772,6.192835144363451,-110.13763645163571,-105.65041305759988,74.29396123193685
6.59,2.186784804132516,-1.7019380930359254,5.936763876318019,-110.53668227018126,-98.82286142539989,75.11784095294475
6.6,1.9695945786159514,-1.8661458314064348,5.712701516778266,-110.88584736140861,-92.8487537472249,75.83873570882665
6.61,1.7795531312889576,-2.0098276024806303,5.516646952180983,-111.19136681623253,-87.62140952882179,76.46951862022331
6.62,1.6132668648778379,-2.1355491521705514,5.345099208158359,-111.45869633920347,-83.04748333771906,77.0214536676954
6.63,1.4677663817681081,-2.2455555081492324,5.194994932138564,-111.69260967180304,-79.04529792050417,77.50439683423348
6.64,1.3404534590470947,-2.3418110696305785,5.063653690621243,-111.89728383782767,-75.54338568044115,77.92697210495429
6.65,1.229054651666208,-2.426034685926756,4.948730104293587,-109.46887385809922,-64.49921247038601,74.809850716835
6.66,1.131580695207932,-2.4997303501859114,4.8481719662568885,-107.34401512583682,-54.83556091158776,72.08236950223063
6.67,1.0462909833069405,-2.5642140564126725,4.7601835954747775,-105.48476373510722,-46.37986579763929,69.6958234394518
6.68,0.9716624853935729,-2.6206372993610882,4.68319377104043,-103.85791876821882,-38.98113257293438,67.60759563452032
6.69,0.9063625497193764,-2.670007636940952,4.615827674660376,-102.43442942219147,-32.50724100131758,65.78039630520529
6.7,0.8492251060044543,-2.713206682323333,4.556882340327829,-101.18887624441754,-26.84258587615288,64.18159689205463
6.71,0.7992298427538975,-2.7510058470329164,4.5053051727868505,-100.09901721386535,-21.88601264163377,62.7826474055478
6.72,0.7554839874096604,-2.7840801161538016,4.460175151188494,-99.14539056213218,-17.549011061429546,61.55856660485433
6.73,0.6384582389834528,-2.9590937266345763,4.0719133822899325,-98.31096724186565,-13.754134678750852,60.48749590424754
6.74,0.5360607091105212,-3.112230635805254,3.732184334503691,-97.58084683663245,-10.433617843906994,59.55030904121659
6.75,0.446462870471706,-3.2462254313295973,3.4349214176907297,-96.9419914820534,-7.528165613418619,58.73027053606452
6.76,0.36806476166274277,-3.3634708774133975,3.1748163654793884,-96.38299304679673,-4.9858949117412905,58.01273684405646
6.77,0.29946641645489996,-3.4660606427367227,2.947224444794465,-95.89386941594714,-2.761408047773629,57.384894863549405
6.78,0.23944286439803744,-3.5558266873946325,2.748081514195157,-95.46588623895374,-0.8149820418019253,56.83553313060573
6.79,0.18692225634828274,-3.6343719764703035,2.5738314499207626,-95.09140095908452,0.8881407134233154,56.35484161428002
6.8,0.1409667243047474,-3.7030991044115154,2.4213626436806672,-94.76372633919897,2.378373124245401,55.93423653749502
6.81,0.10075563376665397,-3.763235341360076,2.287952438220584,-91.8213856717991,11.745451733714727,52.80995684530814
6.82,0.06557092954582222,-3.8158545486900666,2.171218508443011,-89.24683758782422,19.94164551700039,50.076212114644626
6.83,0.034784313352594444,-3.8618963551038084,2.0690763198876345,-86.9941080143462,27.11331507737534,47.684185475314045
6.84,0.00784602418352014,-3.902182935715832,1.9797019049016802,-85.02296963755292,33.388525942703424,45.59116216589979
6.85,-0.015724978839419874,-3.937433693751353,1.9014992917889701,-83.2982235578588,38.87933544986549,43.759766770162315
6.86,-0.03634960648449239,-3.968278107032434,1.833072005315349,-81.78907073812645,43.683793768632306,42.15729579889203
6.87,-0.05439615567393084,-3.99526696865338,1.7731981296509305,-80.46856202086065,47.887694797553266,40.75513369903052
6.88,-0.07018688621468949,-4.018882222571708,1.7208084884445642,-79.31311689325307,51.56610819785911,39.52824186165171
6.89,-0.6586431504378533,-4.052735694750245,1.5376860523889937,-78.30210240659643,54.78471992312672,38.45471150394524
6.9,-1.1735423816331216,-4.082357482906464,1.3774539208403696,-77.41746473077188,57.60100518273588,37.515372440952085
6.91,-1.6240792089289815,-4.108276547543157,1.2372508057353233,-76.64340676442541,60.065254784893895,36.69345076083307
6.92,-2.0182989328128587,-4.130955729100262,1.114573080018408,-75.96610604387223,62.221473186782156,35.97426929072894
6.93,-2.3632411912112516,-4.15080001296273,1.007230070016107,-75.3734679133882,64.1081642884344,35.34498550438782
6.94,-2.665065667309845,-4.168163761342389,0.9133049362640937,-74.85490954921468,65.7590190023801,34.794362191339346
6.95,-2.929162083896114,-4.183357041174591,0.831120444231082,-74.40117098056285,67.20351687708259,34.312566792421926
6.96,-3.1602464484091,-4.196651161027767,0.7592090137021967,-74.0041497329925,68.46745251744727,33.890995818369184
6.97,-3.3624452673579626,-4.208283515899296,0.6962865119894222,-64.84113101636845,85.66464657776636,34.62899646607303
6.98,-3.539369233938217,-4.218461826411884,0.6412293229907444,-56.823489639322396,100.71219138054556,35.274747032813906
6.99,-3.6941777046959396,-4.227367848110399,0.5930542826169014,-49.80805343440709,113.87879308297735,35.839778778712166
7.0,-3.829635116608947,-4.235160617096599,0.5509011222897888,-43.669546755106204,125.39956957260517,36.334181556373146
7.01,-3.9481603520328283,-4.241979289959525,0.5140171070035653,-38.29835341071793,135.48024900102953,36.7667839868265
7.02,-4.0518699330287244,-4.247945628714584,0.48174359362811964,-33.598559234378186,144.30084350090084,37.14531111347319
7.03,-4.142615816400133,-4.253166175125261,0.45350426942460464,-29.486239330080913,152.01886368828823,37.47652234928904
7.04,-4.222018464350117,-4.257734153234604,0.42879486074652906,-25.8879594138208,158.7721313522522,37.76633218062791
7.05,-4.755756156306353,-3.9275180090802784,0.6117075031532129,-22.739464487093198,164.68124055822065,38.01991578304943
7.06,-5.222776636768058,-3.638578882945244,0.7717560652590614,-19.984531426206548,169.85171111344306,38.24180143516825
7.07,-5.631419557172051,-3.3857571475770887,0.9117985571016787,-17.573964997930727,174.37587284926266,38.43595138077222
7.08,-5.9889821125255445,-3.164538129129953,1.0343357374639688,-15.464719373189386,178.33451436810483,38.60583258317569
7.09,-6.301849348459851,-2.970971487988709,1.1415557702809727,-13.619129451540713,181.7983256970917,38.75447863527873
7.1,-6.575608179902369,-2.8016006769901205,1.235373298995851,-12.004238270098124,184.82916060995524,38.884543930868894
7.11,-6.815147157414573,-2.6534012173663557,1.3174636366213697,-10.591208486335859,187.48114115871084,38.99835106451028
7.12,-7.024743762737752,-2.5237266901955615,1.3892926820436986,-9.354807425543877,189.80162413887197,39.097932306446495
7.13,-7.208140792395533,-2.4102614789211163,1.4521430967882363,5.512668877649109,202.48954612151297,46.43006564314068
7.14,-7.368613193346092,-2.310979419055977,1.5071372096897069,18.52171064294297,213.59147785632385,52.845682312748096
7.15,-7.50902654417783,-2.2241076166739804,1.5552570584784935,29.9046221875751,223.3056681242834,58.45934689865459
7.16,-7.631888226155602,-2.148094789589733,1.5973619261686818,39.864669789128214,231.80558460874798,63.371303411322764
7.17,-7.7393921978861515,-2.0815835658910165,1.6342036853975965,48.57971144048719,239.2430115326545,67.66926535990743
7.18,-7.833458173150382,-2.0233862451546396,1.666440224722897,56.205372885426286,245.7507600910727,71.429982064919
7.19,-7.915765901506584,-1.9724635895103095,1.694647196632535,62.877826649748,251.44504007968862,74.72060918180412
7.2,-7.987785163818262,-1.9279062658215207,1.7193282970534682,68.7162236935295,256.4275350697275,77.59990790907861
7.21,-8.35134201834098,-1.6505179825938305,1.3287456349217845,73.82482110683831,260.78721818601156,80.11929429544378
7.22,-8.669454266048357,-1.4078032347696017,0.9869858055565616,78.29484384348353,264.6019409127601,82.32375738351331
7.23,-8.947802482792312,-1.1954278304234014,0.6879459548619914,82.2061137380481,267.9398232986651,84.25266258557414
7.24,-9.191357172443274,-1.0095993516204762,0.4262860855042425,85.6284748957921,270.86047038633194,85.94045463737737
7.25,-9.404467525887865,-0.8469994326679167,0.1973336998162122,88.62304090881808,273.4160365880404,87.4172726827052
7.26,-9.590939085151883,-0.7047245035844271,-0.0029996376608143194,91.24328617021582,275.65215701453536,88.70948847236706
7.27,-9.754101699507897,-0.5802339406363737,-0.17829130795321252,93.53600077393885,277.60876238771846,89.84017728832117
7.28,-9.89686898706941,-0.47130469805682695,-0.3316715194590609,95.5421260521965,279.32079208925364,90.82953000228102
7.29,-10.021790363685735,-0.3759916107997236,-0.4658792045266783,91.59248567067193,253.78131782809692,110.0658381269959
7.3,-10.131096568225018,-0.29259265944975815,-0.5833109289608435,88.13655033683794,231.43427784958482,126.89760773612142
7.31,-10.226739497196892,-0.21961857701853837,-0.686063687840738,85.11260691973321,211.8806178683867,141.62540614410622
7.32,-10.310427060047282,-0.1557662548912211,-0.7759723518606457,82.46665642976656,194.77116538483835,154.51222975109295
7.33,-10.383653677541371,-0.09989547302981845,-0.854642432878065,80.15144975104575,179.80039446173356,165.78820040720632
7.34,-10.4477269678487,-0.05100853890109114,-0.9234787537683068,78.12564390716503,166.70096990401686,175.65467473130553
7.35,-10.503791096867614,-0.008232471538454744,-0.9837105345472684,76.35306379376941,155.23897341601474,184.28783976489234
7.36,-10.552847209759163,0.0291965874038521,-1.03641334272886,74.80205619454824,145.2097264890129,191.84185916928078
7.37,-9.981473308539266,1.2625417639783707,-1.0050176748877524,73.44492454522972,136.4341354278863,198.45162614812068
7.38,-9.481521144971857,2.3417187934810744,-0.9775464655267834,72.25743435207602,128.7554932494005,204.23517225460557
7.39,-9.044063001850375,3.28599869429594,-0.9535091573359354,71.21838043306651,122.03668134322544,209.29577509777988
7.4,-8.661287126619078,4.1122436075089475,-0.9324765126689435,70.3092082539332,116.15772092532227,213.7238025855574
7.41,-8.326358235791693,4.835207906570329,-0.9140729485853256,69.51368259719156,111.01363055965699,217.5983266373627
7.42,-8.033295456317731,5.467801668249037,-0.8979698300121599,68.81759764754261,106.51255148969986,220.98853518269235
7.43,-7.776865524278015,6.021321209717907,-0.8838796012606399,68.2085233165998,102.57410730348738,223.95496765985578
7.44,-7.552489333743263,6.505650808503169,-0.87155065110306,67.67558327702483,99.12796864055146,226.5505960773738
7.45,-7.356160167025355,6.929439207440272,-0.8607628197151774,52.20301024239672,73.04322281048253,222.20677206770208
7.46,-7.184372146147186,7.300254056510238,-0.8513234672507802,38.66450883709713,50.219070209172216,218.4059260592393
7.47,-7.034057627878788,7.624717049446458,-0.8430640338444327,26.81832010745999,30.247936683025685,215.08018580183438
7.48,-6.902532424393939,7.908622168265651,-0.8358370296138786,16.452904969027493,12.773194847647476,212.17016307660506
7.49,-6.787447871344697,8.157039147232444,-0.8295134009121438,7.383166722899057,-2.5172042583084586,209.6238931920294
7.5,-6.68674888742661,8.374404003828388,-0.8239802257981258,-0.5528542424633249,-15.896303476019902,207.39590704302574
7.51,-6.598637276498284,8.564598253349839,-0.8191386975733601,-7.496872587155409,-27.603015291517416,205.44641916264752
7.52,-6.521539616935999,8.731018221681108,-0.8149023603766902,-13.572888638760983,-37.84638813007774,203.74061726731657
7.53,-4.879982789819,8.958678818970968,-0.6874165653296039,-18.88940268391586,-46.809339363818026,202.248040608902
7.54,-3.4436205660916253,9.157881841599597,-0.5758664946634034,-23.54135247342638,-54.651921693340775,200.94203603278922
7.55,-2.1868036203301724,9.332184486399647,-0.47826018283047805,-27.61180853924808,-61.51418123167318,199.79928202869056
7.56,-1.0870887927889008,9.48469930059969,-0.3928546599766683,-31.17345759684207,-67.51865832771402,198.79937227510422
7.57,-0.12483831869028816,9.618149763024729,-0.31812482747958476,-34.28990052223681,-72.77257578674977,197.9244512407162
7.58,0.7171308461459979,9.734918917646636,-0.25273622404463664,-37.01678808195721,-77.36975356340605,197.15889533562665
7.59,1.4538538653777482,9.837091927940806,-0.19552119603905704,-39.40281469671256,-81.3922841179803,196.4890339186733
7.6,2.0984865072055294,9.926493311948205,-0.1454580465341749,-41.490587984623495,-84.91199835323275,195.90290517883912
7.61,2.662540068804838,10.004719522954678,-0.10165279071740305,-32.546139486545556,-100.01862468407865,155.98879165648424
7.62,3.1560869352042333,10.073167457585344,-0.06332319187772767,-24.719747050727364,-113.23692272356881,121.06394232442372
7.63,3.5879404433037045,10.133059400387175,-0.02978479289301171,-17.871653669386443,-124.8029335081227,90.50469915887076
7.64,3.9658122628907417,10.185464850338779,-0.0004386937813852451,-11.879571960713138,-134.92319294460737,63.76536138901192
7.65,4.296450105029399,10.231319619046431,0.02523914294128791,-6.636500465623996,-143.77841995153145,40.36844084038543
7.66,4.585758216900723,10.271442541665627,0.047707250073626924,-2.0488129074209964,-151.52674358259003,19.896135360337247
7.67,4.838902814788133,10.306550098957423,0.06736684381442357,1.9654137060066283,-158.30652675976629,1.9828680652950919
7.68,5.060404337939616,10.337269211587746,0.08456898833762061,5.4778619927558,-164.2388370397955,-13.691240817866795
7.69,3.0964906706971638,5.752949560139278,-0.34819163520458196,8.551254243661326,-169.42960853482106,-27.406086090633444
7.7,1.3780662118600182,1.7416698651218683,-0.7268571808040092,11.24047246320366,-173.97153359296843,-39.40657570430427
7.71,-0.12555518962248402,-1.7681998680183653,-1.058189533203508,13.593538405303203,-177.94571801884737,-49.907004116266236
7.72,-1.4412239159196736,-4.839335884516069,-1.3481053415530695,15.652471104640302,-181.42312939149144,-59.09487897673296
7.73,-2.5924340514297146,-7.526579898951561,-1.6017816738589359,17.454037216560266,-184.46586434255502,-67.13426947964133
7.74,-3.5997429200010007,-9.877918411582616,-1.823748464626569,19.030407564490233,-187.12825742473564,-74.16873616968617
7.75,-4.481138180000876,-11.93533961013479,-2.017969406548248,20.40973161892895,-189.45785137164367,-80.32389452347539
7.76,-5.252359032500767,-13.735583158867941,-2.1879127307297166,21.61664016656283,-191.4962460751882,-85.70965808304096
7.77,-5.9271772784381715,-15.310796264009449,-2.336613139388502,19.66268514574248,-226.02234244078969,-100.15220182266084
7.78,-6.5176432436334,-16.689107731008267,-2.4667259969649393,17.952974502524672,-256.232676760691,-112.78942759482824
7.79,-7.034300963179225,-17.895130264632236,-2.580574747344322,16.45697768970909,-282.66671929060465,-123.84700014547471
7.8,-7.486376467781822,-18.950399981553208,-2.6801924039262817,15.147980478495452,-305.796506504279,-133.52237612729039
7.81,-7.881942534309094,-19.873760983859057,-2.7673578534354966,14.00260791868352,-326.0350703162442,-141.9883301113791
7.82,-8.228062842520456,-20.681701860876675,-2.8436276217560597,13.00040692884808,-343.7438136517137,-149.3960398474567
7.83,-8.530918112205399,-21.38865012826709,-2.910363669036552,12.12348106274207,-359.2389640702495,-155.87778586652462
7.84,-8.795916473179723,-22.007229862233704,-2.968757710406983,11.35617092989931,-372.79722068646834,-161.54931363320904
7.85,-6.982386164032258,-18.89442987945449,-2.4376601216061102,10.684774563661897,-384.66069522565977,-166.5119004290579
7.86,-5.395547143528226,-16.170729894522676,-1.9729497314053464,10.097302743204159,-395.0412354474523,-170.85416387542566
7.87,-4.007063000587198,-13.787492407707342,-1.566328139979678,9.58326490030364,-404.12420814152074,-174.65364439099744
7.88,-2.7921393755137984,-11.702159606743924,-1.2105342474822183,9.133481787765684,-412.0718092488306,-177.97818984212276
7.89,-1.7290812035745735,-9.877493405900935,-0.899214591546941,8.739921564294974,-419.02596021772683,-180.88716711185742
7.9,-0.7989053031277519,-8.28091048016332,-0.6268098926035733,8.395556368758102,-425.11084231551104,-183.43252222287524
7.91,0.014998609763217097,-6.883900420142904,-0.3884557810281267,8.09423682266334,-430.4351141510722,-185.65970794501584
7.92,0.727164533542815,-5.661516617625041,-0.1798959333996109,7.830582219830423,-435.09385200718816,-187.60849545188887
7.93,1.3503097168499631,-4.591930790421911,0.0025939332753404376,0.0967595673516195,-399.37962138128967,-153.98555802040278
7.94,1.8955617522437178,-3.6560431916191716,0.16227256661592288,-6.670335253567333,-368.12966958362847,-124.56548776785243
7.95,2.372657283213253,-2.837141542666775,0.3019913707889325,-12.591543221871417,-340.7859617606749,-98.82292629687088
7.96,2.7901158728115965,-2.120602599833428,0.42424532444031593,-17.77260019413749,-316.86021741559057,-76.29818500976202
7.97,3.155392138710147,-1.4936310248542495,0.5312175338852765,-22.306025044870303,-295.9251911136418,-56.58903638354177
7.98,3.4750088713713785,-0.9450308967474683,0.6248182171496169,-26.272771789261515,-277.6070430994366,-39.343531335599046
7.99,3.754673512449956,-0.4650057846540348,0.7067188150059148,-29.743675190603824,-261.57866358700704,-24.253714418649167
8.0,3.999380073393712,-0.044983811572280485,0.7783818381301755,-32.78071566677835,-247.55383151363117,-11.050124616318021
8.01,4.717603439219498,-0.032598960125745424,1.1327824833639035,-35.43812608343106,-235.28210344942727,0.5030164607217316
8.02,5.346048884317061,-0.021762215110027246,1.4428830479434156,-37.763360198002175,-224.54434139324886,10.612014903131517
8.03,5.895938648777428,-0.01228006322127384,1.7142210419504886,-39.79794004825191,-215.14879959409274,19.457388540240075
8.04,6.37709219268025,-0.003983180318614611,1.9516417867066775,-41.57819741722042,-206.92770051983115,27.197090472710066
8.05,6.798101543595219,0.0032765922212122153,2.1593849383683428,-43.13592261506788,-199.73423882985225,33.96932966362131
8.06,7.166484725645817,0.009628893193560688,2.3411601960723,-44.49893216318439,-193.4399598511207,39.895038955668646
8.07,7.48882000994009,0.015187156544365601,2.5002135465632622,-45.691565517786344,-187.93246574473062,45.08003458621006
8.08,7.770863383697579,0.0200506369763199,2.6393852282428543,-46.735119703063056,-183.1134084016393,49.616905762933804
8.09,8.017651335735382,0.024306182354279914,2.7611604497124973,-48.457604490180174,-165.6667324764344,53.57354291756708
8.1,8.233590793768458,0.028029784559994924,2.867713768498435,-49.96477867890765,-150.4008910418801,57.0356004278712
8.11,8.4225378195474,0.03128793648999556,2.9609479224361306,-51.283556094044194,-137.0432797866451,60.064900749387306
8.12,8.587866467103975,0.034138819428746116,3.042527807131614,-52.43748633228867,-125.35536993831444,62.715538530713886
8.13,8.732529033715977,0.03663334200015285,3.1139102062401625,-53.44717529075258,-115.12844882102513,65.03484658937465
8.14,8.85910877950148,0.038816049250133745,3.176369805460142,-54.33065312940851,-106.17989284339698,67.06424114070282
8.15,8.969866057063793,0.040725918093867025,3.231021954777624,-55.103696238232445,-98.34990636297236,68.83996137311496
8.16,9.066778674930818,0.042397053332133644,3.278842585430421,-55.78010895845339,-91.49866819260082,70.39371657647558
8.17,8.662542465564465,0.07602567166561694,3.0768776372516182,-56.37197008864671,-85.50383479352571,71.75325237941614
8.18,8.308835782368908,0.10545071270741482,2.9001583075951656,-56.88984857756587,-80.258355569335,72.94284620698912
8.19,7.999342434572794,0.13119762361898796,2.7455288941457696,-57.342992255370135,-75.66856124816812,73.98374080611548
8.2,7.728535755251195,0.15372617066661445,2.610228157377548,-57.73949297344887,-71.6524912171471,74.89452358035103
8.21,7.491579910844796,0.17343864933328765,2.4918400127053544,-58.08643110176776,-68.13842994000372,75.69145850780716
8.22,7.284243546989196,0.1906870681666267,2.388250386117185,-58.39000196404679,-65.06362632250325,76.38877656933126
8.23,7.102824228615547,0.20577943464579837,2.2976094628525368,-58.65562646854094,-62.37317315719035,76.99892987316484
8.24,6.944082325038604,0.21898525531507357,2.2182986549959693,-58.88804790997332,-60.01902663754156,77.53281401401924
8.25,6.805183159408778,0.23054034840068938,2.148901698121473,-58.84204217122665,-50.57414830784886,75.14746226226684
8.26,6.683646389482681,0.2406510548506032,2.0881793608562886,-58.80178714982332,-42.30987976936775,73.0602794794835
8.27,6.577301715797346,0.2494979229942778,2.0350473157492526,-58.7665640060954,-35.07864479819678,71.23399454454807
8.28,6.484250126322678,0.2572389326199931,1.988556776280596,-58.73574375533347,-28.751314198422182,69.63599522647957
8.29,6.402829985532343,0.264012316042494,1.9478775542455216,-58.708776035916785,-23.21489992361941,68.23774582316962
8.3,6.331587362340801,0.2699390265371822,1.9122832349648313,-58.68517928142718,-18.370537433166984,67.01427759527341
8.31,6.269250067048201,0.27512489822003444,1.8811382055942274,-58.66453212124878,-14.131720254021111,65.94374289586423
8.32,6.214704933667176,0.2796625359425301,1.853886304894949,-58.64646585609268,-10.422755222268474,65.0070250338812
8.33,5.734090816958778,-0.005710781050286162,1.8590917667830804,-58.630657874081095,-7.177410819484915,64.18739690464606
8.34,5.313553464838931,-0.2554124334190004,1.8636465459351954,-58.61682588982096,-4.337734467049301,63.47022229156531
8.35,4.945583281734064,-0.47390137924162534,1.867631977693296,-58.604722903593334,-1.8530176586681382,62.842694505119645
8.36,4.623609371517305,-0.6650792068364222,1.871119230481634,-58.59413279064417,0.321109548665379,62.29360769197969
8.37,4.341882200077642,-0.8323598059818694,1.8741705766714296,-58.584866441813645,2.2234708550822067,61.81315673048223
8.38,4.095370925067936,-0.9787303302341358,1.8768405045875007,-58.57675838658694,3.888036998196931,61.39276213917195
8.39,3.879673559434444,-1.1068045389548689,1.879176691514063,-58.569663838263565,5.3445323734223145,61.02491687177545
8.4,3.6909383645051386,-1.2188694715855104,1.881220855074805,-58.563456108480615,6.6189658267445255,60.70305226280352
8.41,3.525795068941996,-1.3169262876373216,1.8830094981904546,-54.11302409492053,17.04846997340146,59.73892085495308
8.42,3.3812946853242467,-1.4027260016826562,1.884574560916648,-50.21889608305546,26.174286101726274,58.89530587308394
8.43,3.254856849658716,-1.4778007514723241,1.8859439908020672,-46.811534072673524,34.15937521401049,58.15714276394845
8.44,3.1442237434513767,-1.5434911575382837,1.8871422419518087,-43.83009231358933,41.14632818725918,57.51125004345489
8.45,3.0474197755199546,-1.600970262845998,1.8881907117078325,-41.221330774390665,47.25991203885178,56.946093913023034
8.46,2.96271630357996,-1.6512644799902483,1.8891081227443536,-38.93866442759183,52.60929790899531,56.451582298895154
8.47,2.8886007656324653,-1.6952719199914674,1.8899108574013095,-36.94133137414285,57.2900105453709,56.01888463653326
8.48,2.8237496699284073,-1.733778429992534,1.8906132502261457,-35.19366495237499,61.38563410219954,55.6402741819666
8.49,2.3222937111873563,-1.4964037512434674,1.9003427189478774,-33.66445683332811,64.9693047144246,55.30899003422078
8.5,1.8835197472889367,-1.288700907338034,1.9088560040793927,-32.3263997291621,68.10501650012152,55.01911640494318
8.51,1.4995925288778196,-1.1069609189207796,1.9163051285694686,-31.155599763016838,70.84876431260633,54.765476979325285
8.52,1.163656212768092,-0.9479384290556823,1.9228231124982849,-30.131149792639736,73.24954364853053,54.543542481909626
8.53,0.8697119361720805,-0.8087937504237219,1.9285263484359991,-29.23475606855977,75.35022556746421,54.34934979667092
8.54,0.6125106941505705,-0.6870421566207567,1.9335166798814991,-28.4504115599898,77.18832224653117,54.179431197087055
8.55,0.3874596073817492,-0.580509512043162,1.9378832198963116,-27.764110114991077,78.79665684071477,54.03075242245117
8.56,0.1905399064590306,-0.4872934480377668,1.9417039424092726,-27.163596350617194,80.20394961062541,53.90065849464477
8.57,0.0182351681516518,-0.405729392033046,1.9450470746081134,-22.796896806790045,103.65158065929724,53.17432605781418
8.58,-0.13253147786730465,-0.3343608430289152,1.9479723152820991,-18.976034705941288,124.16825782688508,52.5387851755874
8.59,-0.26445229313389157,-0.2719133626503008,1.9505319008718367,-15.632780367698627,142.12035034852443,51.98268690363897
8.6,-0.3798830064921551,-0.2172718173190132,1.952771538262857,-12.7074328217363,157.82843130495888,51.496100915684096
8.61,-0.48088488068063573,-0.16946046515413657,1.9547312209799999,-10.147753719019262,171.57300214183903,51.07033817622358
8.62,-0.5692615205955562,-0.1276255320098695,1.9564459433574999,-7.908034504141854,183.59950162410917,50.69779577919563
8.63,-0.6465910805211117,-0.09101996550863582,1.9579463254378124,-5.948280191124123,194.12268867109555,50.37182118179617
8.64,-0.7142544454559727,-0.05899009482005635,1.9592591597580857,-4.233495167233608,203.3304773372086,50.08659340907165
8.65,-1.640869764773976,0.1492591670324507,1.7773607647883252,-2.733058271329407,211.38729242005752,49.837019107937685
8.66,-2.451658169177229,0.33147727115339437,1.6181996691897846,-1.4201759874132311,218.4370056175503,49.61864159444547
8.67,-3.161098023030075,0.4909181122592201,1.4789337105410616,-0.27140398898657736,224.60550466535653,49.42756127013978
8.68,-3.7818578951513158,0.6304288482268176,1.357075996723429,0.7337715096367448,230.002941332187,49.26036598637231
8.69,-4.325022783257401,0.7525007421984653,1.2504504971330004,1.6133000709321517,234.7256984156636,49.11407011307576
8.7,-4.800292060350225,0.8593136494236571,1.1571531849913754,2.3828875620656325,238.85811086370563,48.98606122394129
8.71,-5.216152677806447,0.9527749432456999,1.0755180368674535,3.0562766168074282,242.4739717557424,48.874053445948626
8.72,-5.580030718080641,1.0345535753399875,1.0040872822590219,3.6454920397065,245.63785003627459,48.776046640205045
8.73,-5.89842400332056,1.106109878422489,0.9415853719766442,12.224180409743187,247.39124328174026,57.750915310179415
8.74,-6.177018127905491,1.168721643619678,0.8868962004795636,19.730532733525287,248.9254623715227,65.60392539640699
8.75,-6.420787986917304,1.2235069381672181,0.8390431754196181,26.298591016834628,250.26790407508236,72.47530922185612
8.76,-6.6340866135526415,1.2714440708963157,0.7971717784921658,32.0456420147303,251.44254056569707,78.48777006912411
8.77,-6.820722911858562,1.3133890620342763,0.7605343061806451,37.07431163788901,252.47034749498494,83.74867331048361
8.78,-6.984029672876241,1.3500909292799919,0.7284765179080644,41.47439755815288,253.36967855811181,88.35196364667317
8.79,-7.126923088766711,1.382205063119993,0.7004259531695564,45.32447273838377,254.15659323834782,92.37984269083901
8.8,-7.251954827670872,1.4103049302299937,0.6758817090233618,48.6932885210858,254.84514358355435,95.90423685448414
8.81,-7.399992599212013,1.7639030639512443,0.3446833703954416,51.64100233095007,255.44762513561005,98.98808174767362
8.82,-7.529525649310511,2.073301430957339,0.05488482409601139,54.22025191458131,255.9747964936588,101.68644602921441
8.83,-7.642867068146696,2.3440250020876716,-0.19868890391599003,56.47709530025865,256.43607143195146,104.0475147755626
8.84,-7.742040809628358,2.5809081268267127,-0.4205659159264913,58.45183326272631,256.83968700295753,106.11344992861729
8.85,-7.8288178334248135,2.7881808609733736,-0.6147083014356799,60.17972897988552,257.19285062758786,107.92114318754014
8.86,-7.904747729246711,2.969544503351702,-0.7845828887562198,61.691637732399826,257.5018687991394,109.50287478909763
8.87,-7.971186388090873,3.1282376904327394,-0.9332231526616923,63.014557890849844,257.772259699247,110.88688994046043
8.88,-8.029320214579514,3.267094229128647,-1.0632833835789808,64.17211302949362,258.0088517368411,112.0979031979029
8.89,-8.080187312757074,3.3885937004875664,-1.1770860856316083,53.875598900806914,220.02212039473596,127.01754067316503
8.9,-8.12469602366244,3.494905737926621,-1.2766634499276575,44.86614903820605,186.78373047039395,140.0722234640194
8.91,-8.163641145704634,3.587928770685793,-1.3637936436867004,36.9828804084303,157.7001392865947,151.49507090601696
8.92,-8.197718127491555,3.6693239243500693,-1.440032563225863,30.085020357376514,132.25199700077033,161.49006241776485
8.93,-8.22753548655511,3.7405446838063106,-1.5067416178226303,24.04939281270445,109.98487250067404,170.23567999054424
8.94,-8.253625675735721,3.802862848330522,-1.5651120405948016,18.768218711116397,90.50113856308978,177.88809536672622
8.95,-8.276454591268756,3.8573912422892067,-1.6161861605204515,14.147191372226848,73.45287136770357,184.58395882088544
8.96,-8.29642989236016,3.905103587003056,-1.6608760154553952,10.103792450698492,58.53563757174062,190.44283934327476
8.97,-7.369897280815141,4.643889888627674,-1.6788886385234707,6.56581839436118,45.48305800027305,195.56935980036542
8.98,-6.559181245713249,5.2903279025492145,-1.694649683708037,3.470091095066033,34.06205087523892,200.05506520031975
8.99,-5.849804714999093,5.855961164730562,-1.7084405982445325,0.761329708182779,24.068669640834052,203.98005742527977
9.0,-5.229100250624206,6.350890269139242,-1.720507648463966,-1.6088365053400682,15.324461060729796,207.4144256221198
9.01,-4.68598384429618,6.783953235496837,-1.7310663174059702,-3.6827319421725595,7.673278553138572,210.41949779435484
9.02,-4.210756988759157,7.1628833310597315,-1.7403051527302238,-5.4973904494009895,0.9784938589962504,213.0489359450605
9.03,-3.7949334901642624,7.494447164677265,-1.7483891336389457,-7.085216643225866,-4.879442748378281,215.34969432692793
9.04,-3.4310879288937297,7.784565519092606,-1.7554626169340777,-8.474564562822634,-10.005137279830997,217.36285791106195
9.05,-3.1127230627820133,8.03841907920603,-1.761651914817318,-7.607743992469804,-24.990121119852123,197.8881260471792
9.06,-2.8341538049342616,8.260540944305276,-1.7670675504651534,-6.849275993411078,-38.10198197987061,180.8477356662818
9.07,-2.590405704317479,8.454897576267117,-1.7718062316570093,-6.185616494234694,-49.57486023238678,165.93739408299658
9.08,-2.377126116277794,8.624959629233727,-1.7759525776998832,-5.604914432455357,-59.613628703338435,152.89084519762199
9.09,-2.19050647674307,8.77376392557951,-1.779580630487398,-5.096800128398437,-68.39755111542112,141.47511492291923
9.1,-2.027214292150186,8.903967684882073,-1.7827551766764733,-4.652200112348632,-76.08348322599348,131.48635093255433
9.11,-1.884333630631413,9.017895974271813,-1.7855329045919142,-4.263175098305053,-82.80867382274428,122.74618244098504
9.12,-1.7593130518024862,9.117583227487836,-1.787963416517925,-3.9227782110169214,-88.69321559490125,115.09853501086191
9.13,-0.8111535453271754,8.763339574051857,-1.9575707394531843,-3.624930934639806,-93.84218964553858,108.40684350950417
9.14,0.018486022838721472,8.453376377295376,-2.1059771470215365,-3.36431456780983,-98.34754193984625,102.55161344581616
9.15,0.7444206449838813,8.182158580133454,-2.2358327536438445,-3.136275246833601,-102.28972519736547,97.42828714008914
9.16,1.379613439360896,7.944843007616772,-2.349456409438364,-2.9367408409794007,-105.73913554769479,92.945376622578
9.17,1.9354071344407842,7.737191881664676,-2.4488771082585687,-2.7621482358569756,-108.75736960423293,89.02282991975575
9.18,2.421726617635686,7.555497146456591,-2.535870219726248,-2.6093797063748534,-111.39832440370381,85.59060155478629
9.19,2.847256165431226,7.396514253149517,-2.611989192260467,-2.4757072430779967,-113.70915985324083,82.58740173543801
9.2,3.219594519752323,7.257404221505827,-2.678593293227909,-2.358743837693247,-115.73114087158572,79.95960189350826
9.21,3.545390579783282,7.135682943817598,-2.7368718815744204,-2.164525857981591,-110.1153731376375,47.56902653181973
9.22,3.8304621323103722,7.029176825840398,-2.787865646377618,-1.994585125733892,-105.2015763704328,19.227273090342262
9.23,4.079899740771576,6.935983972610349,-2.832485190580416,-1.8458869850171555,-100.9020041991287,-5.57176117095052
9.24,4.2981576481751285,6.854440226034055,-2.871527291757864,-1.715776111890011,-97.13987854923761,-27.2709161495817
9.25,4.489133317153238,6.783089447779798,-2.905689130288131,-1.6019290979037595,-93.8480186055829,-46.25767675588399
9.26,4.656237027509083,6.720657516807322,-2.935580739002115,-1.5023129606657895,-90.96764115488503,-62.87109228639849
9.27,4.8024527740704475,6.666029577206407,-2.9617358966268506,-1.4151488405825656,-88.44731088552439,-77.40783087559868
9.28,4.930391552311642,6.618230130055606,-2.9846216595484942,-1.3388802355097449,-86.24202189983383,-90.12747714114884
9.29,3.845873733272687,4.811608363798655,-3.2375118271049326,-1.2721452060710268,-84.3123940373546,-101.25716762350524
9.3,2.8969206416136015,3.230814318323823,-3.458790723716816,-1.2137520553121484,-82.62396965768527,-110.99564679556708
9.31,2.0665866864119016,1.847619528533345,-3.6524097582522135,-1.1626580483981297,-81.1465983254746,-119.5168160711212
9.32,1.3400444756104137,0.6373240874666769,-3.8218264134706867,-1.1179507923483634,-79.85389840979028,-126.97283918723105
9.33,0.704320041159112,-0.4216844234666577,-3.9700659867868504,-1.078831943304818,-78.72278598356648,-133.49685941382717
9.34,0.148061161014223,-1.3483168705333255,-4.099775613438494,-1.0446029503917156,-77.73306261062066,-139.20537711209877
9.35,-0.33866535911255485,-2.1591202617166596,-4.213271536758682,-1.0146525815927512,-76.86705465929307,-144.20033009808643
9.36,-0.7645510642234854,-2.8685732290020773,-4.312580469663846,-0.9884460088936573,-76.10929770188143,-148.57091396082564
9.37,-1.1372010561955497,-3.4893445753768177,-4.3994757859558655,-9.41364038278195,-114.81688711414625,-151.66892421572243
9.38,-1.463269799171106,-4.032519503454715,-4.475509187711382,-16.785685459934207,-148.68602784987797,-154.37968318875713
9.39,-1.7485799492747176,-4.507797565522876,-4.542038414247459,-23.23622490244243,-178.32152599364323,-156.7515972901625
9.4,-1.998226330615378,-4.923665869832516,-4.600251487466527,-28.880446914637126,-204.25258686943783,-158.8270221288922
9.41,-2.2166669142884556,-5.287550636103451,-4.65118792653321,-33.819141175307486,-226.9422651357581,-160.64301886278068
9.42,-2.4078024250023984,-5.60594980659052,-4.695757310716559,-38.14049865339405,-246.79573361878835,-162.2320160049331
9.43,-2.5750459968770985,-5.884549080766705,-4.734755521876989,-41.92168644671979,-264.1675185414398,-163.62238850431646
9.44,-2.721384122267461,-6.128323445670867,-4.768878956642364,-45.230225765879815,-279.3678303487598,-164.83896444127691
9.45,-1.3278843569840282,-5.378655264962009,-3.7855339620620683,-48.125197670144836,-292.66810318016485,-165.9034683861173
9.46,-0.10857206236102446,-4.722695606841758,-2.9251070918043096,-50.65829808637673,-304.3058419076442,-166.83490933785265
9.47,0.9583261954341037,-4.148730905986538,-2.1722335803287707,-52.87476095057964,-314.48886329418866,-167.64992017062107
9.48,1.8918621710048407,-3.6465117927382202,-1.5134692577876745,-54.814165956757186,-323.39900700741504,-168.36305464929345
9.49,2.7087061496292355,-3.2070700686459426,-0.9370504755642152,-56.51114533716254,-331.19538275648813,-168.98704731813177
9.5,3.423444630925581,-2.8225585600651995,-0.4326840411186883,-57.99600229501722,-338.0172115369271,-169.5330409033653
9.51,4.048840802059884,-2.4861109900570493,0.008636589021147723,-59.29525213314007,-343.9863117198112,-170.01078529044463
9.52,4.596062451802398,-2.191719366299918,0.3947921403935043,-60.432095741497555,-349.2092743798348,-170.42881162913906
9.53,5.074881395327099,-1.9341266955124283,0.7326782478443163,-61.91683427381036,-332.44249095735546,-144.27771005049667
9.54,5.493847970911212,-1.7087331085733748,1.0283285918637768,-63.21598048958406,-317.771555462686,-121.39549616918458
9.55,5.86044372454731,-1.511513720001703,1.2870226428808047,-64.35273342838606,-304.93448690485025,-101.37355902303652
9.56,6.181215008978897,-1.3389467550014902,1.5133799375207042,-65.34739224983781,-293.702051916744,-83.85436402015696
9.57,6.461889882856535,-1.187950660626304,1.7114425703306164,-66.21771871860808,-283.87367130215097,-68.52506839263735
9.58,6.707480397499468,-1.055829078048016,1.8847473740392893,-66.97925437878207,-275.2738382643821,-55.11193471855768
9.59,6.922372097812035,-0.9402226932920139,2.0363890772843782,-67.64559808143431,-267.74898435633435,-43.37544275373797
9.6,7.110402335585531,-0.8390671066305121,2.169075567623831,-68.22864882125504,-261.16473718679254,-33.10601228452073
9.61,6.958918668637339,-1.074568843301698,2.085864371670852,-68.73881821859815,-255.40352091344346,-24.12026062395564
9.62,6.826370460057672,-1.2806328628889858,2.0130545752119953,-69.18521644127338,-250.362456674263,-16.257727920961187
9.63,6.7103907775504625,-1.4609388800278627,1.9493460033104957,-69.57581488611422,-245.9515254649801,-9.378011805841039
9.64,6.6089085553566544,-1.6187066450243799,1.8936010028966836,-69.91758852534994,-242.0919606568576,-3.358260205110909
9.65,6.5201116109370725,-1.7567534393963324,1.844824127534598,-70.2166404596812,-238.7148414497504,1.9090224455279543
9.66,6.442414284569939,-1.877544384471791,1.8021443615927732,-70.47831090222105,-235.7598621435316,6.51789476483696
9.67,6.374429123998697,-1.983236461412817,1.7647995663936764,-70.70727253944342,-233.17425525059014,10.550658044232339
9.68,6.31494210849886,-2.0757170287362148,1.7321228705944667,-70.907613972013,-230.91184921926634,14.079325913703297
9.69,6.262890969936502,-2.156637525144188,1.7035307617701583,-69.20603735051137,-205.42536806685806,24.726910674490384
9.7,6.21734622369444,-2.2274429595011647,1.6785126665488885,-67.71715780669744,-183.1246970585008,34.04354734017908
9.71,6.177494570732635,-2.289397714563519,1.6566218332302776,-66.41438820586026,-163.6116099261882,42.19560442265669
9.72,6.142624374391056,-2.343608125243079,1.637467354076493,-65.27446480512772,-146.53765868541467,49.328654369824605
9.73,6.112112952592174,-2.3910422345876943,1.6207071848169314,-64.27703182948676,-131.59795134973783,55.570073073596525
9.74,6.085415458518153,-2.4325470802642326,1.6060420367148152,-63.404277975800916,-118.52570743102059,61.03131443939696
9.75,6.062055151203383,-2.4688638202312037,1.5932100321254632,-62.6406183538258,-107.08749400214302,65.80990063447234
9.76,6.0416148823029605,-2.5006409677023034,1.5819820281097803,-61.97241618459758,-97.07905725187514,69.9911635551633
9.77,5.971794897015091,-2.6502290967395155,1.6861257745960576,-61.38773928652288,-88.32167509539075,73.64976861076788
9.78,5.910702409888205,-2.781118709647076,1.7772515527715504,-60.87614700070752,-80.6589657084669,76.8510480344219
9.79,5.85724648365218,-2.8956471209411916,1.8569866086751066,-60.42850375061908,-73.95409499490853,79.65216753011916
9.8,5.810472548195658,-2.9958594808235426,1.9267547825907183,-60.036815906791695,-68.08733312054497,82.10314708885426
9.81,5.769545354671201,-3.0835452957205995,1.9878019347668785,-59.69408904344274,-62.95391648047685,84.24775420274747
9.82,5.733734060337301,-3.1602703837555244,2.0412181929210185,-59.3942030380124,-58.46217692041724,86.12428542740403
9.83,5.702399177795138,-3.227404835786084,2.087957418805891,-59.13180278326085,-54.53190480536509,87.76625024897852
9.84,5.674981155570746,-3.2861474813128235,2.128854241455155,-58.902202560353246,-51.092916704694446,89.2029694678562
9.85,5.650990386124403,-3.3375472961487205,2.1646389612732606,-54.95192724030909,-39.51755211660764,88.12384878437419
9.86,5.629998462858852,-3.3825221341301304,2.1959505911141033,-51.495436335270455,-29.389108102031685,87.17961818632742
9.87,5.611630530001496,-3.421875117363864,2.22334826722484,-48.471006793361646,-20.526719589277725,86.3534164130365
9.88,5.595558588751309,-3.456308977693381,2.247321233821735,-45.82463094419144,-12.772129640618012,85.63048986140694
9.89,5.581495640157395,-3.486438605481708,2.2682975795940186,-43.509052076167514,-5.986863435540761,84.99792912873109
9.9,5.569190560137721,-3.5128020297964944,2.286651882144766,-41.48292056664658,-0.04975550609816626,84.4444384876397
9.91,5.558423615120506,-3.5358700260719327,2.30271189687667,-39.71005549581576,5.145213932164104,83.96013417668475
9.92,5.549002538230443,-3.556054522812941,2.3167644097670865,-38.15879855883879,9.690812190643591,83.53636790459916
9.93,4.9372922209516386,-3.511928207461323,2.315847858546201,-36.80144873898394,13.668210666813142,83.16557241652427
9.94,4.402045693332684,-3.4733176815286573,2.3150458762279262,-35.61376764661095,17.1484343334615,82.84112636445875
9.95,3.9337049816660983,-3.439533471337575,2.3143441416994355,-34.57454669078459,20.19363004177881,82.5572360689014
9.96,3.523906858957836,-3.409972287420378,2.313730123987006,-33.665228354436515,22.858176286556457,82.30883206028874
9.97,3.1653335015881066,-3.3841062514928306,2.3131928584886303,-32.86957481013195,25.1896542507369,82.09147855275265
9.98,2.851581813889593,-3.3614734700562265,2.3127227511775517,-32.17337795886546,27.229697469394786,81.90129423365858
9.99,2.577049087153394,-3.341669786299198,2.3123114072803577,-31.56420571400728,29.014735285720437,81.73488295445127
10.0,2.3368329512592196,-3.324341563011798,2.311951481370313,-31.03117999975637,30.576643375005382,81.58927308514487
10.01,2.1266438323518173,-3.309179367635323,2.311636546199024,-23.039782499786824,49.39956332812971,74.77248907450175
10.02,1.94272835330784,-3.2959124466809073,2.3113609779241457,-16.04730968731347,65.8696182871135,68.80780306518902
10.03,1.78180230914436,-3.2843038908457935,2.3111198556836277,-9.928895976399286,80.28091637622431,63.58870280704039
10.04,1.6409920205013149,-3.274146404490069,2.310908873723174,-4.575283979349375,92.89080220419626,59.02199008116035
10.05,1.5177830179386504,-3.2652586039288103,2.3107242645077775,0.10912651806929663,103.92445230367173,55.0261164460153
10.06,1.409975140696319,-3.257481778437709,2.3105627314443056,4.2079857033106345,113.57889614071276,51.52972701526339
10.07,1.315643248109279,-3.250677056132995,2.3104213900137673,7.794487490396805,122.02653449812365,48.470386263355465
10.08,1.2331028420956192,-3.2447229241163704,2.3102977162620464,10.932676554097204,129.4182180608582,45.79346310543603
10.09,0.6242369868336668,-2.818263183601824,2.421963126729291,13.678591984835055,135.88594117825093,43.45115534225653
10.1,0.0914793634794584,-2.4451109106515956,2.5196703608881297,16.081267986730673,141.54519890596956,41.40163604947446
10.11,-0.37468355695547395,-2.118602671820146,2.6051641907771135,18.18360948838934,146.49704941772336,39.608306668290155
10.12,-0.7825761123360397,-1.8329079628426277,2.6799712919299745,20.023158302340672,150.82991861550795,38.03914345975389
10.13,-1.1394820982940348,-1.5829250924872993,2.7454275054387276,21.63276351454809,154.62117916356945,36.666125652284656
10.14,-1.4517748360072804,-1.364190080926387,2.8027016922588865,23.041168075229578,157.93853214312327,35.46473507074907
10.15,-1.7250309815063705,-1.1727969458105887,2.8528166057265256,24.273522065825883,160.84121600023286,34.413518311905435
10.16,-1.9641301088180743,-1.005327952584265,2.89666715501071,25.351831807597648,163.38106437520375,33.49370364791726
10.17,-2.1733418452158153,-0.858792583511232,2.935036385634371,33.05910258164794,187.32093345330327,33.6294908169276
10.18,-2.3564021145638385,-0.7305741355723281,2.9686094624300745,39.80296450894195,208.26831889664035,33.748304589811646
10.19,-2.5165798502433585,-0.6183829936257871,2.997985904626315,45.7038436953242,226.5972811595603,33.85226664108519
10.2,-2.6567353689629387,-0.5202157444225637,3.023690291548026,50.867112983408674,242.63512313961527,33.94323343594954
10.21,-2.7793714478425713,-0.4343194013697432,3.046181630104523,55.38497361048259,256.6682348721634,34.02282938145584
10.22,-2.88667801686225,-0.35916010119852526,3.0658615513414578,59.33810165917227,268.94720763814297,34.09247583377386
10.23,-2.9805712647544693,-0.2933957135487096,3.0830814824237756,62.797088701775735,279.6913088083751,34.15341647955213
10.24,-3.0627278566601603,-0.23585187435512087,3.098148922120804,65.82370236405376,289.0923973323282,34.20673954460811
10.25,-3.6798086245776402,0.48956010993926924,2.6105811818557036,68.47198931854703,297.3183497907872,34.253397226532094
10.26,-4.219754296505435,1.1242955961968606,2.183959409123741,70.78924040372866,304.5160581919388,34.294222698215584
10.27,-4.692206759442256,1.679689146672253,1.8106653579832732,72.81683510326258,310.8140530429464,34.32994498593864
10.28,-5.1056026645119745,2.1656585033382214,1.484033063235364,74.59098046535476,316.3247985375781,34.361201987696305
10.29,-5.467324081447978,2.590881690420944,1.1982298053309435,76.14335765718542,321.1467008453808,34.388551864234266
10.3,-5.783830321266981,2.9629519791183263,0.9481519546645756,77.50168770003724,325.36586536470816,34.41248300620498
10.31,-6.060773281108609,3.2885134817285353,0.7293338353315035,78.69022648753258,329.05763431911964,34.433422755429355
10.32,-6.303098370970033,3.5733797965124685,0.5378679809150655,79.73019792659102,332.2879321542297,34.45174503600069
10.33,-6.515132824598779,3.82263782194841,0.3703353583006823,73.69267318576713,311.76944013495097,50.2746520315006
10.34,-6.700662971523932,4.040738594204859,0.22374431351309704,68.40983903754623,293.8157596180821,64.11969565256302
10.35,-6.863001850083441,4.2315767699292515,0.09547714932395991,63.787359157852954,278.1062891658218,76.23410882099265
10.36,-7.005048368823011,4.398560173688095,-0.01675661934153508,59.742689263121335,264.3605025200941,86.83422034336856
10.37,-7.129339072720135,4.544670651977083,-0.1149611669238432,56.20360310523117,252.3329392050823,96.10931792544748
10.38,-7.238093438630118,4.6725173204799475,-0.2008901460583628,53.10690271707727,241.808821304447,104.22502830976654
10.39,-7.333253508801354,4.784383155419954,-0.2760780028010675,50.39728987744261,232.6002181413911,111.32627489604572
10.4,-7.416518570201185,4.8822657609924605,-0.34186737745093404,48.02637864276228,224.54269037371722,117.53986565904
10.41,-7.462970748926037,4.709974540868403,-0.6432142052695673,45.951831312417,217.49235357700258,122.97675757665999
10.42,-7.503616405310282,4.5592197232598535,-0.9068926796108714,44.13660239836488,211.32330887987723,127.73403800457749
10.43,-7.539181354646497,4.427309257852372,-1.1376113446595124,42.54827709856927,205.9253947698926,131.8966583790053
10.44,-7.570300685315686,4.3118876006208255,-1.3394901765770735,41.158492461248116,201.202219923656,135.53895120662963
10.45,-7.597530099651225,4.210893650543222,-1.5161341545049394,39.942430903592104,197.06944193319902,138.72595743080092
10.46,-7.621355837194822,4.122523944225319,-1.670697635191822,38.878377040643095,193.45326119154913,141.5145878769508
10.47,-7.64220335754547,4.045200451197155,-1.8059406807928442,37.94732991056271,190.28910304260546,143.95463951733194
10.48,-7.6604449378522865,3.9775423947975104,-1.9242783456937387,37.13266367174237,187.52046466227978,146.08968470266544
10.49,-7.6764063206207505,3.9183415954478216,-2.027823802482021,29.734830712774574,155.89478170449482,154.55097448983227
10.5,-7.690372530543157,3.866540896016844,-2.118426077171768,23.261726873677752,128.22230911643297,161.95460305360325
10.51,-7.702592964225262,3.8212152840147384,-2.197703067525297,17.59776101446803,104.00889560187885,168.43277804690285
10.52,-7.713285843697105,3.781555373512896,-2.2670704340846353,12.641790887659527,82.82215877664399,174.10118116604
10.53,-7.722642113234967,3.7468529518237843,-2.327766879824056,8.305317026702086,64.28376405456349,179.061033895285
10.54,-7.730828849080596,3.7164883328458114,-2.3808762698460493,4.510902398364326,48.06266867274305,183.40090503337439
10.55,-7.737992242945522,3.6899192912400847,-2.4273469861152934,1.1907895985687853,33.86921021365017,187.1982922792026
10.56,-7.744260212577331,3.666671379835074,-2.4680088628508816,-1.7143091012523128,21.4499340619439,190.52100611930229
10.57,-6.9251269360051655,4.29758170735569,-2.222166879994522,-4.256270463595774,10.583067429200911,193.42838072938952
10.58,-6.20838531900452,4.849628243936229,-2.0070551449952068,-6.4804866556463026,1.0745591255507971,195.97233351321583
10.59,-5.581236404128956,5.3326689634442,-1.818832376870806,-8.426675823690514,-7.245385640143053,198.19829219906387
10.6,-5.032481103612836,5.755329593013675,-1.6541374547619552,-10.1295913457292,-14.52533731012517,200.1460060491809
10.61,-4.552320215661232,6.125157643886966,-1.5100293979167108,-11.61964242751305,-20.895295021359523,201.8502556680333
10.62,-4.132179438703578,6.448757188401095,-1.3839348481771219,-12.923437124073919,-26.469008018689586,203.34147408452915
10.63,-3.764556258865631,6.731906789850958,-1.2736021171549816,-14.06425748356468,-31.34600689135339,204.64629019896302
10.64,-3.442885976507427,6.9796626911195885,-1.177060977510609,-15.062475298119095,-35.61338090493422,205.78800429909265
10.65,-3.1614244794439985,7.19644910472964,-1.0925874803217828,-15.935915885854207,-39.34733316681744,206.7870041367061
10.66,-2.9151456695134987,7.386137216638436,-1.01867317028156,-12.058301400122431,-48.84891602096526,187.5273787446178
10.67,-2.699651710824311,7.552114314558631,-0.9539981489963649,-8.665388725107128,-57.16280101834461,170.67520652654056
10.68,-2.511094496971272,7.697344275238803,-0.8974075053718193,-5.696590134468737,-64.43745039105153,155.929555835723
10.69,-2.346106934849863,7.824420490833952,-0.847890692200342,-3.098891367660145,-70.80276859217008,143.0271114812576
10.7,-2.20174281799363,7.935612179479708,-0.8045634806752993,-0.8259049467026269,-76.37242201814882,131.7374726711004
10.71,-2.0754242157444263,8.032904907044745,-0.7666521705908869,1.1629581716352015,-81.24586876588022,121.85903871221285
10.72,-1.9648954387763728,8.118036043664151,-0.733479774267026,2.9032134001808014,-85.51013467014519,113.21540899818625
10.73,-1.437852883929326,7.858318788206133,-0.8987811774836477,4.425936725158201,-89.24136733637705,105.65223299841297
10.74,-0.9766906484381603,7.631066189680366,-1.0434199052981916,5.758319634513426,-92.50619591932993,99.03445399861135
10.75,-0.5731736923833903,7.43222016597032,-1.1699787921359177,6.924154680199248,-95.36292092941369,93.24389737378495
10.76,-0.22009635583546655,7.25822989522403,-1.2807178181189278,7.944260345174341,-97.86255531323698,88.17716032706183
10.77,0.08884631364396675,7.105988408321026,-1.3776144658540619,8.836852802027549,-100.04973539908237,83.7437654111791
10.78,0.3591711494384709,6.972777107280898,-1.462399032622304,9.617871201774104,-101.96351797419707,79.86454485978172
10.79,0.5957053807586621,6.8562172188707855,-1.5365855285445158,10.301262301552342,-103.63807772742244,76.470226877309
10.8,0.8026728331638293,6.754227316511938,-1.6014987124764515,10.899229513858298,-105.10331751149464,73.50019864264539
10.81,0.9837693540183508,6.664986151947946,-1.6582977484168948,11.422450824626011,-106.38540232255781,70.90142393731472
10.82,1.142228809766057,6.586900132954453,-1.7079969048647827,5.55401959654776,-104.92597690723808,48.02562082015038
10.83,1.2808808335452997,6.518574866335146,-1.7514836667566849,0.41914227197928966,-103.64897966883332,28.00929309263158
10.84,1.4022013543521372,6.458790258043253,-1.7895345834120993,-4.073875387018122,-102.53160708522915,10.49500633105263
10.85,1.5083568100581202,6.406478725787847,-1.8228291354855868,-8.005265838640856,-101.55390607457552,-4.829994585328949
10.86,1.601242833800855,6.360706135064365,-1.8519618685498882,-11.445232483810749,-100.69841769025359,-18.23937038716283
10.87,1.6825181045757482,6.32065511818132,-1.877453009981152,-14.455203298334407,-99.9498653539719,-29.972574213767473
10.88,1.7536339665037797,6.285610478408655,-1.8997577587335077,-17.088927761042605,-99.29488205972542,-40.23912756204654
10.89,1.7607713456908072,4.206534043607573,-2.075454413891819,-19.39343666591228,-98.72177167725975,-49.22236174179073
10.9,1.7670165524794563,2.3873421631566263,-2.2291889871553416,-21.409881957673246,-98.22030009260229,-57.08269164906689
10.91,1.7724811084195244,0.7955492677620482,-2.363706738760924,-23.174271587964093,-97.781512456027,-63.96048031793353
10.92,1.777262594867084,-0.597269515708208,-2.4814097714158083,-24.718112514468583,-97.39757327402363,-69.97854540319184
10.93,1.7814463955086985,-1.815985951244682,-2.584399924988832,-26.068973325160012,-97.06162648977067,-75.24435235279286
10.94,1.785107221070111,-2.882362832339097,-2.6745163093652278,-27.25097653451501,-96.76767305354934,-79.85193343369376
10.95,1.7883104434363473,-3.8154426032967095,-2.753368145694574,-28.285229342700635,-96.51046379685569,-83.88356687948205
10.96,1.7911132630068036,-4.631887402884621,-2.8223635024827525,-29.190200549863057,-96.28540569724873,-87.4112461445468
10.97,1.793565730130953,-5.346276602524043,-2.8827344396724084,-37.192050481130174,-121.13973198509265,-106.28296475147845
10.98,1.7957116388645837,-5.971367152208537,-2.9355590097133573,-44.1936691709889,-142.88726748695606,-122.79571853254365
10.99,1.797589309006511,-6.51832138318247,-2.9817805084991873,-50.32008552461529,-161.91636105108657,-137.2443780909757
11.0,1.7992322703806969,-6.996906335284661,-3.0222243199367886,-55.68069983403837,-178.56681791970075,-149.88695520460374
11.01,1.8006698615831098,-7.415668168374078,-3.05761265494469,-60.371237354783574,-193.13596767973817,-160.94921017902828
11.02,1.801927753885221,-7.782084772327319,-3.0885774480766033,-64.47545768543563,-205.88397371977092,-170.62868328164973
11.03,1.8030284096495683,-8.102699300786405,-3.115671642067028,-68.06665047475617,-217.03847900479957,-179.09822224644353
11.04,1.8039914834433723,-8.383237013188104,-3.1393790618086492,-71.20894416541165,-226.79867112919962,-186.50906884063807
11.05,2.227153423012951,-7.224406886539591,-2.6288164290825677,-73.95845114473519,-235.33883923804967,-192.9935596105583
11.06,2.597420120136332,-6.210430525722143,-2.1820741254472464,-76.3642697516433,-242.81148633329346,-198.66748903423849
11.07,2.9214034801192907,-5.323201210006875,-1.7911746097663406,-78.4693610326879,-249.35005254163178,-203.63217727995868
11.08,3.2048889201043793,-4.546875558756017,-1.449137533545548,-80.31131590360192,-255.0712979739278,-207.97627949496382
11.09,3.4529386800913318,-3.8675906139115144,-1.1498550918523547,-81.92302641565169,-260.0773877271868,-211.77736893309333
11.1,3.6699822200799153,-3.273216287172575,-0.8879829553708103,-83.33327311369523,-264.45771626128845,-215.10332219145664
11.11,3.8598953175699258,-2.7531387512760035,-0.658844835949459,-84.56723897448333,-268.2905037286274,-218.01353129252453
11.12,4.026069277873685,-2.298070907366503,-0.45834898145577657,-85.64695910267292,-271.644192762549,-220.55996425595896
11.13,4.1714714931394745,-1.8998865439456902,-0.2829151087738045,-80.0423393398388,-266.01679454223034,-190.0324685989641
11.14,4.298698431497041,-1.5514752259524789,-0.12941047017707893,-75.13829704735895,-261.09282109945156,-163.3209098990936
11.15,4.410022002559911,-1.246615322708419,0.004906088595055938,-70.84726004143909,-256.7843443370201,-139.94829603670692
11.16,4.507430127239922,-0.9798629073698666,0.12243307752067395,-67.0926026612592,-253.0144271698926,-119.49725890711856
11.17,4.592662236334932,-0.7464545439486332,0.22526919283058972,-63.807277453601806,-249.71574964865604,-101.60260141872875
11.18,4.6672403317930655,-0.542222225955054,0.315250793726766,-60.93261789690158,-246.82940681757404,-85.94477611638766
11.19,4.732496165318932,-0.3635189477106722,0.3939846945109203,-58.41729078478888,-244.3038568403773,-72.24417897683921
11.2,4.789595019654065,-0.2071535792468382,0.4628768576970552,-56.216379561690275,-242.09400061033017,-60.25615647973431
11.21,5.200396267197307,-0.4923507568409834,0.5921851254849233,-54.290582241478994,-240.16037640903892,-49.766636794767514
11.22,5.5598473587976445,-0.7418982872358605,0.7053298597993078,-52.60550958629412,-238.46845523290906,-40.58830707042157
11.23,5.874367063947939,-0.9602523763313779,0.8043315023243943,-51.13107101300735,-236.98802420379545,-32.55726856161887
11.24,6.149571805954447,-1.1513122042899557,0.8909579395338451,-49.840937261381434,-235.69264705332102,-25.530109866416513
11.25,6.390375955210142,-1.3184895537537111,0.9667560720921144,-48.712070228708754,-234.5591920466559,-19.38134600811445
11.26,6.601079585808875,-1.4647697345344972,1.0330794380806,-47.72431157512016,-233.56741891582394,-14.001177632100141
11.27,6.7854452625827655,-1.592764892717685,1.0911123833205252,-46.86002275323014,-232.69961742634595,-9.293530303087625
11.28,6.94676522975992,-1.7047606561279742,1.1418912104054595,-46.10377003407637,-231.94029112305273,-5.174338890201672
11.29,7.08792020103993,-1.8027569491119775,1.1863226841047771,-47.17892377981682,-206.05837973267114,5.228703346073537
11.3,7.211430800909939,-1.8885037054729803,1.2252002235916801,-48.11968330733971,-183.41170726608723,14.331365302814344
11.31,7.319502575796197,-1.9635321172888578,1.2592180706427203,-48.94284789392225,-163.59586885782633,22.29619451496255
11.32,7.414065378821673,-2.0291819776277507,1.2889836868123803,-49.663116907181966,-146.25701025059803,29.265420075592232
11.33,7.4968078314689635,-2.086625605424282,1.315028600960833,-50.29335229378422,-131.0855089692733,35.3634924411432
11.34,7.569207477535343,-2.136888779746247,1.337817900840729,-50.84480825706119,-117.81044534811413,40.6993057610003
11.35,7.632557167843426,-2.1808690572779663,1.3577585382356379,-51.32733222492854,-106.19476467959986,45.36814241587527
11.36,7.687988146862998,-2.2193518001182206,1.3752065959561832,-51.74954069681247,-96.03104409464987,49.453374488890866
11.37,7.261890503505123,-2.484335075103443,1.5376330214616605,-52.11897310971091,-87.13778858281864,53.02795255277951
11.38,6.889055065566983,-2.7161954407155124,1.679756143778953,-52.44222647099704,-79.35619000996631,56.15570835868207
11.39,6.56282405737111,-2.919073260626073,1.804113875806584,-52.725073162122406,-72.54729125872052,58.89249468884681
11.4,6.277371925199721,-3.0965913530478137,1.912926891330761,-52.972564016857106,-66.58950485138045,61.28718272774096
11.41,6.027601309549755,-3.251919683916837,2.008138279914416,-53.189118514749964,-61.376441744957894,63.38253476177334
11.42,5.809052020856036,-3.387831973427232,2.0914482449251137,-53.37860370040622,-56.815011526838155,65.21596779155168
11.43,5.617821393249032,-3.506755226748828,2.1643444643094742,-53.54440323785544,-52.82376008598339,66.82022169260772
11.44,5.450494594092903,-3.610813073405224,2.22812865627079,-53.68947783312351,-49.33141507523546,68.22394385603175
11.45,5.30408364483129,-3.7018636892295707,2.283939824236941,-52.28079310398307,-38.77686319083103,69.84157624902778
11.46,5.175974064227379,-3.7815329780758744,2.332774596207323,-51.04819396598519,-29.541630291977153,71.2570045928993
11.47,5.063878181198957,-3.85124360581639,2.3755050216814078,-49.96966972023704,-21.46080150548001,72.49550439378689
11.48,4.965794283549087,-3.9122404050893413,2.4128941439712315,-49.025961005207414,-14.390076317295009,73.57919171956352
11.49,4.879970873105451,-3.9656126044531734,2.4456096259748272,-48.20021587955649,-8.203191777633133,74.52741812961808
11.5,4.80487538896727,-4.012313278896527,2.4742356727279735,-47.47768889461193,-2.7896678054289916,75.35711623841581
11.51,4.739166840346361,-4.053176369034461,2.4992834636369765,-46.845477782785444,1.9471656702496318,76.08310208361384
11.52,4.681671860303066,-4.088931572905154,2.521200280682354,-46.292293059937265,6.0918949614684275,76.7183396981621
11.53,4.437234627765182,-4.15275537629201,2.33033874559706,-45.80825642744511,9.718533091284874,77.27417261089182
11.54,4.223352049294534,-4.208601204255508,2.1633349023974273,-45.384724374014475,12.891841454874264,77.76052640953034
11.55,4.036204793132717,-4.25746630372357,2.017206539597749,-45.01413382726267,15.668486273014981,78.18608598333904
11.56,3.8724509439911277,-4.300223265758124,1.8893442221480303,-44.68986709885484,18.09805048888811,78.55845061042166
11.57,3.729166325992237,-4.337635607538358,1.7774646943795265,-44.406133711497986,20.223919177777095,78.88426965911894
11.58,3.603792285243207,-4.370371406596063,1.6795701075820857,-44.15786699756074,22.084054280554955,79.16936132672907
11.59,3.494089999587806,-4.399015230771555,1.593912344134325,-43.94063362286565,23.711672495485583,79.41881653588793
11.6,3.3981004996393303,-4.424078576925111,1.5189618011175345,-43.75055442000744,25.135838433549885,79.63708984390193
11.61,3.314109687184414,-4.446009004809472,1.4533800759778428,-42.39861024250651,34.36198400435615,80.6899539884142
11.62,3.2406177262863625,-4.465198129208288,1.3959960664806124,-41.215659087193195,42.43486137881163,81.61121011486242
11.63,3.176312260500567,-4.4819886130572515,1.3457850581705357,-40.18057682629404,49.49862908146017,82.41730922550462
11.64,3.1200449779379964,-4.496680286425095,1.3018504258992187,-39.27487984800729,55.67942582127765,83.12264594731656
11.65,3.070811105695747,-4.509535500621958,1.2634076226618165,-38.48239499200638,61.08762296861794,83.73981557890198
11.66,3.0277314674837785,-4.520783813044213,1.2297701698290895,-37.78897074300558,65.8197954725407,84.27983900653925
11.67,2.990036784048306,-4.530626086413687,1.2003373986004533,-37.18222452512988,69.96044641347312,84.75235950572184
11.68,2.957053936042268,-4.539238075611976,1.1745837237753967,-36.65132158448865,73.58351598678898,85.16581494250661
11.69,2.4125633190369844,-4.490682941160479,1.162386383303472,-36.18678151142757,76.75370186344037,85.5275884496933
11.7,1.9361340291573614,-4.448197198515419,1.151713710390538,-35.78030894749912,79.52761450551033,85.84414026848162
11.71,1.5192584005126912,-4.411022173700991,1.1423751215917206,-35.42464545406173,81.95478806732154,86.12112310992143
11.72,1.154492225448605,-4.378494026988367,1.1342038563927554,-35.11343989730402,84.07856493390636,86.36348309618126
11.73,0.8353218222675294,-4.350031898614821,1.127053999343661,-34.841135035141015,85.93686969216807,86.57554808415861
11.74,0.5560477194840883,-4.325127536287968,1.1207978744257034,-34.60286828074839,87.56288635564707,86.76110494863877
11.75,0.3116828795485772,-4.303336219251972,1.1153237651224905,-34.39438487065484,88.98565093619119,86.92346720505893
11.76,0.09786364460500505,-4.284268816845476,1.1105339194821793,-34.211961886822984,90.2305699441673,87.06553417942655
11.77,-0.08922818597062059,-4.267584839739791,1.1063428045469068,-28.74109165097011,115.61862545114639,84.69609215699823
11.78,-0.252933537724293,-4.252986359772317,1.1026755789785434,-23.954080194598845,137.83317401975307,82.62283038737345
11.79,-0.3961757205087564,-4.240212689800777,1.0994667566062255,-19.76544517027399,157.27090401728395,80.80872633895177
11.8,-0.5215126304451618,-4.229035728575679,1.0966590370304474,-16.10038952398974,174.27891776512345,79.2213852965828
11.81,-1.3044155516395166,-3.787480262503719,0.9322441574016416,-12.893465833491021,189.16092979448302,77.83246188450995
11.82,-1.9894556076845769,-3.401119229690754,0.7883811377264364,-10.087407604304644,202.18269032017264,76.61715389894621
11.83,-2.446062281724005,-2.9594473259794096,0.6526446205106318,-7.632106653766564,213.57673078015105,75.55375941157794
11.84,-2.8455931215085046,-2.572984410231983,0.5338751679468028,-5.4837183220457435,223.54651618263216,74.6232892351307
11.85,-3.0531672313199416,-2.1081306089529854,0.39884302195345245,-3.6038785317900253,232.27007840980315,73.80912783073937
11.86,-3.2347945774049487,-1.7013835328338622,0.2806898942092709,-1.9590187153162724,239.90319535857776,73.09673660189695
11.87,-3.41035075522933,-1.2740483412296295,0.12727965743311204,-0.5197663759017384,246.58217268875555,72.47339427665983
11.88,-3.5639624108256633,-0.9001300485759258,-0.006954299746026973,0.739579421085979,252.42627785266112,71.92796974207735
11.89,-3.6659491094724554,-0.601997542503935,-0.1242073872777736,1.8415069934502315,257.5398698710785,71.45072327431768
11.9,-3.7551874707883983,-0.3411315996909431,-0.2268038388680519,2.8056936192689523,262.0142628871937,71.03313261502797
11.91,-3.742449411939848,-0.12964652472957522,-0.2805013590095454,3.6493569168603335,265.9293567762945,70.66774078814947
11.92,-3.731303610447367,0.05540291586162169,-0.32748668913335227,4.387562302252792,269.3550639292577,70.3480229396308
11.93,-3.668047409141446,0.22904230137891896,-0.33590872799168325,16.390992389471194,264.43818181310047,82.17827119717694
11.94,-3.612698232998765,0.3809767637065541,-0.34327801199272284,26.893993715787296,260.1359099614629,92.52973842252982
11.95,-3.5815592038739195,0.4660749182432349,-0.31710963549363247,36.084119876313885,256.37142209128007,101.58727224471359
11.96,-3.5543125533896798,0.5405358034628305,-0.29421230605692844,44.12548026677465,253.07749520487008,109.51261433912438
11.97,-3.47247885921597,0.5379647030299767,-0.24042251779981236,51.16167060842782,250.19530917926133,116.44728867173383
11.98,-3.400874376813974,0.5357149901512296,-0.19335645307483582,57.318337157374344,247.67339640685367,122.5151287127671
11.99,-3.2415479547122272,0.5418163663823259,-0.19603827144048136,62.70542038770255,245.46672273099696,127.8244887486712
12.0,-3.1021373353731985,0.5471550705845352,-0.1983848625104212,67.41911821423973,243.53588326462236,132.47017878008728
12.01,-3.0404815434515484,0.5587610617614682,-0.25468350469661855,71.54360381245976,241.84639873154458,136.53515755757638
12.02,-2.986532725520105,0.5689163040412847,-0.3039448166095412,75.15252871090229,240.36809976510153,140.09201398787934
12.03,-3.0043498848300914,0.5462397660361241,-0.38254383953334853,78.3103379970395,239.07458816946385,143.20426336439442
12.04,-3.0199398992263298,0.5263977952816086,-0.45131798459167993,81.07342112240956,237.94276552328088,145.9274815688451
12.05,-3.0032384118230384,0.5460354458714075,-0.39791561151772,83.49111885710836,236.95242070787077,148.31029749773947
12.06,-2.9886246103451586,0.5632183901374815,-0.351188535078005,85.6066043749698,236.08586899438694,150.39526143552206
12.07,-3.0324874090520137,0.6808760913702964,-0.41265046819325435,87.45765420309857,235.32763624508857,152.2196048810818
12.08,-3.070867357920512,0.7838265799490093,-0.46642965966909755,89.07732280271124,234.6641825894525,153.81590539594657
12.09,-3.052804563180448,1.0601541324553831,-0.6360664522104603,77.62765745237233,206.07053476577093,172.39766847145324
12.1,-3.036999617782892,1.3019407408984602,-0.7844986456841527,67.6092002708258,181.05109292004957,188.6567111625216
12.11,-2.8312586655600307,1.7324113982861526,-0.9090113149736336,58.84305023697257,159.15908130504337,202.8833735172064
12.12,-2.651235332365027,2.1090732235003835,-1.0179599006019295,51.17266895735101,140.00357114191294,215.3317030775556
12.13,-2.2920622908193984,2.5697248205628354,-1.0766757880266884,44.461085337682135,123.24249974917382,226.22399144286115
12.14,-1.9777858794669736,2.9727949679924808,-1.1280521895233524,38.588449670471874,108.57656228052709,235.7547437625035
12.15,-1.416255144533602,3.3757517219934208,-1.0539326658329333,33.449893461662896,95.74386699546119,244.09415204219056
12.16,-0.9249157514669017,3.7283388817442433,-0.9890780826038167,28.953656778955033,84.51525862102854,251.39113428691672
12.17,-0.38140253253353906,3.9583163965262127,-0.7022776972783397,25.01944968158565,74.69022629339996,257.77599375105217
12.18,0.09417153403315331,4.159546721960436,-0.45132736011854724,21.577018471387444,66.09332300672496,263.36274578217063
12.19,0.5628644672790092,4.2447821317153815,-0.01921269010372878,18.56489116246401,58.57103263088434,268.2511538093993
12.2,0.972970783869133,4.319363115250959,0.35888764615923735,15.92927976715601,51.9890285520238,272.52851083322435
12.21,1.5002801858854915,4.250657100844589,0.7934325653893326,13.62311979626151,46.229774983020825,276.2711982290713
12.22,1.9616759126498051,4.190539338239016,1.1736593697156659,11.605229821728821,41.19042811014322,279.5460497004374
12.23,2.4688062985685795,3.984317295959139,1.4846969485012078,9.839576094012719,36.780999596375324,282.4115447378827
12.24,2.912545386247507,3.8038730089642465,1.756854829938557,8.29462908226113,32.922749646828414,284.9188528956474
12.25,3.2453989629665685,3.562593257843716,1.7703263511962373,1.347175446978489,15.796155940974863,253.19337153369145
12.26,3.5366458425957474,3.3514734756132514,1.7821139322967077,-4.731846483893822,0.8103864483530039,225.43357534198003
12.27,3.6319912372712793,3.140971666161595,1.5444600657596192,-10.050990673407094,-12.302161857691122,201.14375367423253
12.28,3.7154184576123694,2.956782582891396,1.336512932539667,-14.705241839231206,-23.775641625479732,179.89015971495346
12.29,3.7802914004108232,2.6593597600299717,1.0505163159722084,-18.777711609327305,-33.814936422294764,161.29326500058428
12.3,3.83705522535947,2.3991147900262253,0.8002692764756824,-22.341122658161392,-42.599319369507924,145.02098212551124
12.31,3.7703290721895364,1.9223336912729472,0.5557689919162221,-25.459107325891217,-50.285654448319434,130.78273460982234
12.32,3.7119436881658445,1.5051502298638288,0.3418312429266943,-28.187343910154816,-57.01119764227951,118.32426803359455
12.33,3.711153477145114,0.9724647011308502,0.04993258756085753,-30.574550921385462,-62.89604793699458,107.42310977939523
12.34,3.710462042501975,0.5063648634894939,-0.20547873588424964,-32.66335705621228,-68.04529194487026,97.88459630697083
12.35,3.6191319121892285,-0.05881611944669274,-0.5342738938987185,-34.49106242418574,-72.55088045176147,89.53839701859948
12.36,3.539218048165575,-0.5533494795158561,-0.8219696571613787,-36.090304621162524,-76.49327039529129,82.23547264127455
12.37,3.274369542144878,-1.1615011695763742,-1.0945054500162064,-37.48964154351721,-79.94286159587988,75.84541381111524
12.38,3.042627099376768,-1.6936338983793275,-1.3329742687641806,-38.71406135057755,-82.9612538963949,70.25411233472583
12.39,2.565639836954672,-2.4535451610819115,-1.592752485168658,-39.78542868175536,-85.60234715934554,65.3617235428851
12.4,2.1482759823353375,-3.1184675159466724,-1.8200584245225757,-40.722875096535944,-87.91330376442735,61.080883350024465
12.41,1.51487073454342,-3.8574203264533384,-2.0962373714572538,-35.32626570946895,-102.32101591887394,24.426396056271408
12.42,0.9606411427254925,-4.5040040356466715,-2.337893950025097,-30.604232495785332,-114.92776405401469,-7.646280325762518
12.43,0.3674232498848059,-5.177764156190838,-2.5424589562719597,-26.472453433812166,-125.95866867226286,-35.7098721600422
12.44,-0.15164240635079484,-5.7673042616669825,-2.7214533367379645,-22.857146754585646,-135.61071021323,-60.265515015036925
12.45,-0.5444767305569455,-6.31113297895861,-2.693479419645719,-19.693753410262442,-144.05624656157624,-81.75170251315731
12.46,-0.8882067642373273,-6.786983106588783,-2.669002242190004,-16.925784233979638,-151.44609086637922,-100.55211657401264
12.47,-1.1961557937076615,-6.997329968265185,-2.3392587119162536,-14.503811204732182,-157.91220463308184,-117.00247887726107
12.48,-1.4656111944942039,-7.181383472232037,-2.050733122926722,-12.384584804140658,-163.57005417894663,-131.39654589260343
12.49,-1.6767264201824283,-6.947769413203033,-1.3691742325608816,-10.530261703623076,-168.52067253157833,-143.991354531028
12.5,-1.8614522426596247,-6.743357111552654,-0.7728102034907713,-8.907728990670192,-172.85246359013104,-155.0118120896495
12.51,-1.7967410873271716,-6.075906097608572,-0.05327992805442494,-7.488012866836417,-176.64278076636467,-164.65471245344332
12.52,-1.7401188264112752,-5.4918864604075,0.5763090629523782,-6.245761258481865,-179.9593082955691,-173.0922502717629
12.53,-1.1975329731098658,-4.550014027856562,0.7485888050833309,-5.158791101171632,-182.86126988362295,-180.47509586279256
12.54,-0.7227703514711327,-3.7258756493744922,0.8993335794479145,-4.207692213525178,-185.4004862731701,-186.9350857549435
12.55,0.0894741924627589,-2.7093909432026804,0.7216431320169252,-3.3754806868345306,-187.62230061402383,-192.58757691057556
12.56,0.800188168404914,-1.819966825302345,0.5661639905148095,-2.647295600980214,-189.56638816227087,-197.53350667175363
12.57,1.4661068973542997,-1.015640722139552,0.3878683667004583,-7.312633775857687,-235.756839391987,-188.53931771278442
12.58,2.048785785185012,-0.31185538187210804,0.231859695862901,-11.394804678875477,-276.17348421798863,-180.66940237368638
12.59,2.748291062036886,0.05786741586190547,0.42690623388003834,-14.966704219016044,-311.53804844074006,-173.7832264519756
12.6,3.3603581792822754,0.3813748638791673,0.5975719546450335,-18.09211631663904,-342.48204213564753,-167.75782252047864
12.61,4.056743906871991,0.37324075589427136,0.7660238353144043,-20.82685190205916,-369.5580366186916,-162.48559408041882
12.62,4.666081418512992,0.36612341140748744,0.9134192309001038,-23.219745539301766,-393.24953179135514,-157.87239419536647
12.63,4.720025491198868,0.4496716099815515,0.8457988270375908,-25.313527471889046,-413.9795900674357,-153.83584429594566
12.64,4.767226554799009,0.5227762837338575,0.7866309736578919,-27.145586662902915,-432.1183910590062,-150.30386313395246
12.65,4.184050360449133,0.5738087482671254,0.6374411019506554,-28.748638455040048,-447.98984192663045,-147.2133796172084
12.66,3.673771190392991,0.6184621547337347,0.5068999642068235,-30.151308773160043,-461.8773614358016,-144.50920654005736
12.67,3.2458004165938674,0.5949931353920179,0.38369509368097054,-31.378645301515036,-474.0289410063264,-142.1430550975502
12.68,2.8713259895196344,0.5744577434680157,0.27589083197084924,-32.452564763825656,-484.6615731305356,-140.07267258535643
12.69,2.78712599082968,0.5713395255345137,0.2620047279744931,-33.39224429334745,-493.96512623921865,-138.26108788718687
12.7,2.71345099197597,0.5686110848426995,0.24985438697768148,-34.21446388167902,-502.1057352093163,-136.67595127628852
12.71,2.8784733679789736,0.5527253242373621,0.2784378386054713,-34.93390602146915,-509.2287680581518,-135.28895674175246
12.72,3.0228679469816018,0.5388252837076919,0.3034483587797874,-35.563417893785505,-515.4614218008828,-134.0753365240334
12.73,3.1024814536089016,0.49647099824423035,0.3200733139323139,-37.29986553206232,-465.6062443257725,-110.73154458352921
12.74,3.172143271907789,0.45941099846370154,0.3346201496907747,-38.81925721555453,-421.98296403505094,-90.30572663558807
12.75,2.9349833629193154,0.4049848736557388,0.3405076309794279,-40.14872493861021,-383.8125937806696,-72.43313593113957
12.76,2.727468442554401,0.35736201444877147,0.3456591771069994,-41.31200919628393,-350.41351980808594,-56.794619064747124
12.77,2.404845637235101,0.24733601264267507,0.3573831549686245,-42.329882921748435,-321.18933008207523,-43.110916806653734
12.78,2.122550682580713,0.1510632610623407,0.3676416355975464,-43.22052243152988,-295.61816407181584,-31.137677330822015
12.79,2.002843347258124,0.1081473534295481,0.39388305614785313,-43.99983200258864,-273.24339381283886,-20.661092789469265
12.8,1.8980994288508584,0.07059593425085459,0.4168442991293715,-44.68172787726506,-253.66546983623402,-11.494081315785609
12.81,1.834308125244501,0.027222192469497766,0.4696618867382001,-45.278386767606925,-236.53478635670479,-3.472946276312408
12.82,1.7784907345889385,-0.01072983158918945,0.5158772758959251,-45.800463296656055,-221.5454383121167,3.545546883226643
12.83,1.6817881427653212,-0.06216710264054077,0.5834544914089345,-46.257280259574046,-208.4297587731021,9.686728397823313
12.84,1.5971733749196562,-0.10717471481047317,0.6425845549828176,-46.65699510212729,-196.95353917646435,15.060262223095398
12.85,1.3512492030546992,-0.14605637545916403,0.6418142356099654,-47.00674558936138,-186.91184702940632,19.762104320208472
12.86,1.1360655526728618,-0.18007782852676854,0.6411402061587197,-47.3127772656912,-178.1253664007305,23.876216155182412
12.87,0.8545634835887541,-0.20250334996092248,0.6476241803888798,-47.5805549824798,-170.43719585063923,27.47606401078461
12.88,0.6082491731401599,-0.22212568121580717,0.6532976578402698,-47.81486048466983,-163.7100466193093,30.625930884436535
12.89,0.46922527649763995,-0.28058634606383126,0.6892995756102361,-46.199877799086096,-140.76566579189566,37.223315023881966
12.9,0.34757936693543495,-0.3317394278058523,0.7208012536589566,-44.78676794920033,-120.68933256790869,42.99602614589672
12.91,0.2635539460685056,-0.38606824933012074,0.7250718469515871,-43.55029683055029,-103.12254099692011,48.04714837765963
12.92,0.19003170280994236,-0.43360596816385566,0.7288086160826388,-42.4683846017315,-87.7515983723051,52.46688033045218
12.93,0.07204498995869957,-0.45556334714337365,0.7481594140723089,-41.52171140151506,-74.30202357576695,56.33414578914566
12.94,-0.031193383786137882,-0.47477605375045195,0.7650913623132702,-40.69337235132568,-62.53364562879608,59.71800306550245
12.95,-0.030375585812870646,-0.5532094220316455,0.7853498170241114,-39.96857568240996,-52.23631492519657,62.67887818231465
12.96,-0.029660012586261816,-0.6218386192776898,0.8030759648960974,-39.33437859710872,-43.226150559546994,65.26964390952531
12.97,0.07668786398702092,-0.6775569168679786,0.7650009692840853,-38.77945614747013,-35.34225673960361,67.53656392083465
12.98,0.16974225598864331,-0.7263104272594813,0.7316853481235747,-38.29389900403636,-28.44384964715316,69.52011893073032
12.99,0.2363828489900629,-0.7154649988520462,0.6285413046081277,-37.86903650353182,-22.407743441259015,71.25572956438903
13.0,0.294693367866305,-0.7059752489955404,0.5382902665321118,-37.49728181559034,-17.12615051110164,72.7743888688404
13.01,0.2611058218830169,-0.7326795928710979,0.4137732332155978,-37.17199646364155,-12.504756697213933,74.10321576023536
13.02,0.23171671914763978,-0.7560458937622105,0.30482082906364805,-36.88737178068635,-8.461037110062192,75.26593929020594
13.03,0.2060012542541848,-0.7764914070419342,0.20948747543069202,-36.638325183100555,-4.9227824713044175,76.2833223789302
13.04,0.0947437224724117,-0.8190356061616924,0.12003929100185552,-36.42040941021298,-1.8268096623913657,77.17353258156392
13.05,0.024311132163360234,-0.9032791553914807,0.08028200462662358,-35.40285823393636,0.6459165454075548,78.73996600886844
13.06,-0.037317384357059794,-0.9769922609675457,0.045494379048295626,-34.51250095469432,2.80955197723161,80.11059525775988
13.07,-0.07210246131242731,-1.0257144783466026,-0.0022604183327413277,-33.73343833535753,4.702732980077659,81.3098958505399
13.08,-0.10253940364837391,-1.0683464185532774,-0.044045866041148664,-33.05175854343784,6.359266357567952,82.35928386922242
13.09,-0.12391535319232717,-1.1121814912341177,-0.07363100778600508,-32.45528872550811,7.808733062871958,83.27749838556963
13.1,-0.1426193090432863,-1.150537179829853,-0.09951800681275444,-31.933377634819596,9.077016430012963,84.08093608737343
13.11,-0.1861442704128755,-1.1921971573511214,-0.12568550596116013,-31.476705430467145,10.186764376261342,84.78394407645176
13.12,-0.22422861161126606,-1.2286496376822313,-0.14858206771601512,-31.077117251658752,11.157793829228675,85.39907606689529
13.13,-0.31327728515985775,-1.2124368079719523,-0.1709508092515132,-30.727477595201407,12.00744460057509,85.93731655853338
13.14,-0.39119487451487556,-1.1982505819754583,-0.19052345809507404,-30.42154289580123,12.750889025503204,86.40827698871671
13.15,-0.4582233902005161,-1.164828384228526,-0.19419390083318977,-30.153850033826078,13.401402897315304,86.82036736512713
13.16,-0.5168733414254516,-1.1355839611999603,-0.19740553822904106,-29.91961877959782,13.97060253515089,87.18094644448624
13.17,-0.5723004237472701,-1.0826530910499652,-0.1683823459504109,-29.714666432148093,14.468652218257029,87.49645313892546
13.18,-0.6207991207788612,-1.0363385796687195,-0.14298705270660955,-29.535333128129583,14.9044456909749,87.77252149655978
13.19,-0.7254194806815035,-1.0155988822101296,-0.17718117111828335,-29.378416487113384,15.285764979603037,88.01408130948981
13.2,-0.8169622955963155,-0.9974516469338635,-0.20710102472849795,-29.24111442622421,15.619419357152657,88.22544614580359
13.21,-0.925740508646776,-0.9361096910671305,-0.17929289663743572,-29.225974997946185,21.747617187508574,88.27914062757813
13.22,-1.020921445065929,-0.8824354796837391,-0.15496078455775628,-29.21272799820291,27.109790289070002,88.32612329913086
13.23,-1.092192014432688,-0.8431534197232717,-0.07204443648803674,-29.201136873427547,31.801691752936254,88.3672331367395
13.24,-1.154553762628602,-0.8087816172578627,0.0005073680729678481,-29.190994639249105,35.90710553381922,88.40320424464706
13.25,-1.2112416673000268,-0.81454066510063,0.09844669706384687,-29.182120184342967,39.49934259209182,88.43467896406617
13.26,-1.2608435838875236,-0.8195798319630512,0.184143609930866,-29.174355036300096,42.64255001808034,88.46221934355789
13.27,-1.446482010901583,-0.8224896029676697,0.24694990868950778,-29.167560531762586,45.3928565158203,88.48631717561315
13.28,-1.608915634538885,-0.825035652596711,0.30190542010331933,-29.161615340292265,47.79937470134276,88.5074027786615
13.29,-1.8739324302215246,-0.7355630710221222,0.36802136759040444,-29.156413297755734,49.90507811367492,88.52585268132881
13.3,-2.105822126443834,-0.6572745621443569,0.4258728216416039,-29.151861510536268,51.74756859946555,88.5419963461627
13.31,-2.2243578606383547,-0.5142146168763122,0.46721421893640347,-29.147878696719236,53.35974777453235,88.55612205289236
13.32,-2.3280766280585605,-0.3890371647667732,0.5033879415693531,-29.144393734629332,54.7704045527158,88.56848204628082
13.33,-2.2615537995512405,-0.27780064417092654,0.527377573873184,-29.14134439280067,56.00472923362632,88.57929704049572
13.34,-2.2033463246073355,-0.18046868864956073,0.548368502139036,-29.138676218700585,57.084763329423026,88.58876016043375
13.35,-2.0517325340314185,-0.09369885256836563,0.5792804393716565,-29.13634156636301,58.029793163245145,88.59704039037953
13.36,-1.9190704672774912,-0.01777524599731993,0.6063283844501995,-29.134298745567637,58.8566942678395,88.60428559158208
13.37,-1.7983415338678048,0.13206253475234506,0.6146527113939246,-24.096886402371684,71.83023248435957,88.68937464263432
13.38,-1.692703717134329,0.2631705929083019,0.621936497469684,-19.689150602075223,83.18207842381463,88.76382756230502
13.39,-1.637252377492538,0.4431773937947642,0.6055013102859735,-15.832381776815822,93.1149436208378,88.8289738670169
13.4,-1.5887324553059707,0.6006833445704186,0.5911205215002269,-12.457709054713845,101.80620066823307,88.88597688363978
13.41,-1.6426611483927243,0.7529024264991163,0.5751344563126984,-9.504870422874614,109.41105058470394,88.9358545231848
13.42,-1.6898487548436338,0.8860941231867268,0.5611466492736111,-6.921136620015287,116.06529426161595,88.97949745778669
13.43,-1.7225324104881796,0.9823151077883859,0.5198488181144097,-4.660369542513376,121.88775747891395,89.01768502556335
13.44,-1.7511306091771572,1.0665084693148377,0.48371321585010857,-2.6821983496992035,126.98241279404971,89.05109914736794
13.45,-1.7908174080300125,1.144031535650483,0.41472206386884497,-0.9512985559868032,131.4402361947935,89.08033650394694
13.46,-1.8255433570262611,1.2118642186941726,0.3543548058852393,0.563238763511547,135.34083167044432,89.10591919095357
13.47,-1.8712505623979785,1.262569316357401,0.2661287051495844,1.8884589180726035,138.75385271163879,89.12830404208437
13.48,-1.911244367098231,1.3069362768127257,0.18893086700588638,3.048026553313528,141.74024612268394,89.14789078682382
13.49,-2.043969571210952,1.391510992211135,0.08443988363015056,4.0626482341493375,144.35334035734846,89.16502918847084
13.5,-2.160104124809583,1.4655138681847433,-0.006989726823618259,4.95044220488067,146.63979781267992,89.18002528991198
13.51,-2.3312872342083852,1.5228158846616504,-0.05142263597066598,5.727261929270586,148.64044808609492,89.19314687867298
13.52,-2.481072454932337,1.5729551490789442,-0.09030143147433273,6.406979188111763,150.39101707533305,89.20462826883885
13.53,-2.6718570230657948,1.5639403804440764,-0.09442950254004115,20.437357164597792,175.69214081591642,89.47717486023399
13.54,-2.8387935201825707,1.5560524578885668,-0.09804156472253601,32.71393789402307,197.83062408892687,89.71565312770474
13.55,-3.0230640801597497,1.542993650652496,-0.164198994132219,43.455946032270184,217.201796952811,89.92432161174165
13.56,-3.1843008201397813,1.531567194320934,-0.22208674486569163,52.85520315323642,234.15157320870964,90.10690653527394
13.57,-3.3353537176223087,1.5132916700308172,-0.3461202767574802,61.07955313408186,248.98262743262094,90.26666834336469
13.58,-3.4675250029195204,1.497300586276965,-0.45464961716279517,68.27585936732163,261.9597998785433,90.4064599254441
13.59,-3.6071926275545803,1.4735740129923443,-0.5324220400174458,74.57262732140643,273.31482576872537,90.52877755976358
13.6,-3.7294017991102573,1.4528132613683011,-0.600472910015265,80.08229928123062,283.2504734226347,90.63580548979313
13.61,-3.9695130742214753,1.3684416036972633,-0.599099046263357,84.90326224607679,291.94416511980535,90.72945492856898
13.62,-4.179610439943791,1.2946164032351053,-0.5978969154804374,89.12160484031719,299.55114535482966,90.81139818749786
13.63,-4.191303134950817,1.1784911028307172,-0.6469908010453828,92.81265461027753,306.2072530604759,90.88309853906063
13.64,-4.201534243081965,1.0768814649768776,-0.68994795091471,96.04232315899284,312.0313473029164,90.94583634667805
13.65,-4.166385712696719,0.9953526568547679,-0.7307814570503712,98.86828313911873,317.12742976505183,91.00073192834328
13.66,-4.135630748609629,0.9240149497479219,-0.7665107749190748,101.34099812172889,321.58650191942036,91.04876556230037
13.67,-4.021246155033426,0.8449927060294317,-0.7424310530541904,103.50462373151277,325.4881900544928,91.09079499201283
13.68,-3.9211596356542477,0.7758482427757527,-0.7213612964224166,105.39779614007367,328.9021671726812,91.12757074301122
13.69,-3.7027918061974665,0.7365418374287835,-0.6303992593696146,106.38057162256446,303.714397276096,109.73600027513481
13.7,-3.511719955422783,0.7021487327501856,-0.5508074769484128,107.2405001697439,281.675098616584,126.01837611574297
13.71,-3.192732585994935,0.7421621411564125,-0.31684141732986115,107.99293764852591,262.39071228951104,140.2654549762751
13.72,-2.9136186377455684,0.777173873511861,-0.11212111516362852,108.65132044246018,245.51687425332216,152.7316489792407
13.73,-2.7567288080273724,1.0018010143228784,0.07899714923182505,109.22740538715266,230.7522659716569,163.63956873183562
13.74,-2.619450207023951,1.1983497625325186,0.2462256305778469,109.73147971375857,217.8332337251998,173.18399851535617
13.75,-2.432250931145957,1.6095599172159538,0.29248642675561604,110.17254474953876,206.52908050954983,181.53537457593666
13.76,-2.2684515647527124,1.9693688025639595,0.33296462341116406,110.55847665584642,196.6379464458561,188.84282862894457
13.77,-1.8607729941586233,2.5021612022434647,0.25002454548476855,110.89616707386561,187.9832041401241,195.2368509253265
13.78,-1.5040542448887955,2.968354551963032,0.17745197729917248,111.19164618963241,180.41030462260858,200.8316204346607
13.79,-0.921305339277696,3.520953357967653,0.053980230136775914,111.45019041592836,173.7840175447825,205.7270437553281
13.8,-0.411400046867984,4.004477313221696,-0.05405754863032107,111.67641661393732,167.9860163516847,210.0105391609121
13.81,0.22708170899051405,4.377146899068984,-0.12641723005153094,111.87436453719515,162.91276530772413,213.7585976407981
13.82,0.7857532453666998,4.703232786685361,-0.18973195129508957,112.04756897004576,158.47367064425862,217.03814881069832
13.83,1.3362658396958622,4.800025688349691,-0.1744817073832034,112.19912284879004,154.5894628137263,219.90775608436104
13.84,1.8179643597338795,4.884719477305979,-0.16113774396030298,112.33173249269129,151.19078096201054,222.4186624488159
13.85,2.2844809397671444,4.7036135426427315,-0.1264601509652651,92.55901580610487,121.7481830917592,212.7769540177139
13.86,2.6926829472962512,4.545145849812391,-0.09611725709460697,75.25788870534176,95.9859099552893,204.34045914049966
13.87,3.1091077038842196,4.253312743585842,-0.2106197249577811,60.11940249217403,73.44392096087813,196.9585261229372
13.88,3.473479365898692,3.997958775637612,-0.3108093843380585,46.87322705565228,53.71968059076836,190.49933473257005
13.89,3.850476945161356,3.73243017868291,-0.5084443362958011,35.282823548695745,36.46097026692232,184.84754226599878
13.9,4.180349827016187,3.500092656347546,-0.681374919258826,25.141220480108778,21.35959873355703,179.90222385774894
13.91,4.344101598639163,3.2403773243041027,-0.8335154293514727,16.26731779509518,8.1458986418624,175.5750702505303
13.92,4.487384398809268,3.01312640876609,-0.9666383756825386,8.502652945708284,-3.4160889383704003,171.78881084421403
13.93,4.471427598958109,2.655899982670329,-1.0342219537222213,1.708571202494749,-13.5328280710741,168.47583386368728
13.94,4.4574653990883455,2.343326859836538,-1.0933575845069434,-4.236250322817094,-22.38497481218984,165.57697900572637
13.95,4.347986849202302,1.868899752356971,-1.1172347614435756,-9.437969157464957,-30.13060321066611,163.04048100501058
13.96,4.2521931180520145,1.4537760333123497,-1.1381272912631286,-13.989473137781836,-36.90802805933285,160.82104525438425
13.97,4.0642281032955125,0.948716404148306,-1.1903788798552375,-17.972039120559106,-42.83827480191624,158.87903897258622
13.98,3.8997587153835735,0.5067892286297677,-1.2360990198733326,-21.45678435548922,-48.02724070167672,157.17978347601294
13.99,3.599747750960627,0.0066418250510467125,-1.264734017389166,-24.505936436053066,-52.56758586396713,155.69293491651132
14.0,3.3372381570905483,-0.43098715308033414,-1.28978964021552,-27.17394450654643,-56.540387880971245,154.3919424269474
14.01,2.9096390124542295,-0.9458616339452923,-1.3943150601885799,-25.689076443228124,-74.83034014584985,128.10169949857897
14.02,2.535489760897451,-1.3963768047021308,-1.4857748026650073,-24.389816887824608,-90.83404837761861,105.09773693625661
14.03,2.0430827907852693,-1.9916654541143646,-1.4027583273318813,-23.25296477684653,-104.83729308041629,84.96926969422454
14.04,1.6122266919371104,-2.512543022350069,-1.3301189114153962,-22.25821917974071,-117.09013219536425,67.35686085744648
14.05,1.1680893554449716,-3.15216564455631,-1.1751500474884715,-21.38781678227312,-127.81136642094371,51.94600312526567
14.06,0.7794691860143502,-3.7118354389867716,-1.0395522915524125,-20.62621468448898,-137.19244636832576,38.46150260960746
14.07,0.39122253776255644,-4.251904509113425,-0.8413122551083608,-19.959812848927854,-145.40089132228502,26.662564658406524
14.08,0.05150672054223693,-4.724464945474247,-0.6678522232198157,-19.37671124281187,-152.5832806569994,16.338493951105708
14.09,-0.1696254945255427,-5.091811077289966,-0.6154463203173388,-18.866497337460384,-158.86787132487444,7.304932082217495
14.1,-0.3631161827098499,-5.413238942628721,-0.5695911552776715,-18.420060170277836,-164.36688815926516,-0.5994345530596918
14.11,-0.5852499098711187,-5.54145407480013,-0.5986701358679625,-18.029427648993103,-169.17852788935699,-7.51575535892723
14.12,-0.7796169211372288,-5.6536423154501145,-0.6241142438844671,-17.687624192868963,-173.38871265318738,-13.567536064061326
14.13,-0.8526089309950753,-5.55037102601885,-0.44867246339890876,-17.388546168760342,-177.07262432153897,-18.86284418105366
14.14,-0.9164769396206909,-5.460008647766494,-0.29516090547404517,-17.126852897665298,-180.29604703134657,-23.49623878342195
14.15,-0.8805723221681045,-5.194653566795682,0.17306033271021048,-16.897871285457136,-183.11654190242825,-27.55045906049421
14.16,-0.8491557818970915,-4.962467870946222,0.5827539161214341,-16.69751237477499,-185.5844749146247,-31.097901802932434
14.17,-0.7839086841599551,-4.449624262077944,0.8774760516062549,-17.541573327928116,-200.88641605029662,-57.892539827565884
14.18,-0.7268174736399607,-4.000886104318202,1.135357920155473,-18.2801266619371,-214.27561454400953,-81.33784809912015
14.19,-0.3971806644349657,-3.2711914662784265,1.128037430136039,-18.926360829194962,-225.99116322600833,-101.85249283673014
14.2,-0.10874845638059497,-2.632708657993623,1.1216320013690342,-19.491815725545592,-236.2422683227573,-119.80280698213888
14.21,0.4791844756669794,-1.93607820074442,1.0187178761979048,-19.986588759852392,-245.21198528241263,-135.5093318593715
14.22,0.993625791208607,-1.3265265506513675,0.9286680166731667,-20.41951516487084,-253.06048762211105,-149.25254112695006
14.23,1.487869067307531,-0.9394609818199465,1.063880139589021,-20.798325769261986,-259.9279271693472,-161.2778492360813
14.24,1.9203319338940896,-0.6007786090924532,1.1821907471403934,-21.129785048104235,-265.9369367731788,-171.79999383157113
14.25,2.3045739421573286,-0.39369240795589655,1.3915552787478442,-21.419811917091206,-271.19482017653144,-181.00687035262473
14.26,2.6407856993876626,-0.2124919819614095,1.5747492439043635,-21.673585427454803,-275.79546815446497,-189.06288730854664
14.27,2.8247189869642044,-0.0561579842162333,1.561862713416318,-21.89563724902295,-279.8210351351569,-196.1119021449783
14.28,2.985660613593679,0.08063426381079587,1.5505869992392785,-22.08993259289508,-283.3434062432623,-202.279790126856
14.29,2.996384286894469,0.17748535583444638,1.4500597493343685,-22.259941018783195,-286.4254809628545,-207.676692110999
14.3,3.0057675010326603,0.2622300613551406,1.3620984056675725,-22.408698391435294,-289.1222963424977,-212.3989813471241
14.31,3.0511555634035776,0.321459928685748,1.217870729959126,-22.538861092505883,-291.48200979968544,-216.53098442873357
14.32,3.0908701179781306,0.37328606260002956,1.0916715137142354,-22.652753455942644,-293.5467590747248,-220.14648712514187
14.33,3.114182353230864,0.4495528047750259,0.934141699499956,-26.611159148949813,-285.44403969038416,-191.36380123449914
14.34,3.134580559077006,0.5162862041781476,0.7963031120624614,-30.074764130331086,-278.3541602290861,-166.17895108018675
14.35,3.0776773641923807,0.5649365536558791,0.6846969730546537,-33.1054184890397,-272.15051570045034,-144.1422071951634
14.36,3.027887068668333,0.6075056094488942,0.587041601422822,-35.75724105290974,-266.72232673789404,-124.86005629576798
14.37,2.9522920600847913,0.6307354082677824,0.4630660262449693,-38.07758579629603,-261.97266139565727,-107.98817425879697
14.38,2.8861464275741926,0.6510614822343096,0.3545873979643481,-40.10788744675902,-257.8167042212001,-93.22527747644735
14.39,2.8256304991274184,0.6492525469550209,0.2709847232188046,-41.88440139091414,-254.1802416935501,-80.30774279189143
14.4,2.772679061736491,0.6476697285856433,0.19783238281645404,-43.43885109204987,-250.9983369818563,-69.004899942905
14.41,2.63301667901943,0.5812888875124379,0.11247070996439729,-44.79899458054364,-248.2141703591243,-59.11491245004187
14.42,2.5108120941420013,0.5232056515733832,0.037779246218847616,-45.989120132975685,-245.77802456423376,-50.46117339378664
14.43,2.2739130823742513,0.39428932012671025,-0.014491659558508334,-47.03047999135372,-243.6463969937045,-42.88915171956331
14.44,2.06662644707747,0.28148753011087146,-0.06022870211369479,-47.941669867434506,-241.78122286949144,-36.263632754617895
14.45,1.8655505161927863,0.1476050888470125,-0.07397948934948294,-48.738961009005195,-240.149195510805,-30.466303660290656
14.46,1.689609076668688,0.030457952741135955,-0.08601142818079757,-49.43659075787954,-238.72117157195436,-25.393640702754322
14.47,1.636737442085102,-0.04799691635150603,-0.04200524965819788,-50.047016788144596,-237.4716506254601,-20.955060614910032
14.48,1.5904747618244641,-0.11664492680756777,-0.0034998434509231485,-50.58113956462652,-236.37831979727758,-17.071303038046278
14.49,1.541552666596406,-0.1979348109566218,0.08387538698044224,-50.5059972440482,-214.66665532261788,-4.9230154082904924
14.5,1.4987458332718553,-0.26906345958704403,0.16032871360788695,-50.44024771354218,-195.66894890729066,5.7067362677458195
14.51,1.3625988541128735,-0.3765310271386635,0.23114612440690108,-50.382716874349406,-179.04595579387933,15.007768984277593
14.52,1.2434702473487644,-0.4705651487463305,0.29311135885603845,-50.33237739005573,-164.5008368196444,23.146172611242896
14.53,1.058364466430169,-0.5713118801530392,0.2803175639990337,-50.28833034129877,-151.77385771718883,30.267275784837537
14.54,0.8963969081263978,-0.6594652701339094,0.2691229934991545,-50.24978917363642,-140.63775100254023,36.49824106173285
14.55,0.762525044610598,-0.7147416113671708,0.2698816193117602,-50.21606565193187,-130.8936576272227,41.95033567901624
14.56,0.6453871640342732,-0.7631084099462745,0.27054541689779016,-50.186557570440385,-122.36757592381987,46.720918469139214
14.57,0.585563268529989,-0.7460446087029902,0.2944133647855664,-50.160737999135335,-114.90725443334239,50.89517841049681
14.58,0.5332173599637403,-0.7311137826151164,0.3152978191873706,-50.13814587424342,-108.3794731291746,54.547655859184715
14.59,0.5895473149682728,-0.7409309347882268,0.3016838417889493,-50.11837776496299,-102.66766448802778,57.74357362678663
14.6,0.6388360255972387,-0.7495209429396984,0.28977161156533066,-50.10108066934262,-97.66983192702432,60.5400016734383
14.61,0.605173647397584,-0.7590620750722361,0.2085875351196643,-50.08594571067479,-93.29672843614628,62.986876214258515
14.62,0.575719066472886,-0.7674105656882065,0.13755146822970626,-50.07270262184045,-89.470262881628,65.1278914374762
14.63,0.5131745581637752,-0.7772929949771807,0.06786753470099297,-50.061114919110395,-86.1221055214245,67.00127975779166
14.64,0.4584481133933033,-0.7859401206050332,0.006894092863368846,-50.050975679221594,-83.19246783124645,68.6404945380677
14.65,0.3354158492191404,-0.7843156055294039,-0.01943966874455226,-48.331478719318895,-65.29465910234065,69.40980822080924
14.66,0.22776261806674786,-0.7828941548382284,-0.04248171015148323,-46.82691887940403,-49.634076464548066,70.08295769320809
14.67,0.06099879080840437,-0.8015916354834499,-0.052521371382547824,-45.51042901947853,-35.93106665647956,70.67196348155707
14.68,-0.0849195580426462,-0.8179519310480187,-0.06130607495972935,-44.358500392043716,-23.94093307441961,71.18734354636243
14.69,-0.22468311328731544,-0.8242783146670163,-0.07238706558976318,-43.350562843038254,-13.44956619011716,71.63830110306714
14.7,-0.346976224126401,-0.8298139003336392,-0.08208293239104279,-42.46861748765848,-4.269620166352515,72.03288896518374
14.71,-0.43635682111060087,-0.7990570377919343,-0.09447931584216245,-41.69691530170117,3.762832604441549,72.37815334453578
14.72,-0.5145648434717758,-0.7721447830679424,-0.10532615136189215,-41.021675888988526,10.791228778886355,72.68025967646881
14.73,-0.5829968630378037,-0.7485965601844496,-0.11481713244165563,-40.430841402864964,16.94107543152556,72.9446027169102
14.74,-0.6378721301580783,-0.7236929901613934,-0.09201474088644868,-39.91386122750684,22.322191252584865,73.17590287729642
14.75,-0.7386284888883186,-0.6778731163912193,-0.046219398275642594,-39.46150357406849,27.030667596011757,73.37829051763438
14.76,-0.8267903027772787,-0.6377807268423169,-0.006148473491187273,-39.06569062730993,31.150584396510286,73.55537970293008
14.77,-0.9281676399301189,-0.6500352609870272,0.09005021069521114,-38.719354298896185,34.7555115969465,73.71033274006382
14.78,-1.016872809938854,-0.6607579783636488,0.17422405935830976,-38.416310011534165,37.90982289732818,73.84591664755584
14.79,-1.1325533336964972,-0.7048962310681927,0.24914080193852103,-38.151146260092396,40.66984528516216,73.96455256661136
14.8,-1.2337737919844352,-0.7435172021846685,0.3146929516962059,-37.91912797758085,43.08486487451689,74.06835899578493
14.81,-1.3736219429863807,-0.739753551911585,0.3134472077341802,-37.52798685538325,53.30925626520228,73.76981424631182
14.82,-1.495989075113083,-0.7364603579226369,0.31235718176740773,-37.185738373460346,62.25559873205199,73.50858759052284
14.83,-1.6007494407239475,-0.6661835631823073,0.2697876590464818,-36.8862709517778,70.08364839054549,73.28001426670747
14.84,-1.6924147606334539,-0.6046913677845189,0.23253932666567154,-36.62423695780558,76.93319184172731,73.08001260836903
14.85,-1.7796319155542721,-0.566880321811454,0.2200450358324626,-36.394957213079884,82.9265423615114,72.9050111573229
14.86,-1.8559469261099881,-0.5337956565850221,0.20911253135340477,-36.1943374364449,88.17072406632248,72.75188488765754
14.87,-1.9431744353462397,-0.5454149495118944,0.24100346493422917,-36.018795131889284,92.75938305803217,72.61789940170036
14.88,-2.0194985059279595,-0.5555818308229076,0.2689080318174505,-35.865195615403124,96.77445967577815,72.50066210148782
14.89,-2.0617028176869647,-0.5555128519700442,0.26543802784026915,-35.730796038477735,100.28765171630587,72.39807946380185
14.9,-2.0986315904760944,-0.5554524954737887,0.2624017743602355,-35.61319640866802,103.36169475176764,72.30831965582661
14.91,-2.0849446416665827,-0.5343413085395651,0.263532552565206,-35.510296732584514,106.05148240779668,72.22977982384828
14.92,-2.07296856145826,-0.5158690199721194,0.26452198349455525,-35.42025951601145,108.4050466068221,72.16105747086723
14.93,-2.027365741275977,-0.5158990174756045,0.27919161055773584,-35.34147695151002,110.46441528096933,72.10092541200882
14.94,-1.98746327361648,-0.5159252652911539,0.29202753423801886,-35.27254220757127,112.26636287084817,72.04830986050771
14.95,-2.00537361441442,-0.5013696071297596,0.2973033424582665,-35.21222430662486,113.84306701199215,72.00227125294424
14.96,-2.021045162612617,-0.4886334062385397,0.3019196746509832,-35.159446143296755,115.22268313549313,71.96198747132621
14.97,-1.9668845172860399,-0.4217729804587222,0.3385439653196103,-29.040765375384662,124.13859849355649,71.95298928741043
14.98,-1.9194939526252848,-0.3632701079013819,0.370590219654659,-23.68691970346158,131.94002443186193,71.94511587648412
14.99,-1.791646208547124,-0.25577546941370916,0.39477119219782664,-19.002304740528885,138.76627212787918,71.9382266419236
15.0,-1.6797794324787336,-0.1617176607369955,0.4159295431730983,-14.903266647962777,144.73923886189428,71.93219856168315
15.01,-1.631304253418892,-0.08297570314487107,0.41890560027646107,-11.316608316967429,149.9655847541575,71.92692399147276
15.02,-1.5888884717415306,-0.014076490251762191,0.42150965024190346,-8.1782822773465,154.5386374098878,71.92230874253866
15.03,-1.5517746627738394,0.04621032102970808,0.42378819396166556,-5.432246992678189,158.54005848365182,71.91827039972132
15.04,-1.5834869549271096,0.12819665590099458,0.4090424197164574,-3.0294661185934153,162.04130192319533,71.91473684975615
15.05,-1.7415933355612208,0.29993744891337026,0.3293574922519002,-0.9270328537692385,165.1048899327959,71.91164499353664
15.06,-1.879936418616068,0.450210642799199,0.2596331807204127,0.9125962529519163,167.78552944119642,71.90893961934457
15.07,-2.0039984912890594,0.6834891874492991,0.20649015813036112,2.5222717213329267,170.13108901104687,71.9065724169265
15.08,-2.112552804877927,0.8876079140181367,0.15999001336406599,3.9307377561663106,172.183453634666,71.90450111481069
15.09,-2.149852829268186,1.0475656747658695,0.08537238669355775,5.163145536645522,173.97927268033274,71.90268872545936
15.1,-2.182490350609663,1.1875287154201357,0.020081963356863033,6.241502344564831,175.55061434529114,71.90110288477693
15.11,-2.242232806783455,1.3388935009926186,-0.13553840706274486,7.185064551494228,176.92553830212972,71.89971527417981
15.12,-2.2945074559355234,1.4713376883685414,-0.2717062311799018,8.010681482557448,178.1285967643635,71.89850111490733
15.13,-2.3402477739435827,1.5872263523224737,-0.39085307728241403,20.020596297237766,198.23002166881807,76.57868897554391
15.14,-2.645356677200635,1.6779883082821643,-0.5389443176221123,30.529271760083045,215.8187684602158,80.67385335360093
15.15,-3.067174592550556,1.6864038947468938,-0.6219519029193482,39.72436279007266,231.20892190268884,84.25712218440081
15.16,-3.436265268481736,1.693767532903532,-0.6945835400544297,47.770067441313586,244.67530616485274,87.39248241135071
15.17,-3.586934859921519,1.6881813412905904,-0.707470972547626,54.81005901114939,256.4583923942461,90.13592260993188
15.18,-3.718770752431329,1.6832934236292665,-0.7187474759791728,60.97005163475572,266.7685928449653,92.5364327836904
15.19,-3.622558033377413,1.6349164956756082,-0.6909552914817761,66.36004518041126,275.79001823934465,94.6368791857291
15.2,-3.5383719042052366,1.5925866837161573,-0.6666371300465541,71.07628953285986,283.6837654594266,96.47476978751297
15.21,-3.386672666179582,1.4661590982516377,-0.5702203637907348,75.20300334125238,290.5907942769983,98.08292406407385
15.22,-3.253935832907134,1.355534960970183,-0.485855693316893,78.81387792359584,296.6344444923735,99.49005905606462
15.23,-3.137791103793742,1.2587388408489102,-0.41203660665228137,81.97339318314637,301.92263843082685,100.72130217405655
15.24,-3.036164465819524,1.1740422357427964,-0.3474449058207462,84.73796903525307,306.5498081269735,101.79863990229948
15.25,-2.9472411575920834,1.0999327062749469,-0.29092716759315296,87.15697290584644,310.59858161110185,102.74131041451206
15.26,-2.869433262893073,1.0350868679905785,-0.24147414664400882,89.27360129261564,314.1412584097141,103.56614711269805
15.27,-2.801351355031439,0.9783467594917561,-0.1982027533135077,91.12565113103868,317.24110060849983,104.2878792236108
15.28,-2.7417796856525087,0.9286991645552866,-0.16034028414931922,92.74619473965885,319.95346253243736,104.91939482065945
15.29,-2.689654474945945,0.8852575189858757,-0.1272106236306543,84.80604539720149,284.5005299658827,124.166347343077
15.3,-2.6440449155777013,0.8472460791126412,-0.09822217067682251,77.8584147225513,253.47921397014736,141.0074308001924
15.31,-2.6041365511304884,0.813986069223561,-0.0728572743422197,71.7792378822324,226.33556247387892,155.74337882516835
15.32,-2.5692167322391772,0.7848835605706158,-0.05066299004944224,66.45995814695334,202.58486741464404,168.63733334702232
15.33,-2.53866189070928,0.7594188654992888,-0.03124299129326196,61.805588378584176,181.8030092378135,179.91954355364453
15.34,-2.51192640437062,0.7371372573118777,-0.014250492381604215,57.73301483126116,163.6188833330868,189.79147748443899
15.35,-2.4885328538242923,0.717640850147893,0.0006179441660963108,54.16951297735352,147.70777316645095,198.42941967388413
15.36,-2.4680634970962556,0.7005814938794064,0.013627826145334272,51.05144885518433,133.78555177064456,205.9876190896486
15.37,-2.1557256849592235,1.7504315571444806,0.22949247287716748,48.323142748286294,121.60360804931399,212.60104357844253
15.38,-1.8824300993393204,2.6690503625014204,0.41837403876752155,45.93587490475051,110.94440729314975,218.3877900061372
15.39,-1.6432964619219053,3.472841817188743,0.5836454089215813,43.8470155416567,101.61760663150604,223.45119313037006
15.4,-1.434054529181667,4.17615934004015,0.7282578578063836,42.01926359894962,93.45665605256778,227.8816708640738
15.41,-1.2509678380339586,4.791562172535131,0.8547937505805857,40.41998064908092,86.31582429599682,231.7583388810646
15.42,-1.0907669832797138,5.3300396509682395,0.9655126567580125,39.02060806794581,80.06759650899723,235.1504233959315
15.43,-0.9505912353697495,5.8012074445972095,1.062391699663261,37.79615705945258,74.60039719537258,238.11849734644008
15.44,-0.8279374559485309,6.213479264022558,1.1471608622053533,36.72476242702101,69.81659779595101,240.71556205313507
15.45,-0.7206153989549645,6.574217106019738,1.2213338794296842,27.48354212364339,48.90077307145714,221.7211170464932
15.46,-0.626708599085594,6.88986271776727,1.2862352695009736,19.397474358187964,30.599426437524997,205.10097766568154
15.47,-0.5445401491998947,7.166052628046361,1.343023985813352,12.322165063414468,14.585748132834373,190.55835570747135
15.48,-0.47264275554990787,7.407718799540566,1.3927141125866829,6.131269430487659,0.5737796162300768,177.83356149403744
15.49,-0.4097325361061694,7.619176699597995,1.4361929735133474,0.7142357516767017,-11.686692835798684,166.69936655728276
15.5,-0.35468609409289825,7.804202362148246,1.4742369768241792,-4.025668717282886,-22.41460623132385,156.95694598762242
15.51,-0.30652045733128597,7.966099816879715,1.5075254797211568,-8.173085127622524,-31.80153045240837,148.4323279891696
15.52,-0.2643755251648752,8.107760089769751,1.5366529197560124,-11.802074486669708,-40.015089145857324,140.9732872405234
15.53,0.9738640404807342,7.659942078548532,1.084796429786511,-14.977440175835994,-47.20195300262516,134.44662658545798
15.54,2.0573236604206424,7.268101318729966,0.6894220010631971,-17.755885153856497,-53.490458877297016,128.73579851227572
15.55,3.005350827868062,6.92524065388872,0.3434693759302974,-20.187024509624436,-58.99290151763489,123.73882394824125
15.56,3.834874599384554,6.6252375721526295,0.04076082893901023,-22.314271445921378,-63.80753882793053,119.36647120471109
15.57,4.560707899461485,6.362734875633551,-0.22410914967836607,-24.175612515181207,-68.02034647443921,115.5406625541222
15.58,5.1958120370288,6.1330450161793575,-0.45587038096857035,-25.80428595078356,-71.70655316513431,112.19307998485692
15.59,5.7515281574002,5.932066389156938,-0.658661458347499,-27.229375206935615,-74.93198401949252,109.2639452367498
15.6,6.237779762725175,5.756210090512321,-0.8361036510540616,-28.47632830606866,-77.75423601705594,106.70095233215608
15.61,6.663249917384528,5.602335829198281,-0.9913655696723038,-19.701787142810076,-89.40683188992395,69.25708216563658
15.62,7.035536302711462,5.467695850548496,-1.1272197484632658,-12.024063624958817,-99.60285327868345,36.493695769932
15.63,7.361286889872529,5.349885869229934,-1.2460921549053576,-5.306055546838965,-108.52437199384802,7.825732673690503
15.64,7.646318653638463,5.246802135576192,-1.350105510542188,0.5722015215159058,-116.33070086961702,-17.25873503552081
15.65,7.895721446933656,5.156603868629168,-1.4411171967244145,5.715676456326418,-123.1612386359149,-39.20764428108071
15.66,8.113948891066949,5.077680385050522,-1.5207524221338626,10.216217024285616,-129.13795918142554,-58.41293987094562
15.67,8.30489790468358,5.008622336919207,-1.5904332443671299,14.154190021249914,-134.36758965874733,-75.21757351207742
15.68,8.471978291598132,4.948196544804306,-1.6514039638212386,17.599916393593674,-138.9435163264039,-89.92162794806774
15.69,7.079956630148366,2.848875726703768,-1.9427362183435837,20.614926969394464,-142.9474521606034,-102.78767557955928
15.7,5.86193767637982,1.011970010865797,-2.1976519410506357,23.253061223220154,-146.45089601552797,-114.04546725711437
15.71,4.796171091832343,-0.5953224904924277,-2.4207031984193064,25.561428695317634,-149.51640938858696,-123.89603497497507
15.72,3.8636253303533,-2.0017034291808744,-2.615873048616893,27.58125023340293,-152.1987335900136,-132.5152817281032
15.73,3.0476477890591376,-3.232286750533265,-2.786646667539781,29.348594079227563,-154.54576726626192,-140.0571226370903
15.74,2.3336674404267455,-4.309047156716607,-2.9360735840973082,30.89501994432412,-156.59942173297918,-146.656233432454
15.75,1.7089346353734025,-5.251212512127031,-3.0668221360851446,32.248142576283605,-158.39636939135679,-152.43045537839726
15.76,1.1622934309517272,-6.075607198111152,-3.1812271190745016,33.43212487924816,-159.9686985924372,-157.4828995810976
15.77,0.6839823770827613,-6.796952548347258,-3.2813314791901886,28.557484269342137,-179.88136214338255,-156.2862871334604
15.78,0.2654602049474161,-7.428129729803851,-3.368922794291415,24.29217373567437,-197.30494275045973,-155.23925124177785
15.79,-0.10074669567101088,-7.98040976357837,-3.445565195004988,20.560027018715076,-212.55057578165227,-154.32309483655564
15.8,-0.4211777337121345,-8.463654793131074,-3.5126272956293643,17.294398641375693,-225.89050468394575,-153.5214579819862
15.81,-0.7015548919981176,-8.88649419398969,-3.5713066336756936,14.436973811203732,-237.56294247345255,-152.82002573423793
15.82,-0.9468849054983528,-9.256478669740979,-3.622651054466232,11.936727084803266,-247.776325539271,-152.2062725174582
15.83,-1.1615486673110587,-9.580215086023358,-3.6675774226579527,9.749011199202858,-256.7130357218621,-151.66923845277591
15.84,-1.3493794588971761,-9.863484450270438,-3.7068879948257085,7.8347597993025015,-264.5326571316294,-151.19933364617893
15.85,0.0892327234649708,-8.738274018986633,-2.628506995472495,6.159789824389689,-271.3748258651757,-150.78816694040657
15.86,1.3480183830318495,-7.7537148916133045,-1.684923621038433,4.694191096340978,-277.3617235070287,-150.42839607285575
15.87,2.449455835152868,-6.892225655161641,-0.859288168408629,3.4117922092983552,-282.60025894365015,-150.11359656374879
15.88,3.4132136057587594,-6.138422573266436,-0.1368571473575504,2.2896931831360607,-287.1839774506939,-149.8381469932802
15.89,4.256501655038915,-5.4788448766081315,0.4952699960621434,1.3078565352440532,-291.19473114435715,-149.59712861912018
15.9,4.994378698159051,-4.901714392032115,1.0483812465543756,0.44874946833854656,-294.7041406263125,-149.38623754173017
15.91,5.640021110889169,-4.3967252180281005,1.5323535907350787,-0.3029692152037718,-297.77487392302345,-149.2017078490139
15.92,6.204958222028023,-3.9548596907745877,1.955829391893194,-0.9607230633033004,-300.46176555764555,-149.04024436788717
15.93,6.69927819427452,-3.5682273544277643,2.3263707179065447,-6.239382805390388,-281.69029573793983,-124.95458869690127
15.94,7.1318081699902045,-3.2299240601242936,2.6505943781682264,-10.858210079716589,-265.26525964569737,-103.87963998478861
15.95,7.510271898741428,-2.933908677608757,2.934290080897198,-14.899683944752017,-250.8933530649852,-85.43905986169004
15.96,7.8414276613987495,-2.6748952179076624,3.182523820785048,-18.435973576658014,-238.31793480686207,-69.3035522539788
15.97,8.131188953723907,-2.4482584406692047,3.399728343186917,-21.530227004575764,-227.31444383100433,-55.184983097231445
15.98,8.38473008450842,-2.2499512605855543,3.5897823002885523,-24.237698754003794,-217.68638922712879,-42.831235085077516
15.99,8.606578573944867,-2.07643247801236,3.7560795127524833,-26.60673653475332,-209.2618414487377,-32.02170557444283
16.0,8.800696002201759,-1.9246035432608148,3.901589573658423,-28.679644592909156,-201.8903621426455,-22.563367252637473
16.01,8.877690501926539,-1.723281850353213,3.67941537695112,-30.493439143795513,-195.44031774981482,-14.287321221057788
16.02,8.945060689185722,-1.5471253690590614,3.4850129548322304,-32.08050937582107,-189.79652890608799,-7.045780943425563
16.03,9.004009603037506,-1.3929884479266788,3.314910835478202,-33.46919582884344,-184.858213667827,-0.7094332004973678
16.04,9.055589902657818,-1.2581186419358439,3.166071481043427,-34.68429647523801,-180.53718783434863,4.834871074564803
16.05,9.100722664825591,-1.1401075616938634,3.0358370459129986,-35.747509540833256,-176.75629023005507,9.686137315244203
16.06,9.140213831722392,-1.0368478664821306,2.921881915173874,-36.6778209732291,-173.4480048262982,13.93099527583868
16.07,9.174768602757092,-0.9464956331718642,2.82217117577714,-37.49184347657546,-170.55325509801094,17.645245991358845
16.08,9.205004027412455,-0.8674374290253812,2.7349242788049977,-38.20411316700353,-168.02034908575956,20.89521536743899
16.09,9.231460023985898,-0.7982615003972086,2.6585832439543733,-38.75297389612808,-158.27030557503963,23.139563446509115
16.1,9.25460902098766,-0.7377325628475575,2.5917848384600766,-39.233227034112076,-149.7390175031597,25.103368015695477
16.11,9.274864393364203,-0.6847697424916128,2.5333362336525673,-39.65344852984806,-142.27414044026474,26.82169701373354
16.12,9.292587844193678,-0.6384272746801612,2.4821937044459967,-40.021142338617054,-135.74237301023166,28.325234887016848
16.13,9.308095863669468,-0.5978776153451411,2.4374439913902473,-40.34287442128992,-130.02707650895272,29.64083052613974
16.14,9.321665380710785,-0.5623966634269985,2.3982879924664666,-40.62438999362868,-125.02619207033362,30.79197671037227
16.15,9.333538708121937,-0.5313508304986236,2.3640264934081583,-40.8707161194251,-120.65041818654191,31.799229621575737
16.16,9.343927869606695,-0.5041857266862957,2.3340476817321387,-41.086251479496966,-116.82161603822418,32.68057591887877
16.17,9.102758010905859,-0.5223648858505088,1.9985317215156215,-41.27484491955984,-113.47141415844615,33.45175392901893
16.18,8.891734384542627,-0.5382716501191951,1.7049552563261687,-41.43986417961486,-110.53998751364038,34.126534687891564
16.19,8.707088711474798,-0.5521900688542958,1.4480758492853976,-41.584256032163,-107.97498919943533,34.71696785190512
16.2,8.545523747540448,-0.5643686852475087,1.223306368124723,-41.710598903142625,-105.73061567450591,35.23359687041698
16.21,8.404154404097891,-0.5750249745915701,1.0266330721091326,-41.82114891524979,-103.76678884019267,35.68564726161486
16.22,8.280456228585654,-0.5843492277676239,0.854543938095491,-41.917880175843564,-102.04844036016858,36.081191353913006
16.23,8.172220325012447,-0.5925079492966709,0.7039659458335547,-42.00252002886312,-100.54488544014751,36.42729243467388
16.24,8.07751390938589,-0.599646830634587,0.5722102026043603,-42.076579900255226,-99.22927488512907,36.730130880339644
16.25,7.994645795712654,-0.6058933518052636,0.45692392727881526,-42.41263266272332,-86.13436552448795,37.34511477029719
16.26,7.922136196248572,-0.6113590578296055,0.35604843636896333,-42.706678829882904,-74.67631983392695,37.883225674010035
16.27,7.8586902967175005,-0.6161415506009049,0.26778238182284286,-42.96396922614754,-64.65052985468608,38.354072714758786
16.28,7.803175134627813,-0.6203262317757918,0.1905495840949875,-43.1890983228791,-55.87796362285033,38.766063875413934
16.29,7.754599367799337,-0.6239878278038178,0.12297088608311407,-43.38608628251921,-48.201968169994046,39.12655614098719
16.3,7.7120955718244195,-0.6271917243283405,0.06383952532272483,-43.558450747204304,-41.48547214874479,39.44198687336379
16.31,7.674904750346367,-0.629995133787298,0.01209958465738422,-43.709269653803766,-35.60853813015169,39.71798876419331
16.32,7.6423627815530715,-0.6324481170638858,-0.03317286342478881,-43.841236197078295,-30.466220863882732,39.95949041866915
16.33,7.163007433858937,-0.8553799774309001,-0.05613338049669021,-43.95670692244351,-25.96669325589739,40.1708043663355
16.34,6.743571504626569,-1.0504453552520376,-0.07622383293460394,-44.05774380713807,-22.029606598910217,40.35570407054357
16.35,6.376565066548247,-1.221127560845533,-0.09380297881777845,-44.146151081245804,-18.58465577404644,40.51749131172562
16.36,6.055434433229716,-1.3704744907398414,-0.10918473146555614,-44.223507446090075,-15.570323802290634,40.659055147759915
16.37,5.7744451290760015,-1.5011530543973612,-0.12264376503236162,-44.29119426532881,-12.932783327004305,40.782923504289926
16.38,5.528579487941501,-1.615496797597691,-0.13442041940331642,-44.350420232162705,-10.624935411128767,40.891308316253685
16.39,5.313447051948813,-1.7155475728979797,-0.14472499197790187,-44.40224295314236,-8.60556848473767,40.98614502672197
16.4,5.125206170455211,-1.8030920012857323,-0.15374149298066414,-44.44758783399956,-6.838622424145461,41.069127148381725
16.41,4.960495399148309,-1.8796933761250159,-0.16163093135808113,-43.27976435474962,-3.2800446211272782,44.30048637983401
16.42,4.81637347425477,-1.946719579109389,-0.168534189938321,-42.25791881040592,-0.16628904348636864,47.12792570735476
16.43,4.690266789972924,-2.0053675067207153,-0.17457454119603089,-41.363803959105184,2.5582470869494274,49.60193511893542
16.44,4.579923441226308,-2.056684443380626,-0.17985984854652703,-40.581453464217034,4.942216201080749,51.766693354068494
16.45,4.483373011073019,-2.101586762958048,-0.18448449247821117,-39.89689678118991,7.028189175945656,53.660856809809935
16.46,4.398891384688891,-2.140876292588292,-0.18853105591843478,-39.29790968354117,8.853415528952448,55.31824983358369
16.47,4.32496996160278,-2.1752546310147554,-0.19207179892863044,-38.77379597309853,10.450488587833393,56.76846872938573
16.48,4.260288716402433,-2.205335677137911,-0.19516994906255164,-38.31519647646122,11.847927514354218,58.037410263212514
16.49,3.7105882518521285,-2.3884130924956724,-0.2310060804297327,-37.91392191690357,13.070686575059941,59.14773410531095
16.5,3.229600345370612,-2.548605830933713,-0.2623626953760161,-37.562806677290624,14.140600753177448,60.11926746714708
16.51,2.8087359271992853,-2.688774477066999,-0.28979973345401405,-37.2555808426293,15.076775659030266,60.9693591587537
16.52,2.4404795612993744,-2.811422042433624,-0.3138071417722623,-36.98675823730064,15.895928701651483,61.713189388909484
16.53,2.1182552411369526,-2.918738662129421,-0.33481362405072956,-36.75153845763806,16.61268761394505,62.3640408402958
16.54,1.8363089609948335,-3.0126407043632435,-0.35319429604438835,-36.54572115043331,17.239851662201918,62.93353586025883
16.55,1.5896059658704795,-3.0948049913178384,-0.3692773840388398,-36.365631006629144,17.788620204426678,63.43184400272648
16.56,1.3737408451366697,-3.166698742403109,-0.38335008603398485,-36.2080521308005,18.268792678873343,63.86786362738567
16.57,1.184858864494586,-3.22960577460272,-0.39566370027973674,-33.69454573945044,31.778943969014176,66.40188079896247
16.58,1.019587131432763,-3.2846494277773797,-0.40643811274476965,-31.495227647019135,43.6003263478874,68.61914582409216
16.59,0.8749743650036675,-3.332812624305207,-0.41586572365167346,-29.570824316141742,53.94403592940148,70.55925272108064
16.6,0.7484381943782091,-3.3749554212670567,-0.4241148831952143,-27.886971401624024,62.9947818132263,72.25684625594556
16.61,0.637719045080933,-3.4118303686086744,-0.4313328977958125,-26.41360010142102,70.91418446157302,73.74224059895236
16.62,0.5408397894458163,-3.44409594753259,-0.43764866057133595,-25.124400213743392,77.84366177887638,75.04196064908332
16.63,0.4560704407650893,-3.4723283290910167,-0.44317495299991894,-23.996350312025466,83.90695443151684,76.1792156929479
16.64,0.3818972606694531,-3.4970316629546394,-0.4480104588749291,-23.00930664802228,89.21233550257723,77.17431385632942
16.65,-0.13303314691422852,-3.0229963300853093,-0.22184377651556292,-22.145643442019495,93.85454393975508,78.04502474928825
16.66,-0.58359725354995,-2.6082154138246456,-0.02394792945111754,-21.389938136767057,97.91647632228569,78.80689678062721
16.67,-0.9778408468562062,-2.245282112096565,0.14921093673027216,-20.728695994671174,101.47066715699998,79.47353480804881
16.68,-1.3228039909991804,-1.9277154730844943,0.30072494463898813,-20.150109120337277,104.58058413737498,80.0568430820427
16.69,-1.624646742124283,-1.6498446639489326,0.4332997015591146,-19.643845605295116,107.30176149520311,80.56723782178736
16.7,-1.8887591493587477,-1.406707705955316,0.5493026138642253,-19.200865029633224,109.68279168330272,81.01383321906394
16.71,-2.119857505688904,-1.1939628677109013,0.6508051621311972,-18.81325702592907,111.76619309788988,81.40460419168095
16.72,-2.3220685674777912,-1.0078111342470386,0.7396198918647976,-18.474100022687935,113.58916933565365,81.74652879272082
16.73,-2.499003246543067,-0.8449283674661587,0.8173327803816979,-1.1935870198519432,142.24364916869695,80.91696256863072
16.74,-2.6538210907251836,-0.7024059465328889,0.8853315578339858,13.92686185762955,167.31631902260983,80.19109212255188
16.75,-2.7892867043845353,-0.5776988282162777,0.9448304881047376,27.157254625425857,189.2549051447836,79.55595548223289
16.76,-2.9078191163364684,-0.468580099689243,0.9968920520916453,38.733848297247626,208.45116800168566,79.00021092195378
16.77,-3.01153497679441,-0.3731012122280877,1.0424459205801897,48.86336776009168,225.24789800147497,78.51393443170956
16.78,-3.102286354695109,-0.2895571856995767,1.082305555507666,57.72669729008021,239.9450367512906,78.08844250274586
16.79,-3.1816938103582206,-0.21645616248712962,1.1171827360692077,65.48211062882018,252.80503315737926,77.71613706490263
16.8,-3.2511753340634435,-0.15249276717623844,1.1477002690605567,72.26809730021766,264.0575300127068,77.3903698067898
16.81,-4.0696716673055136,0.43431045372079136,1.135820985427987,78.20583563769046,273.90346476111847,77.10532345594109
16.82,-4.785855958892324,0.9477632720056924,1.1254266122494887,83.40135668297914,282.5186576659787,76.85590789894846
16.83,-5.412517214030784,1.397034488004981,1.1163315357183026,87.94743759760675,290.0569514577314,76.63766928657991
16.84,-5.960845812276935,1.7901468020043585,1.1083733437535148,91.9252583979059,296.6529585255149,76.44671050075742
16.85,-6.440633335742318,2.1341200767538138,1.1014099257843255,95.40585159816766,302.42446470982554,76.27962156316275
16.86,-6.860447418774529,2.435096692159587,1.0953169350612848,98.4513706483967,307.4745326210973,76.1334187427674
16.87,-7.227784741427713,2.698451230639639,1.0899855681786241,101.11619981734711,311.89334204346017,76.00549127492148
16.88,-7.549204898749249,2.928886451809684,1.085320622156296,103.44792534017871,315.7598002880277,75.8935547405563
16.89,-7.830447536405592,3.1305172703334736,1.0812387943867592,108.81755917265637,304.55232500202425,95.63623489798675
16.9,-8.076534844354892,3.3069442365417894,1.0776671950884142,113.51598877607432,294.74578412677124,112.91108003573842
16.91,-8.29186123881053,3.461317831974066,1.0745420457023624,117.62711467906503,286.1650608609248,128.02656953127112
16.92,-8.480271833959215,3.596394727977308,1.0718075399895672,121.2243498441819,278.65692800330925,141.25262283986223
16.93,-8.645131104714313,3.7145870119801443,1.0694148474908713,124.37193061365916,272.0873117528956,152.82541948487946
16.94,-8.789382966625023,3.8180052604826265,1.0673212415545124,127.12606378695176,266.3388975337836,162.95161654926954
16.95,-8.915603345796896,3.9084962279222983,1.0654893363601983,129.53593031358278,261.30903509206064,171.81203898061085
16.96,-9.026046177572283,3.987675824432011,1.0638864193151736,131.64456352438495,256.9079054555531,179.5649086080345
16.97,-8.267662530375748,4.972676846378009,1.0040849919007768,133.48961758383683,253.05691702360892,186.3486695320302
16.98,-7.60407683907878,5.834552740580758,0.9517587429131796,135.10403988585722,249.68730214565778,192.2844603405264
16.99,-7.023439359193932,6.588694148008162,0.9059732750490321,136.51665940012506,246.73888912745056,197.4782772979606
17.0,-6.515381564294691,7.248567879507142,0.8659109906679031,137.75270147510943,244.15902773651922,202.02286713571553
17.01,-6.070830993757854,7.82595739456875,0.8308564918344152,138.83423829072075,241.9016490194543,205.99938324375108
17.02,-5.681849244538122,8.331173220247656,0.8001838053551132,139.78058300438065,239.92644264202252,209.4788348382822
17.03,-5.341490213970856,8.7732370677167,0.7733452046857241,140.60863462883307,238.1981370617697,212.52335498349694
17.04,-5.043676062224499,9.160042934252113,0.7498614291000085,141.33317980022895,236.68586967904847,215.18731011055982
17.05,-4.783088679446436,9.498498067470598,0.7293131254625075,117.02528245020034,199.4263859691674,202.39827172173986
17.06,-4.555074719515631,9.794646309036773,0.711333359779694,95.75587226892529,166.82433772302147,191.2078631315224
17.07,-4.355562504576177,10.053776020407176,0.6956010648072323,77.14513836030963,138.29754550764378,181.41625561508212
17.08,-4.180989316504155,10.280514517856279,0.6818353067063282,60.86074619027093,113.3366023191883,172.84859903819688
17.09,-4.028237776941135,10.478910703124244,0.6697902683680371,46.61190304148707,91.49577702928977,165.35189953342228
17.1,-3.8945801798234934,10.652507365233713,0.6592508598220325,34.14416528630119,72.38505490062855,158.7922874667445
17.11,-3.777629782345557,10.804404444579498,0.6500288773442784,23.23489475051354,55.663173038049976,153.05262690840146
17.12,-3.6752981845523625,10.93731438900706,0.6419596426762436,13.689283031699347,41.03152640829373,148.0304239198513
17.13,-2.6496315364833176,10.168423840381179,0.003515812341713165,5.336872777736929,28.22883560725701,143.6359963048699
17.14,-1.7521732194229027,9.495644610333532,-0.555122539201001,-1.9714861944801871,17.026481156349888,139.79087214176118
17.15,-0.96689719199504,8.906962784041841,-1.043931096800876,-8.366300295170163,7.224421011806152,136.42638849904105
17.16,-0.27978066799566004,8.391866186036612,-1.4716385847007665,-13.961762633273892,-1.3523816146696168,133.48246531166092
17.17,0.32144629050379747,7.941156662782036,-1.8458826366131706,-18.857792179114654,-8.857083912835915,130.90653252270332
17.18,0.8475198791908227,7.546785829934281,-2.173346182036524,-23.14181803172532,-15.423698423731425,128.6525913323654
17.19,1.3078342692919698,7.201711351192496,-2.4598767842819584,-26.890340652759654,-21.169486120764997,126.68039279081972
17.2,1.7106093606304735,6.899771182293434,-2.7105910612467135,-30.1702979461647,-26.197050355669376,124.95471906696726
17.21,2.0630375655516646,6.635573534506754,-2.9299660535908743,-30.37151057789411,-53.8099210612107,93.91350355859635
17.22,2.371412244857707,6.40440059269341,-3.121919171892015,-30.547571630657348,-77.97118292855936,66.7524399887718
17.23,2.641240089250493,6.202124268606734,-3.2898781504055132,-30.70162505182518,-99.11228706248944,42.98650936517532
17.24,2.877339453094181,6.025132485030892,-3.436842256604824,-30.836421795347032,-117.61075317967826,22.19132006952841
17.25,3.083926396457408,5.87026467440203,-3.565435849529221,-30.954368945928653,-133.79691103221847,3.9955294358373568
17.26,3.264689971900232,5.734755340101776,-3.6779552433380682,-31.057572702687573,-147.95979915319117,-11.925787368642313
17.27,3.4228581004127028,5.616184672589053,-3.7764097129208096,-31.147875989851627,-160.3523262590423,-25.856939572562023
17.28,3.5612552128611146,5.512435338515421,-3.8625573738057084,-31.226891366120174,-171.19578747666202,-38.04669775099177
17.29,2.7773393112534754,2.445956546200993,-3.315852952079995,-31.29602982035515,-180.6838160420793,-48.712736157117796
17.3,2.091412897346791,-0.2372123970741309,-2.8374865830699956,-31.356525967810757,-188.98584103681938,-58.04551976247807
17.31,1.4912272851784423,-2.5849852224398644,-2.418916010186246,-31.40946009683441,-196.25011290721696,-66.21170541716832
17.32,0.9660648745311369,-4.639286444634881,-2.0526667589129652,-31.45577745973011,-202.60635079381484,-73.35711786502227
17.33,0.5065477652147448,-6.436800014055521,-1.7321986640488447,-31.496305152263847,-208.168058944588,-79.60935375689449
17.34,0.10447029456290169,-8.009624387298581,-1.4517890810427392,-31.531766883230866,-213.03455357651453,-85.08006016228268
17.35,-0.247347492257461,-9.385845713886258,-1.206430695912397,-31.56279589782701,-217.29273637945022,-89.86692826699733
17.36,-0.5551880557252784,-10.590039374650477,-0.9917421089233472,-31.589946285598632,-221.01864633201896,-94.05543785862267
17.37,-0.8245485487596186,-11.643708827819168,-0.8038895953079288,-32.5193279998988,-203.29194029051658,-83.55413312629483
17.38,-1.0602389801646663,-12.565669599341772,-0.6395186458944376,-33.33253699991145,-187.781072504202,-74.36549148550797
17.39,-1.2664681076440831,-13.372385274424051,-0.495694065157633,-34.044094874922514,-174.20906319117674,-66.32543004981947
17.4,-1.4469185941885727,-14.078261490121045,-0.3698475570129289,-34.6667080155572,-162.33355504227964,-59.29037629359204
17.41,-1.6048127699150012,-14.695903178855914,-0.2597318623863128,-35.21149451361255,-151.94248541199468,-53.13470425689304
17.42,-1.742970173675626,-15.236339656498926,-0.16338062958802368,-35.68818269941098,-142.85029948549533,-47.74849122478141
17.43,-1.8638579019661727,-15.70922157443656,-0.07907330088952073,-36.10528486198461,-134.8946367998084,-43.03555482168374
17.44,-1.9696346642204012,-16.12299325263199,-0.005304388278330643,-36.47024925423653,-127.93343194983237,-38.911735468973276
17.45,-1.3621288311928512,-14.38748684605299,0.6378341602564607,-36.78959309745696,-121.84237770610333,-35.30339353535162
17.46,-0.8305612272937448,-12.868918740296365,1.200580390224403,-37.06901896027483,-116.51270524284043,-32.146094343432665
17.47,-0.3654395738820267,-11.540171647759319,1.6929833414463527,-37.313516590240475,-111.84924183748538,-29.383457550503582
17.48,0.041541872853226636,-10.377517941789403,2.123835923765559,-37.527452016460416,-107.76871135779972,-26.966150356690633
17.49,0.3976506387465733,-9.360195949065726,2.5008319332948643,-37.71464551440286,-104.19824718807476,-24.851006562104303
17.5,0.7092458089032516,-8.47003920543251,2.8307034416330064,-37.878439825102504,-101.07409103956542,-23.00025574184126
17.51,0.9818915827903452,-7.691152054753446,3.1193410114288804,-38.021759846964684,-98.34045440961974,-21.3808487741111
17.52,1.220456634941552,-7.0096257979092655,3.3718988850002702,-38.147164866094094,-95.94852235841728,-19.963867677347213
17.53,1.429201055573858,-6.4132903231706075,3.592887024375236,-27.98439425783233,-92.75308256361512,-0.8652598426788103
17.54,1.6118524236271257,-5.891496782774282,3.7862516463283313,-19.09196997560329,-89.95707274316322,15.846022012656041
17.55,1.771672370673735,-5.434927434927497,3.9554456905372897,-11.31109872865288,-87.51056415026781,30.468393636074037
17.56,1.9115148243395181,-5.03542925556156,4.103490479220128,-4.50283638757127,-85.36986913148434,43.262968806564785
17.57,2.0338769712970786,-4.685868348616365,4.233029669317612,1.4543931608751395,-83.49676099004878,54.458222080744186
17.58,2.140943849884944,-4.38000255503932,4.346376460652911,6.666969015765748,-81.85779136629269,64.25406869565117
17.59,2.234627368649326,-4.112369985659405,4.445554903071296,11.22797288879503,-80.4236929455061,72.82543448369478
17.6,2.31660044756816,-3.8781914874519794,4.532336040187384,15.218851277695652,-79.16885682731784,80.32537954823293
17.61,2.72188376662214,-3.2924185515204822,4.310504410163961,18.710869867983696,-78.0708752239031,86.8878314797038
17.62,3.0765066707943722,-2.779867232580422,4.116401733893467,21.766386134485735,-77.1101413209152,92.62997691974084
17.63,3.3868017119450755,-2.3313848285078693,3.946561892156783,24.439962867675018,-76.2694991558008,97.65435417977324
17.64,3.658309872951941,-1.9389627249443857,3.7979520306371852,26.779342509215642,-75.5339372613257,102.05068428230157
17.65,3.8958795138329485,-1.5955933843263375,3.6679184018075373,28.826299695563687,-74.89032060365999,105.89747312201388
17.66,4.10375294960383,-1.2951452112855453,3.554138976581595,30.617387233618228,-74.32715602820248,109.26341335676213
17.67,4.285642205903351,-1.032253059874852,3.454581979508896,32.18458882941595,-73.83438702467717,112.20861106216685
17.68,4.4447953051654325,-0.8022224273904954,3.367469607070284,33.555890225738956,-73.40321414659252,114.785659054396
17.69,4.584054267019754,-0.6009456239666835,3.2912462811864986,37.910154072521586,-56.94343700326846,113.55807692259651
17.7,4.705905858642285,-0.424828420970848,3.2245508710381863,41.72013493845638,-42.5411320028599,112.48394255727196
17.71,4.8125260013119995,-0.27072586834949197,3.166192387158413,45.05386819614933,-29.939115127502408,111.54407498761297
17.72,4.905818626147999,-0.13588613480580547,3.1151287137636112,47.97088479663066,-18.912350361564606,110.72169086416136
17.73,4.9874496728794995,-0.01790136795507978,3.07044799954316,50.523274322051826,-9.263931191369029,110.0021047561412
17.74,5.058876838769562,0.0853353030393052,3.031352374600265,52.75661515679535,-0.8215644174479007,109.37246691162355
17.75,5.121375608923366,0.17566739015939206,2.997143702775232,54.710788387195926,6.565506509733087,108.82153379767061
17.76,5.176062032807946,0.254707966389468,2.967211114928328,56.420689963796434,13.029193571016451,108.3394673229618
17.77,4.897714403706952,0.6575317205907845,2.707117600562287,57.916853843321874,18.684919749639395,107.91765915759157
17.78,4.654160228243583,1.0100025055169364,2.4795357754920007,59.22599723790664,23.63368015593447,107.54857701289264
17.79,4.441050324713135,1.3184144423273192,2.2804016785555006,60.371497708168306,27.96384551144266,107.22563013628105
17.8,4.254579159123994,1.5882748870364043,2.106159343736063,61.373810619647266,31.752740197512328,106.94305161924592
17.81,4.091416889233495,1.8244027761568538,1.953697300769055,62.250834417191356,35.06802304782329,106.69579541684018
17.82,3.948649903079308,2.031014679137247,1.8202930131729231,63.018230240042435,37.96889554184538,106.47944623973517
17.83,3.8237287901943944,2.2118000942450915,1.7035642615263078,63.68970158503713,40.5071589741147,106.29014070976828
17.84,3.714422816420095,2.369987332464455,1.6014266038355194,64.27723901190748,42.72813947735037,106.12449837104725
17.85,3.6187800893675828,2.5084011659063985,1.5120561533560792,59.12133426041905,35.343997042681565,99.45206132466635
17.86,3.535092703196635,2.6295132701680988,1.4338570091865694,54.60991760286666,28.88287241234637,93.61367890908305
17.87,3.4618662402970553,2.735486361397087,1.3654327580382484,50.66242802750833,23.229388360803075,88.50509429544766
17.88,3.397793085259923,2.828212816222451,1.305561538283467,47.20837464906978,18.28258981570269,84.03508275851671
17.89,3.3417290746024326,2.909348464194645,1.2531742209980337,44.18607794293605,13.954141088739853,80.12382266370211
17.9,3.2926730652771283,2.9803421561703147,1.2073353183732793,41.54156832506905,10.166748452647372,76.70147008073936
17.91,3.249749057117487,3.0424616366490254,1.1672262785766194,39.22762240943541,6.852779896066451,73.70691157064694
17.92,3.212190549977801,3.096816182067897,1.1321308687545422,37.20291973325598,3.953057409058145,71.08667287431606
17.93,3.290905981230576,3.10532790930941,1.1204410101602245,35.431304891598984,1.4158002329258768,68.79396401502656
17.94,3.3597819835767537,3.1127756706457337,1.1102123838901965,33.88114190514911,-0.8042997961898577,66.78784376314823
17.95,3.4200484856296596,3.119292461815017,1.101262335903922,32.52474929200547,-2.7468873216661254,65.0324885427547
17.96,3.472781674925952,3.1249946540881397,1.0934310439159318,31.33790575550478,-4.4466514064578595,63.496552724910366
17.97,3.518923215560208,3.129984072327122,1.0865786634264403,30.299417661066684,-5.933944980650627,62.15260888429657
17.98,3.559297063615182,3.1343498132862315,1.0805828304981353,29.39074057843335,-7.235326858069298,60.9766580237595
17.99,3.594624180663284,3.1381698366254525,1.0753364766858684,28.59564813112918,-8.374036000810635,59.94770102078956
18.0,3.6255354080803732,3.141512357047271,1.0707459171001348,27.899942239738035,-9.370406500709306,59.04736364319086
18.01,3.6525827320703264,3.144437062416362,1.066729177462618,26.15369945977078,-10.443480688120642,54.676443312792
18.02,3.6762491405615356,3.1469961796143164,1.0632145302797908,24.625737027299433,-11.382420602105562,50.851888023693
18.03,3.6969572479913437,3.149235407162527,1.060139213994817,23.288769898887004,-12.203993026842367,47.505402145731374
18.04,3.715076841992426,3.1511947312672106,1.0574483122454648,22.11892366152613,-12.92286889848707,44.57722700251495
18.05,3.7309314867433723,3.152909139858809,1.0550937732147816,21.095308203835362,-13.551885286176187,42.01507375220058
18.06,3.7448043009004506,3.154409247376458,1.0530335515629339,20.19964467835594,-14.102274625404164,39.773189658175504
18.07,3.756943013287894,3.1557218414544006,1.051230857617567,19.415939093561448,-14.583865297228643,37.81154107590356
18.08,3.767564386626907,3.1568703612726003,1.0496535004153713,18.730196706866266,-15.005257135075063,36.095098566415615
18.09,3.4957384632985433,3.0775554411135255,0.9780153128634499,18.130172118507986,-15.37397499319068,34.59321137061366
18.1,3.257890780386225,3.008154885974335,0.9153318987555187,17.605150603694486,-15.696603119041844,33.27906007428695
18.11,3.0497740578379466,2.947429400227543,0.8604839114110788,17.145756778232677,-15.978902729161614,32.129177690001086
18.12,2.867671925608203,2.8942946001991006,0.812491922484694,16.743787180953593,-16.225914888016412,31.12303060375095
18.13,2.7083325599071775,2.847801650174213,0.7704989321741073,16.392063783334393,-16.44205052701436,30.242651903282084
18.14,2.56891061491878,2.8071203189024367,0.7337550656523438,16.084305810417593,-16.631169211137564,29.472320540371825
18.15,2.4469164130539323,2.771524154039632,0.7016041824458009,15.815017584115395,-16.79664805974537,28.79828059782535
18.16,2.3401714864221903,2.740377509784678,0.6734721596400758,15.579390386100972,-16.941442052277196,28.208495648097184
18.17,2.2467696756194164,2.7131241960615933,0.6488566396850663,15.40384158783835,-17.221261920742545,26.563683817085035
18.18,2.1650430911669893,2.6892775465538943,0.6273180597244331,15.250236389358557,-17.466104305649726,25.124473464949407
18.19,2.0935323297711155,2.6684117282346573,0.608471802258879,15.115831840688736,-17.68034139244351,23.865164406830733
18.2,2.030960413549726,2.650154137205325,0.5919813269765192,14.998227860602643,-17.86779884338807,22.763268980976893
18.21,1.9762099868560101,2.634178745054659,0.5775521611044543,14.895324378027313,-18.03182411296456,21.79911048335478
18.22,1.928303363499009,2.620200276922827,0.5649266409663976,14.805283830773899,-18.17534622384399,20.955471797935434
18.23,1.886385068061633,2.6079691173074737,0.5538793108455978,14.72649835192716,-18.300928070863492,20.217287948193505
18.24,1.8497065595539288,2.5972668526440397,0.544212896989898,14.657561057936265,-18.410812187005554,19.57137707966932
