time,ax_filtered,ay_filtered,az_filtered,wx_filtered,wy_filtered,wz_filtered
0.0,3.079901,0.02873,6.908708,11.06,-7.455,-14.98
0.01,3.079901,0.02873,6.908708,11.06,-7.455,-14.98
0.02,3.079901,0.02873,6.908708,11.06,-7.455,-14.98
0.03,3.079901,0.02873,6.908708,11.06,-7.455,-14.98
0.04,3.079901,0.02873,6.908708,11.06,-7.455,-14.98
0.05,3.079901,0.02873,6.908708,11.06,-7.455,-14.98
0.06,3.079901,0.02873,6.908708,11.06,-7.455,-14.98
0.07,3.079901,0.02873,6.908708,11.06,-7.455,-14.98
0.08,3.079901,0.02873,6.908708,11.06,-7.455,-14.98
0.09,3.079901,0.02873,6.908708,11.06,-7.455,-14.98
0.1,3.079901,0.02873,6.908708,11.06,-7.455,-14.98
0.11,3.079901,0.02873,6.908708,11.06,-7.455,-14.98
0.12,3.079901,0.02873,6.908708,11.06,-7.455,-14.98
0.13,3.079901,0.02873,6.908708,11.06,-7.455,-14.98
0.14,3.079901,0.02873,6.908708,11.06,-7.455,-14.98
0.15,3.079901,0.02873,6.908708,11.06,-7.455,-14.98
0.16,3.079901,0.02873,6.908708,11.06,-7.455,-14.98
0.17,3.1676245,-0.21930925,7.91705,11.06,-7.455,-14.98
0.18,3.2443825625000002,-0.43634359375,8.799349249999999,11.06,-7.455,-14.98
0.19,3.3115458671875,-0.62624864453125,9.57136109375,11.06,-7.455,-14.98
0.2,3.3703137587890626,-0.7924155639648437,10.246871457031249,11.06,-7.455,-14.98
0.21,3.4217356639404297,-0.9378116184692382,10.837943024902343,11.06,-7.455,-14.98
0.22,3.466729830947876,-1.0650331661605834,11.355130646789549,11.06,-7.455,-14.98
0.23,3.506099727079391,-1.1763520203905105,11.807669815940855,11.06,-7.455,-14.98
0.24,3.5405483861944673,-1.2737560178416967,12.203641588948248,11.06,-7.455,-14.98
0.25,3.570690962920159,-1.3589845156114846,12.550116890329717,11.06,-7.455,-14.98
0.26,3.597065717555139,-1.433559451160049,12.853282779038501,11.06,-7.455,-14.98
0.27,3.6201436278607466,-1.4988125197650428,13.118552931658689,11.06,-7.455,-14.98
0.28,3.6403367993781535,-1.5559089547944125,13.350664315201353,11.06,-7.455,-14.98
0.29,3.658005824455884,-1.6058683354451109,13.553761775801183,11.06,-7.455,-14.98
0.3,3.6734662213988987,-1.649582793514472,13.731472053826035,11.06,-7.455,-14.98
0.31,3.6869940687240366,-1.687832944325163,13.88696854709778,11.06,-7.455,-14.98
0.32,3.698830935133532,-1.7213018262845177,14.023027978710557,11.06,-7.455,-14.98
0.33,4.43202644324184,-2.446533722998953,10.741662356371737,11.06,-7.455,-14.98
0.34,5.07357251283661,-3.081111632624084,7.870467436825271,11.06,-7.455,-14.98
0.35,5.634925323732033,-3.636367303546074,5.358171882222112,11.06,-7.455,-14.98
0.36,6.126109033265529,-4.122216015602815,3.1599132719443483,11.06,-7.455,-14.98
0.37,6.555894779107337,-4.5473336386524625,1.2364369879513049,11.06,-7.455,-14.98
0.38,6.93195730671892,-4.919311558820905,-0.4466047605426082,11.06,-7.455,-14.98
0.39,7.261012018379055,-5.244792238968291,-1.9192662904747824,11.06,-7.455,-14.98
0.4,7.5489348910816725,-5.529587834097255,-3.2078451291654346,11.06,-7.455,-14.98
0.41,7.800867404696463,-5.778783979835097,-4.335351613019755,-29.093751249999997,-13.238750125,-38.709999625
0.42,8.021308354109406,-5.99683060735571,-5.321919786392286,-64.22828359374999,-18.299531484375,-59.473749296875
0.43,8.21419418484573,-6.187621406436246,-6.18516693809325,-94.97099939453125,-22.727715173828123,-77.64203025976562
0.44,8.382969286740014,-6.354563355631715,-6.940508195831594,-121.87087572021485,-26.602375902099606,-93.5392761022949
0.45,8.530647500897512,-6.500637561177751,-7.601431796352644,-145.408267505188,-29.992704039337156,-107.44936621450805
0.46,8.659865938285323,-6.628452491030531,-8.179739946808564,-166.00348531703952,-32.95924115942001,-119.62069506269455
0.47,8.772932070999659,-6.740290554651715,-8.685759578457493,-184.02430090240958,-35.55496113949251,-130.27060780485775
0.48,8.871864937124702,-6.83814886032025,-9.128526756150306,-199.7925145396084,-37.826216122055946,-139.58928145425054
0.49,4.938397944984114,-8.144683627780218,-9.619898411631517,-213.58970147215734,-39.813564231798956,-147.74312089746923
0.5,1.4966143268610996,-9.28790154930769,-10.049848610177579,-225.6622400381377,-41.55249382782409,-154.87773041028558
0.51,-1.5149463389965376,-10.288217230644229,-10.426055033905381,-236.2257112833705,-43.07405722434608,-161.1205137339999
0.52,-4.150061921621971,-11.1634934518137,-10.755235654667208,-245.4687486229492,-44.40542519630282,-166.58294914224993
0.53,-6.455788056419225,-11.929360145336986,-11.043268697833808,-253.55640629508056,-45.57037217176497,-171.3625801244687
0.54,-8.473298424366822,-12.599493502169864,-11.295297610604582,-260.6331067581955,-46.589700775294354,-175.54475723391013
0.55,-10.238619996320969,-13.185860189398632,-11.51582290927901,-266.825219663421,-47.48161330338256,-179.20416220467138
0.56,-11.783276371780849,-13.698931040723803,-11.708782545619133,-272.2433184554934,-48.26203676545974,-182.40614155408747
0.57,-13.134850700308244,-14.147868035633326,-11.877622227416742,-265.26790452355675,9.750093205222726,-135.82287373482654
0.58,-14.317478237769713,-14.540687906179162,-12.02535694898965,-259.16441733311217,60.51070692956988,-95.06251439297323
0.59,-15.3522773330485,-14.884405292906767,-12.154624830365943,-253.82386604147314,104.92624393837363,-59.39719996885158
0.6,-16.257726541417437,-15.18515800629342,-12.2677342265702,-249.150883661289,143.78983882107693,-28.190049847745136
0.61,-17.049994598740255,-15.448316630506742,-12.366704948248925,-245.06202407862784,177.7954843434423,-0.883793491776995
0.62,-17.743229148897722,-15.6785804266934,-12.45330432971781,-241.48427194379934,207.550424175512,23.00918081969513
0.63,-18.349809380285507,-15.880061248356725,-12.529078788503083,-238.35373882582442,233.585996528573,43.91553334223323
0.64,-18.880567082749817,-16.056356967312134,-12.595381439940198,-235.61452234759636,256.36712233750137,62.20859179945408
0.65,-20.15028494740609,-14.083978471398117,-8.784687384947674,-233.2177079291468,276.3006074203137,78.21501794952232
0.66,-21.26128807898033,-12.358147287473352,-5.450330086829215,-231.12049531300343,293.7424068677745,92.22064083083202
0.67,-22.233415819107787,-10.848045001539182,-2.5327674509755638,-229.285434273878,309.0039813843027,104.47556085197802
0.68,-23.084027591719313,-9.526705501346784,0.020099855396381372,-227.67975586464323,322.35785908626485,115.19861587048077
0.69,-23.828312892754397,-8.370533438678436,2.2538587484718335,-226.2747872565628,334.04250207548176,124.58128901167066
0.7,-24.479562531160095,-7.3588828838436315,4.208397779912854,-225.04543972449244,344.26656469104654,132.79112801021182
0.71,-25.049405964765082,-6.4736886483631775,5.918619432423747,-223.96976063393086,353.21261947966576,139.97473713393532
0.72,-25.548018969169448,-5.69914369231778,7.415063378370778,-223.02854142968948,361.0404174197076,146.2603951171934
0.73,-25.984305348023266,-5.021416855778058,8.72445183107443,-191.89059875097828,352.28849236724415,183.18597110254424
0.74,-26.366055929520357,-4.428405873805801,9.870166727190126,-164.64489890710598,344.6305579463386,215.49585008972622
0.75,-26.70008768833031,-3.909521264580076,10.87266726129136,-140.80491154371774,337.9298653280463,243.76699420351045
0.76,-26.99236547728902,-3.4554972315075667,11.74985522862994,-119.94492260075302,332.0667592870405,268.5042453030716
0.77,-27.248108542627893,-3.058226202569121,12.517394700051197,-101.69243227565889,326.93654150116043,290.14934001518765
0.78,-27.471883724799405,-2.710614052247981,13.188991737544796,-85.72150324120152,322.4476009385154,309.0887978882892
0.79,-27.66768700919948,-2.406453420716984,13.776639145351696,-71.74694033605132,318.519777946201,325.66082352725306
0.8,-27.839014883049543,-2.140312868127361,14.290830627182734,-59.519197794044906,315.08293282792584,340.16134596134646
0.81,-23.15715239766835,-0.5769918846114408,13.823751423784893,-48.8199230697893,312.0756933494351,352.8493030911782
0.82,-19.06052272295981,0.7909139759649894,13.415057120811781,-39.45805768606564,309.4443588057557,363.9512655797809
0.83,-15.475971757589834,1.9878316039693658,13.057449605710309,-31.266425475307436,307.14194108003625,373.6654827573083
0.84,-12.339489662891104,3.035134528473195,12.744543029996521,-24.098747290894007,305.1273255700317,382.1654227876448
0.85,-9.595067830029715,3.9515245874140463,12.470749776246956,-17.827028879532257,303.36453699877774,389.6028703141892
0.86,-7.193698726276,4.7533658889872905,12.231180679216086,-12.339275269590724,301.82209699893053,396.11063689991556
0.87,-5.0925007604915,5.45497702786388,12.021557719314076,-7.537490860891882,300.4724619990642,401.80493266242615
0.88,-3.2539525404300624,6.068886774380895,11.838137629399817,-3.3359295032803975,299.29153137418115,406.7874414546229
0.89,-1.6452228478763045,6.606057802583284,11.67764505072484,-0.5301883153703479,234.75508995240853,360.84776152279505
0.9,-0.23758436689176632,7.076082452260374,11.537214044384235,1.9248352240509454,178.28570370835746,320.6505415824457
0.91,0.9940993039697046,7.487354020727827,11.414336913836207,4.0729808210445775,128.87499074481278,285.47797413464
0.92,2.0718225159734915,7.847216643136849,11.306819424606681,5.952608218414005,85.64061690171118,254.70197761781
0.93,3.0148303264768055,8.162096437744744,11.212741621530846,7.597282191112254,47.81053978899729,227.77298066558376
0.94,3.8399621606672047,8.437616258026651,11.13042354383949,9.03637191722322,14.709222315372628,204.21010833238577
0.95,4.561952515583804,8.678696100773319,11.058395225859554,10.295575427570318,-14.25443047404895,183.59259504083755
0.96,5.193694076135828,8.889640963176653,10.99537044762711,11.397378499124029,-39.597626664792834,165.55227091073286
0.97,5.56281331661885,6.978708592779571,8.24936664167372,12.361456186733525,-61.77292333169373,149.76698729689124
0.98,5.885792652041493,5.306642768682125,5.846613311464506,13.205024163391835,-81.17630791523202,135.95486413477983
0.99,6.168399570536306,3.8435851725968595,3.744204147531443,13.943146142967855,-98.15426942582802,123.86925636793234
1.0,6.415680624219267,2.563409776022252,1.9045961290900129,14.589002875096872,-113.00998574759952,113.29434957194078
1.01,6.6320515461918585,1.4432563040194704,0.2949391129537613,15.154127515709764,-126.00873752914957,104.04130612544819
1.02,6.821376102917876,0.4631220160170365,-1.1135107761654588,15.648611576246044,-137.3826453380059,95.94489310976716
1.03,6.9870350900531415,-0.39449548598509304,-2.3459044291447766,16.08128512921529,-147.33481467075515,88.86053172104627
1.04,7.131986703796499,-1.1449108002369563,-3.4242488755016796,16.459874488063377,-156.04296283691076,82.66171550591548
1.05,7.258819365821936,-1.8015242002073366,-4.36780026606397,4.519265302055455,-187.97009173229694,41.05212706767605
1.06,7.369797945094194,-2.3760609251814198,-5.193407732805974,-5.928767735701477,-215.90632951575984,4.6437371842165405
1.07,7.46690420195742,-2.8787805595337423,-5.915814266205227,-15.070796643738792,-240.35053757628987,-27.213603963810527
1.08,7.551872176712743,-3.318660239592025,-6.547919982929574,-23.070071938271443,-261.7392196292536,-55.088777468334214
1.09,7.62621915462365,-3.703554959643022,-7.101012485063377,-30.069437820987513,-280.4543164255969,-79.47955428479244
1.1,7.691272760295694,-4.040337839687644,-7.584968424430454,-36.19388296836408,-296.83002612239727,-100.82148399919339
1.11,7.7481946652587315,-4.335022859726688,-8.008429871376647,-41.552772472318566,-311.1587721070976,-119.49567249929422
1.12,7.79800133210139,-4.592872252260852,-8.378958637454566,-46.241800788278745,-323.69642484371036,-135.83558743688243
1.13,6.894755790588716,-3.4767670957282455,-8.253359807772746,-50.3447005647439,-334.66687098824656,-150.13301300727213
1.14,6.104415941765127,-2.5001750837622145,-8.143460831801153,-53.934737869150915,-344.2660113647157,-162.6432603813631
1.15,5.412868574044486,-1.6456570732919376,-8.04729922782601,-57.07602051050705,-352.66525919412624,-173.5897268336927
1.16,4.807764627288925,-0.8979538141304453,-7.963157824347758,-59.824642821693665,-360.01460104486046,-183.1678849794811
1.17,4.27829867387781,-0.2437134623641396,-7.8895340963042875,-62.22968734398196,-366.44527516425285,-191.54877335704595
1.18,3.815015964643084,0.3287468454313779,-7.825113334266251,-64.33410130098422,-372.0721150187212,-198.8820506874152
1.19,3.4096435940626986,0.8296496147524557,-7.76874516748297,-66.1754635133612,-376.99559989138106,-205.2986683514883
1.2,3.0549427698048612,1.2679395379083989,-7.719423021547598,-67.78665544919104,-381.3036491549584,-210.91320880755225
1.21,2.744579548579254,1.651443220669849,-7.676266143854148,-68.18144901804217,-359.7069437605886,-177.1115579566082
1.22,2.4730117300068475,1.987008943086118,-7.638503875872379,-68.52689339078691,-340.809826540515,-147.53511346203217
1.23,2.235389888755992,2.280628950200353,-7.605461891388331,-68.82915721693855,-324.2748489729506,-121.65572452927816
1.24,2.027470777661493,2.537546456425309,-7.57655015496479,-69.09363806482123,-309.8067436013318,-99.0112592131184
1.25,1.8455415554538064,2.762349274372145,-7.55125238559419,-69.32505880671859,-297.14715140116533,-79.1973520614786
1.26,1.6863534860220806,2.959051740075627,-7.529116837394916,-69.52755195587876,-286.07000822601964,-61.860183303793775
1.27,1.5470639252693206,3.131166397566174,-7.509748232720551,-69.70473346139391,-276.3775079477672,-46.690160640819556
1.28,1.4251855596106555,3.281766722870402,-7.492800703630482,-69.85976727871967,-267.89657020429627,-33.41639081071711
1.29,2.8295869896593233,2.511704382511602,-6.255252115676672,-69.99542186887972,-260.47574967875926,-21.801842209377472
1.3,4.058438240951908,1.8378998346976516,-5.172397101217089,-70.11411963526976,-253.98253171891434,-11.639112183205288
1.31,5.133683085832919,1.2483208553604452,-4.224898963564954,-70.21798018086105,-248.30096600405005,-2.746723410304628
1.32,6.074522325103803,0.7324392484403897,-3.3958380931193344,-70.30885815825341,-243.3295960035438,5.03411676598345
1.33,6.897756659465829,0.281042842385341,-2.6704098314794176,-70.38837638847174,-238.9796472531008,11.842351920235519
1.34,7.618086702032601,-0.11392901291282662,-2.0356601025444903,-70.45795483991277,-235.1734420964632,17.799557680206078
1.35,8.248375489278526,-0.45952938629872325,-1.480254089726429,-70.51883598492368,-231.8430125844053,23.01211272018032
1.36,8.79987817811871,-0.7619297130113829,-0.9942738285106252,-70.57210698680822,-228.92888676135465,27.57309838015778
1.37,9.282443030853871,-1.02652999888496,-0.569041099946797,-76.31934436345719,-202.34277604118532,27.893336082638058
1.38,9.704687276997138,-1.25805524902434,-0.19696246245344734,-81.34817706802505,-179.07992916103714,28.1735440723083
1.39,10.074150992372497,-1.4606398428962974,0.1286063453532336,-85.74840568452191,-158.72493814090748,28.418726063269762
1.4,10.397431743325935,-1.6379013625342602,0.41347905218407943,-89.59860572395667,-140.91432099829404,28.63326030536104
1.41,10.680302400410193,-1.7930051922174777,0.6627426706610695,-92.96753075846209,-125.3300309985073,28.82097776719091
1.42,10.927814225358919,-1.9287210431902928,0.8808483368284359,-95.91534016365432,-111.69377724869389,28.985230546292044
1.43,11.144387072189055,-2.0474724127915063,1.0716907947248815,-98.49467339319753,-99.76205521760716,29.12895172800554
1.44,11.333888313165422,-2.151379861192568,1.2386779453842713,-100.75158996904784,-89.32179844040625,29.254707762004845
1.45,10.079225524019746,-2.965923753543497,0.9934838272112374,-102.72639197291687,-80.18657376035547,29.36474429175424
1.46,8.981395583517278,-3.67864965935056,0.7789389738098327,-104.45434372630226,-72.19325216531104,29.461026255284956
1.47,8.020794385577618,-4.302284826931739,0.5912122270836035,-105.96630151051448,-65.19909576964716,29.545272973374335
1.48,7.180268337380416,-4.847965598565272,0.42695132369815303,-107.28926457170016,-59.079208923441264,29.618988851702543
1.49,6.444808045207863,-5.325436273744613,0.2832230332358839,-108.44685725023763,-53.724307933011104,29.683490245239724
1.5,5.80128028955688,-5.743223114526536,0.15746077908139838,-109.45975084395792,-49.038769566384715,29.739928964584756
1.51,5.23819350336227,-6.108786600210719,0.04741880669622357,-110.34603273846318,-44.93892349558663,29.78931284401166
1.52,4.745492565441986,-6.428654650184379,-0.04886791914080438,-111.12152939615527,-41.3515581836383,29.832523738510204
1.53,4.314379244761738,-6.7085391939113315,-0.13311880424820383,-119.18508759663587,14.103636714316487,41.10095889619643
1.54,3.9371550891665206,-6.953438169672415,-0.20683832871717833,-126.24070102205638,62.626932250026925,50.96083965917188
1.55,3.6070839530207057,-7.1677247734633625,-0.2713429126275311,-132.41436276929934,105.08481584377355,59.5882353267754
1.56,3.3182717088931177,-7.355225551780443,-0.3277844235490897,-137.81631679813694,142.23546398830186,67.13720653592847
1.57,3.065560995281478,-7.519288732807887,-0.3771707456054535,-142.54302657336981,174.74228111476413,73.74255634393741
1.58,2.8444391208712934,-7.6628440162069005,-0.42038377740477184,-146.67889762669859,203.1857461004186,79.52223742594524
1.59,2.650957480762382,-7.788454889181038,-0.4581951802291754,-150.29778479836128,228.0737779628663,84.57945837270208
1.6,2.4816610456670842,-7.898364403033408,-0.49128015770052846,-153.4643110735661,249.85080584250804,89.00452670111432
1.61,0.3486405399586985,-6.438764977654232,0.7140968620120376,-156.23502156437036,268.9057052371945,92.87646148847503
1.62,-1.5177524025361389,-5.161615480447454,1.768801754260533,-158.65939324382407,285.5787422075452,96.26440442741566
1.63,-3.1508462272191213,-4.0441096703915225,2.6916685349779663,-160.78071846334606,300.16764955660204,99.2288544989887
1.64,-4.579803323816732,-3.0662920865925822,3.4991769681057203,-162.6368780304278,312.93294348702676,101.82274831161511
1.65,-5.83014078333964,-2.2107017007685092,4.205746847092505,-164.26101765162431,324.1025756761484,104.09240539766323
1.66,-6.924186060422185,-1.4620601131724456,4.823995491205942,-165.68213982017127,333.8760038416298,106.07835534795532
1.67,-7.881475677869412,-0.80699872402589,5.364963054805199,-166.92562171764988,342.42775348642607,107.81606155446092
1.68,-8.719104093135735,-0.23382000852265378,5.838309672954549,-168.01366837794365,349.9105344256228,109.3365544851533
1.69,-9.452028956493768,0.26771136754267794,6.25248796383523,-138.06508483070067,357.59984212242,139.04323542450913
1.7,-10.093338211932048,0.7065513215998431,6.614893968355826,-111.86007422686308,364.32798635711754,165.0365812464455
1.71,-10.654483810440542,1.0905362813998627,6.931999222311347,-88.93068994850519,370.2151125624779,187.7807588406398
1.72,-11.145486209135475,1.42652312122488,7.209466319522429,-68.86747870494203,375.3663479921682,207.68191423555982
1.73,-11.575113307993542,1.7205116060717698,7.4522500295821255,-51.31216886682428,379.87367899314717,225.09542520611484
1.74,-11.951037019494349,1.9777515303127984,7.66468577588436,-35.95127275847125,383.8175936190038,240.33224730535048
1.75,-12.279970267057555,2.2028364640236986,7.850567053898815,-22.510488663662343,387.26851891662835,253.66446664218168
1.76,-12.567786858675362,2.399785781020736,8.013213172161464,-10.749802580704552,390.28807855204985,265.330158561909
1.77,-12.039191001340942,3.5349350583931445,8.06727477564128,-0.4592022581164823,392.93019323304367,275.5376389916704
1.78,-11.576669626173326,4.528190676094002,8.11457867868612,8.545073024148078,395.24204357891324,284.4691843677116
1.79,-11.17196342290166,5.397289341582251,8.155969593850354,16.423813896129566,397.2649126315491,292.28428657174766
1.8,-10.817845495038954,6.15775067388447,8.19218664461906,23.31771215911337,399.0349230526055,299.1225010002792
1.81,-10.507992308159086,6.823154339648911,8.223876564041678,29.3498731392242,400.58368217102986,305.10593862524433
1.82,-10.2368707696392,7.405382547192798,8.251605243536469,34.628013996821174,401.93884639965114,310.34144654708876
1.83,-9.999639423434301,7.914832228793698,8.27586783809441,39.24638724721853,403.1246150996948,314.9225159787027
1.84,-9.792061995505014,8.360600700194485,8.297097608332608,43.28746384131621,404.16216271223294,318.9309517313648
1.85,-9.610431746066888,8.750648112670175,8.315673657291033,26.820905736151687,335.8443916232038,303.98458263994416
1.86,-9.451505277808527,9.091939598586404,8.331927700129654,12.412667394132724,276.0663419203034,290.9065096849511
1.87,-9.312444618082463,9.390569648763103,8.346149987613448,-0.1945411551338676,223.76054843026546,279.46319584933224
1.88,-9.190766540822155,9.651870942667715,8.358594489161767,-11.225848635742135,177.99297912648225,269.45029624316567
1.89,-9.084298223219387,9.880509574834251,8.369483428016546,-20.87824268127437,137.94635598567197,260.68900908776993
1.9,-8.991138445316963,10.08056837797997,8.379011249514477,-29.32408747111507,102.90556073746298,253.02288282679868
1.91,-8.909623639652343,10.255619830732474,8.387348093325167,-36.71420166222569,72.2448648952801,246.31502234844885
1.92,-8.8382981846958,10.408789851890916,8.394642831659521,-43.180551579447474,45.41675603337009,240.44564442989275
1.93,-6.477993036608825,9.24447837040455,6.5512914777020805,-48.83860775701654,21.942160779198826,235.30993875115615
1.94,-4.412726032032722,8.225705824103981,4.938359042989321,-53.789406912389474,1.4018899317989728,230.81619628226164
1.95,-2.6056174030286323,7.3342798460909835,3.527043162615656,-58.121356173340786,-16.5708470596759,226.88417162197894
1.96,-1.0243973526500534,6.5542821153296105,2.2921417672886992,-61.91181177667318,-32.29699192721641,223.44365004423156
1.97,0.3591701914312033,5.871784100913409,1.2116030463776122,-65.22846042958903,-46.05736868631436,220.4331936637026
1.98,1.5697917925023028,5.274598338299233,0.2661316655804108,-68.13052800089041,-58.097698350525064,217.79904433073978
1.99,2.629085693439515,4.752060796011829,-0.5611557926171405,-70.66983712577911,-68.63298680670943,215.4941636643973
2.0,3.555967856759576,4.29484044651035,-1.2850323185399979,-72.89173261005672,-77.85136420587075,213.47739308134763
2.01,4.366989749664629,3.8947726406965564,-1.9184242787224983,-74.83589115879964,-85.91744443013691,211.71271882117918
2.02,5.076633905956551,3.544713310609487,-2.472642243882186,-69.63328001394969,-115.2221385013698,145.4186300935318
2.03,5.697572542711982,3.2384113967833006,-2.957582963396913,-65.08099526220597,-140.86374581369859,87.41130245684032
2.04,6.240893849872984,2.970397222185388,-3.3819060929722986,-61.09774610443023,-163.30015221198624,36.65489077473528
2.05,6.716299993638861,2.7358848194122145,-3.7531888313507613,-57.61240309137645,-182.93200781048796,-7.756969447106634
2.06,7.132280369434003,2.5306864669856877,-4.078061227431916,-54.5627279549544,-200.10988145917696,-46.6173471412183
2.07,7.496263198254753,2.3511379086124764,-4.362324574002926,-51.8942622105851,-215.14052090177984,-80.62017762356601
2.08,7.814748173472909,2.1940329200359168,-4.61105500225256,-49.55935468426196,-228.29233041405735,-110.37265429562026
2.09,8.093422526788796,2.056566055031427,-4.82869412697099,-47.51631059872922,-239.80016373730018,-136.40607138366772
2.1,9.196589835940197,2.065745298152499,-4.661126611099617,-45.72864702388807,-249.86951789513768,-159.18531133570926
2.11,10.161861231447672,2.0737771358834363,-4.5145050347121645,-44.16444139590206,-258.6802027832455,-179.1171462937456
2.12,11.006473702516713,2.0808049938980067,-4.386211155373144,-42.79576147141431,-266.3895520603398,-196.5575018820274
2.13,11.745509614702124,2.0869543696607558,-4.273954010951501,-41.598166537487515,-273.1352326777973,-211.817813021774
2.14,12.392166037864358,2.092335073453161,-4.175729009582564,-40.55027097030158,-279.03770321807264,-225.17058526905225
2.15,12.957990408131314,2.097043189271516,-4.089782133384743,-39.63336234901388,-284.20236494081354,-236.85426098542072
2.16,13.453086732114901,2.1011627906125763,-4.01457861671165,-38.83106730538715,-288.72144394821186,-247.07747723724313
2.17,13.88629601560054,2.104767441786004,-3.948775539622694,-30.31093389221376,-279.2443885796854,-214.55216758258774
2.18,14.265354138650473,2.1079215115627536,-3.8911978471698574,-22.855817155687042,-270.9519651322247,-186.09252163476427
2.19,14.597029996319163,2.1106813226174093,-3.8408173662736256,-16.33259001122616,-263.6960946156966,-161.19033143041872
2.2,14.887246371779268,2.113096157290233,-3.7967344454894225,-10.62476625982289,-257.3472079137345,-139.4009150016164
2.21,15.14118570030686,2.1152091376289537,-3.7581618898032447,-5.630420477345028,-251.7919320495177,-120.33517562641435
2.22,15.363382612768502,2.1170579954253346,-3.7244109035778394,-1.2603679176769003,-246.931065668328,-103.65265367311255
2.23,15.55780491117244,2.1186757459971677,-3.6948787906306095,2.5634280720327123,-242.677807584787,-89.05544696397348
2.24,15.727924422275885,2.120091277747522,-3.6690381918017834,5.909249563028623,-238.95620676168863,-76.28289109347679
2.25,14.579686869491399,1.5061607430290818,-3.1411961678265605,8.836843367650044,-235.69980604147756,-65.10690470679219
2.26,13.574979010804974,0.9689715251504466,-2.6793343968482404,11.398487946693788,-232.85045541129287,-55.32791661844317
2.27,12.69585963445435,0.4989309595066408,-2.2752053472422102,13.639926953357064,-230.35727360988128,-46.77130204113777
2.28,11.926630180147557,0.08764546456831068,-1.921592428836934,15.60118608418743,-228.17573953364612,-39.28426428599555
2.29,11.253554407629112,-0.27222934350272815,-1.612181125232317,17.317287823664003,-226.26689721694038,-32.7331062502461
2.3,10.664613106675473,-0.5871198005648871,-1.3414462345782774,18.818876845706,-224.59666018982284,-27.00084296896534
2.31,10.149289468341038,-0.8626489504942763,-1.1045532052559925,20.132767239992752,-223.135202791095,-21.985112597844672
2.32,9.698381284798408,-1.1037369566824917,-0.8972718045989935,21.282421334993657,-221.85642756720813,-17.596348523114088
2.33,9.303836624198606,-1.3146889620971802,-0.7159005790241193,4.0183682931194475,-206.82062424630712,-10.737430082724828
2.34,8.95861004617378,-1.4992719668350327,-0.5572007566461045,-11.087678118520484,-193.66429634051875,-4.735876447384224
2.35,8.656536790402058,-1.6607820959806538,-0.4183384120653414,-24.305468728705424,-182.1525094229539,0.5154829835388037
2.36,8.3922226916018,-1.8021034589830722,-0.29683386055717376,-35.87103551261725,-172.07969587008466,5.1104224855964535
2.37,8.160947855151575,-1.9257596516101883,-0.19051737798752702,-45.99090644854009,-163.2659840113241,9.130994549896897
2.38,7.958582373257627,-2.0339588201589147,-0.09749045573908613,-54.84579351747257,-155.5539861349086,12.648995106159784
2.39,7.781512576600424,-2.1286330926390504,-0.016091898771700364,-62.59381970278851,-148.80598799304502,15.727245592889812
2.4,7.626576504525371,-2.211473081059169,0.055131838574762185,-69.37334261493994,-142.9014896189144,18.420714768778584
2.41,6.731061191459699,-2.657101570926773,0.16729585875291691,-75.30542516307246,-137.73505354155012,20.77750029768126
2.42,5.947485292527237,-3.047026499560926,0.2654393764088023,-80.49599739268841,-133.21442197385636,22.839687635471105
2.43,5.261856380961333,-3.3882108121158105,0.351314954357702,-85.03774809360236,-129.25886935212432,24.644101556037217
2.44,4.661931083341166,-3.686747085601334,0.4264560850629892,-89.01177995690207,-125.79776080810879,26.222963736532567
2.45,4.13699644792352,-3.9479663249011674,0.49220457443011556,-92.48905783728932,-122.7692908320952,27.604468144465997
2.46,3.6776786419330803,-4.176533159288521,0.5497345026263512,-95.53167598262816,-120.1193796030833,28.813284501407747
2.47,3.2757755616914452,-4.376529139377456,0.6000731897980572,-98.19396685979964,-117.8007072776979,29.87099881373178
2.48,2.9241103664800145,-4.551525621955274,0.6441195410733,-100.5234713773247,-115.77186899298566,30.79649883701531
2.49,2.616403320670013,-4.704647544210864,0.6826600984391376,-100.25178795515912,-94.72038511886245,39.783186732388394
2.5,2.3471596555862613,-4.838629226184507,0.7163830861342453,-100.01406496076423,-76.30033672900466,47.64653864083984
2.51,2.111571448637979,-4.955863197911443,0.7458907003674646,-99.8060573406687,-60.18279438787907,54.526971560734864
2.52,1.9054317675582315,-5.058442923172512,0.7717098628215315,-99.62405067308511,-46.07994483939419,60.547350365643005
2.53,1.7250595466134524,-5.148200182775948,0.7943016299688401,-99.46479483894947,-33.73995148446991,65.81518181993764
2.54,1.5672338532867707,-5.226737784928954,0.814069426222735,-99.32544598408079,-22.942457298911172,70.42453434244544
2.55,1.4291363716259242,-5.295458186812834,0.8313662479448931,-99.20351573607068,-13.494649886547275,74.45771779963977
2.56,1.3083010751726836,-5.3555885384612285,0.8465009669517815,-99.09682676906185,-5.227818400728865,77.9867533246848
2.57,-0.34343505922390194,-4.6106518461535755,0.5416853460828087,-99.00347392292912,2.005659149362243,81.07465940909921
2.58,-1.7887041768209142,-3.9588322403843788,0.27497167782245757,-98.92179018256299,8.334952005691964,83.77657723296181
2.59,-3.0533146547183,-3.3884900853363313,0.04159721809465036,-98.85031690974262,13.873083254980468,86.14075532884159
2.6,-4.159848822878512,-2.8894406996692896,-0.16260543416718093,-98.7877777960248,18.71894809810791,88.2094111627364
2.61,-5.128066220018698,-2.4527724872106282,-0.34128275489628335,-98.7330560715217,22.95907983584442,90.01948501739436
2.62,-5.975256442516361,-2.0706878013092997,-0.4976254105342479,-98.6851745625815,26.66919510636387,91.60329964022007
2.63,-6.716547887201816,-1.7363637011456374,-0.634425234217467,-98.6432782422588,29.915545968068386,92.98913743519257
2.64,-7.36517790130159,-1.4438301135024327,-0.7541250799402837,-98.60661896197645,32.756102972059836,94.20174550579351
2.65,-7.932729163638891,-1.1878632243146288,-0.8588624449477482,-100.0095418417294,86.99783960055235,94.26090244256932
2.66,-8.42933651818403,-0.9638921962753001,-0.9505076393292797,-101.23709936151323,134.45935915048332,94.31266476224815
2.67,-8.863867953411026,-0.7679175467408875,-1.0306971844131199,-102.31121219132409,175.9881887566729,94.35795679196713
2.68,-9.244082959234648,-0.5964397283982765,-1.10086303636148,-103.25106091740858,212.3259146620888,94.39758731797123
2.69,-9.576771089330316,-0.4463966373484919,-1.162258156816295,-104.07342855273251,244.1214248293277,94.43226402822482
2.7,-9.867873203164025,-0.3151089326799304,-1.2159788872142583,-104.79300023364095,271.9424962256617,94.46260614969671
2.71,-10.122587552768522,-0.20023219109493906,-1.262984526312476,-105.42262545443585,296.285933697454,94.48915550598461
2.72,-10.345462608672456,-0.09971504220807166,-1.3041144605234165,-105.97354752263136,317.5864414852723,94.51238619273653
2.73,-12.0279552825884,-0.5523874119320626,-1.0400527779579893,-106.45560433230244,336.2243857996133,94.53271304364445
2.74,-13.50013637226485,-0.9484757354405549,-0.8089988057132407,-106.87740404076465,352.53258707466165,94.55049903818889
2.75,-14.788294825731743,-1.2950530185104854,-0.6068265799990855,-107.24647878566907,366.802263190329,94.56606178341526
2.76,-15.915433472515275,-1.5983081411966746,-0.4299258824991999,-107.56941918746044,379.28822979153784,94.57967918548835
2.77,-16.901679788450867,-1.8636563735470904,-0.2751377721867999,-107.85199203902789,390.2134505675956,94.5915944123023
2.78,-17.76464531489451,-2.095836076853704,-0.13969817566344994,-108.09924328414941,399.77301874664613,94.6020202357645
2.79,-18.519740150532694,-2.298993317246991,-0.02118852870551871,-108.31558812363073,408.1376409033154,94.61114283129393
2.8,-19.18044813171611,-2.476755902591117,0.08250741238267112,-108.5048898581769,415.45668529040097,94.61912510238218
2.81,-19.758567615251597,-2.632298164767228,0.1732413608348372,-110.31115400090479,364.18522462910084,127.89361146458441
2.82,-20.26442216334515,-2.7683976441713245,0.25263356573048257,-111.8916351257917,319.3226965504632,157.00878703151136
2.83,-20.707044892927005,-2.8874846886499093,0.3221017450141722,-113.27455611006773,280.0679844816553,182.48456565257243
2.84,-21.09433978131113,-2.9916858525686707,0.3828864018874007,-114.48461197130928,245.7201114214484,204.77587194600088
2.85,-21.43322280864724,-3.082861870997587,0.4360729766514756,-115.54341084989562,215.66572249376736,224.28076495275076
2.86,-21.729745457566338,-3.1626408871228886,0.48261122957004116,-116.46985986865867,189.36813218204645,241.3475463336569
2.87,-21.989202775370547,-3.2324475262325274,0.523332200873786,-117.28050276007635,166.35774065929067,256.28098004194976
2.88,-22.21622792844923,-3.2935283354534617,0.5589630507645627,-117.9898152900668,146.22364807687936,269.34773453670607
2.89,-19.080773187393074,-0.8781802935217788,0.9386376694189923,-118.61046375380846,128.60631706726943,280.7811447196178
2.9,-16.33725028896894,1.2352492431684436,1.2708529607416184,-119.1535311595824,113.19115243386075,290.7853786296656
2.91,-13.936667752847821,3.0845000877723883,1.5615413406489163,-119.62871513963461,99.70288337962815,299.53908330095743
2.92,-11.836158033741842,4.7025945768008395,1.815893673067802,-120.0445011221803,87.90064795717463,307.19857488833776
2.93,-9.998212029524112,6.118427254700734,2.038451963934327,-120.40831385690777,77.57369196252779,313.90063002729556
2.94,-8.390009275833597,7.357280847863143,2.233190468442536,-120.7266499997943,68.5376054672118,319.76492827388364
2.95,-6.982831866354397,8.44127774188025,2.403586659887219,-121.00519412482002,60.631029783810334,324.8961892396482
2.96,-5.751551633060098,9.389775024145218,2.5526833274013168,-121.24892023421752,53.712776060834045,329.3860425846922
2.97,-4.674181428927586,10.219710146127065,2.683142911476152,-99.67030532994033,13.80555455322979,276.22528701160564
2.98,-3.731482500311638,10.945903377861182,2.797295047541633,-80.78901728869779,-21.113264265923938,229.70962588515494
2.99,-2.9066209377726833,11.581322455628534,2.897178166598929,-64.26789025261057,-51.66723073268345,189.00842239951055
3.0,-2.184867070551098,12.137314148674967,2.984575895774063,-49.81190409603425,-78.40195139109802,153.39486934957174
3.01,-1.5533324367322108,12.623806880090598,3.061048908802305,-37.162916209029966,-101.79483196721077,122.23301043087527
3.02,-1.0007396321406845,13.049488020079274,3.127962795202017,-26.09505180790122,-122.26360247130944,94.96638387701586
3.03,-0.517220928123099,13.421959017569364,3.186512445801765,-16.410670456913568,-140.17377666239577,71.10808564238887
3.04,-0.09414206210771164,13.747871140373194,3.2377433900765444,-7.936836774799373,-155.8451790795963,50.23207468709026
3.05,0.7234296956557522,10.601253497826544,1.7671537163169764,-0.5222323029494511,-169.55765619464677,31.965565101203975
3.06,1.438804983698783,7.847963060598226,0.4803877517773545,5.96554660991923,-181.55607367031593,15.98236921355348
3.07,2.064758360736435,5.438833928023448,-0.6455324671948147,11.642353158679326,-192.05468896152644,1.9970728118592938
3.08,2.6124675656443808,3.3308459370205172,-1.6307126587954628,16.60955888884441,-201.24097734133565,-10.240061539623118
3.09,3.0917131199388335,1.4863564448929527,-2.4927453264460295,20.95586390273886,-209.27897967366872,-20.94755409717023
3.1,3.511052979946479,-0.12757186071866644,-3.2470239106402756,24.7588807898965,-216.31223171446013,-30.31661008502395
3.11,3.8779753574531695,-1.5397591281288332,-3.907017671810241,28.08652056615944,-222.46632725015263,-38.514534074395954
3.12,4.199032437771523,-2.775422987112729,-4.484512212833961,30.99820537038951,-227.85116084388358,-45.68771756509646
3.13,4.479957383050083,-3.856628863723638,-4.989819936229715,31.53780482409082,-260.5541427383981,-66.89175361945941
3.14,4.7257667101688225,-4.802684005758183,-5.431964194201001,32.00995434607947,-289.16925189609833,-85.44528516702698
3.15,4.94084987139772,-5.630482255038411,-5.818840419925875,32.42308517781954,-314.20747240908605,-101.67962527114861
3.16,5.129047637473006,-6.354805723158609,-6.15735711743514,32.784574655592095,-336.11591535795026,-115.88467286225504
3.17,5.29372068278888,-6.988588757763783,-6.453559227755747,33.10087794864308,-355.2858029382065,-128.31408950447317
3.18,5.43780959744027,-7.54314891304331,-6.712736074286278,33.377643330062696,-372.05945457093065,-139.18982906641403
3.19,5.5638873977602366,-8.028389048912896,-6.939515815000494,33.61981303880486,-386.7363997495643,-148.70610118311228
3.2,5.674205473040207,-8.452974167798784,-7.137948088125432,33.83171153395425,-399.57872678086875,-157.03283928522325
3.21,5.463766038910181,-7.239286771823936,-6.3842115771097525,34.017122717209965,-410.81576293326015,-164.31873512457034
3.22,5.279631534046409,-6.177310300345944,-5.724692129971033,34.17935750255872,-420.64816956660263,-170.69389398399903
3.23,5.118513842290608,-5.2480808878027005,-5.147612613724654,34.32131293973888,-429.2515253707773,-176.27215798599914
3.24,4.977535862004282,-4.435005151827363,-4.642668037009072,34.445523947271525,-436.7794616994301,-181.15313898774923
3.25,4.854180129253747,-3.7235638828489432,-4.200841532382937,34.554208578862585,-443.3664059870013,-185.42399736428058
3.26,4.746243863097028,-3.1010527724928254,-3.81424334083507,34.64930763150476,-449.12998223862616,-189.16099844374548
3.27,4.6517996302099,-2.5563555509312224,-3.4759699232306867,34.732519302566665,-454.17311145879785,-192.4308743882773
3.28,4.569160926433662,-2.0797454820648196,-3.179980682826851,34.805329514745836,-458.5858495264481,-195.29201583974262
3.29,4.496852060629455,-1.6627116718067172,-2.920990097473495,25.143413450402605,-426.20011883564206,-159.9080138597748
3.3,4.433581803050773,-1.2978070878308776,-2.694373335289308,16.68923689410228,-397.8626044811868,-128.94701212730294
3.31,4.3782203276694265,-0.978515576852018,-2.496083668378145,9.291832407339495,-373.06727942103845,-101.85613561139007
3.32,4.3297790367107485,-0.6991355047455157,-2.322580209830877,2.819103481422058,-351.3713699934086,-78.15161865996632
3.33,4.287392907121905,-0.4546779416523262,-2.1707646836020174,-2.844534328755699,-332.3874492442325,-57.410166327470534
3.34,4.250305043731667,-0.24077757394578547,-2.037926098151765,-7.800217412661237,-315.7765185887035,-39.261395536536725
3.35,4.217853163265208,-0.05361475220256229,-1.9216923358827944,-12.136440111078581,-301.24195426511557,-23.381221094469634
3.36,4.189457767857057,0.11015271682275798,-1.8199877938974451,-15.930634972193758,-288.5242104819761,-9.48606845766093
3.37,5.387401546874925,-0.06191624778008677,-1.0144830696602645,-19.250555475669536,-277.3961846717291,2.672190099546686
3.38,6.435602353515559,-0.21247659180757594,-0.30966643595273136,-22.155485916210843,-267.659162087763,13.310666337103351
3.39,7.3527780593261145,-0.34421689283162893,0.3070481185413601,-24.697300051684486,-259.1392673267926,22.61933304496543
3.4,8.155306801910351,-0.45948965622767535,0.8466733537236901,-26.921387420223923,-251.68435941094353,30.76441641434475
3.41,8.857519451671557,-0.5603533241992159,1.318845434508229,-28.867463867695932,-245.1613149845756,37.891364362551656
3.42,9.471955520212612,-0.6486090336743139,1.7319960051947003,-30.57028075923394,-239.45365111150363,44.1274438172327
3.43,10.009587080186035,-0.7258327794650247,2.093502754545363,-32.0602455393297,-234.45944522256568,49.58401334007861
3.44,10.480014695162781,-0.7934035570318966,2.409821160227193,-33.36396472191349,-230.08951506974498,54.35851167256878
3.45,10.891638858267434,-0.8525279874029095,2.686599765198794,-39.78534400667431,-214.58020068602687,56.41869821349768
3.46,11.251810000984005,-0.9042618639775457,2.928781044548945,-45.40405088084002,-201.0095506002735,58.22136143681047
3.47,11.566959750861004,-0.9495290059803525,3.140689663980327,-50.320419395735016,-189.13523177523933,59.798691757209156
3.48,11.84271578200338,-0.9891377552328084,3.326109705982786,-54.62224184626814,-178.74520280333442,61.17885578755801
3.49,12.084002309252957,-1.0237954108287075,3.488352242734938,-58.386336490484624,-169.65392745291763,62.38649931411325
3.5,12.295128020596339,-1.054120859475119,3.6303144623930708,-61.67991930417405,-161.69906152130292,63.443187399849094
3.51,12.479863018021797,-1.0806556270407293,3.754531404593937,-64.5618042661523,-154.73855383114008,64.36778947486796
3.52,12.641506140769073,-1.1038735486606381,3.863221229019695,-67.08345360788326,-148.6481096022476,65.17681629050946
3.53,11.852996998172939,-1.3058526050780583,3.3045069503922333,-69.28989678189785,-143.31897090196665,65.88471475419578
3.54,11.163051498401321,-1.482584279443301,2.815631956593204,-71.22053455916063,-138.65597453922084,66.50412590992131
3.55,10.559349186101157,-1.6372244945128884,2.3878663370190534,-72.90984261426554,-134.57585272181825,67.04611067118115
3.56,10.031109662838512,-1.7725346826987773,2.0135714198916714,-74.38798716248235,-131.00574613159097,67.52034733728351
3.57,9.568900079983697,-1.8909310973614302,1.6860633674052123,-75.68136364217206,-127.8819028651421,67.93530442012307
3.58,9.164466694985736,-1.9945279601912513,1.3994938214795607,-76.81306806190055,-125.14854000699933,68.29839186760769
3.59,8.810587483112519,-2.085175215167345,1.1487454687946155,-77.80330942916298,-122.7568475061244,68.61609338415673
3.6,8.500943172723455,-2.1644915632714268,0.9293406601952885,-78.66977062551761,-120.66411656785885,68.89408221113713
3.61,8.230004401133023,-2.2338933678624984,0.7373614526708774,-83.40042367232792,-99.7711018718765,73.63482180974499
3.62,7.992932975991395,-2.294619946879686,0.5693796460870177,-87.53974508828694,-81.48971401289194,77.78296895852688
3.63,7.785495478992471,-2.3477557035197254,0.42239556532614053,-91.16165132725106,-65.49349963628045,81.41259771371102
3.64,7.603987669118411,-2.3942494905797598,0.293784494660373,-94.33081928634468,-51.49681205674539,84.58852287449716
3.65,7.44516833547861,-2.4349315542572896,0.18124980782782635,-97.1038412505516,-39.249710424652214,87.36745739018502
3.66,7.306201418543783,-2.470528359975128,0.08278195684934805,-99.53023546923265,-28.533496496570685,89.79902509141189
3.67,7.18460536622581,-2.501675564978237,-0.00337741275682045,-101.65333041057858,-19.15680930949935,91.9266468299854
3.68,7.078208820447584,-2.5289293693559576,-0.07876686116221789,-103.51103848425626,-10.952208020811932,93.78831585123723
3.69,5.819774717891636,-2.824042198186463,0.13690437148305934,-105.13653304872423,-3.77318189321044,95.41727624483258
3.7,4.718644878155182,-3.0822659234131553,0.32561670004767695,-106.5588407926337,2.5084659684408654,96.8426165892285
3.71,3.755156268385784,-3.308211682986511,0.4907399875417173,-107.8033600685545,8.004907847385757,98.08978939057494
3.72,2.9121037348375616,-3.505914222613197,0.6352228640990026,-108.89231443498518,12.814294491462537,99.18106559175308
3.73,2.1744327679828666,-3.6789039447865477,0.7616453810866273,-109.84514950561203,17.02250780502972,100.13593226778394
3.74,1.5289706719850082,-3.830269951688229,0.8722650834507989,-110.67888019241053,20.704694454401004,100.97144060931095
3.75,0.9641913379868823,-3.9627152077272,0.969057323019449,-111.40839454335921,23.92660777260088,101.70251040814708
3.76,0.470009420738522,-4.0786048067613,1.053750532642018,-112.0467196004393,26.74578192602577,102.34219648212868
3.77,0.03760024314620675,-4.180008205916137,1.1278570910617658,-104.43712977538439,88.57693456027255,108.9525464218626
3.78,-0.34075778724706907,-4.26873618017662,1.192700329679045,-97.77873867846134,142.6791931152385,114.73660261912978
3.79,-0.6718210638411855,-4.346373157654543,1.2494381634691645,-91.95264646865367,190.01866935083368,119.79765179173856
3.8,-0.9615014308610372,-4.414305512947725,1.299083768035519,-86.85481578507195,231.44071105697947,124.22606981777125
3.81,-1.2149717520034076,-4.47374632382926,1.3425236720310791,-82.39421393693794,267.68499754985703,128.10093559054982
3.82,-1.4367582830029817,-4.525757033350602,1.3805335880271943,-78.4911873198207,299.3987482311249,131.49144314173108
3.83,-1.630821497627609,-4.5712664041817765,1.413792264523795,-75.0760390298431,327.1482800772343,134.4581372490147
3.84,-1.8006268104241578,-4.611087103659054,1.4428936064583207,-72.08778427611271,351.42912044258003,137.05399459288785
3.85,-3.3155448341211384,-3.8468435907016727,2.0793727806510307,-69.47306136659863,372.67485576225755,139.32536976877685
3.86,-4.641098104855996,-3.1781305168639635,2.636292058069652,-67.1851788207738,391.26487416697535,141.31282304767973
3.87,-5.800957216748996,-2.5930065772559683,3.123596425810945,-65.18328159317707,407.5311402711034,143.05184466671975
3.88,-6.815833939655372,-2.081023130098972,3.549987747584577,-63.43162151902994,421.7641231122155,144.57348858337977
3.89,-7.70385107219845,-1.6330376138366007,3.923080154136505,-61.8989189541512,434.21798309818854,145.9049270104573
3.9,-8.480866063173645,-1.2410502871070257,4.249536009869441,-60.5578042098823,445.115110585915,147.06993563415014
3.91,-9.160754180276939,-0.8980613762186475,4.535184883635761,-59.38432880864701,454.65009713767563,148.08931817988136
3.92,-9.755656282742322,-0.5979460791913165,4.785127648181291,-58.35753783256614,462.9932103704662,148.9812779073962
3.93,-10.276195622399532,-0.33534519429240184,5.0038275671586305,-32.94159560349537,445.0759354491579,179.27986854397167
3.94,-10.731667544599592,-0.1055694200058516,5.195189996263801,-10.70264615305845,429.39831989301314,205.79113535097522
3.95,-11.130205476524644,0.09548438249487985,5.362632121730826,8.756434616073857,415.68040628138647,228.9884938071033
3.96,-11.478926166959063,0.27140645968301985,5.509143981514473,25.783130289064623,403.67723187121317,249.28618245621539
3.97,-11.78405677108918,0.4253382772226424,5.637341858825165,40.68148900293154,393.1744542623115,267.04666002418844
3.98,-12.051046049703032,0.5600286175698121,5.7495150014720195,53.7175528775651,383.98452385452254,282.5870778961649
3.99,-12.284661668490154,0.6778826653735857,5.847666501288018,65.12410876786946,375.9433347477072,296.1849435341443
4.0,-12.489075334928884,0.7810049572018875,5.933549063627016,75.10484517188577,368.9072942792438,308.08307596737626
4.01,-12.540683418062773,2.1902200875516513,5.565206555673639,83.83798952540005,362.7507588693383,318.4939418464542
4.02,-12.585840490804927,3.423283326607695,5.2429068612144345,91.47949083472504,357.363790385671,327.60344949064745
4.03,-12.62535292945431,4.502213660781734,4.96089462856263,98.16580448038441,352.6501929624621,335.5742686793165
4.04,-12.659926313272521,5.446277703184017,4.714133924992302,104.01632892033636,348.5257952171543,342.54873546940195
4.05,-12.690178024113456,6.272333740286015,4.498218309368264,109.13553780529432,344.91694719001003,348.6513939107267
4.06,-12.716648271099274,6.995132772750264,4.309292145697231,113.61484557963253,341.75920516625877,353.99122004688587
4.07,-12.739809737211864,7.627581926156481,4.143981752485077,117.53423988217847,338.9961808954764,358.66356791602516
4.08,-12.760076020060382,8.18097493538692,3.9993351584244428,120.96370989690617,336.57853465854186,362.751872301522
4.09,-12.777809017552833,8.665193818463555,3.8727693886213874,95.0151210347929,272.87621770122416,331.02726326383174
4.1,-12.793325390358728,9.08888534115561,3.7620243400437143,72.31010578044379,217.13669036357115,303.2682303558528
4.11,-12.806902216563886,9.459615423511158,3.66512242253825,52.44321743288832,168.36460394312473,278.9790765613712
4.12,-12.8187819394934,9.784004245572264,3.580333244720969,35.05969012877728,125.68902832523416,257.7260669911998
4.13,-12.829176697056724,10.067844464875732,3.506142714130848,19.849103737680117,88.3478996595799,239.1296836172998
4.14,-12.838272109924633,10.316204656766265,3.441225999864492,6.539840645470104,55.674412077132416,222.8578481651373
4.15,-12.846230596184053,10.533519824670483,3.3844238748814304,-5.105764560213659,27.08511044249087,208.61999214449514
4.16,-12.853194271661046,10.723670596586674,3.3347220155212516,-15.295669115186952,2.0694715121795113,196.16186812643323
4.17,-10.308455487703416,9.77058564701334,1.8980757635810952,-24.211835600788582,-19.819212551842927,185.26100961062906
4.18,-8.081809051740489,8.936636316136672,0.6410102931334583,-32.01348127569001,-38.971811107862564,175.7227584093004
4.19,-6.133493420272927,8.206930651619588,-0.45892199350822405,-38.83992124122876,-55.73033484437974,167.37678860813784
4.2,-4.428717242738811,7.56843819516714,-1.421362744319696,-44.813056211075164,-70.39404311383227,160.07406503212061
4.21,-2.937038087396459,7.009757295771247,-2.263498401279734,-50.03954930969077,-83.22478784960323,153.68418190310553
4.22,-1.6318188264719018,6.520911508799841,-3.0003671011197675,-54.612730770979425,-94.45168949340282,148.09303416521732
4.23,-0.4897519731629141,6.093171445199861,-3.6451272134797965,-58.614264549607,-104.27522843172747,143.20077989456513
4.24,0.5095565234824502,5.7188988895498785,-4.209292311794822,-62.11560660590612,-112.87082500276153,138.92005740774448
4.25,1.383951458047144,5.391410403356144,-4.70293677282047,-60.353655780167855,-142.33259900241634,88.21317448177642
4.26,2.1490470257912513,5.104857977936625,-5.134875676217911,-58.81194880764687,-168.1116512521143,43.84465192155437
4.27,2.8185056475673447,4.854124605694547,-5.512822216690672,-57.46295520669101,-190.6683219706,5.022194681360077
4.28,3.4042819416214263,4.634732904982728,-5.843525439604338,-56.28258580585463,-210.40540884927498,-28.947455403809933
4.29,3.916836198918748,4.442765166859887,-6.1328907596537965,-55.2497625801228,-227.6753598681156,-58.670899228333695
4.3,4.365321174053904,4.274793396002401,-6.386085414697072,-54.346042257607444,-242.78656700960113,-84.67891257479198
4.31,4.757745527297167,4.127818096502101,-6.607630737859938,-53.55528697540651,-256.00887325840097,-107.43592425294298
4.32,5.101116836385021,3.9992147094393387,-6.801482895627446,-52.8633761034807,-267.57839122610085,-127.34830947132511
4.33,3.394594981836894,2.948257120759421,-7.373833033674016,-52.25795409054561,-277.70171944783823,-144.77164653740948
4.34,1.9013883591072822,2.0286692306644936,-7.874639404464764,-51.72820982922741,-286.55963164185846,-160.01706647023332
4.35,0.5948325642188721,1.2240298268314318,-8.312844978906668,-51.26468360057398,-294.31030481162617,-173.35680891145415
4.36,-0.5484037563084868,0.5199703484775029,-8.696274856543335,-50.859098150502234,-301.09214383517286,-185.02908354752236
4.37,-1.5487355367699258,-0.09608169508218489,-9.031775999475418,-50.50421088168945,-307.02625298077623,-195.2423238540821
4.38,-2.424025844673685,-0.6351272331969118,-9.325339499540991,-50.19368452147827,-312.2185984831792,-204.17890912232184
4.39,-3.189904864089474,-1.1067920790472978,-9.582207562098368,-49.921973956293485,-316.7619007977818,-211.9984212320316
4.4,-3.86004900607829,-1.5194988191663854,-9.806967116836072,-49.6842272117568,-320.737290323059,-218.84049432802766
4.41,-4.446425130318503,-1.8806172167705872,-10.003631727231562,-39.1424488102872,-326.79262940767666,-194.9941826620242
4.42,-4.95950423902869,-2.1965958146742635,-10.175713261327617,-29.9183927090013,-332.0910511067171,-174.12865995427117
4.43,-5.408448459150104,-2.4730770878399806,-10.326284603661666,-21.847343620376137,-336.7271700933774,-155.87132758498728
4.44,-5.801274651756341,-2.7149982018599825,-10.458034528203958,-14.785175667829119,-340.78377420670523,-139.89616176186388
4.45,-6.144997570286797,-2.9266791766274842,-10.573315712178465,-8.605778709350478,-344.33330280586705,-125.91789166663091
4.46,-6.445755124000947,-3.111900029549049,-10.674186748156156,-3.1988063706816687,-347.4391403301337,-113.68690533330205
4.47,-6.708917983500829,-3.2739682758554176,-10.762448904636637,1.5322944256535398,-350.15674816386695,-102.9847922916393
4.48,-6.939185485563225,-3.4157779913734903,-10.839678291557057,5.672007622446847,-352.5346550183836,-93.62044338018438
4.49,-4.020092799867822,-3.1258262424518044,-9.557566630112426,9.29425666964099,-354.61532351608565,-85.42663808266134
4.5,-1.465886699884344,-2.8721184621453286,-8.435718926348372,12.463724585935868,-356.43590845157496,-78.25705844732867
4.51,0.7690436376011989,-2.6501241543771625,-7.4541021855548255,15.237009012693886,-358.0289202701281,-71.9836762664126
4.52,2.7246076829010493,-2.455879135080017,-6.595187537360473,17.66363288610715,-359.4228056113621,-66.49446685811102
4.53,4.435726222538419,-2.285914743195015,-5.843637220190414,19.786928775343753,-360.64245528494183,-61.691408625847146
4.54,5.932954944721116,-2.137195900295638,-5.186030692666612,21.644812678425783,-361.7096487493241,-57.48873267261625
4.55,7.243030076630976,-2.0070669127586838,-4.610624981083285,23.27046109362256,-362.6434430306586,-53.81139121353922
4.56,8.389345817052105,-1.8932040486638482,-4.107144983447875,24.69290345691974,-363.4605130268263,-50.593717436846816
4.57,9.392372089920592,-1.793574042580867,-3.666599985516891,15.529415274804773,-328.26982439847296,-34.34262788224096
4.58,10.270020078680517,-1.7063977872582587,-3.28112311232728,7.511363115454176,-297.47797184866386,-20.122924521960844
4.59,11.037962068845452,-1.6301185638509763,-2.94383084828637,0.4955674760224049,-270.53510086758087,-7.680684081715739
4.6,11.709911310239772,-1.5633742433696043,-2.648700117250574,-5.643253708480396,-246.96008875913324,3.2062763034987274
4.61,12.2978668964598,-1.5049729629484037,-2.3904607275942524,-11.014722244920346,-226.33195316424158,12.732366640561386
4.62,12.812328034402325,-1.4538718425798531,-2.164501261644971,-15.714757214305301,-208.28233451871137,21.067695685491213
4.63,13.262481530102034,-1.4091583622573716,-1.9667867289393495,-19.827287812517138,-192.48891820387243,28.361108599804812
4.64,13.65636583883928,-1.3700340669752,-1.7937865128219308,-23.425752085952496,-178.66967892838838,34.74284489982921
4.65,12.819263858984371,-1.6071925586033,-1.0285729487191895,-26.574408325208434,-166.57784456233983,40.32686416235056
4.66,12.086799626611324,-1.8147062387778874,-0.35901108012929084,-29.329482534557382,-155.99748949204735,45.212881017056745
4.67,11.445893423284907,-1.9962807089306516,0.22685555488687054,-31.74017246773771,-146.73967880554142,49.48814576492465
4.68,10.885100495374296,-2.1551583703143202,0.7394888605260117,-33.849526159270496,-138.63909445484873,53.22900241930907
4.69,10.394406683452509,-2.29417632402503,1.1880430029602602,-35.69521063936168,-131.55108314799264,56.502251991895434
4.7,9.965049598020947,-2.4158170335219014,1.5805278775902276,-37.310184559441474,-125.34907325449358,59.36634536790851
4.71,9.589362148268329,-2.522252654331664,1.9239521428914492,-38.72328673951129,-119.92231459768189,61.872427071919944
4.72,9.26063562973479,-2.615383822540206,2.224448375030018,-39.959751147072375,-115.17390077297166,64.06524856292995
4.73,8.972999926017941,-2.6968735947226805,2.4873825781512657,-41.44415750368833,-99.4340381763502,62.44896749256371
4.74,8.721318685265699,-2.7681771453823454,2.7174500058823576,-42.7430130657273,-85.66165840430642,61.034721555993244
4.75,8.501097599607487,-2.8305677522095523,2.918759005147063,-43.87951168251139,-73.61082610376812,59.797256361494085
4.76,8.30840414965655,-2.885159533183358,3.09490437950368,-44.87394797219747,-63.06634784079711,58.714474316307324
4.77,8.139797380949481,-2.9329273415354384,3.24903158206572,-45.74407972567279,-53.83992936069747,57.76704002676891
4.78,7.992266458330796,-2.9747241738435086,3.3838928843075053,-46.505445009963694,-45.766813190610286,56.9380350234228
4.79,7.863176901039447,-3.01129640211307,3.501896523769067,-47.17163963371823,-38.702836541784,56.21265564549495
4.8,7.750223538409516,-3.0432971018489363,3.605149708297934,-47.75455992950346,-32.521856974061,55.57794868980808
4.81,7.039501096108327,-3.2565685891178195,3.6476319947606926,-48.26461518831553,-27.113499852303377,55.02258010358207
4.82,6.417618959094787,-3.4431811404780923,3.684803995415606,-48.71091353977609,-22.381187370765453,54.53663259063431
4.83,5.873472089207938,-3.606467122918331,3.7173294959886554,-49.101424597304074,-18.24041394941977,54.11142851680502
4.84,5.3973435780569465,-3.7493423575535396,3.745789308990074,-49.443121772641064,-14.617237205742299,53.73937495220439
4.85,4.980731130799828,-3.874358187859347,3.770691645366315,-49.74210680106093,-11.446957555024511,53.41382808317884
4.86,4.61619523944985,-3.983747039376929,3.7924811896955255,-50.00371870092832,-8.672962860646447,53.12897457278149
4.87,4.297226334518619,-4.079462284454813,3.811547040983585,-50.232629113312285,-6.245717503065641,52.8797277511838
4.88,4.018128542703792,-4.163213123897961,3.828229660860637,-50.43292572414825,-4.121877815182436,52.661636782285825
4.89,3.7739179748658183,-4.236495108410716,3.842826953253058,-50.844435133629716,21.12960753671537,54.330182309500096
4.9,3.5602337280075913,-4.300616844859376,3.8555995840964257,-51.204505866926006,43.22465721962595,55.79015964581258
4.91,3.373260012006642,-4.356723364251954,3.866775636084373,-51.51956775856026,62.55782569217271,57.067639815086004
4.92,3.2096580105058115,-4.405816568720459,3.8765546815738263,-51.79524691374023,79.47434810565112,58.18543496320025
4.93,3.066506259192585,-4.448773122630401,3.8851113463770983,-52.0364661745227,94.27630521744473,59.16350571780022
4.94,2.941248476793512,-4.486360107301601,3.8925984280799613,-52.24753302770736,107.22801769026414,60.01931762807519
4.95,2.8316479171943234,-4.519248718888901,3.8991496245699664,-52.43221652424394,118.56076610398112,60.76815304956579
4.96,2.735747427545033,-4.548026254027788,3.904881921498721,-52.59381458371345,128.47692096598348,61.42338404337006
4.97,1.381335374101904,-3.9021275972743146,3.274492556311381,-52.73521288574928,137.15355647023554,61.996711162948806
4.98,0.19622482733916602,-3.336966272615025,2.7229018617724585,-52.85893640003062,144.7456125364561,62.4983723925802
4.99,-0.8407469010782297,-2.842450113538147,2.240260004050901,-52.967194475026794,151.38866159439908,62.93732596850767
5.0,-1.7480971634434508,-2.4097484743458786,1.8179483785445385,-53.061920290648445,157.2013295200992,63.321410347444214
5.01,-2.5420286430130195,-2.0311345400526437,1.4484257062264712,-53.14480537931739,162.2874139550868,63.657484179013686
5.02,-3.236718687636392,-1.6998473475460631,1.1250933679481623,-53.21732983190272,166.73773783570095,63.95154878163697
5.03,-3.844572476681843,-1.4099710541028052,0.842177571954642,-53.28078872791488,170.63177123123833,64.20885530893236
5.04,-4.376444542096612,-1.1563292973399546,0.5946262504603117,-53.33631526192552,174.03905045233353,64.43399852031581
5.05,-4.841832599334536,-0.9343927601724602,0.3780188441527727,-41.78677572918483,196.04729489579185,64.26349883027633
5.06,-5.249047149417718,-0.7401982901509027,0.18848736363367613,-31.680928638036725,215.30450878381788,64.11431160149179
5.07,-5.605359880740503,-0.5702781288820398,0.022647318179466608,-22.838312433282134,232.15457093584064,63.983772776305315
5.08,-5.9171335206479405,-0.4215979877717848,-0.12246272159296673,-15.101023254121866,246.89837531886056,63.86955130426715
5.09,-6.189935455566948,-0.29150286430031175,-0.2494340063938459,-8.330895222356633,259.79920415400295,63.769607516233755
5.1,-6.42863714862108,-0.1776696312627728,-0.36053388059461516,-2.407033194562054,271.08742938475257,63.682156701704535
5.11,-6.637501130043445,-0.0780655523549262,-0.45774627052028827,2.776346079758203,280.9646264616585,63.60563723899147
5.12,-6.8202571137880135,0.00908801668943958,-0.5428071117052522,7.311802944788427,289.6071739039512,63.53868270911754
5.13,-8.765824974564511,0.6679398896032597,0.22907965225790428,11.280327701689874,297.16940291595733,63.48009749547784
5.14,-10.468196852743947,1.244435278402852,0.9044805707256662,14.75278686397864,303.78635330146267,63.428835433543114
5.15,-11.957772246150954,1.7488687436024954,1.495456374384958,17.79118863098131,309.57618488877984,63.383981129350225
5.16,-13.261150715382085,2.1902480256521835,2.0125602025868385,20.449790177108646,314.64228752768236,63.34473361318145
5.17,-14.401606875959324,2.5764548974456605,2.4650260522634837,22.776066529970066,319.07512733672206,63.31039203653376
5.18,-15.399506016464409,2.914385910264953,2.8609336707305486,24.811558338723806,322.95386216963175,63.28034315696704
5.19,-16.272667764406357,3.210075546481834,3.20735283688923,26.59261367138333,326.3477551484277,63.25405038734616
5.2,-17.036684293855565,3.468803978171605,3.5104696072780763,28.151037087460413,329.31741150487426,63.23104421392789
5.21,-17.70519875712362,3.6951913559001546,3.7756967813683167,30.98028257652786,318.04273569176496,90.6640386871869
5.22,-18.29014891248317,3.8932803114126355,4.007770558697277,33.45587237946188,308.1773943552944,114.66790885128853
5.23,-18.80198029842277,4.066608147486056,4.210835113860117,35.62201345702915,299.54522068588255,135.67129524487746
5.24,-19.249832761119926,4.218270004050298,4.388516599627603,37.51738689990051,291.9920687251472,154.04925833926777
5.25,-19.641703665979932,4.350974128544011,4.5439878996741525,39.17583866241295,285.3830607595038,170.1299760468593
5.26,-19.984590707732437,4.467090237476009,4.6800252872148835,40.62698395461133,279.6001787895658,184.20060404100187
5.27,-20.284616869265882,4.568691832791508,4.799058001313023,41.89673608528492,274.54015706587006,196.51240353587662
5.28,-20.54713976060765,4.657593228692569,4.903211626148895,43.007769199624306,270.11263805763633,207.28522809389202
5.29,-17.008278790531694,5.334813075105998,4.881311672880283,43.97992317467127,266.2385589254318,216.7114495821555
5.3,-13.911775441715232,5.927380440717749,4.862149213770247,44.83055790283736,262.8487396847528,224.95939338438606
5.31,-11.202335011500828,6.445876885628031,4.845382062048967,45.574863289982694,259.88264784915873,232.1763442113378
5.32,-8.831574635063227,6.899561274924527,4.8307108042928455,46.22613050373486,257.2873174930139,238.49117618492056
5.33,-6.757159305680323,7.296535115558961,4.817873453756239,46.795989315768004,255.01640343138718,244.0166541618055
5.34,-4.942045892470283,7.643887226114091,4.806640772036709,47.29461577629701,253.0293536274638,248.8514473915798
5.35,-3.3538216559114975,7.9478203228498305,4.7968121755321205,47.730913929259884,251.29068504903083,253.08189146763232
5.36,-1.9641254489225606,8.213761782493602,4.788212153590606,48.1126748131024,249.76935004290198,256.7835300341783
5.37,-0.7481412678072406,8.446460559681901,4.78068713439178,36.909840461464604,213.47318128753923,228.828713654906
5.38,0.3158448906686645,8.650071989721663,4.774102742592807,27.107360403781527,181.71403362659683,204.36824932304276
5.39,1.2468327793350813,8.828231991006454,4.768341399768706,18.53019035330884,153.92477942327224,182.96534303266242
5.4,2.0614471819181963,8.984121992130648,4.763300224797617,11.025166559145234,129.60918199536323,164.2378000285796
5.41,2.7742347841784216,9.120525743114317,4.758889196697915,4.45827073925208,108.33303424594283,147.85119990000717
5.42,3.397923936156119,9.239879025225028,4.755029547110675,-1.2877631031544299,89.71640496519997,133.51292478750628
5.43,3.943651944136604,9.3443131470719,4.751652353721841,-6.315542715260126,73.42685434454997,120.96693406406798
5.44,4.421163951119528,9.435693003687911,4.748697309506611,-10.714849875852611,59.17349755148122,109.98919218105948
5.45,4.636034707229587,7.797318003226922,3.243823395818285,-14.564243641371036,46.701810357546066,100.38366803342704
5.46,4.824046618825889,6.363739877823557,1.9270587213409995,-17.932463186199655,35.78908406285281,91.97883440424866
5.47,4.988557041472653,5.1093590180956125,0.7748896311733745,-20.8796552879247,26.24044855499621,84.62460497871757
5.48,5.132503661288571,4.0117757658336615,-0.23325832272329738,-23.45844837693411,17.885392485621683,78.18965423137787
5.49,5.258456953627499,3.051390420104454,-1.1153877823828853,-25.714892329817346,10.574718424918974,72.55907232745564
5.5,5.368666084424062,2.2110532425913973,-1.8872510595850245,-27.689280788590175,4.177878621804102,67.63231316152368
5.51,5.465099073871054,1.4757582122674726,-2.5626314271368966,-29.416870690016403,-1.4193562059214107,63.32139889133322
5.52,5.549477939637172,0.8323750607340386,-3.1535892487447845,-30.928511853764352,-6.316936680181234,59.54934890491656
5.53,5.623309447182526,0.26941480314228367,-3.6706773426516865,-27.626822872043807,-39.21044534515858,28.918180166801996
5.54,5.687912016284709,-0.2231754222505018,-4.123129424820226,-24.737845013038328,-67.99226542701376,2.1159075209517475
5.55,5.74443926424912,-0.6541918694691891,-4.519024996717698,-22.209989386408534,-93.17635799863704,-21.33608104416722
5.56,5.79390060621798,-1.0313312607855405,-4.865433622127986,-19.998115713107467,-115.21243899880741,-41.856571038646315
5.57,5.837179280440732,-1.361328228187348,-5.168541169361988,-18.06272624896903,-134.4940098739565,-59.81199978381552
5.58,5.875048120385641,-1.6500755746639295,-5.43376027319174,-16.3692604678479,-151.36538438971195,-75.52299993583858
5.59,5.908183355337435,-1.9027295028309383,-5.665826989042773,-14.887477909366913,-166.12783709099796,-89.27012506885876
5.6,5.937176685920256,-2.123801689977071,-5.868885365412427,-13.59091817069605,-179.04498320462324,-101.29885956025142
5.61,6.689390600180223,-1.679100353729937,-5.506610444735874,-12.456428399359043,-190.3474860540453,-111.82400224021998
5.62,7.347577775157696,-1.289986684513695,-5.18961988914389,-11.463749849439163,-200.23717604728967,-121.03350208519248
5.63,7.923491553262984,-0.9495122239494831,-4.912253153000903,-10.595156118259267,-208.89065479137844,-129.09181444954342
5.64,8.427416109105112,-0.6515970709557977,-4.66955725887579,-9.835136603476858,-216.46244869245612,-136.1428377683505
5.65,8.868350095466973,-0.39092131208632297,-4.4571983515163165,-9.170119528042251,-223.08776835589913,-142.31248317230666
5.66,9.254167333533601,-0.1628300230755326,-4.271384307576777,-8.58822958703697,-228.8849230614117,-147.7109229007683
5.67,9.5917574168419,0.036749854808908966,-4.108797019129679,-8.079075888657348,-233.95743342873527,-152.43455766317226
5.68,9.887148739736663,0.21138224795779534,-3.9665331417384695,-7.6335664025751795,-238.39588000014334,-156.56773808027572
5.69,10.14561614726958,0.3641855919630709,-3.842052249021161,-14.891245602253282,-233.41139600012542,-131.75989569524123
5.7,10.371775128860882,0.49788851796768696,-3.7331314678935157,-21.24171490197162,-229.04997250010973,-110.05303360833608
5.71,10.56966423775327,0.6148785782217261,-3.6378257844068265,-26.798375539225166,-225.233726937596,-91.05952928229406
5.72,10.742817208034111,0.7172448809440104,-3.5544333113559734,-31.66045359682202,-221.8945120703965,-74.44021299700731
5.73,10.894326057029847,0.8068153958260091,-3.481464897436477,-35.91477189721927,-218.97269906159693,-59.8983112473814
5.74,11.026896299901116,0.8851895963477581,-3.4176175352569174,-39.63730041006686,-216.41611267889732,-47.17414721645873
5.75,11.142895262413477,0.9537670218042883,-3.361751093349803,-42.8945128588085,-214.17909959403516,-36.04050368940139
5.76,11.244394354611792,1.0137722690787523,-3.3128679566810777,-45.74457375145743,-212.22171314478078,-26.298565603226216
5.77,10.608405435285318,0.13835211044390827,-2.6894543370959427,-48.23837703252525,-210.50900000168318,-17.774369777822937
5.78,10.051915130874653,-0.6276405283615802,-2.14396741995895,-50.42045490345959,-209.01037600147276,-10.31569843059507
5.79,9.564986114515321,-1.2978840873163828,-1.6666663674640811,-52.329773040527144,-207.69908000128868,-3.789361001770687
5.8,9.138923225200905,-1.8843472014018348,-1.249027946531071,-54.00042641046125,-206.5516960011276,1.9211842484506487
5.81,8.766118197050792,-2.3975024262266054,-0.8835943282146872,-55.46224810915359,-205.54773500098665,6.9179113423943175
5.82,8.439913797419443,-2.8465132479482795,-0.5638399121878513,-56.74134209550939,-204.6692691258633,11.290047549595027
5.83,8.154484947742013,-3.2393977169547443,-0.28405479816436996,-57.86054933357072,-203.90061148513038,15.115666730895647
5.84,7.9047347042742615,-3.583171627335401,-0.039242823393823706,-58.83985566687438,-203.22803604948908,18.463083514533693
5.85,7.686203241239979,-3.883973798918476,0.17496765453040425,-63.28424920851508,-184.02828179330297,28.195198575216978
5.86,7.494988211084982,-4.147175699053666,0.3624018227141037,-67.1730935574507,-167.2284968191401,36.71079925331485
5.87,7.327675059699359,-4.377477361671958,0.5264067198748408,-70.57583236276936,-152.5286849667476,44.161949846650494
5.88,7.18127605223694,-4.578991316462964,0.6699110048904857,-73.55322881742319,-139.66634959590417,50.68170661581918
5.89,7.0531769207073225,-4.755316026905094,0.795477254279175,-76.1584507152453,-128.41180614641615,56.38649378884178
5.9,6.941090180618907,-4.909600148541958,0.9053477224942781,-78.43801987583963,-118.56408062811413,61.37818256523656
5.91,6.843014283041544,-5.0445987549742135,1.0014843821824932,-80.43264289135968,-109.94732079959986,65.74591024458199
5.92,6.757197872661352,-5.162722535602437,1.0856039594096816,-82.17793802993971,-102.40765594964988,69.56767196400925
5.93,6.399627763578683,-5.187448968652133,1.1096860894834715,-83.70507127619724,-95.81044920594364,72.9117134685081
5.94,6.086753918131347,-5.209084597570616,1.1307579532980376,-85.04131286667258,-90.03789330520068,75.83774978494459
5.95,5.812989303364928,-5.228015772874289,1.1491958341357829,-86.21052425833851,-84.9869068920506,78.39803156182653
5.96,5.573445265444311,-5.244580551265003,1.16532897986881,-87.23358422604619,-80.56729378054428,80.63827811659822
5.97,5.363844232263772,-5.259074732356878,1.1794454823852087,-88.12876169779041,-76.70013230797623,82.59849385202344
5.98,5.1804433282308,-5.2717571408122685,1.1917974220870577,-88.9120419855666,-73.3163660194792,84.31368262052051
5.99,5.01996753720195,-5.282854248210735,1.2026053693261756,-89.59741223737078,-70.3555705170443,85.81447279295546
6.0,4.879551220051706,-5.292564217184394,1.2120623231604037,-90.19711120769942,-67.76487445241376,87.12766419383603
6.01,4.756686942545242,-5.301060440036345,1.2203371577653535,-84.264347431737,-43.06301552086204,90.58670654460653
6.02,4.649180699727086,-5.308494635031802,1.2275776380446843,-79.07317912776988,-21.44888895575428,93.61336860153071
6.03,4.555112737261201,-5.314999555652827,1.233913058289099,-74.53090686179864,-2.5365282112849954,96.26169790133937
6.04,4.472803270103551,-5.320691361196224,1.2394565510029616,-70.55641862907382,14.01178744012563,98.57898603867196
6.05,4.400782486340607,-5.325671691046696,1.2443071071275915,-67.07874142543959,28.491563635109927,100.60661315883797
6.06,4.337764300548032,-5.33002947966586,1.2485513437366427,-64.03577387225964,41.161367805721184,102.38078688898324
6.07,4.282623387979528,-5.333842544707627,1.2522650507695623,-61.373177263227184,52.24744645500604,103.93318890286034
6.08,4.234375089482087,-5.337178976619174,1.255514544423367,-59.043405230323785,61.94776527313029,105.2915406650028
6.09,3.480389703296826,-5.145511729541777,1.5795461013704464,-57.00485470153331,70.435544238989,106.48009845687744
6.1,2.8206524903847225,-4.977802888349054,1.8630737136991407,-55.22112298884165,77.86235083411538,107.52008652476778
6.11,2.243382429086632,-4.8310576523054225,2.111160374486748,-53.66035774023644,84.36080660485095,108.43007608417182
6.12,1.738271125450803,-4.702655570767244,2.328236202675905,-52.294688147706886,90.04695540424458,109.22631694865035
6.13,1.2962987347694526,-4.590303749421339,2.518177552341417,-51.099727254243525,95.02233560371401,109.92302770506905
6.14,0.9095728929232709,-4.491995905743671,2.68437623329874,-50.054136472463085,99.37579327824976,110.53264961693543
6.15,0.5711877813078621,-4.405976542525712,2.829800079136398,-49.1392445384052,103.18506874346855,111.0660687898185
6.16,0.2751008086443793,-4.330709599709998,2.9570459442443484,-48.33871409610455,106.51818477553499,111.5328105660912
6.17,0.01602470756383187,-4.264851024746248,3.068386076213805,-39.09387483409148,129.48966255359312,109.70120974532979
6.18,-0.21066688088164712,-4.2072247716529665,3.1658086916870793,-31.004640479830044,149.58970560939397,108.09855902716356
6.19,-0.40902202077144123,-4.156801800196345,3.2510534802261946,-23.92656041985129,167.17724328321972,106.69623964876811
6.2,-0.5825827681750111,-4.112681700171803,3.3256426701979205,-17.733240367369877,182.56633874781727,105.4692101926721
6.21,-0.7344484221531347,-4.074076612650328,3.3909082114231803,-12.314085321448642,196.0317972793401,104.39555941858808
6.22,-0.867330869383993,-4.040297161069037,3.448015559995283,-7.572324656267561,207.81407349442262,103.45611499126457
6.23,-0.9836030107109939,-4.0107401409354075,3.4979844899958725,-3.423284074234116,218.12356518261979,102.6341011173565
6.24,-1.0853411343721198,-3.9848777483184814,3.5417073037463886,0.2071264350451485,227.14437040979232,101.91483897768693
6.25,-1.8785699925756048,-3.319358779778671,3.4243943907780903,3.3837356306645052,235.03757498356828,101.28548460547606
6.26,-2.572645243503654,-2.7370296823063374,3.3217455919308287,6.163268676831443,241.94412898562226,100.73479952979154
6.27,-3.1799610880656974,-2.2274917220180455,3.231927892939475,8.595360092227512,247.98736373741949,100.2529500885676
6.28,-3.7113624520574855,-1.7816460067657898,3.1533374063220405,10.723440080699074,253.27519414524207,99.83133182749665
6.29,-4.1763386455503,-1.391531005920066,3.0845707305317855,12.58551007061169,257.9020457520868,99.46241584905957
6.3,-4.583192814856512,-1.0501803801800578,3.024399889215312,14.21482131178523,261.95054090807594,99.13961436792712
6.31,-4.939190212999449,-0.7514985826575507,2.971750403063398,15.640468647812076,265.4929741695664,98.85716307193623
6.32,-5.2506879363745185,-0.49015200982535684,2.925682102680473,16.887910066835566,268.5926032733706,98.61001818794419
6.33,-5.523248444327704,-0.26147375859718724,2.8853723398454143,35.14692230848112,280.7416548641993,112.41564103945117
6.34,-5.761738888786741,-0.061380288772538816,2.8501012973647377,51.12355801992098,291.3720750061744,124.49556103451977
6.35,-5.9704180276884,0.11370149732402854,2.8192391351941453,65.10311426743085,300.67369263040257,135.06549103020478
6.36,-6.1530122742273505,0.26689806015852496,2.792234743294877,77.335225984002,308.81260805160224,144.31417977642917
6.37,-6.312782239948932,0.4009450526387094,2.768605900383017,88.03832373600174,315.93415904515194,152.4067824293755
6.38,-6.452580959955316,0.5182361710588708,2.74793066283514,97.40353426900153,322.16551616450795,159.48780975070358
6.39,-6.574904839960903,0.620865899676512,2.7298398299807474,105.59809348537634,327.6179536439444,165.68370865686563
6.4,-6.68193823496579,0.710666912216948,2.7140103512331537,112.7683327997043,332.38883643845134,171.1051201997574
6.41,-8.451783705595066,1.2671624231898295,2.3271850573290096,119.04229219974127,336.5633588836449,175.84885529978772
6.42,-10.000398492395682,1.754095995291101,1.9887129251628832,124.53200667477361,340.2160660231893,179.99962351231423
6.43,-11.355436430846222,2.1801628708797134,1.6925498095175229,129.33550684042692,343.4121847702906,183.63154569827495
6.44,-12.541094626990443,2.5529713870197495,1.4334070833278325,133.53856948537356,346.20878867400427,186.80947761099057
6.45,-13.578545548616638,2.879178838642281,1.2066571979118534,137.21624929970187,348.6558170897537,189.59016803461674
6.46,-14.486315105039559,3.164610358811996,1.0082510481728717,140.43421913723913,350.7969669535345,192.02327215528965
6.47,-15.280613466909614,3.4143629389604966,0.8346456671512628,143.24994274508424,352.67047308434263,194.15223826087842
6.48,-15.975624533545911,3.6328964465904345,0.682740958757355,145.7137009019487,354.3097909487998,196.0150836032686
6.49,-16.583759216852673,3.82411326576663,0.5498243389126856,111.23323741420512,303.81294208019983,203.98882490286005
6.5,-17.11587706474609,3.9914279825458014,0.43352229654859986,81.06283186242948,259.6281993201749,210.96584854000255
6.51,-17.58148018165283,4.1378283597275765,0.3317580094800249,54.6637270046258,220.96654940515302,217.07074422250224
6.52,-17.988882908946223,4.265928689761629,0.24271425829502175,31.564510254047573,187.1376057295089,222.41252794468946
6.53,-18.345360295327946,4.378016478541425,0.16480097600814403,11.352695597291625,157.5372800133203,227.0865887016033
6.54,-18.657278008411954,4.476093293723746,0.096626854007126,-6.3326422273698295,131.63699501165527,231.1763918639029
6.55,-18.930206007360457,4.561910507008278,0.03697449725623526,-21.8073128239486,108.97424563519837,234.75496963091504
6.56,-19.1690180064404,4.637000568632243,-0.015221314900794147,-35.347649595955026,89.14433993079858,237.88622517705068
6.57,-15.169411630635349,5.439142497553212,0.03337684946180512,-47.195444271460644,71.79317243944877,240.62607377991935
6.58,-11.66975605180593,6.141016685359061,0.07590024327907949,-57.56226461252807,56.61090088451767,243.02344130742944
6.59,-8.607557420330188,6.755156599689178,0.11310821286919455,-66.63323241096207,43.32641327395296,245.12113789400075
6.6,-5.928133617788915,7.29252902472803,0.14566518626054523,-74.57032923459181,31.702486614708842,246.95662240725068
6.61,-3.5836377905653007,7.762729896637026,0.17415253797797708,-81.51528895526783,21.531550787870238,248.56267135634434
6.62,-1.532203941744638,8.174155659557398,0.19907897073072994,-87.59212871085936,12.63198193938646,249.9679641868013
6.63,0.2628006759734418,8.534153202112723,0.2208895993893887,-92.90936349700193,4.844859196963152,251.19759541345115
6.64,1.8334297164767617,8.849151051848633,0.23997389946571512,-97.5619439348767,-1.9688732026572415,252.27352273676976
6.65,3.2077301269171663,9.124774170367553,0.2566726620325007,-83.30170081801711,-36.97651567732508,196.53683201967354
6.66,4.410242986052521,9.365944399071608,0.2712840792784381,-70.82398809076497,-67.60820284265944,147.76722764221435
6.67,5.462441737795956,9.576968349187657,0.28406906936863335,-59.905989454419355,-94.41092911232701,105.09382381193757
6.68,6.383115645571461,9.7616143055392,0.29525593569755415,-50.35274064761694,-117.86331459828614,67.75459546044537
6.69,7.188705314875028,9.923179517346801,0.3050444437353599,-41.993647941664825,-138.38415189850036,35.0827706528897
6.7,7.893596275515649,10.064549077678452,0.31360938826843987,-34.67944182395672,-156.3398845361878,6.494923946278487
6.71,8.510375866076194,10.188247442968645,0.32110371473488486,-28.27951147096213,-172.05115059416434,-18.519441922006322
6.72,9.05005800781667,10.296483512597565,0.32766125039302424,-22.679572412091865,-185.79850839489382,-40.40701205675553
6.73,7.291250506839586,5.97550144852287,-0.11575478090610375,-17.77962573558038,-197.8274464705321,-59.55863592466109
6.74,5.752293943484638,2.194642142457511,-0.5037438082928407,-13.492172393632835,-208.3527672867156,-76.31630680907845
6.75,4.4057069505490585,-1.1136097503496778,-0.8432342072562355,-9.740650719428729,-217.56242300087615,-90.97926883294365
6.76,3.227443331730426,-4.008330156555968,-1.140288306349206,-6.4580692545001375,-225.62087175076664,-103.8093606038257
6.77,2.1964626652641224,-6.541210511986472,-1.4002106430555552,-3.58581047268762,-232.67201440692082,-115.03569090334749
6.78,1.294354582106107,-8.757480822988164,-1.6276426876736108,-1.0725840386016676,-238.84176423105572,-124.85872991542905
6.79,0.5050100093428437,-10.696717345114644,-1.8266457267144094,1.126489091223541,-244.24029532717375,-133.45388905100043
6.8,-0.18566649182501177,-12.393549301975312,-2.0007733858751084,3.0506780798205986,-248.96401003627705,-140.97465329462537
6.81,-0.7900084303468853,-13.878277264228398,-2.15313508764072,3.5180933198430235,-289.0991362817424,-144.2478217577972
6.82,-1.3188076265535247,-15.177414231199847,-2.28645157668563,3.9270816548626453,-324.2173717465246,-147.11184416307256
6.83,-1.7815069232343341,-16.314159077299866,-2.4031035045999265,4.284946448004814,-354.945827778209,-149.61786376768848
6.84,-2.1863688078300423,-17.308810817637383,-2.505173941524936,4.598078142004213,-381.83322680593284,-151.8106309217274
6.85,-2.540622956851287,-18.179131090432712,-2.594485573834319,4.872068374253686,-405.3597009551912,-153.72930218151149
6.86,-2.8505953372448762,-18.940661329128623,-2.672633252105029,5.111809827471975,-425.9453658357923,-155.40813953382255
6.87,-3.121821170089267,-19.607000287987546,-2.7410124705919006,5.321583599037979,-443.95782260631825,-156.87712221709472
6.88,-3.3591437738281087,-20.190046876989104,-2.800844286767913,5.505135649158231,-459.7187222805285,-158.16248206495789
6.89,-2.2568794270995953,-17.182079142365467,-2.595534500921924,5.665743693013452,-473.5095094954624,-159.28717193183815
6.9,-1.292398123712146,-14.550107374569784,-2.4158884383066836,5.80627573138677,-485.5764483085296,-160.27127556535837
6.91,-0.4484769832481277,-12.24713207774856,-2.2586981335183482,5.929241264963424,-496.13501976996344,-161.13236624468857
6.92,0.2899540146578883,-10.23202869302999,-2.121156616828555,6.036836106842996,-505.373769798718,-161.8858205891025
6.93,0.9360811378256523,-8.468813231401242,-2.0008077897249854,6.130981593487621,-513.4576760738782,-162.5450931404647
6.94,1.5014423705974458,-6.925999702476087,-1.895502566009362,6.213358894301669,-520.5310940646434,-163.1219566229066
6.95,1.9961334492727651,-5.576037864666576,-1.8033604952581919,6.28543903251396,-526.720334806563,-163.62671217004328
6.96,2.4289881431136697,-4.3948212565832545,-1.7227361833509178,6.348509153449714,-532.1359204557425,-164.06837327378787
6.97,2.8077360002244607,-3.3612567245103473,-1.6521899104320532,2.8293205092685003,-485.0833063987747,-128.8423262395644
6.98,3.139140375196403,-2.4568877589465536,-1.5904619216280467,-0.24996955439006197,-443.9122690989279,-98.01953508461884
6.99,3.4291192032968523,-1.6655649140782345,-1.5364499314245408,-2.944348360091304,-407.8876114615619,-71.04959282404148
7.0,3.682850677884746,-0.9731574248184551,-1.4891894399964731,-5.301929815079891,-376.3660360288667,-47.450893346036295
7.01,3.9048657181491526,-0.3673008717161483,-1.4478365099969142,-7.364813588194905,-348.78465752525835,-26.802031302781756
7.02,4.099128878380508,0.16282361224837028,-1.4116526962473,-9.169836889670542,-324.6509513346011,-8.734277014934037
7.03,4.269109143582945,0.626682535717324,-1.3799918592163873,-10.749232278461726,-303.533958417776,7.075007986932718
7.04,4.417841875635077,1.0325590937526585,-1.3522886268143388,-12.13120324365401,-285.056589615554,20.90813236356613
7.05,4.893461516180692,0.6492125820335763,-0.8025316734625465,-13.340427838197257,-268.88889191360977,33.01211619312036
7.06,5.309628701658106,0.3137843842793793,-0.3214943392797282,-14.398499358422601,-254.74215642440856,43.603102043980314
7.07,5.673774988950843,0.02028471124445691,0.09941332813023784,-15.324311938619775,-242.3637628713575,52.87021466348278
7.08,5.992402990331988,-0.23652750266110018,0.4677075371139581,-16.134397946292303,-231.5326685124378,60.97893820554743
7.09,6.27120249154049,-0.46123818982846265,0.7899649699747133,-16.843223203005767,-222.0554609483831,68.074071304854
7.1,6.5151520550979285,-0.6578600410999048,1.0719402237278741,-17.463445302630046,-213.76290432983518,74.28231276674725
7.11,6.728607923210688,-0.8299041609624167,1.31866857076189,-18.00613963980129,-206.5069172886058,79.71452404590384
7.12,6.915381807809352,-0.9804427658421146,1.5345558744166536,-18.48099718482613,-200.15792862753005,84.46770891516586
7.13,7.078808956833183,-1.1121640451118502,1.7234572651145719,-23.608372286722865,-175.2694375490888,86.88549567577013
7.14,7.221807712229035,-1.2274201644728688,1.8887459819752503,-28.094825500882507,-153.4920078554527,89.00105909129886
7.15,7.346931623200406,-1.32826926891376,2.0333736092283443,-32.020472063272194,-134.4367568735211,90.8521770798865
7.16,7.456415045300355,-1.41651223529954,2.1599227830748013,-35.45541280536317,-117.76341226433095,92.47190531990069
7.17,7.552213039637811,-1.4937248308870974,2.2706533101904514,-38.460985954692774,-103.17423573128957,93.8891675299131
7.18,7.636036284683085,-1.56128585202621,2.3675425214166452,-41.09086246035618,-90.40870626487836,95.12927196367397
7.19,7.709381624097699,-1.6204017455229338,2.4523205812395648,-43.39200440281166,-79.23886798176856,96.21436334321473
7.2,7.773558796085487,-1.672128152332567,2.5265013835846193,-45.4055036024602,-69.4652594840475,97.1638183003129
7.21,7.093109946574801,-1.7785820082909962,2.292604585636542,-47.167315402152674,-60.91335204854156,97.9945913877738
7.22,6.497717203252951,-1.8717291322546217,2.087944887431974,-48.70890072688359,-53.430433042473865,98.72151783930207
7.23,5.976748552846332,-1.953232865722794,1.9088676515029772,-50.05778788602314,-46.882878912164635,99.35757848438931
7.24,5.520900983740541,-2.024548632507445,1.752175070065105,-51.23806415027025,-41.153769048144056,99.91413154884066
7.25,5.1220343607729735,-2.0869499284440143,1.615069061306967,-52.27080588148647,-36.14079791712605,100.40111548023557
7.26,4.773026065676352,-2.141551062388513,1.495101303643596,-53.17445489630066,-31.754448177485294,100.82722642020613
7.27,4.467643807466808,-2.189327054589949,1.3901295156881466,-53.96514778426308,-27.916392155299633,101.20007349268036
7.28,4.200434331533457,-2.2311310477662056,1.2982792012271283,-54.6570040612302,-24.55809313588718,101.52631468109533
7.29,3.966626040091775,-2.26770954179543,1.2179101760737372,-55.231753428576425,-8.77895624390128,99.40115009595841
7.3,3.7620437850803032,-2.2997157240710013,1.14758727906452,-55.73465912500437,5.02778853658638,97.54163108396361
7.31,3.5830343119452657,-2.327721133562126,1.086054744181455,-56.17470160937882,17.108690219513083,95.91455194846816
7.32,3.4264010229521076,-2.3522258668668607,1.032213776158773,-56.55973878320647,27.67947919207395,94.49085770490963
7.33,3.2893468950830944,-2.373667508508503,0.9851029291389264,-56.89664631030566,36.92891954306471,93.24512524179592
7.34,3.1694245331977076,-2.39242894494494,0.9438809379965606,-57.19144039651746,45.02217985018162,92.15510933657143
7.35,3.0644924665479945,-2.4088452018268223,0.9078116957469905,-57.449385221952774,52.10378261890892,91.2013454195
7.36,2.972676908229495,-2.4232094265984694,0.8762511087786167,-57.67508694420868,58.30018504154531,90.36680199206249
7.37,2.4158220447008083,-2.337489373273661,0.8904315951812897,-57.8725759511826,63.72203716135215,89.63657649305468
7.38,1.9285740391132074,-2.2624843266144534,0.9028395207836285,-58.04537883228477,68.46615776618313,88.99762918142284
7.39,1.5022320342240563,-2.1968549107876467,0.9136964556856749,-58.19658135324917,72.61726329541024,88.43855028374499
7.4,1.1291827799460492,-2.139429171939191,0.9231962737249656,-58.32888355909303,76.24948063348396,87.94935624827686
7.41,0.8027646824527931,-2.0891816504467924,0.931508614509345,-58.4446479892064,79.42767080429846,87.52131146724224
7.42,0.517148847146194,-2.0452150691409434,0.9387819126956769,-58.545941865555605,82.20858720376114,87.14677228383697
7.43,0.26723499125291983,-2.0067443104983256,0.9451460486087173,-58.63457400736115,84.64188905329101,86.81905049835734
7.44,0.04856036734630484,-1.973082396686035,0.9507146675326277,-58.71212713144101,86.77102817162964,86.53229393606267
7.45,-0.14277992857198327,-1.9436282221002805,0.9555872090910492,-47.22998636501089,127.75089902517594,76.59513219405484
7.46,-0.31020268750048535,-1.9178558193377455,0.9598506829546681,-37.18311319438453,163.60828602202895,67.90011566979798
7.47,-0.4566976015629247,-1.8953049669205273,0.9635812225853346,-28.392099170086468,194.98349964427533,60.29197621107324
7.48,-0.5848806513675591,-1.8755729710554614,0.9668454447621678,-20.699961898825663,222.43681156374092,53.63485418468909
7.49,-0.6970408199466142,-1.8583074746735286,0.9697016391668969,-13.969341786472453,246.4584594932733,47.80987241160296
7.5,-0.7951809674532874,-1.8432001653393375,0.9722008092710348,-8.080049188163397,267.4774014316141,42.713013360152594
7.51,-0.8810535965216264,-1.8299812696719202,0.9743875831121555,-2.926918164642972,285.8689756276624,38.25326169013352
7.52,-0.9561921469564231,-1.8184147359629301,0.9763010102231361,1.5820714809373992,301.9616030492046,34.350978978866834
7.53,-2.0038566285868704,-0.7987973939675639,0.6223541339452441,5.527437420820224,316.042652043054,30.93648160650848
7.54,-2.9205630500135116,0.09336778027838155,0.3126506172020886,8.979632618217696,328.36356991267223,27.948796405694917
7.55,-3.7226811687618224,0.8740123077435838,0.041660040051827496,12.000303415940484,339.14437304858825,25.334571854983054
7.56,-4.424534522666594,1.557076269275636,-0.19545671495465095,14.643390363947924,348.5775757925147,23.047125373110173
7.57,-5.03865620733327,2.1547572356161813,-0.40293387558531957,16.956091443454433,356.83162819345034,21.045609701471403
7.58,-5.5760126814166115,2.6777280811641586,-0.5844763911371547,18.97970488802263,364.053924044269,19.294283488787478
7.59,-6.046199596239535,3.135327571018639,-0.7433260922450102,20.7503666520198,370.3734329137354,17.761873052689044
7.6,-6.457613146709593,3.535727124641309,-0.882319580714384,22.299695695517322,375.9030031745185,16.421013921102915
7.61,-6.817600003370894,3.8860767340611453,-1.003938883125086,35.367233858577656,370.7663776527037,32.32338693096505
7.62,-7.132588502949533,4.1926326423035025,-1.1103557727344502,46.80132975125545,366.2718303211157,46.23796331459442
7.63,-7.408203440080841,4.460869062015565,-1.203470551142644,56.80616365734852,362.33910140597624,58.41321765027011
7.64,-7.649366510070736,4.695575929263619,-1.2849459822498135,65.56039332517996,358.8979636052292,69.06656519398635
7.65,-7.8603841963118946,4.900944438105666,-1.3562369844685869,73.22034428453246,355.8869680295756,78.38824429473806
7.66,-8.045024671772907,5.080641883342458,-1.4186166114100134,79.92280137396591,353.25234690087865,86.54471350789579
7.67,-8.206585087801294,5.23787714792465,-1.4731987849837618,85.78745132722017,350.9470534132688,93.68162406940881
7.68,-8.347950451826133,5.375458004434069,-1.5209581868607915,90.91902003631765,348.9299216116102,99.92642081073271
7.69,-10.273278645347865,5.095084878879811,-1.2460604135031925,95.40914265677795,347.16493128515896,105.39061795939112
7.7,-11.957940814679382,4.849758394019834,-1.0055248618152934,99.33799994968071,345.6205647495141,110.17179046446724
7.71,-13.43202021284446,4.635097719767354,-0.7950562540883818,102.77575008097062,344.26924403082484,114.35531640640883
7.72,-14.721839686238901,4.447269629796435,-0.610896222327334,105.7837814458493,343.08683840197176,118.01590160560772
7.73,-15.850431725459039,4.282920051071881,-0.44975619453641724,108.41580889011814,342.0522334767253,121.21891365490676
7.74,-16.83794975977666,4.139114169687896,-0.3087586702193651,110.71883290385338,341.14695416713465,124.02154919804342
7.75,-17.702028039804578,4.013284023476909,-0.18538583644194445,112.73397891587172,340.35483477124285,126.47385529828799
7.76,-18.458096534829007,3.9031826455422953,-0.07743460688670138,114.49723167638776,339.6617302998375,128.619623136002
7.77,-19.119656467975382,3.8068439398495086,0.01702271897413629,82.04195234183929,287.4477641373578,159.77904474400174
7.78,-19.69852140947846,3.7225475723683203,0.09967287910236926,53.64358292410938,241.76054374518807,187.0435386510015
7.79,-20.20502823329365,3.6487882508222804,0.1719917692145731,28.795009683595705,201.78422590203957,210.89997081962633
7.8,-20.64822170413194,3.5842488444694953,0.23527079806275147,7.052508098146241,166.80494778928463,231.77434896717304
7.81,-21.03601599111545,3.5277768639108085,0.2906399483049075,-11.972180789122039,136.19807944062404,250.03942984627642
7.82,-21.375335992226017,3.4783638809219575,0.3390879547667941,-28.618783565481785,109.41706963554604,266.0213756154919
7.83,-21.672240993197764,3.435127520806713,0.38147996042094484,-43.18456099479656,85.9836860561028,280.00557816355536
7.84,-21.932032869048044,3.397295705705874,0.4185729653683268,-55.929616245446994,65.47947542408996,292.2417553931109
7.85,-17.420744510417038,4.40397324249264,-0.2700610303027141,-67.08153958976612,47.53829112107871,302.94841046897204
7.86,-13.473367196614907,5.28481608718106,-0.8726157765148749,-76.83947251604536,31.839754855943866,312.31673366035056
7.87,-10.019412047038044,6.055553576283428,-1.3998511794505155,-85.37766382653969,18.103535623950883,320.51401645280674
7.88,-6.997201291158288,6.729948879247999,-1.861182157019201,-92.84858122322223,6.0843437959570235,327.6866388962059
7.89,-4.352766879763502,7.320044769341999,-2.264846762391801,-99.38563394531944,-4.432449053537605,333.9626835341802
7.9,-2.0388867697930646,7.8363786731742495,-2.618053292092826,-105.1055550771545,-13.634642796845405,339.4542225924077
7.91,-0.014241673568931468,8.288170839027469,-2.9271090055812232,-110.1104860675102,-21.68656232223973,344.2593192683567
7.92,1.757322785627185,8.683488984149035,-3.1975327548835706,-114.48980068407141,-28.731991906959763,348.4637788598121
7.93,3.307441687423787,9.029392361130405,-3.4341535355231243,-102.40982572356249,-51.69674316858979,288.9326817523356
7.94,4.663795726495814,9.332057815989105,-3.641196718582734,-91.83984763311719,-71.79090052251607,236.84297178329365
7.95,5.850605510683837,9.596890088990467,-3.8223595037598925,-82.59111680397754,-89.37328820720157,191.26447556038192
7.96,6.889064071848358,9.828618327866659,-3.9808769407899063,-74.49847732848035,-104.75787743130138,151.38329136533417
7.97,7.797715312867313,10.031380536883326,-4.119579698191168,-67.4174177874203,-118.21939300238871,116.48725519466741
7.98,8.5927851487589,10.208797469772911,-4.240944610917272,-61.22149068899277,-129.99821912709012,85.95322354533398
7.99,9.288471255164037,10.364037286051296,-4.347138909552613,-55.80005447786868,-140.30469198620386,59.235945852167234
8.0,9.897196598268533,10.499872125294884,-4.440058920858537,-51.056297793135094,-149.3228557379284,35.858327870646335
8.01,5.5278487734849655,6.008770984633022,-2.5251876807512197,-46.90551069399321,-157.21374902068735,15.40291213681554
8.02,1.7046694267993452,2.079057486553894,-0.8496753456573172,-43.27357198224406,-164.11828064310143,-2.4955766302864024
8.03,-1.640612501550573,-1.3594418242653428,0.6163979475498476,-40.09562560946355,-170.15974581271377,-18.1567543015006
8.04,-4.567734188856751,-4.368128721232175,1.8992120791061167,-37.31492253328061,-175.44602783612456,-31.860284763813027
8.05,-7.128965665249657,-7.000729756078153,3.021674444217852,-34.88180734162054,-180.071524606609,-43.850873918336404
8.06,-9.370043207093449,-9.304255661568384,4.003829013690621,-32.75283154891797,-184.11883428078286,-54.34263942854436
8.07,-11.330986056206768,-11.319840828872335,4.8632142619792935,-30.88997773030322,-187.660230245685,-63.522934249976316
8.08,-13.046811049180922,-13.083477850263295,5.615176354231882,-29.259980639015314,-190.7589517149744,-71.55569221872928
8.09,-14.548157918033308,-14.626660243980384,6.273143184952897,-18.6637331841384,-235.15970737560258,-92.32185694138812
8.1,-15.861836428279144,-15.976944838482837,6.848864161833784,-9.392016661121101,-274.0103685786523,-110.49225107371461
8.11,-17.01130512474425,-17.15844385867248,7.352620016604561,-1.2792647034809628,-308.00469713132077,-126.39134593950028
8.12,-18.01709023415122,-18.19225550133842,7.793406389528991,5.8193932594541575,-337.74973461490566,-140.30305394706275
8.13,-18.897152204882318,-19.096840688671115,8.179094465837867,12.030718977022389,-363.77664241304245,-152.47579845367991
8.14,-19.667206429272028,-19.888352727587225,8.516571532608134,17.46562897989459,-386.5501867364122,-163.1269498969699
8.15,-20.341003875613026,-20.58092576163882,8.811863966032117,22.221175232407766,-406.47703801936063,-172.44670740984864
8.16,-20.9305766411614,-21.186927166433968,9.070244845278102,26.382278203356794,-423.9130328919406,-180.60149523361756
8.17,-16.638539811016226,-17.42718502062972,6.9538498646183395,30.023243302937193,-439.16952840544803,-187.73693457941536
8.18,-12.883007584639198,-14.137410643051007,5.102004256541047,33.209087765070045,-452.518961979767,-193.98044400698842
8.19,-9.596916886559299,-11.258858062669631,3.481639349473416,35.99670166943629,-464.19971635729615,-199.44351475611487
8.2,-6.721587525739387,-8.740124554835928,2.0638200557892388,38.435863835756756,-474.42037643763416,-204.2237016616005
8.21,-4.205674335021963,-6.536232735481437,0.8232281738155838,40.57013073128716,-483.3634540079299,-208.40636520390044
8.22,-2.0042502931442177,-4.607827393546257,-0.2622897229113642,42.43761426487626,-491.18864688193867,-212.06619580341288
8.23,-0.07800425650119047,-2.9204727193529747,-1.2121178825474437,44.07166235676672,-498.03569064669637,-215.26854757798625
8.24,1.6074610255614583,-1.4440373794338528,-2.043217522229013,45.50145443717088,-504.0268539408593,-218.07060538073796
8.25,3.082243147366276,-0.15215645700462122,-2.7704297069503863,35.41689763252452,-466.9278724482519,-177.1967794581457
8.26,4.372677503945491,0.9782393501209564,-3.4067403685815876,26.59291042845895,-434.4662636422204,-141.43218177587747
8.27,5.501807565952305,1.967335681355837,-3.963512197508889,18.87192162490158,-406.0623559369428,-110.1381588038928
8.28,6.489796370208267,2.832794971186357,-4.450687547820277,12.116056421788885,-381.20893669482496,-82.7558887034062
8.29,7.354286573932233,3.590071849788062,-4.876965979342743,6.204674369065275,-359.46219485797184,-58.796402365480425
8.3,8.110715502190704,4.252689118564555,-5.2499596069249,1.0322150729321162,-340.4337957507253,-37.83185181979537
8.31,8.772590814416866,4.832479228743986,-5.576329031059287,-3.493686811184398,-323.7839465318846,-19.487870092320946
8.32,9.351731712614757,5.339795575150988,-5.861902277176876,-7.453850959786348,-309.215328465399,-3.4368860807808286
8.33,9.657891123537912,4.422739878257114,-4.710733242529766,-10.918994589813053,-296.4677876572241,10.607724929316774
8.34,9.925780608095673,3.620316143474975,-3.7034603372135453,-13.950995266086421,-285.3136894500711,22.896759563152177
8.35,10.160183907083713,2.9181953755406034,-2.8220965450618523,-16.603995857825616,-275.5538535188122,33.649664867758155
8.36,10.36528679369825,2.3038397035980283,-2.0509032269291207,-18.925371375597415,-267.0139970789607,43.05845700928838
8.37,10.544751819485969,1.7662784906482745,-1.3761090735629806,-20.95657495364774,-259.5416226940906,51.29115013312734
8.38,10.701783717050223,1.2959124293172402,-0.785664189367608,-22.73387808444177,-253.00329510732928,58.49475661648642
8.39,10.839186627418945,0.8843421256525851,-0.26902491569665693,-24.289018323886552,-247.28225846891314,64.79791228942561
8.4,10.959414173991577,0.5242181099460119,0.18303444876542516,-25.64976603340073,-242.27635141029901,70.31317350324741
8.41,11.06461327724263,0.20910959620276046,0.578586392669747,-28.244795529225637,-207.13555748401166,71.77902656534148
8.42,11.156662492587301,-0.06661035332258461,0.9246943435860286,-30.515446338072433,-176.3873627985102,73.06164799467379
8.43,11.237205556013889,-0.3078653091572615,1.227538800637775,-32.50226579581338,-149.48269244869644,74.18394174533957
8.44,11.307680736512152,-0.5189633955126038,1.492527700558053,-34.24073282133671,-125.94110589260937,75.16594877717212
8.45,11.369346519448133,-0.7036742210735284,1.7243929879882964,-35.76189146866962,-105.3422176560332,76.0252049300256
8.46,11.423304079517116,-0.8652961934393373,1.9272751144897595,-37.09290528508592,-87.31819044902905,76.7770540637724
8.47,11.470516944577476,-1.00671541925942,2.1047969751785396,-38.25754237445018,-71.54716664290041,77.43492205580084
8.48,11.511828201505292,-1.1304572418519927,2.2601286032812222,-39.27659982764391,-57.74752081253786,78.01055654882573
8.49,10.85216105131713,-1.2539374616204937,2.2778811528710694,-40.16827509918843,-45.67283071097062,78.5142367302225
8.5,10.27495229490249,-1.361982653917932,2.2934146337621857,-40.94849096178988,-35.10747687209929,78.9549568889447
8.51,9.76989463303968,-1.4565221971781905,2.3070064295419126,-41.631179841566144,-25.86279226308688,79.3405870278266
8.52,9.32796917890972,-1.5392442975309168,2.3188992508491735,-42.228532611370376,-17.773693230201022,79.67801339934827
8.53,8.941284406546005,-1.6116261353395522,2.329305469493027,-42.75121628494908,-10.695731576425896,79.97326147442973
8.54,8.602935230727756,-1.6749602434221083,2.338410910806399,-43.20856449933045,-4.502515129372658,80.23160354012602
8.55,8.306879701886787,-1.7303775879943448,2.346378171955599,-43.608744186914144,0.9165492617989242,80.45765284761026
8.56,8.04783111415094,-1.7788677644950517,2.3533495254611494,-43.95890141354988,5.658230604074059,80.65544599165898
8.57,7.821163599882072,-1.8212966689331702,2.359449459778506,-44.615288736856144,16.1290771535648,84.4553906177016
8.58,7.622829524896813,-1.858421960316524,2.364786902306193,-45.18962764474912,25.291067884369202,87.78034216548889
8.59,7.449287209284711,-1.8909065902769586,2.369457164517919,-45.69217418915548,33.30780977382305,90.68967476980276
8.6,7.297437683124122,-1.9193306414923388,2.3735436439531794,-46.13190241551104,40.32245892709517,93.23534079857743
8.61,7.1645693477336065,-1.9442016863057965,2.377119313459032,-46.51666461357216,46.460276936208274,95.46279857375524
8.62,7.048309554266906,-1.965963850517572,2.380248024276653,-46.853331536875636,51.83086769418224,97.41182412703583
8.63,6.946582234983542,-1.9850057442028757,2.3829856462420715,-47.14791509476618,56.53013460740946,99.11722148615635
8.64,6.857570830610599,-2.001667401177516,2.3853810654618126,-47.4056757079204,60.641993156483274,100.60944417538681
8.65,6.4617361017842745,-1.8687178510303266,2.0386825572790856,-47.63121624443035,64.23986938692286,101.91513902846347
8.66,6.11538071406124,-1.7523869946515358,1.7353213626192001,-47.828564213876554,67.3880110885575,103.05762202490553
8.67,5.812319749803586,-1.650597495320094,1.4698803172918002,-48.00124368714198,70.14263507748782,104.05729464679234
8.68,5.547141406078138,-1.5615316834050823,1.2376194026303253,-48.15233822624923,72.55293106780184,104.9320081909433
8.69,5.315110355318371,-1.4835990979794471,1.0343911023015346,-48.28454594796807,74.66194005932661,105.69738254207539
8.7,5.112083185903575,-1.4154080857320164,0.8565663395138428,-48.40022770447206,76.50732292691077,106.36708509931597
8.71,4.934434412665629,-1.3557409500155144,0.7009696720746124,-48.50144924141305,78.12203293604693,106.95307483690146
8.72,4.778991736082426,-1.3035322062635752,0.5648225880652857,-48.59001808623641,79.53490419404108,107.46581585728879
8.73,4.642979394072123,-1.2578495554806284,0.445693889557125,-41.41376582545686,114.57679004478595,104.68133875012768
8.74,4.523968594813108,-1.2178772360455499,0.3414562783624844,-35.13454509727476,145.2384401641877,102.24492128136171
8.75,4.419834145461469,-1.1829014565398563,0.25024836856717386,-29.640226960115417,172.06738401866423,100.11305599619149
8.76,4.328716502278786,-1.1522976494723745,0.17044144749627713,-24.83269859010099,195.5427098913312,98.24767387166756
8.77,4.248988564493938,-1.1255193182883279,0.10061039155924248,-20.626111266338366,216.0836200299148,96.61546451270911
8.78,4.179226618932195,-1.102088278502287,0.03950821761433717,-16.94534735804607,234.05691640117547,95.18728132362048
8.79,4.118184916565671,-1.081586118689501,-0.013956184587454977,-13.724678938290314,249.78355072602855,93.93762103316791
8.8,4.064773426994962,-1.0636467288533136,-0.06073753651402311,-10.906594071004026,263.544355760275,92.84416827902191
8.81,2.5955476236205914,-0.48580263774664934,-0.18821296944977023,-8.440769812128522,275.58506016524063,91.88739711914417
8.82,1.3099750456680177,0.019810941971681817,-0.2997539732685489,-6.283173585612457,286.1206765195856,91.05022235425113
8.83,0.18509903995951538,0.4622228242252216,-0.3973523516099803,-4.395276887410899,295.33934082963737,90.31769443496975
8.84,-0.7991674650354241,0.8493332211970689,-0.4827509326587327,-2.7433672764845367,303.4056721009327,89.67673250559852
8.85,-1.6604006569059961,1.1880548185474353,-0.5574746910763911,-1.2979463669239695,310.4637119633161,89.11589081739871
8.86,-2.4139796997927467,1.484436216229006,-0.6228579796918422,-0.0332030710584732,316.63949684290156,88.62515434022387
8.87,-3.0733613623186535,1.74376993920038,-0.680068357230362,1.073447312823836,322.04330861253885,88.19575992269588
8.88,-3.6503203170288216,1.9706869468003325,-0.7301274375765667,2.0417663987208563,326.7716439109715,87.82003980735891
8.89,-4.155159402400219,2.169239328450291,-0.7739291328794959,23.00967134888075,322.58331229710006,116.79066183143905
8.9,-4.596893602100192,2.3429726623940046,-0.812255616269559,41.35658818027066,318.9185221349626,142.1399561025092
8.91,-4.9834110268376675,2.494989329594754,-0.8457912892358641,57.41014040773683,315.71183074309226,164.32058858969555
8.92,-5.32161377348296,2.6280039133954096,-0.8751350030813811,71.45699860676973,312.9059757752057,183.7286420159836
8.93,-5.61754117679759,2.7443916742209833,-0.9008107526962086,83.74799953092352,310.450852678305,200.71068876398567
8.94,-5.876477654697892,2.84623096494336,-0.9232770336091826,94.50262533955808,308.30261996851686,215.56997966848746
8.95,-6.103047072860655,2.93534034432544,-0.9429350294080348,103.91292292211332,306.42291634745226,228.57185920992652
8.96,-6.301295313753074,3.0133110512847603,-0.9601357757320305,112.14693330684915,304.7781756790207,239.9485038086857
8.97,-6.88180539953394,4.312002294874166,-0.8770651787655266,119.35169239349301,303.3390275941431,249.9030678326
8.98,-7.389751724592198,5.448357133014895,-0.8043784064198357,125.65585659430639,302.07977301987523,258.613311353525
8.99,-7.8342047590181725,6.442667616388033,-0.7407774806173563,131.1720002700181,300.97792526739084,266.2347744343343
9.0,-8.223101164140902,7.312689289339529,-0.6851266705401867,135.99862598626584,300.013808483967,272.90355463004255
9.01,-8.563385518623289,8.073958253172087,-0.6364322117226634,140.22192348798262,299.17020629847116,278.73873730128724
9.02,-8.861134328795377,8.740068596525576,-0.5938245602573304,143.9173088019848,298.43205438616224,283.8445221386263
9.03,-9.121664537695954,9.322915146959879,-0.5565428652251642,147.15077095173672,297.78617146289196,288.312083871298
9.04,-9.34962847048396,9.832905878589894,-0.5239213820720187,149.98005033276962,297.22102390503045,292.22120038738575
9.05,-9.549096911673464,10.279147768766157,-0.4953775843130163,127.54441904117341,230.99214404190164,281.6504258389625
9.06,-9.723631797714281,10.669609422670387,-0.4704017612738893,107.91324166102673,173.04187416166394,272.4009981090922
9.07,-9.876349822999996,11.011263369836588,-0.4485479161146531,90.73596145339839,122.33538801645594,264.3077488454557
9.08,-10.009978095124996,11.310210573607014,-0.42942580160032146,75.70584127172359,77.96721263939895,257.22615573977373
9.09,-10.126902833234372,11.571789376906137,-0.41269395140028126,62.55448611275814,39.14505918447409,251.029761772302
9.1,-10.229211979080075,11.80067082979287,-0.3980535824752461,51.047050348663376,5.175674911414827,245.60791705076426
9.11,-10.318732481695065,12.00094210106876,-0.3852432596658403,40.97804405508045,-24.547536327512027,240.86380291941873
9.12,-10.397062921483181,12.176179463435165,-0.3740342272076102,32.1676635481954,-50.55534616157303,236.71270305449139
9.13,-7.493223556297783,11.70115140550577,-1.088983823806659,24.458580604670974,-73.3121797663764,233.08049067267996
9.14,-4.95236411176056,11.28550185481755,-1.7145647208308266,17.713133029087103,-93.22440917057935,229.90230483859497
9.15,-2.72911209779049,10.921808497965356,-2.261948005726973,11.810866400451216,-110.64760989925693,227.1213922337706
9.16,-0.7837665855666787,10.603576810719687,-2.7409083800111014,6.646383100394814,-125.89291053684981,224.68809370454926
9.17,0.9184107376291563,10.325124084379727,-3.159998707509714,2.1274602128454627,-139.23254859474358,222.55895749148058
9.18,2.4078158954255118,10.081477948832262,-3.5267027440709997,-1.82659731376022,-150.90473189540063,220.6959633050455
9.19,3.711045408497323,9.86828758022823,-3.8475687760621247,-5.286397649540192,-161.11789228347556,219.0658433919148
9.2,4.851371232435158,9.681746007699703,-4.128326554054359,-8.313722943347669,-170.0544076230411,217.63948846792545
9.21,5.849156328380763,9.51852213173724,-4.373989609797564,-22.237008575429208,-174.96010667016097,158.02455353443474
9.22,6.722218287333168,9.375701240270086,-4.5889447835728685,-34.41988350350056,-179.25259333639085,105.8614854676304
9.23,7.4861475014165215,9.250732960236325,-4.77703056062626,-45.079899065562984,-183.00851916934198,60.21880090917661
9.24,8.154585563739456,9.141385715206786,-4.941605615547978,-54.40741268236761,-186.29495427317423,20.281451920529534
9.25,8.739468868272024,9.045706875805937,-5.085608788604481,-62.568987097071656,-189.17058498902745,-14.663728444536659
9.26,9.25124175973802,8.961987891330196,-5.211611565028921,-69.71036470993769,-191.686761865399,-45.240761263969574
9.27,9.699043039770768,8.888733779913922,-5.3218639944003066,-75.95907012119548,-193.88841663222414,-71.99566498097337
9.28,10.090869159799421,8.824636432424683,-5.418334870100269,-81.42668735604605,-195.81486455319612,-95.4062057333517
9.29,7.506068889824493,5.516600878371597,-4.177247261337736,-86.21085243654029,-197.5005064840466,-115.89042889168273
9.3,5.244368653596432,2.6220697685751473,-3.0912956036705186,-90.39699688197275,-198.97544317354078,-133.81412415522237
9.31,3.2653809468968777,0.08935504750325363,-2.141087903211704,-94.05987327172616,-200.26601277684819,-149.4973575108196
9.32,1.5337667035347682,-2.1267703334346533,-1.309656165310241,-97.2648901127604,-201.39526117974216,-163.22018669696712
9.33,0.018604240592922094,-4.065880041755322,-0.5821533946464609,-100.06927984866535,-202.38335353227438,-175.2276622348462
9.34,-1.3071629144811931,-5.762601036535907,0.054411529684346815,-102.52312086758218,-203.24793434074007,-185.7342033304904
9.35,-2.4672091751710443,-7.247231906968919,0.6114058384738035,-104.67023175913441,-204.00444254814755,-194.9274267891791
9.36,-3.482249653274664,-8.546283918597805,1.098775858664578,-106.54895378924262,-204.6663872296291,-202.97149731553168
9.37,-4.370410071615331,-9.68295442877308,1.525224626331506,-96.58595956558729,-233.64371570092547,-185.73756027609022
9.38,-5.147550437663415,-10.677541125176443,1.8983672980400677,-87.86833961988889,-258.9988781133098,-170.65786536657893
9.39,-5.827548257955488,-11.547804484529387,2.2248671357850593,-80.24042216740278,-281.18464522414604,-157.46313232075656
9.4,-6.422546350711053,-12.309284923963212,2.510554493811927,-73.56599439647744,-300.5971914461278,-145.917740905662
9.41,-6.943169681872171,-12.975580308467809,2.760530932085436,-67.72587009691776,-317.58316939036183,-135.81552341745424
9.42,-7.39871509663815,-13.558588769909331,2.9792603155747566,-62.61576133480304,-332.4459000915666,-126.97608311527247
9.43,-7.7973173345583815,-14.068721173670664,3.1706485261279123,-58.144416167952656,-345.4507894551208,-119.24157285086342
9.44,-8.146094292738585,-14.51508702696183,3.3381132103619233,-54.23198914695857,-356.83006764823074,-112.47387636950549
9.45,-6.022466881146262,-12.786330523591602,2.5133249340666826,-50.808615503588754,-366.78693606720185,-106.55214194831731
9.46,-4.164292896002979,-11.273668583142651,1.7916351923083473,-47.81316356564017,-375.4991959338016,-101.37062432977766
9.47,-2.538390659002607,-9.95008938524982,1.1601566682698037,-45.19214311993515,-383.12242331707637,-96.83679641355545
9.48,-1.1157262016272809,-8.791957587093592,0.6076129597360783,-42.89875022994326,-389.7927472774418,-92.86969698686102
9.49,0.12910519857612912,-7.7785922637068925,0.12413721476906847,-40.89203145120035,-395.6292807427616,-89.39848498850338
9.5,1.218332673754113,-6.891897605743531,-0.2989040620770651,-39.136152519800305,-400.7362475249164,-86.36117448994047
9.51,2.171406714534849,-6.11603978002559,-0.669065179317432,-37.59975845482526,-405.20484345930186,-83.70352780369791
9.52,3.0053465002179927,-5.437164182522391,-0.9929561569027531,-36.255413647972105,-409.1148649018892,-81.37808695323568
9.53,3.7350438126907433,-4.843148034707092,-1.276360762289909,-39.62911244197559,-365.74113216415304,-52.47645020908122
9.54,4.3735289611044,-4.323383905368705,-1.5243397920036705,-42.58109888672864,-327.78911601863393,-27.18751805794607
9.55,4.93220346596635,-3.868590292197617,-1.7413214430032116,-45.16408702588756,-294.5811018913047,-5.05970242570281
9.56,5.421043657720556,-3.470645880672915,-1.9311803876278102,-47.424201647651614,-265.5240895298916,14.30213625251004
9.57,5.8487788255054864,-3.1224445205888003,-2.097306964174334,-49.40180194169516,-240.09920371365519,31.243745095946284
9.58,6.223047097317301,-2.8177683305152,-2.2426677186525423,-51.132202198983265,-217.8524286244483,46.067652833953
9.59,6.550531835152639,-2.5511766642008,-2.3698583788209744,-52.64630242411036,-198.38650042139227,59.03857210470888
9.6,6.837080980758559,-2.3179089561757,-2.4811502064683526,-53.97114012109657,-181.35381324371826,70.38812646662026
9.61,7.177026858163739,-2.5331368366537377,-1.7689490556598084,-55.13037310595949,-166.45021196325348,80.31898653329273
9.62,7.4744795008932705,-2.7214612320720204,-1.1457730487023323,-56.14470196771455,-153.40956084284682,89.00848909163115
9.63,7.734750563281612,-2.886245078063018,-0.6004940426145406,-57.03223972175023,-141.99899111249098,96.61180383017725
9.64,7.96248774287141,-3.0304309433051406,-0.12337491228772307,-57.80883525653145,-132.01474259842962,103.2647042264051
9.65,8.161757775012484,-3.156593575391998,0.2941043267482423,-58.48835634946502,-123.27852514862592,109.08599207310446
9.66,8.336119053135924,-3.2669858784679984,0.659398660904712,-59.0829373057819,-115.63433488004767,114.17961893896641
9.67,8.488685171493934,-3.3635791436594986,0.9790312032916231,-59.60319564255916,-108.94566839504172,118.63654244659561
9.68,8.622180525057193,-3.448098250702061,1.2587096778801703,-60.05842168723926,-103.09308522066151,122.53635051577116
9.69,8.738988959425043,-3.522052469364304,1.5034283431451492,-61.90486922633435,-81.30332444307882,121.77930632629977
9.7,8.841196339496912,-3.586762410693766,1.7175571752520056,-63.52051082304255,-62.23728376269396,121.1168926605123
9.71,8.930627797059799,-3.6433836093570453,1.9049199033455049,-64.93419722016223,-45.55449816735722,120.53728070294827
9.72,9.008880322427324,-3.692927158187415,2.0688622904273166,-66.17117281764196,-30.95706077143756,120.03012024007974
9.73,9.077351282123908,-3.736277763413988,2.212311879123902,-67.25352646543672,-18.184303050007863,119.58635483506977
9.74,9.13726337185842,-3.7742095429872395,2.337830269233414,-68.20058590725714,-7.00814004375688,119.19806010568605
9.75,9.189686450376117,-3.8073998501138346,2.4476588605792373,-69.02926291885,2.771002586712731,118.8583022174753
9.76,9.235556644079102,-3.8364413688496053,2.5437588780068325,-69.75435530399375,11.32775238837364,118.56101406529089
9.77,8.432240938569215,-3.6653308227434045,2.678876643255978,-70.38881114099453,18.814908464826935,118.30088693212953
9.78,7.729339696248063,-3.515609094900479,2.7971046878489805,-70.94395999837022,25.36617003172357,118.07327569061334
9.79,7.114301109217055,-3.384602583037919,2.9005542268678584,-71.42971524857394,31.098523902758124,117.87411585428667
9.8,6.576142345564923,-3.269971885158179,2.991072573509376,-71.8547510925022,36.11433353991336,117.69985099750085
9.81,6.105253427369307,-3.169670024513407,3.070276126820704,-72.22665745593943,40.50316697242419,117.54736924781325
9.82,5.693225623948144,-3.0819058964492307,3.1395792359681156,-72.55207552394701,44.34339622587117,117.4139477168366
9.83,5.332701295954625,-3.0051122843930766,3.2002194564721016,-72.83681633345364,47.70359682263727,117.29720387723204
9.84,5.0172425089602966,-2.9379178738439418,3.2532796494130887,-73.08596454177194,50.643772344807616,117.19505301757803
9.85,4.7412160703402595,-2.8791227646134487,3.299707318236453,-68.46959422405045,73.61705267670666,112.85754689038077
9.86,4.499692936547727,-2.8276770440367676,3.340331528456896,-64.43027019604415,93.71867296711834,109.06222902908318
9.87,4.288360194479261,-2.7826620385321714,3.3758777123997836,-60.89586167153863,111.30759072122855,105.74132590044779
9.88,4.103444045169353,-2.7432739087156497,3.4069806233498108,-57.80325421259631,126.69789375607499,102.83553566289181
9.89,3.941642414523184,-2.7088092951261933,3.4341956704310848,-55.09722268602177,140.1644089115656,100.29296920503033
9.9,3.8000659877077863,-2.678652758235419,3.458008836627199,-52.729445100269054,151.9476096726199,98.06822355440154
9.91,3.676186614244313,-2.6522657884559915,3.478845357048799,-50.657639712735424,162.25791033854242,96.12157111010134
9.92,3.5677921624637743,-2.6291771898989924,3.4970773124176997,-48.8448099986435,171.2794234212246,94.41825022133868
9.93,2.5422451421558026,-2.0112239161616183,3.041974023365487,-47.258583998813066,179.1732473685715,92.92784444367135
9.94,1.6448914993863273,-1.470514801641416,2.643758645444801,-45.87063624896144,186.08034332250006,91.62373938821243
9.95,0.8597070619630364,-0.997394326436239,2.295320189764201,-44.65618196784126,192.12405228218753,90.48264746468587
9.96,0.17267067921765678,-0.5834139106317091,1.990436541043676,-43.59353447186111,197.4122976219141,89.48419203160013
9.97,-0.42848615568455034,-0.22118104680274547,1.7236633484132164,-42.663717912878475,202.0395122941748,88.61054352765011
9.98,-0.9544983862239815,0.09577270904759774,1.4902368048615644,-41.850128423768666,206.08832513240296,87.84610108669385
9.99,-1.414759087945984,0.3731072454166481,1.285988579253869,-41.13823762079759,209.63103636585257,87.17721395085712
10.0,-1.8174872019527357,0.6157749647395672,1.1072713818471354,-40.51533316819789,212.73090869512097,86.59193770699999
10.01,-2.169874301708644,0.8281092191471213,0.9508938341162435,-24.06279102217315,229.31642198323087,86.98982074362499
10.02,-2.4782130139950636,1.0139016917537311,0.8140634798517131,-9.666816644401509,243.82874611032702,87.33796840067187
10.03,-2.7480093872456806,1.1764701052845148,0.694336919870249,2.9296609361486787,256.5270297215361,87.64259760058788
10.04,-2.9840812138399704,1.3187174671239503,0.5895761798864679,13.951578819130093,267.6380278813441,87.90914815051438
10.05,-3.190644062109974,1.4431839087334566,0.49791053240065947,23.595756966738833,277.3601512711761,88.14237988170008
10.06,-3.371386554346227,1.5520920451417746,0.417703090850577,32.034412845896476,285.8670092372791,88.34645764648756
10.07,-3.5295362350529484,1.6473866644990527,0.34752157949425483,39.418236740159415,293.3105099576192,88.52502569067661
10.08,-3.66791720567133,1.7307694564366711,0.28611275705747297,45.87908264763949,299.8235730879168,88.68127272934204
10.09,-4.297254304962413,1.9400378993820873,0.4212850374252889,51.532322816684555,305.5225033269272,88.81798888817428
10.1,-4.847924266842112,2.1231477869593265,0.5395607827471278,56.47890796459899,310.50906728606134,88.93761552715249
10.11,-5.329760483486847,2.283368938589411,0.6430520599037368,60.807169969024116,314.87231075030365,89.04228883625842
10.12,-5.7513671730509905,2.4235624462657346,0.7336069274157697,64.5943992228961,318.6901487815157,89.13387798172612
10.13,-6.120273026419616,2.546231765482518,0.8128424364887985,67.90822482003409,322.0307570588262,89.21401848401035
10.14,-6.443065648117164,2.6535674197972035,0.8821735069276987,70.80782221752983,324.95378930147297,89.28414142350906
10.15,-6.725509192102519,2.7474861173225533,0.9428381935617364,73.3449699403386,327.51144251378884,89.34549899557042
10.16,-6.972647293089704,2.8296649776572345,0.9959197943665193,75.56497419779627,329.7493890745652,89.39918687112412
10.17,-7.18889313145349,2.9015714804500803,1.0423661950707044,84.17497792307175,311.44696481524454,116.9167876372336
10.18,-7.378108240021804,2.9644896703938204,1.0830067956868663,91.70873118268779,295.432343588339,140.9946883075794
10.19,-7.543671460019079,3.019543086594593,1.1185673212260079,98.30076528485182,281.41955001479664,162.06285139413197
10.2,-7.6885392775166945,3.067714825770269,1.1496827810727568,104.06879512424534,269.15835563794707,180.4974940948655
10.21,-7.815298617827107,3.1098650975489854,1.176908808438662,109.11582123371468,258.42981055820366,196.62780645800729
10.22,-7.926213040598718,3.1467465853553622,1.2007315823838292,113.53196907950036,249.0423336134282,210.74182977575634
10.23,-8.023263160523879,3.179017887185942,1.2215765095858504,117.39609844456281,240.8282912867497,223.0916001787868
10.24,-8.108182015458393,3.2072552762876994,1.239815820887619,120.77721163899247,233.641004250906,233.89764928143842
10.25,-8.076490388526093,4.382008741751736,1.1890268432766666,123.73568568411842,227.35212809454276,243.35294224625864
10.26,-8.04876021496033,5.40991802403277,1.1445864878670833,126.32435047360363,221.8493614577249,251.62632359047632
10.27,-8.024496313090289,6.309338646028674,1.1057011768836977,128.58943216440318,217.0344406505093,258.8655322666668
10.28,-8.003265398954003,7.09633169027509,1.0716765297732356,130.57137864385277,212.82138494419564,265.1998398583334
10.29,-7.984688349084753,7.784950603990703,1.0419049635515811,132.30558181337116,209.1349612011712,270.74235900104173
10.3,-7.968433430449159,8.387492153491866,1.0158548431076335,133.82300958669975,205.9093404260248,275.5920632509115
10.31,-7.954210376643014,8.914716009305383,0.9930609877191794,135.15075888836228,203.08692224777172,279.83555446954756
10.32,-7.941765204562638,9.376036883142211,0.9731163642542819,136.312539527317,200.61730634180026,283.5486092858541
10.33,-7.930875678992309,9.779692647749435,0.9556648187224968,111.17972183640238,146.38951717407522,275.40940762512236
10.34,-7.921347344118271,10.132891441780755,0.9403947163821846,89.18850635685209,98.9402016523158,268.2876061719821
10.35,-7.913010051103487,10.44194038655816,0.9270333768344114,69.94619281224558,57.42205057077632,262.0560299004843
10.36,-7.905714919715551,10.71235821323839,0.9153422047301101,53.10916846071488,21.09366837442928,256.6034006629238
10.37,-7.899331679751108,10.948973811583592,0.9051124291388464,38.37677215312552,-10.693666047374379,251.8323500800583
10.38,-7.89374634478222,11.156012460135644,0.8961613754964906,25.485925383984835,-38.50758366645258,247.65768082005098
10.39,-7.888859176684442,11.337171277618689,0.8883292035594292,14.206434460986731,-62.84476158314601,244.0048452175446
10.4,-7.884582904598887,11.495685242916352,0.8814760531145005,4.336879903363391,-84.13979226025276,240.80861406535152
10.41,-5.7676771665240265,10.000526587551807,-0.22227007852481206,-4.298980334557032,-102.77294410272117,238.01191180718257
10.42,-3.9153846457085235,8.69226276410783,-1.1880479437092106,-11.855358042737402,-119.07695196488103,235.56479733128475
10.43,-2.294628689994958,7.547531918594352,-2.0331035757455593,-18.467188537395224,-133.3429588442709,233.42357216487414
10.44,-0.8764672287455881,6.545892428770058,-2.772527253777364,-24.25254022022082,-145.82571486373703,231.55000014426486
10.45,0.36442404984761034,5.6694578751738005,-3.4195229720551934,-29.314722942693216,-156.7481263807699,229.91062462623174
10.46,1.450203918616659,4.902577640777076,-3.985644225548294,-33.744132824856564,-166.30523645817365,228.47617104795276
10.47,2.400261303789577,4.2315574356799415,-4.481000322354757,-37.61986647174949,-174.66770777590196,227.22102416695867
10.48,3.23156151581588,3.6444147562199487,-4.914436907060413,-41.0111334127808,-181.9848701789142,226.12277064608884
10.49,3.958949201338895,3.130664911692455,-5.293693918677861,-51.7791161111832,-184.79988678154993,158.18492281532772
10.5,4.5954134261715325,2.681133797730898,-5.6255438038431285,-61.201100972285296,-187.26302630885618,98.73930596341174
10.51,5.152319622900091,2.287794073014536,-5.915912453362737,-69.44533772574964,-189.41827339524914,46.724391217985264
10.52,5.639612545037579,1.9436218138877193,-6.169985021692395,-76.65904488503094,-191.304114595843,1.2113408157371026
10.53,6.065993851907882,1.6424710871517543,-6.392298518980845,-82.97103864940208,-192.95422564636263,-38.61257828623004
10.54,6.439077495419396,1.378964201257785,-6.58682282910824,-88.49403319322681,-194.3980728155673,-73.45850750045129
10.55,6.765525683491972,1.1483956761005618,-6.757031600469709,-93.32665341907345,-195.6614390886214,-103.94869556289487
10.56,7.051167848055475,0.9466482165879917,-6.905964275410995,-97.55519611668927,-196.76688457754372,-130.627610117533
10.57,7.532848992048541,0.9582114395144927,-8.549901115984621,-101.2551709771031,-197.73414938035074,-153.97166035284138
10.58,7.954319993042473,0.9683292595751811,-9.988345851486542,-104.49264897996521,-198.5805060828069,-174.39770430873622
10.59,8.323107118912164,0.9771823521282834,-11.246984995050724,-107.32544223246956,-199.32106819745601,-192.27049277014422
10.6,8.645795854048144,0.984928808112248,-12.348294245669383,-109.80413632841086,-199.969060047774,-207.9091826738762
10.61,8.928148497292126,0.991706957098217,-13.311939839960711,-111.9729936623595,-200.53605291680225,-221.59303633964169
10.62,9.17520706013061,0.9976378374609398,-14.155129734965623,-113.87074382956456,-201.03217167720197,-233.56640829718648
10.63,9.391383302614283,1.0028273577783224,-14.89292089309492,-115.53127522586898,-201.46627559255174,-244.0431087600382
10.64,9.580537514787498,1.0073681880560321,-15.538488156458055,-116.98424019763536,-201.84611651848277,-253.21022166503343
10.65,9.746047450439061,1.011341414549028,-16.1033595119008,-101.37683517293094,-231.21972620367242,-224.51206908190426
10.66,9.890868644134178,1.0148179877303996,-16.597621947913197,-87.72035577631458,-256.92163467821337,-199.40118557166625
10.67,10.017587188617407,1.0178599892640996,-17.03010157942405,-75.77093630427525,-279.4108045934367,-177.42916250020798
10.68,10.12846591504023,1.0205217406060871,-17.408521256996043,-65.31519426624085,-299.0888282692571,-158.203642312682
10.69,10.225484800660201,1.0228507730303262,-17.739638474871537,-56.16641998296075,-316.3070989855999,-141.38131214859678
10.7,10.310376325577677,1.0248886764015355,-18.029366040512596,-48.16124248509065,-331.3730858623999,-126.66177325502218
10.71,10.384656409880467,1.0266718418513436,-18.28287766044852,-41.15671217445432,-344.55582437959987,-113.78217672314442
10.72,10.44965148364541,1.0282321116199258,-18.504700327892454,-35.02774815264753,-356.09072058214986,-102.51252975775137
10.73,10.500381423189733,0.40027972266743506,-15.755033411905895,-29.664904633566593,-366.1837547593811,-92.65158866303244
10.74,10.544770120291016,-0.14917861766599433,-13.349074860417659,-24.972416554370767,-375.01515966445845,-84.02326520515338
10.75,10.583610230254639,-0.629954665457745,-11.24386112786545,-20.86648948507442,-382.74263895640115,-76.4734821795092
10.76,10.61759532647281,-1.050633707275527,-9.40179911188227,-17.273803299440118,-389.504183336851,-69.86742203207055
10.77,10.647332285663708,-1.4187278688660863,-7.789994847896986,-14.130202887010103,-395.4205346697446,-64.08711940306173
10.78,10.673352124955745,-1.7408102602578257,-6.3796661169098625,-11.37955252613384,-400.5973420860265,-59.02935460267902
10.79,10.696119484336277,-2.0226323527255974,-5.14562847729613,-8.972733460367111,-405.1270485752732,-54.603810402344145
10.8,10.716040923794242,-2.2692266836348978,-4.065845542634114,-6.866766777821223,-409.09054175336405,-50.731459227051126
10.81,10.733472183319963,-2.4849967231805357,-3.1210354748048497,-17.31779605559357,-370.23484953419353,-31.020026323669736
10.82,10.748724535404968,-2.6737955077829687,-2.2943266654542436,-26.462446673644372,-336.23611884241933,-13.77252253321102
10.83,10.762070343479348,-2.8389944443100976,-1.5709564572724632,-34.46401596443883,-306.4872294871169,1.3190432834403563
10.84,10.773747925544429,-2.9835435137713358,-0.9380075251134055,-41.46538909388398,-280.45695130122726,14.524163373010312
10.85,10.783965809851376,-3.1100239495499187,-0.38417720947422973,-47.591590582148484,-257.68045788857387,26.078643451384025
10.86,10.792906458619953,-3.220694330856179,0.10042431671004898,-52.95201688437993,-237.7510261525021,36.188813519961016
10.87,10.800729526292459,-3.3175309144991565,0.5244506521212928,-57.64238989883244,-220.31277338343932,45.03521232996589
10.88,10.807574710505902,-3.402262925186762,0.8954736956061312,-61.74646628647839,-205.05430221050938,52.77581128872015
10.89,9.632140871692664,-3.602770809538417,1.1780533586553648,-65.33753312566859,-191.7031399341957,59.54883537763013
10.9,8.603636262731081,-3.778215208346115,1.425310563823444,-68.47971660996001,-180.02087294242125,65.47523145542637
10.91,7.703694729889696,-3.9317290573028503,1.6416606183455134,-71.229127158715,-169.79888932461859,70.66082802349807
10.92,6.916245888653483,-4.066053675139994,1.8309669160523243,-73.63486138887562,-160.85465365904128,75.19822502056081
10.93,6.227228152571797,-4.183587715747494,1.996609926545784,-75.73987884026617,-153.02844745166112,79.16844739299071
10.94,5.624337633500322,-4.286430001279058,2.141547560727561,-77.5817691102329,-146.18051702020347,82.64239196886687
10.95,5.096808429312781,-4.376417001119176,2.268367990636616,-79.19342309645378,-140.18857789267804,85.68209347275852
10.96,4.635220375648683,-4.455155625979279,2.379335866807039,-80.60362033439706,-134.94563115609327,88.34183228866371
10.97,4.231330828692597,-4.524051922731869,2.4764327584561587,-76.42129304259743,-113.54055226158162,91.89410412758075
10.98,3.877927475106022,-4.584336182390385,2.5613925386491387,-72.76175666227275,-94.81110822888392,95.00234198663316
10.99,3.5686995407177693,-4.637084909591587,2.6357323463179965,-69.55966232948865,-78.42284470027344,97.72205011330401
11.0,3.298125098128048,-4.683240045892639,2.7007796780282467,-66.75782978830256,-64.08311411273927,100.101794724141
11.01,3.0613724608620423,-4.723625790156059,2.7576960932747157,-64.30622631476474,-51.535849848646855,102.18407125862338
11.02,2.854213903254287,-4.758963316386552,2.807497956615376,-62.16107327541915,-40.55699361756599,104.00606322629545
11.03,2.672950165347501,-4.789883651838233,2.851074587038454,-60.28406436599175,-30.950494415370244,105.60030619800851
11.04,2.5143443946790636,-4.816938945358454,2.889204138658647,-58.64168157024278,-22.54480761344896,106.99526879825744
11.05,2.3287300953441807,-4.819123202188647,3.033764371326316,-57.20459662396243,-15.189831661767839,108.21586107347525
11.06,2.1663175834261583,-4.821034426915066,3.1602545749105264,-55.94714729596713,-8.754227704046858,109.28387931429084
11.07,2.0242066354978885,-4.822706748550683,3.270933503046711,-54.846879133971235,-3.1230742410410013,110.21839527500448
11.08,1.8998595560606524,-4.824170029981847,3.367777565165872,-53.88414449222483,1.8041850390891243,111.03609674062892
11.09,1.7910558615530707,-4.825450401234116,3.452516119520138,-53.04175168069672,6.115536909202984,111.75158552305031
11.1,1.6958526288589368,-4.826570726079852,3.526662354580121,-52.304657970609625,9.88796979555261,112.37763820766902
11.11,1.6125498002515697,-4.82755101031987,3.5915403102576056,-51.65970097428342,13.188848571108535,112.92543430671039
11.12,1.5396598252201235,-4.828408759029886,3.6483085214754047,-51.09536360249799,16.077117499719968,113.40475589337159
11.13,1.475881097067608,-4.82915928915115,3.6979807062909793,-51.27531827718575,48.37185356225497,109.93041153170014
11.14,1.4200747099341569,-4.829816003007256,3.7414438680046067,-51.43277861753753,76.6297476169731,106.89036021523762
11.15,1.3712441211923871,-4.830390627631349,3.779474134504031,-51.570556415345344,101.35540491485148,104.23031531333292
11.16,1.3285173560433388,-4.830893424177431,3.812750617691027,-51.69111198842718,122.99035505049503,101.90277602416631
11.17,1.2911314365379214,-4.831333371155251,3.8418675404796487,-51.79659811487379,141.92093641918314,99.86617914614553
11.18,1.2584187569706813,-4.831718324760844,3.867344847919693,-51.888898475514566,158.48519511678523,98.08415687787733
11.19,1.2297951623493462,-4.832055159165739,3.889637491929731,-51.96966129107525,172.97892147718707,96.52488739314266
11.2,1.204749517055678,-4.832349889270021,3.9091435554385146,-52.04032875469085,185.6609320425387,95.16052659399983
11.21,-0.39673804757628184,-3.5608546531112686,3.6957822360087,-52.102162785354494,196.75769128722135,93.96671089474985
11.22,-1.7980396666292466,-2.4482963214723603,3.5090910815076124,-52.156267562185185,206.46735562631866,92.92212215790612
11.23,-3.024178583300591,-1.4748077812883156,3.3457363213191607,-52.20360924191204,214.9633119230288,92.00810701316786
11.24,-4.0970501353880175,-0.6230053086272761,3.2028009061542653,-52.24503321167304,222.3972736826502,91.20834376152187
11.25,-5.035812743464516,0.12232185495113335,3.077732417884982,-52.28127918521391,228.90199022231891,90.50855091633164
11.26,-5.857230025531451,0.7744831230822417,2.968297490649359,-52.312994412062174,234.59361719452903,89.89623217679019
11.27,-6.57597014734002,1.3451242326969615,2.872541929318189,-52.34074523555441,239.5737907952129,89.36045327969143
11.28,-7.204867753922517,1.8444352036098413,2.7887558131534154,-52.365027206110106,243.93144269581126,88.89164674473
11.29,-7.755153159682203,2.281332303158611,2.7154429615092384,-28.371899180346347,246.13876435883486,103.97769052663875
11.3,-8.236652889721928,2.6636172652637846,2.6512942163205833,-7.377912157803053,248.0701708139805,117.17797883580891
11.31,-8.657965153506687,2.9981166071058114,2.5951640642805103,10.991826486922328,249.76015146223295,128.7282311063328
11.32,-9.02661338431835,3.290803531217585,2.5460501812454464,27.065347801057037,251.23888452945386,138.8347018430412
11.33,-9.349180586278557,3.546904589815387,2.503075533589765,41.129678950924905,252.53277596327212,147.67786373766103
11.34,-9.631426887993738,3.7709930160884633,2.4654727168910444,53.43596870705929,253.66493096786309,155.4156303954534
11.35,-9.878392401994521,3.967070389077405,2.432570252279664,64.20397224367687,254.6555665968802,162.18617622102173
11.36,-10.094487226745207,4.138638090442729,2.403780595744706,73.62597533821727,255.52237277227016,168.11040381839402
11.37,-11.477796323402057,4.466276329137388,2.2193856462766175,81.87022804594011,256.2808281757364,173.29410296609478
11.38,-12.6881917829768,4.752959787995215,2.0580400654920403,89.0839491651976,256.94447665376936,177.82983972033296
11.39,-13.7472878101047,5.003807814495812,1.9168626823055352,95.39595514454788,257.5251690720482,181.79860938029134
11.4,-14.673996833841613,5.223299837683835,1.7933324720173434,100.91896037647939,258.03327493804215,185.27128283275493
11.41,-15.484867229611412,5.415355357973356,1.6852435380151753,105.75158995441947,258.4778675707869,188.30987210366058
11.42,-16.194378825909986,5.583403938226686,1.5906657207632784,109.98014083511703,258.8668861244385,190.968637715703
11.43,-16.815201472671237,5.73044644594835,1.5079101306678686,113.6801228557274,259.2072773588837,193.29505762624015
11.44,-17.358421288587333,5.859108640204806,1.435498989334385,116.91760712376148,259.5051196890232,195.33067504796014
11.45,-17.833738627513917,5.971688060179204,1.372139240667587,82.6154067332913,213.46072972789534,216.42309191696512
11.46,-18.249641299074675,6.070195052656803,1.3166994605841387,52.60098139162989,173.17188851190843,234.8789566773445
11.47,-18.613556136690338,6.156388671074703,1.2681896530111212,26.33835921767615,137.91915244791988,251.02783834267643
11.48,-18.931981619604045,6.231808087190365,1.2257435713847311,3.3585648154666288,107.07300839192989,265.1581097998419
11.49,-19.210603917153538,6.297800076291569,1.1886032499616397,-16.7487552864667,80.08263234293865,277.52209732486165
11.5,-19.454398427509343,6.355543066755123,1.1561054687164347,-34.34266037565836,56.46605330007132,288.34058640925394
11.51,-19.667718624070673,6.406068183410732,1.1276699101268803,-49.73732732870107,35.80154663756241,297.8067643580972
11.52,-19.854373796061836,6.4502776604843906,1.1027887963610203,-63.207660912613434,17.72010330786711,306.08967006333506
11.53,-16.356099696554104,7.094970452923842,1.285969696815893,-74.99420279853675,1.898840394383722,313.33721255541815
11.54,-13.295109859484839,7.659076646308362,1.4462529847139063,-85.30742694871965,-11.944764654914243,319.67881223599085
11.55,-10.616743752049235,8.152669565519817,1.586500861624668,-94.33149808012969,-24.057919073049963,325.227711956492
11.56,-8.273173408043082,8.58456336982984,1.7092177539215847,-102.22756032011348,-34.65692918891872,330.0829992119305
11.57,-6.222549357037697,8.962470448601112,1.8165950346813866,-109.1366147800993,-43.931063040303876,334.33137556043914
11.58,-4.428253312407985,9.293139142525973,1.9105501553462134,-115.18203743258688,-52.0459301602659,338.04870486538425
11.59,-2.8582442733569864,9.582474249710227,1.9927608859279369,-120.47178225351352,-59.14643889023266,341.30136800721124
11.6,-1.484486364187363,9.835642468496449,2.0646952751869447,-125.10030897182433,-65.35938402895357,344.1474482563098
11.61,-0.28244819366394247,10.057164659934394,2.1276378657885764,-105.19714522534629,-88.61508627533438,282.24651697427106
11.62,0.7693352055440503,10.250996577442596,2.1827126325650044,-87.781876947178,-108.96382574091757,228.08320210248718
11.63,1.689645679851044,10.420599505262272,2.230903053494379,-72.54351720378075,-126.76897277330286,180.6903015896763
11.64,2.4949173448696635,10.569002067104488,2.2730696718075816,-59.209952428308156,-142.34847642664002,139.22151364096678
11.65,3.1995300517609557,10.698854308716427,2.309965462831634,-47.54308324976964,-155.98054212331002,102.93632418584593
11.66,3.8160661702908363,10.812475020126875,2.3422492799776795,-37.33457271854843,-167.90859960789626,71.1867834126152
11.67,4.355535274004482,10.911893142611017,2.3704976199804695,-28.402126003729876,-178.34564990690922,43.405935236038296
11.68,4.827570739753922,10.99888399978464,2.3952149174829107,-20.58623512826364,-187.47806891854555,19.097693081533507
11.69,4.857262397284681,7.19853074981156,0.934311552797547,-13.747330612230687,-195.46893555372736,-2.172018803658183
11.7,4.883242597624096,3.873221656085115,-0.34397889130214643,-7.763289160701852,-202.46094385951145,-20.78301670320091
11.71,4.905975272921084,0.9635761990744758,-1.462483029889378,-2.527252890614121,-208.57895112707251,-37.0676398653008
11.72,4.925866363805948,-1.5823635758098338,-2.4411741511532057,2.054278845712644,-213.93220748618845,-51.3166851321382
11.73,4.943271068330204,-3.8100608788336046,-3.297528882259055,6.063119114998563,-218.6163068004149,-63.78459974062092
11.74,4.958500184788928,-5.759296018979404,-4.046839271976673,9.570854350623742,-222.71489370036304,-74.69402502304331
11.75,4.971825661690311,-7.464876766606978,-4.7024858629795885,12.640122681795773,-226.30115723781765,-84.2397721451629
11.76,4.983485453979022,-8.957259920781105,-5.27617663010714,15.325732471571301,-229.43913783309043,-92.59230087701755
11.77,4.993687772231644,-10.263095180683468,-5.778156051343748,16.485640912624888,-282.25237047895416,-107.66201326739035
11.78,5.0026148007026885,-11.405701033098035,-6.217388044925779,17.500560798546775,-328.46394904408487,-120.84801160896656
11.79,5.010425950614852,-12.40548115396078,-6.601716039310057,18.38861569872843,-368.8990802885743,-132.38576015784574
11.8,5.0172607067879955,-13.280288759715683,-6.9380030343963,19.165663736387376,-404.2798201275025,-142.481290138115
11.81,5.023241118439496,-14.045745414751222,-7.232254155096762,19.84558076933895,-435.2379674865647,-151.31487887085063
11.82,5.028473978634559,-14.715519987907319,-7.489723885709667,20.440508173171583,-462.3263464257441,-159.04426901199432
11.83,5.033052731305239,-15.301572739418905,-7.715009899995959,20.961069651525133,-486.0286779975261,-165.80748538549503
11.84,5.037059139892084,-15.814368896991542,-7.9121351624964635,21.41656094508449,-506.7682181228354,-171.72529971230816
11.85,5.931472872405573,-13.3665270348676,-7.286569642184406,21.81511582694893,-524.915315732481,-176.90338724826964
11.86,6.7140848883548765,-11.22466540550915,-6.739199811911356,22.163851348580312,-540.7940261409209,-181.43421384223595
11.87,7.398870402310517,-9.350536479820507,-6.260251210422437,22.46899493000777,-554.6878977483058,-185.39868711195646
11.88,7.998057727021703,-7.710673669842944,-5.8411711841196325,22.7359955637568,-566.8450354047676,-188.86760122296192
11.89,8.52234663614399,-6.275793711112575,-5.474476161104679,22.969621118287197,-577.4825308541716,-191.9029010700917
11.9,8.98109943162599,-5.020273747223503,-5.153618015966595,23.174043478501297,-586.7903393724001,-194.55878843633025
11.91,9.382508127672741,-3.921693778820565,-4.872867138970771,23.352913043688634,-594.9346718258502,-196.88268988178896
11.92,9.73374073671365,-2.960436306467994,-4.6272101215994255,23.509423913227554,-602.0609627226189,-198.91610364656535
11.93,10.041069269624442,-2.119336018159495,-4.412260231399498,24.00074592407411,-536.0695927572916,-158.9140900657447
11.94,10.309981735921387,-1.3833732658895581,-4.2241790774745605,24.430652683564844,-478.3271440376302,-123.91232818252661
11.95,10.545280143931214,-0.7394058576533633,-4.059608067790241,24.806821098119237,-427.80250140792646,-93.28578653471078
11.96,10.751166250939812,-0.17593437544669294,-3.9156084343164608,25.135968460854333,-383.59343910693565,-66.48756259287194
11.97,10.931316594572335,0.3171031714841437,-3.789608755026903,25.42397240324754,-344.9105095935687,-43.039116643762945
11.98,11.088948145250793,0.7485110250486258,-3.67935903564854,25.675975852841596,-311.0629462693726,-22.521726438292575
11.99,11.226875752094443,1.1259928969175474,-3.5828905311924726,25.896478871236397,-281.44632836070105,-4.5690100085060035
12.0,11.347562408082638,1.456289534802854,-3.4984805897934135,26.089419012331845,-255.5317876906134,11.139616867557248
12.01,10.412615732072307,0.8538208429524972,-2.187391891069237,26.258241635790363,-232.85656460428675,24.88466538411259
12.02,9.594537390563268,0.32666073758343506,-1.0401892796855825,26.405961431316566,-213.01574440375092,36.91158283609852
12.03,8.87871884174286,-0.13460435461449433,-0.0363869947248846,26.535216252401995,-195.65502672828205,47.4351356065862
12.04,8.252377611525002,-0.5382113102876825,0.841940004615726,26.648314220851745,-180.4643987622468,56.64324428076293
12.05,7.704329035084377,-0.8913673965017221,1.6104761290387604,26.747274943245277,-167.17259929196595,64.70033937066756
12.06,7.22478653069883,-1.2003789719390068,2.2829452379089155,26.833865575339615,-155.5422747554702,71.75029757433411
12.07,6.805186839361476,-1.470764100446631,2.871355708170301,26.909632378422163,-145.3657407860364,77.91901100254235
12.08,6.438037109441292,-1.707351087890802,3.386214869649013,26.97592833111939,-136.46127356278186,83.31663525222456
12.09,6.116781095761131,-1.9143647019044518,3.8367166359428864,11.738937414729465,-117.26861436743413,83.28830622069648
12.1,5.8356820837909895,-2.0955016141663956,4.230905681450026,-1.5934296371117185,-100.47503757150486,83.26351831810942
12.11,5.589720448317116,-2.2539964123955962,4.575821096268773,-13.259250807472753,-85.78065787506675,83.24182890334575
12.12,5.374504017277476,-2.392679360846147,4.877622084235176,-23.46684433153866,-72.92307564068341,83.22285066542753
12.13,5.186189640117792,-2.514026940740379,5.141697948705779,-32.39848866509633,-61.672691185597984,83.20624470724908
12.14,5.021414560103069,-2.6202060731478314,5.3727643301175565,-40.21367745695929,-51.82860478739824,83.19171449384295
12.15,4.8772363650901855,-2.7131128140043526,5.574947413852862,-47.051967649839376,-43.21502918897346,83.17900055711259
12.16,4.751080444453913,-2.7944062122538083,5.751857612121254,-53.03547156860946,-35.67815054035178,83.16787586247352
12.17,4.617496388897174,-2.953115685722082,5.494632910606097,-58.27103749753328,-29.083381722807808,83.15814175466434
12.18,4.500610340285028,-3.0919864750068218,5.269561296780335,-62.85215768534162,-23.312959007456833,83.1496244103313
12.19,4.398335047749399,-3.213498415630969,5.072623634682793,-66.86063784967392,-18.263839131524726,83.14217173403989
12.2,4.308844166780725,-3.319821363677098,4.900303180347444,-70.36805799346467,-13.845859240084136,83.1356506422849
12.21,4.230539645933135,-3.4128539432174607,4.749522782804013,-73.43705061928159,-9.98012683507362,83.1299446869993
12.22,4.162023190191493,-3.494257450315278,4.617589934953512,-76.1224191668714,-6.597610980689417,83.12495197612438
12.23,4.102071291417556,-3.5654855190258683,4.502148693084322,-78.47211664601247,-3.6379096081032403,83.12058335410883
12.24,4.049613379990362,-3.6278100791476344,4.401137606448782,-80.52810194026091,-1.0481709070903356,83.11676080984523
12.25,4.003712707491567,-3.68234406925418,4.312752905642684,-81.19833894772829,29.852224331295957,81.28029058361457
12.26,3.963549619055121,-3.7300613105974074,4.235416292437349,-81.78479632926225,56.890070164883966,79.67337913566274
12.27,3.9284069166732305,-3.7718138967727315,4.16774675588268,-82.29794653810447,80.54818526927346,78.26733161870489
12.28,3.8976570520890763,-3.80834740967614,4.108535911397345,-82.7469529708414,101.24903598561427,77.03704004136677
12.29,3.8707509205779416,-3.8403142334666223,4.056726422472677,-83.13983359948622,119.36228036241249,75.96053491119592
12.3,3.847208055505699,-3.8682852042832945,4.011393119663592,-83.48360414955044,135.2113691921109,75.01859292229642
12.31,3.8266080485674863,-3.8927598037478823,3.971726479705643,-83.78440338085663,149.07932191809704,74.19439368200936
12.32,3.8085830424965503,-3.914175078279397,3.9370181697424376,-84.04760270824956,161.2137805533349,73.47321934675819
12.33,1.8363860371844816,-3.4257336934944727,3.623957898524633,-84.27790211971836,171.83143185916805,72.8421918034134
12.34,0.11071365753642137,-2.998347481807664,3.3500301612090535,-84.47941410475356,181.12187675177205,72.29004270298672
12.35,-1.399249674655631,-2.624384546581706,3.1103433910579215,-84.65573709165936,189.25101603280052,71.80691224011338
12.36,-2.7204675903236772,-2.297166978258993,2.9006174671756813,-84.81001970520194,196.36401290370043,71.3841730850992
12.37,-3.876533266533217,-2.0108516059766193,2.717107283778721,-84.94501699205169,202.58788516573787,71.0142763244618
12.38,-4.888090733216565,-1.7603256552295419,2.5565358733063808,-85.06313961804523,208.03377339502066,70.69061665890408
12.39,-5.773203516564494,-1.5411154483258491,2.416035889143083,-85.16649691578958,212.79892559564308,70.40741445154106
12.4,-6.547677201993932,-1.349306517285118,2.2930984030001977,-85.25693455131588,216.96843377118768,70.15961252009842
12.41,-7.22534167674469,-1.1814737026244782,2.185528102625173,-69.8266928574014,244.8586315497892,67.91278620508612
12.42,-7.818298092151603,-1.0346199897964183,2.091404089797026,-56.325231375226224,269.2625546060656,65.94681317945034
12.43,-8.337134955632653,-0.906122991071866,2.009045578572398,-44.511452578322945,290.61598728030737,64.22658678201904
12.44,-8.791117211178571,-0.7936881171878827,1.9369818812508484,-34.17439613103257,309.30024087026896,62.721388684266664
12.45,-9.18835168478125,-0.6953076025393973,1.8739261460944925,-25.1294717396535,325.64896276148534,61.40434034873333
12.46,-9.535931849183592,-0.6092246522219725,1.818752377832681,-17.215162897196812,339.95409441629965,60.25192305514166
12.47,-9.840064493035642,-0.5339020706942259,1.770475330603596,-10.29014266004721,352.4710846142622,59.24355792324895
12.48,-10.106180556406187,-0.4679948118574477,1.7282329142781467,-4.230749952541308,363.4234510374795,58.36123843284283
12.49,-11.465554361855414,0.3784901646247333,2.0442757999933785,1.071218666526355,373.00677165779456,57.58920887873748
12.5,-12.655006441623488,1.1191645190466417,2.320813324994206,5.71044120821056,381.39217720057025,56.91368301889529
12.51,-13.695777011420553,1.7672545791658116,2.5627836593699302,9.76976093218424,388.729407050499,56.32259789153338
12.52,-14.606451259992985,2.3343333817700853,2.774507701948689,13.32166569066121,395.1494831691866,55.8053984050917
12.53,-15.403291227493863,2.8305273340488246,2.9597662392051025,16.42958235432856,400.7670497730383,55.35284885445524
12.54,-16.10052619905713,3.2646970422927217,3.1218674593044646,19.149009435037488,405.68242055140854,54.95686799764833
12.55,-16.710606799174986,3.644595537006132,3.2637060268914064,21.5285081306578,409.9833699824825,54.61038474794229
12.56,-17.244427324278114,3.9770067198803654,3.3878147735299806,23.610569489325577,413.7467007346722,54.3072119044495
12.57,-17.711520283743347,4.26786650489532,3.4964099268387328,17.37799830315988,379.59836401783815,101.44943766639332
12.58,-18.12022662327543,4.522368816783405,3.591430685983891,11.924498515264895,349.71856939060837,142.69888520809417
12.59,-18.477844670366,4.745058339685479,3.6745738502359044,7.152686200856783,323.5737490917823,178.7921518070824
12.6,-18.790760461570247,4.939911672224794,3.747324118956416,2.977350425749685,300.6970313303095,210.37376008119708
12.61,-19.064561778873966,5.110408338196695,3.810980604086864,-0.6760683774690257,280.67990328902084,238.00766732104745
12.62,-19.30413793151472,5.259592920922109,3.8666800285760057,-3.8728098302853975,263.16491625289325,262.1873361559165
12.63,-19.513767065075378,5.390129430806845,3.915417025004005,-6.669958601499722,247.83930259628158,283.34454638642694
12.64,-19.697192556940955,5.50434887695599,3.958061896878504,-9.117463776312256,234.42939064674638,301.8571053381236
12.65,-16.662189237323336,6.263834892336492,3.7991791597686912,-11.259030804273223,222.69571769090308,318.0555944208581
12.66,-14.006561332657919,6.92838515579443,3.660156764797605,-13.13290195373907,212.4287538545402,332.2292723682508
12.67,-11.682886916075677,7.509866636320126,3.5385121691979045,-14.772539209521687,203.44516049772267,344.63124057221944
12.68,-9.649671801566218,8.01866293178011,3.4320731480481665,-16.207221808331475,195.58451631050735,355.482962750692
12.69,-7.870608576370441,8.463859690307595,3.3389390045421456,-17.46256908229004,188.70645264669395,364.9782196568555
12.7,-6.313928254324136,8.853406854019147,3.2574466289743778,-18.560997947003784,182.68814694085722,373.2865694497486
12.71,-4.9518329725336185,9.194260622266754,3.1861408003525806,-19.52212320362831,177.42212944825008,380.55637551853
12.72,-3.7599996009669168,9.492507669483409,3.123748200308508,-20.36310780317477,172.81436414221884,386.91745582871374
12.73,-2.717145400846052,9.753473835797982,3.0691546752699446,-18.040844327777922,134.89381924944146,348.84277397512454
12.74,-1.8046479757402956,9.981819231323234,3.0213853408612015,-16.008863786805684,101.71334246826129,315.527427353234
12.75,-1.0062127287727587,10.18162145240783,2.9795871732535515,-14.230880813454974,72.68042528472863,286.3764990590797
12.76,-0.3075818876761638,10.356448395856852,2.9430137765968576,-12.675145711773101,47.276622749137545,260.86943680169475
12.77,0.30372009828335667,10.509421971374744,2.9110120545222506,-11.313877497801464,25.04829553049535,238.5507573264829
12.78,0.8386093359979371,10.6432738499529,2.8830105477069696,-10.122767810576281,5.59850921418343,219.02191278567255
12.79,1.306637418998195,10.760394243708786,2.8585092292435985,-9.080546834254246,-11.420053812589497,201.93417381246348
12.8,1.7161619916234208,10.862874588245187,2.837070575588149,-8.168603479972464,-26.311296461015807,186.98240221090555
12.81,2.622879617670493,8.695723389714539,1.22818500363963,-7.3706530449759065,-39.34113377838883,173.89960205954236
12.82,3.4162575404616815,6.799466091000221,-0.17958987181532393,-6.672446414353917,-50.74224143109022,162.45215192709958
12.83,4.110463222903971,5.1402409546251935,-1.4113928878384085,-6.061515612559678,-60.718210627203945,152.43563306121214
12.84,4.717893195040975,3.6884189602970445,-2.489220526858608,-5.526951160989718,-69.44718367380345,143.67117905356062
12.85,5.249394420660853,2.418074715259914,-3.4323197110012815,-5.059207265866003,-77.08503508957801,136.00228179686553
12.86,5.714457993078247,1.3065235008524247,-4.257531497126122,-4.649931357632752,-83.76815507838076,129.29199669725733
12.87,6.121388618943466,0.33391618824587166,-4.979591809985356,-4.291814937928658,-89.61588506858315,123.42049723510017
12.88,6.477452916575533,-0.5171152102848623,-5.611394583737186,-3.978463070687576,-94.73264881001026,118.28293520571266
12.89,6.789009177003592,-1.2617676839992544,-6.164222010770038,-4.163655186851629,-99.13544320875899,56.09444355499858
12.9,7.0616209048781435,-1.9133385984993476,-6.647946009423783,-4.325698288495175,-102.98788830766412,1.6795133606237513
12.91,7.300156166768376,-2.483463148686929,-7.07120450824581,-4.4674860024332785,-106.35877776920611,-45.93355055945422
12.92,7.50887452092233,-2.9823221301010627,-7.441555694715083,-4.591550252129118,-109.30830604805536,-87.59498148952244
12.93,7.691503080807038,-3.4188237388384297,-7.765612982875697,-4.700106470612979,-111.88914329204844,-124.04873355333214
12.94,7.851303070706159,-3.800762646483626,-8.049163110016236,-4.795093161786356,-114.1473758805424,-155.94576660916562
12.95,7.991128061867889,-4.134959190673173,-8.297269471264206,-4.878206516563062,-116.1233293954746,-183.85567053301992
12.96,8.113474929134403,-4.427381166839027,-8.514362537356181,-4.95093070199268,-117.85228872104028,-208.2768364663924
12.97,7.828926187992603,-3.2400152709841485,-7.891070595186659,-5.014564364243594,-119.36512813091025,-229.64535665809336
12.98,7.579946039493528,-2.20107011211113,-7.345690145788327,-5.070243818713145,-120.68886261454647,-248.3428118258317
12.99,7.362088409556837,-1.2919930980972387,-6.868482252564786,-5.118963341374002,-121.84713028772816,-264.70308509760275
13.0,7.1714629833622325,-0.49655071083508395,-6.450925345994188,-5.161592923702252,-122.86061450176214,-279.0183242104024
13.01,7.004665735441954,0.19946137801930153,-6.085563052744915,-5.198893808239471,-123.74741318904188,-291.5441584341021
13.02,6.85871814351171,0.8084719557668888,-5.7658710461518,-5.2315320822095375,-124.52336204041164,-302.50426337983936
13.03,6.731014000572746,1.3413562112960276,-5.486140540382825,-5.260090571933345,-125.2023172853602,-312.09435520735946
13.04,6.619272875501153,1.8076299348840241,-5.241376347834972,-5.285079250441677,-125.79640312469017,-320.48568555643953
13.05,6.521499391063509,2.215619443023521,-5.027207679355601,-4.116944344136467,-158.6956039841039,-268.3280993618846
13.06,6.435947592180571,2.572610262645581,-4.839810094436151,-3.094826301119409,-187.48240473609093,-222.690211441649
13.07,6.361089768158,2.884977229814883,-4.675837207631632,-2.200473013479483,-212.67085539407955,-182.7570595114429
13.08,6.29558917213825,3.1582983260880226,-4.532360931677679,-1.4179138867945476,-234.7107497198196,-147.8155515725125
13.09,6.238276150620969,3.3974542853270195,-4.406819190217969,-0.7331746509452292,-253.99565725484214,-117.24173212594845
13.1,6.188127256793348,3.6067157496611424,-4.2969701664407225,-0.13402781957707555,-270.8699513479869,-90.48964011020489
13.11,6.1442469746941795,3.7898195309534994,-4.200852270635632,0.39022565787005886,-285.63495867948853,-67.08155959642929
13.12,6.105851727857408,3.9500353395843115,-4.116749111806178,0.8489474506363015,-298.55434009455246,-46.59948914687563
13.13,5.901429011875232,2.775911422136273,-3.126085597830406,1.2503290193067638,-309.8587988327334,-28.677677503516176
13.14,5.722559135390828,1.748552994369239,-2.259255023101605,1.6015378918934182,-319.7502002286417,-12.996092315576654
13.15,5.566047993466975,0.8496143700730842,-1.5007782702139045,1.9088456554067408,-328.40517645006145,0.7252947238704266
13.16,5.429100744283603,0.06304307381394869,-0.8371111114371664,2.177739948480898,-335.97828064380377,12.731508383386622
13.17,5.309271901248152,-0.6252068104127948,-0.25640234750752067,2.4130224549207857,-342.6047468133283,23.236945335463293
13.18,5.204421663592133,-1.2274254591111955,0.2517178209309194,2.6188946480556874,-348.40290471166225,32.42920266853038
13.19,5.112677705643116,-1.754366776722296,0.6963229683145544,2.7990328170487264,-353.47629287270445,40.47242783496408
13.2,5.0324017424377265,-2.2154404296320087,1.0853524722752352,2.9566537149176355,-357.9155075136164,47.51024985559357
13.21,4.9621602746330105,-2.6188798759280076,1.4257532882408308,-12.161053249447068,-324.96669419941435,46.278968623644374
13.22,4.9006989903038845,-2.9718893914370064,1.723604002210727,-25.389046843266186,-296.1364825494876,45.20159754568883
13.23,4.846920366515898,-3.2807727175073804,1.984223376934386,-36.96354123785791,-270.9100473558017,44.258897852477716
13.24,4.799864070701411,-3.5510456278189575,2.212265329817588,-47.091223833125675,-248.83691656132646,43.434035620917996
13.25,4.758689811863735,-3.7875344243415876,2.4118020385903893,-55.952946103984964,-229.52292711616064,42.71228116830325
13.26,4.722662335380768,-3.994462121298889,2.5863966587665908,-63.70695309098684,-212.62318635164056,42.080746022265345
13.27,4.691138293458172,-4.175523856136528,2.7391669514207666,-70.49170920461349,-197.8359131826855,41.528152769482176
13.28,4.6635547567759,-4.333952874119462,2.8728409574931706,-76.4283708040368,-184.8970491598498,41.0446336732969
13.29,4.477858037178913,-4.404260264854529,2.8862120878065243,-81.6229497035322,-173.57554313986856,40.62155446413479
13.3,4.315373407531549,-4.465779231747713,2.897911826830709,-86.16820624059068,-163.66922537238497,40.25136015611794
13.31,4.173199356590105,-4.519608327779249,2.9081490984768705,-90.14530571051684,-155.00119732583684,39.927440136603195
13.32,4.048797062016343,-4.566708786806843,2.917106711167262,-93.62526774670224,-147.41667278510724,39.64401011952779
13.33,3.9399450542643,-4.6079216884559875,2.9249446222713544,-96.67023452836446,-140.78021381196882,39.39600885458681
13.34,3.8446995474812624,-4.643982977398989,2.931802794487435,-99.3345804623189,-134.97331221047273,39.179007747763464
13.35,3.7613597290461045,-4.6755366052241145,2.937803695176506,-101.66588315452904,-129.89227330916364,38.98913177929303
13.36,3.688437387915341,-4.7031460295711,2.9430544832794427,-103.70577301021291,-125.44636427051819,38.82299030688141
13.37,3.624630339425923,-4.727304275874712,2.9476489228695124,-101.8681765089363,-88.72181911170341,44.67574139352123
13.38,3.5687991719976826,-4.748442741390372,2.9516690575108235,-100.26027957031926,-56.58784209774048,49.796898594331076
13.39,3.519946900497972,-4.7669388987165755,2.9551866753219707,-98.85336974902935,-28.47061221052292,54.27791114503969
13.4,3.477201162935726,-4.783123036377003,2.9582645909067242,-97.62232365540069,-3.8680360592075544,58.198797126909724
13.41,3.43979864256876,-4.797284156829877,2.960957767043384,-96.5451583234756,17.65921807319339,61.62957236104601
13.42,3.407071437247665,-4.809675137226143,2.9633142961629613,-95.60263865804116,36.49556543904421,64.63150069091526
13.43,3.3784351325917066,-4.820517245072875,2.965376259142591,-94.77793395078601,52.97736938416369,67.25818797955085
13.44,3.353378366017743,-4.830004089438765,2.967180476749767,-94.05631733193775,67.39894783614322,69.556539357107
13.45,2.448510070265525,-4.768567203258919,3.177737417156046,-93.42490279044553,80.01782898162531,71.56759681246862
13.46,1.6567503114823348,-4.7148099278515545,3.3619747400115405,-92.87241506663983,91.05934998392215,73.32727208591004
13.47,0.963960522547043,-4.66777231187011,3.523182397510098,-92.38898830830985,100.72068086093188,74.86698795017128
13.48,0.3577694572286626,-4.626614397886347,3.6642390978213357,-91.96598989477111,109.1743453783154,76.21423933139987
13.49,-0.17264772492492025,-4.5906012231505535,3.7876637105936686,-91.59586628292472,116.57130183102598,77.39308428997488
13.5,-0.6367627593093053,-4.559089695256734,3.89566024676946,-91.27200812255913,123.04363872714774,78.42457362872801
13.51,-1.0428634143956421,-4.531517108349642,3.9901572159232774,-90.98863223223924,128.70693351125428,79.32712680013701
13.52,-1.3982014875961868,-4.507391094805937,4.0728420639328675,-90.74067832820933,133.66231644734748,80.11686082511989
13.53,-1.7091223016466635,-4.486280832955194,4.145191305941259,-82.82371853718315,150.17390326642905,75.5141284719799
13.54,-1.9811780139408306,-4.467809353835795,4.2084968926986015,-75.89637872003526,164.6215417331254,71.4867376629824
13.55,-2.2192267621982267,-4.451646809606321,4.263889281111276,-69.83495638003085,177.26322539148472,67.9627707051096
13.56,-2.4275194169234484,-4.437504583405531,4.312357620972367,-64.53121183252699,188.32469859254914,64.8792996169709
13.57,-2.609775489808017,-4.425130135479839,4.354767418350821,-59.890435353461115,198.0034876434805,62.181262414849535
13.58,-2.769249553582015,-4.414302493544859,4.391875991056969,-55.82975593427848,206.47242806304544,59.820479862993345
13.59,-2.9087893593842633,-4.404828306851752,4.424345992174848,-52.276661442493676,213.88275093016475,57.75479513011918
13.6,-3.03088668946123,-4.396538393495283,4.452757243152991,-49.16770376218197,220.36678343889415,55.94732098885428
13.61,-3.837372853278576,-3.1383089693083726,3.979211587758867,-46.44736579190922,226.04031188403238,54.36578111524749
13.62,-4.543048246618754,-2.037358223144826,3.5648591392890085,-44.06707006792057,231.00464927352832,52.98193372584156
13.63,-5.16051421579141,-1.0740263202517226,3.2023007468778824,-41.984311309430495,235.34844448933728,51.771067260111366
13.64,-5.700796938817484,-0.23111090522025723,2.885062153518147,-40.16189739575168,239.14926530317013,50.71155910259745
13.65,-6.1735443214652985,0.5064400829322749,2.6074783843283784,-38.56728522128272,242.47498351527386,49.78448946477277
13.66,-6.587198281282136,1.1517971975657406,2.364592586287331,-37.17199956862238,245.38498695086463,48.97330353167617
13.67,-6.9491454961218695,1.7164846728700232,2.152067513001415,-35.95112462254458,247.93123995700654,48.263515840216655
13.68,-7.265849309106636,2.21058621376127,1.966108073876238,-34.882859044726516,250.15921133738073,47.642451610189575
13.69,-7.542965145468306,2.6429250620411113,1.803393564641708,-19.296251664135703,260.4911861702081,56.57964528391587
13.7,-7.785441502284768,3.0212215542859724,1.6610183690614946,-5.6579702061187405,269.53166414893207,64.3996897484264
13.71,-7.997608314499172,3.352230985000226,1.5364400729288077,6.275526069646102,277.4420823803155,71.2422286548731
13.72,-8.183254275186775,3.6418642368751977,1.4274340638127065,16.71733531094034,284.3636983327761,77.22945019801396
13.73,-8.345694490788427,3.895293332265798,1.3320538058361182,25.853918397072796,290.42011229117907,82.46826904826221
13.74,-8.487829679439873,4.117043790732573,1.2485960801066034,33.8484285974387,295.71947450478166,87.05223554222944
13.75,-8.61219796950989,4.311075441891002,1.175570570093278,40.84362502275886,300.3564164416839,91.06320622445075
13.76,-8.721020223321153,4.480853136654627,1.111673248831618,46.964421894914004,304.4137406364734,94.57280557139441
13.77,-10.620945820406009,4.008356994572798,1.205789717727666,52.320119158049756,307.9638993069142,97.64370499997011
13.78,-12.283380717855259,3.594922870251198,1.288141628011708,57.00635426329354,311.0702881435499,100.33074199997384
13.79,-13.73801125312335,3.233168011469798,1.3601995495102446,61.10680998038185,313.7883783756061,102.6818993749771
13.8,-15.010812971482931,2.9166325100360733,1.423250230821464,64.69470873283412,316.1667073286553,104.73916207810497
13.81,-16.124514475047565,2.639663946281564,1.478419576968781,67.83412014122985,318.2477451625734,106.53926694334184
13.82,-17.09900329066662,2.397316452996368,1.5266927548476832,70.58110512357612,320.0686532672517,108.1143587004241
13.83,-17.95168100433329,2.185262396371822,1.5689317854917229,72.98471698312912,321.6619478588452,109.4925639878711
13.84,-18.69777400379163,1.999715096825344,1.6058909373052574,75.08787736023797,323.0560806264895,110.6984936143872
13.85,-19.350605378317674,1.837361209722176,1.6382301951421003,48.586891815208226,276.15969567317836,150.5468069125888
13.86,-19.921832831027963,1.6953015585069042,1.666527045749338,25.3985294633072,235.1253588390311,185.4140810485152
13.87,-20.421656852149468,1.5709993636935413,1.691286790030671,5.108712405393799,199.2203141091522,215.92294591745082
13.88,-20.859002870630786,1.4622349432318487,1.7129515662768373,-12.644877520280426,167.8033999705082,242.6182026777695
13.89,-21.241680636801938,1.3670660753278676,1.7319082454922325,-28.17926870524537,140.31360009919467,265.9765523430483
13.9,-21.576523682201696,1.2837933159118842,1.7484953398057037,-41.7718609920897,116.26002521179534,286.4151083001673
13.91,-21.869511346926483,1.2109296514228987,1.7630090473299909,-53.66537924307848,95.21314718532092,304.29884476264635
13.92,-22.12587555356067,1.1471739449950364,1.7757085414137421,-64.07220771269368,76.7971289121558,319.9471141673156
13.93,-17.299447109365587,2.295387326870657,1.2048619737370243,-73.17818262360697,60.68311292313632,333.63934989640114
13.94,-13.07632222069489,3.300074036011825,0.7053712270198962,-81.1459106706561,46.58334893274428,345.620056159351
13.95,-9.381087943108028,4.179174906510347,0.2683168236424092,-88.11767271182407,34.24605544115124,356.10317413943216
13.96,-6.147757950219525,4.948388168196554,-0.11410577931289193,-94.21796449784605,23.45092363600734,365.27590237200315
13.97,-3.318594206442084,5.621449772171985,-0.44872555689878046,-99.5557198106153,14.005183306506423,373.30203957550276
13.98,-0.8430759306368234,6.210378675650487,-0.7415178622864329,-104.22625570928838,5.74016051819312,380.3249096285649
13.99,1.3230025606927793,6.725691466194176,-0.9977111295006289,-108.31297462062733,-1.49173442158102,386.4699209249943
14.0,3.2183212406061816,7.176590157919904,-1.2218802383130503,-111.88885366804891,-7.819642493883392,391.84680580937004
14.01,4.876725085530409,7.571126513179916,-1.418028208523919,-99.72274695954279,-30.650937432147966,331.3072045831988
14.02,6.3278284498391075,7.916345824032426,-1.5896576824584292,-89.07740358959994,-50.62832050312947,278.335053510299
14.03,7.597543893609219,8.218412721028372,-1.7398334721511255,-79.76272814089994,-68.10853069023828,231.98442132151163
14.04,8.708544906908067,8.482721255899826,-1.8712372881322348,-71.61238712328743,-83.40371460395849,191.42761815632267
14.05,9.680670793544557,8.713991223912348,-1.9862156271157054,-64.4808387328765,-96.78700052846368,155.94041538678232
14.06,10.531280944351488,8.916352445923305,-2.0868216737262424,-58.24073389126694,-108.49737571240573,124.88911296343454
14.07,11.275564826307551,9.093418515182892,-2.174851964510462,-52.780642154858576,-118.74395399835501,97.71922334300523
14.08,11.926813223019108,9.24835132578503,-2.251878468946654,-48.00306188550125,-127.70970999856064,73.94556992512958
14.09,9.693427570141719,3.7791037850619027,-1.7316342853283224,-43.822679149813595,-135.55474649874057,53.143623184488376
14.1,7.739215123874003,-1.006487813070835,-1.2764206246622822,-40.164844256086894,-142.419153436398,34.94191978642733
14.11,6.029279233389753,-5.19388046143698,-0.8781086715794969,-36.96423872407603,-148.42550950684824,19.01542931312391
14.12,4.533085329216034,-8.857849028757357,-0.5295857126320598,-34.16370888356653,-153.6810710684922,5.07975014898342
14.13,3.2239156630640293,-12.063821525162687,-0.22462812355305228,-31.713245273120712,-158.27968743493068,-7.113969119639508
14.14,2.0783922051810255,-14.86904745951735,0.04220976689107925,-29.569089613980623,-162.30347675556436,-17.78347347968457
14.15,1.0760591795333974,-17.32362015207768,0.27569292102969434,-27.692953412233045,-165.82429241111882,-27.119289794723997
14.16,0.19901778209172272,-19.47137125806797,0.4799906809009825,-26.051334235703916,-168.90500610972896,-35.2881290703835
14.17,-0.5683934406697426,-21.350653475809473,0.6587512207883597,-17.146792456240927,-177.55063209601283,-23.78086268658556
14.18,-1.2398782605860248,-22.995025416333288,0.8151666931898147,-9.35531839921081,-185.11555483401122,-13.712004600762366
14.19,-1.8274274780127717,-24.433850864291628,0.9520302315410879,-2.5377785993094584,-191.7348622297598,-4.90175377566707
14.2,-2.341533043261175,-25.692823131255174,1.0717858275984518,3.427568725604224,-197.52675620103983,2.807215696291313
14.21,-2.791375412853528,-26.794423864848277,1.1765719741486453,8.647247634903696,-202.59466342590983,9.552563984254899
14.22,-3.184987486246837,-27.75832450674224,1.2682598523800648,13.214466680540735,-207.02908224767108,15.454743736223037
14.23,-3.5293980504659825,-28.60173756839946,1.3484867458325565,17.210783345473143,-210.90919871671218,20.619151019195158
14.24,-3.830757294157735,-29.339723997349527,1.4186852776034868,20.707560427289,-214.30430062712315,25.138007391795764
14.25,-3.105335632388018,-25.284676747680837,1.3547849929030509,23.767240373877875,-217.27501479873274,29.092006717821295
14.26,-2.470591678339516,-21.736510404220734,1.2988722437901696,26.44446032714314,-219.87438969889115,32.55175612809363
14.27,-1.9151907185470762,-18.631864853693145,1.2499485883163985,28.78702778625025,-222.14884273652973,35.57903686208192
14.28,-1.4292148787286916,-15.915299996981501,1.207140389776849,30.83677431296897,-224.1389891444635,38.22790750432168
14.29,-1.003986018887605,-13.538305747358812,1.1696832160547426,32.630302523847845,-225.88036725140554,40.54566931628146
14.3,-0.6319107665266543,-11.458435778938961,1.1369081890478996,34.19963970836687,-227.40407309497985,42.573710901746274
14.31,-0.3063449207108226,-9.63854955657159,1.1082300404169123,35.57280974482101,-228.73731570810736,44.34824728902799
14.32,-0.021474805621969795,-8.04614911200014,1.0831366603647983,36.77433352671838,-229.90390299459392,45.900966627899486
14.33,0.22778654508077642,-6.6527987230001235,1.0611799528191985,33.09629183587859,-206.5340399952697,58.35459667441205
14.34,0.44589022694567937,-5.433617132625108,1.0419678337167988,29.878005356393764,-186.08540987086099,69.25152296511055
14.35,0.6367309485774695,-4.36683324104697,1.0251572295021991,27.062004686844542,-168.19285851200337,78.78633346947174
14.36,0.8037165800052859,-3.4333973359160987,1.0104479508144242,24.598004100988973,-152.53687607300296,87.12929266078777
14.37,0.9498290075046252,-2.6166409189265867,0.9975773319626212,22.44200358836535,-138.8378914388776,94.4293819531893
14.38,1.077677381566547,-1.9019790540607635,0.9863155404672935,20.55550313981968,-126.8512798840179,100.81696008404066
14.39,1.1895447088707287,-1.276649922303168,0.9764614729088819,18.90481524734222,-116.36299477351567,106.40609094853559
14.4,1.2874286202618876,-0.7294869320152719,0.9678391637952716,17.460463341424443,-107.18574530182622,111.29658045496865
14.41,2.3022719177291515,0.028021559486636982,1.5979283933208626,16.19665542374639,-99.15565201409794,115.57575877309756
14.42,3.1902598030130074,0.6908414895508073,2.1492564691557545,15.09082349577809,-92.1293203873357,119.32003980146038
14.43,3.9672492026363813,1.2708089283569564,2.631668535511285,14.123220558805826,-85.98128021391874,122.59628570127785
14.44,4.647114927306833,1.7782804373123366,3.0537790935723743,13.276567988955097,-80.6017450621789,125.46300086361813
14.45,5.241997436393479,2.2223180076482945,3.4231258318758275,12.53574699033571,-75.89465180440655,127.97137663066587
14.46,5.762519631844294,2.6108508816922575,3.7463042278913488,11.887528616543745,-71.77594520385574,130.16620542683265
14.47,6.217976552863758,2.950817146480725,4.02908532440493,11.320337539475776,-68.17207692837378,132.08668062347857
14.48,6.616501358755787,3.2482876281706345,4.276518783854313,10.824045347041304,-65.01869218732706,133.76709642054377
14.49,6.965210563911314,3.5085742996493052,4.493023060872524,13.189789553661141,-52.424480663911176,126.2293346179758
14.5,7.2703311184223995,3.736325137193142,4.682464303263458,15.259815734453499,-41.404545580922274,119.63379304072882
14.51,7.5373116036195995,3.9356071200439993,4.848225390355526,17.07108864264681,-31.76210238330699,113.86269416063772
14.52,7.770919528167149,4.1099788550384995,4.993266341561085,18.655952437315957,-23.324964585393616,108.812982640558
14.53,7.975326462146255,4.262554123158687,5.12017717386595,20.042708257651462,-15.942469012219414,104.39448506048826
14.54,8.154182529377973,4.396057482763852,5.2312241521327065,21.25611960044503,-9.482785385691987,100.52829967792724
14.55,8.310681588205727,4.512872922418371,5.328390258116118,22.3178545253894,-3.830562212480489,97.14538746818634
14.56,8.447618264680012,4.615086432116074,5.413410600851604,23.246872584715724,1.115133064079572,94.18533928466306
14.57,8.22095310659501,4.747711378101565,5.105830900745153,24.05976338662626,5.4426164310696254,91.59529712408018
14.58,8.022621093270633,4.863758205838869,4.836698663152009,24.771042838297976,9.229164377185922,89.32901023357016
14.59,7.849080581611805,4.96529918010901,4.601207955258008,25.39341235851073,12.542393830037682,87.34600920437389
14.6,7.69723263391033,5.054147532595383,4.395153585850758,25.93798568869689,15.441469601282972,85.61088330382715
14.61,7.564365679671539,5.131889841020961,4.214856012619413,26.41448735260978,17.9781609011226,84.09264814084877
14.62,7.448107094712597,5.19991436089334,4.0570956360419865,26.83142630853356,20.197765788482272,82.76419237324268
14.63,7.346380832873523,5.259435815781672,3.9190553065367384,27.196247894966863,22.139920064921988,81.60179357658735
14.64,7.257370353764333,5.311517088808963,3.7982700182196463,27.515466783096006,23.839305056806737,80.58469462951393
14.65,7.1794861845437925,5.357088202707843,3.6925828909421905,27.939158560209005,21.301266924705896,72.5547328008247
14.66,7.111337536475819,5.396962927369362,3.6001066545744167,28.30988886518288,19.08048355911766,65.52851620072161
14.67,7.051707469416343,5.431853311448192,3.5191899477526145,28.634277882035022,17.137298114227953,59.38057667563142
14.68,6.9995311607393,5.4623823975171675,3.4483878292835377,28.918118271780646,15.43701084994946,54.00112959117749
14.69,6.953876890646887,5.489095347827521,3.3864359756230957,29.166478612808064,13.949259493705776,49.29411339228031
14.7,6.9139294043160255,5.512469179349081,3.332228103670209,29.383793911207054,12.647477056992553,45.17547421824527
14.71,6.878975353776523,5.532921281930445,3.2847962157114328,29.573944797306172,11.508417424868483,41.57166494096461
14.72,6.848390559554458,5.55081687168914,3.243293313747504,29.7403268226429,10.511740246759922,38.41833182334403
14.73,6.470699614610151,5.533749012727998,2.9545513995290658,29.88591109481254,9.639647715914931,35.65916534542603
14.74,6.140220037783882,5.518814636136998,2.7019022245879323,30.01329733296097,8.876566751425564,33.24489467724778
14.75,5.851050408060897,5.505747056619874,2.4808341965144405,30.12476029134085,8.208870907497369,31.132407842591807
14.76,5.598026982053285,5.494312924542389,2.2873996719501353,30.22229037992324,7.624637044060197,29.28398186226783
14.77,5.376631484296625,5.48430805897459,2.1181444629563684,30.307629207432836,7.1134324135526725,27.66660912948435
14.78,5.182910423759547,5.475553801602766,1.9700461550868222,30.382300681503732,6.666128361858588,26.251407988298805
14.79,5.0134044957896045,5.46789382640242,1.8404601357009696,30.447638221315767,6.274737316626265,25.013106989761454
14.8,4.865086808815905,5.461191348102118,1.7270723687383485,30.504808568651296,5.932270152047982,23.92959361604127
14.81,4.735308832713917,5.455326679589353,1.627858072646055,28.761082622569884,0.6801115080419837,19.394019414036112
14.82,4.621753103624678,5.450195094640684,1.5410455635652982,27.23532241974865,-3.9155273054632644,15.425391987281598
14.83,4.5223918406715935,5.445704957810598,1.465084618119636,25.900282242280067,-7.936711267280357,11.952842988871398
14.84,4.4354507355876445,5.441776088084273,1.3986187908546814,24.73212208699506,-11.455247233870313,8.914362615262473
14.85,4.359377268639189,5.438338327073739,1.3404611919978462,23.709981951120678,-14.533966204636524,6.255692288354663
14.86,4.292812985059291,5.435330286189521,1.2895732929981154,22.815609332230594,-17.22784530405696,3.9293557523103293
14.87,4.2345692369268795,5.432698250415831,1.245046381373351,22.03303329070177,-19.58498951604984,1.8938112832715381
14.88,4.18360595731102,5.430395219113852,1.2060853337016821,21.348279254364048,-21.647490701543614,0.1127098728625957
