time,ax_filtered,ay_filtered,az_filtered,wx_filtered,wy_filtered,wz_filtered
0.0,2.057098,-2.562753,7.6308,18.34,17.885001,31.99
0.01,2.057098,-2.562753,7.6308,18.34,17.885001,31.99
0.02,2.057098,-2.562753,7.6308,18.34,17.885001,31.99
0.03,2.057098,-2.562753,7.6308,18.34,17.885001,31.99
0.04,2.057098,-2.562753,7.6308,18.34,17.885001,31.99
0.05,2.057098,-2.562753,7.6308,18.34,17.885001,31.99
0.06,2.057098,-2.562753,7.6308,18.34,17.885001,31.99
0.07,2.057098,-2.562753,7.6308,18.34,17.885001,31.99
0.08,2.057098,-2.562753,7.6308,18.34,17.885001,31.99
0.09,2.057098,-2.562753,7.6308,18.34,17.885001,31.99
0.1,2.057098,-2.562753,7.6308,18.34,17.885001,31.99
0.11,2.057098,-2.562753,7.6308,18.34,17.885001,31.99
0.12,2.057098,-2.562753,7.6308,18.34,17.885001,31.99
0.13,2.057098,-2.562753,7.6308,18.34,17.885001,31.99
0.14,2.057098,-2.562753,7.6308,18.34,17.885001,31.99
0.15,2.057098,-2.562753,7.6308,18.34,17.885001,31.99
0.16,1.9245071249999999,-2.3308506249999996,8.004103875,18.34,17.885001,31.99
0.17,1.8084901093749999,-2.1279360468749995,8.330744765625,18.34,17.885001,31.99
0.18,1.7069752207031248,-1.9503857910156246,8.616555544921876,18.34,17.885001,31.99
0.19,1.6181496931152342,-1.7950293171386715,8.866639976806642,18.34,17.885001,31.99
0.2,1.54042735647583,-1.6590924024963376,9.085463854705813,18.34,17.885001,31.99
0.21,1.4724203119163513,-1.5401476021842955,9.276934747867585,18.34,17.885001,31.99
0.22,1.4129141479268073,-1.4360709019112587,9.444471779384138,18.34,17.885001,31.99
0.23,1.3608462544359563,-1.3450037891723514,9.59106668196112,18.34,17.885001,31.99
0.24,1.3152868476314619,-1.2653200655258077,9.71933722171598,18.34,17.885001,31.99
0.25,1.275422366677529,-1.1955968073350818,9.831573944001484,18.34,17.885001,31.99
0.26,1.240540945842838,-1.1345889564181966,9.929781076001298,18.34,17.885001,31.99
0.27,1.2100197026124833,-1.081207086865922,10.015712316501137,18.34,17.885001,31.99
0.28,1.183313614785923,-1.034497951007682,10.090902151938495,18.34,17.885001,31.99
0.29,1.1599457879376824,-0.9936274571317217,10.156693257946184,18.34,17.885001,31.99
0.3,1.1394989394454722,-0.9578657749902565,10.214260475702911,18.34,17.885001,31.99
0.31,1.1216079470147882,-0.9265743031164744,10.264631791240047,18.34,17.885001,31.99
0.32,2.73567682863794,-0.849663140226915,8.854315317335042,18.34,17.885001,31.99
0.33,4.147987100058198,-0.7823658726985506,7.620288402668161,18.34,17.885001,31.99
0.34,5.383758587550923,-0.7234807636112318,6.540514852334642,18.34,17.885001,31.99
0.35,6.465058639107058,-0.6719562931598279,5.5957129957928124,18.34,17.885001,31.99
0.36,7.411196184218676,-0.6268723815148494,4.769011371318712,18.34,17.885001,31.99
0.37,8.239066536191341,-0.5874239588254931,4.045647449903873,18.34,17.885001,31.99
0.38,8.963453094167424,-0.5529065889723065,3.4127040186658886,18.34,17.885001,31.99
0.39,9.597291332396496,-0.5227038903507681,2.8588785163326524,18.34,17.885001,31.99
0.4,10.151899790846935,-0.4962765290569221,2.374281201791071,0.8443748749999997,-4.506249375000001,-0.24499962500000194
0.41,10.637182191991068,-0.4731525879248068,1.9502585515671869,-14.464297109375,-24.098593453125,-28.450624296875002
0.42,11.061804292992184,-0.4529191394342059,1.5792387326212887,-27.859385095703125,-41.241894521484376,-53.130545884765624
0.43,11.433348631368162,-0.43521487200493014,1.2545963910436275,-39.58008708374024,-56.24228295629883,-74.72547727416992
0.44,11.758449927447142,-0.41972363800431384,0.9705343421631741,-49.83570132327271,-69.36762283676148,-93.62104223989869
0.45,12.042913561516249,-0.4061688082537746,0.7219800493927774,-58.80936378286362,-80.8522952321663,-110.15466158491135
0.46,12.291819241326719,-0.39430833222205275,0.5044950432186802,-66.66131843500567,-90.90138357814551,-124.62157851179744
0.47,12.509611711160879,-0.38393041569429615,0.3141956628163452,-73.53177875562996,-99.69433588087732,-137.28013082282274
0.48,8.10344887226577,-2.714103488732509,-1.857630670035698,-79.54343153617621,-107.38816914576765,-148.3563640949699
0.49,4.2480563882325475,-4.753004927640945,-3.7579787112812353,-84.80362771915419,-114.1202732525467,-158.04806820809867
0.5,0.8745879647034789,-6.537043686685827,-5.42078324737108,-89.40629937925992,-120.01086434597836,-166.52830930708635
0.51,-2.077196905884456,-8.098077600850099,-6.8757372164496955,-93.43363708185242,-125.16513155273107,-173.94852026870055
0.52,-4.660008667648899,-9.463982275743836,-8.148821939393484,-96.95755757162087,-129.6751153586397,-180.44120486011298
0.53,-6.919968959192787,-10.659148866275856,-9.262771071969297,-100.04098800016826,-133.62135118880974,-186.12230387759885
0.54,-8.897434214293689,-11.704919632991373,-10.237476562973136,-102.73898962514723,-137.0743075402085,-191.093265517899
0.55,-10.627716312506978,-12.61996905386745,-11.090343867601494,-105.09974104700382,-140.09564434768242,-195.44285695316162
0.56,-12.141713148443607,-13.420637297134018,-11.836602759151308,-111.78539829112835,-116.39306355422212,-186.5656243340164
0.57,-13.466460379888154,-14.121222009992266,-12.489579289257396,-117.63534837973731,-95.65330535994435,-178.79804579226436
0.58,-14.625614207402133,-14.734233633743234,-13.060933753100223,-122.75405470727016,-77.50601693995131,-172.0014145682313
0.59,-15.639873806476867,-15.27061880452533,-13.560868908962696,-127.2329227438614,-61.627139572457395,-166.0543622472024
0.6,-16.52735095566726,-15.739955828959665,-13.99831217034236,-131.15193227587872,-47.733121875900224,-160.8506914663021
0.61,-17.30389346120885,-16.150625725339708,-14.381075024049565,-134.5810656163939,-35.5758563914127,-156.29747953301433
0.62,-17.983368153557745,-16.509961884672244,-14.715992521043368,-137.58155728934466,-24.938249092486114,-152.31341909138754
0.63,-18.577908509363027,-16.824381024088215,-15.009045330912947,-140.20698750317658,-15.63034270592535,-148.8273662049641
0.64,-20.44021219569265,-15.269704396077188,-12.247951039548829,-142.5042389402795,-7.485924617684681,-145.77706992934358
0.65,-22.069727921231067,-13.909362346567539,-9.831993534605227,-144.51433394774455,-0.3595587904740958,-143.10806068817564
0.66,-23.495554181077182,-12.719063053246597,-7.718030717779572,-146.27316707927648,5.876011308335166,-140.7726776021537
0.67,-24.743152158442534,-11.677551171590771,-5.868313253057126,-147.81214606936692,11.33213514479327,-138.72921740188448
0.68,-25.834800388637216,-10.766228275141923,-4.249810471424985,-149.15875268569604,16.10624350169411,-136.94118972664893
0.69,-26.789992590057565,-9.968820740749182,-2.833620537496862,-150.33703347498403,20.283588313982346,-135.37666551081782
0.7,-27.625785766300368,-9.271089148155534,-1.594454345309754,-151.368029165611,23.938765024734554,-134.0077068219656
0.71,-28.35710479551282,-8.660574004636091,-0.5101839271460348,-152.27015039490962,27.137044646642735,-132.8098679692199
0.72,-28.99700894607372,-8.12637325405658,0.4385526887472196,-154.0876325955459,98.2992906908124,-78.52238272306742
0.73,-29.556925077814505,-7.658947597299507,1.268697227653817,-155.67792952110264,160.56625597946083,-31.020833132684004
0.74,-30.046851693087692,-7.249950147637069,1.99507369919709,-157.0694393309648,215.04985060702822,10.543022758901493
0.75,-30.47553748145173,-6.892077379182436,2.630653111797454,-158.2870104145942,262.72299590614966,46.911396664038804
0.76,-30.850637546270264,-6.578938706784632,3.1867850978227725,-159.35238511276992,304.436998042881,78.73372383103396
0.77,-31.17885010298648,-6.304942368436553,3.6734005855949263,-160.28458797367367,340.9367499125209,106.5782601021547
0.78,-31.46603609011317,-6.065195572381984,4.099189137395561,-161.10026547696444,372.8740327984558,130.94222933938536
0.79,-31.717323828849025,-5.8554171258342365,4.4717541202211155,-161.81398329234386,400.81915532364883,152.2607024219622
0.8,-28.055825100242895,-5.481741610104957,6.096062855193477,-162.43848638080087,425.2711375331927,170.91436636921694
0.81,-24.852013712712534,-5.154775533841838,7.517332998294291,-162.98492658320075,446.66662196654363,187.23632232306483
0.82,-22.048678748623466,-4.868680217111609,8.760944373507504,-163.46306176030063,465.38767084572567,201.51803378268173
0.83,-19.59576065504553,-4.618346814972658,9.849104326819067,-163.88143004026304,481.76858861501,214.01453130984652
0.84,-17.44945732316484,-4.399305088101076,10.801244285966684,-164.24750228523015,496.10189166313376,224.9489666461157
0.85,-15.571441907769236,-4.207643577088441,11.634366750220847,-164.56781549957637,508.64353183024207,234.51659756535125
0.86,-13.928178419298082,-4.039939754952386,12.36334890644324,-164.8480895621293,519.6174669764619,242.88827461968233
0.87,-12.490322866885823,-3.893198910583338,13.001208293137836,-165.09332936686314,529.2196602294041,250.21349204222204
0.88,-11.232199258525096,-3.7648006717604208,13.559335256495606,-161.82541419600526,442.11532757572854,263.5268076619443
0.89,-10.13134110120946,-3.6524522127903682,14.047696349433656,-158.9659884215046,365.89903650376243,275.17595882920125
0.9,-9.168090213558278,-3.554147311191572,14.475012305754449,-156.46399086881652,299.2097818157921,285.3689661005511
0.91,-8.325245686863495,-3.4681305222926255,14.848913767535143,-154.27474301021445,240.85668396381806,294.28784746298226
0.92,-7.587756726005558,-3.392865832006047,15.17607754659325,-152.35915113393764,189.7977233433408,302.09186865510947
0.93,-6.942453885254863,-3.327009228005291,15.462345853269094,-150.68300824219543,145.1211328004232,308.9203871982208
0.94,-6.377813899598005,-3.2693846995046294,15.712830621610456,-149.216383211921,106.0291160753703,314.8953409234432
0.95,-5.883753912148254,-3.2189632370665504,15.93200479390915,-147.93308631043087,71.823601440949,320.1234254330128
0.96,-2.0951992981297227,-1.6819959574332317,12.927090819670505,-146.81020152162702,41.89377613583038,324.6979993788862
0.97,1.2197859891364928,-0.3371495877540778,10.29779109221169,-145.82767733142364,15.705178993851582,328.7007515815254
0.98,4.120398115494432,0.8395909857151819,7.997153830685229,-144.96796866499568,-7.209843505379865,332.2031597588348
0.99,6.658433726057628,1.869238987500784,5.984096226849576,-144.21572358187123,-27.260488192207383,335.26776691398044
1.0,8.879214885300424,2.770180989063186,4.222670823493379,-143.55750913413732,-44.80480229318146,337.9492981747329
1.01,10.822398399637871,3.5585052404302875,2.6814235955567067,-142.98157149237016,-60.15607713153378,340.2956380278913
1.02,12.522683974683137,4.2482889603765015,1.332832271112118,-142.4776260558239,-73.58844261509205,342.3486853994049
1.03,14.010433852847745,4.851849715329439,0.15281486222310336,-142.0366737988459,-85.34176241320554,344.1451018494793
1.04,15.312214996241778,5.379965375913259,-0.8797003705547846,-123.94521457399016,-80.93029223655485,270.6332123682944
1.05,16.451273496711558,5.8420665789241015,-1.7831511992354365,-108.11518775224138,-77.07025583198549,206.31030907225758
1.06,17.447949684622614,6.246405131558588,-2.573670674331007,-94.26391428321121,-73.6927239779873,150.0277686882254
1.07,18.320041349044786,6.600201365113764,-3.265375215039631,-82.1440499978098,-70.73738360573888,100.7805458521972
1.08,19.083121555414188,6.909773069474544,-3.870616688159677,-71.53916874808357,-68.15146078002152,57.68922587067256
1.09,19.750816735987414,7.180648310790225,-4.400202977139717,-62.25989765457312,-65.88877830751883,19.98432088683849
1.1,20.335050018988987,7.417664146941447,-4.8635909799972525,-54.14053544775148,-63.908931144078984,-13.007470974016321
1.11,20.84625414161536,7.625053003573766,-5.2690554824975955,-47.03609351678255,-62.176564876069115,-41.87528885226428
1.12,19.50930287391344,7.174739378127045,-5.728809172185397,-40.81970682718473,-60.66074439156048,-67.13462949573125
1.13,18.33947051467426,6.780714955861164,-6.131093650662223,-35.38036847378664,-59.33440146761542,-89.23655255876484
1.14,17.31586720033998,6.435943586378519,-6.483092569329445,-30.62094741456331,-58.1738514091635,-108.57573523891924
1.15,16.42021430029748,6.134268638081204,-6.791091623163265,-26.456453987742897,-57.15837010801806,-125.49752008405433
1.16,15.636518012760295,5.8703030583210545,-7.060590795267856,-22.812522239275037,-56.269823969515805,-140.30408182354753
1.17,14.950783761165258,5.639333176030922,-7.2964025708593745,-19.624081959365657,-55.49234609832633,-153.2598233456041
1.18,14.350766291019601,5.437234529027057,-7.502737874501953,-16.83419671444495,-54.81205296103554,-164.59609717740358
1.19,13.825751004642152,5.260398212898675,-7.683281265189209,-14.393047125139333,-54.2167964659061,-174.51533678022813
1.2,13.366362629061882,5.10566643628634,-7.841256732040558,-30.684541359496915,-76.32782153266784,-146.5496696826996
1.21,12.964397800429147,4.970276131750547,-7.979485265535489,-44.9395988145598,-95.67496846608437,-122.07971097236214
1.22,12.612678575375504,4.851809615281729,-8.100435232343553,-57.41277408773982,-112.60372203282382,-100.66849710081686
1.23,12.304924253453567,4.748151413371513,-8.206266453300609,-68.32680245177234,-127.41638140372085,-81.93368496321474
1.24,12.035639221771872,4.657450486700073,-8.298868771638032,-77.8765772703008,-140.37745835325575,-65.5407243428129
1.25,11.800014819050388,4.578087175862564,-8.379895800183277,-86.2326302365132,-151.71840068409878,-51.196883799961284
1.26,11.593843466669089,4.508644278879743,-8.450794450160368,-93.54417658194906,-161.64172522358643,-38.64602332496613
1.27,11.413443533335453,4.447881744019774,-8.512830768890321,-99.94177963420543,-170.3246341956381,-27.664020409345365
1.28,10.238077216668522,2.8684037760173027,-6.44914292277903,-105.53968230492976,-177.92217954618334,-18.054767858177193
1.29,9.209631689584956,1.48636055401514,-4.643416057431651,-110.43784714181353,-184.57003172791042,-9.646671875905042
1.3,8.309741853386837,0.27707273476324756,-3.0634050502526944,-114.72374137408684,-190.3869023869216,-2.289587891416912
1.31,7.522338246713483,-0.7810541070821584,-1.6808954189711076,-118.473898827326,-195.4766642135564,4.1478605950102025
1.32,6.833360090874298,-1.7069150936968884,-0.4711994915997191,-121.75528659891025,-199.93020581186184,9.780628020633927
1.33,6.230504204515011,-2.5170434569847773,0.5872844448502459,-124.62650089904646,-203.8270547103791,14.709299518054685
1.34,5.7030053039506345,-3.22590577486168,1.5134578892439652,-127.13881341166565,-207.2367974965817,19.02188707829785
1.35,5.241443765956806,-3.84616030300397,2.3238596530884696,-129.33708686020745,-210.22032243450897,22.79540119351062
1.36,4.837577420212206,-4.388883015128474,3.032961196452411,-127.75620075268151,-194.07090763019536,25.034101169321794
1.37,4.484194367685681,-4.8637653882374146,3.6534250468958596,-126.37292540859633,-179.94016967642096,26.99296364815657
1.38,4.174984196724971,-5.279287464707738,4.196330916033878,-125.1625594825218,-167.57577396686835,28.706968317137
1.39,3.9044252971343494,-5.642869281619271,4.671373551529642,-124.10348929720658,-156.75692772100982,30.206722402494876
1.4,3.6676862599925557,-5.961003371416862,5.087035857588438,-123.17680288505576,-147.2904372558836,31.519007227183018
1.41,3.460539602493486,-6.239370699989754,5.450740375389882,-122.36595227442379,-139.00725809889815,32.66725644878514
1.42,3.2792862771818,-6.482942112491035,5.768981828466147,-121.65645799012083,-131.7594763365359,33.671974517687
1.43,3.120689617534075,-6.696067098429656,6.047443099907879,-121.03565049135574,-125.4176672944689,34.55110282797612
1.44,2.5303864153423157,-6.082654336125948,5.458871212419393,-120.49244392993629,-119.86858438266029,35.320340099479104
1.45,2.013871113424526,-5.545918169110204,4.943870810866969,-120.01713818869425,-115.01313683482775,35.993422712044215
1.46,1.5619202242464603,-5.076274022971429,4.493245459508597,-119.60124566510746,-110.76462023047428,36.582369998038686
1.47,1.1664631962156526,-4.6653353951,4.098948277070023,-119.23733970696904,-107.04716820166499,37.097698873283846
1.48,0.8204382966886962,-4.305764095712499,3.7539382424362704,-118.9189219935979,-103.79439767645685,37.548611639123365
1.49,0.5176665096026092,-3.991139208748437,3.452054462131737,-118.64030649439817,-100.94822346689975,37.943160309232944
1.5,0.25274119590228306,-3.715842432654883,3.18790615436527,-118.39651793259841,-98.45782103353727,38.28839039557882
1.51,0.020931546414497654,-3.474957753573023,2.9567763850696114,-118.18320294102361,-96.27871890434511,38.59046672113147
1.52,-0.18190189688731456,-3.2641836593763953,2.7545378369359104,-121.39592719839565,-80.80075404130197,51.227284005990036
1.53,-0.3593811597764003,-3.079756326954346,2.577579107318922,-124.2070609235962,-67.25753478613923,62.28449913024128
1.54,-0.5146755148043503,-2.918382411085053,2.4227402189040568,-126.66680293314668,-55.40721793787183,71.95956236396111
1.55,-0.6505580754538065,-2.7771802346994217,2.28725619154105,-128.81907719150337,-45.038190695637844,80.42524269346598
1.56,-0.7694553160220806,-2.653628330361994,2.1687076675984187,-130.70231716756547,-35.96529185868311,87.83271298178272
1.57,-0.8734904015193206,-2.545520414066745,2.0649777091486166,-132.3501521466198,-28.02650537634772,94.31424948405987
1.58,-0.9645211013294055,-2.4509259873084024,1.9742139955050395,-133.7920077532923,-21.080067204304257,99.98559392355239
1.59,-1.0441729636632298,-2.3681558638948523,1.8947957460669096,-135.05363140913076,-15.001933803766223,104.94802030810834
1.6,-1.1631285932053261,-2.8447748809079956,1.895262527808546,-136.15755210798943,-9.683567078295445,109.29014339459479
1.61,-1.2672147690546605,-3.261816520794496,1.8956709618324776,-137.12348271949077,-5.029996193508515,113.08950109527044
1.62,-1.3582901729228278,-3.626727955695184,1.8960283416034178,-137.96867200455443,-0.9581216693199499,116.41393908336164
1.63,-1.4379811513074743,-3.946025461233286,1.8963410489029906,-138.7082126289851,2.604768539345044,119.32282232294145
1.64,-1.50771075739404,-4.225410778579125,1.896614667790117,-139.35531067536198,5.722297471926914,121.86809515757378
1.65,-1.568724162719785,-4.4698729312567345,1.8968540843163524,-139.92152146594174,8.45013528793605,124.09520888787705
1.66,-1.6221108923798118,-4.683777314849642,1.8970635737768085,-140.41695590769902,10.836993376944044,126.04393340189242
1.67,-1.6688242808323352,-4.870943650493437,1.8972468770547075,-140.85046104423662,12.92549420482604,127.74906735165587
1.68,-1.7096984957282932,-5.034714194181758,1.897407267422869,-116.42352816370703,79.04355717922279,142.40543468269888
1.69,-1.7454634337622565,-5.178013419909038,1.8975476089950103,-95.04996189324365,136.89686228181995,155.22975609736153
1.7,-1.7767577545419744,-5.303400242420409,1.897670407870634,-76.34809140658818,187.51850424659244,166.45103733519133
1.71,-1.8041402852242276,-5.413113712117858,1.8977778568868047,-59.98395473076466,231.81244096576842,176.2696584182924
1.72,-1.828099999571199,-5.509112998103126,1.8978718747759542,-45.66533513941908,270.5696355950474,184.86095186600585
1.73,-1.8490647496247992,-5.593112373340236,1.89795414042896,-33.13654299699169,304.48218089566643,192.3783336327551
1.74,-1.8674089059216992,-5.666611826672707,1.89802612287534,-22.173849872367732,334.15565803370816,198.9560426786607
1.75,-1.8834600426814867,-5.730923848338619,1.8980891075159225,-12.581493388321768,360.11995052949464,204.71153809382812
1.76,-5.112582412346301,-4.673073242296291,2.3376615940764323,-4.188181464781546,382.83870646330786,209.74759658209962
1.77,-7.938064485803014,-3.7474539620092546,2.722287519816878,3.1559664683161475,402.7176179053944,214.15414775933718
1.78,-10.410361300077637,-2.937537091758098,3.0588352048397685,9.58209590977663,420.1116654172201,218.00988003942004
1.79,-12.573621012567934,-2.2288598302883353,3.3533144292347976,15.20495917105455,435.3314569900676,221.38364578449253
1.8,-14.466473260996942,-1.6087672265022934,3.610983750580448,20.12496452467273,448.64877461630914,224.33569081143096
1.81,-16.122718978372326,-1.0661861981895069,3.836444406757892,24.42996920908864,460.3014275392705,226.91873021000208
1.82,-17.571933981075787,-0.5914277984158185,4.0337224809131556,28.196848307952557,470.4974988468617,229.1788896837518
1.83,-18.839997108441313,-0.1760141986138412,4.2063407957990115,31.492867519458486,479.419061241004,231.15652922328283
1.84,-19.94955234488615,0.18747270121288895,4.357381821324135,21.982508829526175,418.6035535858785,266.94634069537244
1.85,-20.920413176775384,0.5055237385612779,4.489542718658618,13.660944975835402,365.38998438764366,298.26242573345087
1.86,-21.76991640467846,0.783818396241118,4.605183503826291,6.379576603855977,318.8281113391882,325.6640001417695
1.87,-22.513231729093654,1.0273262217109782,4.7063691908480045,0.00837927837397956,278.08647242178967,349.6403777490483
1.88,-23.163632637956947,1.240395568997106,4.794906666992004,-5.566418381422768,242.43753836906595,370.61970815541724
1.89,-23.73273343321233,1.4268312478724676,4.872376958618004,-10.444366333744922,211.2447210729327,388.9766222609901
1.9,-24.23069662906079,1.5899624668884091,4.940163463790753,-14.712570792026806,183.9510059388161,405.0389221033663
1.91,-24.666414425428194,1.732702283527358,4.99947665581691,-18.447249693023455,160.0690051964641,419.0934344654455
1.92,-20.48692349724967,3.8068964980864384,3.9370199488397963,-21.715093731395523,139.1722545469061,431.3911327822648
1.93,-16.82986893509346,5.621816435825634,3.0073703302348216,-24.574457264971084,120.88759772854283,442.15161880948165
1.94,-13.629946193206779,7.20987138134743,2.193926913955469,-27.0764003568497,104.88852301247498,451.5670440832964
1.95,-10.830013794055931,8.599419458679002,1.4821639247110352,-29.26560056224349,90.88933263591561,459.8055411978844
1.96,-8.38007294479894,9.815274026344127,0.8593713091221559,-31.18115074196305,78.64004105642616,467.0142261731488
1.97,-6.236374701699072,10.879146773051112,0.3144277704818864,-32.85725714921767,67.92191092437288,473.3218255265052
1.98,-4.3606387389866885,11.810035426419724,-0.16239782582834938,-34.32385025556546,58.54354705882627,478.84097496069205
1.99,-2.7193697716133527,12.62456299811726,-0.5796202225998057,-35.607119223619776,50.33747867647298,483.6702307156055
2.0,-1.2832594251616838,13.337274623352602,-0.94468981977483,-30.836854320667303,18.744668091913862,415.2883266261548
2.01,-0.026662872016473216,13.960897295433528,-1.2641257173029763,-26.66287253058389,-8.89904116957537,355.45416054788546
2.02,1.072859111985586,14.506567133504337,-1.5436321276401044,-23.010638464260904,-33.087286773378445,303.0992652293998
2.03,2.0349408479873876,14.984028241816295,-1.7882002366850913,-19.81493365622829,-54.252001676706136,257.2887318257248
2.04,2.876762366988964,15.40180671158926,-2.002197332099455,-17.018691949199756,-72.77112721711786,217.20451509750922
2.05,3.6133561961153435,15.767362872640602,-2.189444790587023,-14.571980455549784,-88.97536206497813,182.13082546032058
2.06,4.257875796600926,16.08722451356053,-2.353286316763645,-12.431107898606061,-103.15406755685586,151.44134702778052
2.07,4.82183044702581,16.367103449365462,-2.4966476521681895,-10.557844411280303,-115.56043486224888,124.58805339930797
2.08,3.6252947661475843,10.71948214319478,-4.216750570647166,-8.918738859870265,-126.41600625446776,101.09142147439448
2.09,2.5783260453791366,5.777813500295432,-5.72184062431627,-7.484521502386482,-135.9146312226593,80.53186854009518
2.1,1.6622284147067448,1.4538534377585033,-7.0387944212767355,-6.229581314588171,-144.2259280698269,62.54225972258328
2.11,0.8606429878684018,-2.3296116169613095,-8.191128993617143,-5.131508650264649,-151.49831281109854,46.80135200726038
2.12,0.1592557393848516,-5.640143539841146,-9.199421744415,-4.170695068981568,-157.86164945971123,33.02805775635283
2.13,-0.4544581030382548,-8.536858972361003,-10.081677901363124,-3.329983185358872,-163.4295690272473,20.976425286808727
2.14,-0.9914577151584729,-11.071484975815878,-10.853652038692733,-2.594360287189013,-168.3014986488414,10.431246875957635
2.15,-1.4613323757636638,-13.289282728838893,-11.529129408856141,-1.9506902512903865,-172.5644370677362,1.20421576646293
2.16,-1.8724727037932056,-15.229855762734031,-12.120172107749124,-1.0462289698790883,-227.6001366842692,-31.229435954344936
2.17,-2.232220490819055,-16.927857167392276,-12.637334469280482,-0.25482534864420225,-275.7563738487355,-59.60888121005182
2.18,-2.5469998044666733,-18.41360839646824,-13.08985153562042,0.43765281993632305,-317.89308136764356,-84.44089580879535
2.19,-2.822431703908339,-19.71364072190971,-13.485803968667867,1.0435712174442826,-354.76270044668814,-106.16890858269592
2.2,-3.0634346159197965,-20.851169006670993,-13.832262347584383,1.5737498152637472,-387.02361714085214,-125.18091975985892
2.21,-3.274312163929822,-21.846506255837117,-14.135413429136333,2.037656088355779,-415.2519192482456,-141.81642953987654
2.22,-3.458830018438594,-22.717426348857476,-14.400670625494291,2.4435740773113066,-439.9516835922149,-156.372500597392
2.23,-3.6202831411337697,-23.47948143025029,-14.632770672307505,2.798752317647393,-461.56397739318805,-169.109062772718
2.24,-1.1324726234920486,-19.168563626469002,-13.326173213269067,3.1095332779414693,-480.47473446903956,-180.25355467612826
2.25,1.0443615794444576,-15.396510548160377,-12.182900436610433,3.3814666181987856,-497.02164691040963,-190.00498509161224
2.26,2.9490915070139003,-12.095964104640329,-11.182536757034129,3.6194082909239373,-511.5001952966084,-198.5374867051607
2.27,4.615730193637162,-9.207985966560287,-10.307218537404863,3.8276072545584454,-524.1689251345324,-206.00342561701558
2.28,6.074039044432517,-6.681005095740251,-9.541315095229255,4.00978134773864,-535.2540637427159,-212.53612216488864
2.29,7.350059288878453,-4.46989683377272,-8.871149583325598,4.16918367927131,-544.9535600248764,-218.25223164427757
2.3,8.466577002768645,-2.5351771045511295,-8.284754760409898,4.308660719362396,-553.4406192717669,-223.25382743874286
2.31,9.443530002422564,-0.8422973414822381,-7.771659290358661,4.430703129442096,-560.866796112796,-227.6302237589
2.32,10.298363877119744,0.6389724512030417,-7.3227007540638285,-8.976884886738166,-514.9828223486966,-187.8495707890375
2.33,11.046343517479777,1.9350835198026615,-6.92986203480585,-20.708524400895897,-474.8343453051095,-153.04149944040782
2.34,11.700825702794804,3.0691807048273287,-6.5861281554551185,-30.973708975783907,-439.7044278919708,-122.58443701035685
2.35,12.273497614945454,4.0615157417239125,-6.2853610110232285,-39.95574547881092,-408.96575015547444,-95.93450738406224
2.36,12.774585538077272,4.929808899008424,-6.022189759645325,-47.81502741895955,-382.0694071360401,-72.61581896105446
2.37,13.213037470817612,5.689565411632371,-5.791914914689659,-54.6918991165896,-358.53510699403506,-52.21196659092265
2.38,13.596682911965411,6.354352360178324,-5.5904244253534525,-60.7091618520159,-337.94259436978064,-34.35859576705732
2.39,13.932372672969734,6.936040940156033,-5.414120247184271,-65.97426674551392,-319.92414582355804,-18.736896296175154
2.4,13.073012838848518,5.766819697636529,-3.817235091286237,-70.58123352732468,-304.1580033456133,-5.067909259153259
2.41,12.321072983992455,4.743751110431963,-2.4199605798754575,-74.6123294614091,-290.3626286774116,6.892454398240898
2.42,11.663125610993399,3.848566096627967,-1.1973453823910254,-78.13953840373297,-278.2916758427351,17.357772598460784
2.43,11.087421659619224,3.065279209549471,-0.1275570845921472,-81.22584622826635,-267.7295921123932,26.514926023653185
2.44,10.583680702166822,2.379903183355787,0.8085076759818711,-83.92636557473305,-258.48776884834405,34.527435270696536
2.45,10.14290736439597,1.7801991604363139,1.6275643414841372,-86.28932000289143,-250.40117349230104,41.538380861859466
2.46,9.757230693846475,1.2554581403817746,2.34423892379862,-88.35690512753001,-243.32540255576342,47.67295825412703
2.47,9.419763607115666,0.7963097478340528,2.9713291833237925,-90.16604211158877,-237.134102986293,53.040713472361155
2.48,9.124479906226208,0.3945549043547962,3.5200331604083184,-86.62153709764016,-212.4142149880064,61.50437416331601
2.49,8.866106667947932,0.043019416310446645,4.000149140357278,-83.52009521043513,-190.78431298950562,68.9100772679015
2.5,8.640030084454441,-0.2645741357283592,4.420250622812619,-80.80633355913074,-171.8581487408174,75.3900674844138
2.51,8.442213073897637,-0.5337184937623143,4.787839419961042,-78.43179211423939,-155.29775502321525,81.06005892386209
2.52,8.269123189660434,-0.7692198070420251,5.109479617465912,-76.35406834995945,-140.80741052031334,86.02130143337932
2.53,8.11766954095288,-0.975283456161772,5.3909147902826735,-74.53606005621452,-128.12835908027415,90.3623886292069
2.54,7.98514759833377,-1.1555891491415504,5.637170566497339,-72.94530279918771,-117.03418907023989,94.16083992555605
2.55,7.8691908985420485,-1.3133566304988566,5.852644370685171,-71.55339019928925,-107.3267903114599,97.48448480986154
2.56,7.466074661224292,-1.3971848016864994,5.702494574349525,-70.3354666743781,-98.83281639752741,100.39267408362885
2.57,7.113347953571256,-1.4705344514756868,5.571113502555835,-69.26978359008083,-91.40058922283649,102.93733969817524
2.58,6.804712084374849,-1.534715395041226,5.456155064736356,-68.33731089132073,-84.89739044498192,105.16392211090333
2.59,6.534655698827993,-1.5908737206610726,5.355566431644311,-67.52139727990564,-79.20709151435918,107.11218172204042
2.6,6.298356361474494,-1.6400122555784384,5.267551377688772,-66.80747286991743,-74.22807995006428,108.81690888178537
2.61,6.091594441290182,-1.6830084736311335,5.190538205477675,-66.18278901117776,-69.87144483130625,110.3085451465622
2.62,5.910677761128909,-1.7206301644272417,5.123151679792966,-65.63619063478055,-66.05938910239297,111.61372687824192
2.63,5.752375665987795,-1.7535491438738364,5.064188469818845,-65.15791705543299,-62.72384033959385,112.75576089346168
2.64,5.6138613327393205,-1.7823532508896067,5.012595661091489,-66.15692754850386,-44.816485297144624,112.75316628177897
2.65,5.492661291146906,-1.8075568445284058,4.967451953455053,-67.03106172994087,-29.14754963500155,112.75089599655661
2.66,5.386611254753543,-1.829609988962355,4.927951209273171,-67.79592913869827,-15.437230930626356,112.74890949698703
2.67,5.29381747290935,-1.8489064903420604,4.8933880581140246,-68.46518812136098,-3.440702064298062,112.74717130986365
2.68,5.2126229137956805,-1.8657909290493029,4.863145300849771,-69.05078973119086,7.056260693739196,112.74565039613069
2.69,5.14157767457122,-1.8805648129181398,4.8366828882435495,-69.563191139792,16.241103107021797,112.74431959661435
2.7,5.079413090249817,-1.8934919613033723,4.813528277213106,-70.01154237231799,24.277840218644073,112.74315514703756
2.71,5.02501907896859,-1.9048032161404507,4.793267992561467,-70.40384970077824,31.30998519131356,112.74213625365786
2.72,4.4590919440975165,-1.7544889391228944,4.608496993491284,-70.74711861318096,37.463112042399366,112.74124472195062
2.73,3.963905701085327,-1.6229639467325327,4.446822369304873,-71.04747891153333,42.84709803709944,112.7404646317068
2.74,3.5306177384496613,-1.5078795783909662,4.305357073141764,-71.31029417259167,47.558085782462015,112.73978205274345
2.75,3.151490771143454,-1.4071807560920955,4.181574938999043,-71.54025752601771,51.68020005965427,112.73918479615052
2.76,2.819754674750522,-1.3190692865805835,4.073265571624163,-71.74147546026549,55.287050052197486,112.73866219663171
2.77,2.529485590406707,-1.2419717507580106,3.978494875171143,-71.9175411527323,58.44304379567279,112.73820492205274
2.78,2.2755001416058684,-1.1745114069132594,3.89557051577475,-72.07159863364076,61.20453832121369,112.73780480679615
2.79,2.053262873905135,-1.115483606049102,3.8230117013029066,-72.20639892943566,63.62084603106197,112.73745470594663
2.8,1.8588052646669933,-1.0638342802929643,3.7595227386400434,-65.90184906325621,91.50824065217923,108.0033978677033
2.81,1.6886548565836192,-1.018641120256344,3.703969896310038,-60.385367930349176,115.90971094565683,103.8610981342404
2.82,1.5397732495106669,-0.9790971052243009,3.6553611592712834,-55.55844693905553,137.26099745244971,100.23658586746035
2.83,1.4095018433218336,-0.9444960920712634,3.612828514362373,-51.33489107167358,155.9433731458935,97.0651376340278
2.84,1.2955143629066044,-0.9142202055623555,3.5756124500670765,-47.63927968771438,172.29045187765684,94.29012042977433
2.85,1.1957753175432788,-0.8877288048670611,3.543048393808692,-44.405619726750075,186.59414576794973,91.86198037605254
2.86,1.1085036528503691,-0.8645488292586785,3.5145548445826056,-41.57616726090632,199.109877921956,89.73735782904598
2.87,1.032140946244073,-0.8442663506013437,3.48962298900978,-39.10039635329302,210.0611435567115,87.87831310041523
2.88,-0.14054842203643614,-0.6013846817761758,3.3475806153835572,-36.93409680913139,219.64350098712254,86.25164896286333
2.89,-1.1666516192818814,-0.38886322155415387,3.2232935384606125,-35.03858470798996,228.02806373873221,84.82831784250541
2.9,-2.0644919168716465,-0.20290694385988464,3.1145423461530357,-33.38001161949121,235.36455614639067,83.58290311219224
2.91,-2.8501021772626904,-0.04019520087739906,3.019385052883906,-31.928760167054815,241.78398700309185,82.4931652231682
2.92,-3.5375111551048537,0.10217757423227582,2.9361224212734176,-30.658915146172966,247.4009890027054,81.53964457027217
2.93,-4.138994010716747,0.22675375245324134,2.8632676186142403,-29.547800752901345,252.3158657523672,80.70531399898815
2.94,-4.665291509377154,0.33575790839658615,2.79951966628746,-28.57557565878868,256.61638290832127,79.97527474911463
2.95,-5.125801820705009,0.4311365448470129,2.7437402080015274,-27.724878701440094,260.3793354197811,79.3364904054753
2.96,-5.528748343116883,0.5145928517411363,2.6949331820013365,-1.3998943637600796,277.1075429923085,87.78130497979089
2.97,-5.881326550227272,0.5876171202734943,2.6522270342511693,21.63446693170993,291.7447246182699,95.17051773231702
2.98,-6.189832481448863,0.6515133552393075,2.614859154969773,41.78953306524619,304.5522585409862,101.6360788907774
2.99,-6.459775171267755,0.707422560834394,2.5821622605985515,59.42521593209042,315.7588507233629,107.29344490443022
3.0,-6.695975024859285,0.7563431157300947,2.5535524780237324,74.85643844057913,325.5646188829425,112.24364016637644
3.01,-6.902649896751874,0.7991486012638328,2.5285189182707657,88.35875813550673,334.1446660225747,116.57506102057938
3.02,-7.083490409657889,0.8366034011058536,2.5066145534869197,100.1732878685684,341.65220726975286,120.36505426800696
3.03,-7.2417258584506525,0.8693763509676219,2.4874482343010547,110.51100138499734,348.2213058610337,123.68129835950609
3.04,-8.346761251144322,1.5012158070966692,2.0788120800134227,119.55650071187267,353.9692671284045,126.58301193956783
3.05,-9.31366721975128,2.0540753312095856,1.7212554450117448,127.47131262288859,358.9987332373539,129.12201132212186
3.06,-10.15970994228237,2.5378274148083877,1.4083933893852767,134.39677304502752,363.39951608268467,131.34363578185665
3.07,-10.899997324497074,2.961110487957339,1.134639090712117,140.4565509143991,367.25020107234906,133.28755718412458
3.08,-11.547748783934939,3.3314831769626716,0.8951040793731024,145.7588565500992,370.6195504383054,134.98848841110902
3.09,-12.114531310943072,3.655559279842338,0.6855109444514647,150.39837398133682,373.5677311335172,136.4768032347204
3.1,-12.610466022075187,3.939125869862046,0.5021169513950317,154.45795173366972,376.14738924182757,137.77907870538036
3.11,-13.044408894315788,4.187246636129291,0.3416472074706527,158.010082266961,378.4045900865991,138.9185697422078
3.12,-13.424108907526314,4.404352306613129,0.2012361815368211,134.5400721085909,338.99214120077426,171.75250039943182
3.13,-13.756346419085524,4.594319768286488,0.07837653384471846,114.00381322001702,304.5062484256775,200.48218972450283
3.14,-14.047054241699833,4.760541297250677,-0.029125657885871348,96.03458669251489,274.33109224746784,225.62066788393997
3.15,-14.301423586487353,4.905985135094343,-0.12319007565013743,80.31151348095052,247.92783059153433,247.6168362734475
3.16,-14.523996763176434,5.033248493207551,-0.20549644119387026,66.5538244208317,224.82497664259253,266.86348361426656
3.17,-14.718748292779381,5.144603931556607,-0.2775145110446365,54.51584649322774,204.60997943726846,283.7043000374832
3.18,-14.889155881181958,5.242039940112031,-0.34053032216405693,43.98261580657427,186.9218568826099,298.4400144077978
3.19,-15.038262521034213,5.327296447598028,-0.3956691568935498,34.76603895575249,171.44474964728363,311.3337644818231
3.2,-10.136533705904936,7.705935016648274,0.3649937377181439,26.70153421128343,157.90228081637318,322.6157957965952
3.21,-5.847520992666819,9.78724376456724,1.030573770503376,19.645092559873,146.05262058932652,332.48757319702077
3.22,-2.0946348685834675,11.608388918996335,1.6129562991904538,13.470706114888873,135.6841678906607,341.12537842239317
3.23,1.1891404899894658,13.201890929121792,2.122541011791647,8.068117975527764,126.61177177932811,348.68345799459405
3.24,4.062443928740782,14.596205187981568,2.5684276353176907,3.340853353586794,118.6734251819121,355.29677762026984
3.25,6.576584437648184,15.816230164483871,2.9585784309029792,-0.7955031906115551,111.72737190917309,361.0834322927361
3.26,8.77645738294216,16.88375201892339,3.299960377040107,-4.414815166785111,105.64957529552645,366.1467551311441
3.27,10.70134621007439,17.817833641557964,3.5986695799100934,-7.5817131459369715,100.33150325858564,370.57716261475105
3.28,12.385623933815092,18.635155061363218,3.8600401324213314,-17.13399925269485,46.88819122626244,300.83126778790717
3.29,13.859366942088204,19.350311303692816,4.088739365868665,-25.492249596107992,0.12529319797963723,239.8036098144188
3.3,15.148892074327179,19.976073015731213,4.288851195135082,-32.80571864659449,-40.79224257676782,186.40440908761644
3.31,16.27722656503628,20.523614513764812,4.463949045743196,-39.20500406577018,-76.59508637967184,139.6801084516644
3.32,17.264519244406745,21.00271332454421,4.617159665025297,-44.80437880754891,-107.92257470721287,98.79634539520636
3.33,18.128400338855904,21.421924783976184,4.751218956897135,-49.70383170660529,-135.33412699381125,63.023052720805566
3.34,18.884296296498917,21.78873481097916,4.868520837284993,-53.99085299327963,-159.31923524458486,31.721421630704867
3.35,19.545705259436552,22.109693584606767,4.971159982624369,-57.741996619119675,-180.30620496401176,4.332494426866759
3.36,15.118069602006983,17.003035261530922,4.018747984796322,-61.024247291729715,-198.66980346851028,-19.632816876491585
3.37,11.24388840175611,12.534709228839557,3.185387486696782,-63.8962166302635,-214.7379521599465,-40.60246426693014
3.38,7.853979851536596,8.624923950234612,2.456197050859684,-66.40918980148057,-228.7975822649532,-58.95090573356387
3.39,4.887809870094522,5.203861831455285,1.8181554195022231,-68.60804132629549,-241.09975860683406,-75.00579201686838
3.4,2.2924111363327064,2.210432477523374,1.2598689920644452,-70.53203641050855,-251.8641629059798,-89.05381751475984
3.41,0.02143724429111815,-0.40881820716704786,0.7713683680563895,-72.21553210919498,-261.28301666773234,-101.34583982541486
3.42,-1.9656649112452715,-2.7006625562711672,0.3439303220493408,-73.6885908455456,-269.5245137092658,-112.101359347238
3.43,-3.704379297339613,-4.706026361737271,-0.03007796820682679,-74.9775172398524,-276.73582362060756,-121.51243892883325
3.44,-5.225754385172161,-6.4607196915201115,-0.35733522218097347,-55.29782758487085,-307.4844746680316,-121.68400993772909
3.45,-6.556957587025641,-7.996076355080097,-0.6436853194083518,-38.078099136762,-334.3895443345277,-121.83413457051294
3.46,-7.721760388647436,-9.339513435695086,-0.8942416544823079,-23.010836744666754,-357.93148029271174,-121.96549362419883
3.47,-8.740962840066505,-10.5150208812332,-1.1134784476720194,-9.82698215158341,-378.5306742561228,-122.08043279617397
3.48,-9.632764985058191,-11.54358989607905,-1.305310641713017,1.7088906173645153,-396.5549689741074,-122.18100457165222
3.49,-10.413091861925917,-12.443587784069168,-1.4731638114988899,11.80277929019395,-412.326226852344,-122.26900487519569
3.5,-11.095877879185178,-13.231085936060522,-1.6200353350615289,20.634931878919705,-426.12607749580104,-122.34600514079622
3.51,-11.69331564428703,-13.920146819052956,-1.7485479181788377,28.363065394054743,-438.20094680882596,-122.41338037319669
3.52,-9.08022243875115,-11.951419091671337,-1.995906053406483,35.1251822197979,-448.7664574577227,-122.4723337015471
3.53,-6.793765883907256,-10.22878233021242,-2.2123444217306725,41.042034442323164,-458.0112792755074,-122.52391786385371
3.54,-4.793116398418849,-8.721475163935867,-2.401727994014338,46.21928013703277,-466.100498366069,-122.56905400587199
3.55,-3.0425480986164937,-7.402581393443884,-2.567438619762546,50.749370119903666,-473.17856507031036,-122.60854813013799
3.56,-1.510800836289432,-6.248549344263399,-2.7124354172922276,54.7131988549157,-479.3718734365216,-122.64310548887075
3.57,-0.17052198175325306,-5.238771301230474,-2.839307615130699,58.181548998051234,-484.79101825695636,-122.6733431777619
3.58,1.0022220159659037,-4.355215513576665,-2.9503207882393614,61.216355373294824,-489.5327699748368,-122.69980115554165
3.59,2.0283730139701657,-3.5821041993795815,-3.0474573147094413,63.871810951632966,-493.68180272798224,-122.72295188609894
3.6,2.9262551372238947,-2.905631799457134,-3.132451775370761,51.985334707678845,-446.54032813698444,-84.26070715033657
3.61,3.711901995070908,-2.313718449524992,-3.2068219284494157,41.58466799421899,-405.2915378698614,-50.6062430065445
3.62,4.399342995687045,-1.7957942683343682,-3.2718958123932387,32.48408461994161,-369.1988463861287,-21.15858688072644
3.63,5.000853871226164,-1.342610609792572,-3.3288354608440835,24.521074167448912,-337.6177413378626,4.608112229364366
3.64,5.527175887322894,-0.9460749085685005,-3.378657653238573,17.553440021517797,-309.98427442062973,27.15397395069382
3.65,5.987707651407532,-0.5991061699974379,-3.422252071583751,11.456760143828072,-285.804990868051,46.881602956857094
3.66,6.39067294498159,-0.29550852374775816,-3.460397187635782,6.122165250849562,-264.6481177595446,64.14327833724997
3.67,6.743267576858892,-0.029860583279288422,-3.493774164181309,1.4543947194933668,-246.13585378960153,79.24724429509372
3.68,6.6270928797515305,-0.4117835103693773,-2.1192076436586453,-2.629904495443304,-229.93762281590134,92.463214508207
3.69,6.5254400197825895,-0.7459660715732052,-0.9164619382013146,-6.203666308512891,-215.76417071391367,104.02718844468113
3.7,6.4364937673097655,-1.0383758126265545,0.13594055407384975,-9.33070789494878,-203.36240012467445,114.145665639096
3.71,6.358665796396045,-1.2942343360482351,1.0567927348146184,-12.066869283080184,-192.51085085909014,122.999333184209
3.72,6.29056632184654,-1.5181105440422056,1.862538392962791,-14.461010497695161,-183.01574525170386,130.74629228618286
3.73,6.230979281615722,-1.7140022260369299,2.5675658438424422,-16.555884060483265,-174.70752784524086,137.52488150041
3.74,6.178840621413757,-1.8854074477823135,3.184464863362137,-18.388898427922857,-167.43783761458576,143.45614706285875
3.75,6.133219293737038,-2.0353870168095245,3.72425150544187,-19.9927859994325,-161.07685866276253,148.64600443000143
3.76,6.093300632019909,-2.166619139708334,4.1965648172616365,-26.239312999503436,-143.63725145491722,143.12025375125123
3.77,6.05837180301742,-2.281447247244792,4.609838965103932,-31.705024124565508,-128.37759514805256,138.28522190734483
3.78,6.027809077640242,-2.381921841339193,4.97145384446594,-36.48752135899482,-115.02539587954598,134.05456904392673
3.79,6.001066692935212,-2.469837111171794,5.287866863907698,-40.672206439120465,-103.34222151960273,130.3527477884359
3.8,5.977667106318311,-2.5467629722753196,5.564728255919236,-44.3338058842304,-93.11944395465238,127.1136541898814
3.81,5.957192468028523,-2.6140731007409044,5.806981973929331,-47.537705398701604,-84.17451358532082,124.27944729114623
3.82,5.939277159524957,-2.6729694631482914,6.018953977188165,-50.3411174738639,-76.34769951215571,121.79951625475294
3.83,5.923601264584338,-2.724503780254755,6.204429480039645,-52.79410303963091,-69.49923719813626,119.62957659790882
3.84,5.588085481511296,-2.5856836827229106,5.486987920034689,-54.940465409677046,-63.506832673369225,117.73087939817023
3.85,5.2945091713223835,-2.464216097382547,4.859226555030353,-56.81853248346742,-58.26347871419807,116.06951934839896
3.86,5.037629899907086,-2.3579319602097284,4.309935360651559,-58.46184117303399,-53.67554399992331,114.61582930484909
3.87,4.8128605374186995,-2.264933340183512,3.829305565570114,-59.89973627640474,-49.6611011249329,113.34385051674295
3.88,4.616187345241362,-2.183559547660573,3.40875449487385,-61.15789449185415,-46.14846360931629,112.23086907715009
3.89,4.444098302086191,-2.1123574792030015,3.0407723080146187,-62.25878293037238,-43.07490578315175,111.25701031750631
3.9,4.293520389325417,-2.050055669302626,2.7187878945127917,-63.22206031407583,-40.38554268525778,110.40488390281803
3.91,4.16176471565974,-1.9955415856397978,2.4370515326986926,-64.06492802481635,-38.03234997460056,109.65927328996577
3.92,4.046478501202273,-1.9478417624348232,2.190532216111356,-63.27556214671431,-23.561431477775486,103.73936412872004
3.93,3.9456030635519888,-1.9061044171304702,1.9748278140974367,-62.58486700337502,-10.899377793053548,98.55944361263003
3.94,3.85733705560799,-1.8695842399891616,1.7860864623352573,-61.98050875295314,0.1799191810781462,94.02701316105127
3.95,3.7801042986569913,-1.8376290849905161,1.6209377795433502,-61.451695283834,9.874304033443378,90.06113651591986
3.96,3.7125256363248673,-1.8096683243667018,1.4764326821004314,-60.98898349835475,18.356890779262955,86.59099445142986
3.97,3.653394306784259,-1.785202658820864,1.3499907218378775,-60.584110686060406,25.779154181855084,83.55462014500112
3.98,3.6016543934362266,-1.7637952014682559,1.239354006608143,-60.229846975302856,32.273634659123196,80.89779262687598
3.99,3.556381969256698,-1.7450636762847238,1.1425468807821253,-59.91986622839,37.9563050767328,78.57306854851647
4.0,3.155660098099611,-1.7493772167491333,1.1079886456843595,-59.64863307484125,42.9286416921412,76.5389349799519
4.01,2.8050284608371596,-1.7531515646554916,1.0777501899738144,-59.41130406548609,47.27943623062355,74.7590681074579
4.02,2.4982257782325146,-1.7564541190735552,1.0512915412270876,-59.20364118230033,51.08638145179561,73.20168459402566
4.03,2.22977343095345,-1.7593438541893607,1.0281402235737016,-59.02193615951279,54.41745852032116,71.83897401977245
4.04,1.9948776270842687,-1.7618723724156906,1.007882820626989,-58.86294426457369,57.33215095528102,70.64660226730089
4.05,1.7893437986987353,-1.7640848258637292,0.9901575930486154,-58.72382635650198,59.8825068358709,69.60327698388828
4.06,1.6095016988613935,-1.766020722630763,0.9746480189175385,-58.60209818693923,62.11406823138704,68.69036736090224
4.07,1.4521398615037193,-1.7677146323019175,0.9610771415528462,-58.49558603857183,64.06668445246366,67.89157144078946
4.08,1.3144482538157545,-1.7691968032641778,0.9492026238587404,-55.803637908750346,76.2533485209057,64.66387501069079
4.09,1.1939680970887852,-1.7704937028561556,0.9388124208763979,-53.44818329515655,86.9166795807925,61.83964063435444
4.1,1.088547959952687,-1.7716284899991361,0.9297209932668482,-51.38716050826198,96.24709425819344,59.36843555506013
4.11,0.9963053399586012,-1.772621428749244,0.9217659941084922,-49.58376556972923,104.41120710091926,57.20613111067761
4.12,0.915593047463776,-1.7734902501555887,0.9148053698449308,-48.005794998513075,111.55480583830436,55.314114721842905
4.13,0.844969791530804,-1.77425046888614,0.9087148236143144,-46.62507074869894,117.80545473351631,53.658600381612544
4.14,0.7831744425894535,-1.7749156602753724,0.9033855956625252,-45.41693703011157,123.27477251682677,52.21002533391098
4.15,0.7291035122657717,-1.7754977027409509,0.8987225212047095,-44.35982002634762,128.06042557722344,50.94252216717211
4.16,0.3730328232325503,-1.571345614898332,1.0736243310541207,-43.434842648054165,132.24787200507052,49.83345689627559
4.17,0.06147097032848153,-1.3927125380360406,1.2266634146723556,-42.625487442047394,135.9118876294367,48.86302478424114
4.18,-0.21114565096257865,-1.2364085957815356,1.360572612838311,-41.917301636791464,139.11790130075713,48.013896686211
4.19,-0.4496851945922563,-1.0996426463088438,1.4777431612335223,-41.29763905719253,141.92316326316248,47.27090960043462
4.2,-0.6584072952682243,-0.9799724405202382,1.5802673910793321,-40.755434300043454,144.37776748026718,46.620795900380294
4.21,-0.8410391333596963,-0.8752610104552084,1.6699760921944158,-40.28100513753802,146.52554617023378,46.051946412832756
4.22,-1.0008419916897342,-0.7836385091483073,1.7484712056701137,-39.86587962034576,148.40485252395456,45.55420311122866
4.23,-1.1406694927285175,-0.7034688205047689,1.8171544299613496,-39.502644792802535,150.04924558346025,45.118677722325074
4.24,-1.2630185561374527,-0.6333203429416727,1.8772522512161811,-16.06731469370222,186.8555893855277,48.46509325703444
4.25,-1.3700739866202711,-0.5719404250739636,1.9298378448141587,4.438599143010558,219.06114021233674,51.393206849905134
4.26,-1.4637474882927373,-0.5182329969397181,1.975850239212389,22.381273750134238,247.24099718579464,53.95530624366699
4.27,-1.5457118022561451,-0.4712389973222534,2.0161110843108405,38.08111403136746,271.8983720375703,56.19714321320861
4.28,-1.617430576974127,-0.43011924765697174,2.0513393237719857,51.818474277446526,293.473575032874,58.15875056155753
4.29,-1.6801845048523611,-0.3941394666998503,2.0821640333004874,63.838664492765716,312.35187765376475,59.875156991362836
4.3,-1.735094191745816,-0.362657158362369,2.1091356541379267,74.35633093117,328.87039244704414,61.37701261744248
4.31,-1.783140167777589,-0.3351101385670729,2.132735822370686,83.55928906477376,343.3240928911636,62.69113629026217
4.32,-3.1316215218053904,-0.005540621246188815,1.5905215945743503,91.61187743167704,355.97108077976816,63.840994503979395
4.33,-4.311542706579717,0.2828327064095848,1.1160841452525565,98.65789225271742,367.0371951822971,64.84712044098197
4.34,-5.343973743257252,0.5351593681083867,0.700951377095987,104.82315522112775,376.72004528451,65.72748063585922
4.35,-6.247350900350096,0.7559451970948383,0.33771020495898857,110.21776031848678,385.19253912394623,66.49779580637681
4.36,-7.037805912806333,0.9491327974579835,0.019874179339115006,114.93803977867594,392.605971233453,67.17182158057972
4.37,-7.729454048705541,1.1181719477757355,-0.25823234307827436,119.06828430634145,399.09272432927133,67.76159413300725
4.38,-8.334646167617349,1.2660812043037686,-0.5015755501934901,122.68224826804878,404.7686332881124,68.27764511638135
4.39,-8.864189271665179,1.3955018037657976,-0.7145008564193038,125.84446673454269,409.73505362709835,68.72918972683368
4.4,-9.327539487707032,1.5087448282950728,-0.9008104993668908,116.02015864272485,378.66504767371106,106.56116676097946
4.41,-9.732970926743654,1.6078324747581887,-1.0638314369460296,107.42388906238425,351.4787924644972,139.66414666585703
4.42,-10.087723435900696,1.6945341654134152,-1.2064747573277759,99.90215317958622,327.69081915643505,168.6292540826249
4.43,-10.398131881413107,1.7703981447367383,-1.331287662661804,93.32063428213795,306.87634251188064,193.9737230722968
4.44,-10.66973927123647,1.836779126644646,-1.4404989548290785,87.5618052468707,288.66367544789557,216.1501334382597
4.45,-10.90739573733191,1.8948624858140652,-1.5360588354754439,82.52282984101187,272.72759176690863,235.55449250847724
4.46,-11.11534514516542,1.945685425087307,-1.6196737310410134,78.11372636088538,258.78351854604506,252.53330669491757
4.47,-11.297300877019744,1.9901554969513937,-1.6928367646608868,74.2557608157747,246.5824544777894,267.38976910805286
4.48,-11.884918892392275,4.269964309832469,-2.109701919078276,70.88004096380287,235.90652341806572,280.38917371954625
4.49,-12.39908465584324,6.26479702110341,-2.4744589291934913,67.92628609332752,226.5650837408075,291.76365275460296
4.5,-12.848979698862834,8.010275643465484,-2.793621313044305,65.34175058166159,218.39132402320655,301.7163219102776
4.51,-13.24263786150498,9.537569438032298,-3.0728883989137667,63.08028200895389,211.23928427030572,310.4249074214929
4.52,-13.587088753816857,10.87395150827826,-3.3172470990495455,61.10149700783465,204.9812494865175,318.04491974380625
4.53,-13.88848328458975,12.043285819743478,-3.531060961668352,59.37006013185532,199.5054690507028,324.7124305258305
4.54,-14.15220349901603,13.066453342275544,-3.718148091459808,57.8550528653734,194.71416116936496,330.5465024601017
4.55,-14.382958686639027,13.9617249244911,-3.8818493300273316,56.529421507201725,190.52176677319432,335.651315402589
4.56,-14.584869475809148,14.745087558929711,-4.025087913773915,34.12011856880151,139.79591992654503,307.59427622726537
4.57,-14.761541416333005,15.430529864063498,-4.150421674552176,14.511978497701321,95.4108039357269,283.0443669488572
4.58,-14.916129364291379,16.03029188105556,-4.260088715233153,-2.645144064511344,56.57382744376104,261.56319633025004
4.59,-15.051393818754956,16.555083645923617,-4.356047375829009,-17.657626306447426,22.59147301329091,242.76717203896877
4.6,-15.169750216410586,17.014276440183163,-4.440011203850383,-30.7935482681415,-7.143087113370456,226.32065078409767
4.61,-15.273312064359262,17.41607013516027,-4.513479553369085,-42.287479984623815,-33.16082722419915,211.92994468608543
4.62,-15.363928681314354,17.767639618265235,-4.57776435919795,-52.34467023654584,-55.926349821174256,199.33807685032474
4.63,-15.44321822115006,18.07526291598208,-4.634013564298206,-61.14471170697761,-75.84618209352747,188.32019249403413
4.64,-11.339139068506302,15.87283867648432,-4.14932624376093,-68.84474799360541,-93.27603533183654,178.67954368227987
4.65,-7.748069809943015,13.945717466923782,-3.7252248382908135,-75.58227974440473,-108.52715691535698,170.24397597199487
4.66,-4.605884208700138,12.25948640855831,-3.354136108504462,-81.47762002635413,-121.87188830093737,162.8628542254955
4.67,-1.8564718076126203,10.784034232488523,-3.029433469941404,-86.63604277305987,-133.5485282633202,156.40437269730856
4.68,0.5492640433389573,9.493013578427458,-2.745318661198729,-91.14966267642738,-143.76558823040517,150.75320136014497
4.69,2.6542829129215875,8.363370506124028,-2.4967182035488875,-95.09908009187396,-152.70551570160453,145.80842644012685
4.7,4.496174423806389,7.374932817858524,-2.2791928031052766,-98.55482033038972,-160.52795223890396,141.481748385111
4.71,6.1078294958305905,6.510049840626209,-2.088858077717117,-101.578593039091,-167.37258420904098,137.69590508697212
4.72,7.518027683851766,5.753277235547933,-1.9223151930024773,-76.83251890920464,-195.30663718291086,61.06266457610061
4.73,8.751951098370295,5.091101206104441,-1.7765901688771677,-55.17970404555406,-219.748933535047,-5.991420870911966
4.74,9.831634086074008,4.511697180341386,-1.6490807727675219,-36.23349103985981,-241.13594284316613,-64.66374563704797
4.75,10.776356700314757,4.004718657798713,-1.5375100511715816,-19.655554659877332,-259.8495759877704,-116.00202980741697
4.76,11.602988987775413,3.561112450573874,-1.4398856697751339,-5.149860327392664,-276.2240049892991,-160.92302845648985
4.77,12.326292239303486,3.1729570192521397,-1.3544643360532422,7.542622213531419,-290.5516303656367,-200.2289022744286
4.78,12.95918258439055,2.8333210168456224,-1.279720669046587,18.64854443683999,-303.0883025699321,-234.62154186512504
4.79,13.512961636341732,2.5361395147399195,-1.2143199604157637,28.36622638223499,-314.0578907486906,-264.7151015069844
4.8,14.354066556799015,2.5168183253974297,-3.008053090363793,36.86919808445562,-323.6562804051043,-291.04696619361135
4.81,15.090033362199138,2.499912284722751,-4.577569579068319,44.309298323898666,-332.0548713544663,-314.08734779440994
4.82,15.734004316924246,2.485119499132407,-5.95089650668478,50.819386033411334,-339.403638435158,-334.24768169510867
4.83,16.297478902308715,2.4721758117408563,-7.152557568349183,56.51571277923492,-345.8338096307632,-351.8879738582201
4.84,16.790519164520127,2.460850085273249,-8.204010997305534,61.49999868183055,-351.4602094269178,-367.3232295009426
4.85,17.22192939395511,2.450940074614093,-9.124032747642342,65.86124884660173,-356.38330924855313,-380.8290781883248
4.86,17.599413344710722,2.4422688152873313,-9.929051779187049,69.67734274077651,-360.69102159248405,-392.6466957897842
4.87,17.92971180162188,2.434681463376415,-10.633443431788667,73.01642489817945,-364.4602698934235,-402.98711119106116
4.88,18.218722951419146,2.428042530454363,-11.249786127815083,67.15312178590702,-318.22461115674554,-333.68747129217854
4.89,18.471607707491753,2.422233464147568,-11.789085986838197,62.02273156266864,-277.7684097621523,-273.05028638065625
4.9,18.692881869055284,2.417150531129122,-12.260973363483421,57.53364011733506,-242.3692335418833,-219.99274958307421
4.91,18.886496760423377,2.412702964737982,-12.673874818047993,53.60568510266818,-211.3949543491479,-173.56740488518992
4.92,19.055909790370457,2.408811344145734,-13.035163590791994,50.16872446483466,-184.29246005550442,-132.94522827454117
4.93,19.20414619157415,2.4054061761275176,-13.351291266942994,47.16138390673033,-160.5777775485664,-97.40082374022353
4.94,19.333853042627382,2.402426654111578,-13.627902983575119,44.52996091838904,-139.82743035499558,-66.29946977269557
4.95,19.447346537298962,2.3998195723476305,-13.869938235628227,42.227465803590405,-121.67087656062114,-39.08578505110862
4.96,17.882772345136594,1.6661861258041766,-11.644135456174698,40.212782578141606,-105.78389199054351,-15.273810919720042
4.97,16.51376992699452,1.0242568600786544,-9.69655802415286,38.449934755873905,-91.88278049172558,5.561666445244963
4.98,15.315892811120206,0.4625687525688225,-7.992427771133753,36.907442911389666,-79.71930793025989,23.79270913958934
4.99,14.267750334730179,-0.028908341502280277,-6.501313799742033,35.557762547465956,-69.0762694389774,39.74487149714068
5.0,13.350625667888906,-0.45895079881449524,-5.196589074774279,34.37679222903271,-59.76361075910523,53.70301355999809
5.01,12.548141584402792,-0.8352379489626833,-4.054954940427494,33.34344320040362,-51.61503441421707,65.91638786499833
5.02,11.845968011352442,-1.164489205342348,-3.056025072874057,32.43926280035317,-44.48503011243994,76.60309038187353
5.03,11.231566134933386,-1.4525840546745545,-2.1819614387648,31.648104950309026,-38.246276348384946,85.95395508413935
5.04,10.693964493066712,-1.7046670478402353,-1.4171557589191999,14.230216706520396,-35.48236680483683,88.60596044862193
5.05,10.223563056433372,-1.9252396668602059,-0.7479507890542998,-1.0104355067946535,-33.063945954232224,90.92646514254419
5.06,9.8119617993792,-2.11824070850268,-0.16239644042251233,-14.346006193445323,-30.947827709953195,92.95690674972616
5.07,9.451810699456798,-2.287116619939845,0.34996361463030173,-26.01463054426466,-29.096224246209044,94.73354315601038
5.08,9.136678487024698,-2.4348830424473644,0.798278662801514,-36.22467685123158,-27.476071215432913,96.28810001150909
5.09,8.86093780114661,-2.564178662141444,1.1905543299513248,-45.15846736982763,-26.0584373135038,97.64833726007045
5.1,8.619664701003284,-2.6773123293737635,1.5337955387074091,-52.97553407359918,-24.818007649315824,98.83854485256164
5.11,8.408550738377873,-2.7763042882020432,1.834131596368983,-59.81546743939928,-23.732631693151344,99.87997649599143
5.12,7.478103646080639,-3.042905127176788,2.3468698968228603,-65.80040913447436,-22.782927731507424,100.7912291839925
5.13,6.663962440320558,-3.2761808612796894,2.795515909720003,-71.03723311766507,-21.951936765068996,101.58857528599343
5.14,5.951588885280488,-3.480297128619728,3.1880811710050025,-75.61945410295694,-21.22481966943537,102.28625312524424
5.15,5.328262024620427,-3.658898862542262,3.531575774629377,-79.62889746508732,-20.588592210755948,102.89672123458871
5.16,4.782851021542873,-3.815175379724479,3.832133552800705,-83.13716040695141,-20.03189318441145,103.43088083026511
5.17,4.305616393850014,-3.951917332258919,4.095121608700617,-86.2068904810825,-19.54478153636002,103.89827047648197
5.18,3.888036094618762,-4.071566540726554,4.325236157613039,-88.89290429594719,-19.118558844315018,104.30723641692173
5.19,3.522653332791417,-4.176259598135735,4.52658638791141,-91.24316638395379,-18.745613988775638,104.66508161480651
5.2,3.20294341619249,-4.267866023368768,4.702767839422483,-89.10839571095956,-13.064287240178684,103.21507166295571
5.21,2.923197239168429,-4.348021645447672,4.856926609494673,-87.2404713720896,-8.093126335156349,101.94631295508626
5.22,2.6784193342723754,-4.4181578147667135,4.99181553330784,-85.6060375755784,-3.7433605432618053,100.83614908570048
5.23,2.4642386674883285,-4.4795269629208745,5.109843341644359,-84.1759080036311,0.06268452464592,99.86475569998792
5.24,2.2768305840522878,-4.533224967555765,5.2131176739388145,-82.9245446281772,3.3929739590651797,99.01478648748945
5.25,2.112848511045752,-4.580210721611294,5.303482714696463,-81.82960167465505,6.306977214182032,98.27106342655327
5.26,1.969364197165033,-4.621323256409883,5.382552125359405,-80.87152659032317,8.856730062409277,97.62030574823412
5.27,1.843815422519404,-4.657296724358648,5.45173785968948,-80.03321089153278,11.087763804608116,97.05089277970485
5.28,1.7759158697044783,-4.7944525088138175,5.188140002228295,-79.29968465509117,13.039918329032101,96.55265643224175
5.29,1.7165037609914184,-4.91446382021209,4.957491876949758,-78.65784919820477,14.748053537903088,96.11669962821153
5.3,1.664518165867491,-5.019473717685578,4.755674767331039,-78.09624317342917,16.2426718456652,95.7352374246851
5.31,1.6190307701340545,-5.111357377974881,4.579084796414659,-77.60483790175051,17.550462864957048,95.40145799659946
5.32,1.5792292988672976,-5.19175558072802,4.424568571862826,-77.17485828903169,18.69478000683742,95.10940099702454
5.33,1.5444030115088854,-5.262104008137017,4.289366875379972,-76.79862612790272,19.696057505982743,94.85385112239648
5.34,1.5139300100702746,-5.32365888211989,4.171065390957476,-76.46942298691488,20.572175317734903,94.63024498209693
5.35,1.48726613381149,-5.377519396854904,4.067551592087791,-76.18137023855051,21.33877840301804,94.43458960933482
5.36,1.4639352420850538,-5.42464734724804,3.976977018076817,-71.5543240837317,33.22705597764079,89.45964103316797
5.37,1.443520711824422,-5.465884303842035,3.897724265817215,-67.50565869826524,43.62929885543569,85.10656102902198
5.38,1.425657997846369,-5.501966640861781,3.8283781075900634,-63.963076485982086,52.73126137350623,81.29761602539422
5.39,1.410028123115573,-5.533538685754058,3.7677002191413056,-60.86331705023433,60.69547857681795,77.96478914721995
5.4,1.3963519827261262,-5.5611642250348,3.7146070667486426,-58.15102754395504,67.6641686297157,75.04856562881746
5.41,1.3843853598853604,-5.58533657190545,3.6681505584050624,-55.77777422596066,73.76177242600124,72.49687005021528
5.42,1.3739145648996902,-5.606487375417268,3.6275011136044295,-53.70117757271558,79.0971757477511,70.26413641893836
5.43,1.3647526192872288,-5.62499432849011,3.5919328494038756,-51.88415550112614,83.7656536542822,68.31049449157106
5.44,0.6373239168763252,-5.225103662428846,3.261997993228391,-50.29426118848537,87.85057182249693,66.60105780512468
5.45,0.000823802266784468,-4.87519932962524,2.973304994074842,-48.9031036649247,91.42487521968482,65.1053007044841
5.46,-0.5561137980165636,-4.569033038422085,2.720698619815487,-47.68584083180912,94.55239069222421,63.79651324142358
5.47,-1.0434341982644932,-4.3011375336193245,2.499668042338551,-46.62073585283298,97.28896673069619,62.65132421124564
5.48,-1.4698395484814317,-4.066728966916909,2.306266287046232,-45.68876899622886,99.68347076435916,61.64928380983993
5.49,-1.8429442299212528,-3.861621471052295,2.137039751165453,-44.87329799670025,101.77866179381425,60.77249845860994
5.5,-2.169410826181096,-3.682152412170758,1.9889665322697714,-44.15976087211272,103.61195394458747,60.00531127628369
5.51,-2.455069097908459,-3.525116985649413,1.85940246573605,-43.53541588809863,105.21608457651405,59.33402249174823
5.52,-2.7050200856699016,-3.3877109874432363,1.7460339075190436,-37.46786390208631,126.8059507544498,56.1085196802797
5.53,-2.923727199961164,-3.2674807390128318,1.6468364190791631,-32.15875591432552,145.69708366014356,53.28620472024474
5.54,-3.1150959249660186,-3.1622792716362276,1.5600386166942677,-27.513286425034828,162.22682495262563,50.81667913021414
5.55,-3.282543559345266,-3.070227987681699,1.4840905396074842,-23.448500621905474,176.69034858354746,48.65584423893738
5.56,-3.4290602394271077,-2.989683114221487,1.4176359721565486,-19.89181304416729,189.34593176060406,46.76511370907021
5.57,-3.557262334498719,-2.919206349943801,1.35948822563698,-16.77971141364638,200.41956704052853,45.11072449543643
5.58,-3.669439167686379,-2.857539181200826,1.3086089474323574,-14.056622486940581,210.10899791046245,43.66313393350687
5.59,-3.767593896725582,-2.8035804085507223,1.2640895790033126,-11.673919676073009,218.58724992165463,42.39649219181851
5.6,-4.680878784634884,-2.3842341074818822,1.0521650066278985,-9.589054716563883,226.0057204314478,41.28818066784119
5.61,-5.480003061555523,-2.0173060940466474,0.8667310057994111,-7.764797876993398,232.4968821275168,40.31840808436104
5.62,-6.179236803861083,-1.6962440822908165,0.7044762550744846,-6.1685731423692225,238.1766486115772,39.4698570738159
5.63,-6.791066328378448,-1.4153148220044645,0.562503348190174,-4.771876499573069,243.1464442851301,38.72737493958891
5.64,-7.326417162331142,-1.1695017192539063,0.43827705466640227,-3.5497669371264355,247.49501549948883,38.077703072140295
5.65,-7.794849142039749,-0.954415254347168,0.329579047833102,-2.4804210699856313,251.30001531205272,37.50924018812276
5.66,-8.20472712428478,-0.766214597553772,0.23446829185396428,-1.5447434362374275,254.62939014804613,37.01183516460742
5.67,-8.563370358749182,-0.6015390228595505,0.15124638037221877,-0.7260255067077491,257.54259312954036,36.57660576903149
5.68,-8.877183188905535,-0.4574478950021067,0.07842720782569142,18.57535355663072,261.4303934883478,49.26828054790255
5.69,-9.151769415292344,-0.33136815812684334,0.014710431847479985,35.46406023705188,264.83221880230434,60.37349597941473
5.7,-9.392032363380801,-0.2210483883609879,-0.041041747133455014,50.2416785824204,267.8088159520163,70.0905594819879
5.71,-9.602262442958201,-0.1245185898158644,-0.08982490374177314,63.17209463461785,270.41333845801427,78.5929900467394
5.72,-9.786213762588426,-0.04005501608888136,-0.1325101657740515,74.48620868029062,272.6922956507625,86.03261679089698
5.73,-9.947171167264873,0.0338506109222288,-0.16985977005229508,84.3860584702543,274.6863831944172,92.54229019203486
5.74,-10.088008896356765,0.0985180345569502,-0.20254067379575819,93.04842703647252,276.431209795115,98.2382544180305
5.75,-10.21124190931217,0.15510203023733143,-0.2311364645712884,100.62799953191346,277.95793307072563,103.22222311577669
5.76,-10.93406417064815,0.9543441514576649,-0.12207365649987735,107.26012546542428,279.2938159368849,107.5831957263046
5.77,-11.56653364931713,1.6536810075254569,-0.026643699437392684,113.06323565724625,280.4627134447743,111.39904676051653
5.78,-12.119944443152487,2.265600756584775,0.0568575129922814,118.14095707509048,281.4854987641775,114.73791641545196
5.79,-12.604178887758426,2.801030537011678,0.12992107386824622,122.58396331570418,282.38043591865534,117.65942736352046
5.8,-13.027884026788623,3.2695315948852186,0.19385168963471544,126.47159377624116,283.1635059288234,120.21574944308041
5.81,-13.398626023440045,3.6794700205245663,0.249790978430376,129.873270429211,283.8486921877205,122.45253126269536
5.82,-13.723025270510039,4.038166142958995,0.298737856126579,132.84973750055963,284.4482301642554,124.40971535485843
5.83,-14.006874611696285,4.35202525008912,0.34156637411075663,135.45414618798966,284.97282589372344,126.12225143550113
5.84,-14.255242785234248,4.62665196882798,0.37904132734691204,115.42050278949095,247.255597657008,157.7994707560635
5.85,-14.472564937079968,4.866950347724483,0.411831911428548,97.89106481580458,214.253022949882,185.51703766155555
5.86,-14.662721819944972,5.077211429258923,0.44052367249997954,82.552806588829,185.37577008114673,209.7699087038611
5.87,-14.82910909245185,5.261189875601557,0.4656289634374821,69.13183064022537,160.10817382100336,230.99117086587844
5.88,-14.974697955895369,5.4221710161513625,0.4875960930077969,57.388476685197205,137.99902709337792,249.55977525764362
5.89,-15.102088211408448,5.563029514132443,0.5068173313818223,47.113041974547556,118.65352370670568,265.80730410043816
5.9,-15.213554684982393,5.686280699865887,0.5236359149590945,38.12203660272911,101.72620824336748,280.0238918378834
5.91,-15.311087849359593,5.794125487382651,0.5383521755892077,30.254906902387972,86.91480721294654,292.463406108148
5.92,-11.894656118189644,6.351565801459819,0.5129286536405567,23.371168414589476,73.95483131132822,303.3479810946295
5.93,-8.90527835341594,6.839326076277342,0.4906830719354871,17.347897237765793,62.61485239741219,312.87198420780084
5.94,-6.289572809238948,7.266116316742673,0.4712181879435512,12.077534958045069,52.692370847735674,321.20548693182576
5.95,-4.00083045808408,7.639557777149839,0.45418641445060726,7.465967963289437,44.01019949176872,328.49730181534756
5.96,-1.9981809008235696,7.9663190550061085,0.43928361264428134,3.4308468428782573,36.41329955529763,334.8776398384291
5.97,-0.24586253822062343,8.252235173130344,0.42624366106374617,-0.09988413748152469,29.766012110885427,340.4604356086255
5.98,1.2874160290569545,8.502411776489051,0.41483370343077786,-3.189273745296334,23.949635597024752,345.34538190754733
5.99,2.6290347754248353,8.72131630442792,0.4048499905019306,-5.892489652134293,18.860306147396656,349.6197099191039
6.0,3.802951178496731,8.91285776637443,0.39611424168918924,-5.597803445617506,-9.66410687102793,288.4478711792159
6.01,4.830128031184639,9.080456545577626,0.38847046147804054,-5.339953014915318,-34.62296826214944,234.9225122818139
6.02,5.728907777286558,9.227105477380423,0.38178215379328545,-5.114333888050904,-56.46197197938076,188.08782324658716
6.03,6.515340055125739,9.35542329270787,0.37592988456912474,-4.91691715204454,-75.57110023195817,147.10747034076377
6.04,7.2034682982350215,9.467701381119387,0.3708091489979841,-4.744177508038973,-92.2915874529634,111.2496615481683
6.05,7.805580510955643,9.565944708479464,0.3663285053732361,-4.593030319534101,-106.92201377134298,79.87407885464727
6.06,8.332428697086188,9.65190761991953,0.36240794220158157,-4.460776529592339,-119.7236367999251,52.42044399781636
6.07,8.793420859950414,9.72712516742959,0.3589774494263838,-4.345054463393296,-130.92505694993446,28.398513498089315
6.08,4.063583877456612,5.716411021500891,1.034258768248086,-4.243797655469134,-140.72629958119265,7.379324310828153
6.09,-0.07502348222546473,2.2070361438132795,1.6251299222170752,-4.155197948535492,-149.30238688354356,-11.012466228025366
6.1,-3.6963049219472817,-0.8636668741633806,2.1421421819399407,-4.077673204968556,-156.80646327310063,-27.105282949522195
6.11,-6.864926181703872,-3.5505320148929584,2.5945279091974482,-4.009839054347486,-163.37253011396305,-41.18649758083192
6.12,-9.637469783990888,-5.901539013031339,2.990365420547767,-3.95048417255405,-169.1178385997177,-53.507560383227926
6.13,-12.063445435992026,-7.9586701364024215,3.336723242979296,-3.898548650984794,-174.14498352475297,-64.28849033532444
6.14,-14.186174131493024,-9.758659869352119,3.6397863376068837,-3.853105069611695,-178.54373533415887,-73.72180404340888
6.15,-16.043561740056397,-11.333650885683104,3.904966545406023,-3.813341935910233,-182.39264316738902,-81.97595353798278
6.16,-17.66877589754935,-12.711768024972717,4.1369992272302705,-1.9585491939214539,-263.5348146464654,-97.56333534573491
6.17,-19.09083828535568,-13.917620521851127,4.340027823826487,-0.335605544681272,-334.5342146906572,-111.20229442751804
6.18,-20.33514287468622,-14.972741456619737,4.517677845848176,1.084470148403887,-396.65868972932503,-123.13638362407829
6.19,-21.423909390350442,-15.89597227454227,4.673121615117155,2.3270363798534013,-451.0176053881594,-133.5787116710685
6.2,-22.376580091556637,-16.703799240224487,4.809134913227511,3.414281832371726,-498.58165658963946,-142.71574871218493
6.21,-23.210166955112058,-17.41064783519643,4.928146549074072,4.36562160332526,-540.2002013909346,-150.7106561231618
6.22,-23.93955546072305,-18.029140355796876,5.032281730439814,5.198043902909602,-576.6164280920677,-157.7062001077666
6.23,-24.577770403132668,-18.570321311322267,5.1234000141348375,5.926413415045902,-608.4806264555593,-163.82730109429576
6.24,-21.348371602741086,-16.464423022406987,3.3268928873679826,6.563736738165164,-636.3618000236145,-169.18326445750878
6.25,-18.52264765239845,-14.621762019606113,1.7549491514469848,7.121394645894519,-660.7578268956627,-173.86973240032017
6.26,-16.050139195848644,-13.009433642155349,0.3794983825161118,7.609345315157704,-682.1043504087049,-177.97039185028015
6.27,-13.886694296367564,-11.59864631188593,-0.8240210402984022,8.03630215076299,-700.7825584826169,-181.55846886899513
6.28,-11.993680009321618,-10.36420739790019,-1.8771005352611019,8.409889381917617,-717.1259905472898,-184.69803626037074
6.29,-10.337292508156416,-9.284073348162666,-2.7985450933534644,8.736778209177915,-731.4264936038786,-187.44515772782438
6.3,-8.887953444636864,-8.338956054642333,-3.604809081684281,9.022805933030677,-743.9394337783938,-189.84888901184632
6.31,-7.619781764057255,-7.511978422812041,-4.310290071473746,9.273080191401842,-754.8882564310945,-191.95215388536553
6.32,-6.510131543550098,-6.788372994960536,-4.927585937539528,4.994570042476612,-668.4678495022077,-144.64813502469485
6.33,-5.539187600606335,-6.1552182455904685,-5.467719820347088,1.2508736621670358,-592.8499934394317,-103.25711852160799
6.34,-4.689611650530543,-5.60120783989166,-5.940336967803702,-2.024860670603844,-526.6843693845028,-67.039979081407
6.35,-3.9462326942142254,-5.116448734905203,-6.35387697182824,-4.891128211778364,-468.78944833643993,-35.349982071231125
6.36,-3.2957761074374474,-4.692284518042052,-6.71572447534971,-7.399112310306068,-418.13139241938495,-7.6212346873272345
6.37,-2.7266265940077665,-4.321140828286795,-7.032341040930996,-9.593598396517809,-373.8055934919618,16.641419273588667
6.38,-2.228620769756796,-3.996390099750946,-7.309380535814622,-11.513773721953083,-335.0205194304666,37.87124148939009
6.39,-1.7928656735371964,-3.7122332122820776,-7.551790093837794,-13.193927131708946,-301.08357962665826,56.44733592821633
6.4,-0.16930021434504683,-3.5057511857468175,-6.00542070710807,-14.664061365245328,-271.38875729832597,72.70141856218929
6.41,1.251319562448084,-3.3250794125284653,-4.652347493719561,-15.95042881958966,-245.4057877610352,86.92374086691562
6.42,2.4943618671420733,-3.1669916109624068,-3.4684084320046162,-17.076000342140954,-222.6706894159058,99.36827288355117
6.43,3.582023883749314,-3.028664784592106,-2.4324617530040396,-18.060875424373336,-202.77747836391757,110.25723839810728
6.44,4.53372814828065,-2.9076288115180926,-1.5260084088785344,-18.92264112132667,-185.37091869342788,119.78508322334388
6.45,5.366469379745569,-2.8017223350783307,-0.7328617327687177,-19.676686106160837,-170.1401789817494,128.1219474454259
6.46,6.095117957277373,-2.709054168193539,-0.038858391172628015,-20.336475467890732,-156.8132817340307,135.41670363974765
6.47,6.7326854626177015,-2.6279695221693467,0.5683945327239505,-20.913791159404393,-145.15224664227688,141.7996153097792
6.48,7.290557029790489,-2.557020456898178,1.0997408411334566,-24.315192389478845,-123.01384093699227,139.57966414605679
6.49,7.778694651066678,-2.4949400247859055,1.5646688609917745,-27.29141846579399,-103.64273594486824,137.63720687779968
6.5,8.205815069683343,-2.4406196466876673,1.9714808783678026,-29.89561628256974,-86.6930190767597,135.93755676807473
6.51,8.579545435972925,-2.3930893158517086,2.327441393571827,-32.17428937224852,-71.86201681716473,134.45036292206538
6.52,8.90655950647631,-2.351500276370245,2.6389068443753487,-34.16812832571746,-58.88488984001914,133.1490683068072
6.53,9.19269681816677,-2.3151098668239642,2.91143911382843,-35.91273741000278,-47.52990373501675,132.01043551845632
6.54,9.443066965895923,-2.2832682584709687,3.149904849599876,-37.43927035875243,-37.59429089313966,131.01413182864928
6.55,9.662140845158932,-2.2554068511620975,3.358562368399891,-38.77498668890838,-28.900629656497202,130.14236610006813
6.56,9.226540364514065,-2.2815117447668354,3.1726191973499045,-39.94373847779483,-21.293676074435055,129.3795710875596
6.57,8.845389943949806,-2.304353526670981,3.0099189226811665,-40.966396293070474,-14.637591690130675,128.71212545161467
6.58,8.51188332595608,-2.3243400858371084,2.8675561823460205,-41.86122188143666,-8.81351785386434,128.12811052016283
6.59,8.22006503521157,-2.34182832510747,2.7429887845527676,-42.64419427125708,-3.7174532471312975,127.61709745514247
6.6,7.964724030810125,-2.357130534469036,2.6339923114836714,-43.32929511234994,0.7416032837601145,127.16996102324967
6.61,7.741300651958859,-2.3705199676604063,2.5386203975482124,-43.9287583483062,4.6432777482901,126.77871664534345
6.62,7.545805195464002,-2.3822357217028554,2.455169972854686,-44.45328867976792,8.057242904753839,126.43637781467552
6.63,7.374746671031002,-2.3924870064899983,2.3821508512478498,-44.91225271979693,11.04446241665961,126.13683133784107
6.64,7.225070462152127,-2.4014568806787486,2.3182591198418683,-45.96134600482232,21.14390473957716,121.15847742061095
6.65,7.094103779383111,-2.409305520593905,2.2623538548616344,-46.87930262921953,29.980916772130016,116.80241774303457
6.66,6.979507931960223,-2.416173080519667,2.21343674800393,-47.68251467556709,37.71330230061376,112.99086552515524
6.67,6.879236565465195,-2.4221821954547087,2.170634279503439,-48.38532521612121,44.47913963803704,109.65575733451084
6.68,6.7914991197820465,-2.42744017102287,2.1331821195655087,-49.00028443910606,50.39924730828241,106.73753766769698
6.69,6.714728854809291,-2.432040899645011,2.10041147961982,-49.538373759217805,55.57934151974712,104.18409545923487
6.7,6.647554872958129,-2.436066537189385,2.0717371696673426,-50.00920191431558,60.11192395477873,101.9498335268305
6.71,6.588777638838363,-2.439588970040712,2.046647148458925,-50.42117655002614,64.0779335854314,99.9948543359767
6.72,5.771435058983568,-2.270931598785623,1.9870158799015591,-50.781654356272874,67.54819201225247,98.2842475439796
6.73,5.056260301610622,-2.1233563989374202,1.9348385199138642,-51.09707243673876,70.58466813572092,96.78746660098216
6.74,4.430482388909295,-1.9942280990702426,1.8891833299246312,-51.37306325714642,73.24158474375581,95.4777832758594
6.75,3.882926715295633,-1.8812408366864621,1.8492350386840524,-51.614555225003116,75.56638677578634,94.33181036637697
6.76,3.403815500883679,-1.7823769821006543,1.814280283848546,-51.825860696877726,77.60058855381305,93.32908407057985
6.77,2.984593188273219,-1.6958711093380725,1.7836948733674776,-52.01075298476801,79.38051510958643,92.45169856175738
6.78,2.6177736647390666,-1.6201784706708133,1.756932639196543,-52.17253373667201,80.93795084588812,91.6839862415377
6.79,2.2968065816466834,-1.5539474118369616,1.733515684296975,-52.31409189458801,82.30070711515211,91.01223796134548
6.8,2.0159603839408478,-1.4959952353573414,1.713025848759853,-39.12920528276451,113.69374372575808,83.0832082161773
6.81,1.7702199609482419,-1.4452870809376737,1.6950972426648714,-27.592429497418944,141.16265076003833,76.14530718915513
6.82,1.5551970908297115,-1.4009174458204645,1.6794097123317624,-17.497750685241577,165.19794441503353,70.07464379051075
6.83,1.3670520794759975,-1.3620940150929064,1.665683123290292,-8.66490672458638,186.22882636315433,64.7628133166969
6.84,1.2024251945414979,-1.328123513206293,1.6536723578790056,-0.9361682590130833,204.63084806776,60.11496165210979
6.85,1.0583766702238107,-1.2983993240555063,1.64316293814413,5.826477898363551,220.73261705929,56.048091445596064
6.86,0.9323342114458343,-1.272390658548568,1.6339671958761137,11.743793286068108,234.82166492687873,52.48958001489655
6.87,0.822047060015105,-1.249633076229997,1.6259209213915995,16.921444250309595,247.14958181101886,49.37588251303448
6.88,0.6759319275132168,-0.8967224417012473,1.1072645562176495,21.451888844020896,257.9365090846415,46.65139719890517
6.89,0.5480811865740648,-0.5879256364885913,0.6534402366904433,25.416027863518284,267.3750704490613,44.267472549042026
6.9,0.43621178825230666,-0.31772843192751743,0.2563439571041379,28.884649505578498,275.63381164292866,42.18153848041177
6.91,0.3383260647207683,-0.08130587793657773,-0.09111528753387937,31.919693442381185,282.8602101875626,40.3563461703603
6.92,0.2526760566306723,0.12556385680549448,-0.3951421265921444,34.57535688708354,289.1833089141173,38.759302899065254
6.93,0.17773229955183822,0.3065748747048077,-0.6611656107681263,36.899062401198094,294.71602029985263,37.3618900366821
6.94,0.11215651210785844,0.46495951536670677,-0.8939361594221105,38.932304726048336,299.5571427623711,36.139153782096834
6.95,0.05477769809437613,0.6035460759458684,-1.0976103894943467,40.711391760292294,303.79312491707475,35.06925955933473
6.96,0.00457123583257911,0.7248093164526349,-1.2758253408075535,51.818717790255754,294.6152360524404,47.23185148941789
6.97,-0.03935941864649328,0.8309146518960555,-1.4317634232066092,61.537628066473786,286.5845832958854,57.87411942824066
6.98,-0.07779874131568162,0.9237568204090486,-1.568209245305783,70.04167455816457,279.55776213389976,67.18610387471058
6.99,-0.11143314865122142,1.0049937178579176,-1.6875993396425601,77.48271523839401,273.4092936171623,75.33409026537176
7.0,-0.14086325506981873,1.076076003125678,-1.79206567218724,83.99362583359476,268.029383665017,82.46357835720029
7.01,-0.16661459818609137,1.1382730027349681,-1.883473713163835,89.69067260439542,263.3219624568899,88.70188043755026
7.02,-0.18914702341282996,1.1926953773930973,-1.9634557490183557,94.67558852884599,259.2029688997786,94.16039475785648
7.03,-0.20886289548622622,1.24031495521896,-2.0334400303910614,99.03738996274024,255.5988495373063,98.93659478812442
7.04,-3.105568033550448,1.7205234608165902,-2.152739651592179,102.8539662173977,252.44524509514304,103.11576981460887
7.05,-5.640185029356642,2.1407059032145166,-2.2571268201431565,106.193470440223,249.68584120825017,106.77254796278277
7.06,-7.857974900687061,2.508365540312702,-2.3484655926252618,109.11553663519513,247.2713628072189,109.97222884243493
7.07,-9.79854103810118,2.8300677227736144,-2.428387018547104,111.67234455579575,245.15869420631657,112.77194961213057
7.08,-11.496536408338532,3.111557132426913,-2.498318266228716,113.90955148632128,243.310109180527,115.22170528561425
7.09,-12.982282357296215,3.357860365873549,-2.5595081079501263,115.8671075505311,241.69259728296115,117.36524149991247
7.1,-14.282310062634188,3.5733756951393554,-2.6130492194563604,117.57996910671471,240.27727437259102,119.24083568742341
7.11,-15.419834304804914,3.761951608246936,-2.659897692024315,119.07872296837536,239.03886682601717,120.88198060149548
7.12,-16.4151680167043,3.9269555322160694,-2.7008901055212755,90.70138259732843,200.57963347276504,156.38610877630856
7.13,-17.286085014616262,4.07133396568906,-2.736758467331116,65.87120977266238,166.92780428866942,187.45222092927
7.14,-18.04813738778923,4.1976650949779275,-2.7681432839147266,44.144808551079585,137.48245375258574,214.63506906311125
7.15,-18.714933214315575,4.308204833105687,-2.795604998425386,25.13420748219464,111.71777203351252,238.42006118022235
7.16,-19.29837956252613,4.404927103967475,-2.8196339986222125,8.499931546920308,89.17367552932345,259.2319292826946
7.17,-19.808895117210366,4.489559090971541,-2.840659373794436,-6.05505989644473,69.44759108815802,277.4423138723578
7.18,-20.25559622755907,4.563612079600099,-2.859056577070131,-18.79067740938914,52.18726720213827,293.3764003883131
7.19,-20.64645969911419,4.628408444650087,-2.8751541299363645,-29.934342733215498,37.08448380187099,307.318726089774
7.2,-15.133306861724915,6.159537139068826,-2.223415113694319,-39.685049891563565,23.869548326637116,319.51826107855226
7.21,-10.3092981290093,7.499274746685224,-1.653143474482529,-48.21691865511812,12.306479785807474,330.19285419373324
7.22,-6.088290487883135,8.671545153349571,-1.1541557901722128,-55.68230382322836,2.1887948125815395,339.5331231695166
7.23,-2.3949088018977434,9.697281759180875,-0.7175415664006861,-62.21451584532481,-6.664179538991154,347.70585852332704
7.24,0.8368001733394745,10.594801289283266,-0.33550412060060036,-67.93020136465921,-14.41053209661726,354.85700195791117
7.25,3.6645455266720406,11.380130878122857,-0.001221355525525325,-72.9314261940768,-21.1885905845401,361.1142524631723
7.26,6.138822710838036,12.0672942683575,0.2912760639151653,-77.3074979198172,-27.119391761472592,366.5893466552758
7.27,8.303815246983282,12.668562234812812,0.5472113059257696,-81.13656067984004,-32.30884279128852,371.38005407336635
7.28,10.198183716110371,13.19467170546121,0.7711546426850484,-76.92261584486003,-51.32648694237746,289.04317293919553
7.29,11.855756126596575,13.655017492278558,0.9671050623494173,-73.23541411425252,-67.96692557458027,216.9984019467961
7.3,13.306131985772003,14.057820055743738,1.13856167955574,-70.00911259997095,-82.52730937775775,153.9592273284466
7.31,14.575210862550504,14.410272298775771,1.2885862196112725,-67.18609877497458,-95.26764520553803,98.79994953739077
7.32,15.685654879731691,14.7186680114288,1.4198576921598636,-64.71596167810276,-106.41543905484579,50.53558147021692
7.33,16.65729339476523,14.9885142600002,1.5347202306398806,-62.554591718339914,-116.16975867299007,8.304259411439801
7.34,17.507477095419574,15.224629727500174,1.6352249518098956,-60.66339300354743,-124.70478833886631,-28.648147389990175
7.35,18.251387833492128,15.431230761562652,1.7231665828336586,-59.008594128104,-132.17293929650802,-60.98150334124141
7.36,13.147956354305611,7.05026379136732,2.809221134979451,-57.560645112091,-138.70757138444452,-89.27318979858623
7.37,8.68245381001741,-0.2830823075535944,3.7595188681070195,-56.29368972307963,-144.42537446138897,-114.02841544876296
7.38,4.775139083765234,-6.699760144109395,4.591029384593642,-55.18510375769468,-149.42845215371534,-135.6892378926676
7.39,1.3562386982945802,-12.31435325109572,5.318601086519437,-54.215091037982845,-153.80614513450092,-154.64245753108415
7.4,-1.6352991389922422,-17.227122219708754,5.9552263257045075,-53.36632990823499,-157.63662649268832,-171.22652471469863
7.41,-4.252894746618212,-21.52579506724516,6.512273409991444,-52.62366391970561,-160.9882976811023,-185.7375835003613
7.42,-6.543290903290936,-25.287133808839513,6.999689608742513,-51.97383117974241,-163.92100997096452,-198.43475993781612
7.43,-8.54738754037957,-28.578305207734573,7.426178782649699,-51.40522753227461,-166.48713322459398,-209.5447893205891
7.44,-10.300972097832123,-31.458080181767752,7.7993568098184864,-39.24394921574029,-204.74749457151972,-188.89481565551546
7.45,-11.835358585603107,-33.97788328404678,8.125887583591176,-28.602830688772755,-238.22531075007976,-170.82608869857603
7.46,-13.17794676240272,-36.182710998540934,8.411602010642278,-19.29185197767616,-267.5183999063198,-155.01595261125402
7.47,-14.35271141710238,-38.11193524872332,8.661602134311995,-11.144745605466639,-293.14985291802986,-141.18208353484727
7.48,-15.380630489964583,-39.800006467632905,8.880352242522996,-4.016027529783309,-315.57737430327614,-129.07744809299135
7.49,-16.28005967871901,-41.277068784178795,9.071758587207622,2.2216007864396046,-335.20145551536666,-118.48589208136744
7.5,-17.06706021887913,-42.569498311156444,9.239239138806669,7.6795255631346535,-352.37252657594587,-109.21828057119652
7.51,-17.75568569151924,-43.70037414726189,9.385784621455835,12.455209742742822,-367.39721375395266,-101.10912049979696
7.52,-14.457511355079335,-36.65980000385416,7.6673236687738555,16.63393339989997,-380.5438150347086,-94.01360543732234
7.53,-11.571608810694418,-30.499297628372386,6.163670335177124,20.290316599912472,-392.04709115537,-87.80502975765705
7.54,-9.046444084357615,-25.108858049825837,4.847973668279984,23.489651899923413,-402.11245776094876,-82.37252603794992
7.55,-6.836924948812913,-20.392223418597606,3.696739084744986,26.289070287432985,-410.91965354083015,-77.61908528320619
7.56,-4.903595705211299,-16.265168116272903,2.6894088241518626,28.73856137650386,-418.6259498482264,-73.45982462280541
7.57,-3.2119326170598868,-12.65399472673879,1.8079948461328799,30.881866079440876,-425.36895911719813,-69.82047154495474
7.58,-1.731727414927401,-9.494218010896443,1.0367576153662699,32.75725769451077,-431.26909222754836,-66.6360376018354
7.59,-0.43654786306147586,-6.7294133845343875,0.3619250384454862,34.39822535769692,-436.43170869910483,-63.84965790160598
7.6,0.6967342448212086,-4.310209336467588,-0.22855346636019958,17.603446812984807,-386.7514953617167,-42.38470016390524
7.61,1.6883560892185576,-2.19340579440914,-0.7452221580651746,2.9080155863617065,-343.28130869150215,-23.602862143417084
7.62,2.5560252030662376,-0.3412026951079976,-1.1973072633070276,-9.950486736933506,-305.2448953550644,-7.168753875489948
7.63,3.315235677682958,1.279475016780502,-1.592881730393649,-21.20167626981682,-271.96303368568135,7.211090858946295
7.64,3.9795448429725884,2.6975680146829393,-1.9390093890944429,-31.046467111089715,-242.8414047249712,19.793455001578007
7.65,4.560815362601015,3.938399387847572,-2.2418710904576375,-39.6606590972035,-217.3599793843498,30.803023626380757
7.66,5.069427067275888,5.024126839366625,-2.506875079150433,-47.19807708505306,-195.06373221130607,40.43639617308316
7.67,5.514462308866402,5.9741383594457975,-2.7387535692566285,-53.79331782442142,-175.5545159348928,48.865597151447766
7.68,5.855240645258101,5.384868814515073,-1.7140286230995496,-59.56415347136874,-158.4839516930312,56.24114800751679
7.69,6.1534216896008385,4.869257962700689,-0.8173942952121059,-64.61363466244765,-143.5472079814023,62.69475500657719
7.7,6.414330103400733,4.418098467363103,-0.032839258310592756,-69.0319307046417,-130.477557233727,68.34166113075504
7.71,6.642624965475642,4.023333908942716,0.6536463989782313,-72.89793974156149,-119.04161282951112,73.28270398941066
7.72,6.842382969791187,3.677914920324876,1.2543213491059524,-76.28069764886631,-109.03516147582224,77.60611649073432
7.73,7.0171712235672885,3.3756733052842667,1.7799119304677085,-79.24061081775803,-100.27951654134446,81.38910242939254
7.74,7.170110945621378,3.1112118921237335,2.239803689159245,-81.83053484053828,-92.6183272236764,84.69921512571847
7.75,7.3039332024187065,2.879808155608267,2.6422089780143394,-84.096718360471,-85.91478657071686,87.59556373500367
7.76,7.421027677116369,2.6773298861572337,2.9943136057625472,-80.47087869041214,-75.33293824937725,89.9636185181282
7.77,7.523485342476823,2.5001614003875794,3.302405155042229,-77.29826897911062,-66.0738209682051,92.03566645336217
7.78,7.613135799667219,2.345138975339132,3.5719852606619504,-74.5222354817218,-57.97209334717946,93.84870839669189
7.79,7.691579949708817,2.2094943534217406,3.8078678530792067,-72.09320617150658,-50.88308167878203,95.4351200971054
7.8,7.760218580995215,2.090805309244023,4.014265121444306,-69.96780552506826,-44.68019646893427,96.82323033496722
7.81,7.820277383370813,1.9869523955885202,4.194862731263767,-68.10807995943473,-39.25267191031749,98.03782679309631
7.82,7.872828835449461,1.8960810961399552,4.3528856398557965,-66.48082008950539,-34.5035879215278,99.10059869395927
7.83,7.918811356018278,1.816568709122461,4.491155684873822,-65.05696770331721,-30.348139431336826,100.03052410721436
7.84,7.682399936515993,1.9065531204821533,3.917337974264594,-63.81109686540256,-26.712122002419722,100.84420884381257
7.85,7.475539944451494,1.9852894804218841,3.41524747748152,-62.72095988222725,-23.530606752117254,101.55618298833599
7.86,7.294537451395057,2.054183795369149,2.97591829279633,-61.767090021948846,-20.746780908102597,102.17916036479399
7.87,7.136160269970675,2.1144663209480052,2.591505256196789,-60.93245389420524,-18.31093329458977,102.72426556919473
7.88,6.9975802362243416,2.1672135308295046,2.2551438491721902,-60.20214728242958,-16.179566632766047,103.20123262304539
7.89,6.876322706696299,2.2133673394758167,1.9608276180256663,-59.56312899712589,-14.314620803670293,103.61857879516471
7.9,6.770222368359262,2.2537519220413396,1.703300915772458,-59.003987997485154,-12.682793203211506,103.98375669576912
7.91,6.677384572314354,2.289088431786172,1.4779650513009006,-58.51473962279951,-11.25494405281007,104.30328735879797
7.92,6.59615150077506,2.3200078778129005,1.280796169888288,-58.095397169949564,0.5075494537911904,103.55912693894822
7.93,6.5250725631781785,2.3470623930862877,1.108273398652252,-57.72847252370586,10.799731272067293,102.9079865715797
7.94,6.462878492780907,2.370735093950502,0.9573159738207204,-57.40741345824263,19.805390363058883,102.33823875013223
7.95,6.408458681183293,2.3914487072066892,0.8252282270931304,-57.126486775962306,27.685342067676523,101.83970940636571
7.96,6.360841346035382,2.409573118805853,0.7096514487064891,-56.88067592896702,34.58029980921696,101.40349623057
7.97,6.319176177780959,2.4254319789551215,0.608521767618178,-56.665591437846146,40.61338783306484,101.02180970174875
7.98,6.28271915555834,2.4393084815857313,0.5200332966659057,-56.47739250811537,45.89233985393174,100.68783398903015
7.99,6.250819261113548,2.451450421387515,0.4426058845826675,-56.31271844460095,50.51142287219027,100.39560524040138
8.0,5.669035228474354,2.1901286187140756,0.15539914900983404,-56.168628639025826,54.55312051316649,100.1399050853512
8.01,5.15997419991506,1.9614720413748161,-0.09590674461639523,-56.0425500591476,58.08960594902068,99.9161674496823
8.02,4.714545799925677,1.7613975362029641,-0.3157994015393458,-55.93223130175414,61.1840307053931,99.72039701847201
8.03,4.324795949934968,1.5863323441775936,-0.5082054763469276,-55.83570238903488,63.89165236721897,99.54909789116302
8.04,3.9837648311930973,1.4331503011553943,-0.6765607918035617,-55.75123959040552,66.2608213213166,99.39921115476764
8.05,3.68536260229396,1.29911601351097,-0.8238716928281165,-55.67733464160483,68.33384415615203,99.26806026042169
8.06,3.424260652007215,1.1818360118220987,-0.9527687312246019,-55.61266781140422,70.14773913663302,99.15330322786899
8.07,3.1957964455063133,1.0792160103443362,-1.0655536398215268,-55.55608433497869,71.73489724455389,99.05289082438537
8.08,2.995890264818024,0.9894235090512943,-1.164240434843836,-53.95344891810636,102.85616046398465,97.9850293463372
8.09,2.8209723567157714,0.9108550704198826,-1.2505913804883564,-52.55114292834307,130.08726578098657,97.05065055304505
8.1,2.6679191871263,0.8421076866173972,-1.326148457927312,-51.32412518730018,153.91448293336325,96.23306910891442
8.11,2.5339976637355126,0.7819537257902226,-1.392260900686398,-50.25048466388766,174.76329794169285,95.51768534530012
8.12,2.4168163307685737,0.7293190100664448,-1.4501092881005981,-49.3110492059017,193.00601107398126,94.8917245521376
8.13,2.3142826644225023,0.6832636338081393,-1.5007266270880233,-48.48904318016399,208.9683850647336,94.3440088581204
8.14,2.2245657063696895,0.6429651795821218,-1.5450167987020205,-47.76978790764349,222.9354623066419,93.86475762585535
8.15,2.146063368073478,0.6077040321343566,-1.583770698864268,-47.140439544188055,235.15665489331167,93.44541279762343
8.16,1.3038768220642936,1.3648582781175622,-1.9285191115062346,-46.58975972616455,245.8501984066477,93.0784860729205
8.17,0.566963594306257,2.027368243352867,-2.2301739725679552,-46.10791488539398,255.20704898081675,92.75742518880544
8.18,-0.07783547998202511,2.6070644629337583,-2.494121975996961,-45.68630064971973,263.3942932332146,92.47649691520476
8.19,-0.6420346699842719,3.1142986550670386,-2.7250764789973405,-45.31738819350477,270.5581319540628,92.23068467580417
8.2,-1.1357089612362379,3.5581285731836587,-2.9271616691226727,-44.994589794316674,276.82649083480493,92.01559896632865
8.21,-1.567673966081708,3.9464797515357013,-3.1039862104823386,-44.712141195027094,282.3113048554543,91.82739897053757
8.22,-1.9456433453214945,4.286287032593739,-3.258707684172046,-44.46499867064871,287.1105171235225,91.66272397422037
8.23,-2.2763665521563077,4.583618403519521,-3.39408897365054,-44.248748961817626,291.3098278580822,91.51863335244282
8.24,-2.5657493581367694,4.843783353079581,-3.5125476019442226,-21.56328009159042,292.22797362582196,102.45692868338746
8.25,-2.818959313369673,5.071427683944633,-3.6161989017011944,-1.7134948301416166,293.0313511725942,112.02793709796403
8.26,-3.0405180241984633,5.270616473451554,-3.7068937889885447,15.655067273626086,293.7343065260199,120.40256946071852
8.27,-3.2343818961736552,5.44490666427011,-3.7862518153649765,30.852559114422824,294.34939246026744,127.73037277812871
8.28,-3.4040127841519485,5.597410581236346,-3.855690088444354,44.15036447511997,294.887592652734,134.14220068086263
8.29,-3.552439811132955,5.730851508581803,-3.9164485773888096,55.78594416572997,295.35851782114224,139.7525500957548
8.3,-3.6823134597413354,5.847612320009078,-3.969612255215208,65.96707639501372,295.77057734349944,144.66160583378544
8.31,-3.795952902273668,5.949778030007943,-4.016130473313307,74.87556709563701,296.131129425562,148.95702960456225
8.32,-5.029177914489459,5.798568776256951,-3.850606539149144,82.67049645868238,296.44661249736674,152.715525403992
8.33,-6.108249800178276,5.666260679224832,-3.705773096755501,89.49105965134709,296.7226601851959,156.00420922849298
8.34,-7.052437700155991,5.550491094321728,-3.579043834661064,95.4590524449287,296.9642019120464,158.88180757493137
8.35,-7.878602112636492,5.4491927075315125,-3.468155730328431,100.68104613931261,297.1755509230406,161.39970612806496
8.36,-8.601495973556931,5.360556619090074,-3.3711286390373774,105.25029062189854,297.3604813076605,163.60286736205683
8.37,-9.234028101862314,5.283000041703815,-3.2862299341577055,109.24837954416122,297.52229539420296,165.53063344179975
8.38,-9.787493714129525,5.215138036490838,-3.2119435673879924,112.74670735114107,297.6638827199276,167.2174287615748
8.39,-10.271776124863335,5.1557587819294834,-3.1469429964644937,115.80774418224844,297.7877716299366,168.69337466637796
8.4,-10.695523234255418,5.103801934188298,-3.0900674969064323,97.29802603446738,258.5474251761945,193.6579522080807
8.41,-11.066301954973492,5.058339692414761,-3.0403014347931285,81.10202265515896,224.2121220291702,215.50195755707063
8.42,-11.390733335601805,5.018560230862916,-2.9967561304439876,66.93051969826409,194.16873177552392,234.6154622374368
8.43,-11.67461079365158,4.983753202005052,-2.9586539891384893,54.53045461098108,167.88076530358344,251.3397788327572
8.44,-11.923003569445132,4.95329705175442,-2.925314615496178,43.680397659608445,144.8787946406355,265.97355585366256
8.45,-12.140347248264492,4.926647920285118,-2.8961426635591563,34.18659782715739,124.75207031055606,278.7781107469547
8.46,-12.330522967231431,4.903329930249479,-2.870617205614262,25.879522973762718,107.14118652173656,289.98209627858535
8.47,-12.496926721327503,4.882926688968294,-2.848282429912479,18.610832477042376,91.73166320651949,299.7855836187622
8.48,-9.467448506161565,6.786430977847257,-1.813576501173419,12.250728292412077,78.24833030570456,308.3636350414169
8.49,-6.81665506789137,8.45199723061635,-0.9082088135267418,6.6856371308605675,66.45041401749148,315.8694300362398
8.5,-4.497210809404949,9.909367701789305,-0.11601208683589903,1.8161823645029962,56.12723726530505,322.4370006567098
8.51,-2.467697083229331,11.184566864065642,0.5771600490185883,-2.4445905560598784,47.09445760714192,328.1836249496211
8.52,-0.6918725728256643,12.300366131057437,1.1836856678912646,-6.172766861552393,39.19077540624918,333.2119212059185
8.53,0.8619738737775438,13.276690489675257,1.7143955844048566,-9.434921128858345,32.27505348046803,337.6116804301787
8.54,2.221589514555351,14.13097430346585,2.1787667613542494,-12.289306112751053,26.223796795409527,341.46146975140636
8.55,3.411253200235932,14.87847264053262,2.585091541184968,-14.78689297365717,20.928947195983337,344.8300354074806
8.56,4.45220892520644,15.532533685466042,2.940625723536847,-19.400406351950025,-18.507170578514582,296.6600308565455
8.57,5.363045184555634,16.104837099782788,3.2517181330947413,-23.43723055795627,-53.013773631200266,254.5112768744773
8.58,6.160026911486181,16.60560258730994,3.523923991457899,-26.969451738211735,-83.20705130230024,217.63111714016762
8.59,6.857385922550408,17.043772388896198,3.7621041175256615,-30.060145270935266,-109.62616926451273,185.36097737264666
8.6,7.467575057231608,17.427170965284173,3.9705117278349538,-32.76450211206836,-132.74289748144864,157.12460507606582
8.61,8.001490550077657,17.76264471962365,4.152868386855585,-35.130814348059815,-152.97003467126757,132.41777931655758
8.62,8.46866660631795,18.056184254670693,4.312430463498637,-37.20133755455234,-170.66877971235914,110.79930677698789
8.63,8.877445655528206,18.313031347836855,4.452047280561307,-39.0130453602333,-186.15518162331426,91.8831433048644
8.64,6.6053929485871805,10.18465080435725,3.0567839954911435,-40.59828969020413,-199.70578329539998,75.33150026675635
8.65,4.617346830013783,3.0723178288125945,1.8359286210547503,-41.98537847892862,-211.562559758475,60.848812608411805
8.66,2.87780647626206,-3.15097352478898,0.7676801684229065,-43.19908116906254,-221.93723916366565,48.17646090736034
8.67,1.3557086667293028,-8.596353459190357,-0.16703722762995676,-44.26107102292972,-231.01508364320745,37.088153168940295
8.68,0.023873083388139982,-13.361060901791564,-0.9849149491762121,-45.1903121450635,-238.95819756280653,27.38588389782276
8.69,-1.1414830520353774,-17.53017991406762,-1.7005579555291856,-46.00339812693056,-245.9084222424557,18.896398285594916
8.7,-2.1611696705309553,-21.178159049809167,-2.3267455860880375,-46.71484836106424,-251.98986883714875,11.46809837489555
8.71,-3.0533954617145858,-24.370140793583023,-2.874659762827033,-47.33736731593121,-257.31113460750515,4.968335953033607
8.72,-3.8340930290002624,-27.163124819385143,-3.354084667473654,-43.16144640143981,-309.554119531567,-30.289582291095595
8.73,-4.51720340037523,-29.606985841962,-3.7735814590394474,-39.50751560125983,-355.2667313401211,-61.14026075470865
8.74,-5.114924975328327,-31.74536423671675,-4.1406411516595165,-36.31032615110235,-395.26526667260595,-88.13460441037006
8.75,-5.637931353412286,-33.61644533212716,-4.461818382702077,-33.51278538221456,-430.2639850885302,-111.75465510907381
8.76,-6.09556193423575,-35.25364129061126,-4.742848459864318,-31.06493720943774,-460.8878637024639,-132.42219947043958
8.77,-6.495988692456281,-36.68618775428486,-4.988749777381278,-28.923070058258023,-487.6837574896559,-150.50630078663463
8.78,-6.846362105899246,-37.939665909999256,-5.203913430208618,-27.04893630097577,-511.1301645534489,-166.3298894383053
8.79,-7.15293884266184,-39.036459296249355,-5.392181626432541,-25.4090692633538,-531.6457707342678,-180.17552950851712
8.8,-5.0049677373291095,-32.84926338421818,-5.090607798128474,-23.974185605434577,-549.5969261424843,-192.29046456995246
8.81,-3.1254930201629705,-27.43546696119091,-4.8267306983624145,-22.718662404755257,-565.3041871246738,-202.8910327487084
8.82,-1.4809526426425992,-22.698395091042048,-4.595838236067113,-21.62007960416085,-579.0480404840896,-212.16652990511986
8.83,-0.04197981231227432,-18.553457204661793,-4.393807331558724,-20.658819653640744,-591.0739121735784,-220.28258991697987
8.84,1.21712141422676,-14.92663655407907,-4.217030290113883,-19.817717196935654,-601.5965499018811,-227.3841424273574
8.85,2.318834987448415,-11.753168484819188,-4.062350378849648,-19.081752547318697,-610.803857914146,-233.59800087393774
8.86,3.282834364017363,-8.97638392421679,-3.927005456493442,-18.43778347890386,-618.8602524248778,-239.03512701469552
8.87,4.126333818515193,-6.546697433689692,-3.8085786494317615,-17.874310544040878,-625.9095976217681,-243.79261238785858
8.88,4.864395841200794,-4.42072175447848,-3.704955193252791,-24.22377147603577,-566.4877736690471,-195.18853633937627
8.89,5.510200111050695,-2.5604930351686703,-3.6142846690961923,-29.779549791531295,-514.4936777104163,-152.65996979695424
8.9,6.075278847169359,-0.9327929057725868,-3.534947960459168,-34.64085581758989,-468.9988437466142,-115.44747407233496
8.91,6.569722741273189,0.4914447074489865,-3.465528340401772,-38.89449859039115,-429.1908640282875,-82.8865403132931
8.92,7.002361148614041,1.7376526190178632,-3.4047861728515505,-42.61643601659226,-394.3588817747516,-54.395723274131456
8.93,7.380919755037286,2.82808454164063,-3.3516367762451065,-45.87313126451823,-363.88089730290767,-29.466258364865023
8.94,7.712158535657625,3.782212473935551,-3.305131054214468,-48.72273960645345,-337.2126608900442,-7.6529765692568965
8.95,8.001992468700422,4.617074414693607,-3.2644385474376594,-51.216146905646774,-313.8779540287887,11.433645001900215
8.96,7.777377160112869,4.068993987856906,-2.139680229007952,-53.39787829244093,-293.4600855251901,28.13443887666269
8.97,7.58083876509876,3.589423614374793,-1.1555167003819578,-55.30689325588582,-275.59445058454133,42.74763351707985
8.98,7.408867669461415,3.1697995375779433,-0.29437361283421304,-56.97728134890009,-259.96202001147367,55.53417882744486
8.99,7.258392960778738,2.8026284703807,0.4591265887700636,-58.438870930287585,-246.28364326003947,66.72240597401425
9.0,7.126727590681396,2.4813537865831123,1.1184392651738058,-59.71776181400164,-234.31506360253454,76.51210472726247
9.01,7.011520391846221,2.200238438260223,1.69533785702708,-60.83679133725144,-223.84255640221772,85.07809113635466
9.02,6.910714092865444,1.954262508477695,2.200124124898695,-61.81594217009501,-214.67911260194052,92.57332924431032
9.03,6.822508581257263,1.739033569917983,2.6418121092863585,-62.67269914883314,-206.66109927669797,99.13166258877152
9.04,6.745328758600105,1.5507082486782353,3.0282890956255635,-67.460487130229,-176.8340869921107,103.29520526517507
9.05,6.677796413775092,1.3859235925934559,3.366456458672368,-71.64980161395037,-150.73545124309686,106.93830510702819
9.06,6.618705612053206,1.241737018519274,3.662352901338322,-75.31545178720657,-127.89914496270976,110.12601746864965
9.07,6.567001160546555,1.1155737662043648,3.9212622886710315,-78.52289568880575,-107.91737696737103,112.91526578506844
9.08,6.521759765478236,1.0051809204288191,4.147808002587153,-81.32940910270503,-90.43332997144964,115.3558580619349
9.09,6.482173544793456,0.9085871803752168,4.346035502263759,-83.7851083398669,-75.13478885001842,117.49137630419304
9.1,6.447535601694274,0.8240676578283147,4.5194845644807895,-85.93384517238354,-61.74856536876613,119.3599547661689
9.11,6.4172274014824895,0.7501130755997754,4.671252493920691,-87.8139899008356,-50.03561982267036,120.99496092039777
9.12,6.225046476297178,0.8646639411498035,4.3104370571806045,-89.45911653823114,-39.78679246983657,122.42559130534806
9.13,6.0568881667600305,0.9648959485060781,3.994723550033029,-90.89860234595226,-30.819068536107004,123.67739289217957
9.14,5.909749645915026,1.0525989549428183,3.7184742312789,-92.15815242770823,-22.97231009409363,124.77271928065713
9.15,5.781003440175647,1.129339085574966,3.4767560773690374,-93.2602587492447,-16.106396457331925,125.73112987057499
9.16,5.668350510153692,1.1964866998780954,3.2652526926979073,-94.22460178058911,-10.098722025165435,126.56973913675313
9.17,5.569779196384481,1.2552408623933335,3.080187231110669,-95.06840193301548,-4.842006897019756,127.30352224465898
9.18,5.483529296836421,1.3066507545941668,2.918254952221835,-95.80672706638855,-0.24238115989228604,127.94558246407661
9.19,5.408060634731868,1.351634410269896,2.776564208194105,-96.45276155808997,3.78229136009425,128.50738515606704
9.2,5.342025555390384,1.3909951089861592,2.6525848071698417,-86.05429136332873,27.722004690082468,122.71646238655867
9.21,5.284244860966586,1.4254357203628893,2.5441028312736114,-76.95562994291264,48.669253853822156,117.64940496323885
9.22,5.233686753345763,1.4555712553175282,2.4491811023644097,-68.99430120004855,66.99809687209438,113.215729717834
9.23,5.189448409177542,1.4819398484028372,2.3661245895688583,-62.028138550042485,83.03583451308258,109.33626387810475
9.24,5.150739858030349,1.5050123673524827,2.293450140872751,-55.93274623128717,97.06885494894725,105.94173126834164
9.25,5.116869875776555,1.5252008214334223,2.229859998263657,-50.59927795237627,109.34774783032884,102.97151523479894
9.26,5.0872336413044845,1.5428657187542445,2.1742186234806997,-45.932493208329234,120.09177910153772,100.37257620544906
9.27,5.061301936141424,1.558322503909964,2.1255324205456123,-41.84905655728808,129.4928064638455,98.09850455476794
9.28,3.955105819123746,1.9843641909212186,1.7091109929774109,-38.27604948762707,137.71870540586482,96.10869186042194
9.29,2.9871842167332776,2.3571506670560662,1.3447422438552343,-35.149668301673685,144.91636698013173,94.3676057528692
9.3,2.140252814641618,2.683338833674058,1.02591958837333,-32.414084763964475,151.21432085761526,92.84415540876054
9.31,1.3991878378114158,2.9687534794648007,0.7469497648266638,-30.020449168468915,156.72503050041334,91.51113635766546
9.32,0.7507559830849888,3.2184912945317006,0.5028511692233307,-27.926018022410297,161.54690143786166,90.34474468795727
9.33,0.18337811019936517,3.437011882715238,0.2892648980704144,-26.09339076960901,165.76603850812896,89.32415197696261
9.34,-0.3130775285755555,3.628217397375833,0.1023769108116126,-24.48984192340788,169.45778344461283,88.43113335484227
9.35,-0.747476212503611,3.7955222227038536,-0.06115007803983899,-23.086736682981893,172.6880602640362,87.649742060487
9.36,-1.1275750609406596,3.941913944865872,-0.20423619328485915,-10.094644472609156,196.84705348103168,79.49352430292612
9.37,-1.4601615533230772,4.070006701757638,-0.3294365441242518,1.27343621146699,217.98617254590272,72.35683376506036
9.38,-1.7511747341576924,4.182087864037934,-0.4389868511087203,11.220506810033617,236.48290172766488,66.11222954442782
9.39,-2.005811267387981,4.280158881033192,-0.5348433697201302,19.924193583779417,252.66753976170676,60.64820085137434
9.4,-2.2286182339644833,4.365971020904043,-0.618717823505114,27.53991951080699,266.8290980414934,55.86717574495255
9.41,-2.423574329718923,4.441056643291038,-0.6921079705669747,34.203679696956115,279.22046153630674,51.68377877683348
9.42,-2.5941609135040578,4.506756562879659,-0.7563243492461029,40.034469859836605,290.0629045942684,48.02330642972929
9.43,-2.7434241743160506,4.564243992519701,-0.81251368059034,45.136411252357036,299.55004226998483,44.82039312601312
9.44,-4.080810777526544,4.661803993454739,-0.6232377205165476,49.60060997081241,307.8512877362367,42.01784398526148
9.45,-5.251024055335726,4.747168994272896,-0.4576212554519792,53.50678384946086,315.1148775192071,39.56561348710379
9.46,-6.274960673418761,4.821863369988784,-0.3127068485204818,56.92468599327825,321.47051857930626,37.41991180121581
9.47,-7.170905214241416,4.887220948740186,-0.18590674245542158,59.91535036911847,327.031704506893,35.542422826063834
9.48,-7.954856687461239,4.944408830147663,-0.07495664964849388,62.532181697978665,331.89774219353137,33.89961997280585
9.49,-8.640814226528585,4.9944482263792045,0.02212468155756786,64.82190911073133,336.15552516933997,32.46216747620512
9.5,-9.241027073212512,5.038232698081804,0.10707084636287188,66.82542059688991,339.8810852731725,31.20439654167948
9.51,-9.766213314060948,5.076544110821578,0.1813987405675129,68.57849314727868,343.1409503640259,30.103846973969546
9.52,-10.22575127480333,5.11006659696888,0.2464356479965738,71.45993150386884,332.72395831852265,57.00524285222335
9.53,-10.627846990452912,5.1393987723477705,0.30334294199700207,73.98119006588524,323.6090902787073,80.54396424569543
9.54,-10.979680741646298,5.1650644258042995,0.3531368242473768,76.18729130764959,315.6335807438689,101.14034546498351
9.55,-11.287535273940511,5.1875218725787615,0.39670647121645475,78.11762989419339,308.65500990088526,119.16217903186057
9.56,-11.556907989697947,5.207172138506416,0.43482991231439794,79.8066761574192,302.5487604132746,134.931283402878
9.57,-11.792609115985703,5.224366121193114,0.4681879232750982,81.2845916377418,297.20579211161527,148.72924972751824
9.58,-11.99884760148749,5.239410856043975,0.49737618286571095,82.57776768302408,292.53069484766337,160.80247026157846
9.59,-12.179306276301554,5.252574999038478,0.522915910007497,83.70929672264607,288.4399847417054,171.36653822888115
9.6,-12.30975736676386,7.047512749158668,-0.13858557874344013,84.69938463231532,284.86061339899226,180.610097700271
9.61,-12.423902070918377,8.618083280513833,-0.7173993814005102,85.5657115532759,281.7286634741182,188.69821223773712
9.62,-12.52377868705358,9.992332495449604,-1.2238614587254464,86.32374760911641,278.98820728985345,195.77531245801998
9.63,-12.611170726171883,11.194800558518404,-1.6670157763847655,86.98702915797686,276.59030812862176,201.9677751507675
9.64,-12.687638760400398,12.246960113703603,-2.05477580433667,87.56740051322976,274.4921463625441,207.38618000692156
9.65,-12.754548290350348,13.167599724490652,-2.394065828794586,88.07522544907603,272.65625481722606,212.12728425605636
9.66,-12.813094129056555,13.97315938392932,-2.690944600195263,88.51957226794153,271.0498497150728,216.27575047404932
9.67,-12.864321737924486,14.678024085938155,-2.950713525170855,88.90837573444884,269.6442452506887,219.90565841479315
9.68,-12.909145895683926,15.294780700195886,-3.1780113345244985,74.35607864264274,195.82871559435262,203.674325987944
9.69,-12.948367033723436,15.8344427376714,-3.3768969177089363,61.6228186873124,131.24012714505852,189.471910114451
9.7,-12.982685529508007,16.306647020462478,-3.5509218029953193,50.48121622639835,74.7251122519262,177.0447962251446
9.71,-13.012714213319507,16.719825767904666,-3.7031935776209046,40.73231407309856,25.274474220435422,166.17107157200152
9.72,-13.038989311654568,17.081357171916583,-3.8364313804182917,32.20202468896124,-17.994834057119007,156.65656250050134
9.73,-13.061980022697746,17.39769715042701,-3.9530144578660056,24.738021477841084,-55.85547879997913,148.33136706293865
9.74,-13.082096894860527,17.674494631623634,-4.055024650632755,18.20701866811095,-88.98354294998174,141.04682105507132
9.75,-13.099699158002961,17.916692427670682,-4.144283569303661,12.492391209597082,-117.97059908123403,134.67284329818742
9.76,-9.22363201325259,15.692785249211846,-4.123268998140703,7.492092183397446,-143.33427319607978,129.09561276091398
9.77,-5.832073261596015,13.746866468060364,-4.104881248373115,3.1168305354727655,-165.52748804656983,124.21553604079972
9.78,-2.8644593538965135,12.044187534552819,-4.088791967326475,-0.71152340646133,-184.9465510407486,119.94546891069974
9.79,-0.26779718465944935,10.554343467733716,-4.074713846410666,-4.061333105653664,-201.93823116065505,116.20916017186227
9.8,2.004282213422982,9.250729909267001,-4.062395490609332,-6.992416592446956,-216.80595126557319,112.93989002537947
9.81,3.992351686745109,8.110068045608626,-4.051616929283165,-9.557114643391087,-229.81520635737655,110.07927864720703
9.82,5.73191247590197,7.111988914907548,-4.042185688122769,-11.8012254379672,-241.1983045627045,107.57624369130615
9.83,7.254028166414223,6.238669675544105,-4.0339333521074225,-13.7648223832213,-251.15851549236646,105.38608810489288
9.84,8.585879395612444,5.4745153411010925,-4.026712558093995,-20.62359458531864,-271.51120180582063,40.145950091781266
9.85,9.751249221160888,4.805880298463456,-4.020394363332246,-26.62502026215381,-289.319802330093,-16.939170669691393
9.86,10.770947818515777,4.220824636155524,-4.014865942915715,-31.876267729384587,-304.90232778883137,-66.88865133597997
9.87,11.663184091201305,3.7089009316360837,-4.01002857505125,-36.47110926321152,-318.5370375652275,-110.59444691898247
9.88,12.443890829801143,3.260967690181573,-4.0057958781698435,-40.491595605310074,-330.46740861957403,-148.83701805410965
9.89,13.127009226076,2.8690261039088765,-4.002092268398613,-44.009521154646315,-340.9064832921273,-182.29926779734595
9.9,13.7247378228165,2.526077215920267,-3.9988516098487863,-47.08770601031552,-350.0406736306114,-211.5787363226777
9.91,14.247750344964437,2.2259969389302334,-3.996016033617688,-49.78111775902608,-358.033090176785,-237.198271282343
9.92,14.590938176843883,2.027328446563954,-4.164675529415477,-52.13785303914782,-365.02645465468686,-259.6153643720501
9.93,14.891227529738398,1.8534935157434598,-4.312252588238542,-54.19999640925434,-371.145648572851,-279.23032082554386
9.94,15.153980713521097,1.7013879512755274,-4.4413825147087245,-56.00437185809754,-376.49994325124464,-296.39340772235084
9.95,15.38388974933096,1.5682955823660865,-4.5543712003701335,-57.58320037583535,-381.1849510948391,-311.411108757057
9.96,15.58506015566459,1.4518397595703256,-4.653236300323867,-58.964675328855925,-385.28433295798425,-324.55159716242486
9.97,15.761084261206515,1.3499409146240349,-4.739743262783383,-60.17346591274893,-388.87129208823626,-336.0495245171217
9.98,15.915105353555699,1.2607794252960305,-4.81543685493546,-61.23115767365531,-392.0098813272067,-346.11021095248145
9.99,16.049873809361237,1.1827631221340267,-4.8816687480685275,-62.15663796444839,-394.7561469113059,-354.91331158342126
10.0,16.167796208191085,1.1144988568672733,-4.939621654559962,-61.79830871889234,-356.09537879739264,-290.03039701049363
10.01,16.2709783071672,1.0547676247588642,-4.990330447739966,-61.4847706290308,-322.26720669771856,-233.25784675918192
10.02,16.3612626437713,1.002502796664006,-5.034700641772471,-61.21042480040195,-292.66755611050377,-183.58186528928417
10.03,16.44026143829989,0.9567710720810054,-5.0735245615509115,-60.97037220035171,-266.7678618466908,-140.11538150312364
10.04,16.509385383512402,0.9167558130708797,-5.107495491357048,-60.760326175307746,-244.10562936585444,-102.08220819023319
10.05,16.569868835573352,0.8817424614370197,-5.1372200549374165,-60.57653590339428,-224.27617594512265,-68.80318154145405
10.06,16.622791856126685,0.8511057787573924,-5.16322904807024,-60.415719415469994,-206.9254042019823,-39.6840332237723
10.07,16.66909949911085,0.8242986814127183,-5.185986917061459,-60.275004988536246,-191.74347892673453,-14.204778445800766
10.08,14.815465686721994,-0.20794915376387146,-3.548358427428777,-60.15187986496922,-178.45929431089272,8.08956948492433
10.09,13.193536100881746,-1.1111660095433875,-2.11543349900018,-60.04414538184807,-166.83563277203112,27.59712392430879
10.1,11.774347713271528,-1.901480758350464,-0.8616241866251577,-59.94987770911706,-156.66492892552722,44.666234058770186
10.11,10.532557874112587,-2.593006163556656,0.23545896170298708,-59.86739349547743,-147.76556305983632,59.601705426423905
10.12,9.445991764848515,-3.198090893112074,1.1954067164901137,-59.795219808542754,-139.9786179273568,72.67024287312091
10.13,8.49524641924245,-3.727540031473065,2.0353610019288495,-59.73206783247491,-133.16504093643718,84.1052131389808
10.14,7.6633442418371445,-4.190808027538932,2.7703210016877433,-59.67680985341555,-127.20316106938253,94.11081212160819
10.15,6.935429836607502,-4.596167524096566,3.413411001476775,-59.62845912173861,-121.98651618570972,102.86571123140716
10.16,6.298504732031564,-4.950857083584495,3.9761147512921786,-61.896151981521285,-105.62695166249601,103.21999707748125
10.17,5.741195265527619,-5.261210448136433,4.4684805323806565,-63.880383233831125,-91.31233270468401,103.52999719279609
10.18,5.253549482336666,-5.532769642119379,4.899300590833074,-65.61658557960223,-78.78704111659852,103.80124729369658
10.19,4.826859422044583,-5.770383936854457,5.276268141978941,-67.13576263215195,-67.8274109770237,104.0385911319845
10.2,4.45350561928901,-5.97829644474765,5.6061147492315735,-68.46504255313296,-58.23773460489574,104.24626699048645
10.21,4.126821041877884,-6.1602198891541935,5.894730530577627,-69.62816248399135,-49.84676777928377,104.42798336667565
10.22,3.840972036643149,-6.3194029030099195,6.147269339255424,-70.64589242349243,-42.504671806873304,104.58698519584118
10.23,3.5908541570627555,-6.45868804013368,6.368240796848497,-71.53640612055587,-36.08033783101414,104.72611179636104
10.24,3.446428637429911,-6.01883078511697,5.963164822242435,-72.31560560548638,-30.459045602137373,104.84784757181592
10.25,3.320056307751172,-5.633955686977349,5.608723344462131,-72.99740515480059,-25.5404149018702,104.95436637533894
10.26,3.2094805192822755,-5.29718997610518,5.298587051404365,-73.59397976045051,-21.236613039136422,105.04757032842156
10.27,3.112726704371991,-5.002519979092033,5.027217794978819,-74.11598254039419,-17.47078640924437,105.12912378736885
10.28,3.028067116325492,-4.744683731705528,4.789769695606467,-74.57273497284491,-14.175688108088822,105.20048306394776
10.29,2.9539899767848055,-4.519077015242337,4.582002608655659,-74.97239335123929,-11.29247709457772,105.26292243095429
10.3,2.889172479686705,-4.321671138337045,4.400206407573703,-75.32209443233438,-8.769667457755505,105.317556877085
10.31,2.8324571697258665,-4.148940996044915,4.24113473162699,-75.62808287829259,-6.562209025536067,105.36536201744937
10.32,2.782831273510133,-3.9978021215393005,4.101947015173616,-72.52707276850602,4.731817227655942,102.04719189026821
10.33,2.7394086143213663,-3.865555606346888,3.9801577632769143,-69.81368892244276,14.61409019919895,99.14379302898469
10.34,2.7014137875311954,-3.749839905553527,3.8735921678673,-67.43947805713742,23.26107904929908,96.60331902536161
10.35,2.668168314089796,-3.648588667359336,3.7803472718838873,-65.36204354999525,30.8271942931367,94.38040427219141
10.36,2.6390785248285713,-3.5599938339394193,3.6987579878984014,-63.54428835624584,37.447545131494614,92.43535386316749
10.37,2.613624959225,-3.482473354696992,3.6273673644111013,-61.95375256171511,43.24035211505779,90.73343475527156
10.38,2.591353089321875,-3.414642935359868,3.5649005688597137,-60.56203374150072,48.309058225675564,89.24425553586262
10.39,2.5718652031566407,-3.3552913184398845,3.5102421227522496,-59.34427977381313,52.74417607246612,87.9412237188798
10.4,2.5533033027620604,-3.278704653634899,3.3447209824082185,-58.278745052086485,56.624904188407854,86.80107087901983
10.41,2.5370616399168027,-3.2116913219305365,3.199889984607191,-57.34640217057567,60.02054128985687,85.80343714414236
10.42,2.522850184927202,-3.1530546566892195,3.0731628615312925,-56.53060214925371,62.99172375362477,84.93050762612458
10.43,2.5104151618113018,-3.101747574603067,2.9622766288398807,-55.816777130596996,65.59150840942166,84.16669429785901
10.44,2.499534516584889,-3.0568538777776837,2.8652511752348957,-55.19218023927237,67.86631998324395,83.49835763562663
10.45,2.4900139520117777,-3.0175718930554734,2.780353903330534,-54.64565795936332,69.85678011033846,82.9135630561733
10.46,2.481683458010305,-2.983200156423539,2.706068790414217,-54.1674509644429,71.59843272154615,82.40186779915165
10.47,2.4743942757590167,-2.953124886870597,2.6410693166124397,-53.74901984388754,73.12237875635287,81.9541344492577
10.48,2.4680162412891393,-2.9268090260117723,2.5841947770358846,-46.2560173634016,88.23270728680876,69.78924251810048
10.49,2.462435461127997,-2.903782647760301,2.5344295549063993,-39.699640192976396,101.45424475095766,59.14496207833792
10.5,2.457552278486997,-2.8836345667902634,2.4908849855430995,-33.96281016885435,113.02309003208795,49.83121669354568
10.51,2.4532794936761224,-2.8660049959414806,2.452783487350212,-28.943083897747556,123.14582965307696,41.681689481852466
10.52,2.449540806966607,-2.8505791214487957,2.4194446764314357,-24.550823410529112,132.00322682144235,34.55085317162091
10.53,2.446269456095781,-2.8370814812676963,2.3902732168775063,-20.707595484212973,139.75344934376207,28.311371400168294
10.54,2.4434070240838084,-2.8252710461092345,2.364748189767818,-17.344771048686354,146.53489405079182,22.851824850147256
10.55,2.4409023960733323,-2.81493691534558,2.342413791046841,-14.402299667600559,152.46865816944285,18.074721618878847
10.56,1.4757519715641656,-2.5802699259273827,2.163832067165986,-11.827637209150488,157.6607017732625,13.894756291518991
10.57,0.631245350118645,-2.37493631018646,2.007573058770238,-9.574807558006679,162.2037399266047,10.237286630079119
10.58,-0.10769794364618557,-2.1952693964131527,1.8708464264239582,-7.603581613255844,166.17889831077912,7.037000676319228
10.59,-0.7542733256904124,-2.0380608468615087,1.7512106231209634,-5.878758911598863,169.65716189693174,4.236750466779324
10.6,-1.3200267849791107,-1.9005033660038202,1.646529295230843,-4.369539047649005,172.70064253481527,1.786531533431909
10.61,-1.8150610618567218,-1.7801405702533428,1.5549331333269876,-3.0489716666928794,175.36368809296337,-0.35741003324707954
10.62,-2.248216054124631,-1.674823123971675,1.4747864916611142,-1.8934752083562696,177.69385295634294,-2.2333589040911948
10.63,-2.6272266723590523,-1.5826703584752158,1.404658180203475,-0.8824158073117359,179.73274721180007,-3.8748141660797955
10.64,-2.958860963314171,-1.5020366886658139,1.3432959076780406,4.617886418602231,199.13490268532507,-4.195462395319821
10.65,-3.2490409678998997,-1.4314822275825871,1.2896039192182855,9.430650866276952,216.11178872465945,-4.476029595904843
10.66,-3.502948471912412,-1.369747074134764,1.242623429316,13.641819757992334,230.96656400907702,-4.721525896416738
10.67,-3.725117537923361,-1.3157288148679185,1.2015155006515,17.32659253824329,243.96449238294238,-4.936335159364646
10.68,-3.919515470682941,-1.2684628380094287,1.1655460630700625,20.55076872096288,255.33767971007458,-5.124293264444065
10.69,-4.089613661847573,-1.2271051082582503,1.1340728051863047,23.37192288084252,265.2892186213153,-5.2887566063885565
10.7,-4.238449579116627,-1.190917094725969,1.1065337045380166,25.840432770737202,273.99681516865087,-5.432662030589986
10.71,-4.368681006727049,-1.1592525828852231,1.0824369914707646,28.00037892439505,281.6159621475695,-5.558579276766237
10.72,-4.825875005886168,-0.3994223850245703,0.5515277425369189,29.89033180884567,288.28271575412333,-5.668756867170457
10.73,-5.225919755150397,0.265429038103501,0.08698214971980406,31.54404058273996,294.1161251598579,-5.76516225877415
10.74,-5.575958910756596,0.8471740333405633,-0.31949524399517143,32.991035759897464,299.2203583898757,-5.849516976427381
10.75,-5.882243171912021,1.3562009041729928,-0.675162963495775,34.257156539910284,303.6865624661412,-5.923327354373958
10.76,-6.150241900423018,1.8015994161513684,-0.986372218058803,35.3650122224215,307.5944910328735,-5.987911435077213
10.77,-6.3847407878701405,2.191323114132447,-1.2586803158014526,36.33438594461881,311.0139285287643,-6.044422505692561
10.78,-6.589927314386372,2.532331349865891,-1.496949901326271,37.18258795154146,314.0059363376688,-6.0938696924809905
10.79,-6.7694655250880755,2.8307135561326544,-1.7054357886604872,37.924764707598776,316.6239431704602,-6.137135980920866
10.8,-6.926561459452066,3.0917979866160725,-1.8878609400779263,31.985418994148926,305.92970014915267,27.83188001669424
10.81,-7.0640204020205575,3.3202468632890634,-2.0474829475681853,26.78849149488031,296.57223750550855,57.55476901460746
10.82,-7.184296976767987,3.52013963037793,-2.187152204122162,22.241179933020273,288.38445769232,83.56229688778151
10.83,-7.289538979671988,3.695045801580689,-2.309362803606892,18.26228231639274,281.22015035578,106.31888377680883
10.84,-7.3816257322129895,3.8480887013831024,-2.4162970781560302,14.780746901843646,274.9513814363075,126.23089730470772
10.85,-7.462201640686366,3.9820012387102146,-2.509864568386526,11.73440341411319,269.46620863176906,143.65390914161927
10.86,-7.5327055606005695,4.099174708871438,-2.5917361223382103,9.068852862349042,264.6666824277979,158.89904449891685
10.87,-7.594396490525498,4.201701495262508,-2.6633737320459336,6.7364961295554115,260.4670969993232,172.23853793655226
10.88,-7.884183179209811,4.320698933354695,-2.692186140540192,4.695683988360985,256.7924597494078,183.91059469448322
10.89,-8.137746531808585,4.424821691685358,-2.717396997972668,2.909973364815862,253.57715215573182,194.12364435767282
10.9,-8.35961446533251,4.515929105224688,-2.7394564982260845,1.347476569213879,250.76375801126537,203.0600628129637
10.91,-8.553748907165946,4.5956480920716025,-2.758758560947824,-0.01970812693785584,248.3020381348572,210.87942896134325
10.92,-8.723616543770204,4.6654022055626525,-2.7756478658293458,-1.215994736070624,246.14803324300007,217.72137434117533
10.93,-8.872250725798928,4.726437054867321,-2.7904260076006775,-2.262745519061796,244.26327896262507,223.70807654852842
10.94,-9.002305635074062,4.779842548008906,-2.8033568816505925,-3.1786524541790717,242.61411896729695,228.94644097996238
10.95,-9.116103680689804,4.8265723545077925,-2.8146713964442682,-3.9800710224066878,241.17110397138484,233.5300098574671
10.96,-9.215676970603578,4.867460935194319,-2.8245715968887346,-24.60943689460585,184.18409084996173,241.58750950028372
10.97,-9.30280359927813,4.903238443295029,-2.8332342722776427,-42.66013203278012,134.32045436871653,248.63782168774827
10.98,-9.379039399368363,4.93454376288315,-2.840814113242937,-58.454490278682606,90.68977244762695,254.80684485177972
10.99,-9.445745724447317,4.961935917522756,-2.84744647408757,-72.27455374384728,52.512925766673575,260.20474012030724
11.0,-9.504113758891402,4.985904052832411,-2.8532497898266236,-84.36710927586637,19.10818492083938,264.9278984802688
11.01,-9.555185789029975,5.00687617122836,-2.8583276910982955,-94.94809536638307,-10.120963319265542,269.06066204523523
11.02,-9.599873815401228,5.025226774824815,-2.8627708547110085,-104.20645819558518,-35.69646802935735,272.67683016458085
11.03,-9.638975838476075,5.041283552971713,-2.8666586228721322,-112.30752567113704,-58.075034650687684,275.84097726900825
11.04,-6.296390608666566,5.091451733850249,-2.6516672950131155,-119.39595971224492,-77.65628044435172,278.6096059853822
11.05,-3.3716285325832454,5.135348892118968,-2.463549883136476,-125.5983394982143,-94.78987051380776,281.0321561122094
11.06,-0.8124617160103398,5.173758905604096,-2.2989471477444163,-131.02542181093753,-109.78176182458179,283.15188747318325
11.07,1.4268092484909527,5.2073676674035845,-2.154919754276364,-135.77411883457034,-122.89966672150908,285.00665241403533
11.08,3.3861713424295834,5.2367753339781355,-2.0288957849918186,-139.92922873024906,-134.37783350632043,286.6295717372809
11.09,5.100613174625885,5.262507042230869,-1.9186248118678413,-143.56494988896793,-144.42122944303037,288.0496261451208
11.1,6.60074977779765,5.28502228695201,-1.822137710384361,-146.74620590284695,-153.20920088765158,289.29217375198067
11.11,7.913369305572943,5.304723126083008,-1.7377114965863159,-149.52980491499108,-160.89867590169513,290.3794029079831
11.12,9.061911392376325,5.321961360322632,-1.6638385595130263,-119.42420455061719,-154.19134153898324,205.1738512944852
11.13,10.066885718329285,5.337044815282303,-1.599199739573898,-93.08180423179004,-148.32242397161036,130.61899363267452
11.14,10.946238253538123,5.350242838372015,-1.5426407721271607,-70.03220395281627,-143.18712110015906,65.38349317859019
11.15,11.715671721845858,5.361791108575513,-1.4931516756112655,-49.86380370871424,-138.69373108763918,8.30243028126641
11.16,12.388926006615126,5.371895845003573,-1.4498487161598572,-32.21645349512496,-134.76201482668426,-41.643499753891895
11.17,12.978023505788236,5.380737489378127,-1.411958626639875,-16.775022058234338,-131.32176309834875,-85.34618853465541
11.18,13.493483817564709,5.388473928205862,-1.3788047983098906,-3.263769550955045,-128.31154283605514,-123.58604121782349
11.19,13.944511590369121,5.3952433121801295,-1.3497951985211543,8.558576392914336,-125.67760010654824,-157.04591231559556
11.2,11.08933314157298,4.410131273157614,-3.7478849237060103,18.903129093800047,-123.37290021822972,-186.32329952614612
11.21,8.591051998876358,3.548158239012912,-5.8462134332427595,27.954612707075043,-121.356287815951,-211.94101333537787
11.22,6.405055999016813,2.793931834136298,-7.682250879087414,35.87466086869066,-119.59175196395714,-234.35651291845565
11.23,4.492309499139712,2.1339837298692608,-9.288783644201487,42.80470301010433,-118.0477830934625,-253.9700750536487
11.24,2.8186563117472483,1.5565291386356033,-10.694499813676302,48.86848988384129,-116.69681033177969,-271.1319419219426
11.25,1.3542097727788425,1.051256371306153,-11.924501461966765,54.17430339836113,-115.51470916530722,-286.1485754316998
11.26,0.07281905118148724,0.6091426998928838,-13.000752904220919,58.81689022356599,-114.48037064464383,-299.2881297527373
11.27,-1.0483978302161985,0.22229323740627338,-13.942472916193305,62.87915369562024,-113.57532443906335,-310.7852397836451
11.28,-2.0294626014391737,-0.1162000422695108,-14.766477926669141,49.84800923366771,-148.53153400918043,-260.5489593106895
11.29,-2.887894276259277,-0.41238166198582193,-15.4874823108355,38.44575782945925,-179.11821738303288,-216.5922138968533
11.3,-3.6390219917268674,-0.6715405792375941,-16.118361146981062,28.46878785077684,-205.88156533515377,-178.13006165974664
11.31,-4.296258742761009,-0.8983046318328949,-16.67038012860843,19.738939119429737,-229.29949479325956,-144.47567845227832
11.32,-4.871340899915883,-1.0967231778537831,-17.153396737532375,12.10032147950102,-249.7901830691021,-115.02809314574353
11.33,-5.374537787426397,-1.2703394056220603,-17.57603627034083,5.416531044563392,-267.7195353104644,-89.26145600252559
11.34,-5.814835063998097,-1.4222536049193026,-17.945845861548225,-0.4317855860070319,-283.4077185216563,-66.71564850220989
11.35,-6.200095180998335,-1.5551785293043898,-18.269429253854696,-5.549062637756153,-297.13487883144927,-46.98806693943365
11.36,-4.681689908373543,-1.740069838141341,-14.78548184712286,-10.026680058036634,-309.14614410251806,-29.72643307200444
11.37,-3.35308529482685,-1.9018497333736735,-11.737027866232502,-13.944595300782055,-319.65600121470334,-14.622503438003884
11.38,-2.1905562579734936,-2.043407141701964,-9.06963063295344,-17.372771138184298,-328.85212618786545,-1.4065650082533985
11.39,-1.1733433507268067,-2.1672698739892184,-6.7356580538342605,-20.37242499591126,-336.8987355393823,10.157381117778275
11.4,-0.28328205688595587,-2.275649764740566,-4.693432047104978,-22.99712212142235,-343.93951872195953,20.275833978055992
11.41,0.4955215752247886,-2.370482169147995,-2.906484291216856,-25.293732106244555,-350.10020400671453,29.12948023079899
11.42,1.17697475332169,-2.453460523004496,-1.3429050048147488,-27.303265842963985,-355.49080363087523,36.876420701949115
11.43,1.7732462841564787,-2.526066582628934,0.025226870787094846,-29.061607862593487,-360.2075783020158,43.65499361420548
11.44,2.294983873636919,-2.5895968848003172,1.2223422619387079,-41.174531754769305,-330.1528815142638,42.271244662429794
11.45,2.7515042644323042,-2.6451858992002775,2.2698182291963693,-51.773340160423146,-303.85502182498084,41.06046432962607
11.46,3.150959606378266,-2.6938262868002427,3.186359700546823,-61.04729751537026,-280.84439459685825,40.00103153842281
11.47,3.500483030580983,-2.7363866259502125,3.98833348797847,-69.16201020094898,-260.71009577225095,39.07402784611996
11.48,3.8063160267583602,-2.773626922706436,4.690060551981161,-76.26238380083036,-243.09258430071958,38.26289961535497
11.49,4.073919898413565,-2.8062121823681316,5.304071732983516,-82.47521070072658,-227.67726176312962,37.5531624134356
11.5,4.30807328611187,-2.8347242845721152,5.841331516360577,-87.91143423813575,-214.18885454273843,36.93214236175615
11.51,4.512957500347886,-2.859672374000601,6.311433826815505,-92.6681298333688,-202.38649822489612,36.38874981653663
11.52,4.1916049378044,-2.9150592022505255,6.283761473463567,-96.8302384791977,-192.0594364467841,35.91328133946955
11.53,3.91042144557885,-2.96352267696921,6.259548164280621,-100.47208354429799,-183.0232573909361,35.49724642203586
11.54,3.6643858898814936,-3.0059282173480586,6.238361518745543,-103.65869797626074,-175.11660071706908,35.13321586928137
11.55,3.4491047786463067,-3.0430330651795514,6.21982320390235,-106.44698560422815,-168.19827612743543,34.8146891356212
11.56,3.260733806315518,-3.0754998070321076,6.203602178414556,-108.88673727869963,-162.144742111506,34.53597824366855
11.57,3.095909205526078,-3.103908206153094,6.1894087811127365,-111.02151999386217,-156.84789984756773,34.29210621320998
11.58,2.9516876798353184,-3.128765555383957,6.176989558473644,-112.8894548696294,-152.21316286662176,34.07871818655873
11.59,2.8254938448559037,-3.1505157359609623,6.166122738664439,-114.52389788592573,-148.15776800829403,33.892003663238896
11.6,2.7150742392489158,-3.169547143965842,6.156614271331383,-112.07341052518501,-121.50929713225729,36.576753330334036
11.61,2.618457084342801,-3.1861996259701115,6.14829436241496,-109.92923408453689,-98.19188511572513,38.92590928904228
11.62,2.533917073799951,-3.2007705477238475,6.14101444211309,-108.05307969896977,-77.7891496012595,40.981420752911994
11.63,2.4599445645749567,-3.2135201042583663,6.134644511848954,-106.41144461159854,-59.93675602610206,42.77999328379799
11.64,2.395218619003087,-3.2246759662260707,6.129070822867835,-104.97501391014872,-44.3159116478393,44.353744248323245
11.65,2.3385834166277006,-3.234437345447812,6.124193845009356,-103.71813704638012,-30.647672816859387,45.73077634228284
11.66,2.289027614549238,-3.2429785522668353,6.119926489383186,-102.6183697905826,-18.687963839751962,46.93567942449748
11.67,2.2456662877305833,-3.250452108233481,6.116192553210287,-101.65607344175977,-8.223218484782965,47.98996962143529
11.68,1.9506367517642604,-3.2249399697042955,5.760758109059001,-100.8140641365398,0.9334337008149056,48.91247354375588
11.69,1.6924859077937278,-3.2026168484912585,5.449752970426626,-100.07730599447231,8.945504363213043,49.719664475786395
11.7,1.4666039193195117,-3.1830841174298508,5.177623474123298,-99.43264262016326,15.956066192811413,50.4259565413131
11.71,1.2689571794045726,-3.1659929777511193,4.939510164857886,-98.86856216764285,22.090307793709986,51.04396209864896
11.72,1.096016281979001,-3.1510382305322295,4.73116101925065,-98.37499177168749,27.457769194496237,51.58471696131784
11.73,0.9446929967316259,-3.1379528267157006,4.548855516844319,-97.94311767522655,32.154297920184206,52.05787746615311
11.74,0.8122851221401727,-3.1265030983762383,4.389338202238779,-97.56522784082323,36.263760555161184,52.47189290788397
11.75,0.6964282318726511,-3.116484586079208,4.249760551958932,-97.23457423572032,39.85954036076603,52.834156419398475
11.76,0.5950534528885698,-3.1077183878193066,4.127630107964066,-92.70150220625528,47.55584819067028,52.30238699197366
11.77,0.5063505212774987,-3.1000479643418934,4.020765969468558,-88.73506418047337,54.290117541836494,51.83708874297695
11.78,0.42873545611781133,-3.093336343799157,3.9272598482849883,-85.2644309079142,60.182603224106934,51.42995277510483
11.79,0.36082227410308493,-3.087463675824262,3.8454419922493646,-82.22762679442494,65.33852819609356,51.073708803216725
11.8,0.3013982398401993,-3.0823250913462292,3.7738513682181942,-79.57042319512182,69.84996254658188,50.76199532781463
11.81,0.24940220986017442,-3.0778288299279506,3.7112095721909197,-77.24537004573159,73.79746760325915,50.4892460368378
11.82,0.2039056836276526,-3.0738946011869563,3.6563980006670547,-75.21094854001515,77.25153452785176,50.25059040723307
11.83,0.16409622317419603,-3.0704521510385865,3.608437875583673,-73.43082972251327,80.2738430868703,50.041766731328934
11.84,-0.18582280472257848,-2.995830132158763,3.090090391135714,-71.87322575719911,82.9183630760115,49.85904601491281
11.85,-0.49200195413225617,-2.9305358656389178,2.6365363422437498,-70.51032228754922,85.23231806651006,49.69916538804871
11.86,-0.7599087098657242,-2.873403382434053,2.239676549463281,-69.31778175160557,87.2570286831963,49.55926983954262
11.87,-0.9943271211325087,-2.8234124596297967,1.8924242307803707,-68.27430878265487,89.02865047279676,49.436861234599796
11.88,-1.199443230990945,-2.7796704021760723,1.5885784519328243,-67.36126993482301,90.57881953869716,49.32975370527482
11.89,-1.378919827117077,-2.741396101904063,1.3227133954412214,-66.56236094297014,91.93521747136,49.236034617115465
11.9,-1.5359618487274425,-2.7079060891660554,1.0900814710110687,-65.86331557509888,93.12206566244001,49.15403041497603
11.91,-1.6733736176365122,-2.6786023280202986,0.886528537134685,-65.25165087821152,94.160557829635,49.08227673810402
11.92,-1.7936089154319481,-2.6529615370177613,0.7084197199928494,-59.70269451843508,107.82673922593062,47.35699214584102
11.93,-1.8988148010029546,-2.630525844890541,0.5525745049937432,-54.8473577036307,119.7846479476893,45.84736812761089
11.94,-1.9908699508775853,-2.610894614279223,0.41620994186952526,-50.598937990676866,130.24781807922813,44.526447111659536
11.95,-2.0714182070178873,-2.5937172874943197,0.2968909491358346,-46.88157074184226,139.40309194432461,43.37064122270209
11.96,-2.1418979311406514,-2.5786871265575293,0.19248683049385523,-43.62887439911198,147.41395657628402,42.35931106986433
11.97,-2.20356768974807,-2.5655357357378383,0.10113322668212334,-40.782765099222985,154.42346312924855,41.474397186131284
11.98,-2.257528728529561,-2.554028268770608,0.021198823346857923,-38.29241946182012,160.55678136309245,40.70009753786488
11.99,-2.304744637463366,-2.543959235174282,-0.048743779571499314,-36.1133670290926,165.92343481770592,40.02258534563177
12.0,-2.912964682780445,-1.8400455807774967,-0.16950818212506188,-34.206696150456025,170.61925659049268,39.42976217742779
12.01,-3.44515722243289,-1.2241211331803097,-0.27517703435942914,-32.538359131649024,174.72810064168112,38.91104190524932
12.02,-3.9108256946287785,-0.685187241532771,-0.36763728006450047,-31.078564240192897,178.323339186471,38.45716166709316
12.03,-4.318285607800181,-0.2136200863411747,-0.4485399950564379,-29.801243710168784,181.46917291316214,38.060016458706514
12.04,-4.674813031825159,0.19900117445147214,-0.5193298706743832,-28.683588246397683,184.22177742401686,37.712514401368196
12.05,-4.986774527847014,0.5600447776450381,-0.5812710118400852,-27.705639715597975,186.63030637101474,37.408450101197175
12.06,-5.259740836866137,0.8759579304394083,-0.6354695103600745,-26.849934751148226,188.7377691996379,37.142393838547534
12.07,-5.49858635725787,1.1523819391344823,-0.6828931965650651,-26.1011929072547,190.58179917468317,36.909594608729094
12.08,-5.707576187600636,1.394252946742672,-0.724388921994432,-9.035418793847862,205.39469840284778,49.23152003263796
12.09,-5.890442289150556,1.6058900783998382,-0.7606976817451279,5.89713355538312,218.3559852274918,60.01320477855822
12.1,-6.050450128006736,1.7910725685998585,-0.7924678465269868,18.96311686096023,229.6971111990553,69.44717893123844
12.11,-6.190456987005894,1.9531072475248763,-0.8202667407111135,30.395852253340202,239.62059642417339,77.70190631483364
12.12,-6.312962988630157,2.094887591584267,-0.8445907731222242,40.39949572167268,248.30364599615172,84.92479277547943
12.13,-6.420155740051388,2.2189453926362335,-0.8658743014819461,49.152683756463595,255.90131437163274,91.2448184285445
12.14,-6.513949397544964,2.3274959685567045,-0.8844973887967029,56.81172328690565,262.5492742001787,96.77484087497645
12.15,-6.596018847851844,2.4224777224871166,-0.900792590197115,63.51338287604244,268.36623905015637,101.61361051560439
12.16,-8.524356741870363,1.993137132176227,-0.029203266422475616,69.37733501653713,273.4560832938868,105.84753395115385
12.17,-10.211652399136568,1.6174641156541987,0.7334373918803339,74.50829313946998,277.90969700715095,109.55221695725962
12.18,-11.688036099244497,1.2887502261974237,1.400747967895292,78.99788149703623,281.8066090062571,112.79381458760217
12.19,-12.979871836838935,1.0011255729227457,1.9846447219083805,82.9262713099067,285.21640700547493,115.6302125141519
12.2,-14.110228107234068,0.7494540013074025,2.495554381669833,86.36361239616835,288.19998025479055,118.11206069988292
12.21,-15.09928984382981,0.5292413761439771,2.9426003339611038,89.3712858466473,290.81060684794176,120.28367786239755
12.22,-15.964718863351084,0.33655532912598,3.333765542215966,92.00300011581638,293.09490511694906,122.18384287959786
12.23,-16.7219692554322,0.16795503798523254,3.6760350994389706,94.30575010133933,295.0936661023304,123.84648726964814
12.24,-17.384563348503175,0.020429783237078475,3.9755209620090994,68.77565608867192,248.7482079645391,165.86192873594212
12.25,-17.964333179940276,-0.10865481466755632,4.237571091757962,46.436823827587936,208.19593209397172,202.62544001894935
12.26,-18.471631782447744,-0.22160383783411175,4.466864955288217,26.890345599139444,172.71269070722525,234.7935123915807
12.27,-18.915518059641776,-0.32043423310484775,4.66749708587719,9.787177149247015,141.6648544938221,262.9405757176331
12.28,-19.303918552186552,-0.40691082896674174,4.8430502001425415,-5.178095244408862,114.49799780709435,287.56925612792895
12.29,-19.643768983163234,-0.482577850345899,4.996659175124724,-18.272708588857753,90.72699820620755,309.11935148693783
12.3,-19.94113811026783,-0.5487864940526617,5.131067028234133,-29.730495265250532,69.92737355543161,327.9756849260706
12.31,-20.201336096484347,-0.606719057296079,5.248673899704866,-39.75605860709422,51.727701986002664,344.47497668531173
12.32,-15.535598709423805,0.8453579498659309,4.674254537241758,-48.52842653120744,35.80298936275233,358.9118569746477
12.33,-11.45307849574583,2.1159253311326895,4.171637595086539,-56.204248464806504,21.868865817408285,371.5441272278167
12.34,-7.880873308777602,3.2276717897411036,3.7318477707007216,-62.92059265670569,9.67650771523225,382.5973636993396
12.35,-4.7551937701804015,4.200449941023466,3.3470316743631314,-68.79739382461747,-0.9918056241717821,392.26894561192216
12.36,-2.020224173907852,5.051630823395533,3.01031759006774,-73.93959484654029,-10.326579796150309,400.73157978543185
12.37,0.37287422283062943,5.796414095471092,2.7156927663092727,-78.43902074072275,-18.49450719663152,408.13638468725287
12.38,2.4668353199768007,6.448099458537206,2.4578960455206134,-82.3760183981324,-25.64144367205258,414.61558897634626
12.39,4.2990512799797,7.018324151220055,2.2323239148305367,-85.82089134836585,-31.895013088046007,420.28489272930295
12.4,5.902240244982238,7.517270757317548,2.0349483004767195,-78.27390505482012,-54.630636827040256,361.5017810131401
12.41,7.305030589359458,7.953849037652855,1.8622446379171296,-71.6702920479676,-74.52430759866023,310.06655826149756
12.42,8.532472140689524,8.335855032946247,1.7111289331774884,-65.89213066697165,-91.9312695238277,265.0607383538104
12.43,9.606483498103334,8.670110278827966,1.5789026915303024,-60.8362394586002,-107.16236120834922,225.6806459345841
12.44,10.546243435840417,8.96258361897447,1.4632047300890145,-56.412334651275174,-120.48956643230557,191.2230650677611
12.45,11.368533381360365,9.218497791602662,1.3619690138278877,-52.54141794486578,-132.15087100326738,161.07268180929097
12.46,12.088037083690319,9.442422692652329,1.2733877620994016,-49.154365826757555,-142.35451250285897,134.6910964581296
12.47,12.717602823229027,9.638356981070787,1.1958791668369764,-46.19069522341286,-151.2826988150016,111.60720927586341
12.48,10.189259095325399,2.8166614834369392,0.9762143959823544,-43.597483445486255,-159.0948618381264,91.40880799138048
12.49,7.9769583334097245,-3.152322076992678,0.7840077214845601,-41.32842313980047,-165.9305044833606,73.73520686745792
12.5,6.041195166733509,-8.375182692368593,0.6158268812989901,-39.34299537232541,-171.91169179794053,58.27080588402568
12.51,4.34740239589182,-12.94518573082252,0.4686686461366163,-37.60574607578474,-177.145230698198,44.73945502352247
12.52,2.865333721405343,-16.943938389469704,0.33990519036953926,-36.08565294131164,-181.72457723592325,32.89952302058216
12.53,1.5685236312296755,-20.44284696578599,0.22723716657334686,-34.755571448647686,-185.73150545643284,22.53958251800939
12.54,0.43381480232596614,-23.50439197006274,0.1286526457516785,-33.591750142566724,-189.23756764937875,13.474634578258216
12.55,-0.5590554229647795,-26.1832438488049,0.042391190032718684,-32.573406499745886,-192.30537206820642,5.542805130975939
12.56,-1.427816870094182,-28.527239242704287,-0.033087583721371154,-24.944855687277652,-193.31407630968062,9.675579614603947
12.57,-2.1879831363324094,-30.57823521236625,-0.09913151075619976,-18.269873726367948,-194.19669252097054,13.291757287778454
12.58,-2.853128619290858,-32.372856685820466,-0.1569199469116748,-12.429264510571954,-194.96898170584922,16.455912751806146
12.59,-3.435130916879501,-33.94315047509291,-0.20748482854771544,-7.31873144675046,-195.64473474261806,19.224548782830375
12.6,-3.944382927269563,-35.31715754070629,-0.251729099979251,-2.8470150159066527,-196.2360186497908,21.64710530997658
12.61,-4.389978436360868,-36.51941372311801,-0.29044283748184463,1.0657368610816786,-196.75339206856694,23.766842271229507
12.62,-4.7798745068157595,-37.57138788272825,-0.3243173577966141,4.489394753446469,-197.20609380999608,25.62161211232582
12.63,-5.1210335684637895,-38.49186527238722,-0.3539575630720373,7.48509540926566,-197.60220783374658,27.244535723285097
12.64,-4.787215747405816,-32.69142023833882,-0.21981049268803263,10.106333483107452,-197.94880760452824,28.664593882874463
12.65,-4.495125153980089,-27.616030833546468,-0.10243180610202854,12.39991679771902,-198.25208240396222,29.907144772515153
12.66,-4.2395458847325775,-23.17506510435316,0.0002745446607250318,14.406802198004144,-198.51744785346693,30.99437680095076
12.67,-4.015914024141005,-19.289220091309012,0.0901426015781344,16.162826923253625,-198.74964262178358,31.945704825831918
12.68,-3.8202361461233796,-15.889105704895387,0.16877715138086763,17.699348557846925,-198.95281304406063,32.77811684760293
12.69,-3.6490180028579573,-12.914005616783465,0.2375823824582592,19.043804988116058,-199.13058716355306,33.50647736665257
12.7,-3.4992021275007126,-10.310793039685532,0.2977869596509768,20.22020436460155,-199.2861395181089,34.143792820821
12.71,-3.3681132365631234,-8.03298203472484,0.35046596469460467,21.249553819026353,-199.4222478283453,34.70144384321837
12.72,-3.253410456992733,-6.039897405384235,0.39656009410777904,16.25273471664806,-193.34634222480213,46.813763362816076
12.73,-3.1530455248686415,-4.295948354711205,0.4368924573443067,11.880518002067053,-188.02992482170185,57.41204294246407
12.74,-3.0652262092600613,-2.7699929353723043,0.47218327517626835,8.054828376808672,-183.37805959398912,66.68553757465607
12.75,-2.9883843081025536,-1.4347819434507663,0.5030627407792349,4.707349954707588,-179.30767751974048,74.79984537782406
12.76,-2.9211476445897344,-0.26647232551942057,0.5300822731818305,1.7783063353691397,-175.7460932047729,81.89986470559604
12.77,-2.8623155640160176,0.755798590170507,0.5537243640341017,-0.7846068315520027,-172.62970692917628,88.11238161739654
12.78,-2.8108374935140152,1.6502856413991935,0.574411193529839,-3.0271558526080025,-169.90286893802923,93.54833391522197
12.79,-2.7657941818247633,2.4329618112242946,0.5925121693386092,-4.9893862460320015,-167.51688569577556,98.30479217581923
12.8,-0.5254210340966681,2.8146662098212576,1.160908273171283,-6.706337840278001,-165.4291503588036,102.46669315384183
12.81,1.4349054701654154,3.1486575585936003,1.6582548640248724,-8.208670485243251,-163.60238193895316,106.10835650961161
12.82,3.1501911613947384,3.4408999887694,2.0934331310217633,-9.523211549587845,-162.003959571584,109.29481194591015
12.83,4.651066141220396,3.696612115173225,2.474214114644043,-10.673434980889365,-160.605340000136,112.08296045267139
12.84,5.964331748567846,3.920360225776572,2.807397475313538,-11.679880483278193,-159.381547875119,114.52259039608747
12.85,7.113439154996866,4.1161398225545005,3.0989329158993457,-12.560520297868418,-158.31072976572912,116.65726659657653
12.86,8.118908135622258,4.287446969735187,3.3540264264119273,-13.331080135634865,-157.37376392001298,118.52510827200447
12.87,8.998693493669476,4.43734072351829,3.5772332481104363,-14.005319993680507,-156.55391880501134,120.15946973800392
12.88,9.768505681960791,4.568497758078504,3.772539217096632,-6.995904994470444,-139.5134290793849,116.02016139575342
12.89,10.442091346715692,4.683260163318691,3.9434319399595528,-0.8626668701616387,-124.6030005694618,112.39826659628423
12.9,11.03147880337623,4.783677267903855,4.092963072464609,4.503916488608566,-111.55637562327908,109.2291086467487
12.91,11.5471928279542,4.871542234415873,4.223802813406532,9.199676927532495,-100.1405787953692,106.4560954409051
12.92,11.998442599459924,4.94842408011389,4.338287586730716,13.308467311590935,-90.15175657094805,104.02970888579196
12.93,12.393286149527434,5.015695695099653,4.438461763389377,16.903658897642067,-81.41153712457955,101.90662065006796
12.94,12.738774255836505,5.074558358212197,4.526114167965705,20.04945153543681,-73.76384510900711,100.04891844380947
12.95,13.041076348856942,5.126063188435673,4.602810021969992,22.802020093507206,-67.07211459538122,98.42342901333328
12.96,12.381261805249823,5.4900604148812135,4.244067019223743,25.210517581818806,-61.21685039595857,97.00112576166661
12.97,11.803924079593594,5.808557988021062,3.9301668918207753,27.317952884091454,-56.09349422146376,95.75661041645829
12.98,11.298753569644393,6.087243364518429,3.6555042803431785,29.16195877358002,-51.61055756878079,94.66765948940099
12.99,10.856729373438844,6.331093068953625,3.415174495300281,30.77546392688252,-47.687987997683194,93.71482742822586
13.0,10.469958201758988,6.544461560334422,3.204885933387746,32.187280936022205,-44.2557396229728,92.88109937469763
13.01,10.131533426539114,6.731158990292619,3.020883441714278,33.42262081901943,-41.2525222951012,92.15158732786041
13.02,9.835411748221725,6.894519241506042,2.8598812614999933,34.503543216642,-38.624707133213555,91.51326428687786
13.03,9.576305279694008,7.037459461317787,2.7190043538124944,35.44935031456175,-36.32536886656186,90.95473162601812
13.04,9.349587119732256,7.162532153653063,2.595737059585933,34.75443165024153,-30.78282275824163,82.73539017276586
13.05,9.151208729765722,7.271970759446431,2.4878781771376914,34.146377818961334,-25.933094913461424,75.54346640117014
13.06,8.977627638545005,7.367729539515627,2.39350165499548,33.61433071659117,-21.689583049278745,69.25053310102388
13.07,8.82574418372688,7.451518472076173,2.3109221981210455,33.14878950201727,-17.9765101681189,63.744216463395894
13.08,8.692846160761018,7.524833788066651,2.238665173355915,32.74144093926511,-14.727571397104038,58.926189405471405
13.09,8.57656039066589,7.58898468955832,2.175440276686426,32.38501094685697,-11.884749972466032,54.71041572978748
13.1,8.474810341832653,7.64511672836353,2.1201184921006226,32.07313470349985,-9.397281225907777,51.02161376356404
13.11,8.38577904910357,7.6942322623180885,2.071711930588045,31.800242990562374,-7.220746072669305,47.79391204311853
