time,ax_filtered,ay_filtered,az_filtered,wx_filtered,wy_filtered,wz_filtered
0.0,-2.375048,-2.599145,15.363113,18.83,-41.965,-6.09
0.01,-2.375048,-2.599145,15.363113,18.83,-41.965,-6.09
0.02,-2.375048,-2.599145,15.363113,18.83,-41.965,-6.09
0.03,-2.375048,-2.599145,15.363113,18.83,-41.965,-6.09
0.04,-2.375048,-2.599145,15.363113,18.83,-41.965,-6.09
0.05,-2.375048,-2.599145,15.363113,18.83,-41.965,-6.09
0.06,-2.375048,-2.599145,15.363113,18.83,-41.965,-6.09
0.07,-2.375048,-2.599145,15.363113,18.83,-41.965,-6.09
0.08,-2.375048,-2.599145,15.363113,18.83,-41.965,-6.09
0.09,-2.375048,-2.599145,15.363113,18.83,-41.965,-6.09
0.1,-2.375048,-2.599145,15.363113,18.83,-41.965,-6.09
0.11,-2.375048,-2.599145,15.363113,18.83,-41.965,-6.09
0.12,-2.375048,-2.599145,15.363113,18.83,-41.965,-6.09
0.13,-2.375048,-2.599145,15.363113,18.83,-41.965,-6.09
0.14,-2.375048,-2.599145,15.363113,18.83,-41.965,-6.09
0.15,-2.375048,-2.599145,15.363113,18.83,-41.965,-6.09
0.16,-0.446279125,-2.1455875,13.001903500000001,18.83,-41.965,-6.09
0.17,1.2413936406250001,-1.7487246875,10.935845187500002,18.83,-41.965,-6.09
0.18,2.718107310546875,-1.4014697265625,9.128044164062501,18.83,-41.965,-6.09
0.19,4.010231771728516,-1.0976216357421875,7.546218268554688,18.83,-41.965,-6.09
0.2,5.140840675262451,-0.831754556274414,6.162120609985352,18.83,-41.965,-6.09
0.21,6.130123465854645,-0.5991208617401123,4.951035158737183,18.83,-41.965,-6.09
0.22,6.995745907622815,-0.3955663790225982,3.8913353888950346,18.83,-41.965,-6.09
0.23,7.753165544169963,-0.21745620664477344,2.9640980902831555,18.83,-41.965,-6.09
0.24,8.415907726148719,-0.06160980581417677,2.152765453997761,-14.424376124999998,-65.62937662499999,-36.290625875
0.25,8.99580713538013,0.07475579491259532,1.4428493972480412,-43.521955234375,-86.33570617187499,-62.716173515625
0.26,9.503219118457613,0.1940756955485209,0.8216728475920361,-68.98233695507813,-104.45374452539062,-85.83852770117188
0.27,9.947204603650412,0.2984806086049558,0.2781433666430316,-91.26017096069336,-120.30702808471679,-106.0705876135254
0.28,10.33569190319411,0.3898349075293363,-0.19744492918734735,-110.75327571560669,-134.1786511991272,-123.77364003683473
0.29,10.675618290294846,0.4697699190881693,-0.6135846880389288,-127.80974237615585,-146.3163214242363,-139.26381090723038
0.3,10.97305387900799,0.5397130542021481,-0.9777069770340627,-142.73415070413637,-156.93678287120676,-152.81771041882658
0.31,11.233310019131991,0.6009132974268796,-1.296313979904805,-155.7930079911193,-166.22968663730592,-164.67737249147325
0.32,6.986462641740493,-2.1023352397514805,-2.223626857416704,-167.2195081172294,-174.3609774326427,-175.0545768050391
0.33,3.2704711865229315,-4.467677709782546,-3.035025625239616,-177.21769572757572,-181.47585687856235,-184.13463057940922
0.34,0.018978663207565027,-6.537352371059727,-3.744999547084664,-185.96610988662874,-187.70137639374207,-192.07967763198306
0.35,-2.8260772946933805,-8.348317699677262,-4.366226728699081,-193.62097227580014,-193.14870596952431,-199.03159380298518
0.36,-5.315501257856708,-9.932912362217603,-4.909800512611696,-200.31897686632513,-197.91511934833377,-205.11452045261203
0.37,-7.4937472256246185,-11.319432691940403,-5.3854275735352335,-206.1797308830345,-202.08573105479206,-210.43708127103554
0.38,-9.39971244742154,-12.532637980447852,-5.80160125184333,-211.30789064765517,-205.73501629794305,-215.0943219871561
0.39,-11.067432016493848,-13.594192607891872,-6.165753220362914,-215.7950304416983,-208.92814088570017,-219.1694076137616
0.4,-12.526686639432116,-14.523052906905388,-6.484386192817549,-217.358776886486,-177.47462327498764,-195.63198166204137
0.41,-13.803534434503101,-15.335805668542214,-6.763190043715355,-218.72705502567527,-149.95279536561418,-175.03673395428618
0.42,-14.920776255190212,-16.04696433497444,-7.007143413250935,-219.92429839746586,-125.87119594491239,-157.0158922100004
0.43,-15.898362848291434,-16.669228168102634,-7.220602611594568,-220.97188634778263,-104.79979645179833,-141.24765568375034
0.44,-16.753751117255003,-17.213709022089805,-7.407379410145246,-221.8885258043098,-86.36232189532353,-127.45044872328155
0.45,-17.502215852598127,-17.69012976932858,-7.570809108877091,-222.69058532877108,-70.22953165840809,-115.37789263287137
0.46,-18.157122496023362,-18.106997923162506,-7.713810095267455,-223.3923874126747,-56.113340201107086,-104.81440605376244
0.47,-18.73016580902044,-18.47175755776719,-7.8389359583590235,-224.00646423609038,-43.761672675968704,-95.57135529704213
0.48,-19.941785207892888,-17.32748661304629,-5.371543838564145,-224.5437814565791,-32.953963591472615,-87.48368588491186
0.49,-21.00195218190628,-16.326249536415503,-3.2125757337436274,-225.0139340245067,-23.497218142538536,-80.40697514929788
0.5,-21.929598284167994,-15.450167094363565,-1.3234786420256741,-225.4253175214434,-15.222565874721218,-74.21485325563565
0.51,-22.741288623646998,-14.683594957568118,0.32948131322753493,-225.78527808126296,-7.982245140381066,-68.7967465986812
0.52,-23.451517670691125,-14.012844337872103,1.7758212740740928,-226.1002435711051,-1.646964497833432,-64.05590327384604
0.53,-24.072968086854736,-13.425937545638089,3.041368739814831,-226.37583837471698,3.896406064395747,-59.90766536461528
0.54,-24.616737200997896,-12.912394102433327,4.148722772337977,-226.61698382787736,8.74685530634628,-56.27795719403837
0.55,-25.09253517587316,-12.46304358962916,5.11765755079573,-226.8279860993927,12.990998393052996,-53.101962544783575
0.56,-25.508858403889015,-12.069861890925514,5.965475481946264,-212.9688629619686,77.53900034392137,7.357034773314375
0.57,-25.87314122840289,-11.725827904559825,6.707316171702981,-200.84213021672252,134.0185020509312,60.25865742665008
0.58,-26.19188869985253,-11.424798166489847,7.356426775240108,-190.2312390646322,183.4380660445648,106.54757724831882
0.59,-26.470792737370964,-11.161397145678615,7.924398553335093,-180.94670930655317,226.6801845389942,147.05038209227897
0.6,-26.714833770199593,-10.930921252468787,8.421373859168206,-172.82274576823403,264.51703822161994,182.49033633074407
0.61,-26.928369673924646,-10.729254845910187,8.85622725177218,-165.7142776722048,297.62428519391744,213.5002962894011
0.62,-27.115213589684068,-10.552796740171413,9.236723970300657,-159.4943680881792,326.59312629467775,240.63401125322594
0.63,-27.27870201597356,-10.398395897649985,9.569658599013074,-154.05194720215678,351.94086225784304,264.3760118465727
0.64,-25.00123726397687,-7.583960035443736,9.03650764913644,-149.2898289268872,374.1201312256127,285.1502623657511
0.65,-23.008455605979762,-5.121328656013269,8.570000567994384,-145.1229754360263,393.52699157241113,303.3277315700322
0.66,-21.264771655232295,-2.96652619901161,8.161806871995086,-141.47697863152302,410.50799437585977,319.2330171237782
0.67,-19.73904819832826,-1.0810740491351585,7.804637387995701,-138.28673142758265,425.3663718288773,333.15014198330596
0.68,-18.40404017353723,0.5686965820067363,7.492114089496239,-135.49526512413482,438.36745210026766,345.32762623539276
0.69,-17.235908151845077,2.0122458842558943,7.218656203309209,-133.05273210861796,449.7433973377342,355.98292495596866
0.7,-16.213792632864443,3.2753515237239075,6.979380552895558,-130.9155157200407,459.6973494205174,365.30631133647256
0.71,-15.319441553756388,4.3805689582584195,6.770014358783613,-129.04545138003562,468.40705749295273,373.4642744194135
0.72,-14.536884359536838,5.347634213476117,6.586818938935662,-127.40914508253117,476.02805205633365,380.60249211698687
0.73,-13.852146814594732,6.193816311791602,6.426522946568704,-129.36800257221478,403.95079567429195,376.0246797273635
0.74,-13.25300146277039,6.9342256478176525,6.286263953247616,-131.08200287568792,340.8831963400055,372.01909388644304
0.75,-12.728749279924092,7.582083816840446,6.163537334091664,-132.58175314122693,285.69904692250486,368.51420627563766
0.76,-12.27002861993358,8.14895971473539,6.056151542330206,-133.89403462357356,237.41291618219176,365.44742961618294
0.77,-11.868648042441881,8.644976125393466,5.962188974538931,-135.04228092062687,195.1625517844178,362.76400003916007
0.78,-11.517440037136646,9.078990484719283,5.879971727721564,-136.04699643054852,158.19348293636557,360.415999159265
0.79,-11.210133032494564,9.458753049129372,5.808031636756368,-136.92612250172996,125.84554769431986,358.3614983893569
0.8,-10.941239403432743,9.791045292988201,5.745084057161822,-137.6953578140137,97.54110435752987,356.5638102156873
0.81,-6.513248353003649,9.370901756364676,5.113269175016595,-138.368438712262,72.77471643783863,354.99083306372637
0.82,-2.6387561838781934,9.003276161819091,4.56043115313952,-138.95738449822923,51.104127008108804,353.61447805576057
0.83,0.7514244641065808,8.681603766591705,4.07669788399708,-139.47271206095058,32.1423612570952,352.4101674237905
0.84,3.7178325310932583,8.400140420767741,3.653431273497445,-139.92362367833175,15.5508162249583,351.35639562081667
0.85,6.313439589706601,8.153859993171773,3.283072989310264,-140.31817134354029,1.0332143218385124,350.43434529321456
0.86,8.584595765993274,7.938364619025302,2.959009490646481,-140.66340055059774,-11.669687343391303,349.62755125656275
0.87,10.571857420244115,7.74980616664714,2.675453929315671,-140.96547610677302,-22.78472630046739,348.9216064744924
0.88,12.310711367713601,7.584817520816248,2.427342813151212,-141.22979221842638,-32.51038538790897,348.30390479018087
0.89,13.832208571749401,7.440452455714217,2.2102455865073103,-114.90044306612309,-48.89971158942035,258.5002916914083
0.9,15.163518625280727,7.314133023749941,2.0202855131938966,-91.8622625578577,-63.24037201574281,179.92213022998226
0.91,16.328414922120636,7.203603520781199,1.8540704490446593,-71.7038546131255,-75.78844988877495,111.16623895123448
0.92,17.347699181855557,7.106890205683548,1.7086322679140769,-54.06524766148482,-86.76801802767808,51.00483408233016
0.93,18.239572909123613,7.022266054973105,1.5813738594248172,-38.63146657879922,-96.37514014921832,-1.6363951779611057
0.94,19.01996242048316,6.948219923101467,1.470022751996715,-25.126908131449316,-104.78137200556604,-47.69747078071597
0.95,19.702803242922766,6.883429557713784,1.3725905329971255,-13.310419490018152,-112.13682487987029,-88.00091193312647
0.96,19.45143508755742,5.7988107379995615,-0.44776640862751527,-2.9709919287658835,-118.5728461448865,-123.26642294148567
0.97,19.231487951612742,4.849769270749617,-2.0405787325490756,6.076007187329852,-124.20436475177569,-154.12374507379997
0.98,19.03903420766115,4.019357986905915,-3.434289515980441,13.99213141391362,-129.13194353280375,-181.12390193957498
0.99,18.870637181703504,3.2927481135426753,-4.653786451482886,20.91874011217442,-133.4435749662033,-204.7490391971281
1.0,18.723289783990566,2.656964474349841,-5.7208462700475256,26.979522723152616,-137.2162524704279,-225.4210342974871
1.01,18.594360810991745,2.100653790056111,-6.6545236112915855,32.28270750775854,-140.5173452866244,-243.50903001030122
1.02,18.481547959617775,1.6138819412990972,-7.471491284880138,36.92299419428872,-143.40580150079634,-259.3360262590136
1.03,18.38283671466555,1.1879565736367101,-8.18633799927012,40.98324504500263,-145.9332006881968,-273.1846479766369
1.04,18.296464375332356,0.8152718769321214,-8.811828874361355,38.60783941437731,-183.09217460217218,-219.50656647955728
1.05,18.22088857841581,0.4891727673156062,-9.359133390066185,36.52935948758015,-215.60627677690064,-172.53824516961262
1.06,18.154759756113833,0.20383604640115546,-9.838024841307911,34.71068955163263,-244.05611617978806,-131.44096402341106
1.07,18.096897036599604,-0.045833584398988964,-10.257054861144422,33.119353357678555,-268.94972565731456,-95.48084302048467
1.08,18.046267157024655,-0.2642945113491153,-10.623706128501368,31.726934187968734,-290.73163395015024,-64.01573714292408
1.09,18.001966012396572,-0.4554478224304759,-10.944525987438697,30.50856741447264,-309.79080370638144,-36.48376950005857
1.1,17.963202510847,-0.6227069696266664,-11.22524336400886,29.442496487663558,-326.4675772430837,-12.39329781255125
1.11,17.929284446991126,-0.7690587234233331,-11.470871068507751,28.50968442670561,-341.05975408769825,8.685864914017657
1.12,17.080462391117237,-1.3615251329954166,-9.708588559944284,27.69347387336741,-353.82790882673595,27.13013229976545
1.13,16.337743092227583,-1.8799332413709897,-8.166591364951248,26.979289639196484,-365.00004422339396,43.268866262294765
1.14,15.687863705699135,-2.333540336199616,-6.817343819332343,26.354378434296923,-374.7756626954697,57.39025847950792
1.15,15.119219242486743,-2.730446544174664,-5.6367522169157995,25.807581130009805,-383.329328858536,69.74647666956943
1.16,14.6216553371759,-3.077739476152831,-4.603734564801324,25.32913348875858,-390.81378675121897,80.55816758587325
1.17,14.186286920028913,-3.3816207916337273,-3.699844119201159,24.910491802663756,-397.36268740731657,90.0183971376391
1.18,13.805339555025297,-3.6475169426795113,-2.908939979301014,24.544180327330785,-403.092975481402,98.29609799543421
1.19,13.472010610647134,-3.8801760748445724,-2.216898856888387,24.223657786414435,-408.10697754622674,105.53908624600493
1.2,13.180347784316242,-4.083752815489,-1.6113628747773387,0.9175758131126308,-371.14173010294843,95.68482546525432
1.21,12.92514281127671,-4.261882463552875,-1.0815188904301714,-19.475245913526447,-338.7971385900799,87.06234728209753
1.22,12.70183845986712,-4.417745905608766,-0.6179054041263999,-37.318964924335646,-310.4956210163199,79.51767887183534
1.23,12.50644715238373,-4.55412641740767,-0.2122436036105999,-52.93221905879369,-285.7317931392799,72.91609401285594
1.24,12.335479758335763,-4.673459365231712,0.14271047184072508,-66.59381642644448,-264.0634437468699,67.13970726124894
1.25,12.185883288543792,-4.777875694577747,0.45329528786063444,-78.54771412313892,-245.10363802851117,62.085368853592826
1.26,12.054986377475817,-4.869239982755529,0.7250570018780551,-89.00737460774656,-228.51380802494728,57.66282274689372
1.27,11.94045158029134,-4.949183734911087,0.9628485016432983,-98.15957753177824,-213.99770677182886,53.793094903532
1.28,9.242502757754922,-5.6482776430472015,1.141144313937886,-106.16775509030596,-201.29611817535024,50.4070830405905
1.29,6.881797538035557,-6.259984812666302,1.2971531496956503,-113.17491045401772,-190.18222815343145,47.44432266051668
1.3,4.816180470781113,-6.795228586083014,1.4336608809836942,-119.30617139726552,-180.45757438425252,44.8519073279521
1.31,3.008765536933474,-7.263566887822638,1.5531051458607323,-124.67102472260733,-171.94850233622097,42.58354391195808
1.32,1.4272774698167898,-7.673362901844809,1.6576188776281409,-129.3652713822814,-164.50306429419334,40.59872592296332
1.33,0.04347541108969111,-8.031934414114207,1.7490683929246233,-133.47273720949622,-157.98830600741917,38.862010182592904
1.34,-1.1673513902965202,-8.345684487349931,1.8290867188090454,-137.06676980830918,-152.28789250649177,37.34238390976879
1.35,-2.226824841509455,-8.62021580143119,1.8991027539579148,-140.21154833227052,-147.3000306931803,36.01271092104769
1.36,-3.1538641113207735,-8.860430701252291,1.9603667847131754,-145.31260454073671,-127.68877673153276,49.426747555916734
1.37,-3.9650234724056768,-9.070618738595755,2.0139728116240283,-149.77602872314463,-110.52892951509116,61.16402961142714
1.38,-4.674787913354967,-9.254533271271285,2.0608780851710247,-153.68152488275155,-95.51406320070477,71.43415140999875
1.39,-5.295831799185596,-9.415458487362374,2.1019201995246464,-157.0988340224076,-82.37605517561667,80.4205079837489
1.4,-5.839245199287396,-9.556268051442077,2.1378320495840657,-160.08897951960665,-70.88029815366458,88.2835699857803
1.41,-6.3147319243764715,-9.679476420011817,2.1692549183860574,-162.7053568296558,-60.821510759456515,95.16374923755777
1.42,-6.730782808829412,-9.78728374251034,2.1967499285878,-164.99468697594884,-52.02007178952445,101.18390608286305
1.43,-7.094827332725735,-9.881615149696547,2.220808062514325,-166.99785085395524,-44.318812690833894,106.45154332250517
1.44,-7.077238041135018,-9.119534005984478,2.4864316797000345,-168.75061924721084,-37.58021097947966,111.06072590719204
1.45,-7.061847410993141,-8.452713005236419,2.7188523447375306,-170.28429159130948,-31.6839344820447,115.09376066879304
1.46,-7.048380609618999,-7.869244629581866,2.9222204266453393,-171.6262548923958,-26.524692546789115,118.62266608519391
1.47,-7.036597158416623,-7.3587098008841325,3.100167498314672,-172.80047278084632,-22.010355853440476,121.71045832454467
1.48,-7.026286638614545,-6.911991825773615,3.255871186025338,-173.82791343324052,-18.060311246760417,124.4122765339766
1.49,-7.017264933787727,-6.521113597551913,3.392111912772171,-174.72692400408545,-14.604022215915364,126.77636746722952
1.5,-7.009370942064261,-6.1790951478579235,3.5113225486756496,-175.51355825357476,-11.579769313925944,128.84494703382583
1.51,-7.002463699306229,-5.879829004375683,3.6156318550911934,-176.20186322187791,-8.933548024685201,130.6549541545976
1.52,-6.99641986189295,-5.617971128828723,3.7069024982047942,-153.9491303191432,48.96189672840045,149.6555851352729
1.53,-6.991131504156331,-5.388845487725132,3.786764310929195,-134.4779890292503,99.62041088735039,166.2811372433638
1.54,-6.98650419113679,-5.18836055175949,3.856643397063046,-117.44074040059401,143.94661077643158,180.8284953379433
1.55,-6.982455292244691,-5.012936232789554,3.9177875974301655,-102.53314785051975,182.73203567937765,193.5574336707004
1.56,-6.978912505714105,-4.859439953690859,3.971288772751395,-89.48900436920478,216.66928246945545,204.69525471186284
1.57,-6.975812567499841,-4.725130709479501,4.01810230115747,-78.07537882305418,246.3643734107735,214.44084812288
1.58,-6.973100121562361,-4.607610120794563,4.059064138512786,-68.0884564701724,272.34757798442683,222.96824235752
1.59,-6.9707267313670656,-4.5047796056952425,4.0949057461986875,-59.349899411400855,295.0828819863735,230.42971231283002
1.6,-8.055105014946182,-4.018748779983337,4.809145152923851,-51.703661984975746,314.97627298807674,236.9584985237263
1.61,-9.00393601307791,-3.59347180748542,5.43410463380837,-45.01320423685378,332.3829901145672,242.6711864582605
1.62,-9.83416313644317,-3.2213544565497423,5.980944179582324,-39.15905370724706,347.6138676002463,247.66978840097795
1.63,-10.560611869387774,-2.8957517744810244,6.459428782134534,-34.03667199384118,360.9408854002155,252.04356510085572
1.64,-11.196254510714303,-2.6108494276708964,6.878102809367717,-29.554587994611033,372.60202597518855,255.87061971324877
1.65,-11.752441821875015,-2.3615598742120345,7.2444425831967525,-25.632764495284654,382.80552397829,259.21929249909266
1.66,-12.239105719140639,-2.1434315149355303,7.564989885297159,-22.201168933374074,391.7335847310038,262.1493811867061
1.67,-12.664936629248059,-1.952569200568589,7.845468774635014,-19.198522816702315,399.5456378896283,264.7132087883678
1.68,-13.037538675592051,-1.7855646754975154,8.090887802805637,-19.314332464614527,342.8561831534248,269.9665574398218
1.69,-13.363565466143045,-1.6394357160603261,8.305629452454932,-19.41566590653771,293.25291025924673,274.5632375098441
1.7,-13.648838907875165,-1.5115728765527854,8.493528395898066,-19.5043326682205,249.8500464768409,278.58533257111355
1.71,-13.89845316939077,-1.3996928919836873,8.657939971410807,-19.581916084692935,211.8725406672358,282.10466574972435
1.72,-14.116865648216924,-1.3017979054857265,8.801800099984456,-19.64980157410632,178.6422230838313,285.18408228100884
1.73,-14.307976567189808,-1.2161397923000108,8.9276777124864,-19.709201377343028,149.5656951983524,287.8785717458827
1.74,-14.475198621291081,-1.1411889432625095,9.037820623425599,-19.76117620517515,124.12373329855834,290.2362500276474
1.75,-14.621517918629696,-1.075606950354696,9.134195670497398,-19.806654179528255,101.86201663623854,292.2992185241915
1.76,-12.623804303800984,1.5245099184396413,7.639733086685223,-19.846447407087222,82.38301455670872,294.10431595866754
1.77,-10.875804890825862,3.7996121786346864,6.33207832584957,-19.88126648120132,65.33888773712012,295.6837762138341
1.78,-9.346305404472629,5.790326656305351,5.187880410118373,-19.911733171051154,50.4252767699801,297.0658039371049
1.79,-8.00799335391355,7.532201824267181,4.186707233853576,-19.93839152466976,37.37586717373259,298.2750781949668
1.8,-6.836970309674356,9.056342596233783,3.3106807046218787,-19.961717584086042,25.957633777016017,299.33319317059596
1.81,-5.812325145965062,10.38996577170456,2.5441574915441434,-19.982127886075286,15.966679554889016,300.25904377427145
1.82,-4.915760627719429,11.55688605024149,1.8734496801011253,-19.999986900315875,7.224594610527889,301.0691630524875
1.83,-4.1312666742545,12.577941293961304,1.2865803450884847,-20.01561353777639,-0.4247297157880965,301.7780174209266
1.84,-3.4448344649726876,13.471364632216142,0.7730696769524241,-21.18866172055434,-30.821639501314586,239.43326449331076
1.85,-2.844206281851102,14.253110053189125,0.32374784233337106,-22.21507888048505,-57.418935563650265,184.8816056816469
1.86,-2.318656621619714,14.937137296540486,-0.06940876295830034,-23.11319389542442,-80.69156961819398,137.14890422144103
1.87,-1.85880066891725,15.535661134472926,-0.41342079258851283,-23.89904453349637,-101.05512441591974,95.3827904437609
1.88,-1.4564267103025936,16.05936949266381,-0.7144313185149487,-24.586663841809322,-118.87323486392977,58.837440888290786
1.89,-1.1043494965147693,16.517614306080834,-0.9778155287005801,-25.188330736583158,-134.46408150593857,26.86026002725444
1.9,-0.7962819344504231,16.91857851782073,-1.2082767126130076,-25.714789269510263,-148.10607231769626,-1.1197732261523647
1.91,-0.5267228176441201,17.26942220309314,-1.4099302485363816,-26.17544048582148,-160.04281427798423,-25.602302322883318
1.92,-0.9574113404386051,10.562190177706498,-2.182385217469334,-26.578510300093797,-170.4874634932362,-47.024515282522906
1.93,-1.3342637978837795,4.693362155493186,-2.858283315285667,-26.931196387582073,-179.62653155658165,-65.76895162220754
1.94,-1.6640096981483072,-0.44186236394346157,-3.449694150874959,-27.239796714134314,-187.62321611200895,-82.1703334194316
1.95,-1.9525373608797687,-4.935183818450528,-3.967178632015589,-27.509821999867526,-194.62031509800784,-96.52154249200265
1.96,-2.2049990657697975,-8.866840091144212,-4.4199775530136405,-27.746094124884085,-200.74277671075686,-109.07885043050231
1.97,-2.425903057548573,-12.307039329751184,-4.816176608886935,-27.952832234273576,-206.09993062191222,-120.06649487668952
1.98,-2.6191940503550013,-15.317213663532286,-5.162850782776069,-28.13372807998938,-210.78744029417317,-129.68068376710335
1.99,-2.788323669060626,-17.95111620559075,-5.46619068492906,-28.29201194499071,-214.88901125740153,-138.09309904621543
2.0,-2.936312085428048,-20.255780929891905,-5.731613099312928,-28.43051032686687,-218.47788585022636,-145.4539624154385
2.01,-3.0658019497495417,-22.272362563655417,-5.963857711898812,-10.75857178600851,-239.17502599394805,-129.18409211350868
2.02,-3.179105581030849,-24.03687149319849,-6.167071747911461,4.704374437242553,-257.28502361970453,-114.9479555993201
2.03,-3.278246258401993,-25.58081680654868,-6.344884029422528,18.234452382587236,-273.13127154224145,-102.49133614940509
2.04,-3.364994351101744,-26.931768955730092,-6.500469775744712,30.073270584763833,-286.99673847446127,-91.59179413072944
2.05,-3.440898932214026,-28.11385208626383,-6.636607303776623,40.43223651166835,-299.1290220401536,-82.05469486438825
2.06,-3.507315440687273,-29.14817482548085,-6.755727640804546,49.496331697709806,-309.7447701601344,-73.70973300633972
2.07,-3.565429885601364,-30.053207222295743,-6.859957935703978,57.42741498549608,-319.0335497651176,-66.40789138054724
2.08,-3.6162800249011937,-30.845110569508773,-6.951159443740981,64.36711286230907,-327.16123191947787,-60.018779957978836
2.09,-2.1285385217885446,-25.26865537332018,-7.314076388273358,70.43934850452044,-334.27295380454314,-54.428307463231484
2.1,-0.8267647065649764,-20.389257076655156,-7.631628714739189,75.75255469145537,-340.4957104539752,-49.53664403032755
2.11,0.31228738175564574,-16.119783567073263,-7.9094870003967905,80.40161010502345,-345.9406225222283,-45.256438526536606
2.12,1.3089579590361902,-12.383994246189106,-8.152613000347191,84.46953359189553,-350.70492058194975,-41.51125871071953
2.13,2.1810447141566662,-9.115178590415468,-8.365348250303793,88.02896664290859,-354.873681384206,-38.23422637187959
2.14,2.9441206248870833,-6.254964891613534,-8.551491594015818,91.14347056254502,-358.52134708618024,-35.36682307539465
2.15,3.6118120467761976,-3.7522779051618427,-8.714367019763841,93.86866149222689,-361.7130545754077,-32.857845190970316
2.16,4.196042040929173,-1.5624267920166122,-8.856883017293361,96.25320355569852,-364.5057986284817,-30.662489542099024
2.17,4.707243285813027,0.3536929319854645,-8.98158451513169,64.6259282362362,-339.7631982999215,-20.774678099336647
2.18,5.154544375086398,2.0302976904872816,-9.09069832574023,36.952062331706685,-318.1134230124313,-12.122843086919566
2.19,5.545932828200598,3.4973268541763716,-9.186172910022702,12.737429665243354,-299.16986963587743,-4.55248745105462
2.2,5.8883977246755235,4.780977372404325,-9.269713171269863,-8.450373917912064,-282.59426043139274,2.071573730327208
2.21,6.188054509091083,5.904171575853785,-9.34281089986113,-26.989702053173055,-268.09060237746866,7.867627264036307
2.22,6.450254195454698,6.8869665038720616,-9.406771412378488,-43.21161417152642,-255.39990158028507,12.939174106031768
2.23,6.679678921022861,7.746912065888054,-9.462736860831177,-57.405787275085615,-244.29553838274944,17.376777592777795
2.24,6.819091180895003,6.313102432652047,-8.02466887822728,-69.82568874069992,-234.57922058490578,21.25968064368057
2.25,6.9410769082831285,5.058519003570542,-6.7663593934488695,-80.69310252311243,-226.07744251179258,24.657220813220498
2.26,7.047814419747738,3.9607585031242243,-5.665338594267761,-90.20208958272337,-218.63838669781853,27.630068461567934
2.27,7.141209742279271,3.000218065233696,-4.701945394984292,-98.52245325988295,-212.12921286059122,30.23131015387194
2.28,7.222930649494362,2.159745182079484,-3.8589763456112554,-105.80277147739758,-206.43368575301733,32.50739663463795
2.29,7.294436443307568,1.4243314093195485,-3.121378427409849,-112.17304991772289,-201.45009953389018,34.49897230530821
2.3,7.357004012894122,0.7808443581546048,-2.475980248983618,-117.74704355300753,-197.08946159215392,36.24160101714468
2.31,7.411750636282357,0.21779318838527928,-1.9112568428606658,-122.62428798388159,-193.2739033931347,37.7664011400016
2.32,7.459653931747063,-0.2748765851628806,-1.4171238625030824,-125.82000161089638,-177.77279084399285,50.383725372501395
2.33,7.50156931527868,-0.7059626370175205,-0.9847575046901971,-128.61625103453434,-164.20931736349374,61.42388407593872
2.34,7.538245275868846,-1.0831629323903305,-0.6064369416039224,-131.06296928021754,-152.34127806805702,71.08402294144639
2.35,7.5703367413852405,-1.4132131908415393,-0.2754064489034321,-133.20384774519036,-141.9567436845499,79.5366444487656
2.36,7.598416773712086,-1.702007166986347,0.014245232209496916,-135.07711640204155,-132.87027609898118,86.9326882676699
2.37,7.622986801998075,-1.9547018961130536,0.2676904531833098,-136.71622647678635,-124.91961696160853,93.40422660921118
2.38,7.644485576748316,-2.175809784098922,0.4894550215353961,-138.15044779218806,-117.96279021640746,99.06682265805978
2.39,7.663297004654777,-2.3692791860865565,0.6834990188434715,-139.40539144316455,-111.87556681435652,104.0215942008023
2.4,7.19422650407293,-2.6774739128257368,1.0605766414880375,-140.50346713776898,-106.54924633756195,108.357019300702
2.41,6.7837898160638135,-2.94714429872252,1.390519561302033,-141.46428337054786,-101.8887159203667,112.15051626311427
2.42,6.4246577140558365,-3.183105886382205,1.6792196161392787,-142.3049975742294,-97.81075180532086,115.469826105225
2.43,6.110417124798857,-3.3895722755844293,1.931832164121869,-143.0406225024507,-94.24253320465576,118.37422221707186
2.44,5.8354566091989994,-3.570230366136376,2.1528681436066357,-143.68429431464438,-91.12034192907379,120.91556881493787
2.45,5.594866158049125,-3.728306195369329,2.3462746256558065,-144.24750715031382,-88.38842456293956,123.13924708807065
2.46,5.384349513292984,-3.866622545948163,2.515505297448831,-144.7403183815246,-85.99799686757211,125.08496557706181
2.47,5.200147449131362,-3.9876493527046426,2.6635821352677267,-145.17152820883402,-83.9063726341256,126.78746925492908
2.48,5.038970642989941,-4.093547808616562,2.793149368359261,-139.10883755772977,-47.172450929859906,133.97341147306295
2.49,4.897940937616199,-4.186208957539492,2.9065206973143534,-133.80398323801356,-15.030269438627418,140.26111091393008
2.5,4.774539945414174,-4.267287462847055,3.0057206101500595,-129.16223570826187,13.09413936620101,145.76284792468883
2.51,4.666564077237402,-4.338231154991174,3.092520533881302,-125.10070661972914,37.70299707042588,150.57686780910274
2.52,4.572085192582727,-4.400306885617278,3.1684704671461397,-121.54686866726298,59.235747561622645,154.7891352079649
2.53,4.489416168509886,-4.454623149915118,3.2349266587528724,-118.4372604588551,78.07690424141981,158.4748691819693
2.54,4.41708077244615,-4.502149881175729,3.2930758264087636,-115.71635327649821,94.56291633624234,161.69988640922313
2.55,4.353787300890382,-4.5437357710287625,3.3439563481076684,-113.33555949193592,108.98817691921205,164.52177648307023
2.56,2.6250130132790837,-3.769722424650167,3.32159180459421,-111.25236493044393,121.61027992931055,166.99093029768645
2.57,1.1123355116191982,-3.092460746568896,3.302022829019934,-109.42956968913843,132.65462006314672,169.15143988547564
2.58,-0.2112573023332016,-2.499856778247784,3.2848999753924426,-107.83462385299612,142.3184176802534,171.04188577479118
2.59,-1.3694010145415514,-1.981328305966811,3.2699174784683875,-106.43904624637159,150.77424059522173,172.6960259279423
2.6,-2.382776762723857,-1.5276158927209598,3.2568077936598394,-105.21791584057513,158.17308564581901,174.1433985619495
2.61,-3.2694805423833753,-1.1306175311308397,3.2453368194523597,-104.14942673550323,164.64707506509166,175.40984961670583
2.62,-4.045346349585453,-0.7832439647394848,3.235299717020815,-103.21449876856532,170.3118158069552,176.5179942896176
2.63,-4.724228930887271,-0.4792920941470492,3.2265172523932133,-102.39643679749464,175.2684639560858,177.4876208784154
2.64,-5.318251189526363,-0.21333420737866804,3.2188325958440616,-74.99750657280782,226.0767840865751,193.8147930186135
2.65,-5.838020665835567,0.019378943543665483,3.212108521363554,-51.02344262620684,270.53406420075316,208.10106864128682
2.66,-6.292818957606122,0.2230029506007073,3.2062249561931098,-30.046136672930984,309.434184300659,220.60155981112595
2.67,-6.690767462905357,0.4011739567756189,3.201076836668971,-11.690993963814613,343.4717893880766,231.5394895847352
2.68,-7.038972405042188,0.5570735871786665,3.19657223208535,4.369755906662213,373.25469383956704,241.1101781366433
2.69,-7.343651729411914,0.6934857637813332,3.192630703074681,18.422912043329436,399.31473523462114,249.4845306195629
2.7,-7.610246138235425,0.8128464183086666,3.189181865190346,30.719423662913258,422.11727145529346,256.8120890421175
2.71,-7.843516245955997,0.9172869910200833,3.186164132041553,41.4788713300491,442.06949064838176,263.2237026618528
2.72,-9.255378715211497,0.4555828671425728,3.1450989905363587,50.89338803879296,459.527682442334,268.83386457912127
2.73,-10.49075837581006,0.05159175874975119,3.109166991719314,59.13109015894384,474.80360026204227,273.7427562567311
2.74,-11.571715578833803,-0.30190046109396773,3.0777264927543997,66.33907951407586,488.17002835428696,278.03803647463974
2.75,-12.517553131479577,-0.6112061534572217,3.0502160561600995,72.64607019981638,499.8656529350011,281.79640666530975
2.76,-13.34516099004463,-0.8818486342750691,3.026144424140087,78.16468704983933,510.09932444312597,285.08498058214604
2.77,-14.069317866289051,-1.1186608049906854,3.0050817461225763,82.9934767936094,519.0537870127353,287.9624827593778
2.78,-14.70295513300292,-1.3258714543668497,2.986651902857254,87.21866781940824,526.8889417611433,290.4802971644556
2.79,-15.257387741377556,-1.5071807725709936,2.970525790000097,90.9157099669822,533.7447021660004,292.68338476889863
2.8,-15.742516273705363,-1.6658264259996194,2.956415441250085,94.15062184610943,539.7434925202504,294.61108642278634
2.81,-16.16700373949219,-1.804641372749667,2.9440688860938242,66.86804399034575,466.456805955219,315.9853231199381
2.82,-16.538430272055667,-1.9261044511559586,2.933265650332096,42.99578836655253,402.3309552108166,334.6877802299458
2.83,-16.863428488048708,-2.0323846447614637,2.923812819040584,22.107564695733465,346.2208358094645,351.0524302012026
2.84,-17.147801927042618,-2.1253798141662807,2.915541591660511,3.8303689837667836,297.12448133328144,365.37149892605225
2.85,-17.39662868616229,-2.206750587395496,2.908304267702947,-12.162177264204065,254.16517116662126,377.9006840602957
2.86,-17.614352100392004,-2.2779500139710587,2.901971609240079,-26.155655231178557,216.5757747707936,388.86372105275876
2.87,-17.804860087843004,-2.3402495122246765,2.896430533085069,-38.39994845228124,183.68505292444442,398.45637842116395
2.88,-17.97155457686263,-2.394761573196592,2.8915820914494352,-49.11370502074608,154.90567130888888,406.84995361851844
2.89,-14.227453879754801,0.07525974845298222,2.6521353300182557,-58.488242018152825,129.72371239527777,414.1943319162036
2.9,-10.95136576978545,2.2365284048963594,2.442619413765974,-66.69096189088371,107.68949834586806,420.62066292667816
2.91,-8.084788673562269,4.127638479284315,2.259292987045227,-73.86834177952325,88.40956105263456,426.2437025608434
2.92,-5.576533714366985,5.782359794373775,2.0988823636645737,-80.14854918208285,71.53961592105524,431.163862240738
2.93,-3.381810625071111,7.230240945077053,1.958523068206502,-85.64373065932249,56.778413930923335,435.46900196064576
2.94,-1.4614279219372222,8.497136951942421,1.8357086846806894,-90.45201445190717,43.86236218955792,439.235999215565
2.95,0.21890694330493066,9.605670957949618,1.7282460990956032,-94.65926277041878,32.56081691586318,442.53212181361937
2.96,1.6891999503918145,10.575638213205917,1.6342163367086529,-98.34060504911643,22.671964801380284,445.4162290869169
2.97,2.975706331592838,11.424359561555177,1.5519402946200713,-86.97552941797687,-10.730156548792252,378.8104504510523
2.98,4.101399415143733,12.16699074136078,1.4799487577925625,-77.03108824072976,-39.95701273019322,320.53039414467077
2.99,5.086380863250767,12.816793023690682,1.4169561630684921,-68.32970221063853,-65.53051188891907,269.5353448765869
3.0,5.948239630344421,13.385370020729347,1.3618376426849306,-60.71598943430872,-87.90732365280418,224.91467676701356
3.01,6.702366051551369,13.88287489313818,1.3136089373493143,-54.05399075502013,-107.48703394620367,185.87159217113685
3.02,7.362226670107448,14.318191656495907,1.27140882018065,-48.224741910642614,-124.61928045292822,151.70889314974474
3.03,7.939604711344018,14.699093824433918,1.2344837176580687,-43.12414917181229,-139.6099961463122,121.81653150602665
3.04,5.3897926224260155,5.788543471379678,1.7705783779508102,-38.66113052533576,-152.7268723780232,95.66071506777331
3.05,3.158707044622764,-2.0081880875427816,2.239661205706959,-34.75598920966879,-164.2041390807703,72.77437568430165
3.06,1.206507164044918,-8.830328201599935,2.650108679993589,-31.33899055846019,-174.246747445674,52.74882872376394
3.07,-0.5016677314606968,-14.799700801399943,3.00925021999439,-28.349116738652665,-183.03402976496477,35.22647513329345
3.08,-1.9963207650281096,-20.02290182622495,3.3234990674950913,-25.73297714632108,-190.72290179434418,19.894415741631768
3.09,-3.3041421693995963,-24.59320272294683,3.5984668090582046,-23.443855003030944,-197.45066482005117,6.478863773927795
3.1,-4.4484858982246465,-28.592216007578475,3.8390635829259288,-21.440873127652075,-203.3374574675448,-5.2597441978131805
3.11,-5.4497866609465655,-32.09135263163117,4.049585760060188,-19.688263986695564,-208.4884010341017,-15.531026173086534
3.12,-6.325924828328245,-35.153097177677274,4.233792665052664,-0.12098123835861685,-270.242348529839,-34.79089827645072
3.13,-7.092545724787214,-37.83212365546762,4.394973706921081,17.00039116643621,-324.2770525886091,-51.64328636689438
3.14,-7.763339009188812,-40.176271823534165,4.536007118555946,31.981592020631684,-371.55741864003295,-66.38912594603258
3.15,-8.350283133040211,-42.22740147059239,4.659411353736453,45.09014276805272,-412.9277389350288,-79.29173557777851
3.16,-8.863859241410186,-44.02213991176834,4.767390059519396,56.56012467204613,-449.1267691931502,-90.5815190055562
3.17,-9.313238336233914,-45.592536047797296,4.861871427079471,66.59635883804036,-480.8009206690064,-100.46007950486168
3.18,-9.706445044204676,-46.96663266682263,4.944542623694537,75.37806373328532,-508.5158032103806,-109.10381994175397
3.19,-10.050500913679093,-48.1689672084698,5.01687992073272,83.06205551662465,-532.7663254340831,-116.66709282403473
3.2,-8.497732799469206,-40.41451893241108,3.00446655564113,89.78554832704657,-553.9855323798228,-123.28495659603038
3.21,-7.139060699535555,-33.629376690859694,1.2436048611859887,95.66860453616574,-572.552338457345,-129.0755873965266
3.22,-5.9502226120936115,-27.692377229502235,-0.2971491214622599,100.81627871914503,-588.7982937751768,-134.14238934696078
3.23,-4.90998928558191,-22.497502700814458,-1.6453088562794773,105.32049362925191,-603.0135046782798,-138.5758410535907
3.24,-3.999785124884171,-17.95198748821265,-2.8249486242445423,109.26168167559543,-615.4518142184949,-142.45511129689186
3.25,-3.20335648427365,-13.97466167718607,-3.8571334212139745,112.710221216146,-626.335335066183,-145.84947275978038
3.26,-2.506481423739444,-10.49450159253781,-4.760295118562228,115.72769331412775,-635.8584158079102,-148.81953903980784
3.27,-1.8967157457720134,-7.4493615184705835,-5.550561603741949,118.36798139986179,-644.1911114569215,-151.41834703483187
3.28,-1.3631707775505117,-4.784863953661761,-6.242044778274206,95.10198397487906,-580.5503470248063,-113.66542840547788
3.29,-0.8963189303566979,-2.4534285844540404,-6.84709255598993,74.74423622801918,-524.8646781467055,-80.63162460479315
3.3,-0.4878235640621107,-0.41342263639728527,-7.376509361491188,56.93120694951678,-476.1397178783673,-51.727046279194
3.31,-0.1303901185543469,1.3715825681523754,-7.839749066304789,41.34480633082718,-433.5053776435714,-26.43554024429475
3.32,0.18236414626494646,2.933462122133329,-8.24508380801669,27.706705789473787,-396.200329938125,-4.305472463757905
3.33,0.4560241279818281,4.300106731866663,-8.599751707014603,15.773367815789562,-363.5584131958594,15.058336844211835
3.34,0.6954766119840996,5.49592076538333,-8.910086118637777,5.331697088815869,-334.99673604637695,32.00166998868536
3.35,0.9049975354860871,6.5422580447104135,-9.181628728808054,-3.804764797286115,-310.00526854057983,46.82708649009969
3.36,3.052377093550326,6.517615039121612,-7.627356387707048,-11.79916894762535,-288.13773447300736,59.79932592883723
3.37,4.931334206856535,6.496052409231411,-6.267368089243667,-18.79427257917218,-269.0036421638814,71.15003543773258
3.38,6.575421680999469,6.477185108077485,-5.0773783280882085,-24.914988256775658,-252.26131139339623,81.081906258016
3.39,8.013998220874536,6.4606762195678,-4.036137287077183,-30.270614474678702,-237.6117719692217,89.772293225764
3.4,9.272752693265218,6.446230942121825,-3.125051376192535,-34.95678741534387,-224.793424973069,97.37638182254351
3.41,10.374162856607066,6.433591324356597,-2.3278512041684682,-39.057188738425886,-213.57737135143537,104.02995934472557
3.42,11.337896749531183,6.422531658812023,-1.6303010536474098,-42.64503989612265,-203.76332443250595,109.85183967663488
3.43,12.181163905839785,6.412854451460521,-1.0199446719414837,-45.78440965910732,-195.17603337844272,114.94598496705552
3.44,12.919022667609813,6.404386895027956,-0.48588283794879833,-55.9994837017189,-175.36402933113737,118.37523759617358
3.45,13.564649084158587,6.396977783149462,-0.01857873320519854,-64.93767348900404,-158.0285257897452,121.37583364665188
3.46,14.129572198638764,6.39049481025578,0.39031235844545126,-72.75858955287853,-142.85996019102706,124.00135519082039
3.47,14.623879923808918,6.384822208973808,0.7480920636397699,-79.60189110876871,-129.58746529214866,126.29868654196784
3.48,15.056399183332804,6.379858682852082,1.0611493056847987,-85.58977997017261,-117.97403225563008,128.30885147422185
3.49,15.434853535416204,6.375515597495572,1.3350743924741988,-90.82918272390104,-107.81227834867632,130.06774578994413
3.5,15.766001093489178,6.371715397808626,1.5747588434149238,-95.41366013341342,-98.92074368009177,131.60677831620112
3.51,16.05575520680303,6.368390223082548,1.7844827379880583,-99.42507786673674,-91.1406508450803,132.95343177667598
3.52,14.679002555952653,5.740941195197229,1.818921520739551,-102.93506838339465,-84.33306961444526,134.13175355459148
3.53,13.474343986458573,5.191923295797576,1.8490554556471073,-106.00631008547032,-78.37643603763959,135.16278511026755
3.54,12.420267738151251,4.711532633822879,1.8754226486912189,-108.69364657478653,-73.16438165793464,136.0649377214841
3.55,11.497951020882345,4.291190804595019,1.8984939426048166,-111.04506600293821,-68.6038340756928,136.85432125629862
3.56,10.690923893272053,3.923391704020642,1.9186813247792147,-113.10255800257093,-64.6133549412312,137.5450318492613
3.57,9.984775156613047,3.6015674910180615,1.936345284181813,-114.90286350224956,-61.121685698577295,138.14940361810366
3.58,9.366895012036418,3.3199713046408035,1.9518012486590863,-116.47813081446836,-58.06647511125514,138.67822891584072
3.59,8.826249885531865,3.073574641560703,1.9653252175767006,-117.85648971265981,-55.39316584734824,139.14095105136064
3.6,8.353185399840383,2.857977561365615,1.977158690379613,-117.70192874857733,-23.667144991429712,132.47145766994058
3.61,7.939253974860335,2.669330116194913,1.9875129790821615,-117.56668790500517,4.093123257499002,126.635650961198
3.62,7.577063978002792,2.5042636016705484,1.9965729816968913,-117.44835216687952,28.383357975311625,121.52932009104823
3.63,7.260147730752443,2.3598304014617297,2.00450048398478,-117.34480839601957,49.63731335339767,117.0612805796672
3.64,6.982846014408388,2.2334513512790135,2.0114370484866826,-117.25420759651713,68.23452430922296,113.15174600720879
3.65,6.740207012607339,2.122869682369137,2.0175065424258474,-117.17493189695249,84.50708389557009,109.73090325630768
3.66,6.527897886031421,2.026110722072995,2.0228173496226165,-117.10556565983343,98.74557353362383,106.73766584926922
3.67,6.342127400277493,1.9414466318138706,2.027464305919789,-117.04487020235425,111.20425196692084,104.11858311811056
3.68,6.179578225242807,1.8673655528371367,2.0315303926798154,-116.99176167705997,122.10559559605572,101.82688572834674
3.69,4.720428322087456,2.3963449837324946,1.6395415935948385,-116.94529171742748,131.64427127154875,99.82165051230339
3.7,3.443672156826524,2.859201985765933,1.2965513943954838,-116.90463050274904,139.99061248760515,98.06706969826546
3.71,2.3265105122232086,3.2642018625451916,0.9964349700960483,-116.86905193990542,147.2936610516545,96.53181148598227
3.72,1.3489940731953074,3.6185767547270427,0.7338330988340422,-116.83792069741725,153.6838285451977,95.18846055023448
3.73,0.493667189045894,3.928654785386162,0.504056461479787,-116.81068086024008,159.275225102048,94.01302848145517
3.74,-0.25474383458484273,4.199973062212892,0.3030019037948136,-116.78684600271008,164.16769708929203,92.98452542127326
3.75,-0.9096034802617374,4.43737655443628,0.12707916582046191,-116.76599050237132,168.44861007813054,92.0845852436141
3.76,-1.4826056702290202,4.645104610131745,-0.02685322990709582,-101.01086668957491,211.30253194336422,98.57713733816233
3.77,-1.9839825864503928,4.826866658865277,-0.16154407616870883,-87.22513335337806,248.79971357544372,104.25812042089204
3.78,-2.4226873881440936,4.985908451507117,-0.2793985666476202,-75.1626166842058,281.60974750351323,109.22898061828053
3.79,-2.806554089626082,5.125070020068728,-0.3825212458166677,-64.60791459868008,310.31852719057406,113.57848329099546
3.8,-3.1424374534228217,5.246836392560137,-0.47275359008958423,-55.37255027384508,335.4387094167523,117.38429812962103
3.81,-3.436335396744969,5.35338196849012,-0.5517068913283862,-47.291606489614445,357.4188688646583,120.7143861134184
3.82,-3.693496097151848,5.446609347428855,-0.6207910299123379,-40.220780678412645,376.65150838157604,123.6282130992411
3.83,-3.9185117100078672,5.528183304000248,-0.6812396511732957,-34.033808093611064,393.48006795887903,126.17781171183596
3.84,-6.225736246256885,5.238306016000217,-0.13957569477663373,-28.62020708190968,408.2050575890192,128.40871049785648
3.85,-8.244557715474773,4.98466338900019,0.3343802670704455,-23.88330619667097,421.0894235153918,130.36074693562443
3.86,-10.011026501040426,4.762726090375166,0.7490917336866398,-19.738517922087098,432.3632437009678,132.06877881867138
3.87,-11.556686688410373,4.56853095407827,1.1119642669758099,-16.11182818182621,442.22783636334685,133.56330671633745
3.88,-12.909139352359077,4.398610209818486,1.4294777336038336,-12.938474659097931,450.8593549429285,134.87101862679526
3.89,-14.092535433314193,4.249929558591175,1.7073020169033544,-10.161790326710689,458.4119337000625,136.01526654844585
3.9,-15.128007004149918,4.119833988767278,1.9503982647904352,-7.732191535871853,465.0204401125547,137.01648347989013
3.91,-16.03404462863118,4.006000365171368,2.1631074816916307,-5.606292593887871,470.80288322348537,137.89254829490386
3.92,-16.826827550052283,3.906395944524947,2.3492280464801767,2.7944941053481127,434.7550223205497,187.63285575804088
3.93,-17.520512606295746,3.8192420764593287,2.5120835406701545,10.145182467179598,403.213144030481,231.15562478828576
3.94,-18.127487030508778,3.7429824419019124,2.6545820980863852,16.57703478378215,375.61400052667085,269.23804768975003
3.95,-18.65858965169518,3.6762552616641733,2.779268335825587,22.20490556080938,351.464749960837,302.56016772853127
3.96,-19.12330444523328,3.6178689789561513,2.8883687938473885,27.129292490708206,330.3341557157324,331.71702276246486
3.97,-19.52992988957912,3.566780981586632,2.983831694616465,31.43813105436968,311.84488575126585,357.2292709171568
3.98,-19.88572715338173,3.522078983888303,3.067361732789407,35.20836479757347,295.66677453235764,379.55248805251216
3.99,-20.197049759209012,3.482964735902265,3.140450516190731,38.50731932287679,281.51092721581296,399.08530304594814
4.0,-16.883778539307883,5.633904268914481,3.5691968266668894,41.39390453251719,269.12456081383635,416.17651616520465
4.01,-13.984666221894397,7.515976360300171,3.944349848333528,43.919666590952545,258.2864902121068,431.13132764455406
4.02,-11.447942944157596,9.16278944026265,4.272608742291837,46.12970839208348,248.80317843559345,444.2167876889848
4.03,-9.228310076137895,10.603750885229818,4.559835274505357,48.063494968073044,240.50528063114427,455.6665652278617
4.04,-7.286131316620659,11.86459214957609,4.811158490192187,49.75555822206392,233.24462005225126,465.685120574379
4.05,-5.586724902043076,12.96782825587908,5.0310663039181645,51.23611356930593,226.89154204571986,474.45135650258163
4.06,-4.099744289287692,13.933159848894196,5.223485640928393,52.53159949814269,221.33259879000488,482.1218129397589
4.07,-2.7986362531267304,14.77782499278242,5.391852560812344,53.66514968587486,216.4685234412543,488.83346232228905
4.08,-1.660166721485889,15.516906993684618,5.539173615710801,47.21950597514051,150.6999565110975,444.3324039070029
4.09,-0.6640058813001528,16.16360374447404,5.668079538746952,41.579567728247945,93.1524604472103,405.3939777936275
4.1,0.20763485386236624,16.729463401414787,5.780872221403582,36.64462176221696,42.79840139130902,371.3228549444241
4.11,0.9703204971295705,17.22459060123794,5.879565818728134,32.32654404193984,-1.2614002826046047,341.5106224513711
4.12,1.6376704349883742,17.657826901083197,5.965922716387118,28.54822603669736,-39.81372674727903,315.4249190199497
4.13,2.2216016306148276,18.036908663447797,6.041485001838728,25.24219778211019,-73.54701240386915,292.59992851745596
4.14,2.732541426787974,18.368605205516822,6.107602001608887,22.349423059346414,-103.0636373533855,272.628061827774
4.15,3.1796137484394773,18.65883967982722,6.1654543764077765,19.818245176928112,-128.89068418421232,255.15267847430223
4.16,3.0996730298845425,9.497482094848817,4.750326579356804,17.603464529812097,-151.48935016118577,239.86171804001444
4.17,3.029724901148975,1.4812942079927138,3.5120897569372036,15.665531463585584,-171.26318289103756,226.48212766001262
4.18,2.968520288505353,-5.532870193006376,2.4286325373200532,13.969840030637386,-188.56528652965787,214.77498607751104
4.19,2.914966252442184,-11.670264043880579,1.480607470155047,12.486110026807712,-203.70462721345064,204.53123719282215
4.2,2.8681064708869113,-17.040483663395506,0.6510855363856661,11.187846273456747,-216.9515503117693,195.56795691871937
4.21,2.8271041620260475,-21.739425830471067,-0.07474615566254206,10.051865489274654,-228.54260802279813,187.72508667887945
4.22,2.791227141772792,-25.851000226662183,-0.7098488862047243,9.05788230311532,-238.68478351994838,180.8625752190195
4.23,2.7598347490511927,-29.44862782332941,-1.2655637754291336,8.188147015225905,-247.55918707995485,174.85787769164205
4.24,2.7323664054197936,-32.59655197041323,-1.7518143035004918,14.514628513322666,-288.1892890699605,106.5950161051868
4.25,2.7083316047423196,-35.350985599111574,-2.17728351556293,20.050299824157335,-323.74062831121546,46.86501221703845
4.26,2.6873011541495297,-37.761115024222626,-2.549569076117564,24.89401222113767,-354.84805014731353,-5.39874118509136
4.27,2.6688995098808386,-39.869978271194796,-2.875318941602868,29.13226056849546,-382.0670442538993,-51.129525411954944
4.28,2.652798071145734,-41.71523361229545,-3.1603500739025097,32.840727872433526,-405.8836640971619,-91.14396161046058
4.29,2.638709312252517,-43.32983203575852,-3.4097523146646957,36.085636763379334,-426.7232064600167,-126.15659328415302
4.3,2.6263816482209528,-44.74260565628871,-3.6279792753316085,38.92493204295692,-444.9578060275146,-156.7926459986339
4.31,2.6155949421933338,-45.97878257425262,-3.8189278659151573,41.409315412587304,-460.9130806490753,-183.59919212380467
4.32,3.196271449419167,-38.35545075247104,-3.9255928826757627,43.58315086101389,-474.8739459429409,-207.05491998332909
4.33,3.704363393241771,-31.685035408412165,-4.018924772341292,45.485256878387155,-487.0897030750733,-227.57868186041296
4.34,4.14894384408655,-25.848421982360644,-4.100590175798631,47.149599643588765,-497.77849056568914,-245.53697350286134
4.35,4.537951738575732,-20.741385234565566,-4.172047403823802,48.60589956314017,-507.131179619978,-261.25047869000366
4.36,4.878333646253766,-16.27272808024487,-4.234572478345827,49.88016199274765,-515.3147825424808,-274.9997957287532
4.37,5.176167815472045,-12.362653070214261,-4.289281918552598,50.995141618654195,-522.4754350996707,-287.03044813765905
4.38,5.43677271353804,-8.941337436437477,-4.337152678733524,51.97074879132242,-528.7410060872119,-297.5572689954517
4.39,5.6648019993457845,-5.947686256882792,-4.379039593891834,52.82440506740712,-534.2233807013104,-306.76823724602025
4.4,5.8643276244275615,-3.328241474772444,-4.4156906446553545,42.244479308981234,-487.2992078636466,-244.8847080902677
4.41,6.0389125463741165,-1.0362272904258882,-4.4477603140734345,32.98704427035858,-446.2405566306908,-190.73662007898426
4.42,6.191674353077352,0.9692851208773479,-4.475821274814255,24.88678861156376,-410.31423680185446,-143.35704306911123
4.43,6.325340933942683,2.724108480767679,-4.500374615462473,17.79906491011829,-378.8787069516227,-101.89991318547233
4.44,6.442299192199847,4.25957892067172,-4.521858788529664,11.597306671353504,-351.37261833266984,-65.6249245372883
4.45,6.544637668174866,5.603115555587754,-4.540657439963455,6.170768212434316,-327.30479079108613,-33.88430947012726
4.46,6.634183834653008,6.778710111139285,-4.557106259968023,1.4225470608800266,-306.2454416922004,-6.1112712863613545
4.47,6.712536730321382,7.807355347246874,-4.57149897747202,-2.7321464467299768,-287.81851123067537,18.190137124433814
4.48,7.369785139031209,7.628567178841014,-3.8656234802880176,-6.367503265888729,-271.69494707684095,39.453869483879586
4.49,7.944877496652308,7.472127531485887,-3.2479824202520153,-9.548440482652637,-257.58682844223586,58.05963529839464
4.5,8.44808330957077,7.33524284005015,-2.7075464927205135,-12.331760547321057,-245.24222463695637,74.33968038609531
4.51,8.888388395874424,7.215468735043881,-2.2346650561304493,-14.767165603905925,-234.44069630733682,88.58471983783339
4.52,9.273655346390122,7.110666393163395,-1.8208937991141432,-16.898145028417684,-224.9893590189197,101.04912935810421
4.53,9.610763928091357,7.01896434401797,-1.4588439492248753,-18.762752024865474,-216.71943889155474,111.95548768834118
4.54,9.905733937079937,6.938725051015723,-1.142050330571766,-20.39428314675729,-209.4832587801104,121.49855122729852
4.55,10.163832694944945,6.868515669638757,-0.8648559142502953,-21.821872878412627,-203.15160118259658,129.8487318238862
4.56,10.389669108076827,6.807082460933913,-0.6223107999690084,-31.75538851861105,-174.17015090977202,127.31576572090043
4.57,10.587275969567223,6.753328403317173,-0.4100838249728824,-40.44721470378467,-148.81138192105053,125.09942038078788
4.58,10.760181973371319,6.706293602902527,-0.22438522185127216,-48.05256261581158,-126.62245905591921,123.16011820818939
4.59,10.911474726699904,6.66513815253971,-0.06189894411986316,-54.70724203883513,-107.2071515489293,121.46322880716572
4.6,11.043855885862415,6.629127133472246,0.08027654889511973,-60.530086533980736,-90.21875748031313,119.97845058127001
4.61,11.159689400129613,6.597617491788215,0.20468010528322977,-65.62507546723315,-75.35391267027398,118.67926963361127
4.62,11.261043725113412,6.570046555314688,0.313533217122826,-70.083190783829,-62.34717346148974,117.54248630440986
4.63,11.349728759474235,6.5459219859003515,0.4087796899824727,-73.98404168585037,-50.966276653803526,116.54780089135863
4.64,10.933895164539956,6.315826737662808,0.6924424787346636,-77.39728622511907,-41.00799194707809,115.67745115493881
4.65,10.570040768972461,6.114493395454956,0.9406474188928307,-80.38387519697919,-32.29449282869333,114.91589513557146
4.66,10.251668172850904,5.938326721023087,1.1578267415312267,-82.99714054735679,-24.67018110010666,114.24953361862504
4.67,9.973092151244542,5.7841808808952,1.3478586488398232,-85.28374772893719,-17.998908337593328,113.66646729129691
4.68,9.729338132338974,5.6493032707833,1.5141365677348453,-87.28452901282003,-12.161544670394163,113.1562842548848
4.69,9.516053365796603,5.531285361935388,1.6596297467679897,-89.03521263621752,-7.053851461594892,112.7098740980242
4.7,9.329429195072027,5.428019691693464,1.7869362784219909,-90.56706080669034,-2.584619903895531,112.31926521077118
4.71,9.166133045688024,5.337662230231781,1.898329493619242,-91.90742795585405,1.3259577090914103,111.97748243442479
4.72,9.023248914977021,5.258599451452809,1.9957985569168368,-87.7296240863723,20.799588620454983,103.13404713012169
4.73,8.898225300604894,5.189419520021207,2.0810839873022324,-84.07404570057577,37.83901566789811,95.39604123885648
4.74,8.788829638029283,5.128887080018557,2.1557087388894534,-80.8754146130038,52.74851433441084,88.62528608399943
4.75,8.693108433275622,5.075921195016237,2.2210053965282714,-78.07661241137832,65.79432566760948,82.7008753234995
4.76,8.609352379116169,5.029576045639208,2.2781399719622373,-75.62766048495604,77.20941058415829,77.51701590806206
4.77,8.536065831726647,4.989024039934306,2.3281327254669577,-73.48482754933653,87.19760988613851,72.98113891955431
4.78,8.471940102760817,4.953541034942518,2.371876384783588,-71.60984873066947,95.9372842753712,69.01224655461002
4.79,8.415830089915714,4.922493405574703,2.4101520866856396,-69.96924226433579,103.5844993659498,65.53946573528377
4.8,7.134974703676249,5.0403417298778646,2.066163325849935,-68.53371160629382,110.27581257020607,62.5007825183733
4.81,6.014226240716718,5.143459013643131,1.765173160118693,-67.27762228050709,116.13071162393031,59.84193470357664
4.82,5.033571335627129,5.2336866369377395,1.5018067651038565,-66.1785441204437,121.25374829593902,57.515442865629566
4.83,4.175498293673738,5.312635807320522,1.2713611694658744,-65.21685073038824,125.73640538394665,55.479762507425875
4.84,3.424684381964521,5.381716331405457,1.06972127328264,-64.37536901408971,129.6587303359533,53.69854219399764
4.85,2.767722209218956,5.4421617899797745,0.8932863641223099,-63.639072512328504,133.09076466895914,52.13997441974794
4.86,2.1928803080665866,5.495051566232302,0.7389058186070212,-62.994813073287446,136.09379471033924,50.776227617279446
4.87,1.6898936445582633,5.541330120453264,0.6038228412811435,-62.43108606412652,138.72144599654683,49.582949165119516
4.88,1.2497803139884802,5.581823855396605,0.48562523612100056,-57.7072003061107,180.75001399697848,52.616330519479575
4.89,0.86468114973992,5.617255873472029,0.38220233160587547,-53.57380026784686,217.5250109973562,55.27053920454463
4.9,0.5277193810224301,5.648258889288025,0.291707290155141,-49.957075234366,249.70313337268666,57.59297180397655
4.91,0.23287783339462637,5.675386528127022,0.2125241288857484,-46.79244083007025,277.85899045110085,59.62510032847949
4.92,-0.025108520779701937,5.699123212111144,0.14323886277502984,-44.02338572631147,302.49536539471325,61.40321278741955
4.93,-0.2508465806822392,5.71989281059725,0.08261425492815111,-41.60046251052253,324.0521934703741,62.95906118899211
4.94,-0.4483673830969593,5.738066209272594,0.02956772306213222,-39.48040469670721,342.91441803657733,64.3204285403681
4.95,-0.6211980852098393,5.753967933113519,-0.01684799232063431,-37.62535410961881,359.41886453200516,65.51162497282209
4.96,-4.223860074558609,5.865219066474329,-0.44084861828055505,-36.00218484591646,373.86025521550454,66.55392185121933
4.97,-7.376189315238783,5.962563808165037,-0.8118491659954856,-34.5819117401769,386.4964720635665,67.46593161981691
4.98,-10.134477400833935,6.047740457144408,-1.13647464524605,-33.339172772654784,397.5531618056207,68.2639401673398
4.99,-12.547979475729694,6.122270025001357,-1.4205219395902937,-32.25177617607294,407.2277653299181,68.96219764642233
5.0,-14.659793791263482,6.187483396876187,-1.669063322141507,-31.300304154063816,415.69304341367837,69.57317294061953
5.01,-16.507631317355546,6.244545097266664,-1.8865370318738186,-30.467766134805842,423.1001617369686,70.10777632304209
5.02,-18.124489152686102,6.29447408510833,-2.076826527889591,-29.73929536795511,429.58139026984753,70.57555428266183
5.03,-19.539239758600342,6.3381619494697885,-2.2433298369033925,-29.10188344696072,435.2524652361166,70.9848599973291
5.04,-20.777146538775302,6.376388830786065,-2.3890202322904686,-23.96352301609063,406.658407706602,112.36300462266297
5.05,-21.86031497142839,6.409837351937807,-2.51649932825416,-19.467457639079303,381.6386073682768,148.5688811698301
5.06,-22.808087349999845,6.439104807945581,-2.62804353722239,-15.533400434194391,359.74628207224214,180.24902314860134
5.07,-23.637388181249865,6.464713831952383,-2.7256447200695915,-12.091100379920093,340.59049743821186,207.9691473800262
5.08,-24.363026408593633,6.4871217279583355,-2.8110457550608925,-9.079087832430082,323.82918588343534,232.2242560825229
5.09,-24.99795985751943,6.506728636963543,-2.885771660678281,-6.443576853376321,309.1630382730059,253.44747619720755
5.1,-25.553526625329503,6.5238846823431,-2.951156828093496,-4.1375047467042805,296.33015911388014,272.0177937975566
5.11,-26.039647547163316,6.538896222050212,-3.0083688495818093,-2.119691653366245,285.1013898496451,288.266821697862
5.12,-23.2186204787679,6.475953819293935,-1.983445118384083,-0.35410519669546425,275.2762167434395,302.4847211106292
5.13,-20.750221793921913,6.420879216882193,-1.0866368535860729,1.1907829528914688,266.67919027550954,314.92538309680054
5.14,-18.590372944681672,6.372688939771919,-0.3019296218878137,2.5425600837800353,259.15679211607085,325.8109623347005
5.15,-16.700505201596464,6.330522447300429,0.384689205848163,3.7253650733075307,252.57469372656197,335.33584416786294
5.16,-15.046870926396906,6.293626766387875,0.9854806801171426,4.76031943914409,246.81535763574175,343.6701157718801
5.17,-13.599940935597292,6.26134304558939,1.5111732201024997,5.665904509251079,241.775938556274,350.9626034253951
5.18,-12.33387719364763,6.233094789890716,1.9711541925896872,6.4582914455946945,237.36644686173975,357.3435301222207
5.19,-11.226071419441677,6.208377566154376,2.3736375435159762,7.151630014895358,233.50814162902225,362.92684098194314
5.2,-10.256741367011466,6.186749995385079,2.725810475576479,-9.43544836196656,163.31712405039445,345.5391107342002
5.21,-9.408577571135032,6.167825870961944,3.033961791129419,-23.94914194172074,101.89998366909516,330.3248467674252
5.22,-8.666434249743153,6.151267262091701,3.3035941922382417,-36.64862382400565,48.15998583545827,317.012365796497
5.23,-8.017058843525259,6.136778479330238,3.539522543208461,-47.76067047100494,1.1374877310259919,305.3639449469349
5.24,-7.4488553630846015,6.124100794413958,3.745959850307403,-57.483711287129324,-40.007198110352256,295.17157670356806
5.25,-6.951677317699026,6.113007820112213,3.9265924940189776,-65.99137200123816,-76.00879822155822,286.25325449062206
5.26,-6.516646527986649,6.103301467598186,4.084646057266606,-73.43557512608339,-107.51019831886344,278.4497225542943
5.27,-6.135994586988318,6.0948084091484125,4.22294292510828,-79.94925286032296,-135.0739234040055,271.6216321100075
5.28,-3.199353513614778,6.102411233004861,2.837750684469745,-85.64872087778258,-159.19218285350482,265.6470529712566
5.29,-0.6297925744129311,6.1090637038792535,1.6257074739110267,-90.63575539305975,-180.29565987181672,260.4192962248495
5.3,1.6185732473886851,6.114884615894347,0.5651696646721484,-94.99941059392728,-198.76120226283962,255.84500907174333
5.31,3.5858933414650993,6.119977913907554,-0.36280091841187023,-98.81760889468637,-214.91855185498468,251.8425078127754
5.32,5.307298423781962,6.124434549669109,-1.1747751786103864,-102.15853240785057,-229.0562327481116,248.34031921117847
5.33,6.813527870809217,6.12833410596047,-1.8852526562840883,-105.08184048186925,-241.42670352959766,245.27590418478115
5.34,8.131478636958064,6.131746217715412,-2.5069204492485775,-107.6397350466356,-252.25086546339793,242.5945410366835
5.35,9.284685557338307,6.134731815500985,-3.0508797680925053,-109.87789279080614,-261.7220071554732,240.24834828209805
5.36,10.293741612671019,6.137344213563362,-3.526844172080942,-92.52503119195536,-284.66550676103907,150.2010539968358
5.37,11.176665661087142,6.139630061867942,-3.9433130255708244,-77.34127729296094,-304.7410689159092,71.40967149723134
5.38,11.94922420345125,6.14163017913445,-4.307723272374472,-64.05549263134081,-322.30718580142053,2.46721181007743
5.39,12.625212928019844,6.143380281742643,-4.6265822383276625,-52.43043105242321,-337.67753807624297,-57.85744041618224
5.4,13.216703062017363,6.1449116215248125,-4.905583833536705,-42.25850217087031,-351.1265963167126,-110.64151111415946
5.41,13.734256929265193,6.146251543834211,-5.149710229344617,-33.35806439951152,-362.89452227712354,-156.8275729748895
5.42,14.187116563107043,6.1474239758549345,-5.3633208256765394,-25.57018134957258,-373.1914574924831,-197.24037710302832
5.43,14.583368742718664,6.148449853873068,-5.550230097466972,-18.755783680876007,-382.2012758059227,-232.6015807151498
5.44,13.96608477487883,7.069495622138934,-5.232740585283601,-12.793185720766509,-390.08486683018236,-263.54263387575605
5.45,13.425961303018976,7.8754106693715675,-4.954937262123151,-7.575912505670696,-396.98300897640956,-290.6160553912865
5.46,12.953353265141605,8.580586335700122,-4.711859354357757,-3.0107984424618595,-403.01888335435837,-314.3052992173757
5.47,12.539821231998904,9.197615043737608,-4.499166185063038,0.9836763628458729,-408.30027343506356,-335.0333875652037
5.48,12.17798070299904,9.737515163270407,-4.313059661930158,4.478841817490139,-412.9214897556806,-353.17046486955326
5.49,11.86137024012416,10.209927767861608,-4.150216454188888,7.537111590303871,-416.9650540362205,-369.0404075108591
5.5,11.584336085108639,10.623288796878906,-4.007728647415277,10.213097641515887,-420.50317278169297,-382.9266073220017
5.51,11.341931199470057,10.984979697269043,-3.8830518164883676,12.554585436326402,-423.5990266839813,-395.0770321567515
5.52,11.1298269245363,11.301459235110414,-3.7739595894273217,6.369637256785602,-374.42039847348366,-327.96927801215753
5.53,10.94423568396926,11.578378830721613,-3.6785038907489067,0.9578075996874018,-331.3890987892982,-269.2499931356378
5.54,10.781843348473103,11.820683476881412,-3.5949801544052935,-3.777543350273523,-293.7367115656359,-217.87061886868307
5.55,10.639750054913964,12.032700042271236,-3.521896885104632,-7.920975431489333,-260.7908727449314,-172.91366638509768
5.56,10.51541842304972,12.218214536987333,-3.4579490244665534,-11.546478502553166,-231.96326377681496,-133.57633296196047
5.57,10.406628245168505,12.380539719863917,-3.4019946464082342,-14.718793689734019,-206.73910592971308,-99.15616621671542
5.58,10.311436839522443,12.522574254880928,-3.353034565607205,-17.494569478517267,-184.66796781349893,-69.038520314626
5.59,10.228144359582139,12.646854473020813,-3.3101944949063045,-19.92337329370261,-165.35572196181155,-42.68558015029775
5.6,9.911023564634371,10.709177038893213,-1.9211026830430162,-22.048576631989782,-148.45750684158511,-19.626757506510533
5.61,9.633542869055074,9.013709284031561,-0.7056473476626391,-23.908129552991056,-133.67156861138696,0.5497123068032828
5.62,9.390747260423188,7.530174998527616,0.3578760707951907,-25.535238358867176,-120.73387265996358,18.20412339345287
5.63,9.17830110287029,6.232082498711664,1.2884590619457919,-26.958958564008782,-109.41338870246813,33.651733094271265
5.64,8.992410715011502,5.096251561372706,2.102719179202568,-28.204713743507682,-99.5079652396596,47.16839158248736
5.65,8.829756625635063,4.102399491201118,2.8151967818022468,-29.294749525569223,-90.84071970970214,58.995467759676444
5.66,8.68743429743068,3.232778929800978,3.438614684076966,-30.248530834873073,-83.25687987098937,69.34415941471688
5.67,8.562902260251844,2.4718609385758556,3.984105348567345,-31.08308948051394,-76.6210200121157,78.39926461287727
5.68,8.453936727720363,1.8060576962538737,4.461409679996427,-46.2114541704497,-73.83776763560124,74.73310678626763
5.69,8.358591886755317,1.2234798592221394,4.879050969996873,-59.448773274143484,-71.40242180615108,71.52521868798418
5.7,8.275165150910901,0.7137242518193719,5.244487098747264,-71.03142748987554,-69.2714942053822,68.71831660198616
5.71,8.202166757047038,0.2676880953419505,5.564243711403856,-81.1662499286411,-67.40693255470943,66.26227727673789
5.72,8.138293162416158,-0.12259354157579333,5.844030747478374,-90.03421956256096,-65.77544111037075,64.11324286714566
5.73,8.082403767114137,-0.4640899738788192,6.088844404043578,-97.79369299224084,-64.3478860965744,62.232837758752446
5.74,8.03350054622487,-0.7628993521439668,6.303056353538131,-104.58323224321073,-63.098775459502605,60.58748328890839
5.75,7.990710227946761,-1.024357558125971,6.490491809345865,-110.52407908780938,-62.005803652064785,59.147798127794836
5.76,7.540483199453416,-1.3869524883602247,5.570467333177632,-115.72232007683321,-61.04945332055669,57.88807361182048
5.77,7.146534549521738,-1.7042230523151967,4.765445916530428,-120.27078094222907,-60.212646780487106,56.78581466034292
5.78,6.801829480831521,-1.9818347957757971,4.061052176964125,-124.25068419945043,-59.48044105792622,55.82133807780006
5.79,6.500212545727581,-2.224745071303823,3.4447076548436097,-127.73309954951912,-58.839761050685446,54.977421068075046
5.8,6.236297727511634,-2.437291562390845,2.9054061979881585,-130.78021298082922,-58.279166044349765,54.23899368456566
5.81,6.0053722615726794,-2.6232697420919893,2.433517423239639,-133.44643723322557,-57.788645413806044,53.59286972399495
5.82,5.803312478876094,-2.7860006493304907,2.0206147453346843,-135.7793834540724,-57.35943986208029,53.02751125849558
5.83,5.626510169016583,-2.9283901931641796,1.6593249021678487,-137.82071139731335,-56.98388500432026,52.53282260118363
5.84,5.47180814788951,-3.052981044018657,1.3431962893968674,-144.23999722264918,-45.74839937878023,61.84309527603568
5.85,5.336443879403321,-3.161998038516325,1.0665837532222588,-149.85687231981802,-35.9173494564327,69.98958386653122
5.86,5.218000144477906,-3.2573879087017845,0.8245477840694764,-154.77163802984077,-27.315180774378614,77.11776138321481
5.87,5.114361876418168,-3.3408540451140616,0.6127663110607917,-159.07205802611068,-19.788283177581288,83.35491671031296
5.88,5.023678391865897,-3.413886914474804,0.4274575221781927,-162.83492552284685,-13.202247780383626,88.81242762152384
5.89,4.94433034288266,-3.4777906751654535,0.26531233190591863,-166.127434582491,-7.4394668078356725,93.58774966883335
5.9,4.874900800022328,-3.5337064657697717,0.12343529041767881,-169.00838000967963,-2.3970334568562137,97.76615646022918
5.91,4.814149950019536,-3.58263278254855,-0.0007071208845310373,-171.52920725846968,2.015095725250813,101.42226240270053
5.92,3.440522831267095,-3.4717699347299815,-0.35693685577396467,-173.73493110116095,5.8757087595944615,104.62135510236295
5.93,2.238599102358708,-3.374764942888734,-0.6686378738022191,-175.66493946351582,9.253745164645153,107.42056121456758
5.94,1.1869158395638695,-3.2898855750276423,-0.9413762645769417,-177.35369678057634,12.20952701906451,109.86986656274664
5.95,0.26669298461838575,-3.215616128149187,-1.180022356504824,-178.8313594330043,14.795836141681445,112.0130087424033
5.96,-0.5385020134589125,-3.150630362130539,-1.388837686941721,-180.12431425387877,17.058856623971263,113.88825814960289
5.97,-1.2430476367765484,-3.0937678168642218,-1.571551101074006,-181.25564972214391,19.038999545974853,115.52910138090253
5.98,-1.85952505717948,-3.044013089756194,-1.7314253384397553,-182.2455682568759,20.771624602727996,116.96483920828972
5.99,-2.398942800032045,-3.00047770353667,-1.8713152961347859,-183.11174697476642,22.287671527386998,118.2211098072535
6.0,-2.870933325028039,-2.962384240594586,-1.9937190091179378,-175.6840284779206,62.75296346146362,119.82347195634682
6.01,-3.283925034399534,-2.929052460520263,-2.1008222579781957,-169.18477479318054,98.16009390378066,121.22553883680348
6.02,-3.645292780099592,-2.89988715295523,-2.194537600730921,-163.49792781903295,129.1413330408081,122.45234735720305
6.03,-3.961489557587143,-2.8743675088358263,-2.276538525639556,-158.5219367166538,156.24991728570706,123.52580481255268
6.04,-4.23816173788875,-2.8520378202313483,-2.3482893349346114,-154.1679445020721,179.96992849999367,124.4650800859836
6.05,-4.480249895652657,-2.83249934270243,-2.411071293067785,-150.35820131431308,200.72493831249443,125.28694595023566
6.06,-4.692077033696075,-2.815403174864626,-2.466005506434312,-147.02467602502392,218.8855718984326,126.0060785814562
6.07,-4.877425779484065,-2.800444028006548,-2.514072943130023,-144.10784139689594,234.77612628612854,126.63531963377417
6.08,-5.039605932048557,-2.7873547745057294,-2.55613195023877,-141.55561109728393,248.68036137536245,127.18590555455239
6.09,-7.680156940542488,-3.086552927692513,-2.2650115814589236,-139.32240958512344,260.84656707844215,127.66766823523335
6.1,-9.990639072974677,-3.348351311730949,-2.0102812587765584,-137.36835826198302,271.49199706863686,128.0892105808292
6.11,-12.012310938852842,-3.5774248977645806,-1.7873922264294886,-135.65856335423513,280.80674831005723,128.45806013322553
6.12,-13.781273821496239,-3.777864285544008,-1.5923643231258024,-134.16249280995572,288.95715564630007,128.78080349157233
6.13,-15.329116343809208,-3.953248749851007,-1.421714907735077,-132.85343108371126,296.0887620655125,129.06320393012578
6.14,-16.68347855083306,-4.106710156119631,-1.2723966692681925,-131.70800207324734,302.32891768232344,129.31030431386006
6.15,-17.868545481978927,-4.2409888866046765,-1.1417432106096683,-130.70575168909141,307.78905384703296,129.52651714962755
6.16,-18.90547904673156,-4.358482775779092,-1.0274214342834598,-115.080657727955,306.02604624115384,182.3819550059241
6.17,-19.812795915890117,-4.461289928806705,-0.9273898799980274,-101.40870051196063,304.4834145860096,228.6304631301836
6.18,-20.606698176403853,-4.551246187705867,-0.839862269998274,-89.44573794796555,303.1336118877584,269.09790773891064
6.19,-21.301362654353373,-4.629957914242633,-0.7632756112484897,-78.97814570446987,301.95253452678855,304.5069217715468
6.2,-21.909194072559202,-4.698830674962304,-0.6962622848424285,-69.81900249141114,300.91909183594,335.4898090501034
6.21,-22.4410465634893,-4.759094340592016,-0.6376256242371249,-61.804752179984746,300.01482948144746,362.5998354188405
6.22,-22.90641749305314,-4.811825048018014,-0.5863185462074842,-54.79228315748665,299.2235999212665,386.3211084914854
6.23,-23.3136170564215,-4.857964417015762,-0.5414248529315487,-48.65637276280082,298.53127405610815,407.0772224300497
6.24,-20.281637799368813,-2.8522543648887915,-0.5716416213151052,-43.28745116745072,297.9254889240946,425.2388221262934
6.25,-17.62865594944771,-1.0972580692776923,-0.598081293650717,-38.589644771519374,297.39542693358277,441.1302218605067
6.26,-15.307296830766749,0.4383636893820192,-0.6212160069443775,-34.47906417507945,296.9316226918849,455.0351966279433
6.27,-13.276107601920906,1.7820327282092667,-0.6414588810763303,-30.88230615319452,296.52579398039927,467.2020495494504
6.28,-11.498817026680793,2.957743137183108,-0.6591713959417891,-27.735142884045207,296.17069385784936,477.8480458557691
6.29,-9.943687773345694,3.98648974503522,-0.6746698464490655,-24.981375023539556,295.85998125061815,487.16329262379793
6.3,-8.582949676677483,4.886643026905817,-0.6882309906429324,-22.571828145597113,295.58810771929086,495.31413354582315
6.31,-7.392303842092797,5.674277148542591,-0.7000969918125659,-20.463474627397474,295.3502183793795,502.44611935259525
6.32,-6.350488736831197,6.363457004974767,-0.7104797428359952,-33.414915673972786,221.89581670695708,465.00660468352083
6.33,-5.438900519727298,6.966489379352921,-0.7195646499814959,-44.74742658972619,157.62321524358745,432.24702934808073
6.34,-4.641260829761386,7.494142706933806,-0.727513943733809,-54.663373641010416,101.38468896313901,403.58240092957067
6.35,-3.9433261010412126,7.95583936856708,-0.7344695757670828,-63.33982731088411,52.17597846774663,378.50085106337434
6.36,-3.3326332134110612,8.359823947496194,-0.7405557537961975,-70.9317242720236,9.118356784278305,356.55449493045256
6.37,-2.7982769367346787,8.713310454059169,-0.7458811595716729,-77.57463411302065,-28.557062188756483,337.351433314146
6.38,-2.3307151946428437,9.022611147301772,-0.7505408896252138,-83.38718022389307,-61.523053790161924,320.54875439987774
6.39,-1.9215986703124885,9.29324925388905,-0.7546181534220622,-88.47315807090644,-90.36829644139168,305.846410349893
6.4,-0.07978771152342756,7.478416097152919,-1.2105038842443043,-92.92338868704313,-115.60788376121772,292.98185930615637
6.41,1.531796877417001,5.890437085008804,-1.6094038987137664,-96.81734047616274,-137.69252266606549,281.7253771428868
6.42,2.941933392739876,4.500955449382703,-1.9584414113745456,-100.2245482916424,-157.0165817078073,271.875955250026
6.43,4.175802843647391,3.2851590182098653,-2.2638492349527275,-103.20585513018712,-173.92513336933138,263.25771109377274
6.44,5.255438613191467,2.2213371409336324,-2.5310810805836366,-105.81449861391373,-188.72011607316495,255.71674745705116
6.45,6.200119911542534,1.2904929983169282,-2.764908945510682,-108.09706166217451,-201.66572593901932,249.11840427491978
6.46,7.026716047599717,0.4760043735273122,-2.9695083273218463,-110.0943043294027,-212.99313457164192,243.3448539905548
6.47,7.749987666649751,-0.23667317316360187,-3.1485327864066153,-111.84189166322737,-222.9046171251867,238.29299749173546
6.48,8.382850333318533,-0.8602660265181516,-3.305179188105788,-87.15603033032396,-251.44403998453836,140.37886955526852
6.49,8.936605166653717,-1.4059097732033827,-3.4422447895925643,-65.55590166403347,-276.41603498647106,54.70400761085996
6.5,9.421140645822002,-1.88334805155296,-3.5621771908934936,-46.65578908102929,-298.2665306131622,-20.261496590497536
6.51,9.84510919009425,-2.3011065451088397,-3.667118042031807,-30.11819057090063,-317.385714286517,-85.85631276668535
6.52,10.21608166633247,-2.6666452269702345,-3.758941286777831,-15.647791874538052,-334.11500000070237,-143.2517769208497
6.53,10.54068258304091,-2.986491573598955,-3.839286625930602,-2.9861930152207954,-348.75312500061455,-193.47280805574349
6.54,10.824708385160797,-3.2663571268990856,-3.9095887976892767,8.092705986681803,-361.5614843755377,-237.41621029877558
6.55,11.073230962015698,-3.5112394860367,-3.971103197978117,17.786742613346576,-372.76879882859555,-275.86668726142864
6.56,10.320818966763735,-1.9471865502821124,-4.401387548230852,26.26902466167825,-382.57519897502107,-309.5108546037501
6.57,9.662458470918267,-0.5786402314968484,-4.777886354701996,33.69102145396847,-391.1557991031434,-338.94950102828136
6.58,9.086393037053483,0.6188377974402577,-5.107322810364247,40.18526864722241,-398.66382421525054,-364.7083166497462
6.59,8.582335782421797,1.6666310727602256,-5.395579709068716,45.867734941319604,-405.2333461883443,-387.24728031852794
6.6,8.141285684619072,2.5834501886651973,-5.647804495435127,50.83989294865465,-410.98167791480125,-406.968873528712
6.61,7.755366849041689,3.385666915082048,-5.868501183505737,55.190531205072816,-416.0114681754511,-424.225267587623
6.62,7.417687867911478,4.087606550696792,-6.06161078556752,58.99733967943871,-420.41253465351974,-439.32461238917017
6.63,7.122218759422544,4.701803731859694,-6.23058168737158,62.32829709450887,-424.26346782182975,-452.5365390905239
6.64,6.863683289494726,5.239226265377233,-6.378431226450132,56.36601008269526,-373.08990921910106,-369.61884607920837
6.65,6.637464753307886,5.709470982205079,-6.507799573143866,51.149008947358354,-328.3130454417134,-297.0658646943073
6.66,6.4395235341444,6.120935109429444,-6.620996876500883,46.58413295393856,-289.1332896364993,-233.5820059825189
6.67,6.266324967376351,6.480966220750764,-6.720044516938273,42.58986645969624,-254.85100330693686,-178.03362960970404
6.68,6.114776221454307,6.7959934431569184,-6.806711202320989,39.09488327723421,-224.85400276856973,-129.42880028349103
6.69,5.982171068772519,7.071642262762304,-6.882544552030866,36.036772992579934,-198.6066272974985,-86.89957462305466
6.7,5.866141560175955,7.3128349799170165,-6.948898733027008,33.36092649350744,-175.64017376031117,-49.68650217017284
6.71,5.764615740153961,7.52387860742739,-7.006958641398632,31.019560806819012,-155.54452691527226,-17.125063773901232
6.72,5.813752147634716,5.742448656498966,-5.249157811223803,28.970865830966634,-137.96083592586322,11.366194822836421
6.73,5.856746504180377,4.183697449436595,-3.711082084820828,27.178257727095804,-122.57510631013032,36.29604609498187
6.74,5.89436656615783,2.8197901432570207,-2.3652658242182243,25.60972563620883,-109.11259289636403,58.10966595810913
6.75,5.9272841203881015,1.6263712503498933,-1.1876765961909463,24.237260056682725,-97.33289365931853,77.19658333834549
6.76,5.956086980339589,0.5821297190561567,-0.15728602166707795,23.036352674597385,-87.02565682690371,93.8976360460523
6.77,5.98128948279714,-0.33158162082586284,0.7443057310413068,21.98555871527271,-78.00682459854075,108.51105716529577
6.78,6.003341672447498,-1.13107904322263,1.5331985146611435,21.06611400086362,-70.11534639872315,121.29780064463378
6.79,6.0226373383915615,-1.8306392878198012,2.2234797003285003,20.261599875755667,-63.210302973882754,132.48620118905455
6.8,6.0395210460926165,-2.442754501842326,2.827475737787438,-6.456099858713792,-65.28839022714742,126.25917616542273
6.81,6.05429429033104,-2.9783553141120347,3.355972270564008,-29.834087126374566,-67.10671657375399,120.81052926974488
6.82,6.06722087903966,-3.4470060248480303,3.8184067367435066,-50.28982598557775,-68.69775212703473,116.04296323602676
6.83,6.078531644159702,-3.857075396742027,4.223036894650568,-68.18859748738053,-70.0899082361554,111.87134295652342
6.84,6.08842856363974,-4.215886097149274,4.577088282819247,-83.85002255145797,-71.30804483163597,108.22117521195798
6.85,6.097088368184773,-4.529845460005615,4.886883247466841,-97.55376948252572,-72.37391435268147,105.02727843546323
6.86,6.104665697161677,-4.804559902504913,5.157953841533486,-109.54454804721001,-73.30655018359629,102.23261875603032
6.87,6.111295860016467,-5.044935039691799,5.3951406113418,-120.03647929130877,-74.12260653564675,99.78729153652652
6.88,6.105130752514409,-4.608233909730324,4.9979701599240745,-129.21691912989516,-74.8366558436909,97.64763021946071
6.89,6.099736283450108,-4.226120421014034,4.650446014933565,-137.24980398865827,-75.46144898822955,95.77542656702812
6.9,6.095016123018844,-3.89177111838728,4.346362388066869,-144.27857824007597,-76.00814298970086,94.1372483711496
6.91,6.090885982641488,-3.59921547858887,4.080289214558511,-150.42875571006647,-76.48650024098825,92.7038424497559
6.92,6.087272109811302,-3.343229293765261,3.847475187738697,-155.81016099630816,-76.90506283586473,91.4496122685364
6.93,6.084109971084889,-3.119241382044603,3.6437629142713597,-160.51889062176963,-77.27130510638163,90.35216085996935
6.94,6.0813430996992786,-2.923251959289028,3.46551467498744,-164.63902904404844,-77.59176709308393,89.39189087747317
6.95,6.078922087236869,-2.751761214377899,3.30954746561401,-168.2441501635424,-77.87217133144844,88.55165464278902
6.96,6.07680370133226,-2.6017068125806615,3.1730761574122583,-163.7773813930996,-64.56814979001737,91.4608234374404
6.97,6.074950113665727,-2.4704092110080786,3.0536637627357264,-159.86895871896215,-52.9271309412652,94.00634613276036
6.98,6.07332822445751,-2.3555238096320688,2.9491779173937607,-156.44908887909187,-42.74123944860705,96.23367849116532
6.99,6.071909071400322,-2.25499908342806,2.8577528027195402,-153.45670276920538,-33.82858439253116,98.18259430476967
7.0,6.0706673124752815,-2.1670399479995526,2.7777558273795977,-150.8383649230547,-26.030011218464768,99.88789564167347
7.01,6.069580773415872,-2.0900757044996086,2.7077584739571483,-148.54731930767286,-19.20625969115667,101.38003431146429
7.02,6.068630051738888,-2.0227319914371575,2.6465107897125044,-146.54265439421377,-13.235477104762086,102.68565564753125
7.03,6.0677981702715265,-1.9638062425075127,2.5929190659984416,-144.78857259493705,-8.011042341666826,103.82807431658985
7.04,5.094549148987586,-1.7125727121940737,2.2497251827486364,-143.25375102056992,-3.4396619239584734,104.82769065201612
7.05,4.242956255364138,-1.4927433731698145,1.9494305349050567,-141.9107821429987,0.560295941536336,105.7023549455141
7.06,3.497812473443621,-1.3003927015235879,1.6866727180419245,-140.73568437512387,4.060259073844294,106.46768620232484
7.07,2.8458116642631683,-1.1320858638331395,1.456759628286684,-139.7074738282334,7.122726814613757,107.13735105203425
7.08,2.2753109562302725,-0.9848173808539971,1.2555856747508485,-138.80778959970422,9.802386087787038,107.72330779552998
7.09,1.7761228367014883,-0.8559574582472474,1.0795584654069923,-138.0205658997412,12.147087951813658,108.23601994608873
7.1,1.3393332321138023,-0.7432050259663415,0.9255346572311183,-137.33174516227353,14.19870208283695,108.68464307782764
7.11,0.957142328099577,-0.6445466477205488,0.7907638250772285,-136.72902701698933,15.993864447482332,109.07718831809919
7.12,0.6227252870871298,-0.5582205667554802,0.672839346942575,-121.15164876486567,51.40088301654704,106.0037897783368
7.13,0.33011037620123856,-0.4826852459110451,0.5696554285747532,-107.52144279425747,82.38202426447867,103.3145660560447
7.14,0.07407232917608375,-0.41659184017216444,0.479369500002909,-95.59501256997528,109.49052285641883,100.96149529903911
7.15,-0.14996096197092673,-0.3587601101506439,0.40036931250254537,-85.15938612372837,133.21045912436648,98.90255838665922
7.16,-0.34599009172456086,-0.3081573463818134,0.3312441484397272,-76.02821298326232,153.96540335882068,97.10098858832683
7.17,-0.5175155802589908,-0.2638799280840867,0.2707596298847613,-68.03843648535454,172.12597956396812,95.52461501478598
7.18,-0.667600382726617,-0.22513718707357588,0.21783567614916616,-61.047382049685226,188.01648374347212,94.14528813793774
7.19,-0.79892458488579,-0.1912372886893789,0.1715272166305204,-54.930209418474576,201.9206749005381,92.93837712069552
7.2,-2.904513261775066,-0.4248915026032065,0.9074319395517054,-49.57768336616525,214.08684216297084,91.88232998060857
7.21,-4.746903354053183,-0.6293389397778058,1.5513485721077422,-44.894223070394595,224.73223851759948,90.9582887330325
7.22,-6.358994684796535,-0.8082304473055801,2.1147756255942745,-40.79619531159527,234.04696032789957,90.14975264140344
7.23,-7.769574599196968,-0.9647605163923827,2.60777429739499,-37.21042102264586,242.19734191191213,89.44228356122801
7.24,-9.003832024297346,-1.1017243268433348,3.0391481352206164,-34.07286851981513,249.32892579792312,88.82324811607451
7.25,-10.083807271260177,-1.221567660987918,3.4166002433180394,-31.32751007983824,255.56906169818274,88.2815921015652
7.26,-11.028785612352653,-1.3264305783644281,3.7468708379032845,-28.92532144485846,261.02918061090986,87.80764308886955
7.27,-11.855641660808573,-1.4181856310688745,4.035857608165374,-26.823406389251154,265.8067846595461,87.39293770276086
7.28,-12.5791407032075,-1.4984713021852651,4.288721032144703,-18.11985559059476,262.95218545210287,121.14632073991575
7.29,-13.212202365306563,-1.568721264412107,4.509976528126614,-10.504248641770413,260.45441114559003,150.68053089742628
7.3,-13.766131319643243,-1.6301899813605936,4.703575087110788,-3.840592561549111,258.2688586273913,176.522964785248
7.31,-14.250819154687836,-1.6839751086905193,4.87297382622194,1.9901065086445278,256.3565001739674,199.13509443709202
7.32,-14.674921010351856,-1.7310370951042042,5.021197722944198,7.091968195063962,254.68318652722147,218.92070788245553
7.33,-15.046010134057873,-1.7722163332161787,5.150893632576174,11.556097170680967,253.21903708631876,236.23311964714858
7.34,-15.370713117300639,-1.8082481665641563,5.264377553504152,15.462210024345847,251.9379063255289,251.381479941255
7.35,-15.65482822763806,-1.8397760207436367,5.363675984316133,18.880058771302615,250.81691690983777,264.63629519859813
7.36,-15.9034289491833,-1.867362893150682,5.450562111276617,21.870676424889787,249.83605117110804,276.23425854877337
7.37,-15.042048455535387,0.09117346849315333,5.5364875973670395,24.487466871778565,248.97779364971953,286.3824764801767
7.38,-14.288340523593462,1.8048927849315093,5.611672397696159,26.777158512806245,248.22681831850457,295.2621671701546
7.39,-13.628846083144278,3.3043971868150708,5.677459097984139,28.780638698705467,247.56971490369148,303.0318965238853
7.4,-13.051788447751242,4.616463538463187,5.735022460736121,30.533683861367283,246.99474941573004,309.8304097083996
7.41,-12.546863016782336,5.764521596155289,5.785390403144106,32.067598378696374,246.49165461376379,315.7791087448496
7.42,-12.105053264684543,6.7690723966358775,5.829462352751093,33.409773581359325,246.0514466620433,320.9842204017434
7.43,-11.718469731598974,7.648054347056393,5.868025308657206,34.58417688368941,245.66626470428787,325.5386931015255
7.44,-11.380209140149102,8.417163553674344,5.9017678950750545,27.133029773228234,178.5536061162519,291.36948171383483
7.45,-11.084231122630463,9.090134109465051,5.931292658190673,20.613276051574704,119.8300298517204,261.4714217496055
7.46,-10.825250357301655,9.67898334578192,5.957126825916839,14.908491545127866,68.44690062025535,235.3106192809048
7.47,-10.598642187638948,10.19422642755918,5.979731722677234,9.916805101986881,23.48666254272343,212.4199171207917
7.48,-10.40036003918408,10.645064124114281,5.999511007342579,5.549079464238521,-15.853545775116999,192.39055273069272
7.49,-10.226863159286069,11.039547108599995,6.016817881424757,1.727319531208706,-50.27622805322737,174.86485888935613
7.5,-10.07505338937531,11.384719720024997,6.031961396246662,-1.6167204101923822,-80.39607504657394,159.5298767781866
7.51,-9.942219840703395,11.686745755021871,6.045211971715829,-4.542755358918335,-106.7509411657522,146.11176743091326
7.52,-6.929469985615471,9.696619535644137,4.55206960025135,-7.103035939053543,-129.81144902003317,134.3709217520491
7.53,-4.293313862413537,7.955259093688621,3.2455700252199318,-9.343281446671849,-149.98939339252902,124.09768178304296
7.54,-1.9866772546118452,6.431568706977544,2.1023828970674403,-11.303496265837868,-167.64509471846287,115.1085968101626
7.55,0.031629777214635446,5.098339618605351,1.1020941599340104,-13.018684232608134,-183.093833378655,107.24314745889228
7.56,1.797648430062806,3.9317641662796823,0.22684151494225913,-14.519473703532118,-196.6114797063231,100.36087927653074
7.57,3.3429147513049555,2.911010645494722,-0.5390045494255232,-15.832664490590602,-208.4394202430327,94.33889461696438
7.58,4.6950227823918365,2.017851314807882,-1.2091198557473328,-16.981706429266776,-218.78886821265365,89.06965803984383
7.59,5.878117309592857,1.2363369004568967,-1.7954707487789163,-17.98711812560843,-227.84463518607197,84.45907603486336
7.6,6.913325020893749,0.5525117878997847,-2.308527780181552,5.046896515092625,-280.787184787813,31.293564530505442
7.61,7.8191317682820305,-0.04583518558768829,-2.757452682658858,25.201659325706046,-327.11191568933634,-15.226258035807742
7.62,8.611712672246776,-0.5693887873892272,-3.1502619723265006,42.83707678499279,-367.6460552281693,-55.931102781331774
7.63,9.30522096321593,-1.0274981889655737,-3.4939701007856883,58.26806706186869,-403.11342732464817,-91.5478419336653
7.64,9.91204071781394,-1.428343915344877,-3.794714713187477,71.7701835541351,-434.1473779090672,-122.71248869195713
7.65,10.443008003087197,-1.7790839259267672,-4.0578662490390425,83.58453548486821,-461.3020846704338,-149.9815546054625
7.66,10.907604377701297,-2.0859814351859214,-4.288123842909162,93.92209342425969,-485.0624530866296,-173.8419872797797
7.67,11.314126205488636,-2.354516755787681,-4.489599237545517,102.96745662122723,-505.8527754508009,-194.71986586980722
7.68,11.266038804802557,-1.2527695363142208,-4.990767957852327,110.88214941857382,-524.0443075194507,-212.98800963608133
7.69,11.223962329202237,-0.28874071927494327,-5.429290588120786,117.80750561625209,-539.9618980795194,-228.97263543157115
7.7,11.187145413051958,0.5547844956344247,-5.812997889605688,123.86719228922057,-553.8897898195795,-242.95918300262474
7.71,11.154930611420465,1.2928690586801217,-6.148741778404977,129.169418128068,-566.076695092132,-255.19741212729664
7.72,11.126742659992907,1.9386930513451066,-6.442517681104356,133.8088657370595,-576.7402372056155,-265.9058626113846
7.73,11.102078202493793,2.503789044926968,-6.699571595966312,137.86838239492707,-586.0708365549135,-275.2757567849615
7.74,11.080496802182068,2.9982480393110973,-6.924493771470523,141.42045947056118,-594.2351109855493,-283.47441418684133
7.75,11.06161307690931,3.4308996593972103,-7.121300675036707,144.52852691174104,-601.3788511123557,-290.6482394134862
7.76,11.045089817295647,3.8094698269725593,-7.293506715657118,118.73621079777342,-552.0058694733112,-244.0053339868004
7.77,11.030631965133692,4.1407187236009895,-7.444187001199978,96.16793419805174,-508.8045105391474,-203.19279173845035
7.78,11.01798134449198,4.430561508150865,-7.5760322510499805,76.42069217329527,-471.0033214717539,-167.48181727114405
7.79,11.006912051430483,4.684173944632007,-7.691396844668732,59.14185540163336,-437.9272810377846,-136.23471461225103
7.8,10.997226420001674,4.9060848265530055,-7.792340864085141,44.02287322642919,-408.98574565806155,-108.89349978571964
7.81,10.988751492501464,5.1002568482338795,-7.880666881074498,30.793763823125545,-383.66190220080387,-84.96993681250468
7.82,10.981335930938782,5.270157367204644,-7.957952145940187,19.218293095234852,-361.5035391757034,-64.0368192109416
7.83,10.974847314571434,5.418820321304063,-8.025576752697663,9.089756208330495,-342.1149715287405,-45.720341309573904
7.84,10.025318275250005,4.257111281141055,-6.646203908610456,0.22728643228918344,-325.14997483764796,-29.69342314587717
7.85,9.194480365843754,3.240615870998423,-5.439252670034149,-7.527374621746964,-310.3056027329419,-15.669869752642523
7.86,8.467497195113284,2.3511823871236204,-4.38317033627988,-14.312703044028593,-297.3167771413241,-3.3992605335622077
7.87,7.831386920724123,1.5729280887331676,-3.459098294244895,-20.24986541352502,-285.9515547486586,7.337522533133067
7.88,7.274790430633608,0.8919555776415216,-2.6505352574642833,-25.44488248683439,-276.00698515507634,16.732207716491434
7.89,6.787768501804408,0.29610463043633134,-1.9430426002812478,-29.990522425980092,-267.3054867606918,24.952557251930003
7.9,6.361624314078856,-0.2252649483682101,-1.3239865252460918,-33.967957372732585,-259.6916756656053,32.14536309543875
7.91,5.988748149818999,-0.6814633298221838,-0.7823124595903304,-37.44821295114101,-253.02959095740465,38.43906820850891
7.92,5.662481506091623,-1.080636913594411,-0.3083476521415391,-50.42031220724839,-236.33714296272908,41.34730980744529
7.93,5.37699819283017,-1.4299137993951097,0.10637155437615325,-61.77089905634234,-221.73125096738795,43.89202120651463
7.94,5.127200293726398,-1.735531074470721,0.4692508600791341,-71.70266254929955,-208.95109547146447,46.118643680700295
7.95,4.908627132010599,-2.002946190161881,0.7867702525692424,-80.3929556056371,-197.76845941253143,48.066938345612755
7.96,4.717375615509274,-2.236934416391646,1.064599720998087,-87.99696202993246,-187.983652860965,49.77169617741116
7.97,4.550030538570615,-2.44167411434269,1.3077005058733262,-94.65046765119091,-179.42194712834439,51.26335928023476
7.98,4.4036035962492885,-2.620821350049854,1.5204136926391605,-100.47228506979205,-171.93045461230136,52.568564495205415
7.99,4.275480021718128,-2.777575181293622,1.7065377310592655,-105.56637531106804,-165.3753986607637,53.71061905830474
8.0,4.376266394003362,-3.0029352836319196,1.7362215146768574,-110.02370427218455,-159.63972470316824,54.70991680101664
8.01,4.464454469752941,-3.2001253731779293,1.7621948253422501,-113.92386711316148,-154.62100999027223,55.58430232588956
8.02,4.541619036033824,-3.3726667015306884,1.7849214721744688,-117.3365095990163,-150.2296346164882,56.34938966015336
8.03,4.6091380315295964,-3.523640363839352,1.8048072881526602,-120.32257177413926,-146.38718116442718,57.01884107763419
8.04,4.668217152588397,-3.655742318359433,1.8222073771335778,-122.93537617737185,-143.0250343938738,57.604611067929916
8.05,4.719911383514848,-3.771331528564504,1.8374324549918806,-125.22158003020037,-140.0831559696396,58.117159809438675
8.06,4.765143835575492,-3.872472087493941,1.8507543981178955,-127.22200840142533,-137.50901234843465,58.565639958258835
8.07,4.8047222311285545,-3.9609700765571985,1.8624110983531585,-128.97238322624716,-135.25663667988033,58.95806008847648
8.08,4.839353327237486,-4.038405816987549,1.8726107110590138,-124.91271032296626,-121.4995570948953,60.80642745241692
8.09,4.8696555363328,-4.106162089864105,1.881535372176637,-121.36049653259548,-109.46211245803339,62.423748895864804
8.1,4.896169969291201,-4.165448828631091,1.8893444506545574,-118.25230946602105,-98.92934840077922,63.8389051588817
8.11,4.9193700981298,-4.217324725052205,1.8961773943227378,-115.53264578276841,-89.71317985068183,65.0771668890215
8.12,4.939670210863575,-4.262716134420679,1.9021562200323956,-113.15294005992236,-81.6490323693466,66.1606459028938
8.13,4.957432809505628,-4.302433617618094,1.9073876925283462,-111.07069755243207,-74.59290332317828,67.10869004003209
8.14,4.972975083317424,-4.337186415415832,1.911965230962303,-109.24873535837806,-68.418790407781,67.93822866002807
8.15,4.986574572902747,-4.3675951134888535,1.9159705770920152,-107.6545184385808,-63.01644160680838,68.66407495252457
8.16,4.998474126289903,-4.394202724302747,1.9194752549555134,-106.2595786337582,-58.28938640595733,69.29919045845901
8.17,4.326626610503665,-4.659709008764903,1.6297329730860743,-105.03900630453842,-54.153213105212664,69.85491652615164
8.18,3.7387600341907063,-4.89202700766929,1.376208476450315,-103.97100551647112,-50.53406146706108,70.34117683538268
8.19,3.2243767799168683,-5.0953052567106285,1.1543745418940257,-103.03650482691224,-47.367303783678445,70.76665460595984
8.2,2.77429143242726,-5.2731737246218,0.9602698491572725,-102.2188167235482,-44.59639081071864,71.13894765521486
8.21,2.3804667533738524,-5.428808634044075,0.7904282430126135,-101.50333963310467,-42.17184195937881,71.46470407331302
8.22,2.035870159202121,-5.564989179788566,0.6418168376360369,-100.87729717896659,-40.05036171445646,71.7497409391489
8.23,1.7343481393018558,-5.684147157314995,0.5117818579315323,-100.32951003159576,-38.1940665001494,71.99914819675529
8.24,1.4705163718891239,-5.788410387650621,0.3980012506900908,-88.60207127764629,1.8251905623692792,78.63112954716087
8.25,1.2396635754029834,-5.879640714194293,0.29844321935382945,-78.3405623679405,36.84204049207312,84.43411322876575
8.26,1.0376673784776105,-5.9594672499200065,0.21132994193460075,-69.36174207194794,67.48178418056398,89.51172395017002
8.27,0.8609207061679092,-6.0293154686800055,0.13510582419277567,-61.50527431295445,94.29155990799347,93.95463333139877
8.28,0.7062673678969206,-6.090432660095005,0.06840972116867872,-54.63086502383514,117.75011366949428,97.84217903997391
8.29,0.5709456969098056,-6.14391020258313,0.010050631022593876,-48.615756895855746,138.2763482108075,101.24378153497717
8.3,0.4525392347960799,-6.190703052260239,-0.04101357285523036,-43.35253728387378,156.23680343445656,104.22018371810502
8.31,0.3489335804465699,-6.231646795727709,-0.08569475124832657,-38.74722012338955,171.9522017551495,106.82453562834189
8.32,-1.3943684921092514,-5.610113696261745,0.40854334265771425,-34.71756760796586,185.70317528575583,109.10334354979915
8.33,-2.9197578055955953,-5.066272234229027,0.8410016748255,-31.191621656970128,197.73527712503636,111.09730048107426
8.34,-4.2544734548961465,-4.590410954950399,1.2194027154723126,-28.10641894984886,208.26336623440682,112.84201279593997
8.35,-5.422349648034128,-4.174032335581599,1.5505036260382734,-25.40686658111775,217.47544420510596,114.36863607144747
8.36,-6.444241317029862,-3.809701043633899,1.8402169227834893,-23.04475825847803,225.53601242946772,115.70443143751653
8.37,-7.3383965274011285,-3.4909111631796614,2.0937160574355533,-20.977913476168276,232.58900962578426,116.87325238282696
8.38,-8.120782336475987,-3.2119700177822037,2.3155278002561093,-19.16942429164724,238.76038217256124,117.89597070997358
8.39,-8.805369919416489,-2.967896515559428,2.5096130752240957,-17.586996255191334,244.16033315099108,118.79084924622688
8.4,-9.404384054489427,-2.7543322011144995,2.679437690821084,-1.3667462232924166,271.04029288211717,148.51449284044853
8.41,-9.928521422678248,-2.5674634259751867,2.828034229468449,12.825972554619135,294.5602576468525,174.52268098539244
8.42,-10.387141619843467,-2.403953247728288,2.9580562007848927,25.244601485291742,315.1402268159959,197.27984561221837
8.43,-10.788434292363034,-2.260881841762252,3.0718254256867814,36.11090179963027,333.1476998389964,217.19236466069106
8.44,-11.139565380817654,-2.13569436154197,3.171373497475934,45.61891457467649,348.90423873412186,234.61581882810466
8.45,-11.446805083215446,-2.026155316349224,3.2584780602914423,53.93842575284193,362.6912102673566,249.86134122459157
8.46,-11.715639822813515,-1.930308651805571,3.3346945527550123,61.21799803373669,374.754810358937,263.2011733215176
8.47,-11.950870219961825,-1.8464428203298746,3.401383983660636,67.5876237795196,385.31046043906986,274.8735264063279
8.48,-10.919413067466596,-0.21766621778864015,3.8797006107030567,73.16104630707966,394.5466542591861,285.08683535553695
8.49,-10.016888059033272,1.20751330943494,4.298227659365175,78.03779101869469,402.6283238517878,294.02348068609484
8.5,-9.227178676654113,2.4545453957555727,4.664438826944528,82.30494264135785,409.69978474531433,301.843045350333
8.51,-8.536182967072348,3.5456984712861264,4.984873598576462,86.03870031118811,415.88731302715,308.6851644315414
8.52,-7.931561721188304,4.5004574123753605,5.265254023754403,89.3057382722896,421.30140027375626,314.67201862759873
8.53,-7.402518131039766,5.335871485828441,5.510586895785103,92.1643964882534,426.0387266145367,319.9105160491489
8.54,-6.939604989659795,6.066858800099886,5.725253158811965,94.66572242722174,430.1838871627196,324.4942012930053
8.55,-6.53455599095232,6.7064727000874,5.913086138960469,96.85438262381902,433.81090264237963,328.5049258813797
8.56,-6.18013811708328,7.266134862576475,6.07743999659041,74.35695979584165,366.2101645620822,314.7374351462072
8.57,-5.87002247744787,7.755839254754416,6.221249622016608,54.671714821361434,307.0595187418219,302.6908807529313
8.58,-5.598671292766887,8.184330597910114,6.347083044264532,37.447125468691254,255.3027036490941,292.15014565881495
8.59,-5.361239006171026,8.55926052317135,6.457187288731466,22.37560978510485,210.01549044295734,282.92700245146307
8.6,-5.153485755399648,8.887324207774931,6.553528502640032,9.188033561966744,170.38917888758766,274.8567521450302
8.61,-4.971701660974691,9.174379931803065,6.637827064810027,-2.3510956332790993,135.7161562766392,267.79528312690144
8.62,-4.812640578352855,9.425553690327682,6.711588306708774,-12.447833679119212,105.3772614920593,261.61649773603875
8.63,-4.6734621310587485,9.64533072903672,6.7761293933701765,-21.282479469229308,78.83072855555189,256.2100605190339
8.64,-2.971922489676405,9.675836137907131,5.501491094198904,-29.012794535575644,55.6025122361079,251.47942795415466
8.65,-1.4830753034668542,9.702528370668741,4.386182582424041,-35.776820218628686,35.27782295659441,247.34012445988532
8.66,-0.18033401553349737,9.725884074335148,3.410287634621036,-41.6953426913001,17.493719837020112,243.71823390239965
8.67,0.9595646114081898,9.746320315043256,2.5563795552934065,-46.87404985488759,1.9326296073925988,240.5490796645997
8.68,1.956975909982166,9.76420202566285,1.8092099858817305,-51.40541862302664,-11.683324343531476,237.77606970652474
8.69,2.8297107962343953,9.779848522454994,1.155436612646514,-55.37036629514831,-23.59728405059004,235.34968599320914
8.7,3.593353821705096,9.79353920714812,0.5833849110656997,-58.83969550825477,-34.02199879426628,233.226600244058
8.71,4.261541468991959,9.805518556254606,0.08283967218248717,-61.87535856972293,-43.143624194983,231.36890021355075
8.72,4.846205660367964,9.81600048672278,-0.35513741184032377,-49.17968874850756,-76.54817079561013,165.6715356868569
8.73,5.357786827821968,9.825172175882432,-0.7383673603602834,-38.070977654944116,-105.77714907115887,108.1863417259998
8.74,5.805420349344223,9.83319740389713,-1.073693565315248,-28.350855448076103,-131.35250506226402,57.88679701024982
8.75,6.197099680676194,9.840219478409988,-1.367103994650842,-19.84574851706659,-153.730941554481,13.874695383968593
8.76,6.539819095591669,9.84636379360874,-1.623838120319487,-12.403779952433265,-173.31207348517088,-24.63589353902748
8.77,6.839698583642711,9.851740069407647,-1.8484804802795511,-5.8920574583791065,-190.44556392452452,-58.332658846649046
8.78,7.102093135687372,9.856444310731693,-2.0450425452446073,-0.19430027608171851,-205.43736805895895,-87.81732849081791
8.79,7.331688368726452,9.860560521890232,-2.217034352089031,4.791237258428496,-218.55519667658908,-113.61641442946568
8.8,6.235073947635645,8.163168581653952,-5.401647558077903,9.153582601124935,-230.03329671701545,-136.19061462578247
8.81,5.27553632918119,6.677950633947209,-8.188184113318165,12.970634775984317,-240.07663425238852,-155.94303979755966
8.82,4.435940913033541,5.378384929703808,-10.626403599153395,16.310555428986277,-248.86455459583996,-173.2264118228647
8.83,3.701294923904348,4.241264938490832,-12.759845649259221,19.23298600036299,-256.55398489635996,-188.3493623450066
8.84,3.058479683416304,3.2462849461794776,-14.626607443101818,21.79011275031762,-263.282236409315,-201.58194405188078
8.85,2.496016347989266,2.3756774529070426,-16.26002401271409,24.027598656527914,-269.1694564831506,-213.16045304539568
8.86,2.0038609294906076,1.6138958962936625,-17.689263511124828,25.985398824461925,-274.3207740477568,-223.29164841472124
8.87,1.5732249383042818,0.9473370342569547,-18.939848072234224,27.698473971404184,-278.8281769167872,-232.15644436288107
8.88,1.1964184460162466,0.36409802997483537,-20.034109563204947,28.72053997497866,-265.3290295521888,-193.06126356752094
8.89,0.8667127652642159,-0.14623609877201904,-20.99158836780433,29.614847728106326,-253.5172756081652,-158.85298037158083
8.9,0.578220294606189,-0.5927784614255167,-21.82938232182879,30.397367012093035,-243.18199090714455,-128.92073257513323
8.91,0.3257893827804153,-0.9835030287473272,-22.562452031600188,31.082071385581404,-234.13861679375148,-102.73001575324157
8.92,0.1049123349328634,-1.3253870251539113,-23.203888027650166,31.68118771238373,-226.22566444453255,-79.81313853408638
8.93,-0.08835508193374453,-1.6245355220096722,-23.765144524193893,32.20541449833576,-219.30183113896598,-59.76087096732557
8.94,-0.25746407169202645,-1.886290456758463,-24.256243958669657,32.66411293604379,-213.24347699659523,-42.21513684640988
8.95,-0.4054344377305231,-2.115326024663655,-24.68595596383595,33.065474069038316,-207.94241712202083,-26.862619490608637
8.96,-0.5349085080142078,-2.3157321465806984,-25.061953968356455,33.416665060408526,-203.30398973176824,-13.429166804282557
8.97,0.3100788054875682,-2.538423378258111,-21.139622972311898,33.723957177857464,-199.2453657652972,-1.6748957037472376
8.98,1.0494427048016222,-2.7332782059758474,-17.70758335077291,33.99283778062528,-195.69406979463506,8.610091509221167
8.99,1.6963861167014194,-2.9037761802288666,-14.704548681926298,34.22810830804712,-192.5866858203057,17.60945532056852
9.0,2.262461602113742,-3.0529619077002583,-12.07689334668551,34.43397001954123,-189.86772484276747,25.483898655497455
9.01,2.7577776518495245,-3.183499419237726,-9.777694928349822,34.614099017098575,-187.48863398742154,32.374036573560275
9.02,3.191179195368334,-3.2977197418330104,-7.765896312306095,34.77171188996125,-185.40692948899385,38.402907251865244
9.03,3.570405545947292,-3.3976625241038843,-6.005572523267833,34.9096231537161,-183.58543805286962,43.67816909538209
9.04,3.9022286027038806,-3.4851124585908986,-4.465289207859355,35.030295509501585,-181.99163304626092,48.29402320845933
9.05,4.1925737773658955,-3.5616311512670364,-3.1175413068769355,11.16963369581389,-160.7214289154783,47.27977055740191
9.06,4.446625805195159,-3.628585007358657,-1.9382618935173184,-9.708445391162845,-142.1100003010435,46.392299487726675
9.07,4.668921329545764,-3.6871696314388247,-0.9063924068276537,-27.97676459226749,-125.82500026341306,45.61576230176084
9.08,4.863429913352543,-3.738431177508972,-0.0035066059741969413,-43.96154389323405,-111.57562523048644,44.93629226404074
9.09,5.033624924183475,-3.7832850303203505,0.7865184697725777,-57.948225781579794,-99.10742207667563,44.34175598103565
9.1,5.18254555866054,-3.822532151530307,1.4777904110510054,-70.18657243388232,-88.19774431709118,43.82153673340619
9.11,5.312851113827972,-3.8568733825890185,2.0826533596696297,-80.89512575464703,-78.65177627745479,43.366344891730414
9.12,5.426868474599475,-3.8869219597653912,2.611908439710926,-90.26510991031616,-70.29905424277294,42.96805203026411
9.13,5.317378790274541,-4.0715114647947175,2.89865400974706,-98.46384604652664,-62.99042246242632,42.6195457764811
9.14,5.221575316490223,-4.233027281695378,3.1495563835286777,-105.63774016571081,-56.59536965462303,42.31460280442096
9.15,5.137747276928945,-4.374353621483456,3.369095960587593,-111.91489751999696,-50.99969844779515,42.04777770386834
9.16,5.064397742312826,-4.498014168798024,3.561193090514144,-117.40741020499733,-46.10348614182075,41.8143057408848
9.17,5.000216899523722,-4.606217147698271,3.729278079199876,-122.21335880437267,-41.81930037409315,41.6100177732742
9.18,4.944058662083257,-4.700894754235987,3.8763524442998913,-126.4185638288261,-38.07063782733151,41.43126580161493
9.19,4.894920204322849,-4.783737659956489,4.005042513762405,-130.09811822522283,-34.79055809891507,41.27485782641306
9.2,4.851924053782493,-4.856225202461928,4.117646324542104,-132.41210332206998,-29.216738336550684,47.039875973111435
9.21,4.814302422059681,-4.9196518021541875,4.2161746589743405,-134.43684028181124,-24.339646044481846,52.084266851472506
9.22,4.78138349430222,-4.975150076884915,4.302386951602548,-136.20848512158483,-20.072190288921615,56.498108870038436
9.23,4.752579432514443,-5.0237110672743,4.377822707652229,-137.75867435638673,-16.338166502806413,60.36022063628363
9.24,4.727375878450137,-5.066201933865013,4.443828994195701,-139.1150899368384,-13.070895689955611,63.73956843174817
9.25,4.705322768643869,-5.103381442131886,4.501584494921238,-140.3019535697336,-10.21203372871116,66.69649775277965
9.26,4.6860262975633855,-5.135913511865401,4.552120558056083,-141.3404592485169,-7.710529512622266,69.2838109086822
9.27,4.669141885367962,-5.164379072882226,4.596339613299072,-142.2491517174523,-5.521713323544482,71.54770992009692
9.28,3.6892161496969664,-5.2431403137719474,4.521961286636689,-143.04425762777075,-3.6064991581014216,73.52862155508481
9.29,2.8317811309848455,-5.312056399550454,4.456880250807103,-143.7399752992994,-1.930686763338744,75.26191923569921
9.3,2.08152548961174,-5.372357974606647,4.399934344456215,-144.34872826188698,-0.4643509179214007,76.7785547062368
9.31,1.4250518034102726,-5.4251218527808165,4.350106676399188,-144.8813871041511,0.8186929468187745,78.1056107429572
9.32,0.8506373279839885,-5.471290246183214,4.30650746684929,-145.3474635911322,1.9413563284664277,79.26678477508754
9.33,0.34802466198598997,-5.511687590410312,4.268358158493129,-145.75528051724066,2.9236867874081245,80.2828120532016
9.34,-0.0917614207622588,-5.547035266609023,4.234977513681487,-146.1121203275856,3.7832259389821092,81.17183592155139
9.35,-0.47657424316697644,-5.577964483282895,4.205769449471301,-146.42435516163738,4.535322696609345,81.94973180635746
9.36,-0.8132854627711044,-5.605027547872533,4.1802123932873885,-139.8113110164327,27.799032984533177,81.75101570556278
9.37,-1.1079077799247163,-5.628707729388466,4.157849969126465,-134.02489738937862,48.15477948646653,81.57713911736744
9.38,-1.3657023074341268,-5.649427888214908,4.138282847985657,-128.9617854657063,65.96605767565822,81.42499710269651
9.39,-1.5912725190048609,-5.667558027188044,4.12116161698745,-124.53156253249301,81.55092609120094,81.29187283985945
9.4,-1.7886464541292533,-5.683421898789539,4.1061805398640185,-120.65511746593138,95.18768595480081,81.17538910987702
9.41,-1.9613486473630966,-5.697302786440846,4.093072097381016,-117.26322803268995,107.1198508354507,81.0734658461424
9.42,-2.1124630664427095,-5.709448563135741,4.0816022102083895,-114.2953247786037,117.56049510601936,80.9842829903746
9.43,-2.244688183137371,-5.720076117743774,4.071566058932341,-111.69840943127824,126.69605884276693,80.90624799157777
9.44,-2.8598071602451998,-4.537050228025802,3.624211426565798,-109.42610850236845,134.68967711242107,80.83796736763055
9.45,-3.3980362652145497,-3.5019025745225765,3.2327761232450736,-107.43784518957239,141.68409309836844,80.77822182167674
9.46,-3.868986732062731,-2.5961483777072547,2.8902702328394394,-105.69811479087583,147.80420708607238,80.72594446896714
9.47,-4.281068390554889,-1.8036134554938479,2.5905775787345093,-104.17585069201635,153.15930682531334,80.68020178534626
9.48,-4.641639841735528,-1.110145398557117,2.3283465063926956,-102.8438696055143,157.8450190971492,80.64017693717797
9.49,-4.957139861518588,-0.5033608487374774,2.098894318093609,-101.678386154825,161.94501733500556,80.60515519503072
9.5,-5.233202378828764,0.027575632354707225,1.8981236533319077,-100.65858813547187,165.53251579312987,80.57451117065187
9.51,-5.474757081475168,0.4921450533103688,1.7224493216654193,-99.76626486853789,168.67157694398864,80.54769764932038
9.52,-5.686117446290773,0.8986432966465727,1.568734281457242,-84.56110663497066,195.19638082599005,85.31486056815532
9.53,-5.8710577655044265,1.2543292595657511,1.4342336212750868,-71.25659318059932,218.4055842227413,89.48612812213591
9.54,-6.032880544816374,1.5655544771200323,1.316545543615701,-59.61514390802441,238.71363719489864,93.13598723186891
9.55,-6.174475476714328,1.837876542480028,1.2135684756637384,-49.42887579452136,256.4831835455363,96.3296139528853
9.56,-6.298371042125037,2.0761583496700244,1.1234635412057712,-40.515891195206194,272.03153660234426,99.12403733377462
9.57,-6.406779661859407,2.2846549309612714,1.04462172355505,-32.71702967080542,285.6363455270512,101.5691577920528
9.58,-6.501637204126981,2.4670894395911125,0.9756351331106686,-25.89302583695474,297.5405533361698,103.7086381930462
9.59,-6.584637553611108,2.6267196346422232,0.915271866471835,-19.9220224823354,307.95673516914854,105.58068354391543
9.6,-8.92475635940972,1.963151430311945,0.8245178831628556,-14.697394547043476,317.07089427300497,107.218723225926
9.61,-10.972360314483506,1.3825292515229517,0.7451081477674986,-10.125845103663043,325.04578348887935,108.65200794768526
9.62,-12.764013775173067,0.8744848450825827,0.6756246292965612,-6.125739340705163,332.0238115527694,109.90613207922462
9.63,-14.331710553276434,0.4299459894472599,0.614826550634491,-2.625646798117017,338.1295861086732,111.00349069432156
9.64,-15.703445234116879,0.0409744907663524,0.5616282318051796,0.43693417664761025,343.47213884508903,111.96367948253138
9.65,-16.903713079852267,-0.29937557057944164,0.5150797028295322,3.116692529566659,348.1468724894529,112.80384467221495
9.66,-17.953947444870735,-0.5971818742570114,0.4743497399758406,5.461481088370826,352.23726442827126,113.53898921318807
9.67,-18.872902514261895,-0.857762389974885,0.4387110224788605,7.513171077324474,355.8163573747373,114.18224068653956
9.68,-19.676988199979156,-1.0857703412280242,0.4075271446690029,-1.4847250573410857,327.0280625778951,164.09071285072213
9.69,-20.380563174981763,-1.2852772985745213,0.3802412515853775,-9.357884175173451,301.83830463065823,207.76062599438185
9.7,-20.99619127810904,-1.4598458862527064,0.3563660951372053,-16.24689840327677,279.79726642682596,245.97179999508413
9.71,-21.53486586834541,-1.612593400471118,0.33547533324505463,-22.274785852867176,260.5113579984727,279.4065772456986
9.72,-22.006206134802234,-1.7462474754122281,0.3171959165894228,-27.54918737125878,243.6361881236636,308.6620073399863
9.73,-22.418628867951956,-1.8631947909856996,0.3012014270157449,-32.16428869985143,228.87041448320565,334.260508672488
9.74,-22.77949875945796,-1.965523692112487,0.2872062486387768,-36.202502362370005,215.95036254780496,356.659197338427
9.75,-23.095259914525716,-2.055061480598426,0.27496046755892967,-39.73593931707376,204.6453171043293,376.25804992112364
9.76,-19.028138175210003,0.075251954476377,0.6387559091140634,-42.82769665243954,194.75340234128817,393.4070459309832
9.77,-15.46940665330875,1.93927621016683,0.9570769204748055,-45.532984320884594,186.09797692362713,408.4124174396103
9.78,-12.355516571645156,3.570297433895976,1.235607805415455,-47.90011103077403,178.52447968317375,421.542117509659
9.79,-9.630862750189511,4.997441004658979,1.479322329738523,-49.97134690192728,171.89766959777705,433.03060507095165
9.8,-7.246790656415823,6.246191629076606,1.6925725385212076,-51.78367828918637,166.0992107730549,443.0830316870827
9.81,-5.160727574363845,7.3388484254420305,1.8791664712060565,-53.36946825303808,161.02555930142302,451.87890497619736
9.82,-3.3354223775683645,8.294923122261777,2.0424361623052993,-54.75703447140832,156.58611426374512,459.5752941041727
9.83,-1.738280330372319,9.131488481979055,2.185297142017137,-55.97115491248228,152.70159985577698,466.3096345911511
9.84,-0.3407810390757793,9.863483171731673,2.310300499264995,-47.01476054842199,104.46764874880486,412.8771802672572
9.85,0.882030840808693,10.503978525265214,2.419678436856871,-39.17791547986924,62.26294153020425,366.12378273385
9.86,1.9519912357076064,11.064411959607064,2.5153841322497623,-32.32067604488559,25.33382271392872,325.21455989211876
9.87,2.8882065812441553,11.55479121465618,2.599126615718542,-26.320591539274886,-6.979156250312371,289.4189899056039
9.88,3.7073950085886356,11.98387306282416,2.6724012887537243,-21.070517596865525,-35.253012844023324,258.0978661674034
9.89,4.424184882515056,12.35931967997114,2.7365166276595088,-16.476702897257333,-59.99263736352041,230.69188289647798
9.9,5.051376022200674,12.687835469974749,2.7926175492020704,-12.457115035100166,-81.63980881808035,206.7116475344182
9.91,5.600168269425589,12.975286786227906,2.8417058555518118,-8.939975655712644,-100.5810838408203,185.7289415926159
9.92,4.210275985747391,5.216532187949418,1.2150357486078354,-5.862478698748563,-117.15469948571777,167.3690738935389
9.93,2.994120237528967,-1.5723780855442593,-0.20830059496814401,-3.1696688614049933,-131.65661317500306,151.30418965684655
9.94,1.929983957837846,-7.512674574851227,-1.453719895597126,-0.8134602537293691,-144.34578765312767,137.2474159497407
9.95,0.9988647131081151,-12.710434002994823,-2.5434617836474853,1.248222277986802,-155.4488153214867,124.94773895602313
9.96,0.18413537396960067,-17.258473502620472,-3.4969859356915496,3.052194493238452,-165.16396453130085,114.18552158652024
9.97,-0.5287527977765994,-21.23800806479291,-4.331319568730106,4.630670181583645,-173.66472008988825,104.7685813882052
9.98,-1.1525299480545246,-24.720100806693797,-5.061361497638843,6.0118364088856895,-181.1028812036522,96.52875871467955
9.99,-1.6983349545477089,-27.76693195585707,-5.700148185433988,7.220356857774978,-187.61127217819566,89.31891387534462
10.0,-2.1759143352292454,-30.432909211374938,-6.259086537254739,6.427187250553105,-233.8011140309212,31.100924265926544
10.01,-2.59379629332559,-32.765639309953066,-6.748157595097897,5.733163844233967,-274.2172256520561,-19.839816642314275
10.02,-2.959443006659891,-34.806778146208934,-7.176094770710661,5.125893363704721,-309.581323320549,-64.412964937025
10.03,-3.2793838808274045,-36.59277462793282,-7.550539799371828,4.594531693241631,-340.52490878048036,-103.41446969489687
10.04,-3.559332145723979,-38.15552154944121,-7.87817919945035,4.129590231586427,-367.60054605792027,-137.54078635803475
10.05,-3.8042868775084817,-39.522925105761054,-8.164863674519056,3.7227664526381234,-391.29172867568025,-167.4013134382804
10.06,-4.0186222678199215,-40.71940321754092,-8.415712590204175,3.366795646058358,-412.0215134662202,-193.52927463349536
10.07,-4.206165734342432,-41.766321565348306,-8.635205391428652,3.0553211903010635,-430.16007515794263,-216.39124067930845
10.08,-2.400727767549628,-34.46202174467977,-8.03331721750007,2.7827810415134304,-446.03131663819977,-236.39546096939492
10.09,-0.8209695466059246,-28.070759401594795,-7.506665065312561,2.5443084113242516,-459.9186529334248,-253.89915372322056
10.1,0.5613188967198159,-22.478404851395446,-7.04584443214849,2.33564485990872,-472.0700721917467,-269.214884882818
10.11,1.770821284629839,-17.585094619971013,-6.642626378129929,2.15306425242013,-482.70256404277836,-282.61614964746576
10.12,2.829135874051109,-13.303448167474636,-6.289810580863687,1.993306220867614,-492.00599441243105,-294.34225631653254
10.13,3.75516113979472,-9.557007521540307,-5.981096758255726,1.8535179432591622,-500.1464959858772,-304.60259965196593
10.14,4.56543324732038,-6.2788719563477695,-5.710972163473761,1.731203200351767,-507.2694348626426,-313.58040007047015
10.15,5.274421341405333,-3.410503336804298,-5.474613143039541,1.624177800307796,-513.5020063798122,-321.43597543666135
10.16,5.894785923729667,-0.900680794703761,-5.267799000159599,-17.85072004973068,-464.0886309573357,-272.1039780070787
10.17,6.437604933263459,1.295413929634209,-5.086836625139648,-34.89125566851435,-420.8519274626687,-228.93848025619386
10.18,6.912571566605527,3.216996813429933,-4.928494546997193,-49.80172433495005,-383.0198119048351,-191.16866972416963
10.19,7.328167370779836,4.8983818367511915,-4.789945228622544,-62.848384418081295,-349.9167107917307,-158.12008550864843
10.2,7.691813699432356,6.369593732157293,-4.668714575044726,-74.26421199082114,-320.95149731776434,-129.20257432006738
10.21,8.010004237003312,7.656904140637632,-4.562637753164136,-84.2530611169685,-295.6069355280438,-103.89975203005896
10.22,8.288420957377896,8.783300748057927,-4.469820534018619,-92.99330410234742,-273.4304439620383,-81.75978252630159
10.23,8.532035587705659,9.768897779550686,-4.3886054672662915,-100.64101671455398,-254.0260138417835,-62.38730921051389
10.24,8.545768139242451,8.54990480710685,-2.872188783858005,-107.33276525023473,-237.0471374865606,-45.436395059199654
10.25,8.557784121837145,7.483285956218494,-1.5453241858757547,-113.18804521895538,-222.19062067574052,-30.604345176799697
10.26,8.568298106607502,6.549994461691182,-0.3843176626412854,-118.31141519158595,-209.19116846627296,-17.62630152969973
10.27,8.577497843281565,5.733364403979784,0.6315630451888752,-122.7943639176377,-197.81664778298884,-6.270513338487264
10.28,8.58554761287137,5.0188131034823105,1.5204586645402658,-126.71694405293297,-187.86394218511523,3.665801328823644
10.29,8.59259116126245,4.393580715547022,2.2982423314727325,-130.14920167131635,-179.15532478697583,12.360076662720688
10.3,8.598754266104644,3.846502376103644,2.978803040038641,-133.1524270874018,-171.53528456360385,19.9675675798806
10.31,8.604146982841563,3.3678088290906882,3.5742936600338107,-135.7802493264766,-164.86774936815337,26.624122132395527
10.32,8.608865609986367,2.948951975454352,4.095347952529584,-132.42271841066702,-143.90490569713418,38.035482615846085
10.33,8.612994408738071,2.5824522285225577,4.551270458463386,-129.48487885933363,-125.56241748499241,48.020423038865324
10.34,8.616607107645812,2.2617649499572376,4.950202651155463,-126.91426925191692,-109.51274029936835,56.75724590900716
10.35,8.619768219190085,1.981163581212583,5.29926831976103,-124.6649858454273,-95.4692727619473,64.40196592038126
10.36,8.622534191791324,1.7356373835610102,5.604700779790901,-122.69686286474888,-83.18123866670388,71.09109593033361
10.37,8.624954417817408,1.520801960615884,5.8719541823170385,-120.97475525665526,-72.42920883336589,76.94408468904192
10.38,8.627072115590233,1.3328209655388985,6.105800909527408,-119.46791109957334,-63.021182729195154,82.06544985291168
10.39,8.628925101141453,1.1683375948465362,6.310416795836482,-118.14942246212667,-54.78915988804576,86.54664437129773
10.4,7.870775838498771,0.9437850204907192,5.9501646963569215,-116.99574490436082,-47.58613990204004,90.46768957488553
10.41,7.207395233686424,0.7473015179293793,5.634944109312306,-115.98627704131572,-41.28349741428504,93.89860412802483
10.42,6.62693720447562,0.5753784531882068,5.359126095648268,-115.10299266115125,-35.76868523749941,96.90065436202173
10.43,6.119036428916167,0.42494577153968094,5.117785333692234,-114.33011882850734,-30.943224582811983,99.52744831676901
10.44,5.674623250301646,0.2933171750972208,4.906612166980706,-113.65385422494391,-26.720946509960484,101.8258930271729
10.45,5.28576171901394,0.17814215321006818,4.721835646108117,-113.06212269682592,-23.026453196215424,103.83703214877627
10.46,4.945507879137197,0.07736400905880966,4.5601561903446015,-112.54435760972268,-19.793771546688497,105.59677888017924
10.47,4.647785769245047,-0.010816867073541542,4.418686666551526,-112.09131315850733,-16.965175103352433,107.13655727015683
10.48,4.387278923089416,-0.08797513368934884,4.294900833232585,-108.07677388869392,-1.3782783404333774,111.41511248638723
10.49,4.159335432703239,-0.15548861697818023,4.186588229078512,-104.56405202760719,12.260256327120796,115.15884830058883
10.5,3.9598848786153344,-0.2145629148559077,4.091814700443698,-101.49042039915629,24.1939741612307,118.43461713801523
10.51,3.7853656437884178,-0.2662529254989192,4.008887862888235,-98.80099272426176,34.635977266076864,121.30091487076332
10.52,3.6326613133148657,-0.3114816848115543,3.9363268800272055,-96.44774350872905,43.77272998281726,123.8089253869179
10.53,3.4990450241505076,-0.35105684921011004,3.872836020023805,-94.38865044513793,51.7673886099651,126.00343458855316
10.54,3.382130771131694,-0.3856851180588463,3.8172815175208292,-92.58694401449569,58.76271490871947,127.92363013998401
10.55,3.2798307997402323,-0.4159848533014905,3.7686713278307256,-91.01045088768373,64.88362542012953,129.60380124748602
10.56,2.6093169497727033,0.05228475336119587,3.629174661851885,-89.63101940172326,70.23942211761334,131.07395096655029
10.57,2.0226173310511153,0.4620206591910464,3.5071150791203998,-88.42401685150786,74.92574422791168,132.36033197073152
10.58,1.5092551646697259,0.8205395767921656,3.40031294423035,-87.36788962006938,79.02627607442273,133.4859153493901
10.59,1.0600632690860101,1.1342436296931449,3.3068610762015562,-86.44377829256071,82.61424144011988,134.47080080571635
10.6,0.6670203604502589,1.4087346759815018,3.2250906916763618,-85.63518088099062,85.7537111351049,135.3325755800018
10.61,0.32310781539397654,1.648914341483814,3.153541605216817,-84.92765814586679,88.50074711821678,136.0866285075016
10.62,0.022184338469729448,1.8590715487983376,3.090936154564715,-84.30857575263344,90.90440360343969,136.7464248190639
10.63,-0.24112370383898674,2.0429591051985456,3.0361563852441256,-83.76687865855426,93.00760302800973,137.3237465916809
10.64,-0.4715182408591134,2.2038607170487277,2.98822408708861,-63.35601895123499,148.66040252450853,141.8276527677208
10.65,-0.6731134607517242,2.344649627417637,2.9462833262025336,-45.49651670733061,197.35660208394495,145.7685706717557
10.66,-0.8495092781577587,2.4678399239904323,2.909585160427217,-29.86945224391429,239.96577669845186,149.21687383778624
10.67,-1.003855618388039,2.5756314334916284,2.8774742653738152,-16.195770838425005,277.2488044861454,152.23413910806295
10.68,-1.138908666089534,2.669949004305175,2.8493772322020883,-4.23129960862188,309.8714538003772,154.8742462195551
10.69,-1.2570800828283422,2.752476878767028,2.8247923281768275,6.237612717455855,338.41627195033004,157.1843399421107
10.7,-1.3604800724747994,2.82468876892115,2.8032805371547243,15.397911002773874,363.3929878315388,159.20567194934688
10.71,-1.4509550634154493,2.8878741728060064,2.784457720010384,23.41317200242714,385.24761422759644,160.97433745567852
10.72,-3.7347881804885183,2.8239940262052556,3.380187130009086,30.426525377123745,404.3704123241469,162.5219197737187
10.73,-5.733142157927453,2.768098897929599,3.90145036375795,36.56320957998328,421.1028606586286,163.87605430200387
10.74,-7.481701888186522,2.7191906606883993,4.357555693288207,41.93280825748537,435.7437529513,165.06092201425338
10.75,-9.011691652163208,2.67639595310235,4.756647856627181,46.6312071002997,448.5545337073875,166.09768126247172
10.76,-10.350432695642807,2.638950583964556,5.1058534995487825,50.74230608776223,459.7639668689641,167.00484560466276
10.77,-11.521831108687456,2.6061858859689866,5.411408437105184,54.33951770179195,469.5722208853436,167.79861440407993
10.78,-12.546804720101525,2.5775167752228634,5.678769007467036,57.487077864067956,478.15444314967567,168.49316210356994
10.79,-13.443656630088835,2.5524313033200055,5.9127095065336555,60.24119300605946,485.6638876309662,169.10089134062372
10.8,-14.22840205132773,2.530481515405005,6.117407443216948,54.73229388030203,435.6877766770954,210.17577792304576
10.81,-14.915054294911764,2.5112754509793795,6.296518137814829,49.912007145264276,391.9586795924585,246.11630368266503
10.82,-15.515875008047793,2.4944701446069573,6.453239995587975,45.69425625210624,353.6957196434012,277.5642637223319
10.83,-16.041593132041818,2.4797655015310878,6.590371621139477,42.003724220592964,320.21562968797605,305.0812287570404
10.84,-16.501596490536592,2.466898938839702,6.710361793497043,38.774508693018845,290.92055097697903,329.15857316241033
10.85,-16.904099429219517,2.4556406964847395,6.815353194309912,35.94894510639149,265.28735710485665,350.226249517109
10.86,-17.256289500567078,2.4457897344241473,6.907220670021173,33.47657696809256,242.85831246674957,368.6604663274704
10.87,-17.564455812996194,2.437170142621129,6.987604711268526,31.31325484708099,223.23289840840587,384.7904060365366
10.88,-14.65165408637167,4.960254624793489,6.31827762235996,29.420347991195868,206.06066110735514,398.90410328196947
10.89,-12.10295257557521,7.167953546694303,5.732616419564965,27.76405449229639,191.03495346893575,411.25358837172325
10.9,-9.872838753628308,9.099690103357515,5.2201628671193445,26.31479768075934,177.88745928531878,422.05938782525783
10.91,-7.921489159424769,10.789959590437826,4.7717660087294265,25.046697970664425,166.38340187465394,431.51446234710056
10.92,-6.214058264496673,12.268945391633098,4.3794187576382475,23.937110724331376,156.31735164032222,439.787652553713
10.93,-4.720056231434589,13.563057967678962,4.036114912933466,22.966221883789956,147.50955768528195,447.0266939844988
10.94,-3.4128044525052657,14.695406471719092,3.735724048816783,22.116694148316213,139.80273797462172,453.36085523643646
10.95,-2.2689591459421075,15.686211412754206,3.472882042714685,21.373357379776685,133.059270727794,458.90324633188186
10.96,-1.268094502699344,16.55316573615993,3.2428952873753496,17.8310627073046,89.85748576181975,402.34534054039665
10.97,-0.3923379398619259,17.311750769139937,3.041656876453431,14.731554868891525,52.05592391659228,352.8571729728471
10.98,0.37394905262081485,17.975512672997446,2.865573266896752,12.019485510280084,18.97955730201824,309.5550263512412
10.99,1.044450171043213,18.556304338872767,2.711500108534658,9.646424821495074,-9.962263485734042,271.66564805733606
11.0,1.6311386496628115,19.064497046513672,2.576686094967826,7.56999671880819,-35.28635667501729,238.51244205016906
11.01,2.14449106845496,19.509165665699463,2.458723833096848,5.753122128957166,-57.44493821564013,209.50338679389793
11.02,2.59367443489809,19.89825070748703,2.355506853959742,4.163356862837521,-76.83369706368511,184.1204634446607
11.03,2.9867098805358285,20.238700119051153,2.2651919972147745,2.7723122549828307,-93.79886105572447,161.9104055140781
11.04,3.33061589546885,20.53659335416976,2.186166497562928,1.5551482231099771,-108.64337954875892,142.47660482481834
11.05,4.235315033535244,16.443119059898542,0.7146119353675617,0.49012969522122996,-121.63233323016405,125.47202922171606
11.06,5.026926779343338,12.861329052411223,-0.5729983065533836,-0.44176151668142377,-132.99766770139354,110.59302556900155
11.07,5.71958705692542,9.72726279585982,-1.6996572682342106,-1.2571663270962459,-142.94233536371934,97.57389737287636
11.08,6.325664799809742,6.984954821377343,-2.6854838597049344,-1.970645536209215,-151.6439195682544,86.18216020126683
11.09,6.855982824833523,4.585435343705175,-3.548082127241818,-2.594939844183063,-159.2578057472226,76.21439017610848
11.1,7.320011096729333,2.485855800742028,-4.30285561133659,-3.14119736366018,-165.91995615381975,67.49259140409492
11.11,7.726035834638166,0.6487237006492743,-4.9632824099195165,-3.6191726932026578,-171.74933775959227,59.86101747858306
11.12,8.081307480308395,-0.958766886931885,-5.541155858679577,9.945098768447675,-230.59254828964322,9.12713941876018
11.13,8.392170170269845,-2.3653211510653995,-6.04679512634463,21.813836297391717,-282.0803575034378,-35.26500388358484
11.14,8.664175023986115,-3.596056132182225,-6.489229485551551,32.19898163521775,-327.1321905655081,-74.10812927313674
11.15,8.90217927098785,-4.672949240659447,-6.876359549857607,41.285983805815526,-366.5525444948196,-108.09586398899465
11.16,9.110432987114368,-5.615230710577016,-7.215098356125406,49.23711070508858,-401.0453541829671,-137.83513186537033
11.17,9.292654988725072,-6.43972699675489,-7.5114948116097295,56.19434674195251,-431.22656266009625,-163.856991257199
11.18,9.452099240134437,-7.161161247160528,-7.770841710158513,62.28192827420844,-457.63512007758425,-186.62611822504914
11.19,9.591612960117633,-7.792416216265463,-7.997770246388699,67.60856211493238,-480.7426078178862,-206.54910432191798
11.2,9.73822296510293,-5.85716943923228,-7.458442590590112,72.26936672556583,-500.96165959065047,-223.9817171566782
11.21,9.866506719465063,-4.163828509328245,-6.986530891766348,76.34757075987011,-518.6533298918191,-239.2352533870934
11.22,9.97875500453193,-2.6821551956622143,-6.573608155295554,79.91599928988634,-534.1335414053417,-252.5820975887067
11.23,10.076972253965438,-1.3856910462044374,-6.21230076088361,83.03837425365055,-547.678726479674,-264.2605862651183
11.24,10.16291234721976,-0.25128491542888276,-5.896156790773159,85.77045234694423,-559.5307634197147,-274.47926385697855
11.25,10.23810992881729,0.7413204489997276,-5.619530816926514,88.1610206785762,-569.9012957422503,-283.42060674985623
11.26,10.303907812715128,1.6098501428747616,-5.3774830898107,90.25276796875417,-578.9755115244691,-291.2442817811242
11.27,10.361480961125737,2.369813625015416,-5.165691328584362,92.0830468476599,-586.9154503339105,-298.08999743348363
11.28,10.41185746598502,3.0347816718884886,-4.980373537511317,80.55079099170241,-526.0547689171717,-241.58312225429822
11.29,10.455936907736893,3.6166287129024273,-4.8182204703224025,70.46006711773961,-472.80167267752523,-192.13960647251096
11.3,10.494506419269781,4.125744873789624,-4.676336536532102,61.630683728022156,-426.20521346783454,-148.87653016344711
11.31,10.528254741861058,4.571221514565921,-4.552188094465589,53.90497326201938,-385.4333116593552,-111.02133839301622
11.32,10.557784524128426,4.961013575245181,-4.44355820765739,47.14497660426696,-349.75789757693576,-77.8980455938892
11.33,10.583623083612373,5.302081628339533,-4.348507056700217,41.22997952873359,-318.5419102548188,-48.91516439465305
11.34,10.606231823160828,5.60051617479709,-4.265337299612689,36.05435708764189,-291.2279213479664,-23.555143345321415
11.35,10.626014470265725,5.8616464029474535,-4.192563762161103,31.52568745168665,-267.3281810544706,-1.3651249271562378
11.36,10.227208036482509,4.588746852579021,-2.793738666890965,27.563101520225818,-246.41590829766176,18.051141188738292
11.37,9.878252406922195,3.4749597460066433,-1.569766708529594,24.09583883019759,-228.11766963545406,35.040374040146006
11.38,9.57291623105692,2.500396027755813,-0.4987912449633949,21.06198397642289,-212.1067108060223,49.90595278512775
11.39,9.305747077174805,1.6476527742863365,0.4383122856570295,18.40736097937003,-198.09712183026951,62.91333418698679
11.4,9.071974067527956,0.9015024275005443,1.2582778749499008,16.084565856948775,-185.83873147648583,74.29479291361343
11.41,8.86742268408696,0.24862087406297628,1.9757477655811633,14.052120124830179,-175.1126399169251,84.25356929941175
11.42,8.688440223576091,-0.3226504851948958,2.603533919883518,12.273730109226406,-165.72730980230946,92.96749863698528
11.43,8.53183057062908,-0.8225129245455338,3.1528468048980782,10.717638845573106,-157.5151459520208,100.59218680736213
11.44,8.394797124300444,-1.259892558977342,3.6334955792858183,-7.583940885123532,-147.6213778330182,99.75191358144185
11.45,8.274892858762888,-1.6425997391051743,4.054063256875091,-23.59782314948309,-138.9643307288909,99.01667450876162
11.46,8.169976626417526,-1.9774685217170276,4.4220599747657054,-37.609970130797706,-131.38941451277952,98.37334032016642
11.47,8.078174923115336,-2.2704787065023995,4.744057102919992,-49.87059873944799,-124.76136282368209,97.81042290514561
11.48,7.997848432725919,-2.5268626181895995,5.025804590054992,-60.59864877201699,-118.96181759572183,97.31787016700241
11.49,7.92756275363518,-2.751198540915899,5.272333641298118,-69.98569255051487,-113.88721552125659,96.88688652112711
11.5,7.866062784430783,-2.947492473301412,5.488046561135853,-78.19935585670052,-109.44693870609952,96.50977583098623
11.51,7.8122503113769355,-3.119249664138735,5.676795365993872,-85.38631124961296,-105.56169649283707,96.17980397711295
11.52,6.924700522454819,-3.361174831121393,4.847224945244639,-91.67489721841133,-102.16210955623244,95.89107860497384
11.53,6.148094457147966,-3.572859352231219,4.121350827089059,-97.17740994110991,-99.18747098670339,95.63844390435212
11.54,5.468564150004471,-3.7580833082023166,3.4862109737029265,-101.99210857347117,-96.58466223836547,95.4173885413081
11.55,4.873975131253912,-3.920154269677027,2.9304636019900605,-106.20496987678729,-94.30720458356978,95.22396509864458
11.56,4.353709739847173,-4.061966360967398,2.444184651741303,-109.89122351718888,-92.31442913562357,95.05471958631401
11.57,3.8984775223662766,-4.186051940846474,2.01869057027364,-113.11669545254026,-90.57075061867063,94.90662976302475
11.58,3.500149332070492,-4.294626823240664,1.646383248989435,-115.93898339597271,-89.0450319163368,94.77705116764666
11.59,3.1516121655616804,-4.389629845335581,1.3206143428657555,-118.40848534647611,-87.7100280517947,94.66366989669083
11.6,2.8466421448664705,-4.472757489668634,1.035566550007536,-122.1617991781666,-62.05064954532036,102.32133553460447
11.61,2.5797933767581616,-4.545494178460055,0.7861497312565939,-125.44594878089578,-39.598693352155315,109.02179296777891
11.62,2.3463007046633915,-4.609138781152549,0.5679100148495198,-128.3195796832838,-19.953231683135904,114.88469322180654
11.63,2.1419946165804675,-4.66482780850848,0.3769502629933298,-130.8340067228733,-2.763452722743917,120.01473094408072
11.64,1.9632267895079092,-4.71355570744492,0.20986048011916358,-133.03413038251415,12.277603867599073,124.50351395107063
11.65,1.8068049408194207,-4.756192619014305,0.06365692010426816,-134.95923858469988,25.438528384149187,128.4311990821868
11.66,1.6699358232169932,-4.793499916637517,-0.06427119490876536,-136.6437082616124,36.954337336130536,131.86792357191345
11.67,1.550175345314869,-4.826143802057827,-0.17620829554516967,-138.11761922891085,47.03067016911422,134.87505750042428
11.68,-0.5097993228494897,-4.312707576800599,0.26579149139797653,-139.407291325297,55.84746139797494,137.50629968787123
11.69,-2.3122771574933036,-3.8634508797005243,0.6525413049732294,-140.53575440963488,63.56215372322807,139.80863660188734
11.7,-3.8894452628066407,-3.470351269737959,0.9909473918515757,-141.52315960843052,70.31250950782456,141.82318140165142
11.71,-5.269467354955811,-3.126389111020714,1.2870527178701288,-142.3871391573767,76.21907081934648,143.585908101445
11.72,-6.476986685586335,-2.825422222143125,1.5461448781363627,-143.14312126270462,81.38731196692817,145.12829396376438
11.73,-7.533566099888044,-2.5620761943752344,1.7728505183693173,-143.80460560486654,85.90952297106216,146.47788159329383
11.74,-8.458073087402038,-2.3316484200783303,1.9712179535731527,-144.38340440425821,89.86645759967939,147.6587707691321
11.75,-9.267016701476782,-2.130024117568539,2.1447894593765087,-144.88985335372593,93.32877539971946,148.6920487979906
11.76,-9.974842363792185,-1.9536028528724718,2.2966645269544452,-121.09549655951018,160.28142747475454,155.3842930732418
11.77,-10.59418981831816,-1.799234246263413,2.4295552110851397,-100.27543436457141,218.86499804041023,161.2400068140866
11.78,-11.13611884102839,-1.6641617154804864,2.545834559699497,-82.05787994399998,270.12562228535893,166.36375633732575
11.79,-11.61030673589984,-1.5459732510454258,2.64757898973706,-66.11751982599998,314.97866849968904,170.84703717016004
11.8,-12.02522114391236,-1.4425583446647476,2.7366053660199277,-52.169704722749984,354.2250839372279,174.76990789889004
11.81,-12.388271250923314,-1.3520703015816542,2.814503445267437,-39.96536650740623,388.5656974450744,178.20241978652876
11.82,-12.7059400945579,-1.2728932638839474,2.8826642646090073,-29.286570568980455,418.6137342644401,181.20586768821266
11.83,-12.98390033273816,-1.203613355898454,2.9423049815328812,-19.942624122857897,444.90576648138506,183.83388460218606
11.84,-13.22711554114589,-1.1429934364111474,2.994490608841271,-11.76667098250066,467.9112946712119,186.1333994019128
11.85,-14.062915723502654,-0.9573023818597539,3.249208532736112,-4.612711984688078,488.0411318373104,188.14547485167373
11.86,-14.794240883064822,-0.7948227091272847,3.472086716144098,1.6470021383979319,505.6547393576466,189.9060408702145
11.87,-15.43415039768172,-0.6526529954863741,3.6671051266260855,7.124251996098191,521.0666459379407,191.44653613643771
11.88,-15.994071222971504,-0.5282544960505774,3.8377462357978245,11.916845621585917,534.5520641956981,192.794469494383
11.89,-16.48400194510007,-0.41940580904425523,3.9870572063230965,16.110365043887676,546.3518051712358,193.97391118258514
11.9,-16.91269132696256,-0.32416320791372333,4.117704305532709,19.779694538401717,556.6765785248314,195.005922659762
11.91,-17.28779453609224,-0.24082593192450794,4.2320205173411205,22.990357846101503,565.7107552092275,195.90893270229174
11.92,-17.616009844080708,-0.16790581543394445,4.332047202673481,14.717812990338814,499.67816068307405,226.09031823950528
11.93,-17.903198238570617,-0.10410071350470138,4.419570552339296,7.479336241546462,441.8996404726898,252.49903058456712
11.94,-18.154488083749293,-0.0482712493166137,4.496153483296885,1.1456690863531538,391.34343528860353,275.60665388649625
11.95,-18.37436669828063,0.0005795318479630066,4.563163547884774,-4.3962896744409905,347.1067557525281,295.8258242756842
11.96,-18.56676048599555,0.04332396536696763,4.6217973543991775,-9.245503590135867,308.3996611584621,313.5175983662237
11.97,-18.735105050246105,0.08072534469609667,4.673101935099281,-13.488565766368882,274.5309533886543,328.9979006954457
11.98,-18.882406543965345,0.11345155160908457,4.717993443211871,-17.201245170572772,244.89583409007253,342.54316523351497
11.99,-19.011295350969675,0.142086982657949,4.757273512810388,-20.449839649251174,218.96510470381344,354.3952717043256
12.0,-15.925096682098467,1.6769823598257054,3.631781948709089,-23.292359818094777,196.27571649083674,364.76586486628486
12.01,-13.224672846836159,3.0200158148474925,2.646976830120453,-25.77956496583293,176.42250180448215,373.8401338829992
12.02,-10.86180199098164,4.195170087991556,1.7852723513553963,-27.955869470103814,159.05093895392187,381.78011927262435
12.03,-8.794289992108936,5.223430076992612,1.0312809324359717,-29.860135911340837,143.85082145968164,388.7276064885463
12.04,-6.985216993095319,6.123157567368535,0.37153844088147525,-31.52636904742323,130.55071865222143,394.806657802478
12.05,-5.402278118958404,6.910419121447468,-0.2057362392287092,-32.98432304149533,118.91312869569376,400.12582770216824
12.06,-4.017206604088603,7.599272981266535,-0.7108515843251206,-34.260032786308415,108.73023748373204,404.7801013643972
12.07,-2.8052690285775275,8.202020108608217,-1.1528275112844806,-35.376278813019866,99.82020767326554,408.85259081884755
12.08,-1.7448236500053365,8.72942384503219,-1.5395564473739207,-35.337993836392386,35.11393271410736,358.7697669664916
12.09,-0.8169339437546693,9.190902114403167,-1.8779442664521806,-35.304494481843335,-21.504057875156064,314.94729609568014
12.1,-0.005030450785335594,9.59469560010277,-2.174033608145658,-35.27518254661292,-71.04479964076155,276.60263408372015
12.11,0.7053851055628314,9.948014900089925,-2.4331117821274506,-35.24953460328631,-114.39294868566637,243.05105482325513
12.12,1.3269987173674775,10.257169287578684,-2.6598051843615194,-35.22709265287552,-152.32257909995806,213.69342297034825
12.13,1.870910627696543,10.52767937663135,-2.8581619113163295,-35.20745594626608,-185.5110057124633,188.0054950990547
12.14,2.3468335492344754,10.76437570455243,-3.0317240474017884,-35.19027382798282,-214.55087899840538,165.52855821167287
12.15,2.763266105580166,10.971484991483376,-3.183590916476565,-35.17523947448497,-239.9607681236047,145.86123843521378
12.16,3.8195875923826454,6.793339867547953,-4.280755551916995,-35.16208441517435,-262.19442110815413,128.65233363081205
12.17,4.743868893334815,3.1374628841044583,-5.240774607927371,-35.15057373827756,-281.64886746963487,113.59454192696055
12.18,5.552615031667964,-0.06142947640859919,-6.080791281936449,-35.14050189599286,-298.6715080359305,100.41897418609048
12.19,6.260267902709469,-2.8604602918575246,-6.815805871694392,-35.13168903399376,-313.5663185314392,88.89035241282917
12.2,6.879464164870785,-5.309612255375335,-7.4589436377325935,-35.12397777974454,-326.5992777150093,78.80280836122553
12.21,7.421260894261938,-7.452620223453418,-8.021689183016019,-35.11723043227648,-338.0031170006331,69.97620731607235
12.22,7.895333032479196,-9.327752195521741,-8.514091535139016,-35.11132650324192,-347.98147637555394,62.2529314015633
12.23,8.310146153419296,-10.968492671081524,-8.94494359324664,-35.10616056533668,-356.7125408286097,55.49506497636789
12.24,8.673107634241884,-12.404140587196334,-9.321939144090809,-41.8391408696696,-355.6240977250335,-6.396195145678092
12.25,8.990698929961647,-13.660332513796792,-9.651810251079459,-47.7304986359609,-354.6717100094043,-60.551047752468335
12.26,9.268591313716442,-14.759500449572194,-9.940447469694528,-52.88543668146579,-353.8383707582288,-107.9365437834098
12.27,9.511747149501886,-15.72127239337567,-10.193005035982711,-57.39600747128257,-353.1091989134502,-149.3988528104836
12.28,9.72450850581415,-16.562822844203712,-10.413992906484873,-61.34275691237225,-352.47117354926894,-185.67837320917315
12.29,9.91067469258738,-17.29917948867825,-10.607357293174264,-64.79616267332572,-351.91290135561036,-217.4229535580265
12.3,10.073570106013957,-17.943491552593468,-10.776551131527482,-67.81789271416001,-351.4244131861591,-245.19946136327317
12.31,10.216103592762211,-18.507264608519286,-10.924595740086547,-70.46190649989,-350.9969860378892,-269.503905692864
12.32,8.740551143666934,-16.358184032454375,-9.664074272575728,-72.77541856240376,-350.62298728315307,-290.77029448125603
12.33,7.449442750708568,-14.477738528397579,-8.561117988503762,-74.7997416171033,-350.29573837275893,-309.378384671099
12.34,6.3197229068699965,-12.832348712347882,-7.596031239940792,-76.57102428996538,-350.0093955761641,-325.66046358721167
12.35,5.331218043511247,-11.392632623304397,-6.751580334948192,-78.1208966287197,-349.7588456291436,-339.9072826388102
12.36,4.466276288072341,-10.132881045391349,-6.012685793079668,-79.47703492512974,-349.53961442550064,-352.373249308959
12.37,3.7094522520632984,-9.030598414717431,-5.366153068944709,-80.66365593448853,-349.3477871223131,-363.2809701453391
12.38,3.0472312205553864,-8.066101112877753,-4.80043693532662,-81.70194931767746,-349.17993823202397,-372.82522587717176
12.39,2.4677878179859634,-7.222165973768034,-4.305435318410792,-82.61045602796779,-349.03307045302097,-381.1764496425253
12.4,1.9607748407377177,-6.483722727047029,-3.8723089036094427,-63.114148774471815,-313.9745612713933,-302.42751918720967
12.41,1.5171384856455028,-5.83758488616615,-3.493323290658262,-46.05487992766284,-283.29836573746917,-233.52220503880844
12.42,1.1289566749398148,-5.272214275395381,-3.1617108793259794,-31.12801968670498,-256.45669464528555,-173.23005515895738
12.43,0.789297590572338,-4.777514990970958,-2.8715500194102317,-18.067016975866856,-232.97023243962485,-120.4744240140877
12.44,0.4920958917507957,-4.344653117099588,-2.6176592669839525,-6.638639603883499,-212.41957800967174,-74.31324676232674
12.45,0.23204440528194623,-3.9658989774621394,-2.395504858610958,3.3611905966019373,-194.43775538346276,-33.92221666703589
12.46,0.00449935462170295,-3.634489105279372,-2.201119751284588,12.111042022026695,-178.70366058552992,1.4199346663435968
12.47,-0.19460256470600992,-3.344505467119451,-2.0310327823740146,19.767162019273357,-164.93632763733868,32.34431708305065
12.48,0.6824413808822413,-2.3250391587295196,-0.34279343457726297,26.466267016864187,-152.88991130767133,59.403151697669315
12.49,1.449854833271961,-1.4330061388883295,1.1344159947448949,32.32798388975616,-142.3492970192124,83.07963198546065
12.5,2.121341604112966,-0.6524772465272883,2.426974245401783,37.45698615353664,-133.12625951681085,103.79655223727806
12.51,2.708892528598845,0.030485534288622773,3.5579627147265596,41.94486313434456,-125.0561017022095,121.92385745761831
12.52,3.2229995875239896,0.628077967502545,4.547577625385739,45.871755492551486,-117.99471361443332,137.78524952541602
12.53,3.672843264083491,1.1509713465647269,5.413490672212522,49.30778630598255,-111.81599903762915,151.66396758473903
12.54,4.066456481073055,1.608503053244136,6.171164588185957,52.31431326773473,-106.40962378292551,163.80784588664665
12.55,4.410868045938923,2.008843296588619,6.834129264662712,54.94502435926789,-101.6790454350598,174.43373940081582
12.56,4.712228165196557,2.359141009515042,7.414223356579873,49.573146314359406,-94.49916463067733,168.15639635071386
12.57,4.9759182695469875,2.6656515083256616,7.921805687007389,44.87275302506448,-88.21676892684266,162.66372118187465
12.58,5.206647110853614,2.9338481947849537,8.365940226131464,40.75990889693143,-82.71967268598733,157.8576304091403
12.59,5.408534846996911,3.1685202954368346,8.754557947865031,37.161170284815,-77.90971347523892,153.6523009829978
12.6,5.5851866161222965,3.37385838350723,9.094598454381902,34.01227399921313,-73.70099916583405,149.97263773512307
12.61,5.739756914107009,3.5535292105688265,9.392133897584165,31.256989749311487,-70.0183741451048,146.7529323932327
12.62,5.875005924843633,3.7107411842477234,9.652477410386144,28.84611603064755,-66.7960772519667,143.93569021907862
12.63,5.993348809238178,3.848301661216758,9.880277984087876,26.736601526816607,-63.976567470470854,141.4706033166938
12.64,5.733861208083406,3.956364953564663,9.27749923607689,24.89077633596453,-61.509496411662,139.31365227710708
12.65,5.50680955707298,4.0509203343690805,8.750067831567279,23.275679293968967,-59.35080923520425,137.4263201174687
12.66,5.308139362438857,4.133656292572946,8.288565352621369,21.862469382222844,-57.461957955803726,135.7749044777851
12.67,5.134302942134,4.206050256001328,7.884750683543698,20.625910709444987,-55.80921308632826,134.32991579306196
12.68,4.98219607436725,4.2693949740011625,7.531412848100735,19.543921870764365,-54.36306132553723,133.06555069392923
12.69,4.849102565071344,4.324821602251017,7.222242242088143,18.59718163691882,-53.09767853484508,131.95923123218807
12.7,4.732645744437426,4.37331990196964,6.951717961827125,17.768783932303965,-51.990468592989444,130.99120170316456
12.71,4.630746026382748,4.415755914223435,6.715009216598734,17.04393594076597,-51.02165989386577,130.144175865269
12.72,4.541583773084905,4.452887424945505,6.5078890645238925,19.095943948170223,-45.96957740713255,119.33177900711037
12.73,4.463566801449291,4.485377496827317,6.326658931458406,20.891450954648946,-41.54900523124098,109.87093175622157
12.74,4.39530195126813,4.513806309723902,6.168082565026105,22.46251958531783,-37.68100457733586,101.59269041169387
12.75,4.335570207359614,4.538681521008415,6.029328244397842,23.8372046371531,-34.296504005168885,94.34922923523213
12.76,4.283304931439662,4.560447330882363,5.907918213848111,25.040054057508964,-31.335066004522773,88.01120070582812
12.77,4.237572815009703,4.579492414522068,5.801684437117097,26.092547300320344,-28.743807753957423,82.4654257425996
12.78,4.19755721313349,4.596156862706811,5.70872988247746,27.013478887780302,-26.476456784712745,77.61287264977466
12.79,4.162543561491804,4.610738254868459,5.627394647167778,27.819294026807764,-24.49252468662365,73.36688869355282
12.8,4.1148944913053285,4.746772848009902,5.0742361912718055,28.524382273456794,-22.756584100795692,69.65165273185872
12.81,4.0732015548921625,4.865803117008665,4.590222542362829,29.141334489274694,-21.23763608819623,66.40082126537638
12.82,4.036720235530642,4.969954602382582,4.166710599567475,29.681167678115358,-19.908556577171698,63.556343732204326
12.83,4.0047990810893115,5.06108715208476,3.796137649621541,30.15352171835094,-18.745612005025233,61.067425890678784
12.84,3.976868070953148,5.140828133074165,3.471886318418848,30.566831503557076,-17.728035504397077,58.88962277934393
12.85,3.9524284370840044,5.210601491439895,3.1881664036164925,30.928477565612443,-16.837656066347442,56.984045056925936
12.86,3.9310437574485038,5.271653180009908,2.939911478164431,31.24491786991089,-16.05857405805401,55.31666454981019
12.87,3.912332162767441,5.32507340750867,2.722688418393877,31.52180313617203,-15.37687730079726,53.857706606083916
12.88,3.895959517421511,5.371816106570087,2.5326182410946427,30.609077869150525,-18.884142638197602,45.11299315532342
12.89,3.8816334527438223,5.412715968248826,2.3663068359578125,29.81044326050671,-21.952999808422902,37.461368885907994
12.9,3.8690981461508445,5.448503347217724,2.2207843564630863,29.11163797794337,-24.63824983237004,30.7661976501695
12.91,3.858129752881989,5.4798173038155085,2.0934521869052003,28.50018335570045,-26.987843603323785,24.907922818898314
12.92,3.8485324087717405,5.50721701583857,1.9820365385420504,27.965160561237894,-29.04373815290831,19.781932341536024
12.93,3.8401347326752733,5.531191763858749,1.8845478462242942,27.497015616083157,-30.842645883794773,15.296690673844022
12.94,3.832786766090864,5.552169668376406,1.7992452404462576,27.08738878907276,-32.41669014832043,11.372104214613518
12.95,3.8263572953295064,5.570525334829355,1.7246054603904755,26.728965315438668,-33.793978879780376,7.938091062786829
