time,ax_filtered,ay_filtered,az_filtered,wx_filtered,wy_filtered,wz_filtered
0.0,1.900039,-5.192545,9.979033,16.695001,-23.940001,-3.64
0.01,1.900039,-5.192545,9.979033,16.695001,-23.940001,-3.64
0.02,1.900039,-5.192545,9.979033,16.695001,-23.940001,-3.64
0.03,1.900039,-5.192545,9.979033,16.695001,-23.940001,-3.64
0.04,2.39769775,-4.946852,9.767146125,16.695001,-23.940001,-3.64
0.05,2.83314915625,-4.731870625,9.581745109375,16.695001,-23.940001,-3.64
0.06,2.47121951171875,-4.589021921875,9.309146595703126,16.695001,-23.940001,-3.64
0.07,2.1077254477539062,-4.472703931640625,9.067797646240235,16.695001,-23.940001,-3.64
0.08,1.7896681417846678,-4.3709256901855476,8.856617315460205,16.695001,-23.940001,-3.64
0.09,1.4435171240615843,-4.120736478912354,8.62216915102768,16.695001,-23.940001,-3.64
0.1,1.1406349835538863,-3.9018209190483097,8.41702700714922,16.695001,-23.940001,-3.64
0.11,0.9235647356096506,-3.5835180541672713,8.163319006255568,16.695001,-23.940001,-3.64
0.12,0.7336282686584443,-3.3050030473963625,7.941324505473622,16.695001,-23.940001,-3.64
0.13,0.5674338600761388,-3.0613024164718174,7.747079317289419,16.695001,-23.940001,-3.64
0.14,0.5161600025666215,-2.7035672394128403,7.404741277628242,16.695001,-23.940001,-3.64
0.15,0.4712953772457938,-2.3905489594862352,7.105195492924712,16.695001,-23.940001,-3.64
0.16,0.36059133009006955,-1.9756818395504558,6.634565431309123,16.695001,-23.940001,-3.64
0.17,0.049268163828810885,-1.504201734606649,5.890023877395483,16.695001,-23.940001,-3.64
0.18,-0.22313960664979046,-1.0916566427808179,5.238550017721047,16.695001,-23.940001,-3.64
0.19,-0.7206899058185666,-0.5804561874332157,4.576616015505916,16.695001,-23.940001,-3.64
0.2,-1.1560464175912457,-0.13315578900406377,3.997423763567676,16.695001,-23.940001,-3.64
0.21,-1.6598228653923401,0.3343574346214442,3.298602168121717,16.695001,-23.940001,-3.64
0.22,-2.1006272572182976,0.7434315052937637,2.687133272106502,16.695001,-23.940001,-3.64
0.23,-2.4863311000660104,1.1013713171320432,2.1520979880931894,16.695001,-23.940001,-3.64
0.24,-2.5749342125577592,1.4606250274905377,1.4939273645815407,16.695001,-23.940001,-3.64
0.25,-2.6524619359880393,1.7749720240542204,0.918028069008848,16.695001,-23.940001,-3.64
0.26,-2.244897693989534,1.8972498960474429,0.012628685382741978,16.695001,-23.940001,-3.64
0.27,-1.2184991072408424,1.8477854090415124,-1.4735629002901007,16.695001,-23.940001,-3.64
0.28,-0.32040034383573723,1.8045039829113234,-2.773980537753838,16.695001,-23.940001,-3.64
0.29,0.9244059491437299,1.645297360047408,-4.133507470534608,16.695001,-23.940001,-3.64
0.3,2.0136114555007634,1.505991565041482,-5.323093536717782,16.695001,-23.940001,-3.64
0.31,3.023314398563168,0.8285409944112967,-5.870215844628059,16.695001,-23.940001,-3.64
0.32,3.9068044737427714,0.23577174510988463,-6.348947864049552,16.695001,-23.940001,-3.64
0.33,4.679858289524925,-0.2829013480288509,-6.767838381043358,16.695001,-23.940001,-3.64
0.34,5.35754537833431,-1.5589916795252445,-7.080289458412938,16.695001,-23.940001,-3.64
0.35,5.950521581042521,-2.675570719584589,-7.353684151111322,16.695001,-23.940001,-3.64
0.36,6.2331225084122055,-4.1940202546365155,-7.661211757222406,16.695001,-23.940001,-3.64
0.37,5.88605719486068,-5.946959472806951,-7.829081787569606,16.695001,-23.940001,-3.64
0.38,5.5823750455030945,-7.480781288706082,-7.975968064123405,16.695001,-23.940001,-3.64
0.39,4.564171289815208,-8.98801387761782,-7.365354181107979,-26.744373375000002,-34.807500875,-35.608126500000004
0.4,3.6732430035883077,-10.306842392915593,-6.831067033469481,-64.753825953125,-44.316563265625,-63.5802371875
0.41,1.6081506281397693,-10.632614343801142,-6.038968279285796,-98.01209695898439,-52.63699285742187,-88.0558340390625
0.42,-0.19880520037770189,-10.917664800826,-5.345881869375071,-127.11308408911134,-59.91736875024414,-109.47198128417969
0.43,-1.779891550330489,-11.167083950722748,-4.739431260703187,-152.57644782797243,-66.28769765646362,-128.21111012365722
0.44,-4.1943997315391774,-10.011206206882406,-4.560827478115288,-174.85689109947586,-71.86173544940567,-144.60784785820007
0.45,-6.30709439009678,-8.999813181022105,-4.4045491683508775,-194.35227896204137,-76.73901851822995,-158.95499337592506
0.46,-7.721437841334683,-7.887756408394342,-4.650712897307018,-211.4107433417862,-81.00664120345121,-171.5087457039344
0.47,-7.001476111167848,-7.0035812323450495,-4.760150410143641,-226.33689967406292,-84.74081105301981,-182.4932789909426
0.48,-6.371509597271867,-6.229927953301918,-4.855908233875686,-239.39728646480506,-88.00820967139234,-192.10474561707477
0.49,-6.1966948976128835,-4.954422709139179,-4.210891454641225,-250.82512490670442,-90.86718346246829,-200.51477891494042
0.5,-6.0437320354112725,-3.838355620496781,-3.6465017728110722,-260.8244835433664,-93.36878552965975,-207.87355805057285
0.51,-7.596538905984863,-3.2192447929346835,-3.1248323012096884,-269.5739223504456,-95.55768733845228,-214.31248979425123
0.52,-8.955244917736755,-2.677522818817848,-2.668371513558477,-277.2296813066399,-97.47297642114575,-219.94655506996983
0.53,-10.14411267801966,-2.203516091465617,-2.2689683243636676,-283.9284703933099,-99.14885436850253,-224.8763621862236
0.54,-11.8092058432672,-2.3004917050324147,-1.6484701588182091,-289.78991084414616,-100.61524757243971,-229.18994341294564
0.55,-13.2661623628588,-2.385345366903363,-1.105534263965933,-294.9186712386279,-101.89834162588475,-232.96432698632742
0.56,-14.06546906750145,-2.6527810710404425,0.3158642690298087,-293.3075889587994,-46.53104817264916,-179.00253661303648
0.57,-14.22953293406377,-2.641506562160387,2.3073142354010825,-291.89789196394946,1.915333598931987,-131.78597003640692
0.58,-14.3730888173058,-2.6316413668903382,4.049832955975948,-290.6644070934558,44.30591764906549,-90.47147428185605
0.59,-14.388147590142575,-2.409067696029046,5.671371961478954,-289.5851078317738,81.39767869293232,-54.321290496624044
0.6,-14.401324016374753,-2.214315734025415,7.090218591294084,-288.6407209778021,113.85296960631578,-22.68987968454604
0.61,-14.583463764327908,-1.310835267272238,8.032330392382324,-287.81438248057685,142.2513491555263,4.987604776022216
0.62,-14.74283604378692,-0.5202898588632082,8.856678218334533,-287.09133629550473,167.09993126108552,29.20540367901944
0.63,-14.882286788313554,0.1714373734946928,9.577982566042715,-286.45867088356664,188.84244060344983,50.39597771914201
0.64,-14.77567856477436,1.1754513268078564,10.565297745287374,-285.9050886481208,207.8671362780186,68.93773000424926
0.65,-14.682396369177566,2.0539635359568744,11.429198527126452,-285.4207041921057,224.51374499326627,85.1617632537181
0.66,-13.516455448030369,2.8332904689622653,12.614181711235645,-284.99686779309246,239.07952761910798,99.35779234700334
0.67,-12.496257142026572,3.5152015353419825,13.65104199733119,-284.6260109439559,251.82458741671948,111.77931780362792
0.68,-10.928383124273251,4.154853343424234,14.134448872664791,-284.30151120096144,262.9765147396296,122.64815257817443
0.69,-9.268202483739095,5.147806425496205,13.129948763581693,-284.01757392584125,272.7344511471759,132.15838300590264
0.7,-7.815544423271709,6.016640372309179,12.251011168133981,-283.7691288101111,281.2726455037789,140.47983463016482
0.71,-6.415829495362745,6.878788825770532,10.548730522117234,-283.5517393338472,288.74356556580653,147.76110480139423
0.72,-5.191078933442402,7.6331687225492155,9.05923495685258,-243.82902166711628,306.8174964950807,190.09033957621995
0.73,-4.1194221917621014,8.293251132230564,7.755926337246007,-209.07164370872675,322.6321860581956,227.12842000419244
0.74,-2.3751549177918387,7.727484615701743,6.188349420090256,-178.65893799513591,336.47003942592113,259.5367403786684
0.75,-0.8489210530678588,7.232438913739026,4.816719617578974,-152.04782049574393,348.57816112268097,287.89402070633486
0.76,0.9804739535656235,6.082124549521648,4.228408540381602,-128.76309268377594,359.1727676073458,312.706640993043
0.77,2.5811945843699204,5.075599480831442,3.7136363478339014,-108.38895584830394,368.44304828142754,334.4176837439126
0.78,3.9781035113236802,5.063677295727511,3.4847918043546637,-90.56158611726595,376.55454387124905,353.41484615092355
0.79,5.74569369740822,5.852662258761573,2.3712584538103307,-74.9626376026077,383.65210251234294,370.03736325705813
0.8,7.292335110232193,6.543024101416377,1.3969167720840394,-61.31355765228173,389.86246632330005,384.5820657249259
0.81,8.258755721453168,6.8737150887393295,0.05411042557353429,-49.370612695746516,395.29653465788755,397.30868038431015
0.82,9.104373756271523,7.163069702646913,-1.1208451276231575,-38.9205358587782,400.0513444506516,408.4444682112714
0.83,9.844289536737582,7.416254989816049,-2.148931236670263,-29.776718626430927,404.21180301932014,418.1882825598625
0.84,10.712040094645385,7.158602491089043,-3.34518383208648,-21.77587854812706,407.8522042669051,426.71412011487973
0.85,11.471321832814711,6.933156554702913,-4.39190485307567,-14.77514347961118,411.03755535854197,434.1742279755198
0.86,12.455126103712873,6.889319735365049,-5.140746996441211,-8.649500294659783,413.8247375637242,440.7018223535798
0.87,13.315954840748764,6.850962518444418,-5.79598387188606,-3.28956250782731,416.2635219932587,446.41346743438237
0.88,13.97253911065517,6.7926598286388655,-5.959873012900303,-12.879617694348896,332.93620536910134,421.4642846300846
0.89,14.163998096823274,6.4987132250590065,-5.833661261287765,-21.270915982555284,260.0248033229637,399.63374967632404
0.9,14.331524709720364,6.24150994692663,-5.723225978626794,-28.61330198473587,196.22732653259322,380.53203159178355
0.91,14.478110496005318,6.016457078560801,-5.626595106298445,-35.03788973664388,140.4045343410191,363.81802826781063
0.92,14.026992184004653,5.202853193740701,-5.595220093011139,-40.6594040195634,91.5595911733917,349.19327535933434
0.93,13.046654786004071,3.9655214195231134,-5.770959581384747,-45.57822901711797,48.82026590171773,336.39661656441757
0.94,12.188859562753562,2.8828561170827243,-5.924731633711654,-49.88220088997822,11.423356289003017,325.1995401188654
0.95,11.438288742409366,1.9355239774473838,-6.059282179497698,-53.64817627873094,-21.298939622122358,315.4020982290072
0.96,10.337233524608195,0.577568980266461,-6.404690157060486,-56.94340474388957,-49.930948544357065,306.8293365753813
0.97,9.37381020903217,-0.6106416422668466,-6.7069221374279255,-59.826729650903374,-74.98395635131243,299.3281701284587
0.98,8.530814807903148,-1.6503259369834906,-6.971375120249435,-62.34963894454045,-96.90533818239838,292.76464948740136
0.99,7.7931938319152545,-2.5600496948605542,-7.2027714802182565,-64.55718457647289,-116.08654728459858,287.02156892647616
1.0,7.1477754779258476,-3.356057983002985,-7.405243295190974,-66.48878700441378,-132.87010524902377,281.9963734356666
1.01,6.583034418185116,-4.052565235127612,-7.582406133292103,-68.17893912886205,-147.55571846789582,277.5993273812083
1.02,6.088885990911977,-4.66200908073666,-7.737423616630591,-69.6578222377543,-160.40563003440883,273.7519120835573
1.03,5.65650611704798,-5.195272445644578,-7.873063914551767,-70.95184495803501,-171.6493026551077,270.3854236981126
1.04,5.2781737274169815,-5.6618778899390065,-7.991749175232797,-67.03098933828063,-183.39063907321923,184.90974423584854
1.05,4.947132886489858,-6.070157653696631,-8.095598778328696,-63.600240670995554,-193.66430843906682,110.11852470636745
1.06,4.657472150678625,-6.427402446984551,-8.18646718103761,-60.598335587121106,-202.65376913418345,44.67620761807152
1.07,4.4040190068437965,-6.739991641111482,-8.265977033407909,-57.97166863873097,-210.5195472424105,-12.585819834187419
1.08,4.182247505988322,-7.013507185972546,-8.33554815423192,-55.67333505888959,-217.4021030871092,-62.69009385491399
1.09,3.9881974427397813,-7.252833287725979,-8.39642288495293,-53.66229317652839,-223.42433945122053,-106.53133362304973
1.1,3.8184036373973083,-7.462243626760232,-8.449688274333814,-51.90263152946233,-228.69379626981797,-144.89241842016853
1.11,3.6698340577226443,-7.645477673415202,-8.496295490042087,-50.36292758827954,-233.3045709860907,-178.45836761764747
1.12,3.3761666755073136,-6.718776589238303,-7.040164303786826,-49.015686639744594,-237.33899886282936,-207.82857316544153
1.13,3.1192077160688996,-5.907913140583515,-5.766049515813473,-47.836850809776514,-240.86912325497568,-233.52750301976135
1.14,2.8943686265602873,-5.198407623010576,-4.6511990763367885,-46.805369458554445,-243.9579820981037,-256.0140666422912
1.15,2.6976344232402516,-4.577590295134255,-3.67570494179469,-45.90282327623514,-246.66073358584075,-275.6898098120048
1.16,2.52549199533522,-4.034375133242473,-2.822147574070353,-45.11309536670574,-249.02564113761065,-292.9060850855042
1.17,2.374867370918318,-3.5590618665871636,-2.0752848773115593,-44.42208344586752,-251.09493524540932,-307.9703259498162
1.18,2.2430708245535285,-3.143162758263768,-1.4217800176476143,-43.817448015134076,-252.90556758973315,-321.1515367060892
1.19,2.1277488464843373,-2.779251038480797,-0.8499632654416625,-43.288392013242316,-254.4898708910165,-332.68509611782804
1.2,2.0268421156737952,-2.4608282836706974,-0.3496236072614547,-45.89234288658703,-256.0598889046394,-283.21570897809954
1.21,1.9385487262145709,-2.1822083732118602,0.08817359364622712,-48.170799900763654,-257.4336546665595,-239.9299952308371
1.22,1.8612920104377495,-1.9384159515603776,0.4712461444404487,-50.1644497881682,-258.63569970823954,-202.05499570198248
1.23,1.7936923841330308,-1.7250975826153303,0.8064346263853925,-51.90889343964717,-259.6874891197096,-168.91437111423465
1.24,1.7345427111164018,-1.538444009788414,1.0997245480872184,-53.43528163469128,-260.6078048547459,-139.91632459995532
1.25,1.6827867472268514,-1.3751221335648622,1.356353229576316,-54.77087130535487,-261.41308112290267,-114.5430338999609
1.26,1.637500278823495,-1.2322154918692545,1.5809033258792766,-55.93951226718551,-262.11769785753984,-92.34140453746579
1.27,1.597874618970558,-1.1071721803855976,1.777384660144367,-56.96207310878732,-262.7342375003473,-72.91497884528256
1.28,1.6233241665992382,-2.479719532837398,1.9892393276263212,-57.85681384518891,-263.2737096878039,-55.91685636462224
1.29,1.6455925207743334,-3.680698466232723,2.1746121616730307,-58.639711989540295,-263.7457478518284,-41.043499194044465
1.3,1.6650773306775417,-4.731555032953633,2.336813391463902,-59.32474786584776,-264.15878124534987,-28.02931166978891
1.31,1.6821265393428488,-5.651054528834428,2.478739467530914,-59.92415425761679,-264.5201854646811,-16.641897586065298
1.32,1.6970445969249925,-6.455616587730124,2.6029247840895495,-60.44863485041469,-264.83641415659594,-6.677910262807136
1.33,1.7100978973093683,-7.159608389263858,2.7115869360783558,-60.907555369112856,-265.11311426202144,2.040578645043756
1.34,1.7215195351456973,-7.775601215605875,2.8066663190685612,-61.30911082297375,-265.3552268542687,9.669256439413287
1.35,1.731513468252485,-8.31459493865514,2.889860779184991,-61.66047184510203,-265.56707537248514,16.344349509486626
1.36,1.7402581597209243,-8.786214446323248,2.9626559317868666,-73.64041236446428,-248.7993155759245,21.5200559458008
1.37,1.7479097647558088,-9.198881515532841,3.026351690313508,-84.12286031890625,-234.12752575393395,26.048799077575698
1.38,1.7546049191613327,-9.559965201091236,3.0820854790243195,-93.29500227904296,-221.28970965969222,30.011449317878736
1.39,1.760463179266166,-9.875913425954833,3.1308525441462796,-101.3206264941626,-210.05662057723072,33.47876827814389
1.4,1.7655891568578952,-10.15236812271048,3.1735237261279945,-108.34304768239227,-200.2276676300769,36.5126723683759
1.41,1.7700743872506581,-10.39426598237167,3.210861010361995,-114.48766622209324,-191.6273338013173,39.167338447328916
1.42,1.7739989638443259,-10.605926609575212,3.243531134066745,-119.86420744433158,-184.10204170115264,41.4901712664128
1.43,1.777432968363785,-10.791129658378312,3.2721174923084018,-124.56868101379014,-177.51741111350856,43.5226499831112
1.44,-0.18905840268168794,-10.487230201081022,2.791579180769851,-128.68509538706638,-171.75585934932,45.3010688602223
1.45,-1.9097383523464768,-10.221318175945894,2.3711081581736195,-132.28695796368308,-166.714501555655,46.85718537769451
1.46,-3.4153333083031674,-9.988645153952657,2.003196013401917,-135.4385877182227,-162.30331348619814,48.2187873304827
1.47,-4.7327288947652715,-9.785056259708574,1.6812728867266773,-138.19626375344484,-158.4435239254234,49.41018903917236
1.48,-5.885450032919612,-9.606915977245002,1.3995901508858426,-140.60923028426424,-155.06620805974546,50.452665534275816
1.49,-6.894081028804661,-9.451043230089377,1.1531177570251123,-142.72057599873122,-152.1110566772773,51.36483246749134
1.5,-7.776633150204078,-9.314654576328204,0.9374544123969732,-144.56800349888982,-149.52529921761766,52.16297853405492
1.51,-8.548866256428568,-9.195314504287177,0.7487489858473516,-146.1845025615286,-147.26276144041546,52.86135634229806
1.52,-9.224570224374997,-9.090891941251279,0.5836317376164327,-142.94393986633753,-62.67429001036352,73.8643115495108
1.53,-9.815811196328122,-8.99952219859487,0.4391541454143787,-140.10844750804534,11.34062249093192,92.24189735582195
1.54,-10.333147046787106,-8.919573673770511,0.3127362522375814,-137.62739169453968,76.10367092956544,108.3222849363442
1.55,-10.785815915938718,-8.849618714549196,0.20212059570788377,-135.45646785772223,132.77133831336977,122.39262406930118
1.56,-11.18190117644638,-8.788408125230546,0.1053318962443983,-133.55690950050695,182.35554727419856,134.70417081063852
1.57,-11.528475779390583,-8.734848859576728,0.02064178421384852,-131.8947959379436,225.7417301149237,145.4767742093087
1.58,-11.831728556966759,-8.687984502129636,-0.05346206381288254,-130.44044657070066,263.70464010055827,154.90280218314513
1.59,-12.097074737345913,-8.64697818936343,-0.11830293083627222,-129.16789087436308,296.9221863379885,163.150576660252
1.6,-14.942735770177675,-7.757819540693002,1.3818501855182619,-128.0544046400677,325.9875392957399,170.3673793277205
1.61,-17.432689173905466,-6.979805723106377,2.694484162328479,-127.08010418505924,351.4197231337724,176.68208166175543
1.62,-19.611398402167282,-6.29904363271808,3.8430388920374194,-126.22759128692684,373.6728839920508,182.207446204036
1.63,-21.51776897689637,-5.70337680362832,4.8480242805327425,-125.48164250106099,393.14439974304446,187.0421401785315
1.64,-23.185843229784325,-5.182168328174781,5.72738649546615,-124.82893731342837,410.1819760251639,191.27249740621505
1.65,-24.645408201061286,-4.726110912152933,6.496828433532881,-124.25782027424982,425.08985527201844,194.97405998043817
1.66,-25.922527550928628,-4.327060673133817,7.170090129341271,-123.75809286496859,438.13424961301615,198.2129272328834
1.67,-27.04000698206255,-3.97789171399209,7.759194113173613,-123.32083138184751,449.54809466138914,201.04693607877297
1.68,-28.017801484304734,-3.6723688747430785,8.27466009902691,-130.05635195911657,389.7277079537155,226.03169419392637
1.69,-28.87337167376664,-3.405036390400194,8.725692836648546,-135.949932464227,337.3848695845011,247.89335754468559
1.7,-29.62199558954581,-3.1711204666001693,9.120346482067479,-141.10681540619862,291.58488601143847,267.0223129765999
1.71,-30.277041515852588,-2.966444033275148,9.465668421809045,-145.61908798042379,251.50990038500868,283.7601489795249
1.72,-30.850206701371015,-2.787352154115754,9.767825119082914,-149.5673264828708,216.4442879618826,298.40575548208426
1.73,-31.35172623869964,-2.6306467598512846,10.032212229197551,-153.02203517251195,185.76187709164728,311.22066117182374
1.74,-31.790555833862186,-2.493529539869874,10.263550950547856,-156.04490527594794,158.91476758019138,322.43370365034576
1.75,-32.174531729629415,-2.3735519723861396,10.465972331729375,-158.68991661645444,135.42354675766745,332.24511581905256
1.76,-27.357640263425736,-0.4455909758378722,8.556352165263203,-161.00430153939763,114.86872853795902,340.830101466671
1.77,-23.14286023049752,1.2413748961418618,6.885434519605302,-163.02938834697292,96.88326259571414,348.34196390833716
1.78,-19.454927701685328,2.717470034124129,5.423381579654639,-164.8013393036013,81.14597989624988,354.914843544795
1.79,-16.22798673897466,4.0090532798586125,4.144085257197809,-166.35179639065115,67.37585753421865,360.66611322669564
1.8,-13.404413396602827,5.139188619876286,3.0247009750480833,-167.70844634181975,55.32700046744132,365.6984741983587
1.81,-10.933786722027474,6.128057042391751,2.045239728167073,-168.89551504909227,44.78425053401116,370.1017900485639
1.82,-8.771988381774039,6.993316912092782,1.188211137146189,-169.93420016795574,35.55934434225976,373.9546914174934
1.83,-6.880414834052284,7.750419298081185,0.4383111200029154,-170.84304964696128,27.487551424477296,377.3259801153067
1.84,-5.225287979795749,8.412883885821037,-0.21785139499744904,-146.2370433160911,-1.305893253582365,318.4352327258934
1.85,-3.7770519823212805,8.992540400093407,-0.7919935956227679,-124.70678777657972,-26.50015734688457,266.90582876015674
1.86,-2.5098454845311204,9.499739850081731,-1.294368021169922,-105.86781417950725,-48.545138428524,221.81760029013714
1.87,-1.4010397989647305,9.943539368821513,-1.7339456435236817,-89.38371228206884,-67.83449687495849,182.36540037887
1.88,-0.4308348240941393,10.331863947718823,-2.1185760630832213,-74.96012312181024,-84.71268551558867,147.84472545651124
1.89,0.4180945289176281,10.671647954253968,-2.4551276801978186,-62.33948260658396,-99.4811005761401,117.63913489944734
1.9,1.1609077128029246,10.968958959972221,-2.749610345173091,-51.296422155760965,-112.40346375412258,91.20924316201643
1.91,2.0418697487025588,6.867425714975694,-3.866236427026455,-41.63374426129084,-123.71053153485725,68.08308789176438
1.92,2.812711530114739,3.278584125603732,-4.843284248648148,-33.178901103629485,-133.60421584300008,47.84770203029383
1.93,3.4871980888503966,0.13834773490326535,-5.69820109256713,-25.780913340675802,-142.26118961262506,30.141739401507103
1.94,4.077373827744097,-2.609359106959643,-6.446253330996239,-19.30767404809133,-149.83604166104692,14.649022101318716
1.95,4.593777599276085,-5.013602593589687,-7.100799039621709,-13.643589667079915,-156.46403720341607,1.0928944636538755
1.96,5.045630899366574,-7.117315644390976,-7.673526534668996,-8.687515833694928,-162.26353330298906,-10.768717219302859
1.97,5.441002536945753,-8.958064563842104,-8.174663092835372,-4.350951229483061,-167.33809239011543,-21.147627441890002
1.98,5.786952719827534,-10.56871986836184,-8.61315758123095,-0.5564572007976785,-171.778331591351,-30.229173886653754
1.99,6.0896591298490925,-11.97804325981661,-8.996840258577082,8.416225074302032,-232.6041642674321,-42.082402025822034
2.0,6.354527238617956,-13.211201227339533,-9.332562601254947,16.267322065014277,-285.8267678590031,-52.45397664759428
2.01,6.5862868337907114,-14.290214448922091,-9.626319651098079,23.137031931887492,-332.3965460016277,-61.529104441644996
2.02,6.789076479566873,-15.23435101780683,-9.88335706971082,29.148028065401554,-373.14510187642423,-69.46984126143937
2.03,6.966517419621014,-16.060470515580977,-10.108264810996967,34.40764968222636,-408.8000882668712,-76.41798597875945
2.04,7.1217782421683875,-16.783325076133355,-10.305059084622346,39.00981859694807,-439.99820135851235,-82.4976126064145
2.05,7.257631461897339,-17.415822816616686,-10.477254074044554,43.03671639732956,-467.29655031369833,-87.81728590561269
2.06,7.376503029160172,-17.9692583395396,-10.627924689788985,46.56025197266337,-491.18260564948605,-92.4720000424111
2.07,7.683033025515151,-15.542199922097149,-10.143042228565362,49.643345601080455,-512.0829040683003,-96.5448749121097
2.08,7.9512467723257565,-13.418523806835005,-9.71877007499469,52.3410525259454,-530.3706651847627,-100.10864042309599
2.09,8.185933800785037,-11.56030720598063,-9.347531940620353,54.701546085202224,-546.3724561616674,-103.22693524520899
2.1,8.391284950686908,-9.93436768023305,-9.022698573042808,56.76697794955195,-560.374023266459,-105.95544321455786
2.11,8.570967206851044,-8.511670595203919,-8.738469376412457,58.57423083085796,-572.6253944831516,-108.34288768773813
2.12,8.728189180994663,-7.266810645803429,-8.4897688293609,60.15557710200071,-583.3453442977576,-110.43190160177086
2.13,8.865758408370331,-6.177558190078,-8.272155850690787,61.539255089250624,-592.7253003855379,-112.2597887765495
2.14,8.986131482324039,-5.2244622913182495,-8.081744494354439,62.7499733280943,-600.9327619623457,-113.8591900544808
2.15,9.091457922033534,-4.3905033799034685,-7.915134557560134,63.80935178708251,-608.1142908420525,-115.2586661726707
2.16,9.183618556779342,-3.660789332415535,-7.769350862865117,38.1625579386972,-554.0887552367959,-100.20383290108687
2.17,9.264259112181925,-3.022289540863593,-7.641790130006978,15.721613321360046,-506.81641158219645,-87.03085378845101
2.18,9.334819598159186,-2.4636022232556436,-7.5301744887561055,-3.9142132188099623,-465.4531108844219,-75.50449706489464
2.19,9.396560023389288,-1.9747508203486879,-7.432510802661593,-21.09556144145872,-429.26022277386915,-65.41893493178281
2.2,9.450582895465628,-1.5470058428051017,-7.347055077328894,-36.12924113627638,-397.59144567713554,-56.59406806530996
2.21,9.497852908532424,-1.1727289874544637,-7.272281317662782,-49.28371086924183,-369.8812657174936,-48.87230955714622
2.22,9.539214169965872,-0.8452367390226557,-7.2068542779549345,-60.793871885586604,-345.6348582528069,-42.11577086250294
2.23,9.575405273720138,-0.5586810216448238,-7.149605618210568,-70.86526277488828,-324.419251721206,-36.203799504690075
2.24,9.283781739505121,-0.8430766439392208,-5.816051165934247,-79.67772980302725,-305.8555960060553,-31.030824566603815
2.25,9.028611147066982,-1.0919228134468182,-4.6491910201924656,-87.38863845264885,-289.6123972552984,-26.504471495778336
2.26,8.80533687868361,-1.309663211765966,-3.628188392668407,-94.13568352106775,-275.39959834838606,-22.543912558806042
2.27,8.609971893848158,-1.5001860602952202,-2.734811093584856,-100.03934795593428,-262.9633993048378,-19.078423488955288
2.28,8.439027532117139,-1.6668935527583175,-1.953105956886749,-105.20505433644249,-252.0817251417331,-16.046120552835877
2.29,8.289451215602497,-1.8127626086635278,-1.2691139622759056,-109.72504741938718,-242.56026024901647,-13.392855483731392
2.3,8.158571938652186,-1.9403980325805867,-0.6706209669914174,-113.68004136696378,-234.22897846788942,-11.071248548264968
2.31,8.044052571320663,-2.0520790285080133,-0.14693959611749025,-117.1406610710933,-226.93910690940325,-9.039842479731846
2.32,7.94384812490558,-2.1497998999445116,0.311281603397196,-123.27495381220665,-198.50609354572782,2.1132628302346355
2.33,7.856169234292382,-2.235305662451448,0.7122251529725465,-128.6424599606808,-173.62720685251185,11.872229976455307
2.34,7.779450205005835,-2.310123204645017,1.063050758850978,-133.33902784059572,-151.85818099594786,20.411326229398394
2.35,7.712321054380105,-2.37558855406439,1.3700231639946059,-137.44852473552126,-132.81028337145437,27.883035450723597
2.36,7.6535830475825914,-2.4328707348063414,1.63862401849528,-141.0443345185811,-116.14337295002258,34.42078101938315
2.37,7.602187291634767,-2.4829926429555487,1.87364976618337,-144.19066807875848,-101.55982633126976,40.14130839196025
2.38,7.557216005180422,-2.5268493125861053,2.079297295410449,-146.94370994391366,-88.79922303986105,45.14676984296522
2.39,6.264921629532869,-2.8906180235128422,2.204308133484143,-149.35262157592445,-77.63369515987841,49.52654861259457
2.4,5.134164050841259,-3.208915645573737,2.313692616798625,-151.4604192539339,-67.86385826489361,53.358855036020245
2.41,4.144751169486102,-3.48742606487702,2.409404039698797,-153.30474222219217,-59.31525098178191,56.71212315651771
2.42,3.279014898300339,-3.7311226817673924,2.4931515347364477,-154.91852481941817,-51.83521960905917,59.646232761953
2.43,2.5214956610127968,-3.9443572215464684,2.566430592894392,-156.3305845919909,-45.29019215792678,62.21357866670888
2.44,1.8586663283861973,-4.13093744385316,2.630549768782593,-157.56613689299206,-39.56329313818594,64.46000633337027
2.45,1.2786906623379226,-4.294195138371515,2.686654047684769,-158.64724515636806,-34.5522564959127,66.42563054169898
2.46,0.7712119545456824,-4.437045621075076,2.735745291724173,-159.59321488682204,-30.167599433923613,68.14555172398661
2.47,0.32716808522747204,-4.562039793440691,2.7787001302586516,-160.42093840096928,-26.33102450468316,69.6504827584883
2.48,-0.06137030042596198,-4.671409694260605,2.81628561397632,-154.44707160084812,33.36722830840223,87.93792353867725
2.49,-0.4013413878727167,-4.76710835747803,2.8491729122292804,-149.2199381507421,85.60319951985196,103.9394342213426
2.5,-0.6988160893886272,-4.850844687793276,2.8779492982006203,-144.64619638189936,131.30967432987046,117.94075606867477
2.51,-0.9591064532150488,-4.9241139768191164,2.903128635925543,-140.64417233416194,171.30283978863667,130.19191268509041
2.52,-1.1868605215631678,-4.988224604716727,2.92516055643485,-137.1424012923917,206.2968595650571,140.91167472445412
2.53,-1.3861453313677718,-5.044321404127136,2.944438486880494,-134.07835163084275,236.916626869425,150.29146650889734
2.54,-1.5605195399468004,-5.093406103611244,2.9613066760204325,-131.39730817698742,263.7089232607469,158.49878432028515
2.55,-4.649009972453451,-5.212077715659839,3.0743373415178787,-129.051395154864,287.1521826031535,165.68018740524948
2.56,-7.351439100896769,-5.315915376202359,3.173239173828144,-126.998721260506,307.6650345277593,171.9639151045933
2.57,-9.716064588284674,-5.4067733291770645,3.259778277099626,-125.20263160294274,325.61377996178936,177.46217684151912
2.58,-11.785111889749091,-5.486274038029932,3.335499992462173,-123.63105315257489,341.31893221656566,182.27315586132923
2.59,-13.595528278530455,-5.555837158276191,3.4017564934044016,-122.25592200850303,355.0609404394949,186.48276250366305
2.6,-15.17964261871415,-5.616704888491667,3.4597309317288514,-121.05268225744015,367.085197634558,190.16616831570516
2.61,-16.56574266637488,-5.669964152430209,3.510458565262745,-119.99984747526013,377.60642268023827,193.389148401242
2.62,-17.77858020807802,-5.716566008376433,3.554845244604902,-119.0786170408526,386.8124945952085,196.20925597608675
2.63,-18.839813057068266,-5.7573426323293795,3.5936835890292893,-118.27254041074603,394.8678075208074,198.6768501040759
2.64,-19.768391799934733,-5.793022178288207,3.627667140400628,-94.97034760940278,389.9374582057065,227.85599446606642
2.65,-20.58089819994289,-5.824241781002182,3.6574027478505498,-74.58092890822743,385.62340255499316,253.3877457828081
2.66,-21.29184129995003,-5.85155893337691,3.683421404369231,-56.74018754469901,381.84860386061905,275.7280281849571
2.67,-21.913916512456275,-5.875461441704797,3.7061877288230773,-41.12953885161164,378.5456550030417,295.2757752868375
2.68,-22.45823232339924,-5.896376136491697,3.7261082627201927,-27.470221245160186,375.6555747526615,312.3800540009828
2.69,-22.934508657974334,-5.9146764944302355,3.743538729880169,-15.518318339515162,373.12675453357883,327.34629787585993
2.7,-23.35125045072754,-5.930689307626456,3.758790388645148,-5.060403297075766,370.9140368418815,340.44176126637745
2.71,-21.293225144386597,-3.1090127691731486,3.7693494650645043,4.090272365058706,368.9779088616463,351.9002917330803
2.72,-19.49245300133827,-0.6400457980265051,3.7785886569314413,12.097113569426368,367.2837968789405,361.92650589144523
2.73,-17.916777376170984,1.5203003017268082,3.7866729498150113,19.10309962324807,365.80144889407296,370.6994432800146
2.74,-16.53806120414961,3.4106031390109575,3.793746706088135,25.233337420342064,364.50439440731384,378.37576349501273
2.75,-15.331684553630907,5.064618121634588,3.799936242827118,30.597295492799308,363.3694717313996,385.09254368313617
2.76,-14.276104984427043,6.511881231430264,3.8053520874737283,35.29075880619939,362.3764143899746,390.96972634774414
2.77,-13.352472861373663,7.778236452501481,3.8100909515395123,39.397539205424465,361.5074892162278,396.1122611792761
2.78,-12.544294753701955,8.886297270938796,3.8142374575970734,42.99097205474641,360.7471796891993,400.6119791568666
2.79,-11.837138909489209,9.855850487071447,3.8178656503974393,46.135225797903104,360.0819088530494,404.54923238725826
2.8,-11.218377545803058,10.704209551187516,3.8210403190977593,30.870197448165214,287.88542049641825,381.744329088851
2.81,-10.676961352577674,11.446523732289076,3.8238181542105396,17.513297642144565,224.71349318436597,361.7900387027446
2.82,-10.203222183505464,12.096048640752942,3.8262487599342223,5.8260103118764945,169.43805678632023,344.3300346149015
2.83,-9.78870041056728,12.664382935658825,3.8283755399424444,-4.400366102108067,121.0720499380302,329.05253103803875
2.84,-9.425993859246368,13.161675443701473,3.8302364724496387,-13.348445464344557,78.75179394577643,315.68471540828386
2.85,-9.10862562684057,13.59680638823879,3.831864788393434,-21.178014906301485,41.721569952554376,303.98787673224837
2.86,-8.8309284234855,13.977545964708941,3.8332895648442546,-28.0288881680138,9.320123958485077,293.7531428907173
2.87,-8.587943370549812,14.310693094120325,3.834536244238723,-34.02340227201208,-19.03114128632556,284.7977507793776
2.88,-6.528171699231086,12.717286082355283,2.7890474637088825,-39.268602113010566,-43.83849837553487,276.9617826819554
2.89,-4.7258714868272,11.323054947060871,1.874244780745272,-43.85815197388425,-65.54493582859301,270.105310596711
2.9,-3.1488588009737994,10.103102703678262,1.073792433152113,-47.87400810214872,-84.53806860001889,264.1058975221221
2.91,-1.7689727008520748,9.035644490718479,0.3733966290080989,-51.387882214380134,-101.15705977501653,258.85641108185683
2.92,-0.5615723632455655,8.101618554378668,-0.23944969961791346,-54.46252206258262,-115.69867705313948,254.26311044662475
2.93,0.4949029321601302,7.284345860081334,-0.7756902371656742,-57.1528319297598,-128.42259217149706,250.24397239079667
2.94,1.419318815640114,6.569232252571168,-1.2449007075199647,-59.50685306353982,-139.55601790005994,246.7272265919471
2.95,2.2281827136851,5.943507845999772,-1.6554598690799693,-61.566621555597344,-149.29776541255245,243.65007401795373
2.96,2.935938624474462,5.3959989902498,-2.0146991354449733,-65.89329373614767,-196.02429248598338,157.29006539070951
2.97,3.555225046415154,4.916928741468575,-2.3290334935143515,-69.67913189412921,-236.91000367523546,81.72505784187084
2.98,4.09710066561326,4.497742273785003,-2.6040760568250576,-72.99174028236305,-272.685000965831,15.605676236636988
2.99,4.571241832411602,4.130954114561877,-2.8447382997219255,-75.89027262206767,-303.98812359510214,-42.248782667942635
3.0,4.9861153533601525,3.8100144752416427,-3.055317762256685,-78.42648841930921,-331.3783558957144,-92.8714342094498
3.01,5.3491296841901335,3.5291922908364373,-3.2395747919745994,-80.64567724189556,-355.3448091587501,-137.16625430826858
3.02,5.666767223666367,3.2834728794818826,-3.4007996929777744,-82.5874674616586,-376.3154557639063,-175.924221894735
3.03,5.9447000707080715,3.068468394546647,-3.5418714813555527,-84.28653390395127,-394.664771543418,-209.83744353289313
3.04,6.099571686869562,3.767330845228316,-3.4227880461861084,-85.77321704095735,-410.72042285049076,-239.5115124662815
3.05,6.235084351010867,4.378835489574777,-3.3185900404128446,-87.07406478583768,-424.7691177441794,-265.4763227829963
3.06,6.353657932134508,4.91390205337793,-3.227416785361239,-88.21230656260796,-437.061725776157,-288.1955318101218
3.07,6.4574098156176944,5.3820852967056885,-3.147640187191084,-89.20826811728196,-447.8177578041374,-308.0748397088566
3.08,6.5481927136654825,5.791745634617477,-3.0778356637921984,-90.07973447762171,-457.2292858286202,-325.46923412024955
3.09,6.627627749457297,6.150198430290293,-3.0167567058181732,-90.84226754291899,-465.4643728500427,-340.6893292302184
3.1,6.697133405775134,6.463844626504006,-2.9633126175909013,-91.50948397505411,-472.67007399378735,-354.0069124514411
3.11,6.757950855053243,6.738285048191005,-2.9165490403920384,-92.09329835317234,-478.97506249456393,-365.659797770011
3.12,6.811166123171587,6.97842041716713,-2.8756309103430335,-82.1260110590258,-429.94005518274344,-309.92044767375955
3.13,6.857729482775138,7.188538865021239,-2.839827546550154,-73.40463467664758,-387.0344237849005,-261.1485163395396
3.14,6.898472422428245,7.3723925068935845,-2.8084996032313847,-65.77343034206663,-349.491996311788,-218.47307642209714
3.15,6.934122494624715,7.533264443531887,-2.7810876528274613,-59.09612654930831,-316.6423722728145,-181.132066494335
3.16,6.965316307796625,7.674027388090401,-2.7571021962240283,-53.25348573064477,-287.8989512387127,-148.4586828075431
3.17,6.992610894322047,7.797194964579101,-2.7361149216960245,-48.14117501431417,-262.7484578338736,-119.86947208160024
3.18,7.01649365753179,7.904966594006714,-2.7177510564840213,-43.6679031375249,-240.7417761046394,-94.85391269640022
3.19,6.830744825340317,6.5478532697558745,-1.7798284244235183,-39.753790245334294,-221.48592959155945,-72.96529823435019
3.2,6.668214597172778,5.36037911103639,-0.9591461213705784,-36.32894146466751,-204.63706389261452,-53.81276058005641
3.21,6.526000647526181,4.321339222156841,-0.24104910619925612,-33.33219878158407,-189.89430640603769,-37.05429013254936
3.22,6.401563441585409,3.4121793193872363,0.3872857820756509,-30.71004893388606,-176.99439360528297,-22.390628490980696
3.23,6.292680886387233,2.616664404463832,0.9370788093161946,-28.4156678171503,-165.70696990462258,-9.559924554608108
3.24,6.197408650588829,1.9205888539058527,1.4181477081516705,-26.40808434000651,-155.83047416654475,1.6669413897179055
3.25,6.114045444265226,1.311522747167621,1.8390829946327116,-24.651448797505697,-147.18854039572665,11.490449091003168
3.26,6.041102638732073,0.7785899037716684,2.207401370303623,-23.114392697817483,-139.6268483462608,20.08601832962777
3.27,5.977277683890565,0.3122736658002098,2.52967994901567,-35.47196948559029,-131.4747423029782,21.0052660384243
3.28,5.921430848404245,-0.09575304242481641,2.8116737053887113,-46.284849174891505,-124.34164951510591,21.80960778362126
3.29,5.872564867353715,-0.4527764121217144,3.0584182422151227,-55.746118903030066,-118.10019332571767,22.513406810668602
3.3,5.829807133934501,-0.7651718606065001,3.2743197119382326,-64.02472991515131,-112.63891916000296,23.129230959335025
3.31,5.792394117192688,-1.0385178780306876,3.4632334979459536,-71.2685145507574,-107.86030426500258,23.668077089418148
3.32,5.759657727543603,-1.2776956432768516,3.6285330607027095,-77.60682610691273,-103.67901623187726,24.13956745324088
3.33,5.731013386600653,-1.4869761878672452,3.773170178114871,-83.15284871854864,-100.02038920289259,24.552121521585768
3.34,5.705949588275572,-1.6700966643838395,3.8997276558505125,-88.00561850373006,-96.81909055253101,24.913106331387546
3.35,5.6840187647411256,-1.8303270813358596,4.010465448869199,-92.25179206576381,-94.01795423346464,25.2289680399641
3.36,5.800702794148485,-2.377725321168877,3.301063267760549,-95.96719393254334,-91.56695995428156,25.505347034968587
3.37,5.9028013198799245,-2.8566987810227675,2.6803363592904805,-99.21817056597543,-89.42233995999636,25.747178655597512
3.38,5.992137529894934,-3.2758005583949217,2.1372003143791707,-102.0627751202285,-87.54579746499681,25.958781323647823
3.39,6.070306713658067,-3.642514613595557,1.6619562750817742,-104.55180410519993,-85.90382278187221,26.143933658191845
3.4,6.138704749450809,-3.963389411896112,1.2461177406965525,-106.72970446704994,-84.46709493413817,26.305941950917862
3.41,6.198553030769458,-4.244154860409098,0.8822590231094833,-108.6353672836687,-83.20995806737089,26.44769920705313
3.42,6.250920276923275,-4.489824627857961,0.5638826452207979,-110.3028222482101,-82.10996330894953,26.57173680617149
3.43,6.296741617307866,-4.7047856743757155,0.28530331456819813,-110.85184384218385,-62.85559289533084,37.20214520540006
3.44,6.336835290144383,-4.892876590078751,0.041546400247173376,-111.33223773691088,-46.00801878341448,46.503752554725054
3.45,6.371917253876335,-5.057456141318908,-0.1717408997837233,-111.75258239479703,-31.26639143548767,54.64265898538442
3.46,6.402613972141793,-5.201463248654044,-0.3583672873107579,-112.12038397044739,-18.36746750605171,61.76420211221137
3.47,6.429473600624069,-5.327469467572289,-0.5216653763969132,-112.44221034914148,-7.080909067795249,67.99555234818496
3.48,6.452975775546061,-5.437724909125754,-0.6645512043472991,-112.72380843049879,2.794829565679157,73.44798380466185
3.49,6.4735401786028035,-5.534198420485034,-0.7895763038038867,-112.97020675168645,11.436100869969263,78.21886132907912
3.5,6.491534031277453,-5.618612742924405,-0.8989732658284009,-113.18580528272565,18.997213261223102,82.39337916294423
3.51,4.2021434023677715,-5.959814025058854,-0.8534779825998507,-113.37445399738496,25.613186603570213,86.0460822675762
3.52,2.1989266020718,-6.258365146926497,-0.8136696097748694,-113.53952162271185,31.402163278123936,89.24219748412918
3.53,0.446111901812825,-6.519597378560686,-0.7788372835530106,-113.68395579487287,36.46751786835844,92.03879829861303
3.54,-1.0876009609137782,-6.7481755812406,-0.7483589981088843,-113.81033569551377,40.899703134813635,94.4858240112864
3.55,-2.429599715799556,-6.948181508585526,-0.7216904983452738,-113.92091810857454,44.77786524296193,96.6269715098756
3.56,-3.603848626324612,-7.123186695012334,-0.6983555610521145,-114.01767772000272,48.17125708759169,98.50047557114115
3.57,-4.631316423034035,-7.276316233135793,-0.6779374909206002,-114.1023423800024,51.14047495164273,100.13979162474851
3.58,-5.530350745154781,-7.410304578993818,-0.6600716795555251,-114.1764239575021,53.73854058268739,101.57419317165494
3.59,-6.317005777010434,-7.527544381619592,-0.6444390946110845,-110.35187096281435,113.84497300985147,117.13991877519807
3.6,-7.005328929884129,-7.630129208917143,-0.6307605827846989,-107.00538709246256,166.43810138362005,130.7599286782983
3.61,-7.607611688648613,-7.719890932802501,-0.6187918849366115,-104.07721370590474,212.45708871066756,142.677437343511
3.62,-8.134609102567538,-7.7984324412021895,-0.608319274319535,-101.51506199266665,252.72370262183415,153.10525742557212
3.63,-8.595731839746595,-7.867156261051916,-0.5991557400295932,-99.27317924358331,287.9569897941049,162.2295999973756
3.64,-8.999214234778272,-7.9272896034204265,-0.591137647525894,-97.31153183813541,318.7861160698418,170.21339974770365
3.65,-9.352261330430988,-7.979906277992873,-0.5841218165851573,-95.5950903583685,345.7616015611116,177.1992245292407
3.66,-9.661177539127113,-8.025945868243763,-0.5779829645120126,-94.09320406357244,369.3651513659727,183.3118212130856
3.67,-11.092282346736225,-6.7150118847132925,0.876566531051989,-92.7790535556259,390.01825744522614,188.6603433114499
3.68,-12.344499053394197,-5.567944649124131,2.1492973396704906,-91.62917186117267,408.0897252645729,193.34030014751866
3.69,-13.440188671719921,-4.564260817983615,3.2629367972116796,-90.6230253785261,423.90225960650133,197.4352623790788
3.7,-14.398917087754931,-3.686037465735663,4.23737132256022,-89.74264720621034,437.73822715568866,201.01835433169396
3.71,-15.237804451785564,-2.9175920325187055,5.090001532240192,-88.97231630543405,449.8446987612276,204.1535597902322
3.72,-15.971830895312369,-2.2452022784538674,5.836052965710168,-88.29827676725479,460.43786141607416,206.89686456645316
3.73,-16.614104033398323,-1.6568612436471342,6.488847969996398,-87.70849217134794,469.7068787390649,209.2972562456465
3.74,-17.176093029223534,-1.1420628381912423,7.060043598746848,-87.19243064992945,477.8172688966818,211.39759896494067
3.75,-17.667833400570593,-0.6916142334173371,7.559839773903493,-86.74087681868828,484.9138602845966,213.23539884432307
3.76,-18.09810622549927,-0.2974717042401699,7.9971614271655564,-75.94201721635224,443.641502624022,249.55910211378267
3.77,-18.47459494731186,0.047403008789851375,8.379817873769861,-66.49301506430821,407.5281896710192,281.3423424745598
3.78,-18.80402257889788,0.34916838269111994,8.714642264548628,-58.225138181269685,375.92904083714177,309.15267779023986
3.79,-19.092271756535645,0.6132130848547299,9.00761360648005,-50.990745908610975,348.27978560749904,333.4867211914599
3.8,-19.34448978696869,0.8442521992478887,9.263963530670043,-44.66065267003461,324.08668728156164,354.7790091675274
3.81,-19.565180563597604,1.0464114243419027,9.488269714336289,-39.121821086280285,302.9177262463664,373.4097611465865
3.82,-19.758284993147903,1.2233007462991647,9.684537625044253,-34.27534345049525,284.39488534057057,389.7116691282632
3.83,-19.927251369004416,1.3780789030117693,9.856272046913721,-30.03467551918334,268.18739954799923,403.97583861223035
3.84,-16.995845947878866,3.477705665135298,8.389326416049506,-26.324091079285424,254.00584947949935,416.4569869107016
3.85,-14.430866204394007,5.314879081993386,7.1057489890433185,-23.077329694374743,241.59699316956193,427.37799167186387
3.86,-12.186508928844756,6.9224058217442135,5.982618740412904,-20.2364134825779,230.73924389836668,436.9338708378809
3.87,-10.22269631273916,8.328991719026186,4.999879772861291,-17.75061179725566,221.23871328607086,445.29526510814577
3.88,-8.504360273646764,9.559754379147913,4.13998317625363,-15.575535322598704,212.925749000312,452.61148509462754
3.89,-7.000816239440918,10.636671706754424,3.3875736542219266,-13.672343407273864,205.65190525027302,459.01317758279913
3.9,-5.685215209510804,11.57897436841012,2.7292153224441855,-12.00705048136463,199.28729196898888,464.61465850994927
3.91,-4.534064308321954,12.403489197358857,2.153151782138662,-10.54991917119405,193.71825534786527,469.51595432120564
3.92,-3.5268072697817097,13.124939672689,1.6490961843713292,-9.694929274794793,140.5847223043821,420.7314604060549
3.93,-2.645457361058996,13.756208838602877,1.208047536324913,-8.946813115445444,94.09288089133433,378.04502823029804
3.94,-1.8742761909266217,14.308569358777518,0.8221299692842989,-8.292211476014764,53.412519654917546,340.69440007651076
3.95,-1.199492667060794,14.791884813930329,0.4844520981237615,-7.719435041512918,17.81720357305285,308.0126004419469
3.96,-0.6090570836781948,15.214785837189039,0.18898396085829128,-7.218255661323804,-13.328697998578756,279.4160257617035
3.97,-0.09242594821842043,15.58482423254041,-0.06955065924899514,-6.779723703658329,-40.58136187375641,254.39402291649054
3.98,0.3596262953088821,15.908607828472858,-0.29576845184287076,-6.396008240701038,-64.42744276453686,232.49977042692922
3.99,1.4971420083952718,9.887788099913752,-2.109021020362512,-6.0602572106134085,-85.29276354396976,213.34229949856308
4.0,2.4924682573458625,4.619570837424534,-3.695617017817198,-5.766475059286733,-103.54991922597354,196.57951243624268
4.01,3.36337872517763,0.009880732746466947,-5.083888515590048,-5.509415676875891,-119.52493044772685,181.91207375671235
4.02,4.125425384530426,-4.0235981088468415,-6.298626076141292,-5.284488717266405,-133.50306526676098,169.0780649121233
4.03,4.7922162114641225,-7.552892095240987,-7.361521441623631,-5.087677627608104,-145.73393323341585,157.84830717310786
4.04,5.375658185031107,-10.641024333335864,-8.291554886420677,-4.915467924157092,-156.43594270423887,148.02226915146935
4.05,5.886169911902219,-13.343140041668882,-9.105334150618091,-4.764784433637455,-165.800200991209,139.4244858825357
4.06,6.332867672914442,-15.707491286460272,-9.81739100679083,-4.632936379432773,-173.99392699230788,131.90142552221874
4.07,6.723728213800137,-17.77629862565274,-10.440440755941976,-8.245069332003677,-231.9615587432694,63.25062270694141
4.08,7.06573118707512,-19.586505047446146,-10.985609286449229,-11.405685665503217,-282.6832365253607,3.1811702435737317
4.09,7.36498378869073,-21.170435666515377,-11.462631750643075,-14.171224957315316,-327.0647045846906,-49.379600661872985
4.1,7.626829815104389,-22.556374958200955,-11.880026406812691,-16.5910718376509,-365.89848913660427,-95.37027520413886
4.11,7.855945088216341,-23.769071838425834,-12.245246730961105,-18.70843785794454,-399.8780506195287,-135.6121154286215
4.12,8.056420952189297,-24.830181608622603,-12.564814514590967,-20.56113312570147,-429.6101669170876,-170.8237256250438
4.13,8.231837333165634,-25.758652657544776,-12.844436325267097,-22.182241484988786,-455.6257686774517,-201.63388454691332
4.14,8.38532666651993,-26.571064825351677,-13.08910540960871,-23.600711299365187,-478.38942021777024,-228.59277360354915
4.15,8.717444208204938,-22.577237472182716,-11.623038858407622,-24.84187238694454,-498.30761531554896,-252.1818015281055
4.16,9.00804705717932,-19.082638538159873,-10.340230626106669,-25.927888338576473,-515.7360360261054,-272.8222009620923
4.17,9.262324550031906,-16.024864470889888,-9.217773422843335,-26.878152296254413,-530.9859041478421,-290.8825504668308
4.18,9.484817356277917,-13.349312162028651,-8.235623369987918,-27.70963325922261,-544.3295387543618,-306.685356283477
4.19,9.679498561743177,-11.00820389177507,-7.376242073739428,-28.437179101819783,-556.0052190350666,-320.5128113730424
4.2,9.84984461652528,-8.959734155303186,-6.624283439522,-29.07378171409231,-566.2214392806833,-332.6118345764121
4.21,9.99889741445962,-7.167323135890288,-5.96631963458175,-29.63080899983077,-575.1606319955979,-343.1984798793606
4.22,10.129318612652167,-5.5989634939040025,-5.390601305259032,-30.118207874851922,-582.9824256211481,-352.46179451944056
4.23,10.243437161070645,-4.226648807166002,-4.886847767101653,-30.544681890495433,-589.8264950435046,-360.5671948295105
4.24,10.343290890936814,-3.0258734562702525,-4.446063421213946,-35.3934715291835,-534.1231839130666,-303.7625453508217
4.25,10.430662904569711,-1.9751950242364709,-4.060377118562203,-39.63616246303556,-485.38278667393325,-254.058477056969
4.26,10.507113416498497,-1.0558513962069123,-3.7229016037419274,-43.34851703015611,-442.7349390896916,-210.56741729984788
4.27,10.574007614436184,-0.25142572168104826,-3.427610528274186,-46.59682727638659,-405.41807245348014,-172.5127400123669
4.28,10.63254003763166,0.45244674352908276,-3.1692308372399127,-49.439098741838265,-372.76581414679515,-139.21489738582102
4.29,10.683755907927702,1.0683351505879473,-2.9431486075849236,-51.92608627410848,-344.1950881284458,-110.07928508759339
4.3,10.728569794436739,1.607237506764454,-2.745326656636808,-54.10220036484492,-319.1957028623901,-84.58562432664422
4.31,10.767781945132146,2.0787770684188973,-2.5722324495572066,-56.0063001942393,-297.3212407545913,-62.2786711608137
4.32,10.495629576990629,1.6905790598665351,-1.886372643362556,-57.672387544959385,-278.1810864102674,-42.76008714071199
4.33,10.257496254866801,1.3509058023832183,-1.2862453129422367,-59.13021397683946,-261.433451358984,-25.681326123122986
4.34,10.049129598008452,1.053691702085316,-0.7611338988244571,-60.40581210473452,-246.77927068911097,-10.737410232732614
4.35,9.866808773257397,0.7936293643246516,-0.30166141147139997,-61.5219604666427,-233.9568626029721,2.338516171358963
4.36,9.707278051600223,0.5660748187840702,0.10037701496252499,-62.49859028331236,-222.7372555276006,13.779951774939093
4.37,9.567688670150195,0.3669645914360614,0.45216063809220935,-63.353141372898314,-212.92009933665054,23.791207928071707
4.38,9.445547961381422,0.19274314250655375,0.7599713083306832,-64.10087357628602,-204.33008766956922,32.55105706206274
4.39,9.338674841208745,0.040299374693234524,1.0293056447893478,-64.75513925425027,-196.81382746087309,40.2159250543049
4.4,9.245160861057652,-0.0930889221434198,1.2649731891906792,-75.10574784746899,-183.83209927826394,42.035809297516785
4.41,9.163336128425446,-0.2098036818754923,1.4711822905418444,-84.16253036653536,-172.47308711848095,43.628208010327185
4.42,9.091739487372266,-0.3119290966410558,1.6516152542241138,-92.08721507071844,-162.53395147867084,45.021556884036286
4.43,9.029092426450733,-0.4012888345609238,1.8094940974460996,-99.02131418687864,-153.837207793837,46.24073714853175
4.44,8.974276248144392,-0.4794786052408083,1.947638085265337,-105.08865091351882,-146.22755706960737,47.30751987996528
4.45,8.926312092126343,-0.5478946545857073,2.0685140746071697,-110.39757054932898,-139.56911268590645,48.24095476996961
4.46,8.88434345561055,-0.6077586977624939,2.174280565281274,-115.04287523066286,-133.74297385016814,49.05771029872341
4.47,7.806617773659231,-0.9191402355421823,2.0076912446211144,-119.10751682683001,-128.6451023688971,49.77237138638298
4.48,6.863607801951827,-1.1915990810994095,1.8619255890434752,-122.66407822347627,-124.18446482278497,50.3976998380851
4.49,6.038474076707848,-1.4300005709619832,1.7343806404130409,-125.77606944554174,-120.28140696993685,50.944862233324464
4.5,5.316482067119367,-1.6386018745917352,1.6227788103614107,-128.49906176484902,-116.86623134869475,51.423629329158906
4.51,4.684739058729446,-1.8211280152677682,1.5251272090662344,-130.8816800442429,-113.87795268010791,51.84255053801404
4.52,4.131963926388265,-1.9808383883592973,1.4396820579329552,-132.96647103871254,-111.26320884509443,52.20910659576228
4.53,3.648285685589731,-2.1205849648143853,1.3649175506913358,-134.79066315887346,-108.97530798945763,52.529843146291995
4.54,3.225067224891015,-2.242863219212587,1.2994986068549188,-136.38683126401426,-106.97339474077543,52.81048762800549
4.55,2.854751071779638,-2.3498566918110138,1.242257030998054,-125.98410248101247,-27.346720273178505,68.1848014245048
4.56,2.530724437807183,-2.4434759803346373,1.1921706521232973,-116.88171479588591,42.3266198859688,81.63732599644169
4.57,2.247201133081285,-2.525392857792808,1.1483450706078853,-108.91712557140016,103.2907925252227,93.4082849968865
4.58,1.9991182414461244,-2.597070125568707,1.1099976867818997,-101.94810999997513,156.63444358456985,103.70787412227568
4.59,1.7820457112653587,-2.659787734872619,1.0764437259341622,-95.85022137497823,203.3101382614986,112.72001460699121
4.6,1.592107247357189,-2.7146656430135416,1.047084010192392,-90.51456882810595,244.15137110381124,120.60563753111731
4.61,1.4259110914375401,-2.762683812636849,1.021394258918343,-85.84587284959271,279.88744984083485,127.50555758972766
4.62,1.2804894550078476,-2.804699711057243,0.9989157265535501,-81.76076386839361,311.15651873573046,133.5429876410117
4.63,-0.6310127268681334,-2.498715747175088,1.1461527607343562,-78.1862935098444,338.5169540187641,138.82573893588525
4.64,-2.3035771360096167,-2.230979778778202,1.2749851656425617,-75.05863194611385,362.4573348914186,143.4481463188996
4.65,-3.7670709940084146,-1.9967108064309267,1.3877135199372415,-72.32192807784962,383.40516815499126,147.49275277903715
4.66,-5.047628119757363,-1.791725455627061,1.4863508299450863,-69.92731219311841,401.7345222606173,151.03178343165752
4.67,-6.168115604787692,-1.6123632736736784,1.5726584762019504,-67.83202329397861,417.77270710304015,154.12843525270034
4.68,-7.14854215418923,-1.4554213644644687,1.6481776666767065,-65.99864550723127,431.8061188401601,156.8380055961128
4.69,-8.006415384915577,-1.3180971939064101,1.714256958342118,-64.39443994382736,444.08535411014003,159.2088796465987
4.7,-8.75705446180113,-1.1979385446681088,1.7720763385493534,-62.99076007584895,454.8296849713725,161.28339444077386
4.71,-9.413863654075989,-1.0927997265845952,1.8226682962306842,-47.762539566367835,437.79284897495097,176.19734388567713
4.72,-9.988571697316491,-1.0008032607615207,1.8669362592018486,-34.43784662057186,422.88561747808205,189.2470496499675
4.73,-10.49144123515193,-0.9203063531663307,1.9056707268016175,-22.77874029300038,409.84178991832175,200.66554219372156
4.74,-10.93145208075794,-0.8498715590205393,1.9395633859514154,-12.577022256375333,398.42844080353154,210.65672316950636
4.75,-11.316461570663197,-0.7882411141429719,1.9692194627074884,-3.650518974328417,388.44176032809014,219.39900652331806
4.76,-11.653344874330298,-0.7343144748751005,1.9951685298690522,4.160171397462635,379.70341491207887,227.0485044579033
4.77,-11.94811776503901,-0.6871286655157129,2.017873963635421,10.994525472779806,372.05736267306895,233.7418151506654
4.78,-12.206044044409133,-0.6458410823262488,2.0377412181809937,16.97458528868233,365.3670669639354,239.59846200683222
4.79,-12.57847753885799,0.4442753029645322,2.3169788159083695,22.20713762759704,359.51305821844346,244.7230280059782
4.8,-12.904356846500741,1.3981271400939657,2.561311713919823,26.78562092414741,354.39080056613807,249.20702325523092
4.81,-13.189501240688148,2.2327474975822197,2.775102999679845,30.791793808628984,349.9088251203708,253.13051909832706
4.82,-13.43900258560213,2.963040310384442,2.9621703747198644,34.29719508255036,345.9870966053245,256.5635779610362
4.83,-13.657316262401865,3.6020465215863866,3.1258543278798814,37.364421197231565,342.55558415465896,259.56750446590667
4.84,-13.848340729601633,4.161176956388088,3.269077786894896,40.048244047577626,339.55301076032663,262.1959401576683
4.85,-14.01548713840143,4.650416086839577,3.394398313533034,42.39658904163042,336.9257590402858,264.4958213879598
4.86,-14.161740246101251,5.0785003259846295,3.5040537743414046,44.451390911426614,334.62691378525005,266.5082174644648
4.87,-14.289711715338596,5.4530740352365505,3.600002302548729,28.211216797498285,272.8485488120938,272.70094153140667
4.88,-14.401686750921272,5.780826030831982,3.6839572647301377,14.001064447811,218.79247946058206,278.11957508998086
4.89,-14.499664907056113,6.067609026977983,3.7574178566388703,1.5671811418346255,171.4934187780093,282.8608794537333
4.9,-14.585395793674099,6.318544148605735,3.8216958745590115,-9.312466750894702,130.10674068075815,287.00952077201663
4.91,-14.660410319464837,6.538112380030018,3.877939140239135,-18.832158657032863,93.89339734566339,290.63958192551456
4.92,-14.726048029531734,6.730234582526267,3.927151997709243,-27.161889074903755,62.20672192745546,293.81588543482525
4.93,-14.783481025840267,6.898341509710484,3.970213247995588,-34.45040319054078,34.480880936523526,296.5951510054721
4.94,-14.833734897610233,7.045435070996673,4.007891841996139,-40.82785304172319,10.220770069458084,299.0270083797881
4.95,-11.631252160408955,8.04630356212209,3.268241986746622,-46.40812166150779,-11.006826939224178,301.15488358231454
4.96,-8.829079765357836,8.922063491856829,2.621048363403294,-51.290856703819315,-29.580974321821156,303.0167743845252
4.97,-6.377178919688107,9.688353430374725,2.0547539429778823,-55.5632498658419,-45.83335328159352,304.6459288364596
4.98,-4.2317656797270935,10.358857126577886,1.559246325105647,-59.301593882611655,-60.05418487139433,306.07143898190213
4.99,-2.3545290947612068,10.945547860755651,1.125677159467441,-62.5726448972852,-72.49741251247004,307.31876035916434
5.0,-0.7119470829160557,11.458902253161195,0.7463041395340109,-65.43481453512454,-83.38523669841129,308.4101665642688
5.01,0.7253121774484513,11.908087346516046,0.41435274709225944,-67.93921296823397,-92.91208286110988,309.3651469937352
5.02,1.9829140302673949,12.301124303201542,0.12389527870572703,-70.13056159720473,-101.24807325347115,310.2007548695183
5.03,3.0833156514839706,12.64503164030135,-0.13025500613248886,-72.04799164755414,-108.54206484678726,310.9319117608285
5.04,4.046167070048474,12.94595056026368,-0.3526365053659278,-72.40449244160988,-136.75993211593885,238.28604604072495
5.05,4.888662061292415,13.209254615230721,-0.5472203171951868,-72.71643063640865,-161.45056597644648,174.72091353563434
5.06,5.625845178630863,13.439645663326882,-0.7174811525457885,-72.98937655685756,-183.05487060439066,119.10142259368006
5.07,6.270880406302005,13.641237830411022,-0.8664593834775649,-73.22820423725037,-201.95863715384183,70.43436801947006
5.08,6.835286230514255,13.817630976609644,-0.9968153355428693,-73.43717845759407,-218.4994328846116,27.8506952670363
5.09,7.329141326699973,13.971974979533439,-1.1108767936000106,-73.62003090039481,-232.97262914903513,-9.410018391343236
5.1,7.761264535862476,14.10702598209176,-1.2106805694000093,-73.78002678784546,-245.63667588040573,-42.013142842425324
5.11,8.139372343879668,14.22519560933029,-1.2980088732250081,-73.92002318936477,-256.717716770355,-70.54087673712215
5.12,4.007358675894709,9.184231908164005,1.854966110928118,-74.04252004069417,-266.41362754906066,-95.50264389498187
5.13,0.3918467164078705,4.773388669643504,4.613819222062103,-74.1497047856074,-274.8975494804281,-117.34419015810913
5.14,-2.7717262481431133,0.9139008359380663,7.027815694304341,-74.24349143740648,-282.3209811703746,-136.4555431383455
5.15,-5.539852592125224,-2.463151018554192,9.140062607516299,-74.32555475773067,-288.81648389907775,-153.17797699605228
5.16,-7.961963143109571,-5.418071391234918,10.988278656576762,-74.39736016301434,-294.500048786693,-167.81010662154574
5.17,-10.081309875220875,-8.003626717330553,12.605467699504667,-74.46018989263754,-299.4731680633564,-180.6132200438525
5.18,-11.935738265818264,-10.265987627664234,14.020508112066583,-74.51516590605785,-303.82464743043687,-191.81594428837093
5.19,-13.558363107590981,-12.245553424206205,15.258668473058261,-74.56326991780061,-307.63219187663225,-201.61832800232457
5.2,-14.978159844142109,-13.97767349618043,16.34205878892598,-56.02036067807553,-305.8100433920532,-178.603537002034
5.21,-16.220481988624346,-15.493278559157876,17.29002531531023,-39.795315093316084,-304.21566346804656,-158.46559487677973
5.22,-17.307513865046303,-16.81943298926314,18.119496025896453,-25.59840020665157,-302.82058103454074,-140.84489551718227
5.23,-18.258666756915517,-17.979818115605248,18.845282897659395,-13.176099680820121,-301.5998839052231,-125.42678357753448
5.24,-19.09092553730108,-18.995155101154594,19.480346410451972,-2.306586720717606,-300.5317739170702,-111.93593563034267
5.25,-19.819151970138446,-19.88357496351027,20.036026984145476,7.204237119372095,-299.59717767743643,-100.13144367654984
5.26,-20.45635009887114,-20.660942343071483,20.52224748612729,15.526207979450584,-298.7794059677569,-89.80251321698111
5.27,-17.394397211512246,-17.557917925187546,16.024180925361378,22.80793248201926,-298.06385572178726,-80.76469906485848
5.28,-14.715188435073216,-14.842771559539102,12.088372684691207,29.179441421766853,-297.43774925656385,-72.85661168175116
5.29,-12.370880755689065,-12.467018489596715,8.644540474104806,34.754511744046,-296.8899060994934,-65.93703522153227
5.3,-10.319611536227933,-10.388234553397126,5.631187289841705,39.63269827604025,-296.41054333705665,-59.88240581884074
5.31,-8.524750969199442,-8.569298609222486,2.9945032536114917,43.901111491535225,-295.9911009199245,-54.58460509148564
5.32,-6.954247973049511,-6.977729658069675,0.6874047219100554,47.635973055093324,-295.62408880493393,-49.94902945504994
5.33,-5.580057851418322,-5.585106825810966,-1.3313064933287015,50.90397692320666,-295.3029532043172,-45.8929007731687
5.34,-4.377641494991031,-4.366561847584595,-3.0976788066626137,53.763480307805835,-295.0219595537775,-42.34378817652261
5.35,-3.325527183117152,-3.3003349916365208,-4.643254580829787,27.44304564433011,-268.1673396095553,-24.402689154457285
5.36,-2.4049271602275075,-2.3673864926819554,-5.995633383226063,4.412665313788846,-244.6695471583609,-8.704227510150124
5.37,-1.599402140199069,-1.551056556096711,-7.178964835322805,-15.738917475434759,-224.10897876356577,5.031926428618642
5.38,-0.8945677476741853,-0.836767861584622,-8.214379855907454,-33.371552416005414,-206.11848141812004,17.051061125041315
5.39,-0.27783765421491224,-0.2117652538865442,-9.120367998919022,-48.80010798900474,-190.37679624085501,27.56780398441115
5.4,0.26180117756195176,0.33511202784927385,-9.913107624054144,-62.30009411537914,-176.60282171074812,36.76995398635976
5.41,0.7339851553667077,0.8136296493681147,-10.606754796047374,-74.11258197595674,-164.55059399690458,44.821835238064786
5.42,1.1471461359458692,1.2323325681971005,-11.213696071541452,-84.44850885396214,-154.0048947472915,51.867231333306684
5.43,3.2864102439526355,1.1098679971724628,-9.667427312598772,-93.49244487221686,-144.77740790388006,58.03195291664335
5.44,5.1582663384585565,1.0027114975259048,-8.314442148523925,-101.40588888818975,-136.70335691589506,63.426084302062925
5.45,6.796140421151236,0.9089495603351667,-7.130580129958435,-108.33015240216602,-129.63856230140817,68.14594926430506
5.46,8.229280243507331,0.8269078652932709,-6.094700863713632,-114.38888297689526,-123.45686701373214,72.27583110626693
5.47,9.483277588068914,0.755121382131612,-5.188306505749427,-119.69027222978335,-118.04788363701562,75.88947771798357
5.48,10.580525264560299,0.6923082093651605,-4.39521144253075,-124.32898782606043,-113.31502318238867,79.05141850323562
5.49,11.540616981490261,0.6373466831945154,-3.7012532622144056,-128.38786397280288,-109.17377028459009,81.81811669033118
5.5,12.380697233803978,0.589255347795201,-3.094039854437605,-131.93938060120252,-105.55017399901632,84.23897760403979
5.51,13.115767454578481,0.5471754293208008,-2.5627281226329046,-129.9938334010522,-103.86702724913928,83.73660515353482
5.52,13.758953897756172,0.5103555006557007,-2.0978303573037915,-128.2914796009207,-102.39427384299688,83.29702925934298
5.53,14.32174203553665,0.47813806307373813,-1.6910448126408175,-126.80192002580561,-101.10561461262228,82.91240035192511
5.54,14.814181656094568,0.4499478051895209,-1.3351074610607152,-125.4985553975799,-99.9780377860445,82.57585005793447
5.55,15.245066324082746,0.4252813295408308,-1.0236622784281257,-124.35811134788241,-98.99140806278893,82.28136855069266
5.56,15.622090408572403,0.403698163348227,-0.75114774362461,-123.36022280439711,-98.12810705494033,82.02369723185609
5.57,15.951986482500851,0.38481289292969867,-0.5126975256715337,-122.48707032884747,-97.3727186730728,81.79823482787408
5.58,16.240645547188244,0.36828828131348634,-0.304053584962592,-121.72306191274153,-96.7117538389387,81.60095522438982
5.59,15.210691228789713,-0.07003487885069948,-0.562922386842268,-121.05455454864884,-96.13340960907138,81.4283355713411
5.6,14.309481200191,-0.45356764399436206,-0.7894325884869846,-120.46961060506773,-95.62735840793746,81.27729337492346
5.61,13.520922425167125,-0.7891588134950669,-0.9876290149261115,-119.95778465443426,-95.18456360694529,81.14513145305803
5.62,12.830933497021235,-1.0828010868081834,-1.1610508880603476,-119.50993694762998,-94.79711815607713,81.02948977142577
5.63,12.227193184893581,-1.3397380759571604,-1.3127950270528042,-119.11807020417623,-94.4581033865675,80.92830329999755
5.64,11.698920411781884,-1.5645579414625153,-1.4455711486712037,-118.77518680365421,-94.16146546324657,80.83976513749786
5.65,11.23668173530915,-1.7612753237797008,-1.5617502550873033,-118.47516382819744,-93.90190728034075,80.76229424531064
5.66,10.832222893395507,-1.933403033307238,-1.6634069732013903,-118.21264372467276,-93.67479387029816,80.69450721464682
5.67,10.478321406721069,-2.0840147791438333,-1.7523566015512166,-113.67793875908868,-38.72294326151089,85.56144356281597
5.68,10.168657605880936,-2.215800056750854,-1.8301875263573146,-109.7100719142026,9.35992602117797,89.82001286746397
5.69,9.89770178014582,-2.3311121746569974,-1.8982895855626505,-106.23818842492729,51.43243664353073,93.54626100903097
5.7,9.660615432627592,-2.432010277824873,-1.9578788873673192,-103.20029037181138,88.2458834380894,96.8067281329021
5.71,9.453164878549144,-2.520296118096764,-2.0100195264464045,-100.54212957533495,120.45764938332822,99.65963686628933
5.72,9.271645643730501,-2.597546228334669,-2.0556425856406038,-98.2162388784181,148.64294458541218,102.15593200800316
5.73,9.11281631326419,-2.6651400747928355,-2.095562762435528,-96.18108451861583,173.30507788723565,104.34019025700276
5.74,8.973840649106167,-2.7242846904437314,-2.1304929171310873,-94.40032445378885,194.8844445263312,106.25141622487742
5.75,6.6171403179678965,-1.933828479138265,-2.1205959274897013,-92.84215939706526,213.76639033553982,107.92373894676774
5.76,4.55502752822191,-1.2421792942459817,-2.1119360615534886,-91.4787649724321,230.28809291859733,109.38702132842177
5.77,2.750678837194171,-0.6369862574652339,-2.1043586788593025,-90.28579485087809,244.74458267877264,110.66739341236905
5.78,1.1718737325448996,-0.10744235028207966,-2.09772846900189,-89.24194599451833,257.3940112189261,111.78771898582292
5.79,-0.20958073402321276,0.3559085685031803,-2.0919270353766537,-88.32857824520354,268.46226119156034,112.76800386259505
5.8,-1.418353392270311,0.7613406224402828,-2.086850780954572,-87.52938146455311,278.1469799176153,113.62575312977067
5.81,-2.476029468236522,1.1160936696352475,-2.0824090583352506,-86.83008428148398,286.6211088029134,114.37628373854933
5.82,-3.4014960347069567,1.4265025859308416,-2.0785225510433443,-86.21819924629848,294.0359715775492,115.03299802123067
5.83,-4.211279280368587,1.6981103876894865,-2.075121857162926,-85.68279984051118,300.52397650535556,115.60762301857683
5.84,-4.919839620322514,1.935767214228301,-2.0721462500175605,-66.72557448544728,328.6622286921861,135.1372950162547
5.85,-5.5398299177822,2.143716937449763,-2.0695425937653655,-50.13800229976637,353.2831993556628,152.22575801422286
5.86,-6.082321428059425,2.3256729452685425,-2.067264394544695,-35.623876637295574,374.82654868620494,167.17816313744498
5.87,-6.557001499551997,2.4848844521099744,-2.065270970226608,-22.924016682633628,393.6769793504293,180.26151762026436
5.88,-6.972346562107997,2.6241945205962276,-2.0635267239482817,-11.811639222304423,410.17110618162565,191.7094527927313
5.89,-7.335773491844497,2.746090830521699,-2.0620005084547466,-2.0883089445163705,424.6034671589224,201.72639606863987
5.9,-7.653772055363935,2.8527501017064867,-2.060665069897903,6.419605048548176,437.2317830140571,210.49122143505988
5.91,-7.9320207984434425,2.9460769639931756,-2.0594965611606653,13.864029792479654,448.2815593872999,218.16044363067738
5.92,-9.024081198638012,3.4369449684940285,-1.417020491015582,20.377901443419695,457.9501137138874,224.87101305184268
5.93,-9.97963404880826,3.8664544724322747,-0.8548539296386343,26.077539137992233,466.41009874965147,230.74276129536233
5.94,-10.815742792707226,4.242275288378241,-0.362958188433805,31.064722120743205,473.81258565594504,235.88054100844204
5.95,-11.547337943618823,4.57111850233096,0.06745058512042063,35.428507230650304,480.2897616989519,240.3760982573868
5.96,-12.18748370066647,4.85885631453959,0.4440582619803681,39.246819201819015,485.9572907365829,244.30971085021343
5.97,-12.747611238083161,5.110626900222141,0.773589979232822,42.58784217659164,490.91637864451,247.75162186893675
5.98,-13.237722833322765,5.330926162694373,1.0619302318287192,45.51123727951769,495.25558056394624,250.76329401031964
5.99,-13.66657047915742,5.523688017357577,1.3142279528501293,48.06920799457798,499.05238224345294,253.39850713402967
6.0,-14.041812169262743,5.6923546401878795,1.5349884587438631,19.09180737025573,436.6445844630213,268.59306999227596
6.01,-14.3701486481049,5.839937935164395,1.7281539014008804,-6.263418176026239,382.03776140514367,281.8883124932415
6.02,-14.657443067091787,5.969073318268846,1.8971736637257703,-28.44924052902296,334.2567912295007,293.52164968158627
6.03,-14.908825683705313,6.08206677848524,2.045065955760049,-47.86183508789509,292.4484423258131,303.700819721388
6.04,-15.128785473242148,6.180936056174585,2.174471711290043,-64.8478553269082,255.86613703508647,312.60759350621447
6.05,-15.32125028908688,6.267446674152762,2.2877017473787875,-79.71062303604468,223.85661990570065,320.4010205679377
6.06,-15.48965700295102,6.343143464883666,2.386778028956439,-92.7155447815391,195.84829241748807,327.22026924694546
6.07,-12.117414877582142,7.211992656773208,1.5850670253368842,-104.09485130884671,171.34100586530207,333.1871118410773
6.08,-9.166703017884373,7.972235699676557,0.8835698971697737,-114.05174452024087,149.8971301321393,338.40809911094266
6.09,-6.584830140648826,8.637448362216986,0.26975991002355204,-122.76402608021077,131.13373886562186,342.97646297207484
6.1,-4.325691373067723,9.219509441939863,-0.267323828729392,-130.3872724451844,114.71577150741913,346.9737813505655
6.11,-2.348944951434258,9.72881288669738,-0.737272100138218,-137.05761301453634,100.35005006899173,350.47143493174485
6.12,-0.6192918325049757,10.174453400860207,-1.1484768376209407,-142.89416101271928,87.78004381036776,353.5318818152768
6.13,0.8941546465581462,10.564388850752682,-1.5082809829183232,-148.0011405111294,76.78128833407179,356.2097728383672
6.14,2.2184203157383777,10.905582369408597,-1.8231096100535327,-152.4697475722382,67.15737729231282,358.5529274835713
6.15,3.3771527762710805,11.204126698232523,-2.0985846587968413,-156.3797787507084,58.73645513077371,360.6031877981249
6.16,4.391043679237195,11.465352985953457,-2.339625326447236,-136.55668140686987,18.161897739426998,301.1777889483593
6.17,5.278198219332546,11.693925987709274,-2.5505359106413317,-119.21147123101113,-17.340839978001377,249.1805649548144
6.18,6.054458441915978,11.893927364245615,-2.735082671811165,-104.03441232713473,-48.405735480751204,203.6829939604626
6.19,6.73368613667648,12.068928568714913,-2.89656108783477,-90.75448578624288,-75.5875190456573,163.87261934040475
6.2,7.3280103695919205,12.22205462262555,-3.037854701855424,-79.13455006296252,-99.37157966495015,129.03854154785415
6.21,7.848044073392931,12.356039919797356,-3.161486614123496,-68.9671063050922,-120.18263270683138,98.55872347937239
6.22,8.303073564218815,12.473277054822686,-3.269664537358059,-60.07059301695568,-138.39230411847745,71.88888266945085
6.23,8.701224368691463,12.57585954796985,-3.3643202201883016,-52.28614388983622,-154.32576660366777,48.5527719607695
6.24,4.60654394760503,7.810144979473618,-0.9146804426647641,-45.47475090360669,-168.2675462782093,28.133675090673307
6.25,1.0236985791544013,3.6401447320394156,1.2287543626683313,-39.51478204065585,-180.46660349343313,10.266965329339143
6.26,-2.111291118239899,-0.00860548446551146,3.10425981733479,-34.29980928557387,-191.14077855675401,-5.36640571182825
6.27,-4.854407103459911,-3.2012619239073223,4.745327090167941,-29.736708124877136,-200.48068173715978,-19.04560537284972
6.28,-7.254633590527422,-5.994836308418908,6.181260953896949,-25.743994609267492,-208.6530970200148,-31.014905076243508
6.29,-9.354831766711495,-8.439213894866544,7.43770308465983,-22.250370283109053,-215.80396039251298,-41.48804231671307
6.3,-11.192505170872558,-10.578044283008227,8.537089949077352,-19.19344899772042,-222.06096584344886,-50.65203740212394
6.31,-12.800469399513489,-12.449520872632199,9.499053455442683,-16.518642873005366,-227.53584561301773,-58.670533101858446
6.32,-14.207438099574302,-14.087062888553174,10.340771523512348,-11.640687513879696,-282.1051154113905,-68.49546646412614
6.33,-15.438535712127514,-15.519912152484027,11.077274833073306,-7.372476574644734,-329.8532264849667,-77.09228315611037
6.34,-16.515746123111576,-16.773655258423524,11.721715228939143,-3.6377920028141424,-371.63282367434584,-84.61449776159657
6.35,-17.45830523272263,-17.870680476120583,12.28560057532175,-0.3699430024623749,-408.18997121505265,-91.196435541397
6.36,-18.2830444536323,-18.83057754160551,12.779000253406531,2.489424872845422,-440.1774753131711,-96.95563109872236
6.37,-19.004691271928262,-19.67048747390482,13.210724971730714,4.991371763739744,-468.1665413990247,-101.99492721138206
6.38,-19.63613223793723,-20.40540866466672,13.588484100264376,7.180575293272277,-492.6569742241466,-106.4043113099593
6.39,-15.491476708195075,-17.27403233158338,11.006952962731328,9.096128381613243,-514.0861029461282,-110.26252239621438
6.4,-11.86490311967069,-14.534078040135459,8.74811321738991,10.772237333911587,-532.8365905778621,-113.63845709668757
6.41,-8.691651229711853,-12.136618035118527,6.771628440216171,12.238832667172638,-549.2432672556293,-116.59239995960162
6.42,-5.915055825997872,-10.038840530728711,5.04220426018915,13.522103583776058,-563.5991093486757,-119.17709996465142
6.43,-3.485534847748138,-8.203285214387623,3.528958102665506,14.64496563580405,-576.1604711800912,-121.43871246906998
6.44,-1.3597039917796205,-6.597174312589171,2.204867714832318,15.627469931328543,-587.1516627825798,-123.41762341043624
6.45,0.500398007192832,-5.191827273515525,1.0462886254782782,16.487161189912474,-596.7689554347573,-125.1491704841317
6.46,2.127987256293728,-3.962148614326084,0.03253192229349344,17.239391041173416,-605.1840865054127,-126.66427417361524
6.47,3.552127849257012,-2.8861797875353234,-0.8545051929931933,-3.4655325889732627,-542.752951067236,-102.57561502691334
6.48,4.798250868099886,-1.944707064093408,-1.6306626688690442,-21.582340765351606,-488.12570755883155,-81.49803827354918
6.49,5.8886085095874,-1.1209184310817322,-2.309800460260414,-37.43454791968266,-440.32686948897765,-63.05515861435554
6.5,6.842671445888976,-0.4001033771965157,-2.9040460277278624,-51.30522917972233,-398.50288617785543,-46.917638912561095
6.51,7.677476515152854,0.23060979495304879,-3.4240108992618796,-63.442075282257036,-361.90690078062346,-32.79730917349096
6.52,8.407930950758747,0.7824838205839177,-3.8789801618541446,-74.0618156219749,-329.88541355804557,-20.44202065180459
6.53,9.047078581913903,1.265373593010928,-4.277078266622377,-83.35408841922803,-301.8666122382899,-9.631143195329015
6.54,9.606332759174665,1.687902143884562,-4.62541410829458,-91.48482711682453,-277.3501610835036,-0.17162542091288735
6.55,10.009282914277831,1.2014268758989917,-4.176850594757758,-98.59922347722146,-255.89826632306566,8.105452631701224
6.56,10.361864299993101,0.7757610164116177,-3.784357520413038,-104.82432029256877,-237.12785840768245,15.347895927738572
6.57,10.670373012493963,0.4033033893601654,-3.4409260803614083,-110.27128000599767,-220.70375148172215,21.68503381177125
6.58,10.940318135932216,0.07740296569014471,-3.1404235703162326,-115.03736975524795,-206.3326579215069,27.230029460299846
6.59,11.176520118940688,-0.20775990502112338,-2.8774838740267032,-119.20769828584196,-193.75795105631855,32.081900652762364
6.6,11.383196854073102,-0.45727741689348295,-2.647411639773366,-122.85673575011171,-182.75508254927874,36.32728794616707
6.61,11.564038997313963,-0.6756052397817975,-2.446098434801695,-126.04964353134774,-173.1275726056189,40.042001827896186
6.62,11.722275872649718,-0.8666420848090729,-2.269949380451483,-128.84343783992927,-164.70350140491652,43.29237647440917
6.63,11.860733138568502,-1.0337993242079389,-2.1158189578950477,-131.28800785993812,-157.33243910430195,46.13645429010803
6.64,11.981883246247438,-1.1800619086819464,-1.9809548381581668,-129.53763225244586,-143.9090092162642,58.27189700384453
6.65,12.087889590466508,-1.3080416700967032,-1.8629487333883958,-128.00605359589014,-132.16350806423117,68.89040937836397
6.66,12.180645141658195,-1.4200239613346155,-1.7596933917148463,-126.66592227140387,-121.88619455620228,78.18160770606848
6.67,12.26180624895092,-1.5180084661677884,-1.6693449677504906,-125.49330736247839,-112.893545236677,86.31140624280992
6.68,12.332822217832055,-1.603744907896815,-1.5902900967816793,-124.46726931716859,-105.02497708209238,93.42497996245869
6.69,12.394961190603047,-1.6787642944097132,-1.5211170846839694,-123.56948602752252,-98.13997994683083,99.64935696715136
6.7,12.449332791777666,-1.744406257608499,-1.4605906990984734,-122.78392564908219,-92.11560745347698,105.09568684625745
6.71,12.496907942805457,-1.8018429754074368,-1.4076301117111643,-122.09656031794691,-86.84428152179237,109.86122549047528
6.72,10.880865699954775,-1.945682478481507,-1.2214029727472688,-121.49511565320354,-82.23187133156833,114.03107180416588
6.73,9.466828737460428,-2.0715420436713186,-1.0584542261538603,-120.96885157155309,-78.1960124151223,117.67968732864514
6.74,8.229546395277874,-2.181669163212404,-0.9158740728846277,-120.50837050010895,-74.66463586323202,120.8722259125645
6.75,7.14692434586814,-2.2780303928108534,-0.7911164387740492,-120.10544956259533,-71.57468138032803,123.66569717349394
6.76,6.199630052634622,-2.3623464687094966,-0.6819535089272931,-119.7528937422709,-68.87097120778704,126.1099845268072
6.77,5.370747546055294,-2.4361230351208096,-0.5864359453113814,-119.44440739948703,-66.50522480681366,128.24873596095628
6.78,4.645475352798383,-2.5006775307307088,-0.5028580771474588,-119.17448184955114,-64.43519670596196,130.12014346583675
6.79,4.010862183698585,-2.5571627143893703,-0.42972744250402645,-118.93829699335724,-62.62392211771671,131.75762503260717
6.8,3.4555756607362618,-2.606587250090699,-0.36573813719102316,-102.10663486918759,21.412190646997878,132.23229790353128
6.81,2.969699953144229,-2.649833718829362,-0.30974749504214527,-87.37893051053913,94.94378931612314,132.64763666558986
6.82,2.5445587090012007,-2.6876743789756916,-0.26075568316187714,-74.49218919672174,159.28393815160774,133.01105808239112
6.83,2.1725601203760507,-2.72078495660373,-0.2178878477666425,-63.21629054713153,215.58156838265677,133.32905182209223
6.84,1.8470613553290443,-2.749756712028264,-0.1803784917958122,-53.34987922874009,264.8419948348247,133.6072963443307
6.85,1.5622499359129136,-2.775106998024731,-0.14755780532133567,-44.71676932514759,307.9448679804716,133.85076030128937
6.86,1.3130399439237994,-2.7972884982716395,-0.1188397046561687,-37.16279815950414,345.6598819829126,134.0637912636282
6.87,-1.2233125490666754,-1.6389170609876844,-0.2987943665741476,-30.553073389566126,378.6605192350485,134.25019335567467
6.88,-3.442620980433341,-0.625342053364224,-0.45625469575237915,-24.76956421587036,407.53607683066747,134.41329518621532
6.89,-5.384515857879173,0.261536078306304,-0.5940324837833317,-19.708993688886565,432.80218972683406,134.5560092879384
6.9,-7.083673875644276,1.037554443518016,-0.7145880483104152,-15.280994477775746,454.9100385109798,134.6808841269461
6.91,-8.57043714118874,1.7165705130782638,-0.8200741672716133,-11.406495168053777,474.25440619710736,134.79014961107782
6.92,-9.871354998540149,2.310709573943481,-0.9123745213626616,-8.016308272047054,491.1807279224689,134.8857569096931
6.93,-11.00965812372263,2.830581252200546,-0.9931373311923289,-5.049894738041171,505.9912594321603,134.96941329598147
6.94,-12.005673358257301,3.2854689706754776,-1.0638047897932879,-2.4542828957860245,518.9504745031402,135.0426126339838
6.95,-12.877186688475138,3.683495724341043,-1.1256388160691269,3.789377591187229,497.2016670652477,164.23541242973582
6.96,-13.639760852415746,4.031769133798413,-1.179743589060486,9.252580517288825,478.17146055709173,189.77911225101883
6.97,-14.307013245863777,4.336508367073611,-1.2270852654279252,14.032883077627723,461.52002986245526,212.12984959464148
6.98,-14.890859090130805,4.603155196189409,-1.2685092322494345,18.215647817924257,446.95002800464835,231.6867447703113
6.99,-15.401724203864454,4.836471171665734,-1.3047552032182552,21.875566965683724,434.20127637906734,248.7990280490224
7.0,-15.848731178381396,5.040622650207517,-1.3364704278159734,25.077996219973258,423.04611870668396,263.7722759178946
7.01,-16.23986228108372,5.219255193931577,-1.3642212493389767,27.8801218174766,413.2853557433485,276.8738678031578
7.02,-16.582101995948257,5.375558669690131,-1.3885032181716046,30.331981715292024,404.7446881504299,288.3377607027631
7.03,-13.638701746454725,6.462688835978865,-0.8124601909001539,32.477359125880525,397.2716040066262,298.3686669899177
7.04,-11.063226528147883,7.413927731481507,-0.3084225420376346,34.35456436014546,390.73265538079795,307.145709991178
7.05,-8.809685712129397,8.246261765046318,0.13261040071706975,35.99711894012728,385.0110753331982,314.82562261728077
7.06,-6.837837498113223,8.974554044415529,0.5185142256274361,37.43435419761137,380.00469279154845,321.5455461651207
7.07,-5.11247031084907,9.611809788863587,0.8561800724240066,38.69193504790995,375.62410806760494,327.4254792694806
7.08,-3.6027740219929365,10.169408565255639,1.1516376883710058,39.792318291921205,371.7910964341543,332.57042073579555
7.09,-2.2817897692438196,10.657307494598683,1.4101631023246302,40.75515363043105,368.437211254885,337.0722445188211
7.1,-1.1259285480883423,11.084219057773847,1.6363728395340515,41.59763455162717,365.5025617230244,341.01134032896846
7.11,-0.11454997957729951,11.457766675552115,1.8343063595922953,33.589180107673776,294.34786550764636,315.6749234128474
7.12,0.7704062678698629,11.7846208411081,2.0074981896432584,26.581782469214556,232.08750631919054,293.5055586112415
7.13,1.54474298438613,12.070618235969587,2.159041040937851,20.450309535562738,177.6096920292917,274.1073644098363
7.14,2.2222876113378636,12.320865956473387,2.2916410358206196,15.085270718617398,129.94160452563023,257.13394448360674
7.15,2.815139159920631,12.539832711914213,2.4076660313430422,10.390861753790224,88.23202795992644,242.2822020481559
7.16,3.333884264930552,12.731428622924936,2.509187902425162,6.283253909566447,51.73614846493564,229.28692741713644
7.17,3.787786231814233,12.899075045059318,2.5980195396220167,2.6890970458706414,19.802253906818684,217.9160621149944
7.18,4.1849504528374535,13.045765664426902,2.6757472221692646,-0.45579020986318897,-8.139903831533651,207.96655497562008
7.19,4.406465021232772,10.432412706373539,1.1336074443981066,-3.2075665586302904,-32.58929185259194,199.26073622866758
7.2,4.600290268578675,8.145728868076846,-0.21576486115165683,-5.615370863801504,-53.98250637101795,191.64314482508414
7.21,4.769887360006341,6.1448805095672405,-1.3964656285076997,-7.722199630826315,-72.7015690746407,184.97775234694862
7.22,4.918284815005548,4.394138195871335,-2.4295787999442373,-9.565674801973026,-89.08074894031061,179.14553392858005
7.23,5.048132588129855,2.862238671387418,-3.333552824951208,-11.178715576726397,-103.41253132277178,174.04234281250754
7.24,5.1617493896136235,1.5218265874639911,-4.124530096832307,-12.590126254635596,-115.95284090742531,169.5770505859441
7.25,5.261164090911921,0.34896601403099226,-4.816635209728268,-13.825110597806146,-126.92561179399715,165.6699198877011
7.26,5.348151954547931,-0.6772869877228818,-5.422227183512235,-14.905721898080378,-136.5267863197475,162.25118052673847
7.27,5.42426633522944,-1.5752583642575215,-5.952120160573206,-23.81813153582033,-172.24531265477904,101.03728233589617
7.28,5.49086641832576,-2.3609833187253315,-6.415776515501555,-31.616489968842792,-203.49902319793165,47.47512141890914
7.29,5.549141491035041,-3.048492653884665,-6.821475826063861,-38.440053597737446,-230.8460199231902,0.608230616545498
7.3,5.6001321796556605,-3.650063322149082,-7.176462722805879,-44.41067177302026,-254.77464205779143,-40.40029883552269
7.31,5.644749032198703,-4.176437656880447,-7.487076257455144,-49.634962676392725,-275.7121864255675,-76.28276210608236
7.32,5.683788778173866,-4.637015199770391,-7.758863100273252,-54.20621721684363,-294.0325377473715,-107.67991746782207
7.33,5.717948555902133,-5.040020549799093,-7.9966765877390955,-58.20606493973818,-310.0628451539501,-135.1524284093443
7.34,5.747838361414367,-5.392650231074206,-8.204763389271708,-61.705931697270906,-324.08936413470633,-159.19087548317628
7.35,6.598308316237571,-4.03583182718993,-7.856803715612745,-64.76831511011204,-336.362568242868,-180.22451667277926
7.36,7.342469526707874,-2.8486157237911884,-7.552339001161153,-67.44790059634803,-347.1016218375095,-198.62895271368183
7.37,7.99361058586939,-1.80980163331729,-7.285932376016009,-69.79253789680453,-356.49829373282085,-214.73283424947158
7.38,8.563359012635717,-0.9008393041526287,-7.052826579014009,-71.84409553470397,-364.72038164121824,-228.82373059328762
7.39,9.061888886056252,-0.10549726613355015,-6.848859006637258,-73.63920846786597,-371.91470856106594,-241.15326489412666
7.4,9.49810252529922,0.5904270171331436,-6.670387380807601,-75.20993228438273,-378.2097446159327,-251.94160740736083
7.41,9.879789459636818,1.1993607649915006,-6.514224708206651,-76.5843156238349,-383.7179011639411,-261.38140710644075
7.42,10.213765527182217,1.732177794367563,-6.37758236968082,-77.78690104585554,-388.5375381434485,-269.64123184313564
7.43,10.505994586284439,2.1983926950716177,-6.258020323470717,-81.50791379012361,-361.6922206255174,-227.55795273774368
7.44,10.761695012998883,2.6063307331876655,-6.153403533036878,-84.76379994135814,-338.2025677973277,-190.73508352052573
7.45,10.985432886374022,2.9632765165392074,-6.061863841407268,-87.61270032368839,-317.64912157266167,-158.51507295546003
7.46,11.181203525577269,3.2756040769718067,-5.98176661123136,-90.10548815822733,-299.6648561260789,-130.32256371102753
7.47,11.35250283488011,3.548890692350331,-5.911681534827441,-92.28667751344892,-283.928623860319,-105.65411812214909
7.48,11.502389730520095,3.7880164808065397,-5.850357092974011,-94.1952181992678,-270.1594206277791,-84.06922823188046
7.49,11.633540764205083,3.9972515457057223,-5.796698206352261,-95.86519129935931,-258.1113677993067,-65.1824495778954
7.5,11.748297918679448,4.1803322274925065,-5.7497466805582285,-97.32641776193938,-247.5693215743934,-48.65651825565847
7.51,11.989818803844518,3.530252074055943,-4.77012172048845,-98.60499091669695,-238.34503112759424,-34.19632834870116
7.52,12.201149578363953,2.96143193979895,-3.912949880427394,-99.72374242710984,-230.27377698664498,-21.54366218011351
7.53,12.386064006068459,2.463714322324081,-3.1629245203739695,-100.70264999872111,-223.21142961331438,-10.472579282599323
7.54,12.5478641303099,2.028211407033571,-2.5066523303272232,-101.55919412388099,-217.0318756616501,-0.7853817472744069
7.55,12.689439239021162,1.6471463561543749,-1.9324141640363202,-102.30867023339587,-211.62476595394386,7.690916096134894
7.56,12.813317459143516,1.3137144366350781,-1.42995576853178,-102.96446182922139,-206.8935449597009,15.107676709118033
7.57,12.921710901750576,1.0219615070556936,-0.9903046724653075,-103.53827947556871,-202.7537265897383,21.59734224547828
7.58,13.016555164031754,0.7666776936737318,-0.6056099634071441,-104.04036991612261,-199.13138551602103,27.275799589793497
7.59,13.099543893527784,0.5433043569645154,-0.26900209298125116,-103.7971991766073,-176.2830873265184,41.138824641069306
7.6,13.172159031836811,0.34785268734395103,0.02552979364140523,-103.58442477953139,-156.2908264107036,53.26897156093565
7.61,13.23569727785721,0.17683247642595715,0.2832451944362296,-103.39824718208996,-138.79759810936565,63.88285011581869
7.62,13.291293243125057,0.027189791872712504,0.5087461701317009,-103.23534178432871,-123.49102334569494,73.16999385134136
7.63,13.339939712734425,-0.10374755711137655,0.7060595238652383,-103.09279956128762,-110.09777042748308,81.2962446199237
7.64,13.382505373642623,-0.21831773747245448,0.8787087083820835,-102.96807511612667,-98.3786741240477,88.40671404243324
7.65,13.419750326937294,-0.3185666452883976,1.0297767448343231,-102.85894122661084,-88.12446485854174,94.62837478712908
7.66,13.452339661070132,-0.40628443962734795,1.1619612767300327,-102.76344907328449,-79.15203175122403,100.07232793873794
7.67,12.516830078436367,-0.8183361346739294,1.1380531171387787,-102.67989343912393,-71.30115278232103,104.8357869463957
7.68,11.69825919363182,-1.178881367839688,1.1171334774964312,-102.60678225923344,-64.4316336845309,109.00381357809624
7.69,10.982009669427843,-1.494358446859727,1.0988287928093774,-102.54280997682926,-58.42080447396454,112.65083688083422
7.7,10.355291335749364,-1.770400891002261,1.0828121937082051,-102.4868342297256,-53.161328914718965,115.84198227072994
7.71,9.806912793780693,-2.0119380296269784,1.0687976694946795,-102.43785545100991,-48.559287800379096,118.63423448688872
7.72,9.327081569558107,-2.223283025923606,1.0565349608078445,-102.39499901963367,-44.53250182533171,121.07745517602763
7.73,8.907229248363343,-2.4082098976831547,1.045805090706864,-102.35749964217946,-41.00906409716525,123.21527327902419
7.74,8.539858467317925,-2.5700209104727607,1.036416454368506,-102.32468768690703,-37.926056085019596,125.08586411914618
7.75,8.218409033903185,-2.711605546663666,1.0282013975724427,-102.01160235104365,-16.64342444939215,128.77450697925292
7.76,7.937140779665287,-2.835492103330708,1.0210132228758872,-101.7376526821632,1.9788782317818665,132.00206948184632
7.77,7.691031057207127,-2.943892840414369,1.0147235700164012,-101.4979467218928,18.273393077809132,134.82618667161552
7.78,7.475685050056236,-3.0387434853625725,1.009220123764351,-101.2882040066562,32.53109356808299,137.2972892126636
7.79,7.287257293799207,-3.1217377996922506,1.0044046082938072,-101.10467913082418,45.00658149707262,139.45950393608064
7.8,7.122383007074306,-3.1943578247307194,1.0001910322570813,-100.94409486447117,55.92263343493854,141.35144181907054
7.81,6.978118006190018,-3.2579003466393797,0.9965041532249461,-100.80358363141228,65.47417888057123,143.00688746668675
7.82,6.851886130416266,-3.3135000533094567,0.9932781340718279,-100.68063630248575,73.83178114549983,144.4554024083509
7.83,4.776703614114232,-3.2468374216457745,0.6623637423128494,-100.57305738967504,81.14468312731236,145.72285298230702
7.84,2.9609189123499524,-3.1885076189400525,0.3728136495237433,-100.47892584096567,87.5434723613983,146.83187223451864
7.85,1.3721072983062081,-3.137469041572546,0.11945731833327541,-100.39656073584497,93.14241294122351,147.80226408020383
7.86,-0.01810286398206795,-3.0928102863759777,-0.10222947145838401,-100.32449126886435,98.04148594857057,148.65135694517835
7.87,-1.2345367559843097,-3.0537338755789802,-0.296205412526086,-100.26143048525631,102.32817482999926,149.39431320203107
7.88,-2.298916411486271,-3.0195420161316076,-0.46593436096032526,-100.20625229959927,106.07902760124935,150.0443999267772
7.89,-3.230248610050487,-2.9896241391151563,-0.6144471908402845,-100.15797138714936,109.36102377609319,150.61322581093003
7.9,-4.045164283794176,-2.9634459967257616,-0.744395916985249,-100.1157255887557,112.23277042908154,151.11094845956376
7.91,-4.758215498319904,-2.9405401221350416,-0.8581010523620928,-73.79376014016123,168.67617262544636,156.65645502711828
7.92,-5.382135311029916,-2.9204974818681615,-0.9575930458168311,-50.762040372641074,218.06414954726557,161.5087732737285
7.93,-5.928065147151178,-2.9029601716346414,-1.0446485400897272,-30.60928557606094,261.27862935385735,165.75455173951244
7.94,-6.40575375375728,-2.887615025180311,-1.1208220975785113,-12.975625129053325,299.0912991846252,169.4696078970734
7.95,-6.823731284537621,-2.8741880220327722,-1.1874739603811975,2.4538277620783404,332.17738528654706,172.72028203493923
7.96,-7.189461623970418,-2.8624393942786757,-1.2457943403335479,15.954599041818547,361.1277106257287,175.56462190557184
7.97,-7.509475670974116,-2.8521593449938414,-1.2968246727918544,27.767773911591227,386.45924529751267,178.05341929237537
7.98,-7.789487962102352,-2.8431643018696113,-1.3414762136928726,38.10430192264232,408.62433813532357,180.23111700582845
7.99,-9.577073341839558,-2.2060242641359102,-1.2283438119812635,47.14876393231203,428.0187943684082,182.1366025050999
8.0,-11.141210549109612,-1.6485267311189213,-1.1293529604836057,55.062668190773024,444.98894357235713,183.8039023169624
8.01,-12.50983060547091,-1.1607163897290562,-1.042735965423155,61.987334416926394,459.8378241258125,185.2627896523421
8.02,-13.707373154787046,-0.733882341012924,-0.9669460947452605,68.0464173648106,472.830594610086,186.53931607079934
8.03,-14.755222885438664,-0.36040254838630853,-0.9006299579021029,73.34811494420927,484.19926878382523,187.65627668694944
8.04,-15.67209139975883,-0.03360772983801996,-0.84260333816434,77.98710032618311,494.14685868584706,188.63361722608076
8.05,-16.47435134978898,0.2523377363917325,-0.7918300458937975,82.04621253541023,502.8509998501162,189.48879019782066
8.06,-17.176328806065357,0.5025400193427659,-0.7474034151570728,85.59793571848397,510.4671233688516,190.23706654809308
8.07,-17.790559080307187,0.7214670169249202,-0.7085301132624386,57.30194275367347,454.9318576977452,227.89555860458145
8.08,-18.328010570268788,0.9130281398093052,-0.6745159741046337,32.542948909464286,406.3385002355271,260.8467391540088
8.09,-18.79828062398519,1.080644122333142,-0.6447536023415544,10.878829295781252,363.8193124560862,289.6790221347577
8.1,-19.20976692098704,1.2273081070414993,-0.6187115270488601,-8.077275366191405,326.61502314907545,314.90726974291294
8.11,-19.569817430863658,1.3556390936613119,-0.5959247111677526,-24.663866945417478,294.06127000544103,336.98198640004887
8.12,-19.8848616270057,1.467928706953648,-0.5759862472717835,-39.177134577240295,265.5767360047609,356.29736347504274
8.13,-20.160525298629988,1.566182118584442,-0.5585400913628105,-51.876243755085255,240.65276875416578,373.19831841566236
8.14,-20.40173101130124,1.652153853761387,-0.5432747049424591,-62.98796428569959,218.84429740989506,387.9866539887046
8.15,-16.611923634888583,3.4800889970412134,-0.4687288668246517,-72.71071974998713,199.76188498365818,400.92644761511656
8.16,-13.29584218052751,5.079532247411062,-0.40350125847157026,-81.21813078123874,183.0647741107009,412.248767038227
8.17,-10.39427090796157,6.4790450914846796,-0.346427101162624,-88.66211543358389,168.4548020968633,422.15579653344867
8.18,-7.8553960444663735,7.703618830049095,-0.296487213517296,-95.1756020043859,155.67107658475538,430.8244473417676
8.19,-5.633880538908077,8.775120851292957,-0.252789811827634,-100.87490275383766,144.48531676166095,438.4095167990466
8.2,-3.690054471544568,9.712685119881339,-0.21455458534917976,-105.86179090960795,134.69777691645334,445.04645257416576
8.21,-1.9892066626014968,10.53305385489617,-0.1810987621805323,-110.22531804590695,126.13367955189666,450.853771377395
8.22,-0.5009648297763096,11.250876498034149,-0.1518249169079658,-114.04340429016857,118.64009435790958,455.93517533022066
8.23,0.8012467739457292,11.878971310779882,-0.12621030229447008,-96.54172875389749,75.20633293817087,389.6114035389431
8.24,1.940681927202513,12.428554271932395,-0.10379751450766132,-81.2277626596603,37.20179169589952,331.5781032215752
8.25,2.937687686302199,12.909439362940844,-0.08418632519420366,-67.82804232720275,3.947818108912081,280.79896544387833
8.26,3.8100677255144246,13.330213817573238,-0.0670265345449282,-56.103287036302405,-25.14940877970193,236.36721988839352
8.27,4.573400259825122,13.698391465376584,-0.05201171772681218,-45.8441261567646,-50.60948230723919,197.48944252734432
8.28,5.2413162273469815,14.020546907204512,-0.03887375301096066,-36.86736038716903,-72.88704664383428,163.47138733642626
8.29,5.825742698928608,14.302432918803948,-0.02737803388459058,-29.012690338772902,-92.379915438355,133.70558904437297
8.3,6.337115861562532,14.549083178953456,-0.017319279649016757,-22.13985404642629,-109.43617563356062,107.66051553882635
8.31,6.079835503867216,8.006433406584275,-1.0750254946928897,-16.126122290623005,-124.36040330436555,84.87107622147306
8.32,5.854715190883813,2.28161485576124,-2.0005184328562784,-10.86410700429513,-137.41910251631987,64.93031681878894
8.33,5.657734917023336,-2.7276013762089155,-2.8103247537492435,-6.259843628758238,-148.84546432677988,47.482152341440326
8.34,5.485377177395419,-7.110665579182801,-3.518905284530588,-2.2311131751634585,-158.8435309109324,32.21500842376028
8.35,5.334564155220991,-10.945846756784952,-4.138913248964265,1.2940259717319735,-167.59183917206585,18.856257495790246
8.36,5.202602760818367,-14.301630287186832,-4.681420217843732,4.378522725265476,-175.24660890055762,7.167350433816463
8.37,5.087136540716071,-17.237940876288476,-5.156113815613265,7.077457384607292,-181.9445324129879,-3.060443245410596
8.38,4.986103598126562,-19.807212641752418,-5.571470713661607,9.43902521153138,-187.80521548636443,-12.009762714734272
8.39,4.897699773360741,-22.055325436533366,-5.934907999453906,17.33727181008996,-259.7614379255689,-31.963542875392488
8.4,4.820346426690648,-24.022424131966694,-6.252915624522168,24.248237583828715,-322.7231325598728,-49.42310051596843
8.41,4.752662248354317,-25.743635490470858,-6.531172296456897,30.295332635850126,-377.8146153648887,-64.70021345147238
8.42,4.693438592310026,-27.249695429162,-6.774646884399785,35.58654080636886,-426.01966281927764,-78.06768727003833
8.43,4.641617893271273,-28.56749787551675,-6.987687148849812,40.21634795557275,-468.19907934186796,-89.76422686128355
8.44,4.5962747816123635,-29.720575016077156,-7.174097380243585,44.26742921112616,-505.10606879913445,-99.9986990036231
8.45,4.5565995589108175,-30.72951751406751,-7.337206332713136,47.812125309735386,-537.3996845742427,-108.95386212817021
8.46,4.521883739046965,-31.61234219980907,-7.479926666123994,50.91373439601846,-565.6565983774624,-116.78962986214894
8.47,4.1709727716660945,-26.37531642483294,-7.129231082858495,53.627642346516154,-590.3813979552796,-123.64592662938033
8.48,3.863925675207833,-21.792918871728823,-6.822372447501183,56.002311803201636,-612.0155975858696,-129.6451863007078
8.49,3.595259465806854,-17.78332101276272,-6.553871141563536,58.080147577801434,-630.9455222626359,-134.89453851311933
8.5,3.360176532580997,-14.274922886167381,-6.318932498868095,59.898253880576256,-647.5092063548065,-139.4877216989794
8.51,3.1544789660083725,-11.205074525396459,-6.113361186509583,61.489096895504225,-662.0024299354557,-143.506756986607
8.52,2.974493595257326,-8.518957209721902,-5.933486288195885,62.881084533566195,-674.6840005685237,-147.02341286328112
8.53,2.8170063958501603,-6.168604558506664,-5.7760957521714,64.09907371687042,-685.7803748724583,-150.100486755371
8.54,2.6792050963688903,-4.112045988693331,-5.638379033149975,65.16481425226162,-695.489702388401,-152.79292641094963
8.55,2.558628959322779,-2.3125572401066643,-5.517876904006228,49.638587720728914,-623.8922400898508,-120.87506010958094
8.56,2.453124839407432,-0.7380045850933314,-5.41243754100545,36.053139505637795,-561.2444605786194,-92.94692709588332
8.57,2.3608087344815027,0.6397289880433349,-5.320178098379769,24.16587231743307,-506.42765350629196,-68.5098107088979
8.58,2.280032142671315,1.845245864537918,-5.239451086082298,13.764513527753937,-458.4629473180055,-47.12733387028566
8.59,2.2093526248374005,2.900073131470678,-5.168814950322011,4.663324586784696,-416.4938294032548,-28.417666636499952
8.6,2.1475080467327254,3.8230469900368433,-5.10700833153176,-3.3002157365633913,-379.7708512278479,-12.046707806937459
8.61,2.093394040891135,4.630649116282238,-5.05292754009029,-10.268313519492967,-347.63824532436695,2.2778811689297243
8.62,2.046044285779743,5.337300976746959,-5.0056068475790045,-16.365399079556347,-319.5222151588211,14.811896522813509
8.63,2.0046132500572753,5.955621354653589,-4.9642012416316295,-21.700348944611804,-294.9206887639685,25.77915995746182
8.64,2.790281843800116,5.53542031032189,-3.497892711427676,-26.36843007653533,-273.39435316847243,35.37551546277909
8.65,3.477741863325101,5.167744396531654,-2.214872747499217,-30.45300106696841,-254.55880952241338,43.7723265299317
8.66,4.079269380409464,4.846027971965197,-1.0922302790618148,-34.027000683597365,-238.0777088321117,51.11953621369024
8.67,4.60560595785828,4.564526100469546,-0.109918119179088,-37.1542503481477,-223.65674572809775,57.54834468697896
8.68,5.066150463125995,4.318211962910853,0.749605020718298,-39.89059380462924,-211.03840301208552,63.17355210110659
8.69,5.469126905235246,4.102687092546996,1.5016877681285108,-42.28489432905059,-199.99735313557483,68.09560858846827
8.7,5.821731292080841,3.9141028309786217,2.159760172112447,-44.379907287919266,-190.33643449362796,72.40240801490972
8.71,6.130260130570736,3.749091602106294,2.735573525598391,-46.21304362692936,-181.88313068192446,76.170857513046
8.72,6.400222864249395,3.6047067768430074,3.239410209898592,-48.7707884235632,-161.7639893466839,80.05012569891525
8.73,6.63644025621822,3.4783700547376317,3.680267308661268,-51.0088151206178,-144.1597406783484,83.44448536155085
8.74,6.843130474190943,3.367825422895428,4.06601727007861,-52.967088480540575,-128.75602309355486,86.414550066357
8.75,7.023984414917075,3.2710988700334993,4.403548486318783,-54.680577670473006,-115.2777702068605,89.01335668306237
8.76,7.182231613052441,3.186463136279312,4.698888300528935,-56.179880711663884,-103.48429893100293,91.28731247267957
8.77,7.320697911420886,3.1124068692443982,4.957310637962818,-57.4917708727059,-93.16501156462755,93.27702378859463
8.78,7.441855922493275,3.0476076355888484,5.183430183217466,-58.63967476361766,-84.1356351190491,95.0180211900203
8.79,7.042063182181615,2.7254239311402424,4.887713785315282,-59.644090668165454,-76.23493072916796,96.54139391626777
8.8,6.692244534408913,2.443513189747712,4.628961937150871,-60.52295458464477,-69.32181438802196,97.8743450517343
8.81,6.386153217607799,2.196841291029248,4.402554070007012,-61.29196051156418,-63.27283758951922,99.04067729526751
8.82,6.1183233154068235,1.981003379650592,4.204447186256135,-61.964840697618655,-57.97998289082932,100.06121800835908
8.83,5.88397215098097,1.792145207194268,4.031103662974118,-62.55361086041632,-53.348735029475655,100.9541911323142
8.84,5.678914882108349,1.6268943062949845,3.8794280801023535,-63.06878475286428,-49.2963931507912,101.73554261577492
8.85,5.499489771844805,1.4822997680081116,3.7467119450895594,-63.519561908756245,-45.7505940069423,102.41922516380306
8.86,5.342492800364203,1.3557795470070977,3.6305853269533648,-63.91399192016171,-42.64801975607451,103.01744739332769
8.87,5.205120450318677,1.2450743536312106,3.528974536084194,-64.2591181801415,-39.9332672865652,103.54089184416173
8.88,5.084919644028843,1.1482073094273093,3.44006509407367,-66.49047840762381,-25.65348387574455,102.94015561364152
8.89,4.979743938525237,1.0634486457488956,3.3622693323144612,-68.44291860667083,-13.15867339127648,102.41451141193633
8.9,4.887715196209582,0.9892848150302838,3.2941980407751537,-70.15130378083697,-2.225714217366919,101.95457273544429
8.91,4.807190046683384,0.9243914631514983,3.2346356606782596,-71.64614080823235,7.340625059803947,101.55212639351375
8.92,4.736730540847961,0.8676097802575611,3.1825185780934775,-72.9541232072033,15.711171927328454,101.19998584432453
8.93,4.675078473241966,0.8179258077253659,3.1369161308317928,-74.09860780630288,23.0354004364124,100.89186286378397
8.94,4.6211329140867194,0.7744523317596952,3.097013989477819,-75.10003183051502,29.44410038186085,100.62225525581097
8.95,4.573930549825879,0.7364130402897333,3.0620996157930915,-75.97627785170064,35.051712834128246,100.3863485988346
8.96,3.2679864810976436,1.0382950352535167,1.5444579138189551,-76.74299312023807,39.95837372986222,100.17993027398028
8.97,2.125285420960438,1.3024417808468272,0.21652142459158563,-77.4138689802083,44.25170201362944,99.99931423973274
8.98,1.125421993340383,1.5335701832409738,-0.9454230034823625,-78.00088535768226,48.00836426192576,99.84127520976615
8.99,0.2505414941728351,1.7358075353358522,-1.9621243780470672,-78.51452468797198,51.295443729185045,99.70299105854538
9.0,-0.5149789425987693,1.9127652184188708,-2.8517380807911836,-78.96395910197549,54.17163826303692,99.5819924262272
9.01,-1.184809324773923,2.067603191116512,-3.630150070692286,-79.35721421422856,56.6883084801573,99.4761186229488
9.02,-1.7709109091771826,2.203086417226948,-4.31126056185575,-79.70131243745,58.890394920137645,99.38347904508021
9.03,-2.283749795530035,2.321634240073579,-4.907232241623781,-80.00239838276875,60.81722055512044,99.30241941444518
9.04,-2.7324838210887807,2.4253635850643818,-5.428707461420808,-77.43522358492265,122.65506723573039,96.23461686263953
9.05,-3.125126093452683,2.516126761931334,-5.884998278743208,-75.18894563680733,176.7631830812641,93.55028962980958
9.06,-3.468688081771098,2.595544541689917,-6.284252743900306,-73.22345243220641,224.10778444610608,91.20150330108338
9.07,-3.769304821549711,2.6650350989786773,-6.633600400912768,-71.50364587818062,265.5343106403428,89.14631526344796
9.08,-4.032344468855997,2.7258393366063425,-6.939279600798672,-69.99881514340804,301.7825210602999,87.34802573051697
9.09,-4.262504160248997,2.7790430445305496,-7.206748900698838,-68.68208825048204,333.4997051777624,85.77452238920235
9.1,-4.463893890217872,2.8255962889642308,-7.440784538111483,-67.52995221917179,361.2522412805421,84.39770696555205
9.11,-4.640109903940639,2.8663303778437017,-7.645565720847547,-66.52183319177531,385.53571037047436,83.19299346985804
9.12,-8.601482415948059,2.615608705613239,-5.624472255741604,-65.6397290428034,406.78374582416507,82.13886916112578
9.13,-12.067683363954552,2.396227242411584,-3.856015473773904,-64.86788791245297,425.3757768461444,81.21651039098506
9.14,-15.100609193460233,2.204268462110136,-2.3086157895521655,-64.19252692339636,441.64380399037634,80.40944646711193
9.15,-17.754419294277703,2.036304529346369,-0.954641065858145,-63.601586057971815,455.87832774157926,79.70326553372294
9.16,-20.076503132492988,1.8893360881780727,0.23008681737412318,-63.084512800725335,468.33353602388183,79.08535721700757
9.17,-22.10832649093137,1.7607387021558136,1.2667237152023578,-62.63207370063466,479.23184327089666,78.54468743988163
9.18,-23.886171929564945,1.6482159893863368,2.1737810008020633,-62.23618948805533,488.76786211203455,78.07160138489643
9.19,-25.441786688369326,1.5497586157130447,2.9674561257018057,-61.88979080204841,497.1118785980302,77.65765108678437
9.2,-26.80294960232316,1.463608413748914,3.6619218599890804,-48.93856682679235,461.4897696482764,125.74419282593632
9.21,-27.993967152032766,1.3882269870302997,4.269579377490445,-37.60624584844331,430.3204243172419,167.8199168476943
9.22,-29.03610750802867,1.322268238651512,4.80127970530414,-27.69046499238789,403.04724715258664,204.63617536673252
9.23,-29.947980319525087,1.264554333820073,5.266517492141122,-19.014156743339406,379.18321713351327,236.85040157089097
9.24,-30.745869029584455,1.214054667092564,5.673600555623482,-11.42238702542198,358.3021908668241,265.0378494995296
9.25,-31.4440216508864,1.1698674587059936,6.029798236170547,-4.779588522244231,340.03129288347105,289.7018664370884
9.26,-32.0549051945256,1.1312036513677444,6.341471206649228,1.032860168036298,324.04425714803716,311.28288125745235
9.27,-32.589428295209906,1.0973728199467763,6.614185055818074,6.118752772031761,310.0556008795325,330.16626922527075
9.28,-27.26923638330867,3.165843592453429,5.9475662988408144,10.56890880052779,297.81552664459093,346.6892336971119
9.29,-22.614068460395085,4.975755518396751,5.364274886485713,14.462795325461816,287.10546168901703,361.1468276099729
9.3,-18.5407965278457,6.559428453597157,4.853894900674999,17.86994603477909,277.7341548528899,373.7972222837262
9.31,-14.976683586864986,7.945142271897512,4.407312413090624,20.851202905431705,269.53426137127866,384.86631762326044
9.32,-11.858084763506863,9.157641862910324,4.016552736454297,23.45980266725274,262.3593545748688,394.5517760453529
9.33,-9.129310793068505,10.218579005046534,3.6746380193975092,25.742327458846148,256.0813111280102,403.0265521646837
9.34,-6.741633568934942,11.146899004415717,3.3754626419728204,27.73953665149038,250.58802311200895,410.4419812690982
9.35,-4.652415997818074,11.959179003863753,3.1136841867262177,29.487094695054083,245.78139609800783,416.93048173546094
9.36,-2.8243506230908144,12.669924003380784,2.8846280383854404,16.176207733172323,184.46872221075685,378.5297966435283
9.37,-1.2247934202044626,13.291825877958185,2.68420390858726,4.529181641525783,130.82013255941226,344.92919718808724
9.38,0.17481913232109525,13.835990018213412,2.5088327950138525,-5.661966188664939,83.87761661448572,315.52867266457633
9.39,1.3994801157809582,14.312133640936736,2.355383070637121,-14.57922054008182,42.80291516267499,289.80321370650427
9.4,2.4710584763083383,14.728759310819644,2.2211145618074806,-22.381818097571593,6.862551392340617,267.2934371181912
9.41,3.408689541769796,15.093306771967189,2.1036296165815456,-29.209090960375143,-24.58526690670196,247.59738260341732
9.42,4.229116724048572,15.41228580047129,2.000830289508852,-35.18295471532825,-52.10210791836421,230.36333490299015
9.43,4.9469905085425,15.691392450412378,1.9108808783202458,-40.41008550091222,-76.17934380356868,215.28354316511638
9.44,5.819990694974688,11.352992394110831,0.6674475185302151,-44.98382493829819,-97.2469252031226,202.08872539447682
9.45,6.583865858102852,7.556892344846978,-0.4205566712860618,-48.985846946010916,-115.68105892773228,190.54325984516723
9.46,7.252256625839996,4.235304801741106,-1.3725603373753041,-52.487616202759554,-131.81092593676576,180.44097748952132
9.47,7.837098547609996,1.3289157015234676,-2.205563545203391,-55.55166430241461,-145.92455956967004,171.60148042833114
9.48,8.348835229158746,-1.2141747611669658,-2.934441352052967,-58.23270638961278,-158.27398899846128,163.86692049978976
9.49,8.796604825513903,-3.439378916021095,-3.572209433046346,-60.578618215911185,-169.0797397486536,157.09918056231604
9.5,9.188403222324665,-5.386432551518459,-4.130256503915552,-62.63129106392228,-178.5347716550719,151.17740811702654
9.51,9.531226819534082,-7.090104482578651,-4.618547690926108,-64.42737980593199,-186.8079245731879,145.99585722739823
9.52,9.831197467092322,-8.58081742225632,-5.0458024795603444,-61.685207205190494,-232.38068712653944,77.12762457397346
9.53,10.093671783705782,-9.885191244474282,-5.4196504196153015,-59.28580617954168,-272.256854360722,16.867921002226787
9.54,10.323336810742559,-11.026518338914997,-5.746767367163389,-57.18633028209897,-307.14850069063175,-35.85931962305156
9.55,10.524293709399739,-12.025179546550621,-6.0329946962679655,-55.3492888718366,-337.6786912293028,-81.99565517017011
9.56,10.700130995724772,-12.899008103231793,-6.28344360923447,-53.74187763785702,-364.39260795063996,-122.36494877389885
9.57,10.853988621259175,-13.66360809032782,-6.502586408080162,-52.335392808124894,-387.76728508181,-157.68808067716148
9.58,10.988614043601778,-14.332633079036842,-6.694336357070141,-51.104718582109285,-408.22012757158376,-188.5958210925163
9.59,11.106411288151556,-14.918029944157237,-6.8621175624363735,-50.027878634345626,-426.1163647501358,-215.64009395595176
9.6,10.615764502132611,-11.924516076137582,-6.794603992131827,-49.08564368005243,-441.77557228136885,-239.3038327114578
9.61,10.186448564366035,-9.305191441620385,-6.735529618115349,-48.261188095045874,-455.47737887119774,-260.00960412252556
9.62,9.81079711882028,-7.013282386417838,-6.68383954085093,-47.53978945816514,-467.46645963729804,-278.12715410720983
9.63,9.482102103967746,-5.007861963115609,-6.638610723244564,-46.908565650894495,-477.9569053076358,-293.9800103438086
9.64,9.194493965971777,-3.2531190927261577,-6.599035507838994,-46.356244819532684,-487.13604526918135,-307.8512595508325
9.65,8.942836845225305,-1.717719081135388,-6.56440719435912,-45.8729640920911,-495.1677927355337,-319.9886026069784
9.66,8.722636864572141,-0.37424407099346446,-6.53410742006423,-45.45009345557972,-502.195571768592,-330.6087777811061
9.67,8.529961881500624,0.8012965628807185,-6.5075951175562015,-45.08008164863226,-508.34487842251804,-339.9014310584678
9.68,8.361371271313045,1.8298946175206285,-6.484396852861677,-41.87319644255323,-470.15489461970327,-281.57187630115925
9.69,8.213854487398914,2.72991791533055,-6.464098371253967,-39.067171887234075,-436.73865879224036,-230.53351588851436
9.7,8.08477730147405,3.517438300914231,-6.446337199847221,-36.61190040132982,-407.4994524432103,-185.87495052745007
9.71,7.971834763789794,4.206518638299952,-6.430796174866319,-34.46353785116359,-381.915146887809,-146.79870583651882
9.72,7.873010043316071,4.809463933512458,-6.417197778008029,-32.583720619768144,-359.52887952683284,-112.60699173195397
9.73,7.786538412901562,5.337041066823399,-6.405299180757026,-30.938880542297127,-339.9408955859787,-82.68924189045973
9.74,7.710875736288867,5.7986710584704735,-6.3948879081623975,-29.49964547450999,-322.80140963773135,-56.511210779152265
9.75,7.644670894252759,6.2025973011616635,-6.385778044642098,-28.240314790196244,-307.8043594330149,-33.60543355675823
9.76,7.673924907471164,5.112350388516456,-4.422668914061836,-27.138400441421716,-294.68194050388803,-13.562878487163452
9.77,7.6995221690372695,4.1583843399518985,-2.704948424804106,-26.174225386244004,-283.199823940902,3.9743571987319797
9.78,7.7219197729076114,3.3236640474579113,-1.2019429967035928,-25.330572212963503,-273.15297194828923,19.31943842389048
9.79,7.74151767629416,2.5932837915256726,0.11318675288435642,-24.59237568634307,-264.36197645475306,32.74638449590417
9.8,7.758665841757391,1.9542010675849637,1.263925283773812,-23.946453725550185,-256.6698553979089,44.49496230891614
9.81,7.773670486537717,1.3950036841368432,2.2708214983020856,-23.381272009856414,-249.9392494731703,54.77496789530163
9.82,7.786799550720502,0.9057059736197379,3.1518556860143248,-22.886738008624363,-244.049969289024,63.76997278338892
9.83,7.79828748188044,0.47757047691727067,3.922760600262534,-22.454020757546317,-238.89684912789602,71.64060206046531
9.84,7.808339421645385,0.10295191730261183,4.597302400229717,-29.28976803785303,-215.43536786190901,79.07865192790715
9.85,7.817134868939712,-0.22483932236021467,5.187526475201002,-35.2710469081214,-194.9065717541704,85.58694556191875
9.86,7.824830885322249,-0.5116566570651878,5.703972540800876,-40.504665919606225,-176.9438751598991,91.2817024916789
9.87,7.831564899656968,-0.7626218249320393,6.155862848200767,-45.084082554655446,-161.22651563991172,96.26461480521904
9.88,7.837457162199847,-0.9822163468155345,6.551266867175672,-49.091072110323516,-147.47382605992277,100.62466307956666
9.89,7.842612891924866,-1.1743615534635927,6.8972453837787135,-52.597187971533074,-135.44022267743242,104.43970531962083
9.9,7.847124155434258,-1.3424886092806436,7.199976585806375,-55.66503935009144,-124.91081971775337,107.77786727966823
9.91,7.851071511004976,-1.4895997831205632,7.464866387580578,-58.34940930633001,-115.6975921280342,110.69875899470969
9.92,7.567296447129355,-1.6286001852304928,6.910846464133006,-60.698233018038756,-107.63601798702993,113.25453924537098
9.93,7.318993266238186,-1.7502255370766813,6.42607903111638,-62.75345376578391,-100.58214061365119,115.4908469646996
9.94,7.101727982958413,-1.8566477199420963,6.001907527226833,-64.55177192006093,-94.4099979119448,117.44761621911215
9.95,6.911620860088611,-1.9497671299493344,5.630757461323479,-66.12530030505332,-89.0093730479517,119.15978931672312
9.96,6.745277127577535,-2.0312466137056675,5.306001153658045,-67.50213764192165,-84.28382629195774,120.65794077713272
9.97,6.599726361630343,-2.102541161992459,5.021839384450789,-68.70687031168144,-80.14897288046302,121.96882330499113
9.98,6.47236944142655,-2.1649238917434017,4.773197836394441,-69.76101139772126,-76.53097614540515,123.11584551686724
9.99,6.360932136248231,-2.2195087802754765,4.555636481845136,-70.6833848480061,-73.36522900222951,124.11948995225883
10.0,6.263424494217203,-2.267270557741042,4.3652702966144945,-72.60171211700533,-59.224575376950824,123.65892920822648
10.01,6.1781053074400525,-2.309062113023412,4.198699884537683,-74.28024847737967,-46.85150345483197,123.25593855719818
10.02,6.103451019010047,-2.3456297238954855,4.052950773970473,-75.7489677927072,-36.025065522977975,122.90332173754841
10.03,6.038128516633791,-2.37762638340855,3.9254203022241634,-77.0340971936188,-26.55193233260573,122.59478202035487
10.04,5.980971327054568,-2.4056234604824813,3.8138311394461426,-78.15858541941645,-18.262940791030015,122.32480976781052
10.05,5.930958786172747,-2.4301209029221713,3.7161906220153744,-79.14251261698939,-11.010073192151264,122.08858404683421
10.06,5.887197812901154,-2.4515561650569,3.6307551692634523,-80.00344891486571,-4.663814043132356,121.88188654097995
10.07,5.84890696128851,-2.470312019424788,3.5559991481055206,-80.7567681755075,0.8891627122591883,121.70102622335746
10.08,4.918834091127446,-2.0984661419966892,3.0800605045923306,-81.41592252856906,5.74801737322679,121.54277344543779
10.09,4.105020329736516,-1.7731009992471032,2.663614191518289,-81.99268258749792,9.999515201573441,121.40430226475807
10.1,3.3929332885194516,-1.4884064993412154,2.299223667578503,-82.49734763906068,13.71957580137676,121.28313998166333
10.11,2.7698571274545203,-1.2392988119235635,1.9803819591311904,-82.93892955917809,16.974628826204665,121.17712298395541
10.12,2.224665486522705,-1.0213295854331181,1.7013954642397917,-83.32531373928083,19.822800222929082,121.08435811096099
10.13,1.747622800707367,-0.8306065122539783,1.4572822812098178,-83.66339989687073,22.314950195062945,121.00318884709087
10.14,1.3302104506189463,-0.663723823222231,1.2436832460585907,-83.95922528476189,24.495581420680075,120.93216574120451
10.15,0.9649746442915781,-0.5177014703194521,1.0567840903012669,-84.21807249916664,26.403633743095064,120.87002052355396
10.16,0.6453933137551309,-0.3899319115295206,0.8932473290136085,-75.04268843677082,77.35755440020819,113.3606432081097
10.17,0.36575964953573953,-0.27813354758833053,0.7501526628869075,-67.01422738217447,121.94223497518217,106.789938057096
10.18,0.12108019334377207,-0.1803099791397892,0.6249448300260441,-59.98932395940266,160.9538304782844,101.04057104995898
10.19,-0.09301433082419945,-0.09471435674731556,0.5153879762727887,-53.84253346447733,195.08897654349886,96.0098749187141
10.2,-0.28034703947117456,-0.019818187153901115,0.4195257292386901,-48.46409178141766,224.9572293505615,91.60801580387484
10.21,-0.44426315953727774,0.04571596124033652,0.3356462630838538,-43.75795530874045,251.09195055674132,87.75638907839047
10.22,-0.587689764595118,0.10305834108529446,0.26225173019837206,-39.64008589514789,273.95983161214866,84.38621569359165
10.23,-0.7131880440207283,0.15323292344963266,0.19803151392357554,-36.036950158254406,293.96922753563007,81.43731398189269
10.24,-2.4888365385181372,0.5759763080184286,0.5987153246831286,-32.884206388472606,311.4774489686763,78.8570249841561
10.25,-4.04252897120337,0.945876769516125,0.9493136590977376,-30.12555558991353,326.7971427225918,76.59927211113659
10.26,-5.4020098498029485,1.2695396733266093,1.2560872017105205,-27.71173614117434,340.20187475726783,74.62373834724451
10.27,-6.59155561857758,1.5527447141607833,1.5245140514967053,-25.599644123527547,351.93101528760934,72.89514630383894
10.28,-7.632408166255383,1.8005491248906855,1.759387545059617,-23.751563608086602,362.1940132516582,71.38262826585907
10.29,-8.54315414547346,2.01737798427935,1.9649018519271648,-22.134493157075777,371.1741364702009,70.05917498262669
10.3,-9.340056877289278,2.207103236244431,2.144726870436269,-20.719556512441304,379.03174428642575,68.90115335979834
10.31,-10.037346767628119,2.373112831713877,2.3020737616317355,-19.48148694838614,385.90715112562253,67.88788443982355
10.32,-10.647475421674603,2.518371227749643,2.4397522914277685,-18.118176079837873,363.0437569849197,114.1987751348456
10.33,-11.181337993965277,2.6454723242809375,2.5602210049992973,-16.92527906985814,343.0382871118047,154.72080449298988
10.34,-11.648467744719618,2.7566857837458203,2.665631129374385,-15.881494186125872,325.5335009728292,190.17758018136615
10.35,-12.057206276629664,2.853997560777593,2.7578649882025865,-14.968182412860138,310.2168131012255,221.20225890869537
10.36,-12.414852492050954,2.939145365680394,2.838569614677263,-14.169034611252622,296.8147112135723,248.34885279510846
10.37,-12.727792930544584,3.013649694970345,2.9091861628426052,-13.469780284846044,285.0878720618758,272.1021224457199
10.38,-13.001615814226511,3.078840983099052,2.9709756424872795,-12.85793274924029,274.8268878041414,292.8862333900049
10.39,-13.241210837448197,3.1358833602116705,3.0250414371763696,-12.322566155585253,265.8485265786237,311.07233046625424
10.4,-13.450856482767172,3.1857954401852115,3.0723490075293234,-11.854120386137097,257.99246050629574,326.98516540797243
10.41,-12.627591672421277,4.4969253851620605,3.400235631588158,-11.44423033786996,251.1184026930088,340.9088959819759
10.42,-11.907234963368618,5.644164087016803,3.687136427639638,-11.085576545636217,245.10360210638268,353.0921602342289
10.43,-11.27692284294754,6.647997951139702,3.9381746241846836,-10.77175447743169,239.84065159308486,363.7525164549503
10.44,-10.725399737579098,7.52635258224724,4.157833046161598,-10.49716016775273,235.23556989394925,373.08032814808155
10.45,-10.242817020381711,8.294912884466335,4.350034165391398,-10.25689014678364,231.20612340720558,381.24216337957137
10.46,-9.820557142833998,8.967403148908042,4.518210144717473,-10.046653878435686,227.6803577313049,388.38376920712494
10.47,-9.45107974997975,9.555832130294537,4.665364126627789,-9.862697143631225,224.5953127648918,394.6326743062343
10.48,-9.12778703123228,10.07070748900772,4.794123860799315,-8.257985000677323,155.23839866928031,352.290465017955
10.49,-8.844905902328245,10.521223427881756,4.906788628199401,-6.853861875592657,94.55109883562028,315.24103189071064
10.5,-8.597384914537214,10.915424874396537,5.0053702996744756,-5.625254141143575,41.44971148116775,282.82277790437183
10.51,-8.380804050220062,11.26035114009697,5.091629262215166,-4.550222373500628,-5.014002453978215,254.45680566632535
10.52,-8.191295793942555,11.56216162258485,5.167105854438271,-3.60956957681305,-45.66975214723094,229.63657995803467
10.53,-8.025476069699735,11.826245794761743,5.233147872633487,-2.7864983797114182,-81.24353312882707,207.91888246328034
10.54,-7.880383810987269,12.057319445416525,5.290934638554301,-2.066311082247491,-112.37059148772369,188.9158971553703
10.55,-7.75342808461386,12.25950888973946,5.341498058735013,-1.4361471969665545,-139.60676755175822,172.288285010949
10.56,-5.818963699037128,10.126041153522026,3.5559216763931363,-0.8847537973457351,-163.43842160778843,157.73912438458038
10.57,-4.126307361657487,8.259256884331773,1.9935423418439941,-0.4022845726775182,-184.2911189068149,145.00860883650782
10.58,-2.6452330664503005,6.625820648790301,0.6264604241134948,0.019875998907171566,-202.53722904346301,133.86940773194434
10.59,-1.3492930581440128,5.196563942691513,-0.569736253900692,0.38926649904377514,-218.50257541303014,124.1226067654513
10.6,-0.21534555087601115,3.9459643248550735,-1.6164083471631057,0.7124831866633032,-232.47225348640137,115.59415591976988
10.61,0.7768585179834901,2.8516896592481893,-2.5322464287677175,0.9952977883303904,-244.6957218006012,108.13176142979864
10.62,1.645037078235554,1.8941993268421653,-3.333604750171753,1.2427605647890916,-255.39125657552606,101.60216625107381
10.63,2.4046933184561095,1.0563952859868944,-4.034793281400284,1.4592904941904552,-264.7498495035853,95.88877046968958
10.64,3.0693925286490957,0.32331675023853246,-4.648333246225249,-22.76374569258335,-320.7879969406372,46.20329816097838
10.65,3.651004337567959,-0.31812696854128414,-5.185180715447093,-43.95890235601043,-369.82137594805755,2.728509890856081
10.66,4.159914670371964,-0.8793902224736236,-5.654922251016206,-62.504664436509124,-412.72558257955035,-35.31192984550093
10.67,4.605211211575468,-1.3704955696644208,-6.06594609463918,-78.73220625694549,-450.26676338210655,-68.59731461481331
10.68,4.994845685128535,-1.8002127484563681,-6.425591957809283,-92.93130534982731,-483.11529658434324,-97.72202628796165
10.69,5.335775849487468,-2.1762152798993224,-6.740282088083124,-105.3555170560989,-511.8577631363004,-123.20614900196645
10.7,5.6340897433015344,-2.505217494911907,-7.015635952072733,-116.22670229908653,-537.0074213692628,-145.50475637672065
10.71,5.8951144003888425,-2.793094433047919,-7.256570583063642,-125.7389893867007,-559.0133723231049,-165.01603782963056
10.72,4.431444100340237,-2.257756253916929,-6.417571510180687,-134.0622405883631,-578.2685794077169,-182.08840910092675
10.73,3.150732587797708,-1.7893353471773128,-5.683447321408101,-141.3450853898177,-595.1168856067522,-197.0267339633109
10.74,2.0301100143229944,-1.3794670537801488,-5.0410886562320885,-147.71757459109048,-609.8591535309082,-210.09776821789703
10.75,1.04956526253262,-1.0208322970576302,-4.479024824203077,-153.29350264220417,-622.7586379645447,-221.5349231906599
10.76,0.19158860471604244,-0.7070268849254264,-3.987218971177693,-158.17243968692864,-634.0456868439767,-231.54243379182742
10.77,-0.5591409708734629,-0.43244714930974815,-3.5568888497804814,-162.44150960106256,-643.9218546134796,-240.29900556784898
10.78,-1.21602934951428,-0.1921898806460296,-3.1803499935579214,-166.17694577592974,-652.5635014117946,-247.96100587186785
10.79,-1.790806680824995,0.018035229434724104,-2.8508784943631813,-169.44545242893852,-660.1249423603203,-254.66525613788437
10.8,-2.2937368457218708,0.2019822007553836,-2.562590932567784,-143.4741457503212,-587.7855746902803,-199.64022424564882
10.81,-2.733800740006637,0.36293580066096065,-2.3103393159968113,-120.74925240653106,-524.4886279789953,-151.49332133994272
10.82,-3.1188566475058073,0.5037702005783405,-2.0896191514972102,-100.86497073071467,-469.1037996066209,-109.3647812974499
10.83,-3.455780566567581,0.627000300506048,-1.896489007560059,-83.46622426437533,-420.64207478079334,-72.50230876026866
10.84,-3.750588995746633,0.734826637942792,-1.7275001316150516,-68.2423211063284,-378.2380655581942,-40.247645290235084
10.85,-4.008546371278304,0.829174683199943,-1.57963486516317,-54.921405843037356,-341.13455748841994,-12.024814753955699
10.86,-4.2342590748685165,0.9117292227999502,-1.4502527570177737,-43.26560498765769,-308.6689879273675,12.670161965288763
10.87,-2.124197940509952,0.6448153199499564,-0.11699066239055189,-33.06677923920048,-280.26161456144655,34.27826659462767
10.88,-0.277894447946208,0.41126565495621187,1.0496136704082673,-24.142806709300416,-255.40516286626573,53.185358145299205
10.89,1.337621108047068,0.2069096980866854,2.070392461607234,-16.334330745637864,-233.6557676329825,69.7290632521368
10.9,2.7511972195411842,0.02809823582584975,2.9635739039063296,-9.501914277433132,-214.62504680385968,84.20480522061969
10.91,3.9880763170985363,-0.12836179365238146,3.7451076659180385,-3.5235498677539905,-197.9731660783772,96.87107944304222
10.92,5.070345527461219,-0.2652643194458338,4.428949707678283,1.7075189907152586,-183.40277044358004,107.95406938766195
10.93,6.017331086528566,-0.3850540295151046,5.027311494218498,6.284704241875851,-170.65367426313253,117.65168558920419
10.94,6.845943450712495,-0.48987002582571654,5.550878057441187,10.28974133664137,-159.49821510524097,126.13709976555367
10.95,7.570979269373433,-0.581584022597502,6.008998800261038,13.794148794561199,-149.73718834208586,133.56183716985947
10.96,8.205385610701754,-0.6618337697728143,6.4098544502284085,20.964254945241052,-126.99066492432513,130.80098227362703
10.97,8.760491159364035,-0.7320522985512126,6.760603143949858,27.23809782708592,-107.0874569337845,128.38523423942365
10.98,9.24620851444353,-0.7934935112323109,7.067508250956125,32.727710348700185,-89.67214994206142,126.2714547094957
10.99,9.671211200138089,-0.8472545723282721,7.33605021958661,37.53112130511266,-74.43375632430374,124.42189762080874
11.0,10.043088550120828,-0.894295500787238,7.571024442138285,41.734105891973584,-61.10016190876577,122.80353516820765
11.01,10.368481231355725,-0.9354563131888332,7.776626886871,45.41171740547689,-49.43326679517005,121.3874680221817
11.02,10.653199827436259,-0.971472024040229,7.9565290260121255,48.629627479792276,-39.22473357077379,120.14840926940899
11.03,10.902328599006728,-1.0029857710352004,8.11394339776061,51.44529879481824,-30.29226699942707,119.06423286073287
11.04,10.426116149130888,-0.6085187996558002,7.539092598040534,53.909011195465965,-22.476358749498687,118.11557850314126
11.05,10.009430255489526,-0.2633601996988252,7.036098148285467,56.06475954603272,-15.637439030811352,117.28550594024861
11.06,9.644830098553337,0.03865357526352797,6.595978004749784,57.95103935277862,-9.653384276959933,116.55919244771754
11.07,9.32580496123417,0.302915628355587,6.210872879156062,59.601534183681295,-4.41733636733994,115.92366814175284
11.08,9.046657966079898,0.5341449248111386,5.873905894261554,61.04571716072114,0.16420555357755262,115.36758437403374
11.09,8.80240434531991,0.7364705592097462,5.57905978247886,62.309377265631,4.173054734380359,114.88101107727952
11.1,8.588682427154922,0.913505489308528,5.3210694346690035,63.41507985742713,7.680797767582814,114.45525944261959
11.11,8.401675748760557,1.068411053144962,5.095327880335378,64.38256962524873,10.750072921634963,114.08272676229215
11.12,8.238044905165488,1.2039534215018417,4.8978040202934565,61.842873422092644,8.098188806430592,104.65676091700563
11.13,8.094867917019801,1.3225529938141114,4.724970642756775,59.620639244331066,5.7777902056267685,96.40904080237992
11.14,7.969588052392327,1.4263276195873473,4.5737414374121785,57.67618433878968,3.747441429923422,89.19228570208243
11.15,7.8599681708432865,1.517130417138929,4.441415882735656,55.974786296440975,1.970886251182994,82.87762498932211
11.16,7.764050774487876,1.596582864996563,4.3256310223937,54.48606300938585,0.4164004697851198,77.35229686565684
11.17,7.680123052676891,1.6661037568719927,4.224319269594488,53.18343013321262,-0.9437745889380201,72.51763475744973
11.18,7.60668629609228,1.7269345372629936,4.135671485895177,52.04362636656104,-2.1339277653207676,68.2873054127685
11.19,7.542429134080746,1.7801614701051194,4.05810467515828,51.04629807074091,-3.1753117946556717,64.58576723617244
